ISO-10303-21;
HEADER;
FILE_DESCRIPTION(('Creo Elements/Direct Modeling STEP Export'),'2;1');
FILE_NAME('229AP.stp','2013-04-07T23:17:43',(''),(''),
'Creo Elements/Direct Modeling STEP processor for AP214 (Solid Model)',
'Creo Elements/Direct Modeling 18.1C  24-Feb-2013 (C) Parametric Technol
ogy GmbH','');
FILE_SCHEMA(('AUTOMOTIVE_DESIGN { 1 0 10303 214 1 1 1 1 }'));
ENDSEC;
DATA;
#10=CARTESIAN_POINT('',(-3.8,0.08,0.));
#20=DIRECTION('',(0.,-1.,0.));
#30=DIRECTION('',(0.,0.,-1.));
#40=AXIS2_PLACEMENT_3D('',#10,#20,#30);
#50=PLANE('',#40);
#60=CARTESIAN_POINT('',(-3.1,0.08,3.03000000000001));
#70=DIRECTION('',(0.,-1.,0.));
#80=DIRECTION('',(-1.0449157878825E-14,0.,1.));
#90=AXIS2_PLACEMENT_3D('',#60,#70,#80);
#100=CIRCLE('',#90,0.17);
#110=CARTESIAN_POINT('',(-3.1,0.08,3.20000000000001));
#120=VERTEX_POINT('',#110);
#130=CARTESIAN_POINT('',(-3.27,0.08,3.03000000000001));
#140=VERTEX_POINT('',#130);
#150=EDGE_CURVE('',#120,#140,#100,.T.);
#160=ORIENTED_EDGE('',*,*,#150,.T.);
#170=CARTESIAN_POINT('',(-3.1,0.08,3.20000000000001));
#180=DIRECTION('',(1.,0.,0.));
#190=VECTOR('',#180,1.);
#200=LINE('',#170,#190);
#210=CARTESIAN_POINT('',(3.09999999999999,0.08,3.20000000000001));
#220=VERTEX_POINT('',#210);
#230=EDGE_CURVE('',#120,#220,#200,.T.);
#240=ORIENTED_EDGE('',*,*,#230,.F.);
#250=CARTESIAN_POINT('',(3.1,0.0800000000000001,3.03000000000001));
#260=DIRECTION('',(0.,-1.,0.));
#270=DIRECTION('',(1.,0.,2.61228946970625E-15));
#280=AXIS2_PLACEMENT_3D('',#250,#260,#270);
#290=CIRCLE('',#280,0.17);
#300=CARTESIAN_POINT('',(3.27,0.08,3.03000000000001));
#310=VERTEX_POINT('',#300);
#320=EDGE_CURVE('',#310,#220,#290,.T.);
#330=ORIENTED_EDGE('',*,*,#320,.T.);
#340=CARTESIAN_POINT('',(3.27,0.08,-3.03));
#350=DIRECTION('',(0.,0.,1.));
#360=VECTOR('',#350,1.);
#370=LINE('',#340,#360);
#380=CARTESIAN_POINT('',(3.27,0.08,-3.03));
#390=VERTEX_POINT('',#380);
#400=EDGE_CURVE('',#390,#310,#370,.T.);
#410=ORIENTED_EDGE('',*,*,#400,.T.);
#420=CARTESIAN_POINT('',(3.1,0.0800000000000001,-3.02999999999999));
#430=DIRECTION('',(0.,-1.,-0.));
#440=DIRECTION('',(-5.48580788638311E-14,0.,-1.));
#450=AXIS2_PLACEMENT_3D('',#420,#430,#440);
#460=CIRCLE('',#450,0.17);
#470=CARTESIAN_POINT('',(3.1,0.08,-3.19999999999999));
#480=VERTEX_POINT('',#470);
#490=EDGE_CURVE('',#480,#390,#460,.T.);
#500=ORIENTED_EDGE('',*,*,#490,.T.);
#510=CARTESIAN_POINT('',(3.1,0.08,-3.19999999999999));
#520=DIRECTION('',(-1.,0.,0.));
#530=VECTOR('',#520,1.);
#540=LINE('',#510,#530);
#550=CARTESIAN_POINT('',(-3.1,0.08,-3.19999999999999));
#560=VERTEX_POINT('',#550);
#570=EDGE_CURVE('',#480,#560,#540,.T.);
#580=ORIENTED_EDGE('',*,*,#570,.F.);
#590=CARTESIAN_POINT('',(-3.1,0.080000000000001,-3.02999999999999));
#600=DIRECTION('',(0.,-1.,0.));
#610=DIRECTION('',(-1.,0.,7.83686840911876E-15));
#620=AXIS2_PLACEMENT_3D('',#590,#600,#610);
#630=CIRCLE('',#620,0.17);
#640=CARTESIAN_POINT('',(-3.27,0.08,-3.02999999999999));
#650=VERTEX_POINT('',#640);
#660=EDGE_CURVE('',#650,#560,#630,.T.);
#670=ORIENTED_EDGE('',*,*,#660,.T.);
#680=CARTESIAN_POINT('',(-3.27,0.08,-1.32404682696648));
#690=DIRECTION('',(0.,0.,-1.));
#700=VECTOR('',#690,1.);
#710=LINE('',#680,#700);
#720=CARTESIAN_POINT('',(-3.27,0.08,-1.32404682696648));
#730=VERTEX_POINT('',#720);
#740=EDGE_CURVE('',#730,#650,#710,.T.);
#750=ORIENTED_EDGE('',*,*,#740,.T.);
#760=CARTESIAN_POINT('',(-4.9,0.0799999999999996,0.));
#770=DIRECTION('',(-0.,1.,0.));
#780=DIRECTION('',(0.776190476190476,0.,0.630498489031657));
#790=AXIS2_PLACEMENT_3D('',#760,#770,#780);
#800=CIRCLE('',#790,2.1);
#810=CARTESIAN_POINT('',(-3.27,0.0800000000000001,1.32404682696648));
#820=VERTEX_POINT('',#810);
#830=EDGE_CURVE('',#820,#730,#800,.T.);
#840=ORIENTED_EDGE('',*,*,#830,.T.);
#850=CARTESIAN_POINT('',(-3.27,0.08,3.03000000000001));
#860=DIRECTION('',(0.,0.,-1.));
#870=VECTOR('',#860,1.);
#880=LINE('',#850,#870);
#890=EDGE_CURVE('',#140,#820,#880,.T.);
#900=ORIENTED_EDGE('',*,*,#890,.T.);
#910=EDGE_LOOP('',(#900,#840,#750,#670,#580,#500,#410,#330,#240,#160));
#920=FACE_OUTER_BOUND('',#910,.T.);
#930=CARTESIAN_POINT('',(0.,0.0800000000000018,-1.48));
#940=DIRECTION('',(-0.,1.,0.));
#950=DIRECTION('',(0.998715162543762,0.,0.0506756756756754));
#960=AXIS2_PLACEMENT_3D('',#930,#940,#950);
#970=CIRCLE('',#960,0.15);
#980=CARTESIAN_POINT('',(0.149807274381565,0.08,-1.47239864864865));
#990=VERTEX_POINT('',#980);
#1000=CARTESIAN_POINT('',(-0.149807274381564,0.08,-1.47239864864865));
#1010=VERTEX_POINT('',#1000);
#1020=EDGE_CURVE('',#990,#1010,#970,.T.);
#1030=ORIENTED_EDGE('',*,*,#1020,.T.);
#1040=CARTESIAN_POINT('',(0.,0.0799999999999841,0.));
#1050=DIRECTION('',(0.,1.,0.));
#1060=DIRECTION('',(0.994863951789628,0.,-0.101221131338895));
#1070=AXIS2_PLACEMENT_3D('',#1040,#1050,#1060);
#1080=CIRCLE('',#1070,1.48);
#1090=CARTESIAN_POINT('',(1.47239864864865,0.08,-0.149807274381564));
#1100=VERTEX_POINT('',#1090);
#1110=EDGE_CURVE('',#1100,#990,#1080,.T.);
#1120=ORIENTED_EDGE('',*,*,#1110,.T.);
#1130=CARTESIAN_POINT('',(1.48,0.0800000000000018,0.));
#1140=DIRECTION('',(0.,1.,0.));
#1150=DIRECTION('',(-0.0506756756756754,0.,0.998715162543762));
#1160=AXIS2_PLACEMENT_3D('',#1130,#1140,#1150);
#1170=CIRCLE('',#1160,0.15);
#1180=CARTESIAN_POINT('',(1.47239864864865,0.08,0.149807274381565));
#1190=VERTEX_POINT('',#1180);
#1200=EDGE_CURVE('',#1190,#1100,#1170,.T.);
#1210=ORIENTED_EDGE('',*,*,#1200,.T.);
#1220=CARTESIAN_POINT('',(0.,0.0799999999999841,0.));
#1230=DIRECTION('',(-0.,1.,0.));
#1240=DIRECTION('',(0.101221131338895,0.,0.994863951789628));
#1250=AXIS2_PLACEMENT_3D('',#1220,#1230,#1240);
#1260=CIRCLE('',#1250,1.48);
#1270=CARTESIAN_POINT('',(0.149807274381564,0.08,1.47239864864865));
#1280=VERTEX_POINT('',#1270);
#1290=EDGE_CURVE('',#1280,#1190,#1260,.T.);
#1300=ORIENTED_EDGE('',*,*,#1290,.T.);
#1310=CARTESIAN_POINT('',(0.,0.0800000000000018,1.48));
#1320=DIRECTION('',(0.,1.,0.));
#1330=DIRECTION('',(-0.998715162543762,0.,-0.0506756756756754));
#1340=AXIS2_PLACEMENT_3D('',#1310,#1320,#1330);
#1350=CIRCLE('',#1340,0.15);
#1360=CARTESIAN_POINT('',(-0.149807274381564,0.08,1.47239864864865));
#1370=VERTEX_POINT('',#1360);
#1380=EDGE_CURVE('',#1370,#1280,#1350,.T.);
#1390=ORIENTED_EDGE('',*,*,#1380,.T.);
#1400=CARTESIAN_POINT('',(0.,0.0799999999999841,0.));
#1410=DIRECTION('',(0.,1.,0.));
#1420=DIRECTION('',(-0.994863951789628,0.,0.101221131338895));
#1430=AXIS2_PLACEMENT_3D('',#1400,#1410,#1420);
#1440=CIRCLE('',#1430,1.48);
#1450=CARTESIAN_POINT('',(-1.47239864864865,0.08,0.149807274381564));
#1460=VERTEX_POINT('',#1450);
#1470=EDGE_CURVE('',#1460,#1370,#1440,.T.);
#1480=ORIENTED_EDGE('',*,*,#1470,.T.);
#1490=CARTESIAN_POINT('',(-1.48,0.0800000000000018,0.));
#1500=DIRECTION('',(0.,1.,0.));
#1510=DIRECTION('',(0.0506756756756754,0.,-0.998715162543762));
#1520=AXIS2_PLACEMENT_3D('',#1490,#1500,#1510);
#1530=CIRCLE('',#1520,0.15);
#1540=CARTESIAN_POINT('',(-1.47239864864865,0.079999999999993,
-0.149807274381564));
#1550=VERTEX_POINT('',#1540);
#1560=EDGE_CURVE('',#1550,#1460,#1530,.T.);
#1570=ORIENTED_EDGE('',*,*,#1560,.T.);
#1580=CARTESIAN_POINT('',(0.,0.0799999999999841,0.));
#1590=DIRECTION('',(0.,1.,0.));
#1600=DIRECTION('',(-0.101221131338895,0.,-0.994863951789628));
#1610=AXIS2_PLACEMENT_3D('',#1580,#1590,#1600);
#1620=CIRCLE('',#1610,1.48);
#1630=EDGE_CURVE('',#1010,#1550,#1620,.T.);
#1640=ORIENTED_EDGE('',*,*,#1630,.T.);
#1650=EDGE_LOOP('',(#1640,#1570,#1480,#1390,#1300,#1210,#1120,#1030));
#1660=FACE_BOUND('',#1650,.T.);
#1670=CARTESIAN_POINT('',(-2.3,0.0800000000000014,2.35000000000001));
#1680=DIRECTION('',(0.,1.,0.));
#1690=DIRECTION('',(0.,0.,1.));
#1700=AXIS2_PLACEMENT_3D('',#1670,#1680,#1690);
#1710=CIRCLE('',#1700,0.6);
#1720=CARTESIAN_POINT('',(-2.3,0.0800000000000014,1.75000000000001));
#1730=VERTEX_POINT('',#1720);
#1740=CARTESIAN_POINT('',(-2.3,0.0800000000000014,2.95000000000001));
#1750=VERTEX_POINT('',#1740);
#1760=EDGE_CURVE('',#1730,#1750,#1710,.T.);
#1770=ORIENTED_EDGE('',*,*,#1760,.T.);
#1780=EDGE_CURVE('',#1750,#1730,#1710,.T.);
#1790=ORIENTED_EDGE('',*,*,#1780,.T.);
#1800=EDGE_LOOP('',(#1790,#1770));
#1810=FACE_BOUND('',#1800,.T.);
#1820=CARTESIAN_POINT('',(2.3,0.0800000000000014,0.849999999999991));
#1830=DIRECTION('',(-0.,1.,0.));
#1840=DIRECTION('',(7.40148683083438E-16,0.,1.));
#1850=AXIS2_PLACEMENT_3D('',#1820,#1830,#1840);
#1860=CIRCLE('',#1850,0.6);
#1870=CARTESIAN_POINT('',(2.3,0.0800000000000001,1.44999999999999));
#1880=VERTEX_POINT('',#1870);
#1890=CARTESIAN_POINT('',(2.3,0.0800000000000014,0.249999999999992));
#1900=VERTEX_POINT('',#1890);
#1910=EDGE_CURVE('',#1880,#1900,#1860,.T.);
#1920=ORIENTED_EDGE('',*,*,#1910,.T.);
#1930=EDGE_CURVE('',#1900,#1880,#1860,.T.);
#1940=ORIENTED_EDGE('',*,*,#1930,.T.);
#1950=EDGE_LOOP('',(#1940,#1920));
#1960=FACE_BOUND('',#1950,.T.);
#1970=CARTESIAN_POINT('',(2.3,0.0800000000000014,-1.75000000000001));
#1980=DIRECTION('',(0.,1.,0.));
#1990=DIRECTION('',(-8.88178419700125E-16,0.,1.));
#2000=AXIS2_PLACEMENT_3D('',#1970,#1980,#1990);
#2010=CIRCLE('',#2000,0.5);
#2020=CARTESIAN_POINT('',(2.3,0.0800000000000014,-2.25000000000001));
#2030=VERTEX_POINT('',#2020);
#2040=CARTESIAN_POINT('',(2.3,0.0800000000000014,-1.25000000000001));
#2050=VERTEX_POINT('',#2040);
#2060=EDGE_CURVE('',#2030,#2050,#2010,.T.);
#2070=ORIENTED_EDGE('',*,*,#2060,.T.);
#2080=EDGE_CURVE('',#2050,#2030,#2010,.T.);
#2090=ORIENTED_EDGE('',*,*,#2080,.T.);
#2100=EDGE_LOOP('',(#2090,#2070));
#2110=FACE_BOUND('',#2100,.T.);
#2120=CARTESIAN_POINT('',(-2.3,0.0800000000000014,-1.75000000000001));
#2130=DIRECTION('',(0.,1.,0.));
#2140=DIRECTION('',(-8.88178419700125E-16,0.,1.));
#2150=AXIS2_PLACEMENT_3D('',#2120,#2130,#2140);
#2160=CIRCLE('',#2150,0.5);
#2170=CARTESIAN_POINT('',(-2.3,0.0800000000000001,-1.25000000000001));
#2180=VERTEX_POINT('',#2170);
#2190=CARTESIAN_POINT('',(-2.3,0.0800000000000014,-2.25000000000001));
#2200=VERTEX_POINT('',#2190);
#2210=EDGE_CURVE('',#2180,#2200,#2160,.T.);
#2220=ORIENTED_EDGE('',*,*,#2210,.T.);
#2230=EDGE_CURVE('',#2200,#2180,#2160,.T.);
#2240=ORIENTED_EDGE('',*,*,#2230,.T.);
#2250=EDGE_LOOP('',(#2240,#2220));
#2260=FACE_BOUND('',#2250,.T.);
#2270=ADVANCED_FACE('',(#920,#1660,#1810,#1960,#2110,#2260),#50,.T.);
#2280=CARTESIAN_POINT('',(-3.27,-6.91931354976778,-0.550000000000001));
#2290=DIRECTION('',(-1.,0.,-1.6365315811102E-16));
#2300=DIRECTION('',(-1.6365315811102E-16,0.,1.));
#2310=AXIS2_PLACEMENT_3D('',#2280,#2290,#2300);
#2320=PLANE('',#2310);
#2330=CARTESIAN_POINT('',(-3.27,-8.88178419700125E-16,3.03000000000001))
;
#2340=DIRECTION('',(0.,0.,-1.));
#2350=VECTOR('',#2340,1.);
#2360=LINE('',#2330,#2350);
#2370=CARTESIAN_POINT('',(-3.27,-6.80011602582908E-16,3.03000000000001))
;
#2380=VERTEX_POINT('',#2370);
#2390=CARTESIAN_POINT('',(-3.27,-8.88178419700125E-16,1.32404682696648))
;
#2400=VERTEX_POINT('',#2390);
#2410=EDGE_CURVE('',#2380,#2400,#2360,.T.);
#2420=ORIENTED_EDGE('',*,*,#2410,.T.);
#2430=CARTESIAN_POINT('',(-3.27,-4.71844785465692E-16,3.03000000000001))
;
#2440=DIRECTION('',(0.,1.,0.));
#2450=VECTOR('',#2440,1.);
#2460=LINE('',#2430,#2450);
#2470=EDGE_CURVE('',#2380,#140,#2460,.T.);
#2480=ORIENTED_EDGE('',*,*,#2470,.F.);
#2490=ORIENTED_EDGE('',*,*,#890,.F.);
#2500=CARTESIAN_POINT('',(-3.27,0.0800000000000005,1.32404682696648));
#2510=DIRECTION('',(0.,-1.,0.));
#2520=VECTOR('',#2510,1.);
#2530=LINE('',#2500,#2520);
#2540=EDGE_CURVE('',#820,#2400,#2530,.T.);
#2550=ORIENTED_EDGE('',*,*,#2540,.F.);
#2560=EDGE_LOOP('',(#2550,#2490,#2480,#2420));
#2570=FACE_OUTER_BOUND('',#2560,.T.);
#2580=ADVANCED_FACE('',(#2570),#2320,.F.);
#2590=CARTESIAN_POINT('',(-4.9,-2.68947950354711,0.));
#2600=DIRECTION('',(0.,1.,0.));
#2610=DIRECTION('',(0.,0.,1.));
#2620=AXIS2_PLACEMENT_3D('',#2590,#2600,#2610);
#2630=CYLINDRICAL_SURFACE('',#2620,2.1);
#2640=ORIENTED_EDGE('',*,*,#2540,.T.);
#2650=ORIENTED_EDGE('',*,*,#830,.F.);
#2660=CARTESIAN_POINT('',(-3.27,-4.44089209850063E-16,-1.32404682696648)
);
#2670=DIRECTION('',(0.,1.,0.));
#2680=VECTOR('',#2670,1.);
#2690=LINE('',#2660,#2680);
#2700=CARTESIAN_POINT('',(-3.27,-8.88178419700125E-16,-1.32404682696648)
);
#2710=VERTEX_POINT('',#2700);
#2720=EDGE_CURVE('',#2710,#730,#2690,.T.);
#2730=ORIENTED_EDGE('',*,*,#2720,.T.);
#2740=CARTESIAN_POINT('',(-4.9,4.44089209850063E-16,0.));
#2750=DIRECTION('',(0.,-1.,-0.));
#2760=DIRECTION('',(0.776190476190477,0.,-0.630498489031656));
#2770=AXIS2_PLACEMENT_3D('',#2740,#2750,#2760);
#2780=CIRCLE('',#2770,2.1);
#2790=EDGE_CURVE('',#2710,#2400,#2780,.T.);
#2800=ORIENTED_EDGE('',*,*,#2790,.F.);
#2810=EDGE_LOOP('',(#2800,#2730,#2650,#2640));
#2820=FACE_OUTER_BOUND('',#2810,.T.);
#2830=ADVANCED_FACE('',(#2820),#2630,.T.);
#2840=CARTESIAN_POINT('',(-1.5,-4.56138495840951E-16,0.));
#2850=DIRECTION('',(0.,-1.,0.));
#2860=DIRECTION('',(0.,0.,-1.));
#2870=AXIS2_PLACEMENT_3D('',#2840,#2850,#2860);
#2880=PLANE('',#2870);
#2890=CARTESIAN_POINT('',(0.,0.,0.));
#2900=DIRECTION('',(-0.,-1.,0.));
#2910=DIRECTION('',(-0.568136438773208,0.,0.822934375839348));
#2920=AXIS2_PLACEMENT_3D('',#2890,#2900,#2910);
#2930=CIRCLE('',#2920,5.9);
#2940=CARTESIAN_POINT('',(-3.35200498876191,-4.56138495840951E-16,
4.85531281745215));
#2950=VERTEX_POINT('',#2940);
#2960=CARTESIAN_POINT('',(-4.2,-4.56138495840951E-16,4.14366987102013));
#2970=VERTEX_POINT('',#2960);
#2980=EDGE_CURVE('',#2950,#2970,#2930,.T.);
#2990=ORIENTED_EDGE('',*,*,#2980,.T.);
#3000=CARTESIAN_POINT('',(-3.35200498876191,-4.56138495840951E-16,0.));
#3010=DIRECTION('',(-5.78241158658935E-16,0.,1.));
#3020=VECTOR('',#3010,1.);
#3030=LINE('',#3000,#3020);
#3040=CARTESIAN_POINT('',(-3.35200498876191,-4.56138495840951E-16,
4.34999999999995));
#3050=VERTEX_POINT('',#3040);
#3060=EDGE_CURVE('',#3050,#2950,#3030,.T.);
#3070=ORIENTED_EDGE('',*,*,#3060,.T.);
#3080=CARTESIAN_POINT('',(-3.15200498876191,-4.44089209850063E-16,
4.34999999999995));
#3090=DIRECTION('',(-1.92592994438725E-34,1.,2.94648481515741E-20));
#3100=DIRECTION('',(1.,1.92592994438725E-34,0.));
#3110=AXIS2_PLACEMENT_3D('',#3080,#3090,#3100);
#3120=CIRCLE('',#3110,0.200000000000003);
#3130=CARTESIAN_POINT('',(-3.15200498876191,-4.56138495840951E-16,
4.14999999999998));
#3140=VERTEX_POINT('',#3130);
#3150=EDGE_CURVE('',#3140,#3050,#3120,.T.);
#3160=ORIENTED_EDGE('',*,*,#3150,.T.);
#3170=CARTESIAN_POINT('',(0.,-4.56138495840951E-16,4.14999999999998));
#3180=DIRECTION('',(-1.,0.,0.));
#3190=VECTOR('',#3180,1.);
#3200=LINE('',#3170,#3190);
#3210=CARTESIAN_POINT('',(-1.44902156441323,-4.56138495840951E-16,
4.14999999999998));
#3220=VERTEX_POINT('',#3210);
#3230=EDGE_CURVE('',#3220,#3140,#3200,.T.);
#3240=ORIENTED_EDGE('',*,*,#3230,.T.);
#3250=CARTESIAN_POINT('',(-1.44902156441323,-4.44089209850063E-16,
3.74266801495931));
#3260=DIRECTION('',(5.67472333619398E-54,-2.94648481515741E-20,1.));
#3270=VECTOR('',#3260,1.);
#3280=LINE('',#3250,#3270);
#3290=CARTESIAN_POINT('',(-1.44902156441323,-4.56138495840951E-16,
4.64999999999998));
#3300=VERTEX_POINT('',#3290);
#3310=EDGE_CURVE('',#3220,#3300,#3280,.T.);
#3320=ORIENTED_EDGE('',*,*,#3310,.F.);
#3330=CARTESIAN_POINT('',(0.,-4.56138495840951E-16,4.64999999999998));
#3340=DIRECTION('',(-1.,0.,5.67472333619398E-54));
#3350=VECTOR('',#3340,1.);
#3360=LINE('',#3330,#3350);
#3370=CARTESIAN_POINT('',(-1.88200498876191,-4.56138495840951E-16,
4.64999999999998));
#3380=VERTEX_POINT('',#3370);
#3390=EDGE_CURVE('',#3300,#3380,#3360,.T.);
#3400=ORIENTED_EDGE('',*,*,#3390,.F.);
#3410=CARTESIAN_POINT('',(-1.88200498876191,-4.44089209850063E-16,
4.84999999999996));
#3420=DIRECTION('',(-1.92592994438725E-34,1.,2.94648481515741E-20));
#3430=DIRECTION('',(1.,1.92592994438725E-34,0.));
#3440=AXIS2_PLACEMENT_3D('',#3410,#3420,#3430);
#3450=CIRCLE('',#3440,0.199999999999992);
#3460=CARTESIAN_POINT('',(-1.88200498876193,-4.44095102819693E-16,
5.04999999999995));
#3470=VERTEX_POINT('',#3460);
#3480=EDGE_CURVE('',#3380,#3470,#3450,.T.);
#3490=ORIENTED_EDGE('',*,*,#3480,.F.);
#3500=CARTESIAN_POINT('',(0.,-4.56138495840951E-16,5.04999999999993));
#3510=DIRECTION('',(-1.,0.,5.67472333619398E-54));
#3520=VECTOR('',#3510,1.);
#3530=LINE('',#3500,#3520);
#3540=CARTESIAN_POINT('',(-1.63200498876191,-4.56138495840951E-16,
5.04999999999993));
#3550=VERTEX_POINT('',#3540);
#3560=EDGE_CURVE('',#3550,#3470,#3530,.T.);
#3570=ORIENTED_EDGE('',*,*,#3560,.T.);
#3580=CARTESIAN_POINT('',(-1.63200498876191,-4.44089209850063E-16,
5.24999999999997));
#3590=DIRECTION('',(-1.92592994438725E-34,1.,2.94648481515741E-20));
#3600=DIRECTION('',(1.,1.92592994438725E-34,0.));
#3610=AXIS2_PLACEMENT_3D('',#3580,#3590,#3600);
#3620=CIRCLE('',#3610,0.199999999999997);
#3630=CARTESIAN_POINT('',(-1.49058363252459,-4.44085042891276E-16,
5.10857864376268));
#3640=VERTEX_POINT('',#3630);
#3650=EDGE_CURVE('',#3640,#3550,#3620,.T.);
#3660=ORIENTED_EDGE('',*,*,#3650,.T.);
#3670=CARTESIAN_POINT('',(-6.59916227628537,-4.56138495840951E-16,0.));
#3680=DIRECTION('',(-0.707106781186416,0.,-0.707106781186679));
#3690=VECTOR('',#3680,1.);
#3700=LINE('',#3670,#3690);
#3710=CARTESIAN_POINT('',(-1.39058363252457,-4.56138495840951E-16,
5.20857864376275));
#3720=VERTEX_POINT('',#3710);
#3730=EDGE_CURVE('',#3720,#3640,#3700,.T.);
#3740=ORIENTED_EDGE('',*,*,#3730,.T.);
#3750=CARTESIAN_POINT('',(-1.53200498876192,-4.44089209850063E-16,
5.35000000000001));
#3760=DIRECTION('',(-1.92592994438725E-34,1.,2.94648481515741E-20));
#3770=DIRECTION('',(1.,1.92592994438725E-34,0.));
#3780=AXIS2_PLACEMENT_3D('',#3750,#3760,#3770);
#3790=CIRCLE('',#3780,0.199999999999997);
#3800=CARTESIAN_POINT('',(-1.33200498876192,-4.44089209850063E-16,
5.35000000000007));
#3810=VERTEX_POINT('',#3800);
#3820=EDGE_CURVE('',#3810,#3720,#3790,.T.);
#3830=ORIENTED_EDGE('',*,*,#3820,.T.);
#3840=CARTESIAN_POINT('',(-1.33200498876192,-4.56138495840951E-16,0.));
#3850=DIRECTION('',(-0.,0.,-1.));
#3860=VECTOR('',#3850,1.);
#3870=LINE('',#3840,#3860);
#3880=CARTESIAN_POINT('',(-1.33200498876192,-4.56138495840951E-16,
5.60000000000004));
#3890=VERTEX_POINT('',#3880);
#3900=EDGE_CURVE('',#3890,#3810,#3870,.T.);
#3910=ORIENTED_EDGE('',*,*,#3900,.T.);
#3920=CARTESIAN_POINT('',(-1.53200498876192,-4.44089209850063E-16,
5.59999999999998));
#3930=DIRECTION('',(-1.92592994438725E-34,1.,2.94648481515741E-20));
#3940=DIRECTION('',(1.,1.92592994438725E-34,0.));
#3950=AXIS2_PLACEMENT_3D('',#3920,#3930,#3940);
#3960=CIRCLE('',#3950,0.200000000000003);
#3970=CARTESIAN_POINT('',(-1.38464401439355,-4.44093194118952E-16,
5.73522109019381));
#3980=VERTEX_POINT('',#3970);
#3990=EDGE_CURVE('',#3980,#3890,#3960,.T.);
#4000=ORIENTED_EDGE('',*,*,#3990,.T.);
#4010=CARTESIAN_POINT('',(0.,0.,0.));
#4020=DIRECTION('',(-0.,-1.,0.));
#4030=DIRECTION('',(-0.177966101694915,0.,0.9840366185501));
#4040=AXIS2_PLACEMENT_3D('',#4010,#4020,#4030);
#4050=CIRCLE('',#4040,5.9);
#4060=CARTESIAN_POINT('',(-1.05,-4.56138495840951E-16,5.80581604944559))
;
#4070=VERTEX_POINT('',#4060);
#4080=EDGE_CURVE('',#4070,#3980,#4050,.T.);
#4090=ORIENTED_EDGE('',*,*,#4080,.T.);
#4100=CARTESIAN_POINT('',(-1.05,-4.56138495840951E-16,5.2));
#4110=DIRECTION('',(0.,0.,1.));
#4120=VECTOR('',#4110,1.);
#4130=LINE('',#4100,#4120);
#4140=CARTESIAN_POINT('',(-1.05,-4.44089209850063E-16,5.2));
#4150=VERTEX_POINT('',#4140);
#4160=EDGE_CURVE('',#4150,#4070,#4130,.T.);
#4170=ORIENTED_EDGE('',*,*,#4160,.T.);
#4180=CARTESIAN_POINT('',(1.05,-4.56138495840951E-16,5.2));
#4190=DIRECTION('',(-1.,0.,0.));
#4200=VECTOR('',#4190,1.);
#4210=LINE('',#4180,#4200);
#4220=CARTESIAN_POINT('',(1.05,-4.56138495840951E-16,5.2));
#4230=VERTEX_POINT('',#4220);
#4240=EDGE_CURVE('',#4230,#4150,#4210,.T.);
#4250=ORIENTED_EDGE('',*,*,#4240,.T.);
#4260=CARTESIAN_POINT('',(1.05,-4.56138495840951E-16,5.80581604944559));
#4270=DIRECTION('',(0.,0.,-1.));
#4280=VECTOR('',#4270,1.);
#4290=LINE('',#4260,#4280);
#4300=CARTESIAN_POINT('',(1.05,0.,5.80581604944559));
#4310=VERTEX_POINT('',#4300);
#4320=EDGE_CURVE('',#4310,#4230,#4290,.T.);
#4330=ORIENTED_EDGE('',*,*,#4320,.T.);
#4340=CARTESIAN_POINT('',(0.,0.,0.));
#4350=DIRECTION('',(0.,-1.,0.));
#4360=DIRECTION('',(0.234685426168392,0.,0.972071371219295));
#4370=AXIS2_PLACEMENT_3D('',#4340,#4350,#4360);
#4380=CIRCLE('',#4370,5.9);
#4390=CARTESIAN_POINT('',(1.38464401439355,-3.09506802214885E-16,
5.7352210901938));
#4400=VERTEX_POINT('',#4390);
#4410=EDGE_CURVE('',#4400,#4310,#4380,.T.);
#4420=ORIENTED_EDGE('',*,*,#4410,.T.);
#4430=CARTESIAN_POINT('',(1.53200498876192,-4.44089209850063E-16,
5.59999999999998));
#4440=DIRECTION('',(-1.92592994438725E-34,1.,-9.95276753369398E-16));
#4450=DIRECTION('',(1.,1.92592994438725E-34,0.));
#4460=AXIS2_PLACEMENT_3D('',#4430,#4440,#4450);
#4470=CIRCLE('',#4460,0.200000000000003);
#4480=CARTESIAN_POINT('',(1.33200498876191,-4.44089209849991E-16,
5.60000000000005));
#4490=VERTEX_POINT('',#4480);
#4500=EDGE_CURVE('',#4490,#4400,#4470,.T.);
#4510=ORIENTED_EDGE('',*,*,#4500,.T.);
#4520=CARTESIAN_POINT('',(1.33200498876191,-4.56138495840951E-16,0.));
#4530=DIRECTION('',(4.12269334299985E-16,0.,1.));
#4540=VECTOR('',#4530,1.);
#4550=LINE('',#4520,#4540);
#4560=CARTESIAN_POINT('',(1.33200498876192,-4.56138495840951E-16,
5.35000000000001));
#4570=VERTEX_POINT('',#4560);
#4580=EDGE_CURVE('',#4570,#4490,#4550,.T.);
#4590=ORIENTED_EDGE('',*,*,#4580,.T.);
#4600=CARTESIAN_POINT('',(1.53200498876192,-4.44089209850063E-16,
5.35000000000001));
#4610=DIRECTION('',(-1.92592994438725E-34,1.,-9.95276753369398E-16));
#4620=DIRECTION('',(1.,1.92592994438725E-34,0.));
#4630=AXIS2_PLACEMENT_3D('',#4600,#4610,#4620);
#4640=CIRCLE('',#4630,0.199999999999997);
#4650=CARTESIAN_POINT('',(1.39058363252455,-5.84842598142964E-16,
5.20857864376277));
#4660=VERTEX_POINT('',#4650);
#4670=EDGE_CURVE('',#4660,#4570,#4640,.T.);
#4680=ORIENTED_EDGE('',*,*,#4670,.T.);
#4690=CARTESIAN_POINT('',(6.59916227628537,-4.56138495840951E-16,0.));
#4700=DIRECTION('',(-0.707106781186415,0.,0.70710678118668));
#4710=VECTOR('',#4700,1.);
#4720=LINE('',#4690,#4710);
#4730=CARTESIAN_POINT('',(1.4905836325246,-4.56138495840951E-16,
5.10857864376268));
#4740=VERTEX_POINT('',#4730);
#4750=EDGE_CURVE('',#4740,#4660,#4720,.T.);
#4760=ORIENTED_EDGE('',*,*,#4750,.T.);
#4770=CARTESIAN_POINT('',(1.63200498876192,-4.44089209850063E-16,
5.24999999999997));
#4780=DIRECTION('',(-1.92592994438725E-34,1.,-9.95276753369398E-16));
#4790=DIRECTION('',(1.,1.92592994438725E-34,0.));
#4800=AXIS2_PLACEMENT_3D('',#4770,#4780,#4790);
#4810=CIRCLE('',#4800,0.199999999999997);
#4820=CARTESIAN_POINT('',(1.63200498876206,-6.4314456052394E-16,
5.04999999999997));
#4830=VERTEX_POINT('',#4820);
#4840=EDGE_CURVE('',#4830,#4740,#4810,.T.);
#4850=ORIENTED_EDGE('',*,*,#4840,.T.);
#4860=CARTESIAN_POINT('',(0.,-4.56138495840951E-16,5.04999999999993));
#4870=DIRECTION('',(-1.,0.,4.12269334299985E-16));
#4880=VECTOR('',#4870,1.);
#4890=LINE('',#4860,#4880);
#4900=CARTESIAN_POINT('',(1.88200498876191,-2.45033859176191E-16,
5.04999999999994));
#4910=VERTEX_POINT('',#4900);
#4920=EDGE_CURVE('',#4910,#4830,#4890,.T.);
#4930=ORIENTED_EDGE('',*,*,#4920,.T.);
#4940=CARTESIAN_POINT('',(1.88200498876192,-4.44089209850063E-16,
4.84999999999995));
#4950=DIRECTION('',(-1.92592994438725E-34,1.,-9.95276753369398E-16));
#4960=DIRECTION('',(1.,1.92592994438725E-34,0.));
#4970=AXIS2_PLACEMENT_3D('',#4940,#4950,#4960);
#4980=CIRCLE('',#4970,0.199999999999992);
#4990=CARTESIAN_POINT('',(1.88200498876192,-4.56138495840951E-16,
4.64999999999998));
#5000=VERTEX_POINT('',#4990);
#5010=EDGE_CURVE('',#4910,#5000,#4980,.T.);
#5020=ORIENTED_EDGE('',*,*,#5010,.F.);
#5030=CARTESIAN_POINT('',(0.,-4.56138495840951E-16,4.64999999999998));
#5040=DIRECTION('',(-1.,0.,1.74487528782151E-15));
#5050=VECTOR('',#5040,1.);
#5060=LINE('',#5030,#5050);
#5070=CARTESIAN_POINT('',(1.44902156441323,-4.56138495840951E-16,
4.64999999999998));
#5080=VERTEX_POINT('',#5070);
#5090=EDGE_CURVE('',#5000,#5080,#5060,.T.);
#5100=ORIENTED_EDGE('',*,*,#5090,.F.);
#5110=CARTESIAN_POINT('',(1.44902156441323,5.55111512312578E-17,
5.05733198504069));
#5120=DIRECTION('',(-9.95306218217533E-16,-7.78436318872315E-16,-1.));
#5130=VECTOR('',#5120,1.);
#5140=LINE('',#5110,#5130);
#5150=CARTESIAN_POINT('',(1.44902156441322,-4.56138495840951E-16,
4.14999999999992));
#5160=VERTEX_POINT('',#5150);
#5170=EDGE_CURVE('',#5080,#5160,#5140,.T.);
#5180=ORIENTED_EDGE('',*,*,#5170,.F.);
#5190=CARTESIAN_POINT('',(0.,-4.56138495840951E-16,4.14999999999992));
#5200=DIRECTION('',(1.,0.,-5.67472333619398E-54));
#5210=VECTOR('',#5200,1.);
#5220=LINE('',#5190,#5210);
#5230=CARTESIAN_POINT('',(3.1520049887619,-4.56138495840951E-16,
4.14999999999992));
#5240=VERTEX_POINT('',#5230);
#5250=EDGE_CURVE('',#5160,#5240,#5220,.T.);
#5260=ORIENTED_EDGE('',*,*,#5250,.F.);
#5270=CARTESIAN_POINT('',(3.15200498876192,-4.44089209850063E-16,
4.3499999999999));
#5280=DIRECTION('',(-1.92592994438725E-34,1.,-9.95276753369398E-16));
#5290=DIRECTION('',(1.,1.92592994438725E-34,0.));
#5300=AXIS2_PLACEMENT_3D('',#5270,#5280,#5290);
#5310=CIRCLE('',#5300,0.200000000000017);
#5320=CARTESIAN_POINT('',(3.35200498876193,-4.44089209850003E-16,
4.34999999999996));
#5330=VERTEX_POINT('',#5320);
#5340=EDGE_CURVE('',#5330,#5240,#5310,.T.);
#5350=ORIENTED_EDGE('',*,*,#5340,.T.);
#5360=CARTESIAN_POINT('',(3.35200498876192,-4.56138495840951E-16,0.));
#5370=DIRECTION('',(1.65971824358929E-16,0.,-1.));
#5380=VECTOR('',#5370,1.);
#5390=LINE('',#5360,#5380);
#5400=CARTESIAN_POINT('',(3.35200498876192,-4.56138495840951E-16,
4.85531281745216));
#5410=VERTEX_POINT('',#5400);
#5420=EDGE_CURVE('',#5410,#5330,#5390,.T.);
#5430=ORIENTED_EDGE('',*,*,#5420,.T.);
#5440=CARTESIAN_POINT('',(0.,2.1316282072803E-14,0.));
#5450=DIRECTION('',(0.,-1.,-0.));
#5460=DIRECTION('',(0.568136438773204,0.,-0.822934375839351));
#5470=AXIS2_PLACEMENT_3D('',#5440,#5450,#5460);
#5480=CIRCLE('',#5470,5.9);
#5490=CARTESIAN_POINT('',(3.35200498876191,-4.56138495840951E-16,
-4.85531281745217));
#5500=VERTEX_POINT('',#5490);
#5510=EDGE_CURVE('',#5500,#5410,#5480,.T.);
#5520=ORIENTED_EDGE('',*,*,#5510,.T.);
#5530=CARTESIAN_POINT('',(3.35200498876191,-4.56138495840951E-16,0.));
#5540=DIRECTION('',(1.6597182435895E-16,0.,-1.));
#5550=VECTOR('',#5540,1.);
#5560=LINE('',#5530,#5550);
#5570=CARTESIAN_POINT('',(3.35200498876191,-4.56138495840951E-16,
-4.34999999999997));
#5580=VERTEX_POINT('',#5570);
#5590=EDGE_CURVE('',#5580,#5500,#5560,.T.);
#5600=ORIENTED_EDGE('',*,*,#5590,.T.);
#5610=CARTESIAN_POINT('',(3.15200498876191,-4.44089209850063E-16,
-4.35000000000003));
#5620=DIRECTION('',(-1.92592994438725E-34,1.,-9.95276753369398E-16));
#5630=DIRECTION('',(1.,1.92592994438725E-34,0.));
#5640=AXIS2_PLACEMENT_3D('',#5610,#5620,#5630);
#5650=CIRCLE('',#5640,0.200000000000003);
#5660=CARTESIAN_POINT('',(3.15200498876197,-2.4503385917618E-16,
-4.15000000000003));
#5670=VERTEX_POINT('',#5660);
#5680=EDGE_CURVE('',#5670,#5580,#5650,.T.);
#5690=ORIENTED_EDGE('',*,*,#5680,.T.);
#5700=CARTESIAN_POINT('',(0.,-4.56138495840951E-16,-4.15000000000005));
#5710=DIRECTION('',(1.,0.,-4.12269334299985E-16));
#5720=VECTOR('',#5710,1.);
#5730=LINE('',#5700,#5720);
#5740=CARTESIAN_POINT('',(1.44902156441317,-1.83363450689746E-16,
-4.14999999999999));
#5750=VERTEX_POINT('',#5740);
#5760=EDGE_CURVE('',#5750,#5670,#5730,.T.);
#5770=ORIENTED_EDGE('',*,*,#5760,.T.);
#5780=CARTESIAN_POINT('',(1.44902156441317,2.22044604925031E-16,
-3.74266801495933));
#5790=DIRECTION('',(-7.78465783720452E-16,-9.95276753369398E-16,-1.));
#5800=VECTOR('',#5790,1.);
#5810=LINE('',#5780,#5800);
#5820=CARTESIAN_POINT('',(1.44902156441316,-4.56138495840951E-16,
-4.65000000000005));
#5830=VERTEX_POINT('',#5820);
#5840=EDGE_CURVE('',#5750,#5830,#5810,.T.);
#5850=ORIENTED_EDGE('',*,*,#5840,.F.);
#5860=CARTESIAN_POINT('',(0.,-4.56138495840951E-16,-4.65000000000005));
#5870=DIRECTION('',(1.,0.,-5.67472333619398E-54));
#5880=VECTOR('',#5870,1.);
#5890=LINE('',#5860,#5880);
#5900=CARTESIAN_POINT('',(1.8820049887619,-4.56138495840951E-16,
-4.65000000000005));
#5910=VERTEX_POINT('',#5900);
#5920=EDGE_CURVE('',#5830,#5910,#5890,.T.);
#5930=ORIENTED_EDGE('',*,*,#5920,.F.);
#5940=CARTESIAN_POINT('',(1.88200498876191,-4.44089209850063E-16,
-4.85000000000003));
#5950=DIRECTION('',(-1.92592994438725E-34,1.,-9.95276753369398E-16));
#5960=DIRECTION('',(1.,1.92592994438725E-34,0.));
#5970=AXIS2_PLACEMENT_3D('',#5940,#5950,#5960);
#5980=CIRCLE('',#5970,0.199999999999992);
#5990=CARTESIAN_POINT('',(1.8820049887619,-6.43144560523934E-16,
-5.05000000000003));
#6000=VERTEX_POINT('',#5990);
#6010=EDGE_CURVE('',#5910,#6000,#5980,.T.);
#6020=ORIENTED_EDGE('',*,*,#6010,.F.);
#6030=CARTESIAN_POINT('',(0.,-4.56138495840951E-16,-5.05000000000007));
#6040=DIRECTION('',(1.,0.,-4.12269334299985E-16));
#6050=VECTOR('',#6040,1.);
#6060=LINE('',#6030,#6050);
#6070=CARTESIAN_POINT('',(1.6320049887619,-4.56138495840951E-16,
-5.05000000000007));
#6080=VERTEX_POINT('',#6070);
#6090=EDGE_CURVE('',#6080,#6000,#6060,.T.);
#6100=ORIENTED_EDGE('',*,*,#6090,.T.);
#6110=CARTESIAN_POINT('',(1.63200498876191,-4.44089209850063E-16,
-5.25000000000004));
#6120=DIRECTION('',(-1.92592994438725E-34,1.,-9.95276753369398E-16));
#6130=DIRECTION('',(1.,1.92592994438725E-34,0.));
#6140=AXIS2_PLACEMENT_3D('',#6110,#6120,#6130);
#6150=CIRCLE('',#6140,0.200000000000004);
#6160=CARTESIAN_POINT('',(1.49058363252461,-3.03335821557083E-16,
-5.10857864376272));
#6170=VERTEX_POINT('',#6160);
#6180=EDGE_CURVE('',#6170,#6080,#6150,.T.);
#6190=ORIENTED_EDGE('',*,*,#6180,.T.);
#6200=CARTESIAN_POINT('',(6.59916227628616,-4.56138495840951E-16,0.));
#6210=DIRECTION('',(0.707106781186465,0.,0.70710678118663));
#6220=VECTOR('',#6210,1.);
#6230=LINE('',#6200,#6220);
#6240=CARTESIAN_POINT('',(1.39058363252458,-4.56138495840951E-16,
-5.20857864376279));
#6250=VERTEX_POINT('',#6240);
#6260=EDGE_CURVE('',#6250,#6170,#6230,.T.);
#6270=ORIENTED_EDGE('',*,*,#6260,.T.);
#6280=CARTESIAN_POINT('',(1.53200498876191,-4.44089209850063E-16,
-5.35000000000009));
#6290=DIRECTION('',(-1.92592994438725E-34,1.,-9.95276753369398E-16));
#6300=DIRECTION('',(1.,1.92592994438725E-34,0.));
#6310=AXIS2_PLACEMENT_3D('',#6280,#6290,#6300);
#6320=CIRCLE('',#6310,0.199999999999992);
#6330=CARTESIAN_POINT('',(1.33200498876192,-4.44089209849999E-16,
-5.35000000000002));
#6340=VERTEX_POINT('',#6330);
#6350=EDGE_CURVE('',#6340,#6250,#6320,.T.);
#6360=ORIENTED_EDGE('',*,*,#6350,.T.);
#6370=CARTESIAN_POINT('',(1.33200498876191,-4.56138495840951E-16,0.));
#6380=DIRECTION('',(4.12269334299985E-16,0.,1.));
#6390=VECTOR('',#6380,1.);
#6400=LINE('',#6370,#6390);
#6410=CARTESIAN_POINT('',(1.33200498876191,-4.56138495840951E-16,
-5.60000000000001));
#6420=VERTEX_POINT('',#6410);
#6430=EDGE_CURVE('',#6420,#6340,#6400,.T.);
#6440=ORIENTED_EDGE('',*,*,#6430,.T.);
#6450=CARTESIAN_POINT('',(1.53200498876191,-4.44089209850063E-16,
-5.60000000000001));
#6460=DIRECTION('',(-1.92592994438725E-34,1.,-9.95276753369398E-16));
#6470=DIRECTION('',(1.,1.92592994438725E-34,0.));
#6480=AXIS2_PLACEMENT_3D('',#6450,#6460,#6470);
#6490=CIRCLE('',#6480,0.20000000000001);
#6500=CARTESIAN_POINT('',(1.38464401439355,-5.78671617485259E-16,
-5.73522109019385));
#6510=VERTEX_POINT('',#6500);
#6520=EDGE_CURVE('',#6510,#6420,#6490,.T.);
#6530=ORIENTED_EDGE('',*,*,#6520,.T.);
#6540=CARTESIAN_POINT('',(0.,0.,0.));
#6550=DIRECTION('',(0.,-1.,-0.));
#6560=DIRECTION('',(0.177966101694915,0.,-0.9840366185501));
#6570=AXIS2_PLACEMENT_3D('',#6540,#6550,#6560);
#6580=CIRCLE('',#6570,5.9);
#6590=CARTESIAN_POINT('',(1.05,0.,-5.80581604944559));
#6600=VERTEX_POINT('',#6590);
#6610=EDGE_CURVE('',#6600,#6510,#6580,.T.);
#6620=ORIENTED_EDGE('',*,*,#6610,.T.);
#6630=CARTESIAN_POINT('',(1.05,-4.56138495840951E-16,-5.2));
#6640=DIRECTION('',(0.,0.,-1.));
#6650=VECTOR('',#6640,1.);
#6660=LINE('',#6630,#6650);
#6670=CARTESIAN_POINT('',(1.05,-4.56138495840951E-16,-5.2));
#6680=VERTEX_POINT('',#6670);
#6690=EDGE_CURVE('',#6680,#6600,#6660,.T.);
#6700=ORIENTED_EDGE('',*,*,#6690,.T.);
#6710=CARTESIAN_POINT('',(-1.05,-4.56138495840951E-16,-5.2));
#6720=DIRECTION('',(1.,0.,0.));
#6730=VECTOR('',#6720,1.);
#6740=LINE('',#6710,#6730);
#6750=CARTESIAN_POINT('',(-1.05,0.,-5.2));
#6760=VERTEX_POINT('',#6750);
#6770=EDGE_CURVE('',#6760,#6680,#6740,.T.);
#6780=ORIENTED_EDGE('',*,*,#6770,.T.);
#6790=CARTESIAN_POINT('',(-1.05,-4.56138495840951E-16,-5.80581604944559)
);
#6800=DIRECTION('',(0.,0.,1.));
#6810=VECTOR('',#6800,1.);
#6820=LINE('',#6790,#6810);
#6830=CARTESIAN_POINT('',(-1.05,0.,-5.80581604944559));
#6840=VERTEX_POINT('',#6830);
#6850=EDGE_CURVE('',#6840,#6760,#6820,.T.);
#6860=ORIENTED_EDGE('',*,*,#6850,.T.);
#6870=CARTESIAN_POINT('',(0.,0.,0.));
#6880=DIRECTION('',(0.,-1.,-0.));
#6890=DIRECTION('',(-0.234685426168406,0.,-0.972071371219292));
#6900=AXIS2_PLACEMENT_3D('',#6870,#6880,#6890);
#6910=CIRCLE('',#6900,5.9);
#6920=CARTESIAN_POINT('',(-1.38464401439356,-4.44085225581173E-16,
-5.73522109019385));
#6930=VERTEX_POINT('',#6920);
#6940=EDGE_CURVE('',#6930,#6840,#6910,.T.);
#6950=ORIENTED_EDGE('',*,*,#6940,.T.);
#6960=CARTESIAN_POINT('',(-1.53200498876192,-4.44089209850063E-16,
-5.60000000000001));
#6970=DIRECTION('',(-1.92592994438725E-34,1.,2.94648481515741E-20));
#6980=DIRECTION('',(1.,1.92592994438725E-34,0.));
#6990=AXIS2_PLACEMENT_3D('',#6960,#6970,#6980);
#7000=CIRCLE('',#6990,0.20000000000001);
#7010=CARTESIAN_POINT('',(-1.33200498876191,-4.44089209850063E-16,
-5.59999999999994));
#7020=VERTEX_POINT('',#7010);
#7030=EDGE_CURVE('',#7020,#6930,#7000,.T.);
#7040=ORIENTED_EDGE('',*,*,#7030,.T.);
#7050=CARTESIAN_POINT('',(-1.33200498876192,-4.56138495840951E-16,0.));
#7060=DIRECTION('',(-0.,0.,-1.));
#7070=VECTOR('',#7060,1.);
#7080=LINE('',#7050,#7070);
#7090=CARTESIAN_POINT('',(-1.33200498876192,-4.56138495840951E-16,
-5.35000000000002));
#7100=VERTEX_POINT('',#7090);
#7110=EDGE_CURVE('',#7100,#7020,#7080,.T.);
#7120=ORIENTED_EDGE('',*,*,#7110,.T.);
#7130=CARTESIAN_POINT('',(-1.53200498876192,-4.44089209850063E-16,
-5.35000000000009));
#7140=DIRECTION('',(-1.92592994438725E-34,1.,2.94648481515741E-20));
#7150=DIRECTION('',(1.,1.92592994438725E-34,0.));
#7160=AXIS2_PLACEMENT_3D('',#7130,#7140,#7150);
#7170=CIRCLE('',#7160,0.199999999999996);
#7180=CARTESIAN_POINT('',(-1.39058363252464,-4.4409337680885E-16,
-5.20857864376275));
#7190=VERTEX_POINT('',#7180);
#7200=EDGE_CURVE('',#7190,#7100,#7170,.T.);
#7210=ORIENTED_EDGE('',*,*,#7200,.T.);
#7220=CARTESIAN_POINT('',(-6.59916227628675,-4.56138495840951E-16,0.));
#7230=DIRECTION('',(0.707106781186505,0.,-0.70710678118659));
#7240=VECTOR('',#7230,1.);
#7250=LINE('',#7220,#7240);
#7260=CARTESIAN_POINT('',(-1.49058363252464,-4.56138495840951E-16,
-5.10857864376272));
#7270=VERTEX_POINT('',#7260);
#7280=EDGE_CURVE('',#7270,#7190,#7250,.T.);
#7290=ORIENTED_EDGE('',*,*,#7280,.T.);
#7300=CARTESIAN_POINT('',(-1.63200498876191,-4.44089209850063E-16,
-5.25000000000004));
#7310=DIRECTION('',(-1.92592994438725E-34,1.,2.94648481515741E-20));
#7320=DIRECTION('',(1.,1.92592994438725E-34,0.));
#7330=AXIS2_PLACEMENT_3D('',#7300,#7310,#7320);
#7340=CIRCLE('',#7330,0.200000000000004);
#7350=CARTESIAN_POINT('',(-1.63200498876192,-4.44095102819693E-16,
-5.05000000000004));
#7360=VERTEX_POINT('',#7350);
#7370=EDGE_CURVE('',#7360,#7270,#7340,.T.);
#7380=ORIENTED_EDGE('',*,*,#7370,.T.);
#7390=CARTESIAN_POINT('',(0.,-4.56138495840951E-16,-5.05000000000006));
#7400=DIRECTION('',(1.,0.,-5.67472333619398E-54));
#7410=VECTOR('',#7400,1.);
#7420=LINE('',#7390,#7410);
#7430=CARTESIAN_POINT('',(-1.88200498876192,-4.56138495840951E-16,
-5.05000000000006));
#7440=VERTEX_POINT('',#7430);
#7450=EDGE_CURVE('',#7440,#7360,#7420,.T.);
#7460=ORIENTED_EDGE('',*,*,#7450,.T.);
#7470=CARTESIAN_POINT('',(-1.88200498876191,-4.44089209850063E-16,
-4.85000000000003));
#7480=DIRECTION('',(-1.92592994438725E-34,1.,2.94648481515741E-20));
#7490=DIRECTION('',(1.,1.92592994438725E-34,0.));
#7500=AXIS2_PLACEMENT_3D('',#7470,#7480,#7490);
#7510=CIRCLE('',#7500,0.199999999999992);
#7520=CARTESIAN_POINT('',(-1.88200498876191,-4.56138495840951E-16,
-4.65000000000005));
#7530=VERTEX_POINT('',#7520);
#7540=EDGE_CURVE('',#7440,#7530,#7510,.T.);
#7550=ORIENTED_EDGE('',*,*,#7540,.F.);
#7560=CARTESIAN_POINT('',(0.,-4.56138495840951E-16,-4.65000000000005));
#7570=DIRECTION('',(-1.,0.,0.));
#7580=VECTOR('',#7570,1.);
#7590=LINE('',#7560,#7580);
#7600=CARTESIAN_POINT('',(-1.44902156441323,-4.56138495840951E-16,
-4.65000000000005));
#7610=VERTEX_POINT('',#7600);
#7620=EDGE_CURVE('',#7610,#7530,#7590,.T.);
#7630=ORIENTED_EDGE('',*,*,#7620,.T.);
#7640=CARTESIAN_POINT('',(-1.44902156441323,-4.44089209850063E-16,
-5.05733198504072));
#7650=DIRECTION('',(5.67472333619398E-54,-2.94648481515741E-20,1.));
#7660=VECTOR('',#7650,1.);
#7670=LINE('',#7640,#7660);
#7680=CARTESIAN_POINT('',(-1.44902156441323,-4.56138495840951E-16,
-4.15000000000005));
#7690=VERTEX_POINT('',#7680);
#7700=EDGE_CURVE('',#7610,#7690,#7670,.T.);
#7710=ORIENTED_EDGE('',*,*,#7700,.F.);
#7720=CARTESIAN_POINT('',(0.,-4.56138495840951E-16,-4.15000000000005));
#7730=DIRECTION('',(-1.,0.,5.67472333619398E-54));
#7740=VECTOR('',#7730,1.);
#7750=LINE('',#7720,#7740);
#7760=CARTESIAN_POINT('',(-3.15200498876191,-4.56138495840951E-16,
-4.15000000000005));
#7770=VERTEX_POINT('',#7760);
#7780=EDGE_CURVE('',#7690,#7770,#7750,.T.);
#7790=ORIENTED_EDGE('',*,*,#7780,.F.);
#7800=CARTESIAN_POINT('',(-3.15200498876191,-4.44089209850063E-16,
-4.35000000000003));
#7810=DIRECTION('',(-1.92592994438725E-34,1.,2.94648481515741E-20));
#7820=DIRECTION('',(1.,1.92592994438725E-34,0.));
#7830=AXIS2_PLACEMENT_3D('',#7800,#7810,#7820);
#7840=CIRCLE('',#7830,0.200000000000003);
#7850=CARTESIAN_POINT('',(-3.35200498876192,-4.44089209850063E-16,
-4.34999999999996));
#7860=VERTEX_POINT('',#7850);
#7870=EDGE_CURVE('',#7860,#7770,#7840,.T.);
#7880=ORIENTED_EDGE('',*,*,#7870,.T.);
#7890=CARTESIAN_POINT('',(-3.35200498876192,-4.56138495840951E-16,0.));
#7900=DIRECTION('',(-0.,0.,1.));
#7910=VECTOR('',#7900,1.);
#7920=LINE('',#7890,#7910);
#7930=CARTESIAN_POINT('',(-3.35200498876192,-4.56138495840951E-16,
-4.85531281745215));
#7940=VERTEX_POINT('',#7930);
#7950=EDGE_CURVE('',#7940,#7860,#7920,.T.);
#7960=ORIENTED_EDGE('',*,*,#7950,.T.);
#7970=CARTESIAN_POINT('',(0.,0.,0.));
#7980=DIRECTION('',(0.,-1.,-0.));
#7990=DIRECTION('',(-0.711864406779661,0.,-0.702316927291548));
#8000=AXIS2_PLACEMENT_3D('',#7970,#7980,#7990);
#8010=CIRCLE('',#8000,5.9);
#8020=CARTESIAN_POINT('',(-4.2,0.,-4.14366987102013));
#8030=VERTEX_POINT('',#8020);
#8040=EDGE_CURVE('',#8030,#7940,#8010,.T.);
#8050=ORIENTED_EDGE('',*,*,#8040,.T.);
#8060=CARTESIAN_POINT('',(-4.2,-8.88178419700125E-16,-4.14366987102013))
;
#8070=DIRECTION('',(0.,0.,1.));
#8080=VECTOR('',#8070,1.);
#8090=LINE('',#8060,#8080);
#8100=CARTESIAN_POINT('',(-4.2,-4.44089209850063E-16,-0.974679434480894)
);
#8110=VERTEX_POINT('',#8100);
#8120=EDGE_CURVE('',#8030,#8110,#8090,.T.);
#8130=ORIENTED_EDGE('',*,*,#8120,.F.);
#8140=CARTESIAN_POINT('',(-4.9,0.,0.));
#8150=DIRECTION('',(-0.,1.,0.));
#8160=DIRECTION('',(0.583333333333334,0.,0.812232862067413));
#8170=AXIS2_PLACEMENT_3D('',#8140,#8150,#8160);
#8180=CIRCLE('',#8170,1.2);
#8190=CARTESIAN_POINT('',(-4.2,0.,0.974679434480895));
#8200=VERTEX_POINT('',#8190);
#8210=EDGE_CURVE('',#8200,#8110,#8180,.T.);
#8220=ORIENTED_EDGE('',*,*,#8210,.T.);
#8230=CARTESIAN_POINT('',(-4.2,-8.88178419700125E-16,0.974679434480894))
;
#8240=DIRECTION('',(0.,0.,1.));
#8250=VECTOR('',#8240,1.);
#8260=LINE('',#8230,#8250);
#8270=EDGE_CURVE('',#8200,#2970,#8260,.T.);
#8280=ORIENTED_EDGE('',*,*,#8270,.F.);
#8290=EDGE_LOOP('',(#8280,#8220,#8130,#8050,#7960,#7880,#7790,#7710,
#7630,#7550,#7460,#7380,#7290,#7210,#7120,#7040,#6950,#6860,#6780,#6700,
#6620,#6530,#6440,#6360,#6270,#6190,#6100,#6020,#5930,#5850,#5770,#5690,
#5600,#5520,#5430,#5350,#5260,#5180,#5100,#5020,#4930,#4850,#4760,#4680,
#4590,#4510,#4420,#4330,#4250,#4170,#4090,#4000,#3910,#3830,#3740,#3660,
#3570,#3490,#3400,#3320,#3240,#3160,#3070,#2990));
#8300=FACE_OUTER_BOUND('',#8290,.T.);
#8310=CARTESIAN_POINT('',(-3.1,-8.88178419700125E-16,-3.02999999999999))
;
#8320=DIRECTION('',(0.,1.,0.));
#8330=DIRECTION('',(-1.0449157878825E-14,0.,-1.));
#8340=AXIS2_PLACEMENT_3D('',#8310,#8320,#8330);
#8350=CIRCLE('',#8340,0.17);
#8360=CARTESIAN_POINT('',(-3.1,-4.56138495840951E-16,-3.19999999999999))
;
#8370=VERTEX_POINT('',#8360);
#8380=CARTESIAN_POINT('',(-3.27,-8.88178419700125E-16,-3.02999999999999)
);
#8390=VERTEX_POINT('',#8380);
#8400=EDGE_CURVE('',#8370,#8390,#8350,.T.);
#8410=ORIENTED_EDGE('',*,*,#8400,.T.);
#8420=CARTESIAN_POINT('',(3.10000000000001,-4.56138495840951E-16,
-3.19999999999999));
#8430=DIRECTION('',(-1.,0.,0.));
#8440=VECTOR('',#8430,1.);
#8450=LINE('',#8420,#8440);
#8460=CARTESIAN_POINT('',(3.1,-4.44089209850063E-16,-3.19999999999999));
#8470=VERTEX_POINT('',#8460);
#8480=EDGE_CURVE('',#8470,#8370,#8450,.T.);
#8490=ORIENTED_EDGE('',*,*,#8480,.T.);
#8500=CARTESIAN_POINT('',(3.1,-8.88178419700125E-16,-3.02999999999999));
#8510=DIRECTION('',(-0.,1.,0.));
#8520=DIRECTION('',(1.,0.,0.));
#8530=AXIS2_PLACEMENT_3D('',#8500,#8510,#8520);
#8540=CIRCLE('',#8530,0.17);
#8550=CARTESIAN_POINT('',(3.27,-8.88178419700125E-16,-3.02999999999999))
;
#8560=VERTEX_POINT('',#8550);
#8570=EDGE_CURVE('',#8560,#8470,#8540,.T.);
#8580=ORIENTED_EDGE('',*,*,#8570,.T.);
#8590=CARTESIAN_POINT('',(3.27,-8.88178419700125E-16,-3.02999999999999))
;
#8600=DIRECTION('',(-2.1984614349013E-16,0.,1.));
#8610=VECTOR('',#8600,1.);
#8620=LINE('',#8590,#8610);
#8630=CARTESIAN_POINT('',(3.27,-4.56138495840951E-16,3.03));
#8640=VERTEX_POINT('',#8630);
#8650=EDGE_CURVE('',#8560,#8640,#8620,.T.);
#8660=ORIENTED_EDGE('',*,*,#8650,.F.);
#8670=CARTESIAN_POINT('',(3.1,-8.88178419700125E-16,3.03000000000001));
#8680=DIRECTION('',(0.,1.,0.));
#8690=DIRECTION('',(-8.62055525003063E-14,0.,1.));
#8700=AXIS2_PLACEMENT_3D('',#8670,#8680,#8690);
#8710=CIRCLE('',#8700,0.17);
#8720=CARTESIAN_POINT('',(3.1,-4.44089209850063E-16,3.20000000000001));
#8730=VERTEX_POINT('',#8720);
#8740=EDGE_CURVE('',#8730,#8640,#8710,.T.);
#8750=ORIENTED_EDGE('',*,*,#8740,.T.);
#8760=CARTESIAN_POINT('',(-3.1,-4.56138495840951E-16,3.20000000000001));
#8770=DIRECTION('',(1.,0.,0.));
#8780=VECTOR('',#8770,1.);
#8790=LINE('',#8760,#8780);
#8800=CARTESIAN_POINT('',(-3.1,-4.56138495840951E-16,3.20000000000001));
#8810=VERTEX_POINT('',#8800);
#8820=EDGE_CURVE('',#8810,#8730,#8790,.T.);
#8830=ORIENTED_EDGE('',*,*,#8820,.T.);
#8840=CARTESIAN_POINT('',(-3.1,-4.71844785465692E-16,3.03000000000001));
#8850=DIRECTION('',(0.,1.,0.));
#8860=DIRECTION('',(-1.,0.,0.));
#8870=AXIS2_PLACEMENT_3D('',#8840,#8850,#8860);
#8880=CIRCLE('',#8870,0.17);
#8890=EDGE_CURVE('',#2380,#8810,#8880,.T.);
#8900=ORIENTED_EDGE('',*,*,#8890,.T.);
#8910=ORIENTED_EDGE('',*,*,#2410,.F.);
#8920=ORIENTED_EDGE('',*,*,#2790,.T.);
#8930=CARTESIAN_POINT('',(-3.27,-8.88178419700125E-16,-1.32404682696648)
);
#8940=DIRECTION('',(2.60317350364539E-16,0.,-1.));
#8950=VECTOR('',#8940,1.);
#8960=LINE('',#8930,#8950);
#8970=EDGE_CURVE('',#2710,#8390,#8960,.T.);
#8980=ORIENTED_EDGE('',*,*,#8970,.F.);
#8990=EDGE_LOOP('',(#8980,#8920,#8910,#8900,#8830,#8750,#8660,#8580,
#8490,#8410));
#9000=FACE_BOUND('',#8990,.T.);
#9010=CARTESIAN_POINT('',(4.5,-2.22044604925031E-16,0.));
#9020=DIRECTION('',(0.,1.,0.));
#9030=DIRECTION('',(0.,0.,-1.));
#9040=AXIS2_PLACEMENT_3D('',#9010,#9020,#9030);
#9050=CIRCLE('',#9040,0.55);
#9060=CARTESIAN_POINT('',(4.5,-4.44089209850063E-16,-0.55));
#9070=VERTEX_POINT('',#9060);
#9080=CARTESIAN_POINT('',(4.5,-2.22044604925031E-16,0.55));
#9090=VERTEX_POINT('',#9080);
#9100=EDGE_CURVE('',#9070,#9090,#9050,.T.);
#9110=ORIENTED_EDGE('',*,*,#9100,.T.);
#9120=EDGE_CURVE('',#9090,#9070,#9050,.T.);
#9130=ORIENTED_EDGE('',*,*,#9120,.T.);
#9140=EDGE_LOOP('',(#9130,#9110));
#9150=FACE_BOUND('',#9140,.T.);
#9160=ADVANCED_FACE('',(#8300,#9000,#9150),#2880,.T.);
#9170=CARTESIAN_POINT('',(-4.2,3.38329144615195,2.55));
#9180=DIRECTION('',(1.,0.,0.));
#9190=DIRECTION('',(0.,0.,-1.));
#9200=AXIS2_PLACEMENT_3D('',#9170,#9180,#9190);
#9210=PLANE('',#9200);
#9220=CARTESIAN_POINT('',(-4.2,1.,3.55105618091293));
#9230=DIRECTION('',(0.,0.,-1.));
#9240=VECTOR('',#9230,1.);
#9250=LINE('',#9220,#9240);
#9260=CARTESIAN_POINT('',(-4.2,1.,3.55105618091293));
#9270=VERTEX_POINT('',#9260);
#9280=CARTESIAN_POINT('',(-4.2,1.,0.974679434480895));
#9290=VERTEX_POINT('',#9280);
#9300=EDGE_CURVE('',#9270,#9290,#9250,.T.);
#9310=ORIENTED_EDGE('',*,*,#9300,.T.);
#9320=CARTESIAN_POINT('',(-4.2,1.00000000000001,3.55105618091293));
#9330=DIRECTION('',(0.,-1.,0.));
#9340=VECTOR('',#9330,1.);
#9350=LINE('',#9320,#9340);
#9360=CARTESIAN_POINT('',(-4.2,0.799999999999999,3.55105618091293));
#9370=VERTEX_POINT('',#9360);
#9380=EDGE_CURVE('',#9270,#9370,#9350,.T.);
#9390=ORIENTED_EDGE('',*,*,#9380,.F.);
#9400=CARTESIAN_POINT('',(-4.2,0.799999999999999,3.55105618091294));
#9410=DIRECTION('',(0.,0.,1.));
#9420=VECTOR('',#9410,1.);
#9430=LINE('',#9400,#9420);
#9440=CARTESIAN_POINT('',(-4.2,0.800000000000001,4.14366987102013));
#9450=VERTEX_POINT('',#9440);
#9460=EDGE_CURVE('',#9370,#9450,#9430,.T.);
#9470=ORIENTED_EDGE('',*,*,#9460,.F.);
#9480=CARTESIAN_POINT('',(-4.2,0.800000000000001,4.14366987102013));
#9490=DIRECTION('',(0.,-1.,0.));
#9500=VECTOR('',#9490,1.);
#9510=LINE('',#9480,#9500);
#9520=EDGE_CURVE('',#9450,#2970,#9510,.T.);
#9530=ORIENTED_EDGE('',*,*,#9520,.F.);
#9540=ORIENTED_EDGE('',*,*,#8270,.T.);
#9550=CARTESIAN_POINT('',(-4.2,0.,0.974679434480895));
#9560=DIRECTION('',(0.,1.,0.));
#9570=VECTOR('',#9560,1.);
#9580=LINE('',#9550,#9570);
#9590=EDGE_CURVE('',#8200,#9290,#9580,.T.);
#9600=ORIENTED_EDGE('',*,*,#9590,.F.);
#9610=EDGE_LOOP('',(#9600,#9540,#9530,#9470,#9390,#9310));
#9620=FACE_OUTER_BOUND('',#9610,.T.);
#9630=ADVANCED_FACE('',(#9620),#9210,.F.);
#9640=CARTESIAN_POINT('',(-4.9,-9.,0.));
#9650=DIRECTION('',(0.,1.,0.));
#9660=DIRECTION('',(0.,0.,1.));
#9670=AXIS2_PLACEMENT_3D('',#9640,#9650,#9660);
#9680=CYLINDRICAL_SURFACE('',#9670,1.2);
#9690=CARTESIAN_POINT('',(-4.9,1.,0.));
#9700=DIRECTION('',(0.,-1.,-0.));
#9710=DIRECTION('',(0.583333333333334,0.,-0.812232862067413));
#9720=AXIS2_PLACEMENT_3D('',#9690,#9700,#9710);
#9730=CIRCLE('',#9720,1.2);
#9740=CARTESIAN_POINT('',(-4.2,1.,-0.974679434480895));
#9750=VERTEX_POINT('',#9740);
#9760=EDGE_CURVE('',#9750,#9290,#9730,.T.);
#9770=ORIENTED_EDGE('',*,*,#9760,.F.);
#9780=ORIENTED_EDGE('',*,*,#9590,.T.);
#9790=ORIENTED_EDGE('',*,*,#8210,.F.);
#9800=CARTESIAN_POINT('',(-4.2,1.,-0.974679434480895));
#9810=DIRECTION('',(0.,-1.,0.));
#9820=VECTOR('',#9810,1.);
#9830=LINE('',#9800,#9820);
#9840=EDGE_CURVE('',#9750,#8110,#9830,.T.);
#9850=ORIENTED_EDGE('',*,*,#9840,.T.);
#9860=EDGE_LOOP('',(#9850,#9790,#9780,#9770));
#9870=FACE_OUTER_BOUND('',#9860,.T.);
#9880=ADVANCED_FACE('',(#9870),#9680,.F.);
#9890=CARTESIAN_POINT('',(-4.2,3.38329144615195,2.55));
#9900=DIRECTION('',(1.,0.,0.));
#9910=DIRECTION('',(0.,0.,-1.));
#9920=AXIS2_PLACEMENT_3D('',#9890,#9900,#9910);
#9930=PLANE('',#9920);
#9940=ORIENTED_EDGE('',*,*,#8120,.T.);
#9950=CARTESIAN_POINT('',(-4.2,0.,-4.14366987102013));
#9960=DIRECTION('',(0.,1.,0.));
#9970=VECTOR('',#9960,1.);
#9980=LINE('',#9950,#9970);
#9990=CARTESIAN_POINT('',(-4.2,0.799999999999999,-4.14366987102013));
#10000=VERTEX_POINT('',#9990);
#10010=EDGE_CURVE('',#8030,#10000,#9980,.T.);
#10020=ORIENTED_EDGE('',*,*,#10010,.F.);
#10030=CARTESIAN_POINT('',(-4.2,0.799999999999999,-4.14366987102013));
#10040=DIRECTION('',(0.,0.,1.));
#10050=VECTOR('',#10040,1.);
#10060=LINE('',#10030,#10050);
#10070=CARTESIAN_POINT('',(-4.2,0.800000000000001,-3.55105618091294));
#10080=VERTEX_POINT('',#10070);
#10090=EDGE_CURVE('',#10000,#10080,#10060,.T.);
#10100=ORIENTED_EDGE('',*,*,#10090,.F.);
#10110=CARTESIAN_POINT('',(-4.2,0.800000000000001,-3.55105618091293));
#10120=DIRECTION('',(0.,1.,0.));
#10130=VECTOR('',#10120,1.);
#10140=LINE('',#10110,#10130);
#10150=CARTESIAN_POINT('',(-4.2,1.,-3.55105618091294));
#10160=VERTEX_POINT('',#10150);
#10170=EDGE_CURVE('',#10080,#10160,#10140,.T.);
#10180=ORIENTED_EDGE('',*,*,#10170,.F.);
#10190=CARTESIAN_POINT('',(-4.2,1.,-0.974679434480894));
#10200=DIRECTION('',(0.,0.,-1.));
#10210=VECTOR('',#10200,1.);
#10220=LINE('',#10190,#10210);
#10230=EDGE_CURVE('',#9750,#10160,#10220,.T.);
#10240=ORIENTED_EDGE('',*,*,#10230,.T.);
#10250=ORIENTED_EDGE('',*,*,#9840,.F.);
#10260=EDGE_LOOP('',(#10250,#10240,#10180,#10100,#10020,#9940));
#10270=FACE_OUTER_BOUND('',#10260,.T.);
#10280=ADVANCED_FACE('',(#10270),#9930,.F.);
#10290=CARTESIAN_POINT('',(0.,19.9068722891566,0.));
#10300=DIRECTION('',(0.,1.,0.));
#10310=DIRECTION('',(0.,0.,1.));
#10320=AXIS2_PLACEMENT_3D('',#10290,#10300,#10310);
#10330=CYLINDRICAL_SURFACE('',#10320,5.9);
#10340=ORIENTED_EDGE('',*,*,#8040,.F.);
#10350=CARTESIAN_POINT('',(-3.35200498876191,19.9068722891566,
-4.85531281745216));
#10360=DIRECTION('',(0.,1.,0.));
#10370=VECTOR('',#10360,1.);
#10380=LINE('',#10350,#10370);
#10390=CARTESIAN_POINT('',(-3.35200498876191,0.245961940777125,
-4.85531281745216));
#10400=VERTEX_POINT('',#10390);
#10410=EDGE_CURVE('',#7940,#10400,#10380,.T.);
#10420=ORIENTED_EDGE('',*,*,#10410,.F.);
#10430=CARTESIAN_POINT('',(0.,0.245961940777125,0.));
#10440=DIRECTION('',(0.,1.,0.));
#10450=DIRECTION('',(0.,0.,1.));
#10460=AXIS2_PLACEMENT_3D('',#10430,#10440,#10450);
#10470=CIRCLE('',#10460,5.9);
#10480=CARTESIAN_POINT('',(-1.38464401439359,0.245961940777125,
-5.73522109019382));
#10490=VERTEX_POINT('',#10480);
#10500=EDGE_CURVE('',#10490,#10400,#10470,.T.);
#10510=ORIENTED_EDGE('',*,*,#10500,.T.);
#10520=CARTESIAN_POINT('',(-1.38464401439355,19.9068722891566,
-5.73522109019383));
#10530=DIRECTION('',(0.,1.,0.));
#10540=VECTOR('',#10530,1.);
#10550=LINE('',#10520,#10540);
#10560=EDGE_CURVE('',#6930,#10490,#10550,.T.);
#10570=ORIENTED_EDGE('',*,*,#10560,.T.);
#10580=ORIENTED_EDGE('',*,*,#6940,.F.);
#10590=CARTESIAN_POINT('',(-1.05,0.399999999999999,-5.80581604944559));
#10600=DIRECTION('',(0.,-1.,0.));
#10610=VECTOR('',#10600,1.);
#10620=LINE('',#10590,#10610);
#10630=CARTESIAN_POINT('',(-1.05,0.399999999999999,-5.80581604944559));
#10640=VERTEX_POINT('',#10630);
#10650=EDGE_CURVE('',#10640,#6840,#10620,.T.);
#10660=ORIENTED_EDGE('',*,*,#10650,.T.);
#10670=CARTESIAN_POINT('',(0.,0.399999999999999,0.));
#10680=DIRECTION('',(0.,-1.,-0.));
#10690=DIRECTION('',(-0.177966101694915,0.,-0.9840366185501));
#10700=AXIS2_PLACEMENT_3D('',#10670,#10680,#10690);
#10710=CIRCLE('',#10700,5.9);
#10720=CARTESIAN_POINT('',(-0.85000000000001,0.399999999999999,
-5.83845013680857));
#10730=VERTEX_POINT('',#10720);
#10740=EDGE_CURVE('',#10640,#10730,#10710,.T.);
#10750=ORIENTED_EDGE('',*,*,#10740,.F.);
#10760=CARTESIAN_POINT('',(-0.849999999999999,19.9068722891566,
-5.83845013680857));
#10770=DIRECTION('',(0.,1.,0.));
#10780=VECTOR('',#10770,1.);
#10790=LINE('',#10760,#10780);
#10800=CARTESIAN_POINT('',(-0.849999999999999,0.649999999999999,
-5.83845013680857));
#10810=VERTEX_POINT('',#10800);
#10820=EDGE_CURVE('',#10730,#10810,#10790,.T.);
#10830=ORIENTED_EDGE('',*,*,#10820,.F.);
#10840=CARTESIAN_POINT('',(-0.850000000000007,0.800000000000001,
-5.83845013680857));
#10850=DIRECTION('',(0.,-1.,0.));
#10860=VECTOR('',#10850,1.);
#10870=LINE('',#10840,#10860);
#10880=CARTESIAN_POINT('',(-0.850000000000008,0.799999999999999,
-5.83845013680857));
#10890=VERTEX_POINT('',#10880);
#10900=EDGE_CURVE('',#10890,#10810,#10870,.T.);
#10910=ORIENTED_EDGE('',*,*,#10900,.T.);
#10920=CARTESIAN_POINT('',(0.,0.800000000000001,0.));
#10930=DIRECTION('',(0.,1.,0.));
#10940=DIRECTION('',(-0.144067796610171,0.,-0.989567819798062));
#10950=AXIS2_PLACEMENT_3D('',#10920,#10930,#10940);
#10960=CIRCLE('',#10950,5.9);
#10970=EDGE_CURVE('',#10890,#10000,#10960,.T.);
#10980=ORIENTED_EDGE('',*,*,#10970,.F.);
#10990=ORIENTED_EDGE('',*,*,#10010,.T.);
#11000=EDGE_LOOP('',(#10990,#10980,#10910,#10830,#10750,#10660,#10580,
#10570,#10510,#10420,#10340));
#11010=FACE_OUTER_BOUND('',#11000,.T.);
#11020=ADVANCED_FACE('',(#11010),#10330,.T.);
#11030=CARTESIAN_POINT('',(0.,6.39,0.));
#11040=DIRECTION('',(0.,1.,0.));
#11050=DIRECTION('',(0.,0.,1.));
#11060=AXIS2_PLACEMENT_3D('',#11030,#11040,#11050);
#11070=CYLINDRICAL_SURFACE('',#11060,5.095);
#11080=CARTESIAN_POINT('',(-5.00083992945185,6.39,0.974999999999997));
#11090=DIRECTION('',(0.,1.,0.));
#11100=VECTOR('',#11090,1.);
#11110=LINE('',#11080,#11100);
#11120=CARTESIAN_POINT('',(-5.00083992945185,3.05,0.975));
#11130=VERTEX_POINT('',#11120);
#11140=CARTESIAN_POINT('',(-5.00083992945185,5.18,0.974999999999997));
#11150=VERTEX_POINT('',#11140);
#11160=EDGE_CURVE('',#11130,#11150,#11110,.T.);
#11170=ORIENTED_EDGE('',*,*,#11160,.T.);
#11180=CARTESIAN_POINT('',(0.,3.05,0.));
#11190=DIRECTION('',(0.,1.,0.));
#11200=DIRECTION('',(0.,0.,1.));
#11210=AXIS2_PLACEMENT_3D('',#11180,#11190,#11200);
#11220=CIRCLE('',#11210,5.095);
#11230=CARTESIAN_POINT('',(-5.00083992945185,3.05,-0.975));
#11240=VERTEX_POINT('',#11230);
#11250=EDGE_CURVE('',#11240,#11130,#11220,.T.);
#11260=ORIENTED_EDGE('',*,*,#11250,.T.);
#11270=CARTESIAN_POINT('',(-5.00083992945185,6.39,-0.974999999999999));
#11280=DIRECTION('',(0.,1.,0.));
#11290=VECTOR('',#11280,1.);
#11300=LINE('',#11270,#11290);
#11310=CARTESIAN_POINT('',(-5.00083992945185,5.18,-0.974999999999999));
#11320=VERTEX_POINT('',#11310);
#11330=EDGE_CURVE('',#11240,#11320,#11300,.T.);
#11340=ORIENTED_EDGE('',*,*,#11330,.F.);
#11350=CARTESIAN_POINT('',(0.,5.18,0.));
#11360=DIRECTION('',(0.,1.,0.));
#11370=DIRECTION('',(0.,0.,1.));
#11380=AXIS2_PLACEMENT_3D('',#11350,#11360,#11370);
#11390=CIRCLE('',#11380,5.095);
#11400=EDGE_CURVE('',#11320,#11150,#11390,.T.);
#11410=ORIENTED_EDGE('',*,*,#11400,.F.);
#11420=EDGE_LOOP('',(#11410,#11340,#11260,#11170));
#11430=FACE_OUTER_BOUND('',#11420,.T.);
#11440=CARTESIAN_POINT('',(-5.01032933049316,6.39,0.925000000000001));
#11450=DIRECTION('',(0.,1.,0.));
#11460=VECTOR('',#11450,1.);
#11470=LINE('',#11440,#11460);
#11480=CARTESIAN_POINT('',(-5.01032933049316,4.85817206778371,
0.925000000000001));
#11490=VERTEX_POINT('',#11480);
#11500=CARTESIAN_POINT('',(-5.01032933049316,5.16641156457391,
0.925000000000001));
#11510=VERTEX_POINT('',#11500);
#11520=EDGE_CURVE('',#11490,#11510,#11470,.T.);
#11530=ORIENTED_EDGE('',*,*,#11520,.F.);
#11540=CARTESIAN_POINT('',(-4.96,5.08,5.42976580892665E-20));
#11550=DIRECTION('',(0.,0.,-1.));
#11560=DIRECTION('',(-1.,0.,0.));
#11570=AXIS2_PLACEMENT_3D('',#11540,#11550,#11560);
#11580=CYLINDRICAL_SURFACE('',#11570,0.1);
#11590=CARTESIAN_POINT('',(-5.01032933049297,5.16641156457459,
0.924999999999657));
#11600=CARTESIAN_POINT('',(-5.01561136668407,5.16333510893527,
0.896389469347787));
#11610=CARTESIAN_POINT('',(-5.02063973899131,5.1597658499922,
0.867778943927309));
#11620=CARTESIAN_POINT('',(-5.02540984478778,5.15564094264915,
0.839214449297401));
#11630=CARTESIAN_POINT('',(-5.03017833580458,5.15151743167273,
0.810659624340987));
#11640=CARTESIAN_POINT('',(-5.03469543861842,5.14684752567385,
0.782108194737236));
#11650=CARTESIAN_POINT('',(-5.03894783108856,5.14137784589689,
0.753677487753736));
#11660=CARTESIAN_POINT('',(-5.04319610882003,5.13591345874122,
0.725274291149478));
#11670=CARTESIAN_POINT('',(-5.04719206377244,5.12976218185275,
0.69690121761925));
#11680=CARTESIAN_POINT('',(-5.05089188056559,5.12169731462876,
0.668966524451377));
#11690=CARTESIAN_POINT('',(-5.05273672239947,5.11767592511914,
0.655037431889805));
#11700=CARTESIAN_POINT('',(-5.05452112659286,5.11319615964768,
0.641108734034817));
#11710=CARTESIAN_POINT('',(-5.05617079290195,5.10740763748683,
0.627823154244265));
#11720=CARTESIAN_POINT('',(-5.05704035816442,5.10435641569467,
0.620820114530164));
#11730=CARTESIAN_POINT('',(-5.05790509411597,5.10086228988437,
0.613726334377467));
#11740=CARTESIAN_POINT('',(-5.0586493161399,5.09638024496549,
0.607529502425418));
#11750=CARTESIAN_POINT('',(-5.05910493104739,5.0936363239105,
0.603735783715502));
#11760=CARTESIAN_POINT('',(-5.05956921782613,5.09020699369704,
0.599824149820632));
#11770=CARTESIAN_POINT('',(-5.05982300864655,5.0859470114139,
0.597675598607367));
#11780=CARTESIAN_POINT('',(-5.05993276119764,5.08410477014441,
0.596746451617635));
#11790=CARTESIAN_POINT('',(-5.06,5.0820847455433,0.596175309787302));
#11800=CARTESIAN_POINT('',(-5.06,5.08,0.596175309787302));
#11810=B_SPLINE_CURVE_WITH_KNOTS('',3,(#11590,#11600,#11610,#11620,
#11630,#11640,#11650,#11660,#11670,#11680,#11690,#11700,#11710,#11720,
#11730,#11740,#11750,#11760,#11770,#11780,#11790,#11800),.UNSPECIFIED.,
.F.,.F.,(4,3,3,3,3,3,3,4),(0.,0.0877702212688328,0.175547529433949,
0.263362054490525,0.307265746639145,0.330539259626716,0.345076249909848,
0.35126896107103),.UNSPECIFIED.);
#11820=SURFACE_CURVE('',#11810,(#11070,#11580),.CURVE_3D.);
#11830=CARTESIAN_POINT('',(-5.06,5.08,0.596175309787301));
#11840=VERTEX_POINT('',#11830);
#11850=EDGE_CURVE('',#11510,#11840,#11820,.T.);
#11860=ORIENTED_EDGE('',*,*,#11850,.F.);
#11870=CARTESIAN_POINT('',(-5.06,6.39,0.596175309787301));
#11880=DIRECTION('',(0.,1.,0.));
#11890=VECTOR('',#11880,1.);
#11900=LINE('',#11870,#11890);
#11910=CARTESIAN_POINT('',(-5.06,4.9,0.596175309787303));
#11920=VERTEX_POINT('',#11910);
#11930=EDGE_CURVE('',#11920,#11840,#11900,.T.);
#11940=ORIENTED_EDGE('',*,*,#11930,.T.);
#11950=CARTESIAN_POINT('',(8.88178419700125E-16,0.638947368421082,
-1.20370621524202E-35));
#11960=DIRECTION('',(0.644135745782777,0.764911198117053,0.));
#11970=DIRECTION('',(-0.764911198117053,0.644135745782777,0.));
#11980=AXIS2_PLACEMENT_3D('',#11950,#11960,#11970);
#11990=ELLIPSE('',#11980,6.66090392262805,5.095);
#12000=EDGE_CURVE('',#11920,#11490,#11990,.T.);
#12010=ORIENTED_EDGE('',*,*,#12000,.F.);
#12020=EDGE_LOOP('',(#12010,#11940,#11860,#11530));
#12030=FACE_BOUND('',#12020,.T.);
#12040=CARTESIAN_POINT('',(-5.06,5.08,-0.596175309787303));
#12050=CARTESIAN_POINT('',(-5.06,5.08208474554331,-0.596175309787303));
#12060=CARTESIAN_POINT('',(-5.05993276119764,5.0841047701444,
-0.596746451617638));
#12070=CARTESIAN_POINT('',(-5.05982300864655,5.0859470114139,
-0.597675598607375));
#12080=CARTESIAN_POINT('',(-5.05956921782662,5.09020699368889,
-0.599824149816528));
#12090=CARTESIAN_POINT('',(-5.0591049310486,5.09363632390324,
-0.603735783705453));
#12100=CARTESIAN_POINT('',(-5.0586493161399,5.09638024496549,
-0.607529502425417));
#12110=CARTESIAN_POINT('',(-5.05790509411177,5.10086228990964,
-0.613726334412401));
#12120=CARTESIAN_POINT('',(-5.05704035816202,5.1043564157031,
-0.620820114549521));
#12130=CARTESIAN_POINT('',(-5.05617079290195,5.10740763748683,
-0.627823154244266));
#12140=CARTESIAN_POINT('',(-5.05452112659238,5.11319615964937,
-0.641108734038705));
#12150=CARTESIAN_POINT('',(-5.05273672239979,5.11767592511846,
-0.655037431887443));
#12160=CARTESIAN_POINT('',(-5.05089188056559,5.12169731462876,
-0.668966524451377));
#12170=CARTESIAN_POINT('',(-5.04719206377244,5.12976218185275,
-0.696901217619251));
#12180=CARTESIAN_POINT('',(-5.04319610882003,5.13591345874123,
-0.725274291149479));
#12190=CARTESIAN_POINT('',(-5.03894783108856,5.14137784589689,
-0.753677487753736));
#12200=CARTESIAN_POINT('',(-5.03469543861842,5.14684752567385,
-0.782108194737235));
#12210=CARTESIAN_POINT('',(-5.03017833580458,5.15151743167273,
-0.810659624340988));
#12220=CARTESIAN_POINT('',(-5.02540984478778,5.15564094264915,
-0.839214449297401));
#12230=CARTESIAN_POINT('',(-5.02063973899131,5.1597658499922,
-0.867778943927308));
#12240=CARTESIAN_POINT('',(-5.01561136668407,5.16333510893527,
-0.896389469347788));
#12250=CARTESIAN_POINT('',(-5.01032933049297,5.16641156457459,
-0.924999999999657));
#12260=B_SPLINE_CURVE_WITH_KNOTS('',3,(#12040,#12050,#12060,#12070,
#12080,#12090,#12100,#12110,#12120,#12130,#12140,#12150,#12160,#12170,
#12180,#12190,#12200,#12210,#12220,#12230,#12240,#12250),.UNSPECIFIED.,
.F.,.F.,(4,3,3,3,3,3,3,4),(0.,0.006192711161184,0.0207297014443158,
0.0440032144318828,0.0879069065805045,0.175721431637081,
0.263498739802197,0.351268961071026),.UNSPECIFIED.);
#12270=SURFACE_CURVE('',#12260,(#11070,#11580),.CURVE_3D.);
#12280=CARTESIAN_POINT('',(-5.06,5.08,-0.596175309787303));
#12290=VERTEX_POINT('',#12280);
#12300=CARTESIAN_POINT('',(-5.01032933049316,5.16641156457391,
-0.925000000000003));
#12310=VERTEX_POINT('',#12300);
#12320=EDGE_CURVE('',#12290,#12310,#12270,.T.);
#12330=ORIENTED_EDGE('',*,*,#12320,.F.);
#12340=CARTESIAN_POINT('',(-5.01032933049316,6.39,-0.925000000000003));
#12350=DIRECTION('',(0.,1.,0.));
#12360=VECTOR('',#12350,1.);
#12370=LINE('',#12340,#12360);
#12380=CARTESIAN_POINT('',(-5.01032933049316,4.85817206778371,
-0.925000000000003));
#12390=VERTEX_POINT('',#12380);
#12400=EDGE_CURVE('',#12390,#12310,#12370,.T.);
#12410=ORIENTED_EDGE('',*,*,#12400,.T.);
#12420=CARTESIAN_POINT('',(-5.06,4.9,-0.596175309787303));
#12430=VERTEX_POINT('',#12420);
#12440=EDGE_CURVE('',#12390,#12430,#11990,.T.);
#12450=ORIENTED_EDGE('',*,*,#12440,.F.);
#12460=CARTESIAN_POINT('',(-5.06,6.39,-0.596175309787303));
#12470=DIRECTION('',(0.,1.,0.));
#12480=VECTOR('',#12470,1.);
#12490=LINE('',#12460,#12480);
#12500=EDGE_CURVE('',#12430,#12290,#12490,.T.);
#12510=ORIENTED_EDGE('',*,*,#12500,.F.);
#12520=EDGE_LOOP('',(#12510,#12450,#12410,#12330));
#12530=FACE_BOUND('',#12520,.T.);
#12540=ADVANCED_FACE('',(#11430,#12030,#12530),#11070,.T.);
#12550=CARTESIAN_POINT('',(4.5,-1.05,0.));
#12560=DIRECTION('',(0.,-1.,0.));
#12570=DIRECTION('',(0.,0.,-1.));
#12580=AXIS2_PLACEMENT_3D('',#12550,#12560,#12570);
#12590=TOROIDAL_SURFACE('',#12580,0.35,0.2);
#12600=CARTESIAN_POINT('',(4.5,-1.05,-0.35));
#12610=DIRECTION('',(1.,0.,0.));
#12620=DIRECTION('',(0.,0.,-1.));
#12630=AXIS2_PLACEMENT_3D('',#12600,#12610,#12620);
#12640=CIRCLE('',#12630,0.2);
#12650=CARTESIAN_POINT('',(4.5,-1.25,-0.35));
#12660=VERTEX_POINT('',#12650);
#12670=CARTESIAN_POINT('',(4.5,-1.05,-0.55));
#12680=VERTEX_POINT('',#12670);
#12690=EDGE_CURVE('',#12660,#12680,#12640,.T.);
#12700=ORIENTED_EDGE('',*,*,#12690,.T.);
#12710=CARTESIAN_POINT('',(4.5,-1.25,0.));
#12720=DIRECTION('',(0.,-1.,0.));
#12730=DIRECTION('',(0.,0.,-1.));
#12740=AXIS2_PLACEMENT_3D('',#12710,#12720,#12730);
#12750=CIRCLE('',#12740,0.35);
#12760=CARTESIAN_POINT('',(4.5,-1.25,0.35));
#12770=VERTEX_POINT('',#12760);
#12780=EDGE_CURVE('',#12660,#12770,#12750,.T.);
#12790=ORIENTED_EDGE('',*,*,#12780,.F.);
#12800=CARTESIAN_POINT('',(4.5,-1.05,0.35));
#12810=DIRECTION('',(-1.,0.,0.));
#12820=DIRECTION('',(0.,0.,1.));
#12830=AXIS2_PLACEMENT_3D('',#12800,#12810,#12820);
#12840=CIRCLE('',#12830,0.2);
#12850=CARTESIAN_POINT('',(4.5,-1.05,0.55));
#12860=VERTEX_POINT('',#12850);
#12870=EDGE_CURVE('',#12770,#12860,#12840,.T.);
#12880=ORIENTED_EDGE('',*,*,#12870,.F.);
#12890=CARTESIAN_POINT('',(4.5,-1.05,0.));
#12900=DIRECTION('',(0.,-1.,0.));
#12910=DIRECTION('',(0.,0.,1.));
#12920=AXIS2_PLACEMENT_3D('',#12890,#12900,#12910);
#12930=CIRCLE('',#12920,0.55);
#12940=EDGE_CURVE('',#12680,#12860,#12930,.T.);
#12950=ORIENTED_EDGE('',*,*,#12940,.T.);
#12960=EDGE_LOOP('',(#12950,#12880,#12790,#12700));
#12970=FACE_OUTER_BOUND('',#12960,.T.);
#12980=ADVANCED_FACE('',(#12970),#12590,.T.);
#12990=CARTESIAN_POINT('',(-0.919999999999999,0.649999999999999,
1.78674337148166));
#13000=DIRECTION('',(0.,1.,0.));
#13010=DIRECTION('',(0.,0.,1.));
#13020=AXIS2_PLACEMENT_3D('',#12990,#13000,#13010);
#13030=PLANE('',#13020);
#13040=CARTESIAN_POINT('',(2.3,0.649999999999999,0.849999999999951));
#13050=DIRECTION('',(-1.92592994438725E-34,1.,2.94648481515741E-20));
#13060=DIRECTION('',(1.,1.92592994438725E-34,0.));
#13070=AXIS2_PLACEMENT_3D('',#13040,#13050,#13060);
#13080=CIRCLE('',#13070,0.278867513459499);
#13090=CARTESIAN_POINT('',(2.5788675134595,0.649999999999999,
0.849999999999951));
#13100=VERTEX_POINT('',#13090);
#13110=CARTESIAN_POINT('',(2.0211324865405,0.649999999999999,
0.849999999999951));
#13120=VERTEX_POINT('',#13110);
#13130=EDGE_CURVE('',#13100,#13120,#13080,.T.);
#13140=ORIENTED_EDGE('',*,*,#13130,.F.);
#13150=EDGE_CURVE('',#13120,#13100,#13080,.T.);
#13160=ORIENTED_EDGE('',*,*,#13150,.F.);
#13170=EDGE_LOOP('',(#13160,#13140));
#13180=FACE_OUTER_BOUND('',#13170,.T.);
#13190=ADVANCED_FACE('',(#13180),#13030,.F.);
#13200=CARTESIAN_POINT('',(0.147995011238086,0.245961940777124,-318.5));
#13210=DIRECTION('',(-1.92592994438725E-34,1.,2.94648481515741E-20));
#13220=DIRECTION('',(1.,1.92592994438725E-34,0.));
#13230=AXIS2_PLACEMENT_3D('',#13200,#13210,#13220);
#13240=PLANE('',#13230);
#13250=CARTESIAN_POINT('',(-1.53200498876192,0.245961940777124,
5.59999999999998));
#13260=DIRECTION('',(-1.92592994438725E-34,1.,2.94648481515741E-20));
#13270=DIRECTION('',(2.51021425867744E-12,-2.94648481515741E-20,1.));
#13280=AXIS2_PLACEMENT_3D('',#13250,#13260,#13270);
#13290=CIRCLE('',#13280,0.200000000000003);
#13300=CARTESIAN_POINT('',(-1.53200498876166,0.245961940777124,
5.79999999999994));
#13310=VERTEX_POINT('',#13300);
#13320=CARTESIAN_POINT('',(-1.38464401439357,0.245961940777125,
5.73522109019382));
#13330=VERTEX_POINT('',#13320);
#13340=EDGE_CURVE('',#13310,#13330,#13290,.T.);
#13350=ORIENTED_EDGE('',*,*,#13340,.T.);
#13360=CARTESIAN_POINT('',(-2.33956942346377,0.245961940777124,
5.79999999999994));
#13370=DIRECTION('',(1.,1.92592994438725E-34,0.));
#13380=VECTOR('',#13370,1.);
#13390=LINE('',#13360,#13380);
#13400=CARTESIAN_POINT('',(-2.33956942346378,0.245961940777124,
5.79999999999994));
#13410=VERTEX_POINT('',#13400);
#13420=EDGE_CURVE('',#13410,#13310,#13390,.T.);
#13430=ORIENTED_EDGE('',*,*,#13420,.T.);
#13440=CARTESIAN_POINT('',(-3.25200498876192,0.245961940777124,
5.27320508075688));
#13450=DIRECTION('',(0.866025403784444,-1.47324240757866E-20,
0.499999999999991));
#13460=VECTOR('',#13450,1.);
#13470=LINE('',#13440,#13460);
#13480=CARTESIAN_POINT('',(-3.25200498876193,0.245961940777124,
5.27320508075688));
#13490=VERTEX_POINT('',#13480);
#13500=EDGE_CURVE('',#13490,#13410,#13470,.T.);
#13510=ORIENTED_EDGE('',*,*,#13500,.T.);
#13520=CARTESIAN_POINT('',(-3.15200498876191,0.245961940777124,
5.09999999999998));
#13530=DIRECTION('',(-1.92592994438725E-34,1.,2.94648481515741E-20));
#13540=DIRECTION('',(-1.,-1.2885063494403E-32,4.30766533554534E-13));
#13550=AXIS2_PLACEMENT_3D('',#13520,#13530,#13540);
#13560=CIRCLE('',#13550,0.200000000000013);
#13570=CARTESIAN_POINT('',(-3.35200498876192,0.245961940777124,
5.10000000000001));
#13580=VERTEX_POINT('',#13570);
#13590=EDGE_CURVE('',#13580,#13490,#13560,.T.);
#13600=ORIENTED_EDGE('',*,*,#13590,.T.);
#13610=CARTESIAN_POINT('',(-3.35200498876191,0.245961940777124,
4.34999999999996));
#13620=DIRECTION('',(5.67472333619398E-54,-2.94648481515741E-20,1.));
#13630=VECTOR('',#13620,1.);
#13640=LINE('',#13610,#13630);
#13650=CARTESIAN_POINT('',(-3.35200498876193,0.245961940777124,
4.85531281745216));
#13660=VERTEX_POINT('',#13650);
#13670=EDGE_CURVE('',#13660,#13580,#13640,.T.);
#13680=ORIENTED_EDGE('',*,*,#13670,.T.);
#13690=CARTESIAN_POINT('',(0.,0.245961940777125,0.));
#13700=DIRECTION('',(0.,1.,0.));
#13710=DIRECTION('',(0.,0.,1.));
#13720=AXIS2_PLACEMENT_3D('',#13690,#13700,#13710);
#13730=CIRCLE('',#13720,5.9);
#13740=EDGE_CURVE('',#13660,#13330,#13730,.T.);
#13750=ORIENTED_EDGE('',*,*,#13740,.F.);
#13760=EDGE_LOOP('',(#13750,#13680,#13600,#13510,#13430,#13350));
#13770=FACE_OUTER_BOUND('',#13760,.T.);
#13780=ADVANCED_FACE('',(#13770),#13240,.T.);
#13790=CARTESIAN_POINT('',(0.,19.9068722891566,0.));
#13800=DIRECTION('',(0.,1.,0.));
#13810=DIRECTION('',(0.,0.,1.));
#13820=AXIS2_PLACEMENT_3D('',#13790,#13800,#13810);
#13830=CYLINDRICAL_SURFACE('',#13820,5.24);
#13840=CARTESIAN_POINT('',(0.,19.9068722891566,5.24));
#13850=DIRECTION('',(0.,1.,0.));
#13860=VECTOR('',#13850,1.);
#13870=LINE('',#13840,#13860);
#13880=CARTESIAN_POINT('',(0.,2.53142135623731,5.24));
#13890=VERTEX_POINT('',#13880);
#13900=CARTESIAN_POINT('',(0.,5.29,5.24));
#13910=VERTEX_POINT('',#13900);
#13920=EDGE_CURVE('',#13890,#13910,#13870,.T.);
#13930=ORIENTED_EDGE('',*,*,#13920,.T.);
#13940=CARTESIAN_POINT('',(0.,2.53142135623731,0.));
#13950=DIRECTION('',(0.,-1.,-0.));
#13960=DIRECTION('',(1.22464679914735E-16,0.,-1.));
#13970=AXIS2_PLACEMENT_3D('',#13940,#13950,#13960);
#13980=CIRCLE('',#13970,5.24);
#13990=CARTESIAN_POINT('',(0.,2.53142135623731,-5.24));
#14000=VERTEX_POINT('',#13990);
#14010=EDGE_CURVE('',#13890,#14000,#13980,.T.);
#14020=ORIENTED_EDGE('',*,*,#14010,.F.);
#14030=CARTESIAN_POINT('',(6.41714922753213E-16,19.9068722891566,-5.24))
;
#14040=DIRECTION('',(0.,1.,0.));
#14050=VECTOR('',#14040,1.);
#14060=LINE('',#14030,#14050);
#14070=CARTESIAN_POINT('',(6.41714922753213E-16,5.28999999999999,-5.24))
;
#14080=VERTEX_POINT('',#14070);
#14090=EDGE_CURVE('',#14000,#14080,#14060,.T.);
#14100=ORIENTED_EDGE('',*,*,#14090,.F.);
#14110=CARTESIAN_POINT('',(0.,5.28999999999999,0.));
#14120=DIRECTION('',(0.,1.,0.));
#14130=DIRECTION('',(-1.69499698416055E-16,0.,1.));
#14140=AXIS2_PLACEMENT_3D('',#14110,#14120,#14130);
#14150=CIRCLE('',#14140,5.24);
#14160=EDGE_CURVE('',#14080,#13910,#14150,.T.);
#14170=ORIENTED_EDGE('',*,*,#14160,.F.);
#14180=EDGE_LOOP('',(#14170,#14100,#14020,#13930));
#14190=FACE_OUTER_BOUND('',#14180,.T.);
#14200=CARTESIAN_POINT('',(0.,3.05,0.));
#14210=DIRECTION('',(0.,1.,0.));
#14220=DIRECTION('',(-0.982536736223174,0.,-0.186068702290076));
#14230=AXIS2_PLACEMENT_3D('',#14200,#14210,#14220);
#14240=CIRCLE('',#14230,5.24);
#14250=CARTESIAN_POINT('',(-5.14849249780943,3.05,-0.975));
#14260=VERTEX_POINT('',#14250);
#14270=CARTESIAN_POINT('',(-5.14849249780943,3.05,0.975000000000001));
#14280=VERTEX_POINT('',#14270);
#14290=EDGE_CURVE('',#14260,#14280,#14240,.T.);
#14300=ORIENTED_EDGE('',*,*,#14290,.F.);
#14310=CARTESIAN_POINT('',(-5.14849249780943,5.18,0.975000000000001));
#14320=DIRECTION('',(0.,-1.,0.));
#14330=VECTOR('',#14320,1.);
#14340=LINE('',#14310,#14330);
#14350=CARTESIAN_POINT('',(-5.14849249780943,5.18,0.975000000000001));
#14360=VERTEX_POINT('',#14350);
#14370=EDGE_CURVE('',#14360,#14280,#14340,.T.);
#14380=ORIENTED_EDGE('',*,*,#14370,.T.);
#14390=CARTESIAN_POINT('',(0.,5.18,0.));
#14400=DIRECTION('',(-0.,-1.,0.));
#14410=DIRECTION('',(-0.982536736223174,0.,0.186068702290076));
#14420=AXIS2_PLACEMENT_3D('',#14390,#14400,#14410);
#14430=CIRCLE('',#14420,5.24);
#14440=CARTESIAN_POINT('',(-5.14849249780943,5.18,-0.975));
#14450=VERTEX_POINT('',#14440);
#14460=EDGE_CURVE('',#14360,#14450,#14430,.T.);
#14470=ORIENTED_EDGE('',*,*,#14460,.F.);
#14480=CARTESIAN_POINT('',(-5.14849249780943,3.05,-0.975000000000003));
#14490=DIRECTION('',(0.,1.,0.));
#14500=VECTOR('',#14490,1.);
#14510=LINE('',#14480,#14500);
#14520=EDGE_CURVE('',#14260,#14450,#14510,.T.);
#14530=ORIENTED_EDGE('',*,*,#14520,.T.);
#14540=EDGE_LOOP('',(#14530,#14470,#14380,#14300));
#14550=FACE_BOUND('',#14540,.T.);
#14560=ADVANCED_FACE('',(#14190,#14550),#13830,.T.);
#14570=CARTESIAN_POINT('',(1.63200498876192,0.245961940777125,
5.24999999999997));
#14580=DIRECTION('',(-1.92592994438725E-34,1.,-9.95276753369398E-16));
#14590=DIRECTION('',(1.,1.92592994438725E-34,0.));
#14600=AXIS2_PLACEMENT_3D('',#14570,#14580,#14590);
#14610=CYLINDRICAL_SURFACE('',#14600,0.199999999999997);
#14620=ORIENTED_EDGE('',*,*,#4840,.F.);
#14630=CARTESIAN_POINT('',(1.49058363252459,-0.00403805922287476,
5.10857864376267));
#14640=DIRECTION('',(-1.92592994438725E-34,1.,2.94648481515741E-20));
#14650=VECTOR('',#14640,1.);
#14660=LINE('',#14630,#14650);
#14670=CARTESIAN_POINT('',(1.49058363252464,-0.00403805922287487,
5.10857864376264));
#14680=VERTEX_POINT('',#14670);
#14690=EDGE_CURVE('',#14680,#4740,#14660,.T.);
#14700=ORIENTED_EDGE('',*,*,#14690,.T.);
#14710=CARTESIAN_POINT('',(1.63200498876192,-0.00403805922287459,
5.24999999999997));
#14720=DIRECTION('',(9.11315628974091E-17,-1.,1.08640831626688E-15));
#14730=DIRECTION('',(-0.70710678118626,-8.32646433674944E-16,
-0.707106781186835));
#14740=AXIS2_PLACEMENT_3D('',#14710,#14720,#14730);
#14750=CIRCLE('',#14740,0.199999999999997);
#14760=CARTESIAN_POINT('',(1.63200498876192,-0.00403805922287492,
5.04999999999994));
#14770=VERTEX_POINT('',#14760);
#14780=EDGE_CURVE('',#14680,#14770,#14750,.T.);
#14790=ORIENTED_EDGE('',*,*,#14780,.F.);
#14800=CARTESIAN_POINT('',(1.63200498876192,0.245961940777125,
5.04999999999997));
#14810=DIRECTION('',(1.92592994438725E-34,-1.,-2.94648481515741E-20));
#14820=VECTOR('',#14810,1.);
#14830=LINE('',#14800,#14820);
#14840=EDGE_CURVE('',#4830,#14770,#14830,.T.);
#14850=ORIENTED_EDGE('',*,*,#14840,.T.);
#14860=EDGE_LOOP('',(#14850,#14790,#14700,#14620));
#14870=FACE_OUTER_BOUND('',#14860,.T.);
#14880=ADVANCED_FACE('',(#14870),#14610,.T.);
#14890=CARTESIAN_POINT('',(-7.32476040639209,0.08,-3.19999999999999));
#14900=DIRECTION('',(0.,0.,-1.));
#14910=DIRECTION('',(-1.,0.,0.));
#14920=AXIS2_PLACEMENT_3D('',#14890,#14900,#14910);
#14930=PLANE('',#14920);
#14940=CARTESIAN_POINT('',(3.1,0.0800000000000001,-3.19999999999999));
#14950=DIRECTION('',(0.,-1.,0.));
#14960=VECTOR('',#14950,1.);
#14970=LINE('',#14940,#14960);
#14980=EDGE_CURVE('',#480,#8470,#14970,.T.);
#14990=ORIENTED_EDGE('',*,*,#14980,.F.);
#15000=ORIENTED_EDGE('',*,*,#8480,.F.);
#15010=CARTESIAN_POINT('',(-3.1,-8.88178419700125E-16,-3.19999999999999)
);
#15020=DIRECTION('',(0.,1.,0.));
#15030=VECTOR('',#15020,1.);
#15040=LINE('',#15010,#15030);
#15050=EDGE_CURVE('',#8370,#560,#15040,.T.);
#15060=ORIENTED_EDGE('',*,*,#15050,.F.);
#15070=ORIENTED_EDGE('',*,*,#570,.T.);
#15080=EDGE_LOOP('',(#15070,#15060,#15000,#14990));
#15090=FACE_OUTER_BOUND('',#15080,.T.);
#15100=ADVANCED_FACE('',(#15090),#14930,.F.);
#15110=CARTESIAN_POINT('',(1.88200498876192,0.245961940777125,
5.04999999999993));
#15120=DIRECTION('',(4.12269334299985E-16,9.95276753369398E-16,1.));
#15130=DIRECTION('',(1.,2.04740447771424E-34,-4.12269334299985E-16));
#15140=AXIS2_PLACEMENT_3D('',#15110,#15120,#15130);
#15150=PLANE('',#15140);
#15160=ORIENTED_EDGE('',*,*,#14840,.F.);
#15170=CARTESIAN_POINT('',(1.88200498876192,-0.00403805922287481,
5.04999999999993));
#15180=DIRECTION('',(-1.,-1.92592994438725E-34,0.));
#15190=VECTOR('',#15180,1.);
#15200=LINE('',#15170,#15190);
#15210=CARTESIAN_POINT('',(1.88200498876192,-0.00403805922287492,
5.04999999999993));
#15220=VERTEX_POINT('',#15210);
#15230=EDGE_CURVE('',#15220,#14770,#15200,.T.);
#15240=ORIENTED_EDGE('',*,*,#15230,.T.);
#15250=CARTESIAN_POINT('',(1.88200498876192,-0.00403805922287487,
5.04999999999995));
#15260=DIRECTION('',(-1.92592994438725E-34,1.,-3.55268421395235E-15));
#15270=VECTOR('',#15260,1.);
#15280=LINE('',#15250,#15270);
#15290=EDGE_CURVE('',#15220,#4910,#15280,.T.);
#15300=ORIENTED_EDGE('',*,*,#15290,.F.);
#15310=ORIENTED_EDGE('',*,*,#4920,.F.);
#15320=EDGE_LOOP('',(#15310,#15300,#15240,#15160));
#15330=FACE_OUTER_BOUND('',#15320,.T.);
#15340=ADVANCED_FACE('',(#15330),#15150,.F.);
#15350=CARTESIAN_POINT('',(0.849999999999991,0.65,-6.16715728752537));
#15360=DIRECTION('',(-1.,0.,-3.6940607015427E-16));
#15370=DIRECTION('',(-3.6940607015427E-16,0.,1.));
#15380=AXIS2_PLACEMENT_3D('',#15350,#15360,#15370);
#15390=PLANE('',#15380);
#15400=CARTESIAN_POINT('',(0.849999999999992,0.799999999999999,
-5.83845013680857));
#15410=DIRECTION('',(0.,0.,1.));
#15420=VECTOR('',#15410,1.);
#15430=LINE('',#15400,#15420);
#15440=CARTESIAN_POINT('',(0.849999999999992,0.799999999999999,
-5.83845013680857));
#15450=VERTEX_POINT('',#15440);
#15460=CARTESIAN_POINT('',(0.849999999999992,0.799999999999999,
-5.43392123608725));
#15470=VERTEX_POINT('',#15460);
#15480=EDGE_CURVE('',#15450,#15470,#15430,.T.);
#15490=ORIENTED_EDGE('',*,*,#15480,.F.);
#15500=CARTESIAN_POINT('',(0.849999999999991,0.799999999999987,
-5.43392123608725));
#15510=DIRECTION('',(0.,-1.,0.));
#15520=VECTOR('',#15510,1.);
#15530=LINE('',#15500,#15520);
#15540=CARTESIAN_POINT('',(0.850000000000001,0.649999999999999,
-5.43392123608725));
#15550=VERTEX_POINT('',#15540);
#15560=EDGE_CURVE('',#15470,#15550,#15530,.T.);
#15570=ORIENTED_EDGE('',*,*,#15560,.F.);
#15580=CARTESIAN_POINT('',(0.849999999999989,0.649999999999999,0.));
#15590=DIRECTION('',(3.6940607015427E-16,2.94648481515926E-20,-1.));
#15600=VECTOR('',#15590,1.);
#15610=LINE('',#15580,#15600);
#15620=CARTESIAN_POINT('',(0.850000000000001,0.649999999999999,
-5.83845013680857));
#15630=VERTEX_POINT('',#15620);
#15640=EDGE_CURVE('',#15550,#15630,#15610,.T.);
#15650=ORIENTED_EDGE('',*,*,#15640,.F.);
#15660=CARTESIAN_POINT('',(0.84999999999999,0.399999999999999,
-5.83845013680857));
#15670=DIRECTION('',(0.,1.,0.));
#15680=VECTOR('',#15670,1.);
#15690=LINE('',#15660,#15680);
#15700=EDGE_CURVE('',#15630,#15450,#15690,.T.);
#15710=ORIENTED_EDGE('',*,*,#15700,.F.);
#15720=EDGE_LOOP('',(#15710,#15650,#15570,#15490));
#15730=FACE_OUTER_BOUND('',#15720,.T.);
#15740=ADVANCED_FACE('',(#15730),#15390,.T.);
#15750=CARTESIAN_POINT('',(2.16840434497101E-16,0.399999999999999,-318.5
));
#15760=DIRECTION('',(-1.92592994438725E-34,1.,2.94648481515741E-20));
#15770=DIRECTION('',(1.,1.92592994438725E-34,0.));
#15780=AXIS2_PLACEMENT_3D('',#15750,#15760,#15770);
#15790=PLANE('',#15780);
#15800=CARTESIAN_POINT('',(-2.3,0.399999999999999,-1.75000000000001));
#15810=DIRECTION('',(0.,-1.,0.));
#15820=DIRECTION('',(0.,0.,-1.));
#15830=AXIS2_PLACEMENT_3D('',#15800,#15810,#15820);
#15840=CIRCLE('',#15830,0.5);
#15850=CARTESIAN_POINT('',(-2.3,0.4,-2.25000000000001));
#15860=VERTEX_POINT('',#15850);
#15870=CARTESIAN_POINT('',(-2.3,0.399999999999999,-1.25000000000001));
#15880=VERTEX_POINT('',#15870);
#15890=EDGE_CURVE('',#15860,#15880,#15840,.T.);
#15900=ORIENTED_EDGE('',*,*,#15890,.T.);
#15910=EDGE_CURVE('',#15880,#15860,#15840,.T.);
#15920=ORIENTED_EDGE('',*,*,#15910,.T.);
#15930=EDGE_LOOP('',(#15920,#15900));
#15940=FACE_OUTER_BOUND('',#15930,.T.);
#15950=ADVANCED_FACE('',(#15940),#15790,.F.);
#15960=CARTESIAN_POINT('',(3.1,-2.08832861614873,-3.02999999999999));
#15970=DIRECTION('',(0.,1.,0.));
#15980=DIRECTION('',(0.,0.,1.));
#15990=AXIS2_PLACEMENT_3D('',#15960,#15970,#15980);
#16000=CYLINDRICAL_SURFACE('',#15990,0.17);
#16010=ORIENTED_EDGE('',*,*,#14980,.T.);
#16020=ORIENTED_EDGE('',*,*,#490,.F.);
#16030=CARTESIAN_POINT('',(3.27,-8.88178419700125E-16,-3.02999999999999)
);
#16040=DIRECTION('',(0.,1.,0.));
#16050=VECTOR('',#16040,1.);
#16060=LINE('',#16030,#16050);
#16070=EDGE_CURVE('',#8560,#390,#16060,.T.);
#16080=ORIENTED_EDGE('',*,*,#16070,.T.);
#16090=ORIENTED_EDGE('',*,*,#8570,.F.);
#16100=EDGE_LOOP('',(#16090,#16080,#16020,#16010));
#16110=FACE_OUTER_BOUND('',#16100,.T.);
#16120=ADVANCED_FACE('',(#16110),#16000,.F.);
#16130=CARTESIAN_POINT('',(1.50203416229077,0.345961940777124,
5.05733198504069));
#16140=DIRECTION('',(-9.95306218217533E-16,-7.78436318872315E-16,-1.));
#16150=DIRECTION('',(-1.,7.74589915665543E-31,9.95306218217533E-16));
#16160=AXIS2_PLACEMENT_3D('',#16130,#16140,#16150);
#16170=CYLINDRICAL_SURFACE('',#16160,0.35);
#16180=CARTESIAN_POINT('',(1.50203416229077,0.345961940777124,
4.64999999999998));
#16190=DIRECTION('',(1.08420217248532E-16,-1.08449682096684E-16,1.));
#16200=DIRECTION('',(-0.707106781186549,-0.707106781186546,
-2.08347939346099E-20));
#16210=AXIS2_PLACEMENT_3D('',#16180,#16190,#16200);
#16220=CIRCLE('',#16210,0.35);
#16230=CARTESIAN_POINT('',(1.50203416229077,-0.00403805922287531,
4.64999999999998));
#16240=VERTEX_POINT('',#16230);
#16250=EDGE_CURVE('',#5080,#16240,#16220,.T.);
#16260=ORIENTED_EDGE('',*,*,#16250,.F.);
#16270=CARTESIAN_POINT('',(1.50203416229077,-0.00403805922287681,
4.14999999999991));
#16280=DIRECTION('',(8.88178419700013E-16,7.7712665238936E-16,1.));
#16290=VECTOR('',#16280,1.);
#16300=LINE('',#16270,#16290);
#16310=CARTESIAN_POINT('',(1.50203416229077,-0.00403805922287587,
4.14999999999991));
#16320=VERTEX_POINT('',#16310);
#16330=EDGE_CURVE('',#16320,#16240,#16300,.T.);
#16340=ORIENTED_EDGE('',*,*,#16330,.T.);
#16350=CARTESIAN_POINT('',(1.50203416229077,0.345961940777123,
4.14999999999991));
#16360=DIRECTION('',(-9.95306218217534E-16,2.94648481509427E-20,-1.));
#16370=DIRECTION('',(6.34413156928661E-16,-1.,-2.94648481515741E-20));
#16380=AXIS2_PLACEMENT_3D('',#16350,#16360,#16370);
#16390=CIRCLE('',#16380,0.35);
#16400=EDGE_CURVE('',#16320,#5160,#16390,.T.);
#16410=ORIENTED_EDGE('',*,*,#16400,.F.);
#16420=ORIENTED_EDGE('',*,*,#5170,.T.);
#16430=EDGE_LOOP('',(#16420,#16410,#16340,#16260));
#16440=FACE_OUTER_BOUND('',#16430,.T.);
#16450=ADVANCED_FACE('',(#16440),#16170,.T.);
#16460=CARTESIAN_POINT('',(3.35200498876192,0.245961940777124,
4.3499999999999));
#16470=DIRECTION('',(-1.,-1.87702659836909E-34,-1.65971824358929E-16));
#16480=DIRECTION('',(-1.65971824358929E-16,9.95276753369398E-16,1.));
#16490=AXIS2_PLACEMENT_3D('',#16460,#16470,#16480);
#16500=PLANE('',#16490);
#16510=CARTESIAN_POINT('',(3.35200498876192,0.245961940777125,
5.09999999999984));
#16520=DIRECTION('',(1.92433384403274E-49,-9.99171257314338E-16,-1.));
#16530=VECTOR('',#16520,1.);
#16540=LINE('',#16510,#16530);
#16550=CARTESIAN_POINT('',(3.35200498876191,0.245961940777125,
5.0999999999999));
#16560=VERTEX_POINT('',#16550);
#16570=CARTESIAN_POINT('',(3.35200498876191,0.245961940777118,
4.85531281745216));
#16580=VERTEX_POINT('',#16570);
#16590=EDGE_CURVE('',#16560,#16580,#16540,.T.);
#16600=ORIENTED_EDGE('',*,*,#16590,.F.);
#16610=CARTESIAN_POINT('',(3.35200498876192,19.9068722891566,
4.85531281745216));
#16620=DIRECTION('',(0.,1.,0.));
#16630=VECTOR('',#16620,1.);
#16640=LINE('',#16610,#16630);
#16650=EDGE_CURVE('',#5410,#16580,#16640,.T.);
#16660=ORIENTED_EDGE('',*,*,#16650,.T.);
#16670=ORIENTED_EDGE('',*,*,#5420,.F.);
#16680=CARTESIAN_POINT('',(3.35200498876193,0.245961940777125,
4.3499999999999));
#16690=DIRECTION('',(1.92592994438725E-34,-1.,-2.94648481515741E-20));
#16700=VECTOR('',#16690,1.);
#16710=LINE('',#16680,#16700);
#16720=CARTESIAN_POINT('',(3.35200498876193,-0.00403805922287559,
4.3499999999999));
#16730=VERTEX_POINT('',#16720);
#16740=EDGE_CURVE('',#5330,#16730,#16710,.T.);
#16750=ORIENTED_EDGE('',*,*,#16740,.F.);
#16760=CARTESIAN_POINT('',(3.35200498876192,-0.00403805922287503,
5.09999999999993));
#16770=DIRECTION('',(1.8530601184305E-49,-9.62163823160281E-16,-1.));
#16780=VECTOR('',#16770,1.);
#16790=LINE('',#16760,#16780);
#16800=CARTESIAN_POINT('',(3.35200498876192,-0.00403805922287487,
5.09999999999983));
#16810=VERTEX_POINT('',#16800);
#16820=EDGE_CURVE('',#16810,#16730,#16790,.T.);
#16830=ORIENTED_EDGE('',*,*,#16820,.T.);
#16840=CARTESIAN_POINT('',(3.35200498876191,-0.00403805922287448,
5.09999999999993));
#16850=DIRECTION('',(-1.92592994438725E-34,1.,2.94648481515741E-20));
#16860=VECTOR('',#16850,1.);
#16870=LINE('',#16840,#16860);
#16880=EDGE_CURVE('',#16810,#16560,#16870,.T.);
#16890=ORIENTED_EDGE('',*,*,#16880,.F.);
#16900=EDGE_LOOP('',(#16890,#16830,#16750,#16670,#16660,#16600));
#16910=FACE_OUTER_BOUND('',#16900,.T.);
#16920=ADVANCED_FACE('',(#16910),#16500,.F.);
#16930=CARTESIAN_POINT('',(0.,6.19,0.));
#16940=DIRECTION('',(0.,1.,0.));
#16950=DIRECTION('',(0.,0.,1.));
#16960=AXIS2_PLACEMENT_3D('',#16930,#16940,#16950);
#16970=TOROIDAL_SURFACE('',#16960,5.095,0.2);
#16980=CARTESIAN_POINT('',(0.,6.19,-5.095));
#16990=DIRECTION('',(-1.,0.,0.));
#17000=DIRECTION('',(0.,0.,-1.));
#17010=AXIS2_PLACEMENT_3D('',#16980,#16990,#17000);
#17020=CIRCLE('',#17010,0.2);
#17030=CARTESIAN_POINT('',(0.,6.39,-5.095));
#17040=VERTEX_POINT('',#17030);
#17050=CARTESIAN_POINT('',(0.,6.19,-5.295));
#17060=VERTEX_POINT('',#17050);
#17070=EDGE_CURVE('',#17040,#17060,#17020,.T.);
#17080=ORIENTED_EDGE('',*,*,#17070,.F.);
#17090=CARTESIAN_POINT('',(0.,6.19,0.));
#17100=DIRECTION('',(0.,1.,0.));
#17110=DIRECTION('',(0.,0.,1.));
#17120=AXIS2_PLACEMENT_3D('',#17090,#17100,#17110);
#17130=CIRCLE('',#17120,5.295);
#17140=CARTESIAN_POINT('',(0.,6.19,5.295));
#17150=VERTEX_POINT('',#17140);
#17160=EDGE_CURVE('',#17150,#17060,#17130,.T.);
#17170=ORIENTED_EDGE('',*,*,#17160,.T.);
#17180=CARTESIAN_POINT('',(0.,6.19,5.095));
#17190=DIRECTION('',(1.,0.,0.));
#17200=DIRECTION('',(0.,0.,1.));
#17210=AXIS2_PLACEMENT_3D('',#17180,#17190,#17200);
#17220=CIRCLE('',#17210,0.2);
#17230=CARTESIAN_POINT('',(0.,6.39,5.095));
#17240=VERTEX_POINT('',#17230);
#17250=EDGE_CURVE('',#17240,#17150,#17220,.T.);
#17260=ORIENTED_EDGE('',*,*,#17250,.T.);
#17270=CARTESIAN_POINT('',(0.,6.39,0.));
#17280=DIRECTION('',(0.,1.,0.));
#17290=DIRECTION('',(0.,0.,1.));
#17300=AXIS2_PLACEMENT_3D('',#17270,#17280,#17290);
#17310=CIRCLE('',#17300,5.095);
#17320=EDGE_CURVE('',#17240,#17040,#17310,.T.);
#17330=ORIENTED_EDGE('',*,*,#17320,.F.);
#17340=EDGE_LOOP('',(#17330,#17260,#17170,#17080));
#17350=FACE_OUTER_BOUND('',#17340,.T.);
#17360=ADVANCED_FACE('',(#17350),#16970,.T.);
#17370=CARTESIAN_POINT('',(-2.3,0.599999999999999,2.34999999999995));
#17380=DIRECTION('',(-1.92592994438725E-34,1.,2.94648481515741E-20));
#17390=DIRECTION('',(1.,1.92592994438725E-34,5.67472333619398E-54));
#17400=AXIS2_PLACEMENT_3D('',#17370,#17380,#17390);
#17410=TOROIDAL_SURFACE('',#17400,0.19226497308103,0.0999999999999985);
#17420=CARTESIAN_POINT('',(-2.3,0.649999999999999,2.34999999999995));
#17430=DIRECTION('',(-1.92592994438725E-34,1.,2.94648481515741E-20));
#17440=DIRECTION('',(1.,1.92592994438725E-34,5.67472333619398E-54));
#17450=AXIS2_PLACEMENT_3D('',#17420,#17430,#17440);
#17460=CIRCLE('',#17450,0.278867513459472);
#17470=CARTESIAN_POINT('',(-2.55350983893943,0.649999999999999,
2.46618886187566));
#17480=VERTEX_POINT('',#17470);
#17490=CARTESIAN_POINT('',(-2.41071080317439,0.649999999999999,
2.60594962028401));
#17500=VERTEX_POINT('',#17490);
#17510=EDGE_CURVE('',#17480,#17500,#17460,.T.);
#17520=ORIENTED_EDGE('',*,*,#17510,.F.);
#17530=CARTESIAN_POINT('',(0.,0.649999999999999,0.));
#17540=DIRECTION('',(0.,1.,0.));
#17550=DIRECTION('',(0.,0.,1.));
#17560=AXIS2_PLACEMENT_3D('',#17530,#17540,#17550);
#17570=CYLINDRICAL_SURFACE('',#17560,3.55000000000001);
#17580=CARTESIAN_POINT('',(-2.55350983894936,0.650000000096451,
2.46618886182357));
#17590=CARTESIAN_POINT('',(-2.54312184652834,0.658594518222756,
2.476944664538));
#17600=CARTESIAN_POINT('',(-2.53133304782335,0.663824180277891,
2.48900268778593));
#17610=CARTESIAN_POINT('',(-2.5195158350429,0.667129628059971,
2.50090782655606));
#17620=CARTESIAN_POINT('',(-2.50763257065965,0.670453551444382,
2.51287950838604));
#17630=CARTESIAN_POINT('',(-2.49536174920531,0.67190273235764,
2.52506723513462));
#17640=CARTESIAN_POINT('',(-2.48309103047774,0.671902503234061,
2.53707684833571));
#17650=CARTESIAN_POINT('',(-2.47081648425684,0.671902274039013,
2.54909020758586));
#17660=CARTESIAN_POINT('',(-2.45837098820592,0.670452332938779,
2.5610928378056));
#17670=CARTESIAN_POINT('',(-2.44614854245277,0.667128494861002,
2.57271399659118));
#17680=CARTESIAN_POINT('',(-2.43398455518795,0.663820554301069,
2.5842795727717));
#17690=CARTESIAN_POINT('',(-2.42169527366955,0.658600611921217,
2.59578811083512));
#17700=CARTESIAN_POINT('',(-2.41071080317422,0.649999999999872,
2.60594962028416));
#17710=B_SPLINE_CURVE_WITH_KNOTS('',3,(#17580,#17590,#17600,#17610,
#17620,#17630,#17640,#17650,#17660,#17670,#17680,#17690,#17700),
.UNSPECIFIED.,.F.,.F.,(4,3,3,3,4),(0.,0.0517518398269572,
0.103387018285219,0.155020254065339,0.206766230865189),.UNSPECIFIED.);
#17720=SURFACE_CURVE('',#17710,(#17410,#17570),.CURVE_3D.);
#17730=EDGE_CURVE('',#17480,#17500,#17720,.T.);
#17740=ORIENTED_EDGE('',*,*,#17730,.T.);
#17750=EDGE_LOOP('',(#17740,#17520));
#17760=FACE_OUTER_BOUND('',#17750,.T.);
#17770=ADVANCED_FACE('',(#17760),#17410,.F.);
#17780=CARTESIAN_POINT('',(-3.15200498876191,0.245961940777124,
-5.10000000000006));
#17790=DIRECTION('',(-1.92592994438725E-34,1.,2.94648481515741E-20));
#17800=DIRECTION('',(1.,1.92592994438725E-34,0.));
#17810=AXIS2_PLACEMENT_3D('',#17780,#17790,#17800);
#17820=CYLINDRICAL_SURFACE('',#17810,0.200000000000005);
#17830=CARTESIAN_POINT('',(-3.15200498876191,0.245961940777124,
-5.10000000000006));
#17840=DIRECTION('',(-1.92592994438725E-34,1.,2.94648481515741E-20));
#17850=DIRECTION('',(-0.499999999999846,2.55173070179167E-20,
-0.866025403784528));
#17860=AXIS2_PLACEMENT_3D('',#17830,#17840,#17850);
#17870=CIRCLE('',#17860,0.200000000000005);
#17880=CARTESIAN_POINT('',(-3.25200498876191,0.245961940777124,
-5.27320508075695));
#17890=VERTEX_POINT('',#17880);
#17900=CARTESIAN_POINT('',(-3.35200498876192,0.245961940777124,
-5.10000000000009));
#17910=VERTEX_POINT('',#17900);
#17920=EDGE_CURVE('',#17890,#17910,#17870,.T.);
#17930=ORIENTED_EDGE('',*,*,#17920,.F.);
#17940=CARTESIAN_POINT('',(-3.35200498876192,-0.0040380592228762,
-5.10000000000006));
#17950=DIRECTION('',(-1.92592994438725E-34,1.,2.94648481515741E-20));
#17960=VECTOR('',#17950,1.);
#17970=LINE('',#17940,#17960);
#17980=CARTESIAN_POINT('',(-3.35200498876192,-0.0040380592228762,
-5.10000000000008));
#17990=VERTEX_POINT('',#17980);
#18000=EDGE_CURVE('',#17990,#17910,#17970,.T.);
#18010=ORIENTED_EDGE('',*,*,#18000,.T.);
#18020=CARTESIAN_POINT('',(-3.15200498876191,-0.0040380592228762,
-5.10000000000006));
#18030=DIRECTION('',(1.92592994438725E-34,-1.,-2.94648481515741E-20));
#18040=DIRECTION('',(-1.,4.25631419111594E-33,-1.50990331349017E-13));
#18050=AXIS2_PLACEMENT_3D('',#18020,#18030,#18040);
#18060=CIRCLE('',#18050,0.200000000000005);
#18070=CARTESIAN_POINT('',(-3.2520049887619,-0.0040380592228762,
-5.27320508075696));
#18080=VERTEX_POINT('',#18070);
#18090=EDGE_CURVE('',#17990,#18080,#18060,.T.);
#18100=ORIENTED_EDGE('',*,*,#18090,.F.);
#18110=CARTESIAN_POINT('',(-3.25200498876191,0.245961940777124,
-5.27320508075696));
#18120=DIRECTION('',(1.92592994438725E-34,-1.,-2.94648481515741E-20));
#18130=VECTOR('',#18120,1.);
#18140=LINE('',#18110,#18130);
#18150=EDGE_CURVE('',#17890,#18080,#18140,.T.);
#18160=ORIENTED_EDGE('',*,*,#18150,.T.);
#18170=EDGE_LOOP('',(#18160,#18100,#18010,#17930));
#18180=FACE_OUTER_BOUND('',#18170,.T.);
#18190=ADVANCED_FACE('',(#18180),#17820,.T.);
#18200=CARTESIAN_POINT('',(0.,-27.4191815827645,0.));
#18210=DIRECTION('',(0.,1.,0.));
#18220=DIRECTION('',(0.,0.,-1.));
#18230=AXIS2_PLACEMENT_3D('',#18200,#18210,#18220);
#18240=CONICAL_SURFACE('',#18230,1.,0.0174532925199433);
#18250=CARTESIAN_POINT('',(0.149807274381564,0.0799999999999841,
1.47239864864865));
#18260=CARTESIAN_POINT('',(0.147798526859556,-0.0299271658149407,
1.47067433436745));
#18270=CARTESIAN_POINT('',(0.143404342806139,-0.249849035142498,
1.46725540711357));
#18280=CARTESIAN_POINT('',(0.137018766999152,-0.579957200244844,
1.46207761660677));
#18290=CARTESIAN_POINT('',(0.132940026486914,-0.800180660660075,
1.45859216076135));
#18300=CARTESIAN_POINT('',(0.1306816752684,-0.910325321918194,
1.45686443485305));
#18310=B_SPLINE_CURVE_WITH_KNOTS('',3,(#18250,#18260,#18270,#18280,
#18290,#18300),.UNSPECIFIED.,.F.,.F.,(4,1,1,4),(0.,0.333333333333333,
0.666666666666667,1.),.UNSPECIFIED.);
#18320=CARTESIAN_POINT('',(0.130681675268398,-0.910325321918208,
1.45686443485305));
#18330=VERTEX_POINT('',#18320);
#18340=EDGE_CURVE('',#1280,#18330,#18310,.T.);
#18350=ORIENTED_EDGE('',*,*,#18340,.T.);
#18360=ORIENTED_EDGE('',*,*,#1290,.F.);
#18370=CARTESIAN_POINT('',(1.47239864864865,0.0800000000000018,
0.149807274381564));
#18380=CARTESIAN_POINT('',(1.47069068264895,-0.0288849426707255,
0.147817571862152));
#18390=CARTESIAN_POINT('',(1.46724093252687,-0.247422367665063,
0.143757728138361));
#18400=CARTESIAN_POINT('',(1.46203587995282,-0.577530875208908,
0.137395987779631));
#18410=CARTESIAN_POINT('',(1.45860850540706,-0.799138669357886,
0.13296139094747));
#18420=CARTESIAN_POINT('',(1.45686443485391,-0.910325321918212,
0.130681675258795));
#18430=B_SPLINE_CURVE_WITH_KNOTS('',3,(#18370,#18380,#18390,#18400,
#18410,#18420),.UNSPECIFIED.,.F.,.F.,(4,1,1,4),(0.,0.333333333333333,
0.666666666666667,1.),.UNSPECIFIED.);
#18440=CARTESIAN_POINT('',(1.45686443485391,-0.910325321918203,
0.130681675258796));
#18450=VERTEX_POINT('',#18440);
#18460=EDGE_CURVE('',#1190,#18450,#18430,.T.);
#18470=ORIENTED_EDGE('',*,*,#18460,.F.);
#18480=CARTESIAN_POINT('',(0.,-0.91032532191818,0.));
#18490=DIRECTION('',(-0.,1.,0.));
#18500=DIRECTION('',(0.0893419304751307,0.,0.996001013784111));
#18510=AXIS2_PLACEMENT_3D('',#18480,#18490,#18500);
#18520=CIRCLE('',#18510,1.46271380720586);
#18530=EDGE_CURVE('',#18330,#18450,#18520,.T.);
#18540=ORIENTED_EDGE('',*,*,#18530,.T.);
#18550=EDGE_LOOP('',(#18540,#18470,#18360,#18350));
#18560=FACE_OUTER_BOUND('',#18550,.T.);
#18570=ADVANCED_FACE('',(#18560),#18240,.T.);
#18580=CARTESIAN_POINT('',(0.,-1.4,-0.74));
#18590=DIRECTION('',(0.,-1.,0.));
#18600=DIRECTION('',(0.,0.,-1.));
#18610=AXIS2_PLACEMENT_3D('',#18580,#18590,#18600);
#18620=PLANE('',#18610);
#18630=CARTESIAN_POINT('',(0.,-1.4,0.));
#18640=DIRECTION('',(-0.,-1.,0.));
#18650=DIRECTION('',(-1.2216074330576E-16,0.,1.));
#18660=AXIS2_PLACEMENT_3D('',#18630,#18640,#18650);
#18670=CIRCLE('',#18660,1.18);
#18680=CARTESIAN_POINT('',(1.44508322299388E-16,-1.4,-1.18));
#18690=VERTEX_POINT('',#18680);
#18700=CARTESIAN_POINT('',(0.,-1.4,1.18));
#18710=VERTEX_POINT('',#18700);
#18720=EDGE_CURVE('',#18690,#18710,#18670,.T.);
#18730=ORIENTED_EDGE('',*,*,#18720,.T.);
#18740=EDGE_CURVE('',#18710,#18690,#18670,.T.);
#18750=ORIENTED_EDGE('',*,*,#18740,.T.);
#18760=EDGE_LOOP('',(#18750,#18730));
#18770=FACE_OUTER_BOUND('',#18760,.T.);
#18780=CARTESIAN_POINT('',(0.,-1.4,0.));
#18790=DIRECTION('',(0.,1.,0.));
#18800=DIRECTION('',(-1.22177244260659E-16,0.,-1.));
#18810=AXIS2_PLACEMENT_3D('',#18780,#18790,#18800);
#18820=CIRCLE('',#18810,0.98);
#18830=CARTESIAN_POINT('',(1.20015386316441E-16,-1.4,-0.98));
#18840=VERTEX_POINT('',#18830);
#18850=CARTESIAN_POINT('',(0.,-1.4,0.98));
#18860=VERTEX_POINT('',#18850);
#18870=EDGE_CURVE('',#18840,#18860,#18820,.T.);
#18880=ORIENTED_EDGE('',*,*,#18870,.T.);
#18890=EDGE_CURVE('',#18860,#18840,#18820,.T.);
#18900=ORIENTED_EDGE('',*,*,#18890,.T.);
#18910=EDGE_LOOP('',(#18900,#18880));
#18920=FACE_BOUND('',#18910,.T.);
#18930=ADVANCED_FACE('',(#18770,#18920),#18620,.T.);
#18940=CARTESIAN_POINT('',(1.53200498876192,0.245961940777126,
5.79999999999996));
#18950=DIRECTION('',(-4.12269334299985E-16,-9.95276753369398E-16,-1.));
#18960=DIRECTION('',(-1.,-2.04740447771424E-34,4.12269334299985E-16));
#18970=AXIS2_PLACEMENT_3D('',#18940,#18950,#18960);
#18980=PLANE('',#18970);
#18990=CARTESIAN_POINT('',(1.53200498876141,0.245961940777126,
5.79999999999994));
#19000=DIRECTION('',(1.,1.92592994438725E-34,0.));
#19010=VECTOR('',#19000,1.);
#19020=LINE('',#18990,#19010);
#19030=CARTESIAN_POINT('',(1.53200498876167,0.245961940777126,5.8));
#19040=VERTEX_POINT('',#19030);
#19050=CARTESIAN_POINT('',(2.33956942346367,0.245961940777126,
5.79999999999994));
#19060=VERTEX_POINT('',#19050);
#19070=EDGE_CURVE('',#19040,#19060,#19020,.T.);
#19080=ORIENTED_EDGE('',*,*,#19070,.F.);
#19090=CARTESIAN_POINT('',(2.33956942346367,0.245961940777126,
5.79999999999996));
#19100=DIRECTION('',(1.92592994438725E-34,-1.,3.55268421395235E-15));
#19110=VECTOR('',#19100,1.);
#19120=LINE('',#19090,#19110);
#19130=CARTESIAN_POINT('',(2.33956942346367,-0.00403805922287415,
5.79999999999994));
#19140=VERTEX_POINT('',#19130);
#19150=EDGE_CURVE('',#19060,#19140,#19120,.T.);
#19160=ORIENTED_EDGE('',*,*,#19150,.F.);
#19170=CARTESIAN_POINT('',(1.53200498876192,-0.0040380592228742,
5.79999999999996));
#19180=DIRECTION('',(1.,1.92592994438725E-34,0.));
#19190=VECTOR('',#19180,1.);
#19200=LINE('',#19170,#19190);
#19210=CARTESIAN_POINT('',(1.53200498876167,-0.00403805922287409,
5.79999999999996));
#19220=VERTEX_POINT('',#19210);
#19230=EDGE_CURVE('',#19220,#19140,#19200,.T.);
#19240=ORIENTED_EDGE('',*,*,#19230,.T.);
#19250=CARTESIAN_POINT('',(1.53200498876192,-0.00403805922287431,
5.79999999999999));
#19260=DIRECTION('',(-1.92592994438725E-34,1.,2.94648481515741E-20));
#19270=VECTOR('',#19260,1.);
#19280=LINE('',#19250,#19270);
#19290=EDGE_CURVE('',#19220,#19040,#19280,.T.);
#19300=ORIENTED_EDGE('',*,*,#19290,.F.);
#19310=EDGE_LOOP('',(#19300,#19240,#19160,#19080));
#19320=FACE_OUTER_BOUND('',#19310,.T.);
#19330=ADVANCED_FACE('',(#19320),#18980,.F.);
#19340=CARTESIAN_POINT('',(-0.147995011238218,0.245961940776803,-318.5))
;
#19350=DIRECTION('',(-4.10526825003624E-31,1.,-9.95276753369398E-16));
#19360=DIRECTION('',(1.,2.04740447771424E-34,-4.12269334299985E-16));
#19370=AXIS2_PLACEMENT_3D('',#19340,#19350,#19360);
#19380=PLANE('',#19370);
#19390=ORIENTED_EDGE('',*,*,#16590,.T.);
#19400=CARTESIAN_POINT('',(3.15200498876192,0.245961940777126,
5.09999999999993));
#19410=DIRECTION('',(1.46466005261134E-17,1.,-9.69908097099993E-16));
#19420=DIRECTION('',(0.499999999999825,8.32641751161861E-16,
0.866025403784539));
#19430=AXIS2_PLACEMENT_3D('',#19400,#19410,#19420);
#19440=CIRCLE('',#19430,0.199999999999997);
#19450=CARTESIAN_POINT('',(3.2520049887619,0.245961940777125,
5.27320508075683));
#19460=VERTEX_POINT('',#19450);
#19470=EDGE_CURVE('',#19460,#16560,#19440,.T.);
#19480=ORIENTED_EDGE('',*,*,#19470,.T.);
#19490=CARTESIAN_POINT('',(2.33956942346367,0.245961940777126,
5.79999999999994));
#19500=DIRECTION('',(0.866025403784435,-5.00517749414061E-16,
-0.500000000000006));
#19510=VECTOR('',#19500,1.);
#19520=LINE('',#19490,#19510);
#19530=EDGE_CURVE('',#19060,#19460,#19520,.T.);
#19540=ORIENTED_EDGE('',*,*,#19530,.T.);
#19550=ORIENTED_EDGE('',*,*,#19070,.T.);
#19560=CARTESIAN_POINT('',(1.53200498876192,0.245961940777126,
5.59999999999998));
#19570=DIRECTION('',(1.370212805292E-28,1.,-9.95276753369398E-16));
#19580=DIRECTION('',(-1.,3.86376355709645E-33,-1.37667655053517E-13));
#19590=AXIS2_PLACEMENT_3D('',#19560,#19570,#19580);
#19600=CIRCLE('',#19590,0.200000000000003);
#19610=CARTESIAN_POINT('',(1.38464401439351,0.245961940777118,
5.73522109019384));
#19620=VERTEX_POINT('',#19610);
#19630=EDGE_CURVE('',#19620,#19040,#19600,.T.);
#19640=ORIENTED_EDGE('',*,*,#19630,.T.);
#19650=CARTESIAN_POINT('',(0.,0.245961940777118,0.));
#19660=DIRECTION('',(0.,1.,0.));
#19670=DIRECTION('',(0.,0.,1.));
#19680=AXIS2_PLACEMENT_3D('',#19650,#19660,#19670);
#19690=CIRCLE('',#19680,5.9);
#19700=EDGE_CURVE('',#19620,#16580,#19690,.T.);
#19710=ORIENTED_EDGE('',*,*,#19700,.F.);
#19720=EDGE_LOOP('',(#19710,#19640,#19550,#19540,#19480,#19390));
#19730=FACE_OUTER_BOUND('',#19720,.T.);
#19740=ADVANCED_FACE('',(#19730),#19380,.T.);
#19750=CARTESIAN_POINT('',(-1.13199486929581,0.574579877534777,
-4.65000000000005));
#19760=DIRECTION('',(0.,-2.94648481515741E-20,1.));
#19770=DIRECTION('',(0.707106781186546,0.707106781186549,
2.083479393461E-20));
#19780=AXIS2_PLACEMENT_3D('',#19750,#19760,#19770);
#19790=PLANE('',#19780);
#19800=CARTESIAN_POINT('',(-1.88200498876191,0.245961940777124,
-4.65000000000004));
#19810=DIRECTION('',(1.92592994438725E-34,-1.,-2.94648481515741E-20));
#19820=VECTOR('',#19810,1.);
#19830=LINE('',#19800,#19820);
#19840=CARTESIAN_POINT('',(-1.88200498876191,-0.0040380592228762,
-4.65000000000004));
#19850=VERTEX_POINT('',#19840);
#19860=EDGE_CURVE('',#7530,#19850,#19830,.T.);
#19870=ORIENTED_EDGE('',*,*,#19860,.F.);
#19880=CARTESIAN_POINT('',(-1.50203416229077,-0.0040380592228762,
-4.65000000000005));
#19890=DIRECTION('',(-1.,-1.92592994438725E-34,0.));
#19900=VECTOR('',#19890,1.);
#19910=LINE('',#19880,#19900);
#19920=CARTESIAN_POINT('',(-1.50203416229077,-0.00403805922287609,
-4.65000000000005));
#19930=VERTEX_POINT('',#19920);
#19940=EDGE_CURVE('',#19930,#19850,#19910,.T.);
#19950=ORIENTED_EDGE('',*,*,#19940,.T.);
#19960=CARTESIAN_POINT('',(-1.50203416229077,0.345961940777124,
-4.65000000000005));
#19970=DIRECTION('',(-5.67472333619398E-54,2.94648481515741E-20,-1.));
#19980=DIRECTION('',(0.707106781186548,-0.707106781186547,
-2.083479393461E-20));
#19990=AXIS2_PLACEMENT_3D('',#19960,#19970,#19980);
#20000=CIRCLE('',#19990,0.35);
#20010=EDGE_CURVE('',#7610,#19930,#20000,.T.);
#20020=ORIENTED_EDGE('',*,*,#20010,.T.);
#20030=ORIENTED_EDGE('',*,*,#7620,.F.);
#20040=EDGE_LOOP('',(#20030,#20020,#19950,#19870));
#20050=FACE_OUTER_BOUND('',#20040,.T.);
#20060=ADVANCED_FACE('',(#20050),#19790,.F.);
#20070=CARTESIAN_POINT('',(2.16840434497101E-16,0.399999999999999,-318.5
));
#20080=DIRECTION('',(-1.92592994438725E-34,1.,2.94648481515741E-20));
#20090=DIRECTION('',(1.,1.92592994438725E-34,0.));
#20100=AXIS2_PLACEMENT_3D('',#20070,#20080,#20090);
#20110=PLANE('',#20100);
#20120=CARTESIAN_POINT('',(-2.3,0.399999999999999,2.35000000000001));
#20130=DIRECTION('',(0.,-1.,0.));
#20140=DIRECTION('',(0.,0.,-1.));
#20150=AXIS2_PLACEMENT_3D('',#20120,#20130,#20140);
#20160=CIRCLE('',#20150,0.6);
#20170=CARTESIAN_POINT('',(-2.3,0.4,1.75000000000001));
#20180=VERTEX_POINT('',#20170);
#20190=CARTESIAN_POINT('',(-2.3,0.399999999999999,2.95000000000001));
#20200=VERTEX_POINT('',#20190);
#20210=EDGE_CURVE('',#20180,#20200,#20160,.T.);
#20220=ORIENTED_EDGE('',*,*,#20210,.T.);
#20230=EDGE_CURVE('',#20200,#20180,#20160,.T.);
#20240=ORIENTED_EDGE('',*,*,#20230,.T.);
#20250=EDGE_LOOP('',(#20240,#20220));
#20260=FACE_OUTER_BOUND('',#20250,.T.);
#20270=CARTESIAN_POINT('',(-2.3,0.399999999999999,2.34999999999995));
#20280=DIRECTION('',(-1.92592994438725E-34,1.,2.94648481515741E-20));
#20290=DIRECTION('',(1.,-8.89389984060347E-35,9.55484282140171E-15));
#20300=AXIS2_PLACEMENT_3D('',#20270,#20280,#20290);
#20310=CIRCLE('',#20300,0.278867513459471);
#20320=CARTESIAN_POINT('',(-2.57886751345947,0.399999999999999,
2.34999999999995));
#20330=VERTEX_POINT('',#20320);
#20340=CARTESIAN_POINT('',(-2.02113248654053,0.399999999999999,
2.34999999999995));
#20350=VERTEX_POINT('',#20340);
#20360=EDGE_CURVE('',#20330,#20350,#20310,.T.);
#20370=ORIENTED_EDGE('',*,*,#20360,.T.);
#20380=EDGE_CURVE('',#20350,#20330,#20310,.T.);
#20390=ORIENTED_EDGE('',*,*,#20380,.T.);
#20400=EDGE_LOOP('',(#20390,#20370));
#20410=FACE_BOUND('',#20400,.T.);
#20420=ADVANCED_FACE('',(#20260,#20410),#20110,.F.);
#20430=CARTESIAN_POINT('',(0.9116,0.299999999999999,4.14999999999992));
#20440=DIRECTION('',(-5.67472333619398E-54,2.94648481515741E-20,-1.));
#20450=DIRECTION('',(-1.,-1.92592994438725E-34,0.));
#20460=AXIS2_PLACEMENT_3D('',#20430,#20440,#20450);
#20470=PLANE('',#20460);
#20480=ORIENTED_EDGE('',*,*,#16400,.T.);
#20490=CARTESIAN_POINT('',(3.15200498876192,-0.00403805922287565,
4.14999999999989));
#20500=DIRECTION('',(-1.,-5.73254885155036E-34,1.29191872552031E-14));
#20510=VECTOR('',#20500,1.);
#20520=LINE('',#20490,#20510);
#20530=CARTESIAN_POINT('',(3.15200498876217,-0.00403805922287581,
4.14999999999985));
#20540=VERTEX_POINT('',#20530);
#20550=EDGE_CURVE('',#20540,#16320,#20520,.T.);
#20560=ORIENTED_EDGE('',*,*,#20550,.T.);
#20570=CARTESIAN_POINT('',(3.15200498876192,-0.00403805922287542,
4.14999999999988));
#20580=DIRECTION('',(-1.92592994438725E-34,1.,2.94648481515741E-20));
#20590=VECTOR('',#20580,1.);
#20600=LINE('',#20570,#20590);
#20610=EDGE_CURVE('',#20540,#5240,#20600,.T.);
#20620=ORIENTED_EDGE('',*,*,#20610,.F.);
#20630=ORIENTED_EDGE('',*,*,#5250,.T.);
#20640=EDGE_LOOP('',(#20630,#20620,#20560,#20480));
#20650=FACE_OUTER_BOUND('',#20640,.T.);
#20660=ADVANCED_FACE('',(#20650),#20470,.T.);
#20670=CARTESIAN_POINT('',(0.,19.9068722891566,0.));
#20680=DIRECTION('',(0.,1.,0.));
#20690=DIRECTION('',(0.,0.,1.));
#20700=AXIS2_PLACEMENT_3D('',#20670,#20680,#20690);
#20710=CYLINDRICAL_SURFACE('',#20700,5.295);
#20720=CARTESIAN_POINT('',(0.,19.9068722891566,5.295));
#20730=DIRECTION('',(0.,1.,0.));
#20740=VECTOR('',#20730,1.);
#20750=LINE('',#20720,#20740);
#20760=CARTESIAN_POINT('',(0.,5.28999999999999,5.295));
#20770=VERTEX_POINT('',#20760);
#20780=EDGE_CURVE('',#20770,#17150,#20750,.T.);
#20790=ORIENTED_EDGE('',*,*,#20780,.T.);
#20800=CARTESIAN_POINT('',(0.,5.28999999999999,0.));
#20810=DIRECTION('',(0.,-1.,-0.));
#20820=DIRECTION('',(1.67739078319193E-16,0.,-1.));
#20830=AXIS2_PLACEMENT_3D('',#20800,#20810,#20820);
#20840=CIRCLE('',#20830,5.295);
#20850=CARTESIAN_POINT('',(6.48450480148523E-16,5.28999999999999,-5.295)
);
#20860=VERTEX_POINT('',#20850);
#20870=EDGE_CURVE('',#20770,#20860,#20840,.T.);
#20880=ORIENTED_EDGE('',*,*,#20870,.F.);
#20890=CARTESIAN_POINT('',(6.48450480148523E-16,19.9068722891566,-5.295)
);
#20900=DIRECTION('',(0.,1.,0.));
#20910=VECTOR('',#20900,1.);
#20920=LINE('',#20890,#20910);
#20930=EDGE_CURVE('',#20860,#17060,#20920,.T.);
#20940=ORIENTED_EDGE('',*,*,#20930,.F.);
#20950=EDGE_CURVE('',#17060,#17150,#17130,.T.);
#20960=ORIENTED_EDGE('',*,*,#20950,.F.);
#20970=EDGE_LOOP('',(#20960,#20940,#20880,#20790));
#20980=FACE_OUTER_BOUND('',#20970,.T.);
#20990=ADVANCED_FACE('',(#20980),#20710,.T.);
#21000=CARTESIAN_POINT('',(0.,-1.74999999999999,0.));
#21010=DIRECTION('',(0.,1.,0.));
#21020=DIRECTION('',(0.,0.,1.));
#21030=AXIS2_PLACEMENT_3D('',#21000,#21010,#21020);
#21040=CONICAL_SURFACE('',#21030,1.,0.78539816339745);
#21050=CARTESIAN_POINT('',(0.,-1.74999999999999,1.));
#21060=DIRECTION('',(0.,0.707106781186546,0.707106781186549));
#21070=VECTOR('',#21060,1.4142135623731);
#21080=LINE('',#21050,#21070);
#21090=CARTESIAN_POINT('',(0.,1.95,4.7));
#21100=VERTEX_POINT('',#21090);
#21110=CARTESIAN_POINT('',(0.,2.46071067811865,5.21071067811865));
#21120=VERTEX_POINT('',#21110);
#21130=EDGE_CURVE('',#21100,#21120,#21080,.T.);
#21140=ORIENTED_EDGE('',*,*,#21130,.T.);
#21150=CARTESIAN_POINT('',(0.,1.95,0.));
#21160=DIRECTION('',(0.,1.,0.));
#21170=DIRECTION('',(0.,0.,1.));
#21180=AXIS2_PLACEMENT_3D('',#21150,#21160,#21170);
#21190=CIRCLE('',#21180,4.7);
#21200=CARTESIAN_POINT('',(5.75583995599256E-16,1.95,-4.7));
#21210=VERTEX_POINT('',#21200);
#21220=EDGE_CURVE('',#21210,#21100,#21190,.T.);
#21230=ORIENTED_EDGE('',*,*,#21220,.T.);
#21240=CARTESIAN_POINT('',(1.22464679914736E-16,-1.74999999999999,-1.));
#21250=DIRECTION('',(8.65956056235495E-17,0.707106781186546,
-0.707106781186549));
#21260=VECTOR('',#21250,1.4142135623731);
#21270=LINE('',#21240,#21260);
#21280=CARTESIAN_POINT('',(0.,2.46071067811865,-5.21071067811865));
#21290=VERTEX_POINT('',#21280);
#21300=EDGE_CURVE('',#21210,#21290,#21270,.T.);
#21310=ORIENTED_EDGE('',*,*,#21300,.F.);
#21320=CARTESIAN_POINT('',(0.,2.46071067811865,0.));
#21330=DIRECTION('',(0.,1.,0.));
#21340=DIRECTION('',(0.,0.,1.));
#21350=AXIS2_PLACEMENT_3D('',#21320,#21330,#21340);
#21360=CIRCLE('',#21350,5.21071067811865);
#21370=EDGE_CURVE('',#21290,#21120,#21360,.T.);
#21380=ORIENTED_EDGE('',*,*,#21370,.F.);
#21390=EDGE_LOOP('',(#21380,#21310,#21230,#21140));
#21400=FACE_OUTER_BOUND('',#21390,.T.);
#21410=ADVANCED_FACE('',(#21400),#21040,.T.);
#21420=CARTESIAN_POINT('',(-5.9,4.83,-0.975));
#21430=DIRECTION('',(0.,0.,-1.));
#21440=DIRECTION('',(-1.,0.,0.));
#21450=AXIS2_PLACEMENT_3D('',#21420,#21430,#21440);
#21460=PLANE('',#21450);
#21470=CARTESIAN_POINT('',(5.14849249780943,5.18,-0.975));
#21480=DIRECTION('',(-1.,0.,0.));
#21490=VECTOR('',#21480,1.);
#21500=LINE('',#21470,#21490);
#21510=CARTESIAN_POINT('',(5.14849249780943,5.18,-0.975));
#21520=VERTEX_POINT('',#21510);
#21530=CARTESIAN_POINT('',(5.00083992945185,5.18,-0.975));
#21540=VERTEX_POINT('',#21530);
#21550=EDGE_CURVE('',#21520,#21540,#21500,.T.);
#21560=ORIENTED_EDGE('',*,*,#21550,.T.);
#21570=CARTESIAN_POINT('',(5.14849249780943,5.18,-0.975));
#21580=DIRECTION('',(0.,-1.,0.));
#21590=VECTOR('',#21580,1.);
#21600=LINE('',#21570,#21590);
#21610=CARTESIAN_POINT('',(5.14849249780943,3.05,-0.975));
#21620=VERTEX_POINT('',#21610);
#21630=EDGE_CURVE('',#21520,#21620,#21600,.T.);
#21640=ORIENTED_EDGE('',*,*,#21630,.F.);
#21650=CARTESIAN_POINT('',(5.14849249780943,3.05,-0.975));
#21660=DIRECTION('',(-1.,0.,0.));
#21670=VECTOR('',#21660,1.);
#21680=LINE('',#21650,#21670);
#21690=CARTESIAN_POINT('',(5.00083992945185,3.05,-0.975));
#21700=VERTEX_POINT('',#21690);
#21710=EDGE_CURVE('',#21620,#21700,#21680,.T.);
#21720=ORIENTED_EDGE('',*,*,#21710,.F.);
#21730=CARTESIAN_POINT('',(5.00083992945185,6.39,-0.975));
#21740=DIRECTION('',(0.,1.,0.));
#21750=VECTOR('',#21740,1.);
#21760=LINE('',#21730,#21750);
#21770=EDGE_CURVE('',#21700,#21540,#21760,.T.);
#21780=ORIENTED_EDGE('',*,*,#21770,.F.);
#21790=EDGE_LOOP('',(#21780,#21720,#21640,#21560));
#21800=FACE_OUTER_BOUND('',#21790,.T.);
#21810=ADVANCED_FACE('',(#21800),#21460,.F.);
#21820=CARTESIAN_POINT('',(-1.95200498876192,0.245961940777124,
6.0237604307034));
#21830=DIRECTION('',(0.499999999999994,2.55173070179249E-20,
-0.866025403784442));
#21840=DIRECTION('',(-0.866025403784442,5.55258836553336E-17,
-0.499999999999994));
#21850=AXIS2_PLACEMENT_3D('',#21820,#21830,#21840);
#21860=PLANE('',#21850);
#21870=ORIENTED_EDGE('',*,*,#13500,.F.);
#21880=CARTESIAN_POINT('',(-2.33956942346377,0.245961940777124,
5.79999999999996));
#21890=DIRECTION('',(1.92592994438725E-34,-1.,-2.94648481515741E-20));
#21900=VECTOR('',#21890,1.);
#21910=LINE('',#21880,#21900);
#21920=CARTESIAN_POINT('',(-2.33956942346377,-0.0040380592228762,
5.79999999999996));
#21930=VERTEX_POINT('',#21920);
#21940=EDGE_CURVE('',#13410,#21930,#21910,.T.);
#21950=ORIENTED_EDGE('',*,*,#21940,.F.);
#21960=CARTESIAN_POINT('',(-2.33956942346377,-0.0040380592228762,
5.79999999999994));
#21970=DIRECTION('',(-0.866025403784444,1.47324240757866E-20,
-0.499999999999991));
#21980=VECTOR('',#21970,1.);
#21990=LINE('',#21960,#21980);
#22000=CARTESIAN_POINT('',(-3.25200498876193,-0.0040380592228762,
5.27320508075688));
#22010=VERTEX_POINT('',#22000);
#22020=EDGE_CURVE('',#21930,#22010,#21990,.T.);
#22030=ORIENTED_EDGE('',*,*,#22020,.F.);
#22040=CARTESIAN_POINT('',(-3.25200498876194,-0.0040380592228762,
5.27320508075687));
#22050=DIRECTION('',(-1.92592994438725E-34,1.,2.94648481515741E-20));
#22060=VECTOR('',#22050,1.);
#22070=LINE('',#22040,#22060);
#22080=EDGE_CURVE('',#22010,#13490,#22070,.T.);
#22090=ORIENTED_EDGE('',*,*,#22080,.F.);
#22100=EDGE_LOOP('',(#22090,#22030,#21950,#21870));
#22110=FACE_OUTER_BOUND('',#22100,.T.);
#22120=ADVANCED_FACE('',(#22110),#21860,.F.);
#22130=CARTESIAN_POINT('',(1.53200498876192,0.245961940777126,
5.59999999999998));
#22140=DIRECTION('',(-1.92592994438725E-34,1.,-9.95276753369398E-16));
#22150=DIRECTION('',(1.,1.92592994438725E-34,0.));
#22160=AXIS2_PLACEMENT_3D('',#22130,#22140,#22150);
#22170=CYLINDRICAL_SURFACE('',#22160,0.200000000000003);
#22180=ORIENTED_EDGE('',*,*,#4500,.F.);
#22190=CARTESIAN_POINT('',(1.3846440143936,19.9068722891566,
5.73522109019382));
#22200=DIRECTION('',(0.,1.,0.));
#22210=VECTOR('',#22200,1.);
#22220=LINE('',#22190,#22210);
#22230=EDGE_CURVE('',#4400,#19620,#22220,.T.);
#22240=ORIENTED_EDGE('',*,*,#22230,.F.);
#22250=ORIENTED_EDGE('',*,*,#19630,.F.);
#22260=ORIENTED_EDGE('',*,*,#19290,.T.);
#22270=CARTESIAN_POINT('',(1.53200498876192,-0.00403805922287453,
5.59999999999998));
#22280=DIRECTION('',(-2.88465613413017E-28,-1.,1.11019355977699E-15));
#22290=DIRECTION('',(-2.51021425867744E-12,1.11019355977699E-15,1.));
#22300=AXIS2_PLACEMENT_3D('',#22270,#22280,#22290);
#22310=CIRCLE('',#22300,0.200000000000003);
#22320=CARTESIAN_POINT('',(1.33200498876191,-0.00403805922287437,
5.59999999999996));
#22330=VERTEX_POINT('',#22320);
#22340=EDGE_CURVE('',#19220,#22330,#22310,.T.);
#22350=ORIENTED_EDGE('',*,*,#22340,.F.);
#22360=CARTESIAN_POINT('',(1.33200498876191,0.245961940777126,
5.59999999999998));
#22370=DIRECTION('',(1.92592994438725E-34,-1.,-2.94648481515741E-20));
#22380=VECTOR('',#22370,1.);
#22390=LINE('',#22360,#22380);
#22400=EDGE_CURVE('',#4490,#22330,#22390,.T.);
#22410=ORIENTED_EDGE('',*,*,#22400,.T.);
#22420=EDGE_LOOP('',(#22410,#22350,#22260,#22250,#22240,#22180));
#22430=FACE_OUTER_BOUND('',#22420,.T.);
#22440=ADVANCED_FACE('',(#22430),#22170,.T.);
#22450=CARTESIAN_POINT('',(0.,2.53142135623731,0.));
#22460=DIRECTION('',(0.,1.,0.));
#22470=DIRECTION('',(0.,0.,1.));
#22480=AXIS2_PLACEMENT_3D('',#22450,#22460,#22470);
#22490=TOROIDAL_SURFACE('',#22480,5.14,0.1);
#22500=CARTESIAN_POINT('',(0.,2.53142135623731,5.14));
#22510=DIRECTION('',(1.,0.,0.));
#22520=DIRECTION('',(0.,0.,1.));
#22530=AXIS2_PLACEMENT_3D('',#22500,#22510,#22520);
#22540=CIRCLE('',#22530,0.1);
#22550=EDGE_CURVE('',#13890,#21120,#22540,.T.);
#22560=ORIENTED_EDGE('',*,*,#22550,.F.);
#22570=ORIENTED_EDGE('',*,*,#21370,.T.);
#22580=CARTESIAN_POINT('',(0.,2.53142135623731,-5.14));
#22590=DIRECTION('',(-1.,0.,0.));
#22600=DIRECTION('',(0.,0.,-1.));
#22610=AXIS2_PLACEMENT_3D('',#22580,#22590,#22600);
#22620=CIRCLE('',#22610,0.1);
#22630=EDGE_CURVE('',#14000,#21290,#22620,.T.);
#22640=ORIENTED_EDGE('',*,*,#22630,.T.);
#22650=ORIENTED_EDGE('',*,*,#14010,.T.);
#22660=EDGE_LOOP('',(#22650,#22640,#22570,#22560));
#22670=FACE_OUTER_BOUND('',#22660,.T.);
#22680=ADVANCED_FACE('',(#22670),#22490,.T.);
#22690=CARTESIAN_POINT('',(-3.25200498876192,0.245961940777124,
-5.27320508075697));
#22700=DIRECTION('',(0.49999999999999,-2.55173070179142E-20,
0.866025403784445));
#22710=DIRECTION('',(0.866025403784445,1.47324240757869E-20,
-0.49999999999999));
#22720=AXIS2_PLACEMENT_3D('',#22690,#22700,#22710);
#22730=PLANE('',#22720);
#22740=CARTESIAN_POINT('',(-2.33956942346376,0.245961940777124,
-5.80000000000002));
#22750=DIRECTION('',(-0.866025403784438,-1.47324240757873E-20,
0.500000000000002));
#22760=VECTOR('',#22750,1.);
#22770=LINE('',#22740,#22760);
#22780=CARTESIAN_POINT('',(-2.33956942346377,0.245961940777124,
-5.80000000000002));
#22790=VERTEX_POINT('',#22780);
#22800=EDGE_CURVE('',#22790,#17890,#22770,.T.);
#22810=ORIENTED_EDGE('',*,*,#22800,.F.);
#22820=ORIENTED_EDGE('',*,*,#18150,.F.);
#22830=CARTESIAN_POINT('',(-3.25200498876188,-0.0040380592228762,
-5.27320508075696));
#22840=DIRECTION('',(0.866025403784437,1.47324240757873E-20,
-0.500000000000003));
#22850=VECTOR('',#22840,1.);
#22860=LINE('',#22830,#22850);
#22870=CARTESIAN_POINT('',(-2.33956942346377,-0.00403805922287609,
-5.80000000000003));
#22880=VERTEX_POINT('',#22870);
#22890=EDGE_CURVE('',#18080,#22880,#22860,.T.);
#22900=ORIENTED_EDGE('',*,*,#22890,.F.);
#22910=CARTESIAN_POINT('',(-2.33956942346376,0.245961940777124,
-5.80000000000003));
#22920=DIRECTION('',(1.92592994438725E-34,-1.,-2.94648481515741E-20));
#22930=VECTOR('',#22920,1.);
#22940=LINE('',#22910,#22930);
#22950=EDGE_CURVE('',#22790,#22880,#22940,.T.);
#22960=ORIENTED_EDGE('',*,*,#22950,.T.);
#22970=EDGE_LOOP('',(#22960,#22900,#22820,#22810));
#22980=FACE_OUTER_BOUND('',#22970,.T.);
#22990=ADVANCED_FACE('',(#22980),#22730,.F.);
#23000=CARTESIAN_POINT('',(-0.850000000000001,0.649999999999999,
-6.16715728752544));
#23010=DIRECTION('',(1.,1.99869085004471E-34,-2.46941390239535E-16));
#23020=DIRECTION('',(-2.46941390239535E-16,2.94648481515741E-20,-1.));
#23030=AXIS2_PLACEMENT_3D('',#23000,#23010,#23020);
#23040=PLANE('',#23030);
#23050=CARTESIAN_POINT('',(-0.850000000000001,0.399999999999999,
-6.00000000000001));
#23060=DIRECTION('',(2.89623397728307E-16,-2.94648481515741E-20,1.));
#23070=VECTOR('',#23060,1.);
#23080=LINE('',#23050,#23070);
#23090=CARTESIAN_POINT('',(-0.850000000000001,0.399999999999999,
-6.00000000000001));
#23100=VERTEX_POINT('',#23090);
#23110=EDGE_CURVE('',#23100,#10730,#23080,.T.);
#23120=ORIENTED_EDGE('',*,*,#23110,.T.);
#23130=CARTESIAN_POINT('',(-0.85,0.399999999999999,-6.00000000000001));
#23140=DIRECTION('',(-1.92592994438725E-34,1.,2.94648481515741E-20));
#23150=VECTOR('',#23140,1.);
#23160=LINE('',#23130,#23150);
#23170=CARTESIAN_POINT('',(-0.85,0.649999999999999,-6.00000000000001));
#23180=VERTEX_POINT('',#23170);
#23190=EDGE_CURVE('',#23100,#23180,#23160,.T.);
#23200=ORIENTED_EDGE('',*,*,#23190,.F.);
#23210=CARTESIAN_POINT('',(-0.85,0.649999999999999,-6.00000000000001));
#23220=DIRECTION('',(5.67472333619398E-54,-2.94648481515741E-20,1.));
#23230=VECTOR('',#23220,1.);
#23240=LINE('',#23210,#23230);
#23250=EDGE_CURVE('',#23180,#10810,#23240,.T.);
#23260=ORIENTED_EDGE('',*,*,#23250,.F.);
#23270=ORIENTED_EDGE('',*,*,#10820,.T.);
#23280=EDGE_LOOP('',(#23270,#23260,#23200,#23120));
#23290=FACE_OUTER_BOUND('',#23280,.T.);
#23300=ADVANCED_FACE('',(#23290),#23040,.F.);
#23310=CARTESIAN_POINT('',(0.,-27.4191815827645,0.));
#23320=DIRECTION('',(0.,1.,0.));
#23330=DIRECTION('',(0.,0.,-1.));
#23340=AXIS2_PLACEMENT_3D('',#23310,#23320,#23330);
#23350=CONICAL_SURFACE('',#23340,1.,0.0174532925199433);
#23360=CARTESIAN_POINT('',(1.47239864864865,0.0799999999999841,
-0.149807274381564));
#23370=CARTESIAN_POINT('',(1.47067433436744,-0.0299271658153362,
-0.147798526859549));
#23380=CARTESIAN_POINT('',(1.46725540711356,-0.249849035143421,
-0.143404342806122));
#23390=CARTESIAN_POINT('',(1.46207761660676,-0.579957200245795,
-0.137018766999133));
#23400=CARTESIAN_POINT('',(1.45859216076134,-0.800180660660482,
-0.132940026486905));
#23410=CARTESIAN_POINT('',(1.45686443485305,-0.910325321918194,
-0.130681675268399));
#23420=B_SPLINE_CURVE_WITH_KNOTS('',3,(#23360,#23370,#23380,#23390,
#23400,#23410),.UNSPECIFIED.,.F.,.F.,(4,1,1,4),(0.,0.333333333333333,
0.666666666666667,1.),.UNSPECIFIED.);
#23430=CARTESIAN_POINT('',(1.45686443485305,-0.910325321918208,
-0.1306816752684));
#23440=VERTEX_POINT('',#23430);
#23450=EDGE_CURVE('',#1100,#23440,#23420,.T.);
#23460=ORIENTED_EDGE('',*,*,#23450,.T.);
#23470=ORIENTED_EDGE('',*,*,#1110,.F.);
#23480=CARTESIAN_POINT('',(0.149807274381564,0.0800000000000018,
-1.47239864864865));
#23490=CARTESIAN_POINT('',(0.147817571862152,-0.0288849426707277,
-1.47069068264895));
#23500=CARTESIAN_POINT('',(0.14375772813836,-0.247422367665068,
-1.46724093252687));
#23510=CARTESIAN_POINT('',(0.137395987779631,-0.577530875208909,
-1.46203587995282));
#23520=CARTESIAN_POINT('',(0.13296139094747,-0.799138669357886,
-1.45860850540706));
#23530=CARTESIAN_POINT('',(0.130681675258795,-0.910325321918212,
-1.45686443485391));
#23540=B_SPLINE_CURVE_WITH_KNOTS('',3,(#23480,#23490,#23500,#23510,
#23520,#23530),.UNSPECIFIED.,.F.,.F.,(4,1,1,4),(0.,0.333333333333333,
0.666666666666667,1.),.UNSPECIFIED.);
#23550=CARTESIAN_POINT('',(0.130681675258795,-0.910325321918212,
-1.45686443485391));
#23560=VERTEX_POINT('',#23550);
#23570=EDGE_CURVE('',#990,#23560,#23540,.T.);
#23580=ORIENTED_EDGE('',*,*,#23570,.F.);
#23590=CARTESIAN_POINT('',(0.,-0.91032532191818,0.));
#23600=DIRECTION('',(0.,1.,0.));
#23610=DIRECTION('',(0.996001013784111,0.,-0.0893419304751301));
#23620=AXIS2_PLACEMENT_3D('',#23590,#23600,#23610);
#23630=CIRCLE('',#23620,1.46271380720586);
#23640=EDGE_CURVE('',#23440,#23560,#23630,.T.);
#23650=ORIENTED_EDGE('',*,*,#23640,.T.);
#23660=EDGE_LOOP('',(#23650,#23580,#23470,#23460));
#23670=FACE_OUTER_BOUND('',#23660,.T.);
#23680=ADVANCED_FACE('',(#23670),#23350,.T.);
#23690=CARTESIAN_POINT('',(-1.53200498876192,0.245961940777124,
-5.80000000000004));
#23700=DIRECTION('',(8.89601782552209E-15,-2.94648481515741E-20,1.));
#23710=DIRECTION('',(1.,4.5471280882143E-34,-8.89601782552209E-15));
#23720=AXIS2_PLACEMENT_3D('',#23690,#23700,#23710);
#23730=PLANE('',#23720);
#23740=CARTESIAN_POINT('',(-1.53200498876192,0.245961940777124,
-5.80000000000002));
#23750=DIRECTION('',(-1.,-1.92592994438725E-34,0.));
#23760=VECTOR('',#23750,1.);
#23770=LINE('',#23740,#23760);
#23780=CARTESIAN_POINT('',(-1.53200498876192,0.245961940777124,
-5.80000000000001));
#23790=VERTEX_POINT('',#23780);
#23800=EDGE_CURVE('',#23790,#22790,#23770,.T.);
#23810=ORIENTED_EDGE('',*,*,#23800,.F.);
#23820=ORIENTED_EDGE('',*,*,#22950,.F.);
#23830=CARTESIAN_POINT('',(-1.53200498876192,-0.0040380592228762,
-5.80000000000004));
#23840=DIRECTION('',(-1.,-4.51842076180479E-34,8.79858875932828E-15));
#23850=VECTOR('',#23840,1.);
#23860=LINE('',#23830,#23850);
#23870=CARTESIAN_POINT('',(-1.53200498876191,-0.0040380592228762,
-5.80000000000004));
#23880=VERTEX_POINT('',#23870);
#23890=EDGE_CURVE('',#23880,#22880,#23860,.T.);
#23900=ORIENTED_EDGE('',*,*,#23890,.T.);
#23910=CARTESIAN_POINT('',(-1.53200498876192,-0.00403805922287614,
-5.80000000000001));
#23920=DIRECTION('',(-1.92592994438725E-34,1.,2.94648481515741E-20));
#23930=VECTOR('',#23920,1.);
#23940=LINE('',#23910,#23930);
#23950=EDGE_CURVE('',#23880,#23790,#23940,.T.);
#23960=ORIENTED_EDGE('',*,*,#23950,.F.);
#23970=EDGE_LOOP('',(#23960,#23900,#23820,#23810));
#23980=FACE_OUTER_BOUND('',#23970,.T.);
#23990=ADVANCED_FACE('',(#23980),#23730,.F.);
#24000=CARTESIAN_POINT('',(-1.50203416229077,0.345961940777124,
-5.05733198504072));
#24010=DIRECTION('',(5.67472333619398E-54,-2.94648481515741E-20,1.));
#24020=DIRECTION('',(1.,1.92592994438725E-34,0.));
#24030=AXIS2_PLACEMENT_3D('',#24000,#24010,#24020);
#24040=CYLINDRICAL_SURFACE('',#24030,0.35);
#24050=ORIENTED_EDGE('',*,*,#20010,.F.);
#24060=CARTESIAN_POINT('',(-1.50203416229077,-0.00403805922287609,
-4.15000000000005));
#24070=DIRECTION('',(-5.67472333619398E-54,2.94648481515741E-20,-1.));
#24080=VECTOR('',#24070,1.);
#24090=LINE('',#24060,#24080);
#24100=CARTESIAN_POINT('',(-1.50203416229077,-0.0040380592228762,
-4.15000000000005));
#24110=VERTEX_POINT('',#24100);
#24120=EDGE_CURVE('',#24110,#19930,#24090,.T.);
#24130=ORIENTED_EDGE('',*,*,#24120,.T.);
#24140=CARTESIAN_POINT('',(-1.50203416229077,0.345961940777124,
-4.15000000000005));
#24150=DIRECTION('',(5.67472333619398E-54,-2.94648481515741E-20,1.));
#24160=DIRECTION('',(1.92592994438725E-34,-1.,-2.94648481515741E-20));
#24170=AXIS2_PLACEMENT_3D('',#24140,#24150,#24160);
#24180=CIRCLE('',#24170,0.35);
#24190=EDGE_CURVE('',#24110,#7690,#24180,.T.);
#24200=ORIENTED_EDGE('',*,*,#24190,.F.);
#24210=ORIENTED_EDGE('',*,*,#7700,.T.);
#24220=EDGE_LOOP('',(#24210,#24200,#24130,#24050));
#24230=FACE_OUTER_BOUND('',#24220,.T.);
#24240=ADVANCED_FACE('',(#24230),#24040,.T.);
#24250=CARTESIAN_POINT('',(1.05,2.63647852397735,5.96930890298494));
#24260=DIRECTION('',(1.,0.,0.));
#24270=DIRECTION('',(0.,0.,-1.));
#24280=AXIS2_PLACEMENT_3D('',#24250,#24260,#24270);
#24290=PLANE('',#24280);
#24300=ORIENTED_EDGE('',*,*,#4320,.F.);
#24310=CARTESIAN_POINT('',(1.05,0.,5.2));
#24320=DIRECTION('',(0.,1.,0.));
#24330=VECTOR('',#24320,1.);
#24340=LINE('',#24310,#24330);
#24350=CARTESIAN_POINT('',(1.05,0.399999999999999,5.2));
#24360=VERTEX_POINT('',#24350);
#24370=EDGE_CURVE('',#4230,#24360,#24340,.T.);
#24380=ORIENTED_EDGE('',*,*,#24370,.F.);
#24390=CARTESIAN_POINT('',(1.05,0.399999999999999,5.80581604944559));
#24400=DIRECTION('',(0.,0.,-1.));
#24410=VECTOR('',#24400,1.);
#24420=LINE('',#24390,#24410);
#24430=CARTESIAN_POINT('',(1.05,0.399999999999999,5.80581604944558));
#24440=VERTEX_POINT('',#24430);
#24450=EDGE_CURVE('',#24440,#24360,#24420,.T.);
#24460=ORIENTED_EDGE('',*,*,#24450,.T.);
#24470=CARTESIAN_POINT('',(1.05,0.399999999999999,5.80581604944559));
#24480=DIRECTION('',(0.,-1.,0.));
#24490=VECTOR('',#24480,1.);
#24500=LINE('',#24470,#24490);
#24510=EDGE_CURVE('',#24440,#4310,#24500,.T.);
#24520=ORIENTED_EDGE('',*,*,#24510,.F.);
#24530=EDGE_LOOP('',(#24520,#24460,#24380,#24300));
#24540=FACE_OUTER_BOUND('',#24530,.T.);
#24550=ADVANCED_FACE('',(#24540),#24290,.F.);
#24560=CARTESIAN_POINT('',(-5.9,5.18,1.045));
#24570=DIRECTION('',(0.,1.,0.));
#24580=DIRECTION('',(0.,0.,1.));
#24590=AXIS2_PLACEMENT_3D('',#24560,#24570,#24580);
#24600=PLANE('',#24590);
#24610=ORIENTED_EDGE('',*,*,#14460,.T.);
#24620=CARTESIAN_POINT('',(-4.525,5.18,0.975));
#24630=DIRECTION('',(-1.,0.,0.));
#24640=VECTOR('',#24630,1.);
#24650=LINE('',#24620,#24640);
#24660=EDGE_CURVE('',#11150,#14360,#24650,.T.);
#24670=ORIENTED_EDGE('',*,*,#24660,.T.);
#24680=ORIENTED_EDGE('',*,*,#11400,.T.);
#24690=CARTESIAN_POINT('',(-4.525,5.18,-0.975));
#24700=DIRECTION('',(-1.,0.,0.));
#24710=VECTOR('',#24700,1.);
#24720=LINE('',#24690,#24710);
#24730=EDGE_CURVE('',#11320,#14450,#24720,.T.);
#24740=ORIENTED_EDGE('',*,*,#24730,.F.);
#24750=EDGE_LOOP('',(#24740,#24680,#24670,#24610));
#24760=FACE_OUTER_BOUND('',#24750,.T.);
#24770=ADVANCED_FACE('',(#24760),#24600,.F.);
#24780=CARTESIAN_POINT('',(1.53200498876192,0.245961940777125,
5.35000000000001));
#24790=DIRECTION('',(-1.92592994438725E-34,1.,-9.95276753369398E-16));
#24800=DIRECTION('',(1.,1.92592994438725E-34,0.));
#24810=AXIS2_PLACEMENT_3D('',#24780,#24790,#24800);
#24820=CYLINDRICAL_SURFACE('',#24810,0.199999999999997);
#24830=ORIENTED_EDGE('',*,*,#4670,.F.);
#24840=CARTESIAN_POINT('',(1.33200498876192,-0.00403805922287459,
5.35000000000001));
#24850=DIRECTION('',(-1.92592994438725E-34,1.,2.94648481515741E-20));
#24860=VECTOR('',#24850,1.);
#24870=LINE('',#24840,#24860);
#24880=CARTESIAN_POINT('',(1.33200498876192,-0.00403805922287459,
5.35000000000001));
#24890=VERTEX_POINT('',#24880);
#24900=EDGE_CURVE('',#24890,#4570,#24870,.T.);
#24910=ORIENTED_EDGE('',*,*,#24900,.T.);
#24920=CARTESIAN_POINT('',(1.53200498876192,-0.00403805922287459,
5.35000000000001));
#24930=DIRECTION('',(8.84028763313627E-30,-1.,9.95276753369398E-16));
#24940=DIRECTION('',(-1.,-4.54293417118421E-34,8.88178419700137E-15));
#24950=AXIS2_PLACEMENT_3D('',#24920,#24930,#24940);
#24960=CIRCLE('',#24950,0.199999999999997);
#24970=CARTESIAN_POINT('',(1.39058363252459,-0.00403805922287476,
5.20857864376272));
#24980=VERTEX_POINT('',#24970);
#24990=EDGE_CURVE('',#24890,#24980,#24960,.T.);
#25000=ORIENTED_EDGE('',*,*,#24990,.F.);
#25010=CARTESIAN_POINT('',(1.3905836325246,0.245961940777125,
5.20857864376272));
#25020=DIRECTION('',(1.92592994438725E-34,-1.,-2.94648481515741E-20));
#25030=VECTOR('',#25020,1.);
#25040=LINE('',#25010,#25030);
#25050=EDGE_CURVE('',#4660,#24980,#25040,.T.);
#25060=ORIENTED_EDGE('',*,*,#25050,.T.);
#25070=EDGE_LOOP('',(#25060,#25000,#24910,#24830));
#25080=FACE_OUTER_BOUND('',#25070,.T.);
#25090=ADVANCED_FACE('',(#25080),#24820,.T.);
#25100=CARTESIAN_POINT('',(-3.15200498876191,0.245961940777124,
-4.35000000000003));
#25110=DIRECTION('',(-1.92592994438725E-34,1.,2.94648481515741E-20));
#25120=DIRECTION('',(1.,1.92592994438725E-34,0.));
#25130=AXIS2_PLACEMENT_3D('',#25100,#25110,#25120);
#25140=CYLINDRICAL_SURFACE('',#25130,0.200000000000003);
#25150=ORIENTED_EDGE('',*,*,#7870,.F.);
#25160=CARTESIAN_POINT('',(-3.15200498876191,-0.0040380592228762,
-4.15000000000003));
#25170=DIRECTION('',(-1.92592994438725E-34,1.,2.94648481515741E-20));
#25180=VECTOR('',#25170,1.);
#25190=LINE('',#25160,#25180);
#25200=CARTESIAN_POINT('',(-3.15200498876191,-0.0040380592228762,
-4.15000000000005));
#25210=VERTEX_POINT('',#25200);
#25220=EDGE_CURVE('',#25210,#7770,#25190,.T.);
#25230=ORIENTED_EDGE('',*,*,#25220,.T.);
#25240=CARTESIAN_POINT('',(-3.15200498876191,-0.0040380592228762,
-4.35000000000003));
#25250=DIRECTION('',(1.92592994438725E-34,-1.,-2.94648481515741E-20));
#25260=DIRECTION('',(5.67472333619398E-54,-2.94648481515741E-20,1.));
#25270=AXIS2_PLACEMENT_3D('',#25240,#25250,#25260);
#25280=CIRCLE('',#25270,0.200000000000003);
#25290=CARTESIAN_POINT('',(-3.35200498876192,-0.0040380592228762,
-4.35000000000003));
#25300=VERTEX_POINT('',#25290);
#25310=EDGE_CURVE('',#25210,#25300,#25280,.T.);
#25320=ORIENTED_EDGE('',*,*,#25310,.F.);
#25330=CARTESIAN_POINT('',(-3.35200498876192,0.245961940777124,
-4.35000000000003));
#25340=DIRECTION('',(1.92592994438725E-34,-1.,-2.94648481515741E-20));
#25350=VECTOR('',#25340,1.);
#25360=LINE('',#25330,#25350);
#25370=EDGE_CURVE('',#7860,#25300,#25360,.T.);
#25380=ORIENTED_EDGE('',*,*,#25370,.T.);
#25390=EDGE_LOOP('',(#25380,#25320,#25230,#25150));
#25400=FACE_OUTER_BOUND('',#25390,.T.);
#25410=ADVANCED_FACE('',(#25400),#25140,.T.);
#25420=CARTESIAN_POINT('',(3.25200498876191,0.245961940777125,
5.27320508075684));
#25430=DIRECTION('',(-0.499999999999997,-8.88152902393107E-16,
-0.86602540378444));
#25440=DIRECTION('',(-0.86602540378444,4.99585628657244E-16,
0.499999999999997));
#25450=AXIS2_PLACEMENT_3D('',#25420,#25430,#25440);
#25460=PLANE('',#25450);
#25470=ORIENTED_EDGE('',*,*,#19530,.F.);
#25480=CARTESIAN_POINT('',(3.2520049887619,0.245961940777126,
5.27320508075682));
#25490=DIRECTION('',(1.92592994438725E-34,-1.,-2.94648481515741E-20));
#25500=VECTOR('',#25490,1.);
#25510=LINE('',#25480,#25500);
#25520=CARTESIAN_POINT('',(3.25200498876189,-0.0040380592228747,
5.27320508075683));
#25530=VERTEX_POINT('',#25520);
#25540=EDGE_CURVE('',#19460,#25530,#25510,.T.);
#25550=ORIENTED_EDGE('',*,*,#25540,.F.);
#25560=CARTESIAN_POINT('',(3.25200498876187,-0.0040380592228747,
5.27320508075683));
#25570=DIRECTION('',(-0.866025403784434,5.26861564247649E-16,
0.500000000000008));
#25580=VECTOR('',#25570,1.);
#25590=LINE('',#25560,#25580);
#25600=EDGE_CURVE('',#25530,#19140,#25590,.T.);
#25610=ORIENTED_EDGE('',*,*,#25600,.F.);
#25620=ORIENTED_EDGE('',*,*,#19150,.T.);
#25630=EDGE_LOOP('',(#25620,#25610,#25550,#25470));
#25640=FACE_OUTER_BOUND('',#25630,.T.);
#25650=ADVANCED_FACE('',(#25640),#25460,.F.);
#25660=CARTESIAN_POINT('',(1.88200498876192,0.245961940777125,
4.84999999999995));
#25670=DIRECTION('',(-1.92592994438725E-34,1.,-9.95276753369398E-16));
#25680=DIRECTION('',(1.,1.92592994438725E-34,0.));
#25690=AXIS2_PLACEMENT_3D('',#25660,#25670,#25680);
#25700=CYLINDRICAL_SURFACE('',#25690,0.199999999999992);
#25710=CARTESIAN_POINT('',(1.88200498876192,0.245961940777125,
4.64999999999996));
#25720=DIRECTION('',(1.92592994438725E-34,-1.,-2.94648481515741E-20));
#25730=VECTOR('',#25720,1.);
#25740=LINE('',#25710,#25730);
#25750=CARTESIAN_POINT('',(1.88200498876192,-0.00403805922287531,
4.64999999999997));
#25760=VERTEX_POINT('',#25750);
#25770=EDGE_CURVE('',#5000,#25760,#25740,.T.);
#25780=ORIENTED_EDGE('',*,*,#25770,.T.);
#25790=ORIENTED_EDGE('',*,*,#5010,.T.);
#25800=ORIENTED_EDGE('',*,*,#15290,.T.);
#25810=CARTESIAN_POINT('',(1.88200498876192,-0.00403805922287498,
4.84999999999995));
#25820=DIRECTION('',(-1.92592994438725E-34,1.,-1.11019355977705E-15));
#25830=DIRECTION('',(-2.1381550208405E-49,1.11019355977705E-15,1.));
#25840=AXIS2_PLACEMENT_3D('',#25810,#25820,#25830);
#25850=CIRCLE('',#25840,0.199999999999992);
#25860=EDGE_CURVE('',#15220,#25760,#25850,.T.);
#25870=ORIENTED_EDGE('',*,*,#25860,.F.);
#25880=EDGE_LOOP('',(#25870,#25800,#25790,#25780));
#25890=FACE_OUTER_BOUND('',#25880,.T.);
#25900=ADVANCED_FACE('',(#25890),#25700,.F.);
#25910=CARTESIAN_POINT('',(0.911600000000001,0.299999999999999,
4.64999999999998));
#25920=DIRECTION('',(1.74487528782151E-15,1.75976591403518E-15,1.));
#25930=DIRECTION('',(1.92592994438725E-34,-1.,1.75976591403518E-15));
#25940=AXIS2_PLACEMENT_3D('',#25910,#25920,#25930);
#25950=PLANE('',#25940);
#25960=ORIENTED_EDGE('',*,*,#25770,.F.);
#25970=CARTESIAN_POINT('',(1.50203416229077,-0.00403805922287526,
4.64999999999998));
#25980=DIRECTION('',(1.,1.92592994438725E-34,0.));
#25990=VECTOR('',#25980,1.);
#26000=LINE('',#25970,#25990);
#26010=EDGE_CURVE('',#16240,#25760,#26000,.T.);
#26020=ORIENTED_EDGE('',*,*,#26010,.T.);
#26030=ORIENTED_EDGE('',*,*,#16250,.T.);
#26040=ORIENTED_EDGE('',*,*,#5090,.T.);
#26050=EDGE_LOOP('',(#26040,#26030,#26020,#25960));
#26060=FACE_OUTER_BOUND('',#26050,.T.);
#26070=ADVANCED_FACE('',(#26060),#25950,.T.);
#26080=CARTESIAN_POINT('',(3.25200498876191,0.245961940777115,
-5.27320508075697));
#26090=DIRECTION('',(-0.499999999999986,8.88152902393107E-16,
0.866025403784447));
#26100=DIRECTION('',(0.866025403784447,4.99585628657245E-16,
0.499999999999986));
#26110=AXIS2_PLACEMENT_3D('',#26080,#26090,#26100);
#26120=PLANE('',#26110);
#26130=CARTESIAN_POINT('',(3.25200498876187,0.245961940777115,
-5.27320508075696));
#26140=DIRECTION('',(-0.866025403784438,-5.0051774941411E-16,
-0.500000000000001));
#26150=VECTOR('',#26140,1.);
#26160=LINE('',#26130,#26150);
#26170=CARTESIAN_POINT('',(3.25200498876191,0.245961940777115,
-5.27320508075695));
#26180=VERTEX_POINT('',#26170);
#26190=CARTESIAN_POINT('',(2.33956942346375,0.245961940777114,
-5.80000000000002));
#26200=VERTEX_POINT('',#26190);
#26210=EDGE_CURVE('',#26180,#26200,#26160,.T.);
#26220=ORIENTED_EDGE('',*,*,#26210,.F.);
#26230=CARTESIAN_POINT('',(2.33956942346375,0.245961940777114,
-5.80000000000003));
#26240=DIRECTION('',(1.92592994438725E-34,-1.,-2.94648481515741E-20));
#26250=VECTOR('',#26240,1.);
#26260=LINE('',#26230,#26250);
#26270=CARTESIAN_POINT('',(2.33956942346376,-0.00403805922288553,
-5.80000000000003));
#26280=VERTEX_POINT('',#26270);
#26290=EDGE_CURVE('',#26200,#26280,#26260,.T.);
#26300=ORIENTED_EDGE('',*,*,#26290,.F.);
#26310=CARTESIAN_POINT('',(2.33956942346375,-0.00403805922288569,
-5.80000000000002));
#26320=DIRECTION('',(0.866025403784438,4.74173934580521E-16,
0.500000000000001));
#26330=VECTOR('',#26320,1.);
#26340=LINE('',#26310,#26330);
#26350=CARTESIAN_POINT('',(3.25200498876189,-0.00403805922288519,
-5.27320508075696));
#26360=VERTEX_POINT('',#26350);
#26370=EDGE_CURVE('',#26280,#26360,#26340,.T.);
#26380=ORIENTED_EDGE('',*,*,#26370,.F.);
#26390=CARTESIAN_POINT('',(3.25200498876191,-0.00403805922288508,
-5.27320508075696));
#26400=DIRECTION('',(-1.92592994438725E-34,1.,2.94648481515741E-20));
#26410=VECTOR('',#26400,1.);
#26420=LINE('',#26390,#26410);
#26430=EDGE_CURVE('',#26360,#26180,#26420,.T.);
#26440=ORIENTED_EDGE('',*,*,#26430,.F.);
#26450=EDGE_LOOP('',(#26440,#26380,#26300,#26220));
#26460=FACE_OUTER_BOUND('',#26450,.T.);
#26470=ADVANCED_FACE('',(#26460),#26120,.F.);
#26480=CARTESIAN_POINT('',(4.5,-1.25,0.));
#26490=DIRECTION('',(0.,-1.,0.));
#26500=DIRECTION('',(0.,0.,-1.));
#26510=AXIS2_PLACEMENT_3D('',#26480,#26490,#26500);
#26520=PLANE('',#26510);
#26530=ORIENTED_EDGE('',*,*,#12780,.T.);
#26540=EDGE_CURVE('',#12770,#12660,#12750,.T.);
#26550=ORIENTED_EDGE('',*,*,#26540,.T.);
#26560=EDGE_LOOP('',(#26550,#26530));
#26570=FACE_OUTER_BOUND('',#26560,.T.);
#26580=ADVANCED_FACE('',(#26570),#26520,.T.);
#26590=CARTESIAN_POINT('',(-2.3,2.34705627484771,2.35000000000001));
#26600=DIRECTION('',(0.,-1.,0.));
#26610=DIRECTION('',(0.,0.,-1.));
#26620=AXIS2_PLACEMENT_3D('',#26590,#26600,#26610);
#26630=CYLINDRICAL_SURFACE('',#26620,0.6);
#26640=CARTESIAN_POINT('',(-2.3,2.34705627484771,1.75000000000001));
#26650=DIRECTION('',(0.,-1.,0.));
#26660=VECTOR('',#26650,1.);
#26670=LINE('',#26640,#26660);
#26680=EDGE_CURVE('',#20180,#1730,#26670,.T.);
#26690=ORIENTED_EDGE('',*,*,#26680,.F.);
#26700=ORIENTED_EDGE('',*,*,#1760,.F.);
#26710=CARTESIAN_POINT('',(-2.3,2.34705627484771,2.95000000000001));
#26720=DIRECTION('',(0.,-1.,0.));
#26730=VECTOR('',#26720,1.);
#26740=LINE('',#26710,#26730);
#26750=EDGE_CURVE('',#20200,#1750,#26740,.T.);
#26760=ORIENTED_EDGE('',*,*,#26750,.T.);
#26770=ORIENTED_EDGE('',*,*,#20230,.F.);
#26780=EDGE_LOOP('',(#26770,#26760,#26700,#26690));
#26790=FACE_OUTER_BOUND('',#26780,.T.);
#26800=ADVANCED_FACE('',(#26790),#26630,.F.);
#26810=CARTESIAN_POINT('',(0.850000000000001,0.649999999999999,
6.16715728752536));
#26820=DIRECTION('',(-1.,-1.99869085004471E-34,2.4694139023953E-16));
#26830=DIRECTION('',(2.4694139023953E-16,-2.94648481515741E-20,1.));
#26840=AXIS2_PLACEMENT_3D('',#26810,#26820,#26830);
#26850=PLANE('',#26840);
#26860=CARTESIAN_POINT('',(0.850000000000001,0.399999999999999,
5.99999999999999));
#26870=DIRECTION('',(-2.89623397728293E-16,2.94648481515741E-20,-1.));
#26880=VECTOR('',#26870,1.);
#26890=LINE('',#26860,#26880);
#26900=CARTESIAN_POINT('',(0.850000000000001,0.399999999999999,
5.99999999999999));
#26910=VERTEX_POINT('',#26900);
#26920=CARTESIAN_POINT('',(0.84999999999999,0.399999999999999,
5.83845013680857));
#26930=VERTEX_POINT('',#26920);
#26940=EDGE_CURVE('',#26910,#26930,#26890,.T.);
#26950=ORIENTED_EDGE('',*,*,#26940,.T.);
#26960=CARTESIAN_POINT('',(0.850000000000001,0.399999999999999,
5.99999999999999));
#26970=DIRECTION('',(-1.92592994438725E-34,1.,2.94648481515741E-20));
#26980=VECTOR('',#26970,1.);
#26990=LINE('',#26960,#26980);
#27000=CARTESIAN_POINT('',(0.850000000000001,0.649999999999999,
5.99999999999999));
#27010=VERTEX_POINT('',#27000);
#27020=EDGE_CURVE('',#26910,#27010,#26990,.T.);
#27030=ORIENTED_EDGE('',*,*,#27020,.F.);
#27040=CARTESIAN_POINT('',(0.850000000000001,0.649999999999999,
5.99999999999999));
#27050=DIRECTION('',(-5.67472333619398E-54,2.94648481515741E-20,-1.));
#27060=VECTOR('',#27050,1.);
#27070=LINE('',#27040,#27060);
#27080=CARTESIAN_POINT('',(0.849999999999989,0.649999999999999,
5.83845013680857));
#27090=VERTEX_POINT('',#27080);
#27100=EDGE_CURVE('',#27010,#27090,#27070,.T.);
#27110=ORIENTED_EDGE('',*,*,#27100,.F.);
#27120=CARTESIAN_POINT('',(0.850000000000001,19.9068722891566,
5.83845013680857));
#27130=DIRECTION('',(0.,1.,0.));
#27140=VECTOR('',#27130,1.);
#27150=LINE('',#27120,#27140);
#27160=EDGE_CURVE('',#26930,#27090,#27150,.T.);
#27170=ORIENTED_EDGE('',*,*,#27160,.T.);
#27180=EDGE_LOOP('',(#27170,#27110,#27030,#26950));
#27190=FACE_OUTER_BOUND('',#27180,.T.);
#27200=ADVANCED_FACE('',(#27190),#26850,.F.);
#27210=CARTESIAN_POINT('',(-3.35200498876192,0.245961940777124,
-4.35000000000003));
#27220=DIRECTION('',(1.,1.92592994438725E-34,0.));
#27230=DIRECTION('',(-5.67472333619398E-54,2.94648481515741E-20,-1.));
#27240=AXIS2_PLACEMENT_3D('',#27210,#27220,#27230);
#27250=PLANE('',#27240);
#27260=CARTESIAN_POINT('',(-3.35200498876192,0.245961940777124,
-5.10000000000009));
#27270=DIRECTION('',(5.67472333619398E-54,-2.94648481515741E-20,1.));
#27280=VECTOR('',#27270,1.);
#27290=LINE('',#27260,#27280);
#27300=EDGE_CURVE('',#17910,#10400,#27290,.T.);
#27310=ORIENTED_EDGE('',*,*,#27300,.F.);
#27320=ORIENTED_EDGE('',*,*,#10410,.T.);
#27330=ORIENTED_EDGE('',*,*,#7950,.F.);
#27340=ORIENTED_EDGE('',*,*,#25370,.F.);
#27350=CARTESIAN_POINT('',(-3.35200498876192,-0.0040380592228762,
-5.10000000000006));
#27360=DIRECTION('',(5.67472333619398E-54,-2.94648481515741E-20,1.));
#27370=VECTOR('',#27360,1.);
#27380=LINE('',#27350,#27370);
#27390=EDGE_CURVE('',#17990,#25300,#27380,.T.);
#27400=ORIENTED_EDGE('',*,*,#27390,.T.);
#27410=ORIENTED_EDGE('',*,*,#18000,.F.);
#27420=EDGE_LOOP('',(#27410,#27400,#27340,#27330,#27320,#27310));
#27430=FACE_OUTER_BOUND('',#27420,.T.);
#27440=ADVANCED_FACE('',(#27430),#27250,.F.);
#27450=CARTESIAN_POINT('',(1.4905836325246,0.245961940777125,
5.10857864376267));
#27460=DIRECTION('',(0.70710678118668,7.21624131212417E-16,
0.707106781186415));
#27470=DIRECTION('',(0.707106781186415,-7.21624131212417E-16,
-0.70710678118668));
#27480=AXIS2_PLACEMENT_3D('',#27450,#27460,#27470);
#27490=PLANE('',#27480);
#27500=ORIENTED_EDGE('',*,*,#25050,.F.);
#27510=CARTESIAN_POINT('',(1.39058363252459,-0.00403805922287476,
5.20857864376272));
#27520=DIRECTION('',(0.707106781186299,-7.85025394547158E-16,
-0.707106781186796));
#27530=VECTOR('',#27520,1.);
#27540=LINE('',#27510,#27530);
#27550=EDGE_CURVE('',#24980,#14680,#27540,.T.);
#27560=ORIENTED_EDGE('',*,*,#27550,.F.);
#27570=ORIENTED_EDGE('',*,*,#14690,.F.);
#27580=ORIENTED_EDGE('',*,*,#4750,.F.);
#27590=EDGE_LOOP('',(#27580,#27570,#27560,#27500));
#27600=FACE_OUTER_BOUND('',#27590,.T.);
#27610=ADVANCED_FACE('',(#27600),#27490,.F.);
#27620=CARTESIAN_POINT('',(-5.9,4.83,0.975));
#27630=DIRECTION('',(0.,-1.01803020890658E-16,1.));
#27640=DIRECTION('',(0.,-1.,-1.01803020890658E-16));
#27650=AXIS2_PLACEMENT_3D('',#27620,#27630,#27640);
#27660=PLANE('',#27650);
#27670=ORIENTED_EDGE('',*,*,#24660,.F.);
#27680=ORIENTED_EDGE('',*,*,#14370,.F.);
#27690=CARTESIAN_POINT('',(-4.49548384492704,3.05,0.975));
#27700=DIRECTION('',(-1.,0.,0.));
#27710=VECTOR('',#27700,1.);
#27720=LINE('',#27690,#27710);
#27730=EDGE_CURVE('',#11130,#14280,#27720,.T.);
#27740=ORIENTED_EDGE('',*,*,#27730,.T.);
#27750=ORIENTED_EDGE('',*,*,#11160,.F.);
#27760=EDGE_LOOP('',(#27750,#27740,#27680,#27670));
#27770=FACE_OUTER_BOUND('',#27760,.T.);
#27780=ADVANCED_FACE('',(#27770),#27660,.F.);
#27790=CARTESIAN_POINT('',(3.15200498876192,0.245961940777126,
5.09999999999993));
#27800=DIRECTION('',(-1.92592994438725E-34,1.,-9.95276753369398E-16));
#27810=DIRECTION('',(1.,1.92592994438725E-34,0.));
#27820=AXIS2_PLACEMENT_3D('',#27790,#27800,#27810);
#27830=CYLINDRICAL_SURFACE('',#27820,0.199999999999997);
#27840=ORIENTED_EDGE('',*,*,#19470,.F.);
#27850=ORIENTED_EDGE('',*,*,#16880,.T.);
#27860=CARTESIAN_POINT('',(3.15200498876192,-0.00403805922287448,
5.09999999999993));
#27870=DIRECTION('',(9.90090837088881E-28,-1.,9.95276753369398E-16));
#27880=DIRECTION('',(1.,2.95030403345647E-32,-9.94759830064155E-13));
#27890=AXIS2_PLACEMENT_3D('',#27860,#27870,#27880);
#27900=CIRCLE('',#27890,0.199999999999997);
#27910=EDGE_CURVE('',#16810,#25530,#27900,.T.);
#27920=ORIENTED_EDGE('',*,*,#27910,.F.);
#27930=ORIENTED_EDGE('',*,*,#25540,.T.);
#27940=EDGE_LOOP('',(#27930,#27920,#27850,#27840));
#27950=FACE_OUTER_BOUND('',#27940,.T.);
#27960=ADVANCED_FACE('',(#27950),#27830,.T.);
#27970=CARTESIAN_POINT('',(0.,7.95021501815331,0.));
#27980=DIRECTION('',(0.,1.,0.));
#27990=DIRECTION('',(0.,0.,1.));
#28000=AXIS2_PLACEMENT_3D('',#27970,#27980,#27990);
#28010=CYLINDRICAL_SURFACE('',#28000,4.7);
#28020=CARTESIAN_POINT('',(0.,7.95021501815331,4.7));
#28030=DIRECTION('',(0.,1.,0.));
#28040=VECTOR('',#28030,1.);
#28050=LINE('',#28020,#28040);
#28060=CARTESIAN_POINT('',(0.,1.85,4.7));
#28070=VERTEX_POINT('',#28060);
#28080=EDGE_CURVE('',#28070,#21100,#28050,.T.);
#28090=ORIENTED_EDGE('',*,*,#28080,.T.);
#28100=CARTESIAN_POINT('',(0.,1.85,0.));
#28110=DIRECTION('',(0.,-1.,0.));
#28120=DIRECTION('',(1.22464679914735E-16,0.,-1.));
#28130=AXIS2_PLACEMENT_3D('',#28100,#28110,#28120);
#28140=CIRCLE('',#28130,4.7);
#28150=CARTESIAN_POINT('',(5.75583995599256E-16,1.85,-4.7));
#28160=VERTEX_POINT('',#28150);
#28170=EDGE_CURVE('',#28070,#28160,#28140,.T.);
#28180=ORIENTED_EDGE('',*,*,#28170,.F.);
#28190=CARTESIAN_POINT('',(5.75583995599256E-16,7.95021501815331,-4.7));
#28200=DIRECTION('',(0.,1.,0.));
#28210=VECTOR('',#28200,1.);
#28220=LINE('',#28190,#28210);
#28230=EDGE_CURVE('',#28160,#21210,#28220,.T.);
#28240=ORIENTED_EDGE('',*,*,#28230,.F.);
#28250=ORIENTED_EDGE('',*,*,#21220,.F.);
#28260=EDGE_LOOP('',(#28250,#28240,#28180,#28090));
#28270=FACE_OUTER_BOUND('',#28260,.T.);
#28280=ADVANCED_FACE('',(#28270),#28010,.T.);
#28290=CARTESIAN_POINT('',(0.,1.55,-5.5));
#28300=DIRECTION('',(0.,1.,0.));
#28310=DIRECTION('',(0.,0.,1.));
#28320=AXIS2_PLACEMENT_3D('',#28290,#28300,#28310);
#28330=PLANE('',#28320);
#28340=CARTESIAN_POINT('',(0.,1.55,0.));
#28350=DIRECTION('',(0.,1.,0.));
#28360=DIRECTION('',(-1.22594281638559E-16,0.,1.));
#28370=AXIS2_PLACEMENT_3D('',#28340,#28350,#28360);
#28380=CIRCLE('',#28370,5.4);
#28390=CARTESIAN_POINT('',(0.,1.55,5.4));
#28400=VERTEX_POINT('',#28390);
#28410=CARTESIAN_POINT('',(0.,1.55,-5.4));
#28420=VERTEX_POINT('',#28410);
#28430=EDGE_CURVE('',#28400,#28420,#28380,.T.);
#28440=ORIENTED_EDGE('',*,*,#28430,.T.);
#28450=EDGE_CURVE('',#28420,#28400,#28380,.T.);
#28460=ORIENTED_EDGE('',*,*,#28450,.T.);
#28470=EDGE_LOOP('',(#28460,#28440));
#28480=FACE_OUTER_BOUND('',#28470,.T.);
#28490=CARTESIAN_POINT('',(0.,1.55,0.));
#28500=DIRECTION('',(0.,-1.,0.));
#28510=DIRECTION('',(1.22464679914735E-16,0.,-1.));
#28520=AXIS2_PLACEMENT_3D('',#28490,#28500,#28510);
#28530=CIRCLE('',#28520,5.);
#28540=CARTESIAN_POINT('',(6.12323399573677E-16,1.54999999999999,5.));
#28550=VERTEX_POINT('',#28540);
#28560=CARTESIAN_POINT('',(0.,1.55,-5.));
#28570=VERTEX_POINT('',#28560);
#28580=EDGE_CURVE('',#28550,#28570,#28530,.T.);
#28590=ORIENTED_EDGE('',*,*,#28580,.T.);
#28600=EDGE_CURVE('',#28570,#28550,#28530,.T.);
#28610=ORIENTED_EDGE('',*,*,#28600,.T.);
#28620=EDGE_LOOP('',(#28610,#28590));
#28630=FACE_BOUND('',#28620,.T.);
#28640=ADVANCED_FACE('',(#28480,#28630),#28330,.T.);
#28650=CARTESIAN_POINT('',(3.15200498876192,0.245961940777125,
4.3499999999999));
#28660=DIRECTION('',(-1.92592994438725E-34,1.,-9.95276753369398E-16));
#28670=DIRECTION('',(1.,1.92592994438725E-34,0.));
#28680=AXIS2_PLACEMENT_3D('',#28650,#28660,#28670);
#28690=CYLINDRICAL_SURFACE('',#28680,0.200000000000017);
#28700=ORIENTED_EDGE('',*,*,#5340,.F.);
#28710=ORIENTED_EDGE('',*,*,#20610,.T.);
#28720=CARTESIAN_POINT('',(3.15200498876192,-0.0040380592228752,
4.3499999999999));
#28730=DIRECTION('',(-2.88338030128408E-28,-1.,1.11019355977691E-15));
#28740=DIRECTION('',(2.50910403565264E-12,-1.11019355977691E-15,-1.));
#28750=AXIS2_PLACEMENT_3D('',#28720,#28730,#28740);
#28760=CIRCLE('',#28750,0.200000000000017);
#28770=EDGE_CURVE('',#20540,#16730,#28760,.T.);
#28780=ORIENTED_EDGE('',*,*,#28770,.F.);
#28790=ORIENTED_EDGE('',*,*,#16740,.T.);
#28800=EDGE_LOOP('',(#28790,#28780,#28710,#28700));
#28810=FACE_OUTER_BOUND('',#28800,.T.);
#28820=ADVANCED_FACE('',(#28810),#28690,.T.);
#28830=CARTESIAN_POINT('',(-1.88200498876191,0.245961940777124,
5.04999999999993));
#28840=DIRECTION('',(5.67472333619398E-54,-2.94648481515741E-20,1.));
#28850=DIRECTION('',(1.,1.92592994438725E-34,0.));
#28860=AXIS2_PLACEMENT_3D('',#28830,#28840,#28850);
#28870=PLANE('',#28860);
#28880=CARTESIAN_POINT('',(-1.88200498876191,0.245961940777124,
5.04999999999995));
#28890=DIRECTION('',(1.92592994438725E-34,-1.,-2.94648481515741E-20));
#28900=VECTOR('',#28890,1.);
#28910=LINE('',#28880,#28900);
#28920=CARTESIAN_POINT('',(-1.88200498876192,-0.0040380592228762,
5.04999999999994));
#28930=VERTEX_POINT('',#28920);
#28940=EDGE_CURVE('',#3470,#28930,#28910,.T.);
#28950=ORIENTED_EDGE('',*,*,#28940,.F.);
#28960=CARTESIAN_POINT('',(-1.63200498876191,-0.0040380592228762,
5.04999999999993));
#28970=DIRECTION('',(-1.,-1.92592994438725E-34,0.));
#28980=VECTOR('',#28970,1.);
#28990=LINE('',#28960,#28980);
#29000=CARTESIAN_POINT('',(-1.63200498876191,-0.0040380592228762,
5.04999999999993));
#29010=VERTEX_POINT('',#29000);
#29020=EDGE_CURVE('',#29010,#28930,#28990,.T.);
#29030=ORIENTED_EDGE('',*,*,#29020,.T.);
#29040=CARTESIAN_POINT('',(-1.63200498876191,-0.0040380592228762,
5.04999999999997));
#29050=DIRECTION('',(-1.92592994438725E-34,1.,2.94648481515741E-20));
#29060=VECTOR('',#29050,1.);
#29070=LINE('',#29040,#29060);
#29080=EDGE_CURVE('',#29010,#3550,#29070,.T.);
#29090=ORIENTED_EDGE('',*,*,#29080,.F.);
#29100=ORIENTED_EDGE('',*,*,#3560,.F.);
#29110=EDGE_LOOP('',(#29100,#29090,#29030,#28950));
#29120=FACE_OUTER_BOUND('',#29110,.T.);
#29130=ADVANCED_FACE('',(#29120),#28870,.F.);
#29140=CARTESIAN_POINT('',(-5.9,5.18,1.045));
#29150=DIRECTION('',(0.,1.,0.));
#29160=DIRECTION('',(0.,0.,1.));
#29170=AXIS2_PLACEMENT_3D('',#29140,#29150,#29160);
#29180=PLANE('',#29170);
#29190=CARTESIAN_POINT('',(5.14849249780943,5.18,0.975));
#29200=DIRECTION('',(-1.,0.,0.));
#29210=VECTOR('',#29200,1.);
#29220=LINE('',#29190,#29210);
#29230=CARTESIAN_POINT('',(5.14849249780943,5.18,0.975));
#29240=VERTEX_POINT('',#29230);
#29250=CARTESIAN_POINT('',(5.00083992945185,5.18,0.975000000000001));
#29260=VERTEX_POINT('',#29250);
#29270=EDGE_CURVE('',#29240,#29260,#29220,.T.);
#29280=ORIENTED_EDGE('',*,*,#29270,.T.);
#29290=CARTESIAN_POINT('',(0.,5.18,0.));
#29300=DIRECTION('',(0.,-1.,-0.));
#29310=DIRECTION('',(0.982536736223174,0.,-0.186068702290076));
#29320=AXIS2_PLACEMENT_3D('',#29290,#29300,#29310);
#29330=CIRCLE('',#29320,5.24);
#29340=EDGE_CURVE('',#21520,#29240,#29330,.T.);
#29350=ORIENTED_EDGE('',*,*,#29340,.T.);
#29360=ORIENTED_EDGE('',*,*,#21550,.F.);
#29370=CARTESIAN_POINT('',(0.,5.18,0.));
#29380=DIRECTION('',(0.,1.,0.));
#29390=DIRECTION('',(0.,0.,1.));
#29400=AXIS2_PLACEMENT_3D('',#29370,#29380,#29390);
#29410=CIRCLE('',#29400,5.095);
#29420=EDGE_CURVE('',#29260,#21540,#29410,.T.);
#29430=ORIENTED_EDGE('',*,*,#29420,.T.);
#29440=EDGE_LOOP('',(#29430,#29360,#29350,#29280));
#29450=FACE_OUTER_BOUND('',#29440,.T.);
#29460=ADVANCED_FACE('',(#29450),#29180,.F.);
#29470=CARTESIAN_POINT('',(2.94902990916057E-14,0.399999999999999,-318.5
));
#29480=DIRECTION('',(0.,1.,0.));
#29490=DIRECTION('',(1.,0.,1.22464679914735E-16));
#29500=AXIS2_PLACEMENT_3D('',#29470,#29480,#29490);
#29510=PLANE('',#29500);
#29520=CARTESIAN_POINT('',(-1.05,0.399999999999999,-5.80581604944559));
#29530=DIRECTION('',(0.,0.,1.));
#29540=VECTOR('',#29530,1.);
#29550=LINE('',#29520,#29540);
#29560=CARTESIAN_POINT('',(-1.05,0.399999999999999,-5.19999999999999));
#29570=VERTEX_POINT('',#29560);
#29580=EDGE_CURVE('',#10640,#29570,#29550,.T.);
#29590=ORIENTED_EDGE('',*,*,#29580,.F.);
#29600=CARTESIAN_POINT('',(-1.05,0.399999999999999,-5.2));
#29610=DIRECTION('',(1.,0.,0.));
#29620=VECTOR('',#29610,1.);
#29630=LINE('',#29600,#29620);
#29640=CARTESIAN_POINT('',(1.05,0.399999999999999,-5.2));
#29650=VERTEX_POINT('',#29640);
#29660=EDGE_CURVE('',#29570,#29650,#29630,.T.);
#29670=ORIENTED_EDGE('',*,*,#29660,.F.);
#29680=CARTESIAN_POINT('',(1.05,0.399999999999999,-5.2));
#29690=DIRECTION('',(0.,0.,-1.));
#29700=VECTOR('',#29690,1.);
#29710=LINE('',#29680,#29700);
#29720=CARTESIAN_POINT('',(1.05,0.399999999999999,-5.80581604944559));
#29730=VERTEX_POINT('',#29720);
#29740=EDGE_CURVE('',#29650,#29730,#29710,.T.);
#29750=ORIENTED_EDGE('',*,*,#29740,.F.);
#29760=CARTESIAN_POINT('',(0.,0.399999999999999,0.));
#29770=DIRECTION('',(0.,-1.,-0.));
#29780=DIRECTION('',(0.144067796610169,0.,-0.989567819798063));
#29790=AXIS2_PLACEMENT_3D('',#29760,#29770,#29780);
#29800=CIRCLE('',#29790,5.9);
#29810=CARTESIAN_POINT('',(0.850000000000001,0.399999999999999,
-5.83845013680857));
#29820=VERTEX_POINT('',#29810);
#29830=EDGE_CURVE('',#29820,#29730,#29800,.T.);
#29840=ORIENTED_EDGE('',*,*,#29830,.T.);
#29850=CARTESIAN_POINT('',(0.850000000000001,0.399999999999999,
-4.85000000000003));
#29860=DIRECTION('',(2.89623397728307E-16,2.94648481515741E-20,-1.));
#29870=VECTOR('',#29860,1.);
#29880=LINE('',#29850,#29870);
#29890=CARTESIAN_POINT('',(0.850000000000001,0.399999999999999,
-6.00000000000001));
#29900=VERTEX_POINT('',#29890);
#29910=EDGE_CURVE('',#29820,#29900,#29880,.T.);
#29920=ORIENTED_EDGE('',*,*,#29910,.F.);
#29930=CARTESIAN_POINT('',(-0.250000000000011,0.4,-6.));
#29940=DIRECTION('',(1.,0.,0.));
#29950=VECTOR('',#29940,1.);
#29960=LINE('',#29930,#29950);
#29970=EDGE_CURVE('',#23100,#29900,#29960,.T.);
#29980=ORIENTED_EDGE('',*,*,#29970,.T.);
#29990=ORIENTED_EDGE('',*,*,#23110,.F.);
#30000=ORIENTED_EDGE('',*,*,#10740,.T.);
#30010=EDGE_LOOP('',(#30000,#29990,#29980,#29920,#29840,#29750,#29670,
#29590));
#30020=FACE_OUTER_BOUND('',#30010,.T.);
#30030=ADVANCED_FACE('',(#30020),#29510,.F.);
#30040=CARTESIAN_POINT('',(-1.05,2.63647852397735,-5.96930890298494));
#30050=DIRECTION('',(-1.,0.,0.));
#30060=DIRECTION('',(0.,0.,1.));
#30070=AXIS2_PLACEMENT_3D('',#30040,#30050,#30060);
#30080=PLANE('',#30070);
#30090=ORIENTED_EDGE('',*,*,#6850,.F.);
#30100=CARTESIAN_POINT('',(-1.05,0.,-5.2));
#30110=DIRECTION('',(0.,1.,0.));
#30120=VECTOR('',#30110,1.);
#30130=LINE('',#30100,#30120);
#30140=EDGE_CURVE('',#6760,#29570,#30130,.T.);
#30150=ORIENTED_EDGE('',*,*,#30140,.F.);
#30160=ORIENTED_EDGE('',*,*,#29580,.T.);
#30170=ORIENTED_EDGE('',*,*,#10650,.F.);
#30180=EDGE_LOOP('',(#30170,#30160,#30150,#30090));
#30190=FACE_OUTER_BOUND('',#30180,.T.);
#30200=ADVANCED_FACE('',(#30190),#30080,.F.);
#30210=CARTESIAN_POINT('',(-1.05,2.63647852397735,-5.2));
#30220=DIRECTION('',(0.,0.,1.));
#30230=DIRECTION('',(1.,0.,0.));
#30240=AXIS2_PLACEMENT_3D('',#30210,#30220,#30230);
#30250=PLANE('',#30240);
#30260=ORIENTED_EDGE('',*,*,#29660,.T.);
#30270=ORIENTED_EDGE('',*,*,#30140,.T.);
#30280=ORIENTED_EDGE('',*,*,#6770,.F.);
#30290=CARTESIAN_POINT('',(1.05,-4.44089209850063E-16,-5.2));
#30300=DIRECTION('',(0.,1.,0.));
#30310=VECTOR('',#30300,1.);
#30320=LINE('',#30290,#30310);
#30330=EDGE_CURVE('',#6680,#29650,#30320,.T.);
#30340=ORIENTED_EDGE('',*,*,#30330,.F.);
#30350=EDGE_LOOP('',(#30340,#30280,#30270,#30260));
#30360=FACE_OUTER_BOUND('',#30350,.T.);
#30370=ADVANCED_FACE('',(#30360),#30250,.F.);
#30380=CARTESIAN_POINT('',(1.05,2.63647852397735,-5.96930890298494));
#30390=DIRECTION('',(1.,0.,0.));
#30400=DIRECTION('',(0.,0.,-1.));
#30410=AXIS2_PLACEMENT_3D('',#30380,#30390,#30400);
#30420=PLANE('',#30410);
#30430=ORIENTED_EDGE('',*,*,#29740,.T.);
#30440=ORIENTED_EDGE('',*,*,#30330,.T.);
#30450=ORIENTED_EDGE('',*,*,#6690,.F.);
#30460=CARTESIAN_POINT('',(1.05,0.,-5.80581604944559));
#30470=DIRECTION('',(0.,1.,0.));
#30480=VECTOR('',#30470,1.);
#30490=LINE('',#30460,#30480);
#30500=EDGE_CURVE('',#6600,#29730,#30490,.T.);
#30510=ORIENTED_EDGE('',*,*,#30500,.F.);
#30520=EDGE_LOOP('',(#30510,#30450,#30440,#30430));
#30530=FACE_OUTER_BOUND('',#30520,.T.);
#30540=ADVANCED_FACE('',(#30530),#30420,.F.);
#30550=CARTESIAN_POINT('',(0.,19.9068722891566,0.));
#30560=DIRECTION('',(0.,1.,0.));
#30570=DIRECTION('',(0.,0.,1.));
#30580=AXIS2_PLACEMENT_3D('',#30550,#30560,#30570);
#30590=CYLINDRICAL_SURFACE('',#30580,5.9);
#30600=ORIENTED_EDGE('',*,*,#19700,.T.);
#30610=ORIENTED_EDGE('',*,*,#22230,.T.);
#30620=ORIENTED_EDGE('',*,*,#4410,.F.);
#30630=ORIENTED_EDGE('',*,*,#24510,.T.);
#30640=CARTESIAN_POINT('',(0.,0.399999999999999,0.));
#30650=DIRECTION('',(0.,-1.,0.));
#30660=DIRECTION('',(0.177966101694916,0.,0.9840366185501));
#30670=AXIS2_PLACEMENT_3D('',#30640,#30650,#30660);
#30680=CIRCLE('',#30670,5.9);
#30690=EDGE_CURVE('',#24440,#26930,#30680,.T.);
#30700=ORIENTED_EDGE('',*,*,#30690,.F.);
#30710=ORIENTED_EDGE('',*,*,#27160,.F.);
#30720=CARTESIAN_POINT('',(0.84999999999999,0.799999999999987,
5.83845013680857));
#30730=DIRECTION('',(0.,-1.,0.));
#30740=VECTOR('',#30730,1.);
#30750=LINE('',#30720,#30740);
#30760=CARTESIAN_POINT('',(0.849999999999991,0.799999999999999,
5.83845013680857));
#30770=VERTEX_POINT('',#30760);
#30780=EDGE_CURVE('',#30770,#27090,#30750,.T.);
#30790=ORIENTED_EDGE('',*,*,#30780,.T.);
#30800=CARTESIAN_POINT('',(0.,0.799999999999983,0.));
#30810=DIRECTION('',(-0.,1.,0.));
#30820=DIRECTION('',(0.144067796610168,0.,0.989567819798063));
#30830=AXIS2_PLACEMENT_3D('',#30800,#30810,#30820);
#30840=CIRCLE('',#30830,5.9);
#30850=EDGE_CURVE('',#30770,#15450,#30840,.T.);
#30860=ORIENTED_EDGE('',*,*,#30850,.F.);
#30870=ORIENTED_EDGE('',*,*,#15700,.T.);
#30880=CARTESIAN_POINT('',(0.850000000000001,19.9068722891566,
-5.83845013680857));
#30890=DIRECTION('',(0.,1.,0.));
#30900=VECTOR('',#30890,1.);
#30910=LINE('',#30880,#30900);
#30920=EDGE_CURVE('',#29820,#15630,#30910,.T.);
#30930=ORIENTED_EDGE('',*,*,#30920,.T.);
#30940=ORIENTED_EDGE('',*,*,#29830,.F.);
#30950=ORIENTED_EDGE('',*,*,#30500,.T.);
#30960=ORIENTED_EDGE('',*,*,#6610,.F.);
#30970=CARTESIAN_POINT('',(1.38464401439357,19.9068722891566,
-5.73522109019382));
#30980=DIRECTION('',(0.,1.,0.));
#30990=VECTOR('',#30980,1.);
#31000=LINE('',#30970,#30990);
#31010=CARTESIAN_POINT('',(1.38464401439358,0.245961940777118,
-5.73522109019382));
#31020=VERTEX_POINT('',#31010);
#31030=EDGE_CURVE('',#6510,#31020,#31000,.T.);
#31040=ORIENTED_EDGE('',*,*,#31030,.F.);
#31050=CARTESIAN_POINT('',(0.,0.245961940777118,0.));
#31060=DIRECTION('',(0.,1.,0.));
#31070=DIRECTION('',(0.,0.,1.));
#31080=AXIS2_PLACEMENT_3D('',#31050,#31060,#31070);
#31090=CIRCLE('',#31080,5.9);
#31100=CARTESIAN_POINT('',(3.3520049887619,0.245961940777118,
-4.85531281745217));
#31110=VERTEX_POINT('',#31100);
#31120=EDGE_CURVE('',#31110,#31020,#31090,.T.);
#31130=ORIENTED_EDGE('',*,*,#31120,.T.);
#31140=CARTESIAN_POINT('',(3.35200498876191,19.9068722891566,
-4.85531281745216));
#31150=DIRECTION('',(0.,1.,0.));
#31160=VECTOR('',#31150,1.);
#31170=LINE('',#31140,#31160);
#31180=EDGE_CURVE('',#5500,#31110,#31170,.T.);
#31190=ORIENTED_EDGE('',*,*,#31180,.T.);
#31200=ORIENTED_EDGE('',*,*,#5510,.F.);
#31210=ORIENTED_EDGE('',*,*,#16650,.F.);
#31220=EDGE_LOOP('',(#31210,#31200,#31190,#31130,#31040,#30960,#30950,
#30940,#30930,#30870,#30860,#30790,#30710,#30700,#30630,#30620,#30610,
#30600));
#31230=FACE_OUTER_BOUND('',#31220,.T.);
#31240=ADVANCED_FACE('',(#31230),#30590,.T.);
#31250=CARTESIAN_POINT('',(0.,0.649999999999999,0.));
#31260=DIRECTION('',(0.,1.,0.));
#31270=DIRECTION('',(0.,0.,1.));
#31280=AXIS2_PLACEMENT_3D('',#31250,#31260,#31270);
#31290=CIRCLE('',#31280,3.55000000000001);
#31300=EDGE_CURVE('',#17480,#17500,#31290,.T.);
#31310=ORIENTED_EDGE('',*,*,#31300,.T.);
#31320=ORIENTED_EDGE('',*,*,#17730,.F.);
#31330=EDGE_LOOP('',(#31320,#31310));
#31340=FACE_OUTER_BOUND('',#31330,.T.);
#31350=ADVANCED_FACE('',(#31340),#17570,.T.);
#31360=CARTESIAN_POINT('',(-4.6,3.05,0.));
#31370=DIRECTION('',(0.,1.,0.));
#31380=DIRECTION('',(0.,0.,1.));
#31390=AXIS2_PLACEMENT_3D('',#31360,#31370,#31380);
#31400=PLANE('',#31390);
#31410=ORIENTED_EDGE('',*,*,#14290,.T.);
#31420=CARTESIAN_POINT('',(-4.49548384492704,3.05,-0.975));
#31430=DIRECTION('',(-1.,0.,0.));
#31440=VECTOR('',#31430,1.);
#31450=LINE('',#31420,#31440);
#31460=EDGE_CURVE('',#11240,#14260,#31450,.T.);
#31470=ORIENTED_EDGE('',*,*,#31460,.T.);
#31480=ORIENTED_EDGE('',*,*,#11250,.F.);
#31490=ORIENTED_EDGE('',*,*,#27730,.F.);
#31500=EDGE_LOOP('',(#31490,#31480,#31470,#31410));
#31510=FACE_OUTER_BOUND('',#31500,.T.);
#31520=ADVANCED_FACE('',(#31510),#31400,.T.);
#31530=CARTESIAN_POINT('',(-5.24,5.29,0.));
#31540=DIRECTION('',(0.,-1.,0.));
#31550=DIRECTION('',(0.,0.,-1.));
#31560=AXIS2_PLACEMENT_3D('',#31530,#31540,#31550);
#31570=PLANE('',#31560);
#31580=ORIENTED_EDGE('',*,*,#20870,.T.);
#31590=EDGE_CURVE('',#20860,#20770,#20840,.T.);
#31600=ORIENTED_EDGE('',*,*,#31590,.T.);
#31610=EDGE_LOOP('',(#31600,#31580));
#31620=FACE_OUTER_BOUND('',#31610,.T.);
#31630=EDGE_CURVE('',#13910,#14080,#14150,.T.);
#31640=ORIENTED_EDGE('',*,*,#31630,.T.);
#31650=ORIENTED_EDGE('',*,*,#14160,.T.);
#31660=EDGE_LOOP('',(#31650,#31640));
#31670=FACE_BOUND('',#31660,.T.);
#31680=ADVANCED_FACE('',(#31620,#31670),#31570,.T.);
#31690=CARTESIAN_POINT('',(-1.4905836325246,0.245961940777124,
5.10857864376267));
#31700=DIRECTION('',(-0.707106781186679,5.54903164373232E-17,
0.707106781186416));
#31710=DIRECTION('',(0.707106781186416,-2.08347939346137E-20,
0.707106781186679));
#31720=AXIS2_PLACEMENT_3D('',#31690,#31700,#31710);
#31730=PLANE('',#31720);
#31740=CARTESIAN_POINT('',(-1.4905836325246,0.245961940777124,
5.10857864376267));
#31750=DIRECTION('',(1.92592994438725E-34,-1.,-2.94648481515741E-20));
#31760=VECTOR('',#31750,1.);
#31770=LINE('',#31740,#31760);
#31780=CARTESIAN_POINT('',(-1.49058363252458,-0.0040380592228762,
5.10857864376268));
#31790=VERTEX_POINT('',#31780);
#31800=EDGE_CURVE('',#3640,#31790,#31770,.T.);
#31810=ORIENTED_EDGE('',*,*,#31800,.F.);
#31820=CARTESIAN_POINT('',(-1.49058363252495,-0.0040380592228762,
5.10857864376236));
#31830=DIRECTION('',(0.707106781186551,-2.08347939346097E-20,
0.707106781186544));
#31840=VECTOR('',#31830,1.);
#31850=LINE('',#31820,#31840);
#31860=CARTESIAN_POINT('',(-1.39058363252459,-0.0040380592228762,
5.20857864376272));
#31870=VERTEX_POINT('',#31860);
#31880=EDGE_CURVE('',#31790,#31870,#31850,.T.);
#31890=ORIENTED_EDGE('',*,*,#31880,.F.);
#31900=CARTESIAN_POINT('',(-1.39058363252459,-0.0040380592228762,
5.20857864376272));
#31910=DIRECTION('',(-1.92592994438725E-34,1.,2.94648481515741E-20));
#31920=VECTOR('',#31910,1.);
#31930=LINE('',#31900,#31920);
#31940=EDGE_CURVE('',#31870,#3720,#31930,.T.);
#31950=ORIENTED_EDGE('',*,*,#31940,.F.);
#31960=ORIENTED_EDGE('',*,*,#3730,.F.);
#31970=EDGE_LOOP('',(#31960,#31950,#31890,#31810));
#31980=FACE_OUTER_BOUND('',#31970,.T.);
#31990=ADVANCED_FACE('',(#31980),#31730,.F.);
#32000=CARTESIAN_POINT('',(0.,48.7764673861454,-1.48));
#32010=DIRECTION('',(0.,1.,0.));
#32020=DIRECTION('',(0.,0.,-1.));
#32030=AXIS2_PLACEMENT_3D('',#32000,#32010,#32020);
#32040=CONICAL_SURFACE('',#32030,1.,0.0174532925199433);
#32050=ORIENTED_EDGE('',*,*,#23570,.T.);
#32060=ORIENTED_EDGE('',*,*,#1020,.F.);
#32070=CARTESIAN_POINT('',(-0.149807274381564,0.0799999999999841,
-1.47239864864865));
#32080=CARTESIAN_POINT('',(-0.147798526859559,-0.0299271658147607,
-1.47067433436745));
#32090=CARTESIAN_POINT('',(-0.143404342806149,-0.249849035142078,
-1.46725540711358));
#32100=CARTESIAN_POINT('',(-0.137018766999159,-0.579957200244452,
-1.46207761660678));
#32110=CARTESIAN_POINT('',(-0.132940026486918,-0.800180660659906,
-1.45859216076135));
#32120=CARTESIAN_POINT('',(-0.1306816752684,-0.910325321918194,
-1.45686443485305));
#32130=B_SPLINE_CURVE_WITH_KNOTS('',3,(#32070,#32080,#32090,#32100,
#32110,#32120),.UNSPECIFIED.,.F.,.F.,(4,1,1,4),(0.,0.333333333333333,
0.666666666666667,1.),.UNSPECIFIED.);
#32140=CARTESIAN_POINT('',(-0.130681675258798,-0.910325321918094,
-1.45686443485392));
#32150=VERTEX_POINT('',#32140);
#32160=EDGE_CURVE('',#1010,#32150,#32130,.T.);
#32170=ORIENTED_EDGE('',*,*,#32160,.F.);
#32180=CARTESIAN_POINT('',(0.,-0.642418044132777,-1.61739014613435));
#32190=CARTESIAN_POINT('',(-0.0104171216528275,-0.642418044132777,
-1.61739014613435));
#32200=CARTESIAN_POINT('',(-0.0311982852181481,-0.646504608215912,
-1.61497221867165));
#32210=CARTESIAN_POINT('',(-0.0610699121712129,-0.664175831514282,
-1.60397421738248));
#32220=CARTESIAN_POINT('',(-0.0861995840274142,-0.690504397562183,
-1.58718725439862));
#32230=CARTESIAN_POINT('',(-0.10554992681199,-0.723268349693391,
-1.56722028660396));
#32240=CARTESIAN_POINT('',(-0.120707748268909,-0.762706022844004,
-1.5432423509453));
#32250=CARTESIAN_POINT('',(-0.130395176114972,-0.806683336587487,
-1.51685022407044));
#32260=CARTESIAN_POINT('',(-0.134517961440974,-0.855659328643288,
-1.48822106820424));
#32270=CARTESIAN_POINT('',(-0.132894705574539,-0.891644954972124,
-1.46749434219193));
#32280=CARTESIAN_POINT('',(-0.13068167525894,-0.910325321918198,
-1.45686443485473));
#32290=B_SPLINE_CURVE_WITH_KNOTS('',3,(#32180,#32190,#32200,#32210,
#32220,#32230,#32240,#32250,#32260,#32270,#32280),.UNSPECIFIED.,.F.,.F.,
(4,1,1,1,1,1,1,1,4),(0.,0.125,0.25,0.375,0.5,0.625,0.75,0.875,1.),
.UNSPECIFIED.);
#32300=CARTESIAN_POINT('',(1.98073166543518E-16,-0.64241804416634,
-1.61739014613376));
#32310=VERTEX_POINT('',#32300);
#32320=EDGE_CURVE('',#32310,#32150,#32290,.T.);
#32330=ORIENTED_EDGE('',*,*,#32320,.T.);
#32340=CARTESIAN_POINT('',(0.130681675258795,-0.910325321918212,
-1.45686443485391));
#32350=CARTESIAN_POINT('',(0.132860527286955,-0.891933456646842,
-1.46733017271427));
#32360=CARTESIAN_POINT('',(0.134516989421601,-0.856379616871323,
-1.48780639988422));
#32370=CARTESIAN_POINT('',(0.130506771949552,-0.807447095713695,
-1.51641662890946));
#32380=CARTESIAN_POINT('',(0.120890811357589,-0.763334050343291,
-1.54286185415264));
#32390=CARTESIAN_POINT('',(0.105837280512874,-0.723849190485858,
-1.56686569610345));
#32400=CARTESIAN_POINT('',(0.0863704019441237,-0.690694756742145,
-1.58707313948709));
#32410=CARTESIAN_POINT('',(0.0610115759899066,-0.66408389888405,
-1.60402716425038));
#32420=CARTESIAN_POINT('',(0.0309503183131716,-0.646407842639892,
-1.61503194727174));
#32430=CARTESIAN_POINT('',(0.0103005033887575,-0.642418044132777,
-1.61739014613435));
#32440=CARTESIAN_POINT('',(3.36508805395629E-17,-0.642418044132777,
-1.61739014613435));
#32450=B_SPLINE_CURVE_WITH_KNOTS('',3,(#32340,#32350,#32360,#32370,
#32380,#32390,#32400,#32410,#32420,#32430,#32440),.UNSPECIFIED.,.F.,.F.,
(4,1,1,1,1,1,1,1,4),(0.,0.125,0.25,0.375,0.5,0.625,0.75,0.875,1.),
.UNSPECIFIED.);
#32460=EDGE_CURVE('',#23560,#32310,#32450,.T.);
#32470=ORIENTED_EDGE('',*,*,#32460,.T.);
#32480=EDGE_LOOP('',(#32470,#32330,#32170,#32060,#32050));
#32490=FACE_OUTER_BOUND('',#32480,.T.);
#32500=ADVANCED_FACE('',(#32490),#32040,.T.);
#32510=CARTESIAN_POINT('',(-3.1,0.08,3.03000000000001));
#32520=DIRECTION('',(0.,-1.,0.));
#32530=DIRECTION('',(0.,0.,-1.));
#32540=AXIS2_PLACEMENT_3D('',#32510,#32520,#32530);
#32550=CYLINDRICAL_SURFACE('',#32540,0.17);
#32560=CARTESIAN_POINT('',(-3.1,0.08,3.20000000000001));
#32570=DIRECTION('',(0.,-1.,0.));
#32580=VECTOR('',#32570,1.);
#32590=LINE('',#32560,#32580);
#32600=EDGE_CURVE('',#120,#8810,#32590,.T.);
#32610=ORIENTED_EDGE('',*,*,#32600,.T.);
#32620=ORIENTED_EDGE('',*,*,#150,.F.);
#32630=ORIENTED_EDGE('',*,*,#2470,.T.);
#32640=ORIENTED_EDGE('',*,*,#8890,.F.);
#32650=EDGE_LOOP('',(#32640,#32630,#32620,#32610));
#32660=FACE_OUTER_BOUND('',#32650,.T.);
#32670=ADVANCED_FACE('',(#32660),#32550,.F.);
#32680=CARTESIAN_POINT('',(0.147995011238086,0.245961940777124,-318.5));
#32690=DIRECTION('',(-1.92592994438725E-34,1.,2.94648481515741E-20));
#32700=DIRECTION('',(1.,1.92592994438725E-34,0.));
#32710=AXIS2_PLACEMENT_3D('',#32680,#32690,#32700);
#32720=PLANE('',#32710);
#32730=ORIENTED_EDGE('',*,*,#27300,.T.);
#32740=ORIENTED_EDGE('',*,*,#17920,.T.);
#32750=ORIENTED_EDGE('',*,*,#22800,.T.);
#32760=ORIENTED_EDGE('',*,*,#23800,.T.);
#32770=CARTESIAN_POINT('',(-1.53200498876192,0.245961940777124,
-5.60000000000001));
#32780=DIRECTION('',(-1.92592994438725E-34,1.,2.94648481515741E-20));
#32790=DIRECTION('',(1.,4.3797997573136E-33,-1.42108547152013E-13));
#32800=AXIS2_PLACEMENT_3D('',#32770,#32780,#32790);
#32810=CIRCLE('',#32800,0.20000000000001);
#32820=EDGE_CURVE('',#10490,#23790,#32810,.T.);
#32830=ORIENTED_EDGE('',*,*,#32820,.T.);
#32840=ORIENTED_EDGE('',*,*,#10500,.F.);
#32850=EDGE_LOOP('',(#32840,#32830,#32760,#32750,#32740,#32730));
#32860=FACE_OUTER_BOUND('',#32850,.T.);
#32870=ADVANCED_FACE('',(#32860),#32720,.T.);
#32880=CARTESIAN_POINT('',(3.35200498876191,0.245961940777116,
-4.35000000000003));
#32890=DIRECTION('',(-1.,-1.8770265983715E-34,-1.6597182435895E-16));
#32900=DIRECTION('',(-1.6597182435895E-16,9.95276753369398E-16,1.));
#32910=AXIS2_PLACEMENT_3D('',#32880,#32890,#32900);
#32920=PLANE('',#32910);
#32930=ORIENTED_EDGE('',*,*,#31180,.F.);
#32940=CARTESIAN_POINT('',(3.35200498876191,0.245961940777116,
-4.35000000000003));
#32950=DIRECTION('',(-5.9211894646666E-16,-9.99171257314338E-16,-1.));
#32960=VECTOR('',#32950,1.);
#32970=LINE('',#32940,#32960);
#32980=CARTESIAN_POINT('',(3.35200498876191,0.245961940777115,
-5.10000000000009));
#32990=VERTEX_POINT('',#32980);
#33000=EDGE_CURVE('',#31110,#32990,#32970,.T.);
#33010=ORIENTED_EDGE('',*,*,#33000,.F.);
#33020=CARTESIAN_POINT('',(3.35200498876192,0.245961940777115,
-5.10000000000006));
#33030=DIRECTION('',(1.92592994438725E-34,-1.,-2.94648481515741E-20));
#33040=VECTOR('',#33030,1.);
#33050=LINE('',#33020,#33040);
#33060=CARTESIAN_POINT('',(3.35200498876192,-0.00403805922288486,
-5.10000000000006));
#33070=VERTEX_POINT('',#33060);
#33080=EDGE_CURVE('',#32990,#33070,#33050,.T.);
#33090=ORIENTED_EDGE('',*,*,#33080,.F.);
#33100=CARTESIAN_POINT('',(3.35200498876191,-0.00403805922288403,
-4.35000000000003));
#33110=DIRECTION('',(1.8530601184305E-49,-9.62163823160281E-16,-1.));
#33120=VECTOR('',#33110,1.);
#33130=LINE('',#33100,#33120);
#33140=CARTESIAN_POINT('',(3.35200498876191,-0.00403805922288425,
-4.35000000000003));
#33150=VERTEX_POINT('',#33140);
#33160=EDGE_CURVE('',#33150,#33070,#33130,.T.);
#33170=ORIENTED_EDGE('',*,*,#33160,.T.);
#33180=CARTESIAN_POINT('',(3.35200498876191,-0.00403805922288403,
-4.35000000000003));
#33190=DIRECTION('',(-1.92592994438725E-34,1.,2.94648481515741E-20));
#33200=VECTOR('',#33190,1.);
#33210=LINE('',#33180,#33200);
#33220=EDGE_CURVE('',#33150,#5580,#33210,.T.);
#33230=ORIENTED_EDGE('',*,*,#33220,.F.);
#33240=ORIENTED_EDGE('',*,*,#5590,.F.);
#33250=EDGE_LOOP('',(#33240,#33230,#33170,#33090,#33010,#32930));
#33260=FACE_OUTER_BOUND('',#33250,.T.);
#33270=ADVANCED_FACE('',(#33260),#32920,.F.);
#33280=CARTESIAN_POINT('',(0.,5.55000000000001,0.));
#33290=DIRECTION('',(0.,-1.,0.));
#33300=DIRECTION('',(0.,0.,-1.));
#33310=AXIS2_PLACEMENT_3D('',#33280,#33290,#33300);
#33320=CONICAL_SURFACE('',#33310,1.,0.785398163397447);
#33330=CARTESIAN_POINT('',(1.22464679914735E-16,5.55000000000001,1.));
#33340=DIRECTION('',(8.65956056235492E-17,-0.707106781186549,
0.707106781186546));
#33350=VECTOR('',#33340,1.4142135623731);
#33360=LINE('',#33330,#33350);
#33370=EDGE_CURVE('',#28070,#28550,#33360,.T.);
#33380=ORIENTED_EDGE('',*,*,#33370,.T.);
#33390=EDGE_CURVE('',#28160,#28070,#28140,.T.);
#33400=ORIENTED_EDGE('',*,*,#33390,.T.);
#33410=CARTESIAN_POINT('',(0.,5.55000000000001,-1.));
#33420=DIRECTION('',(0.,-0.707106781186549,-0.707106781186546));
#33430=VECTOR('',#33420,1.4142135623731);
#33440=LINE('',#33410,#33430);
#33450=EDGE_CURVE('',#28160,#28570,#33440,.T.);
#33460=ORIENTED_EDGE('',*,*,#33450,.F.);
#33470=ORIENTED_EDGE('',*,*,#28600,.F.);
#33480=EDGE_LOOP('',(#33470,#33460,#33400,#33380));
#33490=FACE_OUTER_BOUND('',#33480,.T.);
#33500=ADVANCED_FACE('',(#33490),#33320,.T.);
#33510=CARTESIAN_POINT('',(0.,-1.4,0.));
#33520=DIRECTION('',(0.,1.,0.));
#33530=DIRECTION('',(0.,0.,1.));
#33540=AXIS2_PLACEMENT_3D('',#33510,#33520,#33530);
#33550=CYLINDRICAL_SURFACE('',#33540,0.98);
#33560=CARTESIAN_POINT('',(1.20015386316441E-16,-1.4,-0.98));
#33570=DIRECTION('',(0.,1.,0.));
#33580=VECTOR('',#33570,1.);
#33590=LINE('',#33560,#33580);
#33600=CARTESIAN_POINT('',(1.20015386316441E-16,0.0800000000000001,-0.98
));
#33610=VERTEX_POINT('',#33600);
#33620=EDGE_CURVE('',#18840,#33610,#33590,.T.);
#33630=ORIENTED_EDGE('',*,*,#33620,.F.);
#33640=CARTESIAN_POINT('',(0.,0.0799999999999994,0.));
#33650=DIRECTION('',(-0.,-1.,0.));
#33660=DIRECTION('',(-7.6571373978539E-16,0.,1.));
#33670=AXIS2_PLACEMENT_3D('',#33640,#33650,#33660);
#33680=CIRCLE('',#33670,0.98);
#33690=CARTESIAN_POINT('',(0.,0.0799999999999994,0.98));
#33700=VERTEX_POINT('',#33690);
#33710=EDGE_CURVE('',#33610,#33700,#33680,.T.);
#33720=ORIENTED_EDGE('',*,*,#33710,.F.);
#33730=CARTESIAN_POINT('',(0.,-1.4,0.98));
#33740=DIRECTION('',(0.,1.,0.));
#33750=VECTOR('',#33740,1.);
#33760=LINE('',#33730,#33750);
#33770=EDGE_CURVE('',#18860,#33700,#33760,.T.);
#33780=ORIENTED_EDGE('',*,*,#33770,.T.);
#33790=ORIENTED_EDGE('',*,*,#18890,.F.);
#33800=EDGE_LOOP('',(#33790,#33780,#33720,#33630));
#33810=FACE_OUTER_BOUND('',#33800,.T.);
#33820=ADVANCED_FACE('',(#33810),#33550,.F.);
#33830=CARTESIAN_POINT('',(0.,48.7764673861454,1.48));
#33840=DIRECTION('',(0.,1.,0.));
#33850=DIRECTION('',(0.,0.,-1.));
#33860=AXIS2_PLACEMENT_3D('',#33830,#33840,#33850);
#33870=CONICAL_SURFACE('',#33860,1.,0.0174532925199433);
#33880=CARTESIAN_POINT('',(-0.130681675258795,-0.910325321918212,
1.45686443485391));
#33890=CARTESIAN_POINT('',(-0.132860527286939,-0.891933456646975,
1.4673301727142));
#33900=CARTESIAN_POINT('',(-0.134516989421606,-0.856379616871599,
1.48780639988407));
#33910=CARTESIAN_POINT('',(-0.130506771949574,-0.807447095713755,
1.51641662890942));
#33920=CARTESIAN_POINT('',(-0.120890811357505,-0.763334050342846,
1.54286185415291));
#33930=CARTESIAN_POINT('',(-0.105837280512329,-0.723849190484652,
1.56686569610418));
#33940=CARTESIAN_POINT('',(-0.0863704019430113,-0.690694756740339,
1.58707313948821));
#33950=CARTESIAN_POINT('',(-0.0610115759865927,-0.664083898881377,
1.60402716425209));
#33960=CARTESIAN_POINT('',(-0.0309503183103819,-0.646407842638721,
1.61503194727244));
#33970=CARTESIAN_POINT('',(-0.0103005033835234,-0.642418044131873,
1.61739014613487));
#33980=CARTESIAN_POINT('',(6.74538962841777E-12,-0.642418044132777,
1.61739014613435));
#33990=B_SPLINE_CURVE_WITH_KNOTS('',3,(#33880,#33890,#33900,#33910,
#33920,#33930,#33940,#33950,#33960,#33970,#33980),.UNSPECIFIED.,.F.,.F.,
(4,1,1,1,1,1,1,1,4),(0.,0.125,0.25,0.375,0.5,0.625,0.75,0.875,1.),
.UNSPECIFIED.);
#34000=CARTESIAN_POINT('',(-0.130681675258795,-0.910325321918212,
1.45686443485391));
#34010=VERTEX_POINT('',#34000);
#34020=CARTESIAN_POINT('',(0.,-0.642418044132384,1.61739014615336));
#34030=VERTEX_POINT('',#34020);
#34040=EDGE_CURVE('',#34010,#34030,#33990,.T.);
#34050=ORIENTED_EDGE('',*,*,#34040,.T.);
#34060=CARTESIAN_POINT('',(-0.149807274381564,0.0800000000000018,
1.47239864864865));
#34070=CARTESIAN_POINT('',(-0.147817571862153,-0.0288849426707019,
1.47069068264895));
#34080=CARTESIAN_POINT('',(-0.143757728138362,-0.247422367665008,
1.46724093252687));
#34090=CARTESIAN_POINT('',(-0.137395987779632,-0.577530875208848,
1.46203587995282));
#34100=CARTESIAN_POINT('',(-0.13296139094747,-0.79913866935786,
1.45860850540706));
#34110=CARTESIAN_POINT('',(-0.130681675258795,-0.910325321918212,
1.45686443485391));
#34120=B_SPLINE_CURVE_WITH_KNOTS('',3,(#34060,#34070,#34080,#34090,
#34100,#34110),.UNSPECIFIED.,.F.,.F.,(4,1,1,4),(0.,0.333333333333333,
0.666666666666667,1.),.UNSPECIFIED.);
#34130=EDGE_CURVE('',#1370,#34010,#34120,.T.);
#34140=ORIENTED_EDGE('',*,*,#34130,.T.);
#34150=ORIENTED_EDGE('',*,*,#1380,.F.);
#34160=ORIENTED_EDGE('',*,*,#18340,.F.);
#34170=CARTESIAN_POINT('',(6.74538962841777E-12,-0.642418044132777,
1.61739014613435));
#34180=CARTESIAN_POINT('',(0.0104171216578859,-0.64241804413369,
1.61739014613382));
#34190=CARTESIAN_POINT('',(0.0311982852205193,-0.64650460821694,
1.61497221867102));
#34200=CARTESIAN_POINT('',(0.0610699121741835,-0.664175831516666,
1.60397421738095));
#34210=CARTESIAN_POINT('',(0.0861995840284286,-0.690504397563804,
1.58718725439761));
#34220=CARTESIAN_POINT('',(0.1055499268126,-0.723268349694689,
1.56722028660318));
#34230=CARTESIAN_POINT('',(0.120707748269117,-0.762706022844821,
1.5432423509448));
#34240=CARTESIAN_POINT('',(0.130395176115033,-0.806683336587973,
1.51685022407015));
#34250=CARTESIAN_POINT('',(0.134517961440966,-0.855659328643509,
1.48822106820411));
#34260=CARTESIAN_POINT('',(0.132894705574531,-0.891644954972191,
1.46749434219189));
#34270=CARTESIAN_POINT('',(0.13068167525894,-0.910325321918198,
1.45686443485473));
#34280=B_SPLINE_CURVE_WITH_KNOTS('',3,(#34170,#34180,#34190,#34200,
#34210,#34220,#34230,#34240,#34250,#34260,#34270),.UNSPECIFIED.,.F.,.F.,
(4,1,1,1,1,1,1,1,4),(0.,0.125,0.25,0.375,0.5,0.625,0.75,0.875,1.),
.UNSPECIFIED.);
#34290=EDGE_CURVE('',#34030,#18330,#34280,.T.);
#34300=ORIENTED_EDGE('',*,*,#34290,.T.);
#34310=EDGE_LOOP('',(#34300,#34160,#34150,#34140,#34050));
#34320=FACE_OUTER_BOUND('',#34310,.T.);
#34330=ADVANCED_FACE('',(#34320),#33870,.T.);
#34340=CARTESIAN_POINT('',(-5.9,4.83,0.975));
#34350=DIRECTION('',(0.,-1.01803020890658E-16,1.));
#34360=DIRECTION('',(0.,-1.,-1.01803020890658E-16));
#34370=AXIS2_PLACEMENT_3D('',#34340,#34350,#34360);
#34380=PLANE('',#34370);
#34390=CARTESIAN_POINT('',(5.14849249780943,3.05,0.975));
#34400=DIRECTION('',(-1.,0.,0.));
#34410=VECTOR('',#34400,1.);
#34420=LINE('',#34390,#34410);
#34430=CARTESIAN_POINT('',(5.14849249780943,3.05,0.975));
#34440=VERTEX_POINT('',#34430);
#34450=CARTESIAN_POINT('',(5.00083992945185,3.05,0.975));
#34460=VERTEX_POINT('',#34450);
#34470=EDGE_CURVE('',#34440,#34460,#34420,.T.);
#34480=ORIENTED_EDGE('',*,*,#34470,.T.);
#34490=CARTESIAN_POINT('',(5.14849249780943,3.05,0.975000000000002));
#34500=DIRECTION('',(0.,1.,0.));
#34510=VECTOR('',#34500,1.);
#34520=LINE('',#34490,#34510);
#34530=EDGE_CURVE('',#34440,#29240,#34520,.T.);
#34540=ORIENTED_EDGE('',*,*,#34530,.F.);
#34550=ORIENTED_EDGE('',*,*,#29270,.F.);
#34560=CARTESIAN_POINT('',(5.00083992945185,6.39,0.975000000000001));
#34570=DIRECTION('',(0.,1.,0.));
#34580=VECTOR('',#34570,1.);
#34590=LINE('',#34560,#34580);
#34600=EDGE_CURVE('',#34460,#29260,#34590,.T.);
#34610=ORIENTED_EDGE('',*,*,#34600,.T.);
#34620=EDGE_LOOP('',(#34610,#34550,#34540,#34480));
#34630=FACE_OUTER_BOUND('',#34620,.T.);
#34640=ADVANCED_FACE('',(#34630),#34380,.F.);
#34650=CARTESIAN_POINT('',(-2.3,0.649999999999999,2.34999999999995));
#34660=DIRECTION('',(-1.92592994438725E-34,1.,2.94648481515741E-20));
#34670=DIRECTION('',(1.,1.92592994438725E-34,0.));
#34680=AXIS2_PLACEMENT_3D('',#34650,#34660,#34670);
#34690=CYLINDRICAL_SURFACE('',#34680,0.278867513459471);
#34700=CARTESIAN_POINT('',(-2.57886751345947,0.649999999999999,
2.34999999999995));
#34710=DIRECTION('',(-1.92592994438725E-34,1.,2.94648481515741E-20));
#34720=VECTOR('',#34710,1.);
#34730=LINE('',#34700,#34720);
#34740=CARTESIAN_POINT('',(-2.57886751345947,0.649999999999999,
2.34999999999995));
#34750=VERTEX_POINT('',#34740);
#34760=EDGE_CURVE('',#20330,#34750,#34730,.T.);
#34770=ORIENTED_EDGE('',*,*,#34760,.T.);
#34780=ORIENTED_EDGE('',*,*,#20360,.F.);
#34790=CARTESIAN_POINT('',(-2.02113248654053,0.649999999999999,
2.34999999999995));
#34800=DIRECTION('',(-1.92592994438725E-34,1.,2.94648481515741E-20));
#34810=VECTOR('',#34800,1.);
#34820=LINE('',#34790,#34810);
#34830=CARTESIAN_POINT('',(-2.02113248654053,0.649999999999999,
2.34999999999995));
#34840=VERTEX_POINT('',#34830);
#34850=EDGE_CURVE('',#20350,#34840,#34820,.T.);
#34860=ORIENTED_EDGE('',*,*,#34850,.F.);
#34870=CARTESIAN_POINT('',(-2.3,0.649999999999999,2.34999999999995));
#34880=DIRECTION('',(-1.92592994438725E-34,1.,2.94648481515741E-20));
#34890=DIRECTION('',(1.,1.92592994438725E-34,0.));
#34900=AXIS2_PLACEMENT_3D('',#34870,#34880,#34890);
#34910=CIRCLE('',#34900,0.278867513459471);
#34920=EDGE_CURVE('',#17500,#34840,#34910,.T.);
#34930=ORIENTED_EDGE('',*,*,#34920,.T.);
#34940=ORIENTED_EDGE('',*,*,#17510,.T.);
#34950=EDGE_CURVE('',#34750,#17480,#34910,.T.);
#34960=ORIENTED_EDGE('',*,*,#34950,.T.);
#34970=EDGE_LOOP('',(#34960,#34940,#34930,#34860,#34780,#34770));
#34980=FACE_OUTER_BOUND('',#34970,.T.);
#34990=ADVANCED_FACE('',(#34980),#34690,.F.);
#35000=CARTESIAN_POINT('',(-1.33200498876192,0.245961940777124,
-5.35000000000009));
#35010=DIRECTION('',(-1.,-1.92592994438725E-34,0.));
#35020=DIRECTION('',(5.67472333619398E-54,-2.94648481515741E-20,1.));
#35030=AXIS2_PLACEMENT_3D('',#35000,#35010,#35020);
#35040=PLANE('',#35030);
#35050=CARTESIAN_POINT('',(-1.33200498876191,0.245961940777124,
-5.60000000000001));
#35060=DIRECTION('',(1.92592994438725E-34,-1.,-2.94648481515741E-20));
#35070=VECTOR('',#35060,1.);
#35080=LINE('',#35050,#35070);
#35090=CARTESIAN_POINT('',(-1.33200498876191,-0.0040380592228762,
-5.59999999999998));
#35100=VERTEX_POINT('',#35090);
#35110=EDGE_CURVE('',#7020,#35100,#35080,.T.);
#35120=ORIENTED_EDGE('',*,*,#35110,.F.);
#35130=CARTESIAN_POINT('',(-1.33200498876192,-0.00403805922287631,
-5.35000000000009));
#35140=DIRECTION('',(-5.67472333619398E-54,2.94648481515741E-20,-1.));
#35150=VECTOR('',#35140,1.);
#35160=LINE('',#35130,#35150);
#35170=CARTESIAN_POINT('',(-1.33200498876192,-0.0040380592228762,
-5.35000000000015));
#35180=VERTEX_POINT('',#35170);
#35190=EDGE_CURVE('',#35180,#35100,#35160,.T.);
#35200=ORIENTED_EDGE('',*,*,#35190,.T.);
#35210=CARTESIAN_POINT('',(-1.33200498876192,-0.0040380592228762,
-5.35000000000009));
#35220=DIRECTION('',(-1.92592994438725E-34,1.,2.94648481515741E-20));
#35230=VECTOR('',#35220,1.);
#35240=LINE('',#35210,#35230);
#35250=EDGE_CURVE('',#35180,#7100,#35240,.T.);
#35260=ORIENTED_EDGE('',*,*,#35250,.F.);
#35270=ORIENTED_EDGE('',*,*,#7110,.F.);
#35280=EDGE_LOOP('',(#35270,#35260,#35200,#35120));
#35290=FACE_OUTER_BOUND('',#35280,.T.);
#35300=ADVANCED_FACE('',(#35290),#35040,.F.);
#35310=CARTESIAN_POINT('',(-1.63200498876191,0.245961940777124,
-5.25000000000004));
#35320=DIRECTION('',(-1.92592994438725E-34,1.,2.94648481515741E-20));
#35330=DIRECTION('',(1.,1.92592994438725E-34,0.));
#35340=AXIS2_PLACEMENT_3D('',#35310,#35320,#35330);
#35350=CYLINDRICAL_SURFACE('',#35340,0.200000000000004);
#35360=ORIENTED_EDGE('',*,*,#7370,.F.);
#35370=CARTESIAN_POINT('',(-1.49058363252459,-0.0040380592228762,
-5.10857864376274));
#35380=DIRECTION('',(-1.92592994438725E-34,1.,2.94648481515741E-20));
#35390=VECTOR('',#35380,1.);
#35400=LINE('',#35370,#35390);
#35410=CARTESIAN_POINT('',(-1.49058363252477,-0.0040380592228762,
-5.10857864376261));
#35420=VERTEX_POINT('',#35410);
#35430=EDGE_CURVE('',#35420,#7270,#35400,.T.);
#35440=ORIENTED_EDGE('',*,*,#35430,.T.);
#35450=CARTESIAN_POINT('',(-1.63200498876191,-0.0040380592228762,
-5.25000000000004));
#35460=DIRECTION('',(1.92592994438725E-34,-1.,-2.94648481515741E-20));
#35470=DIRECTION('',(0.707106781184894,-2.08347939346586E-20,
0.707106781188201));
#35480=AXIS2_PLACEMENT_3D('',#35450,#35460,#35470);
#35490=CIRCLE('',#35480,0.200000000000004);
#35500=CARTESIAN_POINT('',(-1.63200498876163,-0.0040380592228762,
-5.05000000000002));
#35510=VERTEX_POINT('',#35500);
#35520=EDGE_CURVE('',#35420,#35510,#35490,.T.);
#35530=ORIENTED_EDGE('',*,*,#35520,.F.);
#35540=CARTESIAN_POINT('',(-1.63200498876191,0.245961940777124,
-5.05000000000004));
#35550=DIRECTION('',(1.92592994438725E-34,-1.,-2.94648481515741E-20));
#35560=VECTOR('',#35550,1.);
#35570=LINE('',#35540,#35560);
#35580=EDGE_CURVE('',#7360,#35510,#35570,.T.);
#35590=ORIENTED_EDGE('',*,*,#35580,.T.);
#35600=EDGE_LOOP('',(#35590,#35530,#35440,#35360));
#35610=FACE_OUTER_BOUND('',#35600,.T.);
#35620=ADVANCED_FACE('',(#35610),#35350,.T.);
#35630=CARTESIAN_POINT('',(0.44999999999999,0.65,6.24641016151378));
#35640=DIRECTION('',(0.,-1.,0.));
#35650=DIRECTION('',(0.,0.,-1.));
#35660=AXIS2_PLACEMENT_3D('',#35630,#35640,#35650);
#35670=PLANE('',#35660);
#35680=CARTESIAN_POINT('',(-0.85,0.649999999999999,4.85000000000007));
#35690=DIRECTION('',(5.67472333619398E-54,-2.94648481515741E-20,1.));
#35700=VECTOR('',#35690,1.);
#35710=LINE('',#35680,#35700);
#35720=CARTESIAN_POINT('',(-0.850000000000014,0.649999999999999,
5.83845013680856));
#35730=VERTEX_POINT('',#35720);
#35740=CARTESIAN_POINT('',(-0.850000000000001,0.649999999999999,
5.99999999999999));
#35750=VERTEX_POINT('',#35740);
#35760=EDGE_CURVE('',#35730,#35750,#35710,.T.);
#35770=ORIENTED_EDGE('',*,*,#35760,.T.);
#35780=CARTESIAN_POINT('',(-0.850000000000008,0.649999999999999,0.));
#35790=DIRECTION('',(-3.69406070154265E-16,-2.94648481515926E-20,1.));
#35800=VECTOR('',#35790,1.);
#35810=LINE('',#35780,#35800);
#35820=CARTESIAN_POINT('',(-0.850000000000009,0.649999999999999,
5.43392123608725));
#35830=VERTEX_POINT('',#35820);
#35840=EDGE_CURVE('',#35830,#35730,#35810,.T.);
#35850=ORIENTED_EDGE('',*,*,#35840,.T.);
#35860=CARTESIAN_POINT('',(0.,0.649999999999999,0.));
#35870=DIRECTION('',(-0.,-1.,0.));
#35880=DIRECTION('',(-1.08398138949765E-14,0.,1.));
#35890=AXIS2_PLACEMENT_3D('',#35860,#35870,#35880);
#35900=CIRCLE('',#35890,5.5);
#35910=CARTESIAN_POINT('',(0.,0.649999999999999,5.5));
#35920=VERTEX_POINT('',#35910);
#35930=EDGE_CURVE('',#35920,#35830,#35900,.T.);
#35940=ORIENTED_EDGE('',*,*,#35930,.T.);
#35950=CARTESIAN_POINT('',(0.84999999999999,0.649999999999999,
5.43392123608725));
#35960=VERTEX_POINT('',#35950);
#35970=EDGE_CURVE('',#35960,#35920,#35900,.T.);
#35980=ORIENTED_EDGE('',*,*,#35970,.T.);
#35990=CARTESIAN_POINT('',(0.849999999999989,0.649999999999999,0.));
#36000=DIRECTION('',(-1.24476710324794E-16,2.9464848151568E-20,-1.));
#36010=VECTOR('',#36000,1.);
#36020=LINE('',#35990,#36010);
#36030=EDGE_CURVE('',#27090,#35960,#36020,.T.);
#36040=ORIENTED_EDGE('',*,*,#36030,.T.);
#36050=ORIENTED_EDGE('',*,*,#27100,.T.);
#36060=CARTESIAN_POINT('',(-0.250000000000012,0.65,6.));
#36070=DIRECTION('',(1.,0.,0.));
#36080=VECTOR('',#36070,1.);
#36090=LINE('',#36060,#36080);
#36100=EDGE_CURVE('',#35750,#27010,#36090,.T.);
#36110=ORIENTED_EDGE('',*,*,#36100,.T.);
#36120=EDGE_LOOP('',(#36110,#36050,#36040,#35980,#35940,#35850,#35770));
#36130=FACE_OUTER_BOUND('',#36120,.T.);
#36140=ADVANCED_FACE('',(#36130),#35670,.F.);
#36150=CARTESIAN_POINT('',(-0.147995011238218,-0.00403805922319694,
-318.5));
#36160=DIRECTION('',(-4.10526825003624E-31,1.,-9.95276753369398E-16));
#36170=DIRECTION('',(1.,2.04740447771424E-34,-4.12269334299985E-16));
#36180=AXIS2_PLACEMENT_3D('',#36150,#36160,#36170);
#36190=PLANE('',#36180);
#36200=CARTESIAN_POINT('',(1.50203416229076,-0.00403805922288403,
-4.15000000000005));
#36210=DIRECTION('',(1.,2.08453906551904E-34,-5.38299468966795E-16));
#36220=VECTOR('',#36210,1.);
#36230=LINE('',#36200,#36220);
#36240=CARTESIAN_POINT('',(1.50203416229076,-0.00403805922288408,
-4.15000000000005));
#36250=VERTEX_POINT('',#36240);
#36260=CARTESIAN_POINT('',(3.15200498876191,-0.00403805922288408,
-4.15000000000004));
#36270=VERTEX_POINT('',#36260);
#36280=EDGE_CURVE('',#36250,#36270,#36230,.T.);
#36290=ORIENTED_EDGE('',*,*,#36280,.F.);
#36300=CARTESIAN_POINT('',(3.15200498876191,-0.00403805922288403,
-4.35000000000003));
#36310=DIRECTION('',(8.84028763313602E-30,-1.,9.95276753369398E-16));
#36320=DIRECTION('',(1.,4.54293417118414E-34,-8.88178419700113E-15));
#36330=AXIS2_PLACEMENT_3D('',#36300,#36310,#36320);
#36340=CIRCLE('',#36330,0.200000000000003);
#36350=EDGE_CURVE('',#33150,#36270,#36340,.T.);
#36360=ORIENTED_EDGE('',*,*,#36350,.T.);
#36370=ORIENTED_EDGE('',*,*,#33160,.F.);
#36380=CARTESIAN_POINT('',(3.15200498876191,-0.00403805922288486,
-5.10000000000006));
#36390=DIRECTION('',(1.46466005261325E-17,-1.,9.69908097099959E-16));
#36400=DIRECTION('',(0.499999999999816,-8.32641751161828E-16,
-0.866025403784545));
#36410=AXIS2_PLACEMENT_3D('',#36380,#36390,#36400);
#36420=CIRCLE('',#36410,0.200000000000005);
#36430=EDGE_CURVE('',#26360,#33070,#36420,.T.);
#36440=ORIENTED_EDGE('',*,*,#36430,.T.);
#36450=ORIENTED_EDGE('',*,*,#26370,.T.);
#36460=CARTESIAN_POINT('',(2.33956942346375,-0.00403805922288564,
-5.80000000000003));
#36470=DIRECTION('',(-1.,6.66560873030327E-35,-8.79858875932838E-15));
#36480=VECTOR('',#36470,1.);
#36490=LINE('',#36460,#36480);
#36500=CARTESIAN_POINT('',(1.53200498876191,-0.00403805922288575,
-5.80000000000004));
#36510=VERTEX_POINT('',#36500);
#36520=EDGE_CURVE('',#26280,#36510,#36490,.T.);
#36530=ORIENTED_EDGE('',*,*,#36520,.F.);
#36540=CARTESIAN_POINT('',(1.53200498876191,-0.00403805922288553,
-5.60000000000001));
#36550=DIRECTION('',(-4.24324369333787E-28,-1.,9.95276753369398E-16));
#36560=DIRECTION('',(-1.,1.23690272941859E-32,-4.26325641456039E-13));
#36570=AXIS2_PLACEMENT_3D('',#36540,#36550,#36560);
#36580=CIRCLE('',#36570,0.20000000000001);
#36590=CARTESIAN_POINT('',(1.3320049887619,-0.00403805922288553,
-5.60000000000001));
#36600=VERTEX_POINT('',#36590);
#36610=EDGE_CURVE('',#36600,#36510,#36580,.T.);
#36620=ORIENTED_EDGE('',*,*,#36610,.T.);
#36630=CARTESIAN_POINT('',(1.33200498876191,-0.00403805922288553,
-5.60000000000001));
#36640=DIRECTION('',(-1.71051266722623E-49,8.8814895485227E-16,1.));
#36650=VECTOR('',#36640,1.);
#36660=LINE('',#36630,#36650);
#36670=CARTESIAN_POINT('',(1.33200498876192,-0.00403805922288525,
-5.35000000000009));
#36680=VERTEX_POINT('',#36670);
#36690=EDGE_CURVE('',#36600,#36680,#36660,.T.);
#36700=ORIENTED_EDGE('',*,*,#36690,.F.);
#36710=CARTESIAN_POINT('',(1.53200498876191,-0.00403805922288542,
-5.35000000000009));
#36720=DIRECTION('',(-9.11315628975349E-17,-1.,1.08640831626697E-15));
#36730=DIRECTION('',(-0.707106781186394,8.32646433674964E-16,
0.707106781186701));
#36740=AXIS2_PLACEMENT_3D('',#36710,#36720,#36730);
#36750=CIRCLE('',#36740,0.199999999999992);
#36760=CARTESIAN_POINT('',(1.39058363252461,-0.00403805922288514,
-5.20857864376275));
#36770=VERTEX_POINT('',#36760);
#36780=EDGE_CURVE('',#36770,#36680,#36750,.T.);
#36790=ORIENTED_EDGE('',*,*,#36780,.T.);
#36800=CARTESIAN_POINT('',(1.49058363252497,-0.00403805922288503,
-5.10857864376244));
#36810=DIRECTION('',(-0.70710678118665,-7.85025394545429E-16,
-0.707106781186445));
#36820=VECTOR('',#36810,1.);
#36830=LINE('',#36800,#36820);
#36840=CARTESIAN_POINT('',(1.49058363252476,-0.00403805922288503,
-5.10857864376255));
#36850=VERTEX_POINT('',#36840);
#36860=EDGE_CURVE('',#36850,#36770,#36830,.T.);
#36870=ORIENTED_EDGE('',*,*,#36860,.T.);
#36880=CARTESIAN_POINT('',(1.63200498876191,-0.0040380592228853,
-5.25000000000004));
#36890=DIRECTION('',(-3.31588763536838E-28,-1.,1.11019355977698E-15));
#36900=DIRECTION('',(-2.88546964100072E-12,1.11019355977698E-15,1.));
#36910=AXIS2_PLACEMENT_3D('',#36880,#36890,#36900);
#36920=CIRCLE('',#36910,0.200000000000004);
#36930=CARTESIAN_POINT('',(1.63200498876162,-0.00403805922288497,
-5.05000000000002));
#36940=VERTEX_POINT('',#36930);
#36950=EDGE_CURVE('',#36940,#36850,#36920,.T.);
#36960=ORIENTED_EDGE('',*,*,#36950,.T.);
#36970=CARTESIAN_POINT('',(1.63200498876191,-0.00403805922288486,
-5.05000000000007));
#36980=DIRECTION('',(1.,1.92592994438725E-34,0.));
#36990=VECTOR('',#36980,1.);
#37000=LINE('',#36970,#36990);
#37010=CARTESIAN_POINT('',(1.88200498876191,-0.00403805922288497,
-5.05000000000002));
#37020=VERTEX_POINT('',#37010);
#37030=EDGE_CURVE('',#36940,#37020,#37000,.T.);
#37040=ORIENTED_EDGE('',*,*,#37030,.F.);
#37050=CARTESIAN_POINT('',(1.88200498876191,-0.00403805922288475,
-4.85000000000003));
#37060=DIRECTION('',(-1.92592994438725E-34,1.,-1.11019355977705E-15));
#37070=DIRECTION('',(-2.13815502084049E-49,1.11019355977705E-15,1.));
#37080=AXIS2_PLACEMENT_3D('',#37050,#37060,#37070);
#37090=CIRCLE('',#37080,0.199999999999992);
#37100=CARTESIAN_POINT('',(1.88200498876191,-0.00403805922288458,
-4.65000000000004));
#37110=VERTEX_POINT('',#37100);
#37120=EDGE_CURVE('',#37110,#37020,#37090,.T.);
#37130=ORIENTED_EDGE('',*,*,#37120,.T.);
#37140=CARTESIAN_POINT('',(1.88200498876191,-0.00403805922288458,
-4.65000000000005));
#37150=DIRECTION('',(-1.,-1.92592994438725E-34,0.));
#37160=VECTOR('',#37150,1.);
#37170=LINE('',#37140,#37160);
#37180=CARTESIAN_POINT('',(1.50203416229076,-0.00403805922288469,
-4.65000000000005));
#37190=VERTEX_POINT('',#37180);
#37200=EDGE_CURVE('',#37110,#37190,#37170,.T.);
#37210=ORIENTED_EDGE('',*,*,#37200,.F.);
#37220=CARTESIAN_POINT('',(1.50203416229076,-0.00403805922288469,
-4.65000000000005));
#37230=DIRECTION('',(8.88178419700124E-16,9.99171257314488E-16,1.));
#37240=VECTOR('',#37230,1.);
#37250=LINE('',#37220,#37240);
#37260=EDGE_CURVE('',#37190,#36250,#37250,.T.);
#37270=ORIENTED_EDGE('',*,*,#37260,.F.);
#37280=EDGE_LOOP('',(#37270,#37210,#37130,#37040,#36960,#36870,#36790,
#36700,#36620,#36530,#36450,#36440,#36370,#36360,#36290));
#37290=FACE_OUTER_BOUND('',#37280,.T.);
#37300=ADVANCED_FACE('',(#37290),#36190,.F.);
#37310=ORIENTED_EDGE('',*,*,#21710,.T.);
#37320=CARTESIAN_POINT('',(0.,3.05,0.));
#37330=DIRECTION('',(-0.,1.,0.));
#37340=DIRECTION('',(0.982536736223174,0.,0.186068702290076));
#37350=AXIS2_PLACEMENT_3D('',#37320,#37330,#37340);
#37360=CIRCLE('',#37350,5.24);
#37370=EDGE_CURVE('',#34440,#21620,#37360,.T.);
#37380=ORIENTED_EDGE('',*,*,#37370,.T.);
#37390=ORIENTED_EDGE('',*,*,#34470,.F.);
#37400=EDGE_CURVE('',#34460,#21700,#11220,.T.);
#37410=ORIENTED_EDGE('',*,*,#37400,.F.);
#37420=EDGE_LOOP('',(#37410,#37390,#37380,#37310));
#37430=FACE_OUTER_BOUND('',#37420,.T.);
#37440=ADVANCED_FACE('',(#37430),#31400,.T.);
#37450=CARTESIAN_POINT('',(-1.88200498876191,0.245961940777124,
4.84999999999996));
#37460=DIRECTION('',(-1.92592994438725E-34,1.,2.94648481515741E-20));
#37470=DIRECTION('',(1.,1.92592994438725E-34,0.));
#37480=AXIS2_PLACEMENT_3D('',#37450,#37460,#37470);
#37490=CYLINDRICAL_SURFACE('',#37480,0.199999999999992);
#37500=ORIENTED_EDGE('',*,*,#3480,.T.);
#37510=CARTESIAN_POINT('',(-1.88200498876191,-0.00403805922287626,
4.64999999999996));
#37520=DIRECTION('',(-1.92592994438725E-34,1.,2.94648481515741E-20));
#37530=VECTOR('',#37520,1.);
#37540=LINE('',#37510,#37530);
#37550=CARTESIAN_POINT('',(-1.88200498876191,-0.0040380592228762,
4.64999999999997));
#37560=VERTEX_POINT('',#37550);
#37570=EDGE_CURVE('',#37560,#3380,#37540,.T.);
#37580=ORIENTED_EDGE('',*,*,#37570,.T.);
#37590=CARTESIAN_POINT('',(-1.88200498876191,-0.00403805922287626,
4.84999999999996));
#37600=DIRECTION('',(-1.92592994438725E-34,1.,2.94648481515741E-20));
#37610=DIRECTION('',(-5.67472333619398E-54,2.94648481515741E-20,-1.));
#37620=AXIS2_PLACEMENT_3D('',#37590,#37600,#37610);
#37630=CIRCLE('',#37620,0.199999999999992);
#37640=EDGE_CURVE('',#37560,#28930,#37630,.T.);
#37650=ORIENTED_EDGE('',*,*,#37640,.F.);
#37660=ORIENTED_EDGE('',*,*,#28940,.T.);
#37670=EDGE_LOOP('',(#37660,#37650,#37580,#37500));
#37680=FACE_OUTER_BOUND('',#37670,.T.);
#37690=ADVANCED_FACE('',(#37680),#37490,.F.);
#37700=CARTESIAN_POINT('',(1.88200498876191,0.245961940777115,
-4.85000000000003));
#37710=DIRECTION('',(-1.92592994438725E-34,1.,-9.95276753369398E-16));
#37720=DIRECTION('',(1.,1.92592994438725E-34,0.));
#37730=AXIS2_PLACEMENT_3D('',#37700,#37710,#37720);
#37740=CYLINDRICAL_SURFACE('',#37730,0.199999999999992);
#37750=CARTESIAN_POINT('',(1.88200498876191,0.245961940777115,
-5.05000000000003));
#37760=DIRECTION('',(1.92592994438725E-34,-1.,3.55268421395235E-15));
#37770=VECTOR('',#37760,1.);
#37780=LINE('',#37750,#37770);
#37790=EDGE_CURVE('',#6000,#37020,#37780,.T.);
#37800=ORIENTED_EDGE('',*,*,#37790,.T.);
#37810=ORIENTED_EDGE('',*,*,#6010,.T.);
#37820=CARTESIAN_POINT('',(1.88200498876191,-0.00403805922288458,
-4.65000000000004));
#37830=DIRECTION('',(-1.92592994438725E-34,1.,2.94648481515741E-20));
#37840=VECTOR('',#37830,1.);
#37850=LINE('',#37820,#37840);
#37860=EDGE_CURVE('',#37110,#5910,#37850,.T.);
#37870=ORIENTED_EDGE('',*,*,#37860,.T.);
#37880=ORIENTED_EDGE('',*,*,#37120,.F.);
#37890=EDGE_LOOP('',(#37880,#37870,#37810,#37800));
#37900=FACE_OUTER_BOUND('',#37890,.T.);
#37910=ADVANCED_FACE('',(#37900),#37740,.F.);
#37920=CARTESIAN_POINT('',(0.,1.45,0.));
#37930=DIRECTION('',(0.,1.,0.));
#37940=DIRECTION('',(0.,0.,1.));
#37950=AXIS2_PLACEMENT_3D('',#37920,#37930,#37940);
#37960=TOROIDAL_SURFACE('',#37950,5.4,0.1);
#37970=CARTESIAN_POINT('',(0.,1.45,-5.4));
#37980=DIRECTION('',(-1.,0.,0.));
#37990=DIRECTION('',(0.,0.,-1.));
#38000=AXIS2_PLACEMENT_3D('',#37970,#37980,#37990);
#38010=CIRCLE('',#38000,0.1);
#38020=CARTESIAN_POINT('',(0.,1.45,-5.5));
#38030=VERTEX_POINT('',#38020);
#38040=EDGE_CURVE('',#28420,#38030,#38010,.T.);
#38050=ORIENTED_EDGE('',*,*,#38040,.T.);
#38060=ORIENTED_EDGE('',*,*,#28450,.F.);
#38070=CARTESIAN_POINT('',(0.,1.45,5.4));
#38080=DIRECTION('',(1.,0.,0.));
#38090=DIRECTION('',(0.,0.,1.));
#38100=AXIS2_PLACEMENT_3D('',#38070,#38080,#38090);
#38110=CIRCLE('',#38100,0.1);
#38120=CARTESIAN_POINT('',(0.,1.44999999999999,5.5));
#38130=VERTEX_POINT('',#38120);
#38140=EDGE_CURVE('',#28400,#38130,#38110,.T.);
#38150=ORIENTED_EDGE('',*,*,#38140,.F.);
#38160=CARTESIAN_POINT('',(0.,1.45,0.));
#38170=DIRECTION('',(0.,1.,0.));
#38180=DIRECTION('',(1.22464679914735E-16,0.,-1.));
#38190=AXIS2_PLACEMENT_3D('',#38160,#38170,#38180);
#38200=CIRCLE('',#38190,5.5);
#38210=EDGE_CURVE('',#38030,#38130,#38200,.T.);
#38220=ORIENTED_EDGE('',*,*,#38210,.T.);
#38230=EDGE_LOOP('',(#38220,#38150,#38060,#38050));
#38240=FACE_OUTER_BOUND('',#38230,.T.);
#38250=ADVANCED_FACE('',(#38240),#37960,.T.);
#38260=CARTESIAN_POINT('',(0.,-1.7117691453624,0.));
#38270=DIRECTION('',(0.,1.,0.));
#38280=DIRECTION('',(0.,0.,1.));
#38290=AXIS2_PLACEMENT_3D('',#38260,#38270,#38280);
#38300=CONICAL_SURFACE('',#38290,1.,0.523598775598293);
#38310=CARTESIAN_POINT('',(0.,-0.91032532191818,0.));
#38320=DIRECTION('',(0.,1.,0.));
#38330=DIRECTION('',(-0.0893419304751308,0.,-0.996001013784111));
#38340=AXIS2_PLACEMENT_3D('',#38310,#38320,#38330);
#38350=CIRCLE('',#38340,1.46271380720586);
#38360=CARTESIAN_POINT('',(-1.45686443485399,-0.910325321918081,
-0.130681675258811));
#38370=VERTEX_POINT('',#38360);
#38380=EDGE_CURVE('',#32150,#38370,#38350,.T.);
#38390=ORIENTED_EDGE('',*,*,#38380,.F.);
#38400=CARTESIAN_POINT('',(-1.45686443485415,-0.91032532191819,
-0.130681675258838));
#38410=CARTESIAN_POINT('',(-1.45940051491942,-0.905868565643548,
-0.13120965935967));
#38420=CARTESIAN_POINT('',(-1.46449785950256,-0.896934571395481,
-0.132116625728185));
#38430=CARTESIAN_POINT('',(-1.47221274189564,-0.883483652470789,
-0.133030174627404));
#38440=CARTESIAN_POINT('',(-1.4773979561644,-0.874490819167117,
-0.13333930077805));
#38450=CARTESIAN_POINT('',(-1.48,-0.86998993147395,-0.133417864064969));
#38460=B_SPLINE_CURVE_WITH_KNOTS('',3,(#38400,#38410,#38420,#38430,
#38440,#38450),.UNSPECIFIED.,.F.,.F.,(4,1,1,4),(0.,0.333333333333333,
0.666666666666667,1.),.UNSPECIFIED.);
#38470=CARTESIAN_POINT('',(-1.48,-0.86998993147395,-0.133417864064969));
#38480=VERTEX_POINT('',#38470);
#38490=EDGE_CURVE('',#38370,#38480,#38460,.T.);
#38500=ORIENTED_EDGE('',*,*,#38490,.F.);
#38510=CARTESIAN_POINT('',(-1.48,-0.86998993147395,-0.133417864064969));
#38520=CARTESIAN_POINT('',(-1.49127327141083,-0.850489979989473,
-0.133758236984228));
#38530=CARTESIAN_POINT('',(-1.51306787731558,-0.813178921066166,
-0.131580886447302));
#38540=CARTESIAN_POINT('',(-1.54301906577639,-0.762946357152452,
-0.121086604428667));
#38550=CARTESIAN_POINT('',(-1.56957979329909,-0.719422648300447,
-0.103987847626057));
#38560=CARTESIAN_POINT('',(-1.59158129032467,-0.68347776025307,
-0.0810943412075795));
#38570=CARTESIAN_POINT('',(-1.60860908251528,-0.65664792380731,
-0.0518710711577144));
#38580=CARTESIAN_POINT('',(-1.61837771546268,-0.640873839470594,
-0.0155024366901436));
#38590=CARTESIAN_POINT('',(-1.61709621354182,-0.642996536843209,
0.0234684683048298));
#38600=CARTESIAN_POINT('',(-1.60599726436442,-0.660820559869791,
0.057303573752978));
#38610=CARTESIAN_POINT('',(-1.58895801524604,-0.687626579214472,
0.0842761394017354));
#38620=CARTESIAN_POINT('',(-1.5673065730237,-0.723184493609326,
0.105718320108009));
#38630=CARTESIAN_POINT('',(-1.54123373640186,-0.765905777061004,
0.121869343049338));
#38640=CARTESIAN_POINT('',(-1.51200686912462,-0.814999887691155,
0.131735670249015));
#38650=CARTESIAN_POINT('',(-1.49089453926578,-0.851145092262116,
0.133746801956974));
#38660=CARTESIAN_POINT('',(-1.48,-0.86998993147395,0.133417864064969));
#38670=B_SPLINE_CURVE_WITH_KNOTS('',3,(#38510,#38520,#38530,#38540,
#38550,#38560,#38570,#38580,#38590,#38600,#38610,#38620,#38630,#38640,
#38650,#38660),.UNSPECIFIED.,.F.,.F.,(4,1,1,1,1,1,1,1,1,1,1,1,1,4),(0.,
0.0769230769230769,0.153846153846154,0.230769230769231,0.307692307692308
,0.384615384615385,0.461538461538462,0.538461538461539,0.615384615384615
,0.692307692307692,0.769230769230769,0.846153846153846,0.923076923076923
,1.),.UNSPECIFIED.);
#38680=CARTESIAN_POINT('',(-1.48,-0.86998993147395,0.133417864064969));
#38690=VERTEX_POINT('',#38680);
#38700=EDGE_CURVE('',#38480,#38690,#38670,.T.);
#38710=ORIENTED_EDGE('',*,*,#38700,.F.);
#38720=CARTESIAN_POINT('',(-1.48,-0.86998993147395,0.133417864064969));
#38730=CARTESIAN_POINT('',(-1.47739795617027,-0.87449081915695,
0.133339300778228));
#38740=CARTESIAN_POINT('',(-1.47221274146999,-0.88348365218973,
0.133030174597931));
#38750=CARTESIAN_POINT('',(-1.46449786017081,-0.896934571545191,
0.132116625798385));
#38760=CARTESIAN_POINT('',(-1.45940051496331,-0.905868565566006,
0.131209659368818));
#38770=CARTESIAN_POINT('',(-1.45686443485391,-0.910325321918183,
0.130681675258796));
#38780=B_SPLINE_CURVE_WITH_KNOTS('',3,(#38720,#38730,#38740,#38750,
#38760,#38770),.UNSPECIFIED.,.F.,.F.,(4,1,1,4),(0.,0.333333333333333,
0.666666666666667,1.),.UNSPECIFIED.);
#38790=CARTESIAN_POINT('',(-1.45686443485391,-0.910325321918208,
0.130681675258795));
#38800=VERTEX_POINT('',#38790);
#38810=EDGE_CURVE('',#38690,#38800,#38780,.T.);
#38820=ORIENTED_EDGE('',*,*,#38810,.F.);
#38830=CARTESIAN_POINT('',(0.,-0.91032532191818,0.));
#38840=DIRECTION('',(0.,1.,0.));
#38850=DIRECTION('',(-0.9960010137847,0.,0.089341930468565));
#38860=AXIS2_PLACEMENT_3D('',#38830,#38840,#38850);
#38870=CIRCLE('',#38860,1.46271380720586);
#38880=EDGE_CURVE('',#38800,#34010,#38870,.T.);
#38890=ORIENTED_EDGE('',*,*,#38880,.F.);
#38900=ORIENTED_EDGE('',*,*,#34040,.F.);
#38910=CARTESIAN_POINT('',(0.,-1.7117691453624,1.));
#38920=DIRECTION('',(0.,0.866025403784442,0.499999999999995));
#38930=VECTOR('',#38920,2.00000000000002);
#38940=LINE('',#38910,#38930);
#38950=EDGE_CURVE('',#18710,#34030,#38940,.T.);
#38960=ORIENTED_EDGE('',*,*,#38950,.T.);
#38970=ORIENTED_EDGE('',*,*,#18740,.F.);
#38980=CARTESIAN_POINT('',(1.22464679914735E-16,-1.7117691453624,-1.));
#38990=DIRECTION('',(6.1232339957367E-17,0.866025403784442,
-0.499999999999995));
#39000=VECTOR('',#38990,2.00000000000002);
#39010=LINE('',#38980,#39000);
#39020=EDGE_CURVE('',#18690,#32310,#39010,.T.);
#39030=ORIENTED_EDGE('',*,*,#39020,.F.);
#39040=ORIENTED_EDGE('',*,*,#32320,.F.);
#39050=EDGE_LOOP('',(#39040,#39030,#38970,#38960,#38900,#38890,#38820,
#38710,#38500,#38390));
#39060=FACE_OUTER_BOUND('',#39050,.T.);
#39070=ADVANCED_FACE('',(#39060),#38300,.T.);
#39080=CARTESIAN_POINT('',(4.5,-1.25,0.));
#39090=DIRECTION('',(0.,1.,0.));
#39100=DIRECTION('',(0.,0.,1.));
#39110=AXIS2_PLACEMENT_3D('',#39080,#39090,#39100);
#39120=CYLINDRICAL_SURFACE('',#39110,0.55);
#39130=CARTESIAN_POINT('',(4.5,-1.25,0.55));
#39140=DIRECTION('',(0.,1.,0.));
#39150=VECTOR('',#39140,1.);
#39160=LINE('',#39130,#39150);
#39170=EDGE_CURVE('',#12860,#9090,#39160,.T.);
#39180=ORIENTED_EDGE('',*,*,#39170,.F.);
#39190=ORIENTED_EDGE('',*,*,#9120,.F.);
#39200=CARTESIAN_POINT('',(4.5,-1.25,-0.55));
#39210=DIRECTION('',(0.,1.,0.));
#39220=VECTOR('',#39210,1.);
#39230=LINE('',#39200,#39220);
#39240=EDGE_CURVE('',#12680,#9070,#39230,.T.);
#39250=ORIENTED_EDGE('',*,*,#39240,.T.);
#39260=ORIENTED_EDGE('',*,*,#12940,.F.);
#39270=EDGE_LOOP('',(#39260,#39250,#39190,#39180));
#39280=FACE_OUTER_BOUND('',#39270,.T.);
#39290=ADVANCED_FACE('',(#39280),#39120,.T.);
#39300=CARTESIAN_POINT('',(1.53200498876191,0.245961940777114,
-5.60000000000001));
#39310=DIRECTION('',(-1.92592994438725E-34,1.,-9.95276753369398E-16));
#39320=DIRECTION('',(1.,1.92592994438725E-34,0.));
#39330=AXIS2_PLACEMENT_3D('',#39300,#39310,#39320);
#39340=CYLINDRICAL_SURFACE('',#39330,0.20000000000001);
#39350=CARTESIAN_POINT('',(1.53200498876191,0.245961940777114,
-5.60000000000001));
#39360=DIRECTION('',(-2.66837041553528E-32,1.,-9.71415681698812E-16));
#39370=DIRECTION('',(1.1102230246251E-15,-9.71415681698812E-16,-1.));
#39380=AXIS2_PLACEMENT_3D('',#39350,#39360,#39370);
#39390=CIRCLE('',#39380,0.20000000000001);
#39400=CARTESIAN_POINT('',(1.53200498876191,0.245961940777114,
-5.80000000000002));
#39410=VERTEX_POINT('',#39400);
#39420=EDGE_CURVE('',#39410,#31020,#39390,.T.);
#39430=ORIENTED_EDGE('',*,*,#39420,.F.);
#39440=ORIENTED_EDGE('',*,*,#31030,.T.);
#39450=ORIENTED_EDGE('',*,*,#6520,.F.);
#39460=CARTESIAN_POINT('',(1.3320049887619,-0.00403805922288553,
-5.60000000000001));
#39470=DIRECTION('',(-1.92592994438725E-34,1.,2.94648481515741E-20));
#39480=VECTOR('',#39470,1.);
#39490=LINE('',#39460,#39480);
#39500=EDGE_CURVE('',#36600,#6420,#39490,.T.);
#39510=ORIENTED_EDGE('',*,*,#39500,.T.);
#39520=ORIENTED_EDGE('',*,*,#36610,.F.);
#39530=CARTESIAN_POINT('',(1.53200498876191,0.245961940777114,
-5.80000000000001));
#39540=DIRECTION('',(1.92592994438725E-34,-1.,-2.94648481515741E-20));
#39550=VECTOR('',#39540,1.);
#39560=LINE('',#39530,#39550);
#39570=EDGE_CURVE('',#39410,#36510,#39560,.T.);
#39580=ORIENTED_EDGE('',*,*,#39570,.T.);
#39590=EDGE_LOOP('',(#39580,#39520,#39510,#39450,#39440,#39430));
#39600=FACE_OUTER_BOUND('',#39590,.T.);
#39610=ADVANCED_FACE('',(#39600),#39340,.T.);
#39620=CARTESIAN_POINT('',(3.1,-2.08832861614873,3.03000000000001));
#39630=DIRECTION('',(0.,1.,0.));
#39640=DIRECTION('',(0.,0.,1.));
#39650=AXIS2_PLACEMENT_3D('',#39620,#39630,#39640);
#39660=CYLINDRICAL_SURFACE('',#39650,0.17);
#39670=CARTESIAN_POINT('',(3.27,0.0800000000000001,3.03000000000001));
#39680=DIRECTION('',(0.,-1.,0.));
#39690=VECTOR('',#39680,1.);
#39700=LINE('',#39670,#39690);
#39710=EDGE_CURVE('',#310,#8640,#39700,.T.);
#39720=ORIENTED_EDGE('',*,*,#39710,.T.);
#39730=ORIENTED_EDGE('',*,*,#320,.F.);
#39740=CARTESIAN_POINT('',(3.1,-8.88178419700125E-16,3.20000000000001));
#39750=DIRECTION('',(0.,1.,0.));
#39760=VECTOR('',#39750,1.);
#39770=LINE('',#39740,#39760);
#39780=EDGE_CURVE('',#8730,#220,#39770,.T.);
#39790=ORIENTED_EDGE('',*,*,#39780,.T.);
#39800=ORIENTED_EDGE('',*,*,#8740,.F.);
#39810=EDGE_LOOP('',(#39800,#39790,#39730,#39720));
#39820=FACE_OUTER_BOUND('',#39810,.T.);
#39830=ADVANCED_FACE('',(#39820),#39660,.F.);
#39840=CARTESIAN_POINT('',(-5.9,4.83,-0.975));
#39850=DIRECTION('',(0.,0.,-1.));
#39860=DIRECTION('',(-1.,0.,0.));
#39870=AXIS2_PLACEMENT_3D('',#39840,#39850,#39860);
#39880=PLANE('',#39870);
#39890=ORIENTED_EDGE('',*,*,#31460,.F.);
#39900=ORIENTED_EDGE('',*,*,#14520,.F.);
#39910=ORIENTED_EDGE('',*,*,#24730,.T.);
#39920=ORIENTED_EDGE('',*,*,#11330,.T.);
#39930=EDGE_LOOP('',(#39920,#39910,#39900,#39890));
#39940=FACE_OUTER_BOUND('',#39930,.T.);
#39950=ADVANCED_FACE('',(#39940),#39880,.F.);
#39960=CARTESIAN_POINT('',(-1.53200498876192,0.245961940777124,
5.35000000000001));
#39970=DIRECTION('',(-1.92592994438725E-34,1.,2.94648481515741E-20));
#39980=DIRECTION('',(1.,1.92592994438725E-34,0.));
#39990=AXIS2_PLACEMENT_3D('',#39960,#39970,#39980);
#40000=CYLINDRICAL_SURFACE('',#39990,0.199999999999997);
#40010=ORIENTED_EDGE('',*,*,#3820,.F.);
#40020=ORIENTED_EDGE('',*,*,#31940,.T.);
#40030=CARTESIAN_POINT('',(-1.53200498876192,-0.0040380592228762,
5.35000000000001));
#40040=DIRECTION('',(1.92592994438725E-34,-1.,-2.94648481515741E-20));
#40050=DIRECTION('',(0.707106781186664,2.08347939346067E-20,
-0.707106781186431));
#40060=AXIS2_PLACEMENT_3D('',#40030,#40040,#40050);
#40070=CIRCLE('',#40060,0.199999999999997);
#40080=CARTESIAN_POINT('',(-1.33200498876192,-0.0040380592228762,
5.35000000000001));
#40090=VERTEX_POINT('',#40080);
#40100=EDGE_CURVE('',#31870,#40090,#40070,.T.);
#40110=ORIENTED_EDGE('',*,*,#40100,.F.);
#40120=CARTESIAN_POINT('',(-1.33200498876192,0.245961940777124,
5.35000000000001));
#40130=DIRECTION('',(1.92592994438725E-34,-1.,-2.94648481515741E-20));
#40140=VECTOR('',#40130,1.);
#40150=LINE('',#40120,#40140);
#40160=EDGE_CURVE('',#3810,#40090,#40150,.T.);
#40170=ORIENTED_EDGE('',*,*,#40160,.T.);
#40180=EDGE_LOOP('',(#40170,#40110,#40020,#40010));
#40190=FACE_OUTER_BOUND('',#40180,.T.);
#40200=ADVANCED_FACE('',(#40190),#40000,.T.);
#40210=CARTESIAN_POINT('',(0.,0.08,0.));
#40220=DIRECTION('',(0.,1.,0.));
#40230=DIRECTION('',(0.,0.,1.));
#40240=AXIS2_PLACEMENT_3D('',#40210,#40220,#40230);
#40250=PLANE('',#40240);
#40260=ORIENTED_EDGE('',*,*,#33710,.T.);
#40270=EDGE_CURVE('',#33700,#33610,#33680,.T.);
#40280=ORIENTED_EDGE('',*,*,#40270,.T.);
#40290=EDGE_LOOP('',(#40280,#40260));
#40300=FACE_OUTER_BOUND('',#40290,.T.);
#40310=ADVANCED_FACE('',(#40300),#40250,.F.);
#40320=CARTESIAN_POINT('',(2.16840434497101E-16,0.399999999999999,-318.5
));
#40330=DIRECTION('',(-1.92592994438725E-34,1.,2.94648481515741E-20));
#40340=DIRECTION('',(1.,1.92592994438725E-34,0.));
#40350=AXIS2_PLACEMENT_3D('',#40320,#40330,#40340);
#40360=PLANE('',#40350);
#40370=CARTESIAN_POINT('',(2.3,0.399999999999999,0.849999999999991));
#40380=DIRECTION('',(0.,-1.,0.));
#40390=DIRECTION('',(0.,0.,-1.));
#40400=AXIS2_PLACEMENT_3D('',#40370,#40380,#40390);
#40410=CIRCLE('',#40400,0.6);
#40420=CARTESIAN_POINT('',(2.3,0.4,0.249999999999992));
#40430=VERTEX_POINT('',#40420);
#40440=CARTESIAN_POINT('',(2.3,0.399999999999999,1.44999999999999));
#40450=VERTEX_POINT('',#40440);
#40460=EDGE_CURVE('',#40430,#40450,#40410,.T.);
#40470=ORIENTED_EDGE('',*,*,#40460,.T.);
#40480=EDGE_CURVE('',#40450,#40430,#40410,.T.);
#40490=ORIENTED_EDGE('',*,*,#40480,.T.);
#40500=EDGE_LOOP('',(#40490,#40470));
#40510=FACE_OUTER_BOUND('',#40500,.T.);
#40520=CARTESIAN_POINT('',(2.3,0.399999999999999,0.849999999999951));
#40530=DIRECTION('',(-1.92592994438725E-34,1.,2.94648481515741E-20));
#40540=DIRECTION('',(1.,-2.29704994828372E-34,1.43322642321011E-14));
#40550=AXIS2_PLACEMENT_3D('',#40520,#40530,#40540);
#40560=CIRCLE('',#40550,0.278867513459499);
#40570=CARTESIAN_POINT('',(2.0211324865405,0.399999999999999,
0.849999999999951));
#40580=VERTEX_POINT('',#40570);
#40590=CARTESIAN_POINT('',(2.5788675134595,0.399999999999999,
0.849999999999951));
#40600=VERTEX_POINT('',#40590);
#40610=EDGE_CURVE('',#40580,#40600,#40560,.T.);
#40620=ORIENTED_EDGE('',*,*,#40610,.T.);
#40630=EDGE_CURVE('',#40600,#40580,#40560,.T.);
#40640=ORIENTED_EDGE('',*,*,#40630,.T.);
#40650=EDGE_LOOP('',(#40640,#40620));
#40660=FACE_BOUND('',#40650,.T.);
#40670=ADVANCED_FACE('',(#40510,#40660),#40360,.F.);
#40680=CARTESIAN_POINT('',(2.3,0.649999999999999,0.849999999999951));
#40690=DIRECTION('',(-1.92592994438725E-34,1.,2.94648481515741E-20));
#40700=DIRECTION('',(1.,1.92592994438725E-34,0.));
#40710=AXIS2_PLACEMENT_3D('',#40680,#40690,#40700);
#40720=CYLINDRICAL_SURFACE('',#40710,0.278867513459499);
#40730=CARTESIAN_POINT('',(2.0211324865405,0.649999999999999,
0.849999999999951));
#40740=DIRECTION('',(-1.92592994438725E-34,1.,2.94648481515741E-20));
#40750=VECTOR('',#40740,1.);
#40760=LINE('',#40730,#40750);
#40770=EDGE_CURVE('',#40580,#13120,#40760,.T.);
#40780=ORIENTED_EDGE('',*,*,#40770,.F.);
#40790=ORIENTED_EDGE('',*,*,#13130,.T.);
#40800=CARTESIAN_POINT('',(2.5788675134595,0.649999999999999,
0.849999999999951));
#40810=DIRECTION('',(-1.92592994438725E-34,1.,2.94648481515741E-20));
#40820=VECTOR('',#40810,1.);
#40830=LINE('',#40800,#40820);
#40840=EDGE_CURVE('',#40600,#13100,#40830,.T.);
#40850=ORIENTED_EDGE('',*,*,#40840,.T.);
#40860=ORIENTED_EDGE('',*,*,#40630,.F.);
#40870=EDGE_LOOP('',(#40860,#40850,#40790,#40780));
#40880=FACE_OUTER_BOUND('',#40870,.T.);
#40890=ADVANCED_FACE('',(#40880),#40720,.F.);
#40900=CARTESIAN_POINT('',(-0.147995011238218,0.245961940776803,-318.5))
;
#40910=DIRECTION('',(-4.10526825003624E-31,1.,-9.95276753369398E-16));
#40920=DIRECTION('',(1.,2.04740447771424E-34,-4.12269334299985E-16));
#40930=AXIS2_PLACEMENT_3D('',#40900,#40910,#40920);
#40940=PLANE('',#40930);
#40950=ORIENTED_EDGE('',*,*,#39420,.T.);
#40960=CARTESIAN_POINT('',(2.33956942346375,0.245961940777114,
-5.80000000000002));
#40970=DIRECTION('',(-1.,-1.92592994438725E-34,0.));
#40980=VECTOR('',#40970,1.);
#40990=LINE('',#40960,#40980);
#41000=EDGE_CURVE('',#26200,#39410,#40990,.T.);
#41010=ORIENTED_EDGE('',*,*,#41000,.T.);
#41020=ORIENTED_EDGE('',*,*,#26210,.T.);
#41030=CARTESIAN_POINT('',(3.15200498876191,0.245961940777115,
-5.10000000000006));
#41040=DIRECTION('',(-4.33164849559927E-28,1.,-9.95276753369398E-16));
#41050=DIRECTION('',(1.,1.30159137057433E-32,-4.3520742565305E-13));
#41060=AXIS2_PLACEMENT_3D('',#41030,#41040,#41050);
#41070=CIRCLE('',#41060,0.200000000000005);
#41080=EDGE_CURVE('',#32990,#26180,#41070,.T.);
#41090=ORIENTED_EDGE('',*,*,#41080,.T.);
#41100=ORIENTED_EDGE('',*,*,#33000,.T.);
#41110=ORIENTED_EDGE('',*,*,#31120,.F.);
#41120=EDGE_LOOP('',(#41110,#41100,#41090,#41020,#41010,#40950));
#41130=FACE_OUTER_BOUND('',#41120,.T.);
#41140=ADVANCED_FACE('',(#41130),#40940,.T.);
#41150=CARTESIAN_POINT('',(0.84999999999999,0.65,6.16715728752542));
#41160=DIRECTION('',(-1.,0.,1.24476710324794E-16));
#41170=DIRECTION('',(1.24476710324794E-16,0.,1.));
#41180=AXIS2_PLACEMENT_3D('',#41150,#41160,#41170);
#41190=PLANE('',#41180);
#41200=CARTESIAN_POINT('',(0.849999999999991,0.649999999999999,
5.43392123608725));
#41210=DIRECTION('',(0.,1.,0.));
#41220=VECTOR('',#41210,1.);
#41230=LINE('',#41200,#41220);
#41240=CARTESIAN_POINT('',(0.84999999999999,0.799999999999999,
5.43392123608725));
#41250=VERTEX_POINT('',#41240);
#41260=EDGE_CURVE('',#35960,#41250,#41230,.T.);
#41270=ORIENTED_EDGE('',*,*,#41260,.F.);
#41280=CARTESIAN_POINT('',(0.849999999999992,0.799999999999999,
5.43392123608725));
#41290=DIRECTION('',(0.,0.,1.));
#41300=VECTOR('',#41290,1.);
#41310=LINE('',#41280,#41300);
#41320=EDGE_CURVE('',#41250,#30770,#41310,.T.);
#41330=ORIENTED_EDGE('',*,*,#41320,.F.);
#41340=ORIENTED_EDGE('',*,*,#30780,.F.);
#41350=ORIENTED_EDGE('',*,*,#36030,.F.);
#41360=EDGE_LOOP('',(#41350,#41340,#41330,#41270));
#41370=FACE_OUTER_BOUND('',#41360,.T.);
#41380=ADVANCED_FACE('',(#41370),#41190,.T.);
#41390=CARTESIAN_POINT('',(-1.88200498876191,0.245961940777124,
-4.85000000000003));
#41400=DIRECTION('',(-1.92592994438725E-34,1.,2.94648481515741E-20));
#41410=DIRECTION('',(1.,1.92592994438725E-34,0.));
#41420=AXIS2_PLACEMENT_3D('',#41390,#41400,#41410);
#41430=CYLINDRICAL_SURFACE('',#41420,0.199999999999992);
#41440=ORIENTED_EDGE('',*,*,#7540,.T.);
#41450=CARTESIAN_POINT('',(-1.88200498876191,-0.00403805922287626,
-5.05000000000002));
#41460=DIRECTION('',(-1.92592994438725E-34,1.,2.94648481515741E-20));
#41470=VECTOR('',#41460,1.);
#41480=LINE('',#41450,#41470);
#41490=CARTESIAN_POINT('',(-1.88200498876166,-0.0040380592228762,
-5.05000000000006));
#41500=VERTEX_POINT('',#41490);
#41510=EDGE_CURVE('',#41500,#7440,#41480,.T.);
#41520=ORIENTED_EDGE('',*,*,#41510,.T.);
#41530=CARTESIAN_POINT('',(-1.88200498876191,-0.00403805922287626,
-4.85000000000003));
#41540=DIRECTION('',(-1.92592994438725E-34,1.,2.94648481515741E-20));
#41550=DIRECTION('',(2.50910403565295E-12,2.94648481515741E-20,-1.));
#41560=AXIS2_PLACEMENT_3D('',#41530,#41540,#41550);
#41570=CIRCLE('',#41560,0.199999999999992);
#41580=EDGE_CURVE('',#41500,#19850,#41570,.T.);
#41590=ORIENTED_EDGE('',*,*,#41580,.F.);
#41600=ORIENTED_EDGE('',*,*,#19860,.T.);
#41610=EDGE_LOOP('',(#41600,#41590,#41520,#41440));
#41620=FACE_OUTER_BOUND('',#41610,.T.);
#41630=ADVANCED_FACE('',(#41620),#41430,.F.);
#41640=CARTESIAN_POINT('',(-3.15200498876191,0.245961940777124,
5.09999999999998));
#41650=DIRECTION('',(-1.92592994438725E-34,1.,2.94648481515741E-20));
#41660=DIRECTION('',(1.,1.92592994438725E-34,0.));
#41670=AXIS2_PLACEMENT_3D('',#41640,#41650,#41660);
#41680=CYLINDRICAL_SURFACE('',#41670,0.200000000000013);
#41690=ORIENTED_EDGE('',*,*,#13590,.F.);
#41700=ORIENTED_EDGE('',*,*,#22080,.T.);
#41710=CARTESIAN_POINT('',(-3.15200498876191,-0.0040380592228762,
5.09999999999998));
#41720=DIRECTION('',(1.92592994438725E-34,-1.,-2.94648481515741E-20));
#41730=DIRECTION('',(-0.499999999999978,-2.55173070179146E-20,
0.866025403784451));
#41740=AXIS2_PLACEMENT_3D('',#41710,#41720,#41730);
#41750=CIRCLE('',#41740,0.200000000000013);
#41760=CARTESIAN_POINT('',(-3.35200498876193,-0.0040380592228762,
5.10000000000001));
#41770=VERTEX_POINT('',#41760);
#41780=EDGE_CURVE('',#22010,#41770,#41750,.T.);
#41790=ORIENTED_EDGE('',*,*,#41780,.F.);
#41800=CARTESIAN_POINT('',(-3.35200498876193,0.245961940777124,
5.09999999999998));
#41810=DIRECTION('',(1.92592994438725E-34,-1.,-2.94648481515741E-20));
#41820=VECTOR('',#41810,1.);
#41830=LINE('',#41800,#41820);
#41840=EDGE_CURVE('',#13580,#41770,#41830,.T.);
#41850=ORIENTED_EDGE('',*,*,#41840,.T.);
#41860=EDGE_LOOP('',(#41850,#41790,#41700,#41690));
#41870=FACE_OUTER_BOUND('',#41860,.T.);
#41880=ADVANCED_FACE('',(#41870),#41680,.T.);
#41890=CARTESIAN_POINT('',(-1.33200498876192,0.245961940777124,
5.35000000000001));
#41900=DIRECTION('',(-1.,-1.92592994438725E-34,0.));
#41910=DIRECTION('',(5.67472333619398E-54,-2.94648481515741E-20,1.));
#41920=AXIS2_PLACEMENT_3D('',#41890,#41900,#41910);
#41930=PLANE('',#41920);
#41940=ORIENTED_EDGE('',*,*,#40160,.F.);
#41950=CARTESIAN_POINT('',(-1.33200498876192,-0.0040380592228762,
5.59999999999998));
#41960=DIRECTION('',(-5.67472333619398E-54,2.94648481515741E-20,-1.));
#41970=VECTOR('',#41960,1.);
#41980=LINE('',#41950,#41970);
#41990=CARTESIAN_POINT('',(-1.33200498876192,-0.0040380592228762,
5.59999999999997));
#42000=VERTEX_POINT('',#41990);
#42010=EDGE_CURVE('',#42000,#40090,#41980,.T.);
#42020=ORIENTED_EDGE('',*,*,#42010,.T.);
#42030=CARTESIAN_POINT('',(-1.33200498876191,-0.00403805922287614,
5.59999999999998));
#42040=DIRECTION('',(-1.92592994438725E-34,1.,2.94648481515741E-20));
#42050=VECTOR('',#42040,1.);
#42060=LINE('',#42030,#42050);
#42070=EDGE_CURVE('',#42000,#3890,#42060,.T.);
#42080=ORIENTED_EDGE('',*,*,#42070,.F.);
#42090=ORIENTED_EDGE('',*,*,#3900,.F.);
#42100=EDGE_LOOP('',(#42090,#42080,#42020,#41940));
#42110=FACE_OUTER_BOUND('',#42100,.T.);
#42120=ADVANCED_FACE('',(#42110),#41930,.F.);
#42130=CARTESIAN_POINT('',(-5.295,6.39,0.));
#42140=DIRECTION('',(0.,1.,0.));
#42150=DIRECTION('',(0.,0.,1.));
#42160=AXIS2_PLACEMENT_3D('',#42130,#42140,#42150);
#42170=PLANE('',#42160);
#42180=EDGE_CURVE('',#17040,#17240,#17310,.T.);
#42190=ORIENTED_EDGE('',*,*,#42180,.T.);
#42200=ORIENTED_EDGE('',*,*,#17320,.T.);
#42210=EDGE_LOOP('',(#42200,#42190));
#42220=FACE_OUTER_BOUND('',#42210,.T.);
#42230=CARTESIAN_POINT('',(-3.88353845979047,6.39,0.));
#42240=DIRECTION('',(0.180386001415352,0.,0.983595897964901));
#42250=VECTOR('',#42240,1.);
#42260=LINE('',#42230,#42250);
#42270=CARTESIAN_POINT('',(-4.18628100978269,6.39,-1.6507729423312));
#42280=VERTEX_POINT('',#42270);
#42290=CARTESIAN_POINT('',(-4.16896479429919,6.39,-1.55635231997576));
#42300=VERTEX_POINT('',#42290);
#42310=EDGE_CURVE('',#42280,#42300,#42260,.T.);
#42320=ORIENTED_EDGE('',*,*,#42310,.F.);
#42330=CARTESIAN_POINT('',(-1.93977046885428E-19,6.39,
5.42976580892665E-20));
#42340=DIRECTION('',(0.,-1.,0.));
#42350=DIRECTION('',(0.,0.,-1.));
#42360=AXIS2_PLACEMENT_3D('',#42330,#42340,#42350);
#42370=CIRCLE('',#42360,4.45);
#42380=CARTESIAN_POINT('',(-4.16896479429918,6.39,1.55635231997577));
#42390=VERTEX_POINT('',#42380);
#42400=EDGE_CURVE('',#42390,#42300,#42370,.T.);
#42410=ORIENTED_EDGE('',*,*,#42400,.T.);
#42420=CARTESIAN_POINT('',(-3.88353845979047,6.39,0.));
#42430=DIRECTION('',(0.180386001415352,0.,-0.983595897964901));
#42440=VECTOR('',#42430,1.);
#42450=LINE('',#42420,#42440);
#42460=CARTESIAN_POINT('',(-4.18628100978269,6.39,1.65077294233121));
#42470=VERTEX_POINT('',#42460);
#42480=EDGE_CURVE('',#42470,#42390,#42450,.T.);
#42490=ORIENTED_EDGE('',*,*,#42480,.T.);
#42500=CARTESIAN_POINT('',(-1.93977046885428E-19,6.39,
5.42976580892665E-20));
#42510=DIRECTION('',(0.,-1.,0.));
#42520=DIRECTION('',(0.,0.,-1.));
#42530=AXIS2_PLACEMENT_3D('',#42500,#42510,#42520);
#42540=CIRCLE('',#42530,4.5);
#42550=CARTESIAN_POINT('',(4.18628100978269,6.39,1.65077294233121));
#42560=VERTEX_POINT('',#42550);
#42570=EDGE_CURVE('',#42560,#42470,#42540,.T.);
#42580=ORIENTED_EDGE('',*,*,#42570,.T.);
#42590=CARTESIAN_POINT('',(3.88353845979047,6.39,0.));
#42600=DIRECTION('',(-0.180386001415352,0.,-0.983595897964901));
#42610=VECTOR('',#42600,1.);
#42620=LINE('',#42590,#42610);
#42630=CARTESIAN_POINT('',(4.16896479429919,6.39,1.55635231997576));
#42640=VERTEX_POINT('',#42630);
#42650=EDGE_CURVE('',#42560,#42640,#42620,.T.);
#42660=ORIENTED_EDGE('',*,*,#42650,.F.);
#42670=CARTESIAN_POINT('',(4.16896479429918,6.39,-1.55635231997577));
#42680=VERTEX_POINT('',#42670);
#42690=EDGE_CURVE('',#42680,#42640,#42370,.T.);
#42700=ORIENTED_EDGE('',*,*,#42690,.T.);
#42710=CARTESIAN_POINT('',(3.88353845979047,6.39,0.));
#42720=DIRECTION('',(-0.180386001415352,0.,0.983595897964901));
#42730=VECTOR('',#42720,1.);
#42740=LINE('',#42710,#42730);
#42750=CARTESIAN_POINT('',(4.18628100978269,6.39,-1.65077294233121));
#42760=VERTEX_POINT('',#42750);
#42770=EDGE_CURVE('',#42760,#42680,#42740,.T.);
#42780=ORIENTED_EDGE('',*,*,#42770,.T.);
#42790=CARTESIAN_POINT('',(-1.93977046885428E-19,6.39,
5.42976580892665E-20));
#42800=DIRECTION('',(0.,-1.,0.));
#42810=DIRECTION('',(0.,0.,-1.));
#42820=AXIS2_PLACEMENT_3D('',#42790,#42800,#42810);
#42830=CIRCLE('',#42820,4.5);
#42840=EDGE_CURVE('',#42280,#42760,#42830,.T.);
#42850=ORIENTED_EDGE('',*,*,#42840,.T.);
#42860=EDGE_LOOP('',(#42850,#42780,#42700,#42660,#42580,#42490,#42410,
#42320));
#42870=FACE_BOUND('',#42860,.T.);
#42880=ADVANCED_FACE('',(#42220,#42870),#42170,.T.);
#42890=CARTESIAN_POINT('',(-0.911600000000001,0.299999999999999,
-4.15000000000005));
#42900=DIRECTION('',(5.67472333619398E-54,-2.94648481515741E-20,1.));
#42910=DIRECTION('',(1.,1.92592994438725E-34,0.));
#42920=AXIS2_PLACEMENT_3D('',#42890,#42900,#42910);
#42930=PLANE('',#42920);
#42940=ORIENTED_EDGE('',*,*,#24190,.T.);
#42950=CARTESIAN_POINT('',(-3.15200498876191,-0.0040380592228762,
-4.15000000000005));
#42960=DIRECTION('',(1.,1.92592994438725E-34,0.));
#42970=VECTOR('',#42960,1.);
#42980=LINE('',#42950,#42970);
#42990=EDGE_CURVE('',#25210,#24110,#42980,.T.);
#43000=ORIENTED_EDGE('',*,*,#42990,.T.);
#43010=ORIENTED_EDGE('',*,*,#25220,.F.);
#43020=ORIENTED_EDGE('',*,*,#7780,.T.);
#43030=EDGE_LOOP('',(#43020,#43010,#43000,#42940));
#43040=FACE_OUTER_BOUND('',#43030,.T.);
#43050=ADVANCED_FACE('',(#43040),#42930,.T.);
#43060=CARTESIAN_POINT('',(1.4905836325246,0.245961940777115,
-5.10857864376275));
#43070=DIRECTION('',(0.70710678118663,-7.21624131212417E-16,
-0.707106781186465));
#43080=DIRECTION('',(-0.707106781186465,-7.77135282443675E-16,
-0.70710678118663));
#43090=AXIS2_PLACEMENT_3D('',#43060,#43070,#43080);
#43100=PLANE('',#43090);
#43110=CARTESIAN_POINT('',(1.49058363252459,0.245961940777115,
-5.10857864376274));
#43120=DIRECTION('',(1.92592994438725E-34,-1.,-2.94648481515741E-20));
#43130=VECTOR('',#43120,1.);
#43140=LINE('',#43110,#43130);
#43150=EDGE_CURVE('',#6170,#36850,#43140,.T.);
#43160=ORIENTED_EDGE('',*,*,#43150,.F.);
#43170=ORIENTED_EDGE('',*,*,#36860,.F.);
#43180=CARTESIAN_POINT('',(1.39058363252459,-0.00403805922288519,
-5.2085786437628));
#43190=DIRECTION('',(-1.92592994438725E-34,1.,2.94648481515741E-20));
#43200=VECTOR('',#43190,1.);
#43210=LINE('',#43180,#43200);
#43220=EDGE_CURVE('',#36770,#6250,#43210,.T.);
#43230=ORIENTED_EDGE('',*,*,#43220,.F.);
#43240=ORIENTED_EDGE('',*,*,#6260,.F.);
#43250=EDGE_LOOP('',(#43240,#43230,#43170,#43160));
#43260=FACE_OUTER_BOUND('',#43250,.T.);
#43270=ADVANCED_FACE('',(#43260),#43100,.F.);
#43280=CARTESIAN_POINT('',(1.63200498876191,0.245961940777115,
-5.25000000000004));
#43290=DIRECTION('',(-1.92592994438725E-34,1.,-9.95276753369398E-16));
#43300=DIRECTION('',(1.,1.92592994438725E-34,0.));
#43310=AXIS2_PLACEMENT_3D('',#43280,#43290,#43300);
#43320=CYLINDRICAL_SURFACE('',#43310,0.200000000000004);
#43330=ORIENTED_EDGE('',*,*,#6180,.F.);
#43340=CARTESIAN_POINT('',(1.63200498876191,-0.00403805922288508,
-5.05000000000004));
#43350=DIRECTION('',(-1.92592994438725E-34,1.,2.94648481515741E-20));
#43360=VECTOR('',#43350,1.);
#43370=LINE('',#43340,#43360);
#43380=EDGE_CURVE('',#36940,#6080,#43370,.T.);
#43390=ORIENTED_EDGE('',*,*,#43380,.T.);
#43400=ORIENTED_EDGE('',*,*,#36950,.F.);
#43410=ORIENTED_EDGE('',*,*,#43150,.T.);
#43420=EDGE_LOOP('',(#43410,#43400,#43390,#43330));
#43430=FACE_OUTER_BOUND('',#43420,.T.);
#43440=ADVANCED_FACE('',(#43430),#43320,.T.);
#43450=CARTESIAN_POINT('',(-1.4905836325246,0.245961940777124,
-5.10857864376275));
#43460=DIRECTION('',(-0.70710678118659,5.55319860251924E-17,
-0.707106781186505));
#43470=DIRECTION('',(-0.707106781186505,-2.08347939346113E-20,
0.70710678118659));
#43480=AXIS2_PLACEMENT_3D('',#43450,#43460,#43470);
#43490=PLANE('',#43480);
#43500=CARTESIAN_POINT('',(-1.39058363252459,0.245961940777124,
-5.20857864376279));
#43510=DIRECTION('',(1.92592994438725E-34,-1.,-2.94648481515741E-20));
#43520=VECTOR('',#43510,1.);
#43530=LINE('',#43500,#43520);
#43540=CARTESIAN_POINT('',(-1.39058363252462,-0.0040380592228762,
-5.20857864376275));
#43550=VERTEX_POINT('',#43540);
#43560=EDGE_CURVE('',#7190,#43550,#43530,.T.);
#43570=ORIENTED_EDGE('',*,*,#43560,.F.);
#43580=CARTESIAN_POINT('',(-1.39058363252465,-0.0040380592228762,
-5.20857864376275));
#43590=DIRECTION('',(-0.707106781186615,-2.08347939346081E-20,
0.70710678118648));
#43600=VECTOR('',#43590,1.);
#43610=LINE('',#43580,#43600);
#43620=EDGE_CURVE('',#43550,#35420,#43610,.T.);
#43630=ORIENTED_EDGE('',*,*,#43620,.F.);
#43640=ORIENTED_EDGE('',*,*,#35430,.F.);
#43650=ORIENTED_EDGE('',*,*,#7280,.F.);
#43660=EDGE_LOOP('',(#43650,#43640,#43630,#43570));
#43670=FACE_OUTER_BOUND('',#43660,.T.);
#43680=ADVANCED_FACE('',(#43670),#43490,.F.);
#43690=CARTESIAN_POINT('',(1.88200498876191,0.245961940777115,
-5.05000000000007));
#43700=DIRECTION('',(-4.12269334299985E-16,-9.95276753369398E-16,-1.));
#43710=DIRECTION('',(-1.,-2.04740447771424E-34,4.12269334299985E-16));
#43720=AXIS2_PLACEMENT_3D('',#43690,#43700,#43710);
#43730=PLANE('',#43720);
#43740=ORIENTED_EDGE('',*,*,#37790,.F.);
#43750=ORIENTED_EDGE('',*,*,#37030,.T.);
#43760=ORIENTED_EDGE('',*,*,#43380,.F.);
#43770=ORIENTED_EDGE('',*,*,#6090,.F.);
#43780=EDGE_LOOP('',(#43770,#43760,#43750,#43740));
#43790=FACE_OUTER_BOUND('',#43780,.T.);
#43800=ADVANCED_FACE('',(#43790),#43730,.F.);
#43810=CARTESIAN_POINT('',(1.33200498876191,0.245961940777115,
-5.35000000000009));
#43820=DIRECTION('',(1.,2.04740447771879E-34,-4.12269334299985E-16));
#43830=DIRECTION('',(-4.12269334299985E-16,-9.95276753369398E-16,-1.));
#43840=AXIS2_PLACEMENT_3D('',#43810,#43820,#43830);
#43850=PLANE('',#43840);
#43860=CARTESIAN_POINT('',(1.33200498876192,0.245961940777115,
-5.35000000000009));
#43870=DIRECTION('',(1.92592994438725E-34,-1.,-2.94648481515741E-20));
#43880=VECTOR('',#43870,1.);
#43890=LINE('',#43860,#43880);
#43900=EDGE_CURVE('',#6340,#36680,#43890,.T.);
#43910=ORIENTED_EDGE('',*,*,#43900,.F.);
#43920=ORIENTED_EDGE('',*,*,#36690,.T.);
#43930=ORIENTED_EDGE('',*,*,#39500,.F.);
#43940=ORIENTED_EDGE('',*,*,#6430,.F.);
#43950=EDGE_LOOP('',(#43940,#43930,#43920,#43910));
#43960=FACE_OUTER_BOUND('',#43950,.T.);
#43970=ADVANCED_FACE('',(#43960),#43850,.F.);
#43980=CARTESIAN_POINT('',(0.147995011238086,-0.0040380592228762,-318.5)
);
#43990=DIRECTION('',(-1.92592994438725E-34,1.,2.94648481515741E-20));
#44000=DIRECTION('',(1.,1.92592994438725E-34,0.));
#44010=AXIS2_PLACEMENT_3D('',#43980,#43990,#44000);
#44020=PLANE('',#44010);
#44030=ORIENTED_EDGE('',*,*,#41580,.T.);
#44040=CARTESIAN_POINT('',(-1.88200498876191,-0.0040380592228762,
-5.05000000000006));
#44050=DIRECTION('',(1.,1.92592994438725E-34,0.));
#44060=VECTOR('',#44050,1.);
#44070=LINE('',#44040,#44060);
#44080=EDGE_CURVE('',#41500,#35510,#44070,.T.);
#44090=ORIENTED_EDGE('',*,*,#44080,.F.);
#44100=ORIENTED_EDGE('',*,*,#35520,.T.);
#44110=ORIENTED_EDGE('',*,*,#43620,.T.);
#44120=CARTESIAN_POINT('',(-1.53200498876192,-0.0040380592228762,
-5.35000000000009));
#44130=DIRECTION('',(1.92592994438725E-34,-1.,-2.94648481515741E-20));
#44140=DIRECTION('',(1.,1.73339706799589E-32,-5.81756864903593E-13));
#44150=AXIS2_PLACEMENT_3D('',#44120,#44130,#44140);
#44160=CIRCLE('',#44150,0.199999999999996);
#44170=EDGE_CURVE('',#35180,#43550,#44160,.T.);
#44180=ORIENTED_EDGE('',*,*,#44170,.T.);
#44190=ORIENTED_EDGE('',*,*,#35190,.F.);
#44200=CARTESIAN_POINT('',(-1.53200498876192,-0.00403805922287614,
-5.60000000000001));
#44210=DIRECTION('',(1.92592994438725E-34,-1.,-2.94648481515741E-20));
#44220=DIRECTION('',(1.1102230246251E-15,2.94648481515741E-20,-1.));
#44230=AXIS2_PLACEMENT_3D('',#44200,#44210,#44220);
#44240=CIRCLE('',#44230,0.20000000000001);
#44250=EDGE_CURVE('',#23880,#35100,#44240,.T.);
#44260=ORIENTED_EDGE('',*,*,#44250,.T.);
#44270=ORIENTED_EDGE('',*,*,#23890,.F.);
#44280=ORIENTED_EDGE('',*,*,#22890,.T.);
#44290=ORIENTED_EDGE('',*,*,#18090,.T.);
#44300=ORIENTED_EDGE('',*,*,#27390,.F.);
#44310=ORIENTED_EDGE('',*,*,#25310,.T.);
#44320=ORIENTED_EDGE('',*,*,#42990,.F.);
#44330=ORIENTED_EDGE('',*,*,#24120,.F.);
#44340=ORIENTED_EDGE('',*,*,#19940,.F.);
#44350=EDGE_LOOP('',(#44340,#44330,#44320,#44310,#44300,#44290,#44280,
#44270,#44260,#44190,#44180,#44110,#44100,#44090,#44030));
#44360=FACE_OUTER_BOUND('',#44350,.T.);
#44370=ADVANCED_FACE('',(#44360),#44020,.F.);
#44380=CARTESIAN_POINT('',(-1.22814175355079,-1.4,6.));
#44390=DIRECTION('',(0.,0.,-1.));
#44400=DIRECTION('',(-1.,0.,0.));
#44410=AXIS2_PLACEMENT_3D('',#44380,#44390,#44400);
#44420=PLANE('',#44410);
#44430=ORIENTED_EDGE('',*,*,#27020,.T.);
#44440=CARTESIAN_POINT('',(0.24999999999999,0.4,6.));
#44450=DIRECTION('',(-1.,0.,0.));
#44460=VECTOR('',#44450,1.);
#44470=LINE('',#44440,#44460);
#44480=CARTESIAN_POINT('',(-0.85,0.399999999999999,5.99999999999999));
#44490=VERTEX_POINT('',#44480);
#44500=EDGE_CURVE('',#26910,#44490,#44470,.T.);
#44510=ORIENTED_EDGE('',*,*,#44500,.F.);
#44520=CARTESIAN_POINT('',(-0.85,0.649999999999999,5.99999999999999));
#44530=DIRECTION('',(1.92592994438725E-34,-1.,-2.94648481515741E-20));
#44540=VECTOR('',#44530,1.);
#44550=LINE('',#44520,#44540);
#44560=EDGE_CURVE('',#35750,#44490,#44550,.T.);
#44570=ORIENTED_EDGE('',*,*,#44560,.T.);
#44580=ORIENTED_EDGE('',*,*,#36100,.F.);
#44590=EDGE_LOOP('',(#44580,#44570,#44510,#44430));
#44600=FACE_OUTER_BOUND('',#44590,.T.);
#44610=ADVANCED_FACE('',(#44600),#44420,.F.);
#44620=CARTESIAN_POINT('',(0.44999999999999,0.4,6.24641016151378));
#44630=DIRECTION('',(0.,-1.,0.));
#44640=DIRECTION('',(0.,0.,-1.));
#44650=AXIS2_PLACEMENT_3D('',#44620,#44630,#44640);
#44660=PLANE('',#44650);
#44670=ORIENTED_EDGE('',*,*,#26940,.F.);
#44680=ORIENTED_EDGE('',*,*,#30690,.T.);
#44690=ORIENTED_EDGE('',*,*,#24450,.F.);
#44700=CARTESIAN_POINT('',(0.24999999999999,0.399999999999999,5.2));
#44710=DIRECTION('',(-1.,0.,0.));
#44720=VECTOR('',#44710,1.);
#44730=LINE('',#44700,#44720);
#44740=CARTESIAN_POINT('',(-1.05,0.399999999999999,5.2));
#44750=VERTEX_POINT('',#44740);
#44760=EDGE_CURVE('',#24360,#44750,#44730,.T.);
#44770=ORIENTED_EDGE('',*,*,#44760,.F.);
#44780=CARTESIAN_POINT('',(-1.05,0.399999999999999,5.2));
#44790=DIRECTION('',(0.,0.,1.));
#44800=VECTOR('',#44790,1.);
#44810=LINE('',#44780,#44800);
#44820=CARTESIAN_POINT('',(-1.05,0.399999999999999,5.80581604944559));
#44830=VERTEX_POINT('',#44820);
#44840=EDGE_CURVE('',#44750,#44830,#44810,.T.);
#44850=ORIENTED_EDGE('',*,*,#44840,.F.);
#44860=CARTESIAN_POINT('',(0.,0.399999999999999,0.));
#44870=DIRECTION('',(-0.,-1.,0.));
#44880=DIRECTION('',(-0.144067796610172,0.,0.989567819798062));
#44890=AXIS2_PLACEMENT_3D('',#44860,#44870,#44880);
#44900=CIRCLE('',#44890,5.9);
#44910=CARTESIAN_POINT('',(-0.850000000000019,0.399999999999999,
5.83845013680856));
#44920=VERTEX_POINT('',#44910);
#44930=EDGE_CURVE('',#44920,#44830,#44900,.T.);
#44940=ORIENTED_EDGE('',*,*,#44930,.T.);
#44950=CARTESIAN_POINT('',(-0.85,0.399999999999999,4.84999999999996));
#44960=DIRECTION('',(-2.89623397728293E-16,-2.94648481515741E-20,1.));
#44970=VECTOR('',#44960,1.);
#44980=LINE('',#44950,#44970);
#44990=EDGE_CURVE('',#44920,#44490,#44980,.T.);
#45000=ORIENTED_EDGE('',*,*,#44990,.F.);
#45010=ORIENTED_EDGE('',*,*,#44500,.T.);
#45020=EDGE_LOOP('',(#45010,#45000,#44940,#44850,#44770,#44690,#44680,
#44670));
#45030=FACE_OUTER_BOUND('',#45020,.T.);
#45040=ADVANCED_FACE('',(#45030),#44660,.T.);
#45050=CARTESIAN_POINT('',(-1.05,2.63647852397735,5.2));
#45060=DIRECTION('',(0.,0.,-1.));
#45070=DIRECTION('',(-1.,0.,0.));
#45080=AXIS2_PLACEMENT_3D('',#45050,#45060,#45070);
#45090=PLANE('',#45080);
#45100=ORIENTED_EDGE('',*,*,#44760,.T.);
#45110=ORIENTED_EDGE('',*,*,#24370,.T.);
#45120=ORIENTED_EDGE('',*,*,#4240,.F.);
#45130=CARTESIAN_POINT('',(-1.05,-4.44089209850063E-16,5.2));
#45140=DIRECTION('',(0.,1.,0.));
#45150=VECTOR('',#45140,1.);
#45160=LINE('',#45130,#45150);
#45170=EDGE_CURVE('',#4150,#44750,#45160,.T.);
#45180=ORIENTED_EDGE('',*,*,#45170,.F.);
#45190=EDGE_LOOP('',(#45180,#45120,#45110,#45100));
#45200=FACE_OUTER_BOUND('',#45190,.T.);
#45210=ADVANCED_FACE('',(#45200),#45090,.F.);
#45220=CARTESIAN_POINT('',(-1.05,2.63647852397735,5.96930890298494));
#45230=DIRECTION('',(-1.,0.,0.));
#45240=DIRECTION('',(0.,0.,1.));
#45250=AXIS2_PLACEMENT_3D('',#45220,#45230,#45240);
#45260=PLANE('',#45250);
#45270=ORIENTED_EDGE('',*,*,#44840,.T.);
#45280=ORIENTED_EDGE('',*,*,#45170,.T.);
#45290=ORIENTED_EDGE('',*,*,#4160,.F.);
#45300=CARTESIAN_POINT('',(-1.05,0.,5.80581604944559));
#45310=DIRECTION('',(0.,1.,0.));
#45320=VECTOR('',#45310,1.);
#45330=LINE('',#45300,#45320);
#45340=EDGE_CURVE('',#4070,#44830,#45330,.T.);
#45350=ORIENTED_EDGE('',*,*,#45340,.F.);
#45360=EDGE_LOOP('',(#45350,#45290,#45280,#45270));
#45370=FACE_OUTER_BOUND('',#45360,.T.);
#45380=ADVANCED_FACE('',(#45370),#45260,.F.);
#45390=CARTESIAN_POINT('',(0.,19.9068722891566,0.));
#45400=DIRECTION('',(0.,1.,0.));
#45410=DIRECTION('',(0.,0.,1.));
#45420=AXIS2_PLACEMENT_3D('',#45390,#45400,#45410);
#45430=CYLINDRICAL_SURFACE('',#45420,5.9);
#45440=CARTESIAN_POINT('',(0.,0.800000000000001,0.));
#45450=DIRECTION('',(0.,1.,0.));
#45460=DIRECTION('',(-0.711864406779661,0.,0.702316927291548));
#45470=AXIS2_PLACEMENT_3D('',#45440,#45450,#45460);
#45480=CIRCLE('',#45470,5.9);
#45490=CARTESIAN_POINT('',(-0.850000000000009,0.800000000000001,
5.83845013680857));
#45500=VERTEX_POINT('',#45490);
#45510=EDGE_CURVE('',#9450,#45500,#45480,.T.);
#45520=ORIENTED_EDGE('',*,*,#45510,.F.);
#45530=CARTESIAN_POINT('',(-0.850000000000014,0.399999999999999,
5.83845013680856));
#45540=DIRECTION('',(0.,1.,0.));
#45550=VECTOR('',#45540,1.);
#45560=LINE('',#45530,#45550);
#45570=EDGE_CURVE('',#35730,#45500,#45560,.T.);
#45580=ORIENTED_EDGE('',*,*,#45570,.T.);
#45590=CARTESIAN_POINT('',(-0.850000000000004,19.9068722891566,
5.83845013680857));
#45600=DIRECTION('',(0.,1.,0.));
#45610=VECTOR('',#45600,1.);
#45620=LINE('',#45590,#45610);
#45630=EDGE_CURVE('',#44920,#35730,#45620,.T.);
#45640=ORIENTED_EDGE('',*,*,#45630,.T.);
#45650=ORIENTED_EDGE('',*,*,#44930,.F.);
#45660=ORIENTED_EDGE('',*,*,#45340,.T.);
#45670=ORIENTED_EDGE('',*,*,#4080,.F.);
#45680=CARTESIAN_POINT('',(-1.38464401439358,19.9068722891566,
5.73522109019382));
#45690=DIRECTION('',(0.,1.,0.));
#45700=VECTOR('',#45690,1.);
#45710=LINE('',#45680,#45700);
#45720=EDGE_CURVE('',#3980,#13330,#45710,.T.);
#45730=ORIENTED_EDGE('',*,*,#45720,.F.);
#45740=ORIENTED_EDGE('',*,*,#13740,.T.);
#45750=CARTESIAN_POINT('',(-3.35200498876192,19.9068722891566,
4.85531281745216));
#45760=DIRECTION('',(0.,1.,0.));
#45770=VECTOR('',#45760,1.);
#45780=LINE('',#45750,#45770);
#45790=EDGE_CURVE('',#2950,#13660,#45780,.T.);
#45800=ORIENTED_EDGE('',*,*,#45790,.T.);
#45810=ORIENTED_EDGE('',*,*,#2980,.F.);
#45820=ORIENTED_EDGE('',*,*,#9520,.T.);
#45830=EDGE_LOOP('',(#45820,#45810,#45800,#45740,#45730,#45670,#45660,
#45650,#45640,#45580,#45520));
#45840=FACE_OUTER_BOUND('',#45830,.T.);
#45850=ADVANCED_FACE('',(#45840),#45430,.T.);
#45860=CARTESIAN_POINT('',(-5.9,0.799999999999999,0.));
#45870=DIRECTION('',(0.,1.,0.));
#45880=DIRECTION('',(0.,0.,1.));
#45890=AXIS2_PLACEMENT_3D('',#45860,#45870,#45880);
#45900=PLANE('',#45890);
#45910=CARTESIAN_POINT('',(0.,0.800000000000001,0.));
#45920=DIRECTION('',(-0.,-1.,0.));
#45930=DIRECTION('',(-0.154545454545456,0.,0.987985679288591));
#45940=AXIS2_PLACEMENT_3D('',#45910,#45920,#45930);
#45950=CIRCLE('',#45940,5.5);
#45960=CARTESIAN_POINT('',(-0.850000000000009,0.799999999999999,
5.43392123608725));
#45970=VERTEX_POINT('',#45960);
#45980=EDGE_CURVE('',#45970,#9370,#45950,.T.);
#45990=ORIENTED_EDGE('',*,*,#45980,.T.);
#46000=CARTESIAN_POINT('',(-0.850000000000009,0.799999999999999,
5.83845013680857));
#46010=DIRECTION('',(0.,0.,-1.));
#46020=VECTOR('',#46010,1.);
#46030=LINE('',#46000,#46020);
#46040=EDGE_CURVE('',#45500,#45970,#46030,.T.);
#46050=ORIENTED_EDGE('',*,*,#46040,.T.);
#46060=ORIENTED_EDGE('',*,*,#45510,.T.);
#46070=ORIENTED_EDGE('',*,*,#9460,.T.);
#46080=EDGE_LOOP('',(#46070,#46060,#46050,#45990));
#46090=FACE_OUTER_BOUND('',#46080,.T.);
#46100=ADVANCED_FACE('',(#46090),#45900,.T.);
#46110=CARTESIAN_POINT('',(0.,19.9068722891566,0.));
#46120=DIRECTION('',(0.,1.,0.));
#46130=DIRECTION('',(0.,0.,1.));
#46140=AXIS2_PLACEMENT_3D('',#46110,#46120,#46130);
#46150=CYLINDRICAL_SURFACE('',#46140,5.5);
#46160=CARTESIAN_POINT('',(0.,19.9068722891566,5.5));
#46170=DIRECTION('',(0.,1.,0.));
#46180=VECTOR('',#46170,1.);
#46190=LINE('',#46160,#46180);
#46200=EDGE_CURVE('',#35920,#38130,#46190,.T.);
#46210=ORIENTED_EDGE('',*,*,#46200,.T.);
#46220=ORIENTED_EDGE('',*,*,#35930,.F.);
#46230=CARTESIAN_POINT('',(-0.850000000000009,0.800000000000001,
5.43392123608725));
#46240=DIRECTION('',(0.,-1.,0.));
#46250=VECTOR('',#46240,1.);
#46260=LINE('',#46230,#46250);
#46270=EDGE_CURVE('',#45970,#35830,#46260,.T.);
#46280=ORIENTED_EDGE('',*,*,#46270,.T.);
#46290=ORIENTED_EDGE('',*,*,#45980,.F.);
#46300=ORIENTED_EDGE('',*,*,#9380,.T.);
#46310=CARTESIAN_POINT('',(0.,1.00000000000001,0.));
#46320=DIRECTION('',(-0.,-1.,0.));
#46330=DIRECTION('',(-0.763636363636364,0.,0.645646578347807));
#46340=AXIS2_PLACEMENT_3D('',#46310,#46320,#46330);
#46350=CIRCLE('',#46340,5.5);
#46360=EDGE_CURVE('',#9270,#10160,#46350,.T.);
#46370=ORIENTED_EDGE('',*,*,#46360,.F.);
#46380=ORIENTED_EDGE('',*,*,#10170,.T.);
#46390=CARTESIAN_POINT('',(0.,0.800000000000001,0.));
#46400=DIRECTION('',(0.,-1.,-0.));
#46410=DIRECTION('',(-0.763636363636364,0.,-0.645646578347807));
#46420=AXIS2_PLACEMENT_3D('',#46390,#46400,#46410);
#46430=CIRCLE('',#46420,5.5);
#46440=CARTESIAN_POINT('',(-0.850000000000009,0.800000000000001,
-5.43392123608725));
#46450=VERTEX_POINT('',#46440);
#46460=EDGE_CURVE('',#10080,#46450,#46430,.T.);
#46470=ORIENTED_EDGE('',*,*,#46460,.F.);
#46480=CARTESIAN_POINT('',(-0.850000000000006,0.649999999999999,
-5.43392123608725));
#46490=DIRECTION('',(0.,1.,0.));
#46500=VECTOR('',#46490,1.);
#46510=LINE('',#46480,#46500);
#46520=CARTESIAN_POINT('',(-0.849999999999997,0.649999999999999,
-5.43392123608725));
#46530=VERTEX_POINT('',#46520);
#46540=EDGE_CURVE('',#46530,#46450,#46510,.T.);
#46550=ORIENTED_EDGE('',*,*,#46540,.T.);
#46560=CARTESIAN_POINT('',(0.,0.649999999999999,0.));
#46570=DIRECTION('',(0.,-1.,-0.));
#46580=DIRECTION('',(-0.0454545454545474,0.,-0.998966407992541));
#46590=AXIS2_PLACEMENT_3D('',#46560,#46570,#46580);
#46600=CIRCLE('',#46590,5.5);
#46610=CARTESIAN_POINT('',(6.73555739531044E-16,0.649999999999999,-5.5))
;
#46620=VERTEX_POINT('',#46610);
#46630=EDGE_CURVE('',#46530,#46620,#46600,.T.);
#46640=ORIENTED_EDGE('',*,*,#46630,.F.);
#46650=CARTESIAN_POINT('',(6.73555739531044E-16,19.9068722891566,-5.5));
#46660=DIRECTION('',(0.,1.,0.));
#46670=VECTOR('',#46660,1.);
#46680=LINE('',#46650,#46670);
#46690=EDGE_CURVE('',#46620,#38030,#46680,.T.);
#46700=ORIENTED_EDGE('',*,*,#46690,.F.);
#46710=ORIENTED_EDGE('',*,*,#38210,.F.);
#46720=EDGE_LOOP('',(#46710,#46700,#46640,#46550,#46470,#46380,#46370,
#46300,#46290,#46280,#46220,#46210));
#46730=FACE_OUTER_BOUND('',#46720,.T.);
#46740=ADVANCED_FACE('',(#46730),#46150,.T.);
#46750=CARTESIAN_POINT('',(0.,-27.4191815827645,0.));
#46760=DIRECTION('',(0.,1.,0.));
#46770=DIRECTION('',(0.,0.,-1.));
#46780=AXIS2_PLACEMENT_3D('',#46750,#46760,#46770);
#46790=CONICAL_SURFACE('',#46780,1.,0.0174532925199433);
#46800=CARTESIAN_POINT('',(-1.47239864864865,0.0799999999999841,
0.149807274381564));
#46810=CARTESIAN_POINT('',(-1.47067433436746,-0.02992716581387,
0.147798526859576));
#46820=CARTESIAN_POINT('',(-1.46725540711399,-0.249849035139943,
0.143404342802359));
#46830=CARTESIAN_POINT('',(-1.46207761660736,-0.579957200242177,
0.137018766993438));
#46840=CARTESIAN_POINT('',(-1.45859216076224,-0.800180660658907,
0.13294002647735));
#46850=CARTESIAN_POINT('',(-1.45686443485391,-0.910325321918194,
0.130681675258796));
#46860=B_SPLINE_CURVE_WITH_KNOTS('',3,(#46800,#46810,#46820,#46830,
#46840,#46850),.UNSPECIFIED.,.F.,.F.,(4,1,1,4),(0.,0.333333333333333,
0.666666666666667,1.),.UNSPECIFIED.);
#46870=EDGE_CURVE('',#1460,#38800,#46860,.T.);
#46880=ORIENTED_EDGE('',*,*,#46870,.T.);
#46890=ORIENTED_EDGE('',*,*,#1470,.F.);
#46900=ORIENTED_EDGE('',*,*,#34130,.F.);
#46910=ORIENTED_EDGE('',*,*,#38880,.T.);
#46920=EDGE_LOOP('',(#46910,#46900,#46890,#46880));
#46930=FACE_OUTER_BOUND('',#46920,.T.);
#46940=ADVANCED_FACE('',(#46930),#46790,.T.);
#46950=CARTESIAN_POINT('',(-0.450000000000011,0.65,-6.24641016151379));
#46960=DIRECTION('',(0.,-1.,0.));
#46970=DIRECTION('',(0.,0.,-1.));
#46980=AXIS2_PLACEMENT_3D('',#46950,#46960,#46970);
#46990=PLANE('',#46980);
#47000=CARTESIAN_POINT('',(0.850000000000001,0.649999999999999,
-4.85000000000009));
#47010=DIRECTION('',(-5.67472333619398E-54,2.94648481515741E-20,-1.));
#47020=VECTOR('',#47010,1.);
#47030=LINE('',#47000,#47020);
#47040=CARTESIAN_POINT('',(0.850000000000001,0.649999999999999,
-6.00000000000001));
#47050=VERTEX_POINT('',#47040);
#47060=EDGE_CURVE('',#15630,#47050,#47030,.T.);
#47070=ORIENTED_EDGE('',*,*,#47060,.T.);
#47080=ORIENTED_EDGE('',*,*,#15640,.T.);
#47090=EDGE_CURVE('',#46620,#15550,#46600,.T.);
#47100=ORIENTED_EDGE('',*,*,#47090,.T.);
#47110=ORIENTED_EDGE('',*,*,#46630,.T.);
#47120=CARTESIAN_POINT('',(-0.850000000000008,0.649999999999999,0.));
#47130=DIRECTION('',(1.24476710324799E-16,-2.9464848151568E-20,1.));
#47140=VECTOR('',#47130,1.);
#47150=LINE('',#47120,#47140);
#47160=EDGE_CURVE('',#10810,#46530,#47150,.T.);
#47170=ORIENTED_EDGE('',*,*,#47160,.T.);
#47180=ORIENTED_EDGE('',*,*,#23250,.T.);
#47190=CARTESIAN_POINT('',(0.249999999999996,0.65,-6.));
#47200=DIRECTION('',(-1.,0.,0.));
#47210=VECTOR('',#47200,1.);
#47220=LINE('',#47190,#47210);
#47230=EDGE_CURVE('',#47050,#23180,#47220,.T.);
#47240=ORIENTED_EDGE('',*,*,#47230,.T.);
#47250=EDGE_LOOP('',(#47240,#47180,#47170,#47110,#47100,#47080,#47070));
#47260=FACE_OUTER_BOUND('',#47250,.T.);
#47270=ADVANCED_FACE('',(#47260),#46990,.F.);
#47280=CARTESIAN_POINT('',(0.911600000000001,0.299999999999999,
-4.65000000000005));
#47290=DIRECTION('',(-5.67472333619398E-54,2.94648481515741E-20,-1.));
#47300=DIRECTION('',(-1.,-1.92592994438725E-34,0.));
#47310=AXIS2_PLACEMENT_3D('',#47280,#47290,#47300);
#47320=PLANE('',#47310);
#47330=CARTESIAN_POINT('',(1.50203416229076,0.345961940777115,
-4.65000000000006));
#47340=DIRECTION('',(-7.78465783720452E-16,2.94648481515741E-20,-1.));
#47350=DIRECTION('',(1.92592994438725E-34,-1.,-2.94648481515741E-20));
#47360=AXIS2_PLACEMENT_3D('',#47330,#47340,#47350);
#47370=CIRCLE('',#47360,0.35);
#47380=EDGE_CURVE('',#37190,#5830,#47370,.T.);
#47390=ORIENTED_EDGE('',*,*,#47380,.T.);
#47400=ORIENTED_EDGE('',*,*,#37200,.T.);
#47410=ORIENTED_EDGE('',*,*,#37860,.F.);
#47420=ORIENTED_EDGE('',*,*,#5920,.T.);
#47430=EDGE_LOOP('',(#47420,#47410,#47400,#47390));
#47440=FACE_OUTER_BOUND('',#47430,.T.);
#47450=ADVANCED_FACE('',(#47440),#47320,.T.);
#47460=CARTESIAN_POINT('',(-2.265709786723,-1.4,-6.));
#47470=DIRECTION('',(0.,0.,1.));
#47480=DIRECTION('',(1.,0.,0.));
#47490=AXIS2_PLACEMENT_3D('',#47460,#47470,#47480);
#47500=PLANE('',#47490);
#47510=ORIENTED_EDGE('',*,*,#23190,.T.);
#47520=ORIENTED_EDGE('',*,*,#29970,.F.);
#47530=CARTESIAN_POINT('',(0.850000000000001,0.649999999999999,
-6.00000000000001));
#47540=DIRECTION('',(1.92592994438725E-34,-1.,-2.94648481515741E-20));
#47550=VECTOR('',#47540,1.);
#47560=LINE('',#47530,#47550);
#47570=EDGE_CURVE('',#47050,#29900,#47560,.T.);
#47580=ORIENTED_EDGE('',*,*,#47570,.T.);
#47590=ORIENTED_EDGE('',*,*,#47230,.F.);
#47600=EDGE_LOOP('',(#47590,#47580,#47520,#47510));
#47610=FACE_OUTER_BOUND('',#47600,.T.);
#47620=ADVANCED_FACE('',(#47610),#47500,.F.);
#47630=CARTESIAN_POINT('',(1.33200498876192,0.245961940777125,
5.35000000000001));
#47640=DIRECTION('',(1.,2.04740447771879E-34,-4.12269334299985E-16));
#47650=DIRECTION('',(-4.12269334299985E-16,-9.95276753369398E-16,-1.));
#47660=AXIS2_PLACEMENT_3D('',#47630,#47640,#47650);
#47670=PLANE('',#47660);
#47680=ORIENTED_EDGE('',*,*,#22400,.F.);
#47690=CARTESIAN_POINT('',(1.33200498876192,-0.00403805922287459,
5.35000000000001));
#47700=DIRECTION('',(-2.13815502084064E-49,1.11019355977713E-15,1.));
#47710=VECTOR('',#47700,1.);
#47720=LINE('',#47690,#47710);
#47730=EDGE_CURVE('',#24890,#22330,#47720,.T.);
#47740=ORIENTED_EDGE('',*,*,#47730,.T.);
#47750=ORIENTED_EDGE('',*,*,#24900,.F.);
#47760=ORIENTED_EDGE('',*,*,#4580,.F.);
#47770=EDGE_LOOP('',(#47760,#47750,#47740,#47680));
#47780=FACE_OUTER_BOUND('',#47770,.T.);
#47790=ADVANCED_FACE('',(#47780),#47670,.F.);
#47800=CARTESIAN_POINT('',(-1.53200498876192,0.245961940777124,
-5.35000000000009));
#47810=DIRECTION('',(-1.92592994438725E-34,1.,2.94648481515741E-20));
#47820=DIRECTION('',(1.,1.92592994438725E-34,0.));
#47830=AXIS2_PLACEMENT_3D('',#47800,#47810,#47820);
#47840=CYLINDRICAL_SURFACE('',#47830,0.199999999999996);
#47850=ORIENTED_EDGE('',*,*,#7200,.F.);
#47860=ORIENTED_EDGE('',*,*,#35250,.T.);
#47870=ORIENTED_EDGE('',*,*,#44170,.F.);
#47880=ORIENTED_EDGE('',*,*,#43560,.T.);
#47890=EDGE_LOOP('',(#47880,#47870,#47860,#47850));
#47900=FACE_OUTER_BOUND('',#47890,.T.);
#47910=ADVANCED_FACE('',(#47900),#47840,.T.);
#47920=CARTESIAN_POINT('',(-5.9,0.799999999999999,0.));
#47930=DIRECTION('',(0.,1.,0.));
#47940=DIRECTION('',(0.,0.,1.));
#47950=AXIS2_PLACEMENT_3D('',#47920,#47930,#47940);
#47960=PLANE('',#47950);
#47970=ORIENTED_EDGE('',*,*,#10970,.T.);
#47980=CARTESIAN_POINT('',(-0.850000000000009,0.799999999999999,
-5.43392123608725));
#47990=DIRECTION('',(0.,0.,-1.));
#48000=VECTOR('',#47990,1.);
#48010=LINE('',#47980,#48000);
#48020=EDGE_CURVE('',#46450,#10890,#48010,.T.);
#48030=ORIENTED_EDGE('',*,*,#48020,.T.);
#48040=ORIENTED_EDGE('',*,*,#46460,.T.);
#48050=ORIENTED_EDGE('',*,*,#10090,.T.);
#48060=EDGE_LOOP('',(#48050,#48040,#48030,#47970));
#48070=FACE_OUTER_BOUND('',#48060,.T.);
#48080=ADVANCED_FACE('',(#48070),#47960,.T.);
#48090=CARTESIAN_POINT('',(-0.850000000000001,0.649999999999999,
6.16715728752536));
#48100=DIRECTION('',(1.,1.85316903872978E-34,2.4694139023953E-16));
#48110=DIRECTION('',(2.4694139023953E-16,2.94648481515741E-20,-1.));
#48120=AXIS2_PLACEMENT_3D('',#48090,#48100,#48110);
#48130=PLANE('',#48120);
#48140=ORIENTED_EDGE('',*,*,#45630,.F.);
#48150=ORIENTED_EDGE('',*,*,#35760,.F.);
#48160=ORIENTED_EDGE('',*,*,#44560,.F.);
#48170=ORIENTED_EDGE('',*,*,#44990,.T.);
#48180=EDGE_LOOP('',(#48170,#48160,#48150,#48140));
#48190=FACE_OUTER_BOUND('',#48180,.T.);
#48200=ADVANCED_FACE('',(#48190),#48130,.F.);
#48210=ORIENTED_EDGE('',*,*,#31300,.F.);
#48220=ORIENTED_EDGE('',*,*,#34920,.F.);
#48230=EDGE_CURVE('',#34840,#34750,#34910,.T.);
#48240=ORIENTED_EDGE('',*,*,#48230,.F.);
#48250=ORIENTED_EDGE('',*,*,#34950,.F.);
#48260=EDGE_LOOP('',(#48250,#48240,#48220,#48210));
#48270=FACE_OUTER_BOUND('',#48260,.T.);
#48280=ADVANCED_FACE('',(#48270),#13030,.F.);
#48290=CARTESIAN_POINT('',(-0.850000000000009,0.65,-6.16715728752537));
#48300=DIRECTION('',(1.,0.,-1.24476710324799E-16));
#48310=DIRECTION('',(-1.24476710324799E-16,0.,-1.));
#48320=AXIS2_PLACEMENT_3D('',#48290,#48300,#48310);
#48330=PLANE('',#48320);
#48340=ORIENTED_EDGE('',*,*,#46540,.F.);
#48350=ORIENTED_EDGE('',*,*,#48020,.F.);
#48360=ORIENTED_EDGE('',*,*,#10900,.F.);
#48370=ORIENTED_EDGE('',*,*,#47160,.F.);
#48380=EDGE_LOOP('',(#48370,#48360,#48350,#48340));
#48390=FACE_OUTER_BOUND('',#48380,.T.);
#48400=ADVANCED_FACE('',(#48390),#48330,.T.);
#48410=CARTESIAN_POINT('',(-1.88200498876191,0.245961940777124,
-5.05000000000006));
#48420=DIRECTION('',(-5.67472333619398E-54,2.94648481515741E-20,-1.));
#48430=DIRECTION('',(-1.,-1.92592994438725E-34,0.));
#48440=AXIS2_PLACEMENT_3D('',#48410,#48420,#48430);
#48450=PLANE('',#48440);
#48460=ORIENTED_EDGE('',*,*,#35580,.F.);
#48470=ORIENTED_EDGE('',*,*,#44080,.T.);
#48480=ORIENTED_EDGE('',*,*,#41510,.F.);
#48490=ORIENTED_EDGE('',*,*,#7450,.F.);
#48500=EDGE_LOOP('',(#48490,#48480,#48470,#48460));
#48510=FACE_OUTER_BOUND('',#48500,.T.);
#48520=ADVANCED_FACE('',(#48510),#48450,.F.);
#48530=CARTESIAN_POINT('',(2.16840434497101E-16,0.399999999999999,-318.5
));
#48540=DIRECTION('',(-1.92592994438725E-34,1.,2.94648481515741E-20));
#48550=DIRECTION('',(1.,1.92592994438725E-34,0.));
#48560=AXIS2_PLACEMENT_3D('',#48530,#48540,#48550);
#48570=PLANE('',#48560);
#48580=CARTESIAN_POINT('',(2.3,0.399999999999999,-1.75000000000001));
#48590=DIRECTION('',(0.,-1.,0.));
#48600=DIRECTION('',(0.,0.,-1.));
#48610=AXIS2_PLACEMENT_3D('',#48580,#48590,#48600);
#48620=CIRCLE('',#48610,0.5);
#48630=CARTESIAN_POINT('',(2.3,0.4,-2.25000000000001));
#48640=VERTEX_POINT('',#48630);
#48650=CARTESIAN_POINT('',(2.3,0.399999999999999,-1.25000000000001));
#48660=VERTEX_POINT('',#48650);
#48670=EDGE_CURVE('',#48640,#48660,#48620,.T.);
#48680=ORIENTED_EDGE('',*,*,#48670,.T.);
#48690=EDGE_CURVE('',#48660,#48640,#48620,.T.);
#48700=ORIENTED_EDGE('',*,*,#48690,.T.);
#48710=EDGE_LOOP('',(#48700,#48680));
#48720=FACE_OUTER_BOUND('',#48710,.T.);
#48730=ADVANCED_FACE('',(#48720),#48570,.F.);
#48740=CARTESIAN_POINT('',(0.850000000000001,0.649999999999999,
-6.16715728752544));
#48750=DIRECTION('',(-1.,-1.85316903872978E-34,-2.46941390239535E-16));
#48760=DIRECTION('',(-2.46941390239535E-16,-2.94648481515741E-20,1.));
#48770=AXIS2_PLACEMENT_3D('',#48740,#48750,#48760);
#48780=PLANE('',#48770);
#48790=ORIENTED_EDGE('',*,*,#30920,.F.);
#48800=ORIENTED_EDGE('',*,*,#47060,.F.);
#48810=ORIENTED_EDGE('',*,*,#47570,.F.);
#48820=ORIENTED_EDGE('',*,*,#29910,.T.);
#48830=EDGE_LOOP('',(#48820,#48810,#48800,#48790));
#48840=FACE_OUTER_BOUND('',#48830,.T.);
#48850=ADVANCED_FACE('',(#48840),#48780,.F.);
#48860=CARTESIAN_POINT('',(-2.3,2.34705627484771,-1.75000000000001));
#48870=DIRECTION('',(0.,-1.,0.));
#48880=DIRECTION('',(0.,0.,-1.));
#48890=AXIS2_PLACEMENT_3D('',#48860,#48870,#48880);
#48900=CYLINDRICAL_SURFACE('',#48890,0.5);
#48910=CARTESIAN_POINT('',(-2.3,2.34705627484771,-1.25000000000001));
#48920=DIRECTION('',(0.,-1.,0.));
#48930=VECTOR('',#48920,1.);
#48940=LINE('',#48910,#48930);
#48950=EDGE_CURVE('',#15880,#2180,#48940,.T.);
#48960=ORIENTED_EDGE('',*,*,#48950,.T.);
#48970=ORIENTED_EDGE('',*,*,#15910,.F.);
#48980=CARTESIAN_POINT('',(-2.3,2.34705627484771,-2.25000000000001));
#48990=DIRECTION('',(0.,-1.,0.));
#49000=VECTOR('',#48990,1.);
#49010=LINE('',#48980,#49000);
#49020=EDGE_CURVE('',#15860,#2200,#49010,.T.);
#49030=ORIENTED_EDGE('',*,*,#49020,.F.);
#49040=ORIENTED_EDGE('',*,*,#2230,.F.);
#49050=EDGE_LOOP('',(#49040,#49030,#48970,#48960));
#49060=FACE_OUTER_BOUND('',#49050,.T.);
#49070=ADVANCED_FACE('',(#49060),#48900,.F.);
#49080=CARTESIAN_POINT('',(1.53200498876191,0.245961940777114,
-5.80000000000004));
#49090=DIRECTION('',(-8.4837484912221E-15,9.95276753369399E-16,1.));
#49100=DIRECTION('',(1.,-5.73793666112804E-35,8.4837484912221E-15));
#49110=AXIS2_PLACEMENT_3D('',#49080,#49090,#49100);
#49120=PLANE('',#49110);
#49130=ORIENTED_EDGE('',*,*,#41000,.F.);
#49140=ORIENTED_EDGE('',*,*,#39570,.F.);
#49150=ORIENTED_EDGE('',*,*,#36520,.T.);
#49160=ORIENTED_EDGE('',*,*,#26290,.T.);
#49170=EDGE_LOOP('',(#49160,#49150,#49140,#49130));
#49180=FACE_OUTER_BOUND('',#49170,.T.);
#49190=ADVANCED_FACE('',(#49180),#49120,.F.);
#49200=CARTESIAN_POINT('',(0.902004988761912,0.245961940777116,
-4.15000000000005));
#49210=DIRECTION('',(-4.12269334299985E-16,-9.95276753369398E-16,-1.));
#49220=DIRECTION('',(-1.,-2.04740447771424E-34,4.12269334299985E-16));
#49230=AXIS2_PLACEMENT_3D('',#49200,#49210,#49220);
#49240=PLANE('',#49230);
#49250=CARTESIAN_POINT('',(3.15200498876191,0.245961940777116,
-4.15000000000003));
#49260=DIRECTION('',(1.92592994438725E-34,-1.,-2.94648481515741E-20));
#49270=VECTOR('',#49260,1.);
#49280=LINE('',#49250,#49270);
#49290=EDGE_CURVE('',#5670,#36270,#49280,.T.);
#49300=ORIENTED_EDGE('',*,*,#49290,.F.);
#49310=ORIENTED_EDGE('',*,*,#36280,.T.);
#49320=CARTESIAN_POINT('',(1.50203416229076,0.345961940777116,
-4.15000000000005));
#49330=DIRECTION('',(-1.0842021724855E-16,1.08390752400399E-16,1.));
#49340=DIRECTION('',(-0.707106781186549,-0.707106781186546,
-2.08347939346099E-20));
#49350=AXIS2_PLACEMENT_3D('',#49320,#49330,#49340);
#49360=CIRCLE('',#49350,0.35);
#49370=EDGE_CURVE('',#5750,#36250,#49360,.T.);
#49380=ORIENTED_EDGE('',*,*,#49370,.T.);
#49390=ORIENTED_EDGE('',*,*,#5760,.F.);
#49400=EDGE_LOOP('',(#49390,#49380,#49310,#49300));
#49410=FACE_OUTER_BOUND('',#49400,.T.);
#49420=ADVANCED_FACE('',(#49410),#49240,.F.);
#49430=CARTESIAN_POINT('',(-4.9,1.15,0.));
#49440=DIRECTION('',(0.,-1.,0.));
#49450=DIRECTION('',(0.,0.,-1.));
#49460=AXIS2_PLACEMENT_3D('',#49430,#49440,#49450);
#49470=PLANE('',#49460);
#49480=CARTESIAN_POINT('',(-4.9,1.15,0.));
#49490=DIRECTION('',(0.,-1.,0.));
#49500=DIRECTION('',(0.,0.,-1.));
#49510=AXIS2_PLACEMENT_3D('',#49480,#49490,#49500);
#49520=CIRCLE('',#49510,0.4);
#49530=CARTESIAN_POINT('',(-4.9,1.15,-0.4));
#49540=VERTEX_POINT('',#49530);
#49550=CARTESIAN_POINT('',(-4.9,1.15,0.4));
#49560=VERTEX_POINT('',#49550);
#49570=EDGE_CURVE('',#49540,#49560,#49520,.T.);
#49580=ORIENTED_EDGE('',*,*,#49570,.T.);
#49590=EDGE_CURVE('',#49560,#49540,#49520,.T.);
#49600=ORIENTED_EDGE('',*,*,#49590,.T.);
#49610=EDGE_LOOP('',(#49600,#49580));
#49620=FACE_OUTER_BOUND('',#49610,.T.);
#49630=ADVANCED_FACE('',(#49620),#49470,.T.);
#49640=CARTESIAN_POINT('',(3.27,-6.91931354976778,3.03000000000001));
#49650=DIRECTION('',(1.,0.,2.1469349950208E-16));
#49660=DIRECTION('',(2.1469349950208E-16,0.,-1.));
#49670=AXIS2_PLACEMENT_3D('',#49640,#49650,#49660);
#49680=PLANE('',#49670);
#49690=ORIENTED_EDGE('',*,*,#16070,.F.);
#49700=ORIENTED_EDGE('',*,*,#400,.F.);
#49710=ORIENTED_EDGE('',*,*,#39710,.F.);
#49720=ORIENTED_EDGE('',*,*,#8650,.T.);
#49730=EDGE_LOOP('',(#49720,#49710,#49700,#49690));
#49740=FACE_OUTER_BOUND('',#49730,.T.);
#49750=ADVANCED_FACE('',(#49740),#49680,.F.);
#49760=CARTESIAN_POINT('',(-0.911600000000001,0.299999999999999,
4.64999999999998));
#49770=DIRECTION('',(5.67472333619398E-54,-2.94648481515741E-20,1.));
#49780=DIRECTION('',(1.,1.92592994438725E-34,0.));
#49790=AXIS2_PLACEMENT_3D('',#49760,#49770,#49780);
#49800=PLANE('',#49790);
#49810=CARTESIAN_POINT('',(-1.50203416229077,0.345961940777124,
4.64999999999998));
#49820=DIRECTION('',(5.67472333619398E-54,-2.94648481515741E-20,1.));
#49830=DIRECTION('',(1.92592994438725E-34,-1.,-2.94648481515741E-20));
#49840=AXIS2_PLACEMENT_3D('',#49810,#49820,#49830);
#49850=CIRCLE('',#49840,0.35);
#49860=CARTESIAN_POINT('',(-1.50203416229077,-0.0040380592228762,
4.64999999999998));
#49870=VERTEX_POINT('',#49860);
#49880=EDGE_CURVE('',#49870,#3300,#49850,.T.);
#49890=ORIENTED_EDGE('',*,*,#49880,.T.);
#49900=CARTESIAN_POINT('',(-1.88200498876191,-0.0040380592228762,
4.64999999999998));
#49910=DIRECTION('',(1.,1.92592994438725E-34,0.));
#49920=VECTOR('',#49910,1.);
#49930=LINE('',#49900,#49920);
#49940=EDGE_CURVE('',#37560,#49870,#49930,.T.);
#49950=ORIENTED_EDGE('',*,*,#49940,.T.);
#49960=ORIENTED_EDGE('',*,*,#37570,.F.);
#49970=ORIENTED_EDGE('',*,*,#3390,.T.);
#49980=EDGE_LOOP('',(#49970,#49960,#49950,#49890));
#49990=FACE_OUTER_BOUND('',#49980,.T.);
#50000=ADVANCED_FACE('',(#49990),#49800,.T.);
#50010=CARTESIAN_POINT('',(-1.53200498876192,0.245961940777124,
5.79999999999996));
#50020=DIRECTION('',(-5.67472333619398E-54,2.94648481515741E-20,-1.));
#50030=DIRECTION('',(-1.,-1.92592994438725E-34,0.));
#50040=AXIS2_PLACEMENT_3D('',#50010,#50020,#50030);
#50050=PLANE('',#50040);
#50060=ORIENTED_EDGE('',*,*,#13420,.F.);
#50070=CARTESIAN_POINT('',(-1.53200498876192,0.245961940777124,
5.79999999999999));
#50080=DIRECTION('',(1.92592994438725E-34,-1.,-2.94648481515741E-20));
#50090=VECTOR('',#50080,1.);
#50100=LINE('',#50070,#50090);
#50110=CARTESIAN_POINT('',(-1.53200498876166,-0.0040380592228762,5.8));
#50120=VERTEX_POINT('',#50110);
#50130=EDGE_CURVE('',#13310,#50120,#50100,.T.);
#50140=ORIENTED_EDGE('',*,*,#50130,.F.);
#50150=CARTESIAN_POINT('',(-2.33956942346377,-0.0040380592228762,
5.79999999999996));
#50160=DIRECTION('',(1.,1.92592994438725E-34,0.));
#50170=VECTOR('',#50160,1.);
#50180=LINE('',#50150,#50170);
#50190=EDGE_CURVE('',#21930,#50120,#50180,.T.);
#50200=ORIENTED_EDGE('',*,*,#50190,.T.);
#50210=ORIENTED_EDGE('',*,*,#21940,.T.);
#50220=EDGE_LOOP('',(#50210,#50200,#50140,#50060));
#50230=FACE_OUTER_BOUND('',#50220,.T.);
#50240=ADVANCED_FACE('',(#50230),#50050,.F.);
#50250=CARTESIAN_POINT('',(2.3,2.34705627484771,0.849999999999991));
#50260=DIRECTION('',(0.,-1.,0.));
#50270=DIRECTION('',(0.,0.,-1.));
#50280=AXIS2_PLACEMENT_3D('',#50250,#50260,#50270);
#50290=CYLINDRICAL_SURFACE('',#50280,0.6);
#50300=CARTESIAN_POINT('',(2.3,2.34705627484771,1.44999999999999));
#50310=DIRECTION('',(0.,-1.,0.));
#50320=VECTOR('',#50310,1.);
#50330=LINE('',#50300,#50320);
#50340=EDGE_CURVE('',#40450,#1880,#50330,.T.);
#50350=ORIENTED_EDGE('',*,*,#50340,.T.);
#50360=ORIENTED_EDGE('',*,*,#40480,.F.);
#50370=CARTESIAN_POINT('',(2.3,2.34705627484771,0.249999999999992));
#50380=DIRECTION('',(0.,-1.,0.));
#50390=VECTOR('',#50380,1.);
#50400=LINE('',#50370,#50390);
#50410=EDGE_CURVE('',#40430,#1900,#50400,.T.);
#50420=ORIENTED_EDGE('',*,*,#50410,.F.);
#50430=ORIENTED_EDGE('',*,*,#1930,.F.);
#50440=EDGE_LOOP('',(#50430,#50420,#50360,#50350));
#50450=FACE_OUTER_BOUND('',#50440,.T.);
#50460=ADVANCED_FACE('',(#50450),#50290,.F.);
#50470=CARTESIAN_POINT('',(-7.32476040639209,0.08,3.20000000000001));
#50480=DIRECTION('',(0.,0.,1.));
#50490=DIRECTION('',(1.,0.,0.));
#50500=AXIS2_PLACEMENT_3D('',#50470,#50480,#50490);
#50510=PLANE('',#50500);
#50520=ORIENTED_EDGE('',*,*,#39780,.F.);
#50530=ORIENTED_EDGE('',*,*,#230,.T.);
#50540=ORIENTED_EDGE('',*,*,#32600,.F.);
#50550=ORIENTED_EDGE('',*,*,#8820,.F.);
#50560=EDGE_LOOP('',(#50550,#50540,#50530,#50520));
#50570=FACE_OUTER_BOUND('',#50560,.T.);
#50580=ADVANCED_FACE('',(#50570),#50510,.F.);
#50590=CARTESIAN_POINT('',(-5.9,0.799999999999999,0.));
#50600=DIRECTION('',(0.,1.,0.));
#50610=DIRECTION('',(0.,0.,1.));
#50620=AXIS2_PLACEMENT_3D('',#50590,#50600,#50610);
#50630=PLANE('',#50620);
#50640=ORIENTED_EDGE('',*,*,#41320,.T.);
#50650=CARTESIAN_POINT('',(0.,0.799999999999983,0.));
#50660=DIRECTION('',(0.,-1.,-0.));
#50670=DIRECTION('',(0.154545454545453,0.,-0.987985679288591));
#50680=AXIS2_PLACEMENT_3D('',#50650,#50660,#50670);
#50690=CIRCLE('',#50680,5.5);
#50700=EDGE_CURVE('',#15470,#41250,#50690,.T.);
#50710=ORIENTED_EDGE('',*,*,#50700,.T.);
#50720=ORIENTED_EDGE('',*,*,#15480,.T.);
#50730=ORIENTED_EDGE('',*,*,#30850,.T.);
#50740=EDGE_LOOP('',(#50730,#50720,#50710,#50640));
#50750=FACE_OUTER_BOUND('',#50740,.T.);
#50760=ADVANCED_FACE('',(#50750),#50630,.T.);
#50770=CARTESIAN_POINT('',(3.15200498876191,0.245961940777115,
-5.10000000000006));
#50780=DIRECTION('',(-1.92592994438725E-34,1.,-9.95276753369398E-16));
#50790=DIRECTION('',(1.,1.92592994438725E-34,0.));
#50800=AXIS2_PLACEMENT_3D('',#50770,#50780,#50790);
#50810=CYLINDRICAL_SURFACE('',#50800,0.200000000000005);
#50820=ORIENTED_EDGE('',*,*,#41080,.F.);
#50830=ORIENTED_EDGE('',*,*,#26430,.T.);
#50840=ORIENTED_EDGE('',*,*,#36430,.F.);
#50850=ORIENTED_EDGE('',*,*,#33080,.T.);
#50860=EDGE_LOOP('',(#50850,#50840,#50830,#50820));
#50870=FACE_OUTER_BOUND('',#50860,.T.);
#50880=ADVANCED_FACE('',(#50870),#50810,.T.);
#50890=CARTESIAN_POINT('',(-1.63200498876191,0.245961940777124,
5.24999999999997));
#50900=DIRECTION('',(-1.92592994438725E-34,1.,2.94648481515741E-20));
#50910=DIRECTION('',(1.,1.92592994438725E-34,0.));
#50920=AXIS2_PLACEMENT_3D('',#50890,#50900,#50910);
#50930=CYLINDRICAL_SURFACE('',#50920,0.199999999999997);
#50940=ORIENTED_EDGE('',*,*,#3650,.F.);
#50950=ORIENTED_EDGE('',*,*,#29080,.T.);
#50960=CARTESIAN_POINT('',(-1.63200498876191,-0.0040380592228762,
5.24999999999997));
#50970=DIRECTION('',(1.92592994438725E-34,-1.,-2.94648481515741E-20));
#50980=DIRECTION('',(1.11022302462517E-15,2.94648481515741E-20,-1.));
#50990=AXIS2_PLACEMENT_3D('',#50960,#50970,#50980);
#51000=CIRCLE('',#50990,0.199999999999997);
#51010=EDGE_CURVE('',#29010,#31790,#51000,.T.);
#51020=ORIENTED_EDGE('',*,*,#51010,.F.);
#51030=ORIENTED_EDGE('',*,*,#31800,.T.);
#51040=EDGE_LOOP('',(#51030,#51020,#50950,#50940));
#51050=FACE_OUTER_BOUND('',#51040,.T.);
#51060=ADVANCED_FACE('',(#51050),#50930,.T.);
#51070=CARTESIAN_POINT('',(2.3,2.34705627484771,-1.75000000000001));
#51080=DIRECTION('',(0.,-1.,0.));
#51090=DIRECTION('',(0.,0.,-1.));
#51100=AXIS2_PLACEMENT_3D('',#51070,#51080,#51090);
#51110=CYLINDRICAL_SURFACE('',#51100,0.5);
#51120=CARTESIAN_POINT('',(2.3,2.34705627484771,-2.25000000000001));
#51130=DIRECTION('',(0.,-1.,0.));
#51140=VECTOR('',#51130,1.);
#51150=LINE('',#51120,#51140);
#51160=EDGE_CURVE('',#48640,#2030,#51150,.T.);
#51170=ORIENTED_EDGE('',*,*,#51160,.F.);
#51180=ORIENTED_EDGE('',*,*,#2060,.F.);
#51190=CARTESIAN_POINT('',(2.3,2.34705627484771,-1.25000000000001));
#51200=DIRECTION('',(0.,-1.,0.));
#51210=VECTOR('',#51200,1.);
#51220=LINE('',#51190,#51210);
#51230=EDGE_CURVE('',#48660,#2050,#51220,.T.);
#51240=ORIENTED_EDGE('',*,*,#51230,.T.);
#51250=ORIENTED_EDGE('',*,*,#48690,.F.);
#51260=EDGE_LOOP('',(#51250,#51240,#51180,#51170));
#51270=FACE_OUTER_BOUND('',#51260,.T.);
#51280=ADVANCED_FACE('',(#51270),#51110,.F.);
#51290=CARTESIAN_POINT('',(-3.27,-6.91931354976778,-0.550000000000001));
#51300=DIRECTION('',(-1.,0.,-1.6365315811102E-16));
#51310=DIRECTION('',(-1.6365315811102E-16,0.,1.));
#51320=AXIS2_PLACEMENT_3D('',#51290,#51300,#51310);
#51330=PLANE('',#51320);
#51340=ORIENTED_EDGE('',*,*,#740,.F.);
#51350=CARTESIAN_POINT('',(-3.27,0.080000000000001,-3.02999999999999));
#51360=DIRECTION('',(0.,-1.,0.));
#51370=VECTOR('',#51360,1.);
#51380=LINE('',#51350,#51370);
#51390=EDGE_CURVE('',#650,#8390,#51380,.T.);
#51400=ORIENTED_EDGE('',*,*,#51390,.F.);
#51410=ORIENTED_EDGE('',*,*,#8970,.T.);
#51420=ORIENTED_EDGE('',*,*,#2720,.F.);
#51430=EDGE_LOOP('',(#51420,#51410,#51400,#51340));
#51440=FACE_OUTER_BOUND('',#51430,.T.);
#51450=ADVANCED_FACE('',(#51440),#51330,.F.);
#51460=CARTESIAN_POINT('',(1.53200498876191,0.245961940777115,
-5.35000000000009));
#51470=DIRECTION('',(-1.92592994438725E-34,1.,-9.95276753369398E-16));
#51480=DIRECTION('',(1.,1.92592994438725E-34,0.));
#51490=AXIS2_PLACEMENT_3D('',#51460,#51470,#51480);
#51500=CYLINDRICAL_SURFACE('',#51490,0.199999999999992);
#51510=ORIENTED_EDGE('',*,*,#6350,.F.);
#51520=ORIENTED_EDGE('',*,*,#43220,.T.);
#51530=ORIENTED_EDGE('',*,*,#36780,.F.);
#51540=ORIENTED_EDGE('',*,*,#43900,.T.);
#51550=EDGE_LOOP('',(#51540,#51530,#51520,#51510));
#51560=FACE_OUTER_BOUND('',#51550,.T.);
#51570=ADVANCED_FACE('',(#51560),#51500,.T.);
#51580=CARTESIAN_POINT('',(0.,1.,0.));
#51590=DIRECTION('',(0.,1.,0.));
#51600=DIRECTION('',(0.,0.,1.));
#51610=AXIS2_PLACEMENT_3D('',#51580,#51590,#51600);
#51620=PLANE('',#51610);
#51630=ORIENTED_EDGE('',*,*,#9300,.F.);
#51640=ORIENTED_EDGE('',*,*,#9760,.T.);
#51650=ORIENTED_EDGE('',*,*,#10230,.F.);
#51660=ORIENTED_EDGE('',*,*,#46360,.T.);
#51670=EDGE_LOOP('',(#51660,#51650,#51640,#51630));
#51680=FACE_OUTER_BOUND('',#51670,.T.);
#51690=CARTESIAN_POINT('',(-4.9,1.,0.));
#51700=DIRECTION('',(-0.,1.,0.));
#51710=DIRECTION('',(2.22044604925031E-15,0.,1.));
#51720=AXIS2_PLACEMENT_3D('',#51690,#51700,#51710);
#51730=CIRCLE('',#51720,0.4);
#51740=CARTESIAN_POINT('',(-4.9,1.,0.4));
#51750=VERTEX_POINT('',#51740);
#51760=CARTESIAN_POINT('',(-4.9,1.,-0.4));
#51770=VERTEX_POINT('',#51760);
#51780=EDGE_CURVE('',#51750,#51770,#51730,.T.);
#51790=ORIENTED_EDGE('',*,*,#51780,.T.);
#51800=EDGE_CURVE('',#51770,#51750,#51730,.T.);
#51810=ORIENTED_EDGE('',*,*,#51800,.T.);
#51820=EDGE_LOOP('',(#51810,#51790));
#51830=FACE_BOUND('',#51820,.T.);
#51840=ADVANCED_FACE('',(#51680,#51830),#51620,.F.);
#51850=CARTESIAN_POINT('',(-1.50203416229077,0.345961940777124,
3.74266801495931));
#51860=DIRECTION('',(5.67472333619398E-54,-2.94648481515741E-20,1.));
#51870=DIRECTION('',(1.,1.92592994438725E-34,0.));
#51880=AXIS2_PLACEMENT_3D('',#51850,#51860,#51870);
#51890=CYLINDRICAL_SURFACE('',#51880,0.35);
#51900=CARTESIAN_POINT('',(-1.50203416229077,0.345961940777124,
4.14999999999998));
#51910=DIRECTION('',(-5.67472333619398E-54,2.94648481515741E-20,-1.));
#51920=DIRECTION('',(0.707106781186549,-0.707106781186547,
-2.08347939346099E-20));
#51930=AXIS2_PLACEMENT_3D('',#51900,#51910,#51920);
#51940=CIRCLE('',#51930,0.35);
#51950=CARTESIAN_POINT('',(-1.50203416229077,-0.0040380592228762,
4.14999999999998));
#51960=VERTEX_POINT('',#51950);
#51970=EDGE_CURVE('',#3220,#51960,#51940,.T.);
#51980=ORIENTED_EDGE('',*,*,#51970,.F.);
#51990=CARTESIAN_POINT('',(-1.50203416229077,-0.00403805922287609,
4.64999999999998));
#52000=DIRECTION('',(-5.67472333619398E-54,2.94648481515741E-20,-1.));
#52010=VECTOR('',#52000,1.);
#52020=LINE('',#51990,#52010);
#52030=EDGE_CURVE('',#49870,#51960,#52020,.T.);
#52040=ORIENTED_EDGE('',*,*,#52030,.T.);
#52050=ORIENTED_EDGE('',*,*,#49880,.F.);
#52060=ORIENTED_EDGE('',*,*,#3310,.T.);
#52070=EDGE_LOOP('',(#52060,#52050,#52040,#51980));
#52080=FACE_OUTER_BOUND('',#52070,.T.);
#52090=ADVANCED_FACE('',(#52080),#51890,.T.);
#52100=CARTESIAN_POINT('',(-3.1,-6.91931354976778,-3.02999999999999));
#52110=DIRECTION('',(0.,-1.,0.));
#52120=DIRECTION('',(0.,0.,-1.));
#52130=AXIS2_PLACEMENT_3D('',#52100,#52110,#52120);
#52140=CYLINDRICAL_SURFACE('',#52130,0.17);
#52150=ORIENTED_EDGE('',*,*,#51390,.T.);
#52160=ORIENTED_EDGE('',*,*,#660,.F.);
#52170=ORIENTED_EDGE('',*,*,#15050,.T.);
#52180=ORIENTED_EDGE('',*,*,#8400,.F.);
#52190=EDGE_LOOP('',(#52180,#52170,#52160,#52150));
#52200=FACE_OUTER_BOUND('',#52190,.T.);
#52210=ADVANCED_FACE('',(#52200),#52140,.F.);
#52220=CARTESIAN_POINT('',(0.,-27.4191815827645,0.));
#52230=DIRECTION('',(0.,1.,0.));
#52240=DIRECTION('',(0.,0.,-1.));
#52250=AXIS2_PLACEMENT_3D('',#52220,#52230,#52240);
#52260=CONICAL_SURFACE('',#52250,1.,0.0174532925199433);
#52270=ORIENTED_EDGE('',*,*,#32160,.T.);
#52280=ORIENTED_EDGE('',*,*,#1630,.F.);
#52290=CARTESIAN_POINT('',(-1.47239864864865,0.0800000000000018,
-0.149807274381564));
#52300=CARTESIAN_POINT('',(-1.47069068264896,-0.0288849426699426,
-0.147817571862166));
#52310=CARTESIAN_POINT('',(-1.46724093252688,-0.247422367663234,
-0.143757728138395));
#52320=CARTESIAN_POINT('',(-1.46203587995288,-0.577530875207062,
-0.137395987779668));
#52330=CARTESIAN_POINT('',(-1.45860850540731,-0.799138669357083,
-0.132961390947524));
#52340=CARTESIAN_POINT('',(-1.45686443485415,-0.91032532191819,
-0.130681675258838));
#52350=B_SPLINE_CURVE_WITH_KNOTS('',3,(#52290,#52300,#52310,#52320,
#52330,#52340),.UNSPECIFIED.,.F.,.F.,(4,1,1,4),(0.,0.333333333333333,
0.666666666666667,1.),.UNSPECIFIED.);
#52360=EDGE_CURVE('',#1550,#38370,#52350,.T.);
#52370=ORIENTED_EDGE('',*,*,#52360,.F.);
#52380=ORIENTED_EDGE('',*,*,#38380,.T.);
#52390=EDGE_LOOP('',(#52380,#52370,#52280,#52270));
#52400=FACE_OUTER_BOUND('',#52390,.T.);
#52410=ADVANCED_FACE('',(#52400),#52260,.T.);
#52420=CARTESIAN_POINT('',(-4.9,1.15,0.));
#52430=DIRECTION('',(0.,-1.,0.));
#52440=DIRECTION('',(0.,0.,-1.));
#52450=AXIS2_PLACEMENT_3D('',#52420,#52430,#52440);
#52460=CYLINDRICAL_SURFACE('',#52450,0.4);
#52470=CARTESIAN_POINT('',(-4.9,1.15,-0.4));
#52480=DIRECTION('',(0.,-1.,0.));
#52490=VECTOR('',#52480,1.);
#52500=LINE('',#52470,#52490);
#52510=EDGE_CURVE('',#49540,#51770,#52500,.T.);
#52520=ORIENTED_EDGE('',*,*,#52510,.F.);
#52530=ORIENTED_EDGE('',*,*,#51800,.F.);
#52540=CARTESIAN_POINT('',(-4.9,1.15,0.4));
#52550=DIRECTION('',(0.,-1.,0.));
#52560=VECTOR('',#52550,1.);
#52570=LINE('',#52540,#52560);
#52580=EDGE_CURVE('',#49560,#51750,#52570,.T.);
#52590=ORIENTED_EDGE('',*,*,#52580,.T.);
#52600=ORIENTED_EDGE('',*,*,#49590,.F.);
#52610=EDGE_LOOP('',(#52600,#52590,#52530,#52520));
#52620=FACE_OUTER_BOUND('',#52610,.T.);
#52630=ADVANCED_FACE('',(#52620),#52460,.F.);
#52640=ORIENTED_EDGE('',*,*,#37400,.T.);
#52650=ORIENTED_EDGE('',*,*,#34600,.F.);
#52660=ORIENTED_EDGE('',*,*,#29420,.F.);
#52670=ORIENTED_EDGE('',*,*,#21770,.T.);
#52680=EDGE_LOOP('',(#52670,#52660,#52650,#52640));
#52690=FACE_OUTER_BOUND('',#52680,.T.);
#52700=CARTESIAN_POINT('',(4.96,5.08,0.925));
#52710=DIRECTION('',(0.,0.,1.));
#52720=DIRECTION('',(1.,0.,0.));
#52730=AXIS2_PLACEMENT_3D('',#52700,#52710,#52720);
#52740=CYLINDRICAL_SURFACE('',#52730,0.1);
#52750=CARTESIAN_POINT('',(5.01032933049297,5.16641156457459,
-0.924999999999657));
#52760=CARTESIAN_POINT('',(5.01561136668407,5.16333510893527,
-0.89638946934779));
#52770=CARTESIAN_POINT('',(5.02063973899131,5.1597658499922,
-0.867778943927308));
#52780=CARTESIAN_POINT('',(5.02540984478778,5.15564094264915,
-0.839214449297401));
#52790=CARTESIAN_POINT('',(5.03017833580458,5.15151743167273,
-0.810659624340985));
#52800=CARTESIAN_POINT('',(5.03469543861842,5.14684752567385,
-0.782108194737238));
#52810=CARTESIAN_POINT('',(5.03894783108856,5.14137784589689,
-0.753677487753735));
#52820=CARTESIAN_POINT('',(5.04319610881938,5.13591345874206,
-0.725274291153835));
#52830=CARTESIAN_POINT('',(5.04719206377342,5.1297621818506,
-0.696901217611803));
#52840=CARTESIAN_POINT('',(5.05089188056559,5.12169731462876,
-0.668966524451377));
#52850=CARTESIAN_POINT('',(5.05273672239979,5.11767592511846,
-0.655037431887447));
#52860=CARTESIAN_POINT('',(5.05452112659238,5.11319615964937,
-0.641108734038699));
#52870=CARTESIAN_POINT('',(5.05617079290195,5.10740763748683,
-0.627823154244266));
#52880=CARTESIAN_POINT('',(5.05704035815224,5.10435641573741,
-0.620820114628256));
#52890=CARTESIAN_POINT('',(5.05790509412169,5.1008622898499,
-0.61372633432982));
#52900=CARTESIAN_POINT('',(5.0586493161399,5.09638024496549,
-0.607529502425423));
#52910=CARTESIAN_POINT('',(5.05910493104739,5.0936363239105,
-0.603735783715497));
#52920=CARTESIAN_POINT('',(5.05956921782613,5.09020699369704,
-0.599824149820642));
#52930=CARTESIAN_POINT('',(5.05982300864655,5.0859470114139,
-0.597675598607374));
#52940=CARTESIAN_POINT('',(5.05993276119667,5.08410477016078,
-0.596746451625898));
#52950=CARTESIAN_POINT('',(5.06,5.08208474551433,-0.596175309787303));
#52960=CARTESIAN_POINT('',(5.06,5.08,-0.596175309787303));
#52970=B_SPLINE_CURVE_WITH_KNOTS('',3,(#52750,#52760,#52770,#52780,
#52790,#52800,#52810,#52820,#52830,#52840,#52850,#52860,#52870,#52880,
#52890,#52900,#52910,#52920,#52930,#52940,#52950,#52960),.UNSPECIFIED.,
.F.,.F.,(4,3,3,3,3,3,3,4),(0.,0.0877702212688395,0.175547529433956,
0.263362054490532,0.307265746639152,0.330539259626716,0.345076249909851,
0.351268961071034),.UNSPECIFIED.);
#52980=SURFACE_CURVE('',#52970,(#11070,#52740),.CURVE_3D.);
#52990=CARTESIAN_POINT('',(5.01032933049316,5.16641156457391,
-0.924999999999999));
#53000=VERTEX_POINT('',#52990);
#53010=CARTESIAN_POINT('',(5.06,5.08,-0.596175309787303));
#53020=VERTEX_POINT('',#53010);
#53030=EDGE_CURVE('',#53000,#53020,#52980,.T.);
#53040=ORIENTED_EDGE('',*,*,#53030,.F.);
#53050=CARTESIAN_POINT('',(5.06,6.39,-0.596175309787302));
#53060=DIRECTION('',(0.,1.,0.));
#53070=VECTOR('',#53060,1.);
#53080=LINE('',#53050,#53070);
#53090=CARTESIAN_POINT('',(5.06,4.9,-0.596175309787302));
#53100=VERTEX_POINT('',#53090);
#53110=EDGE_CURVE('',#53100,#53020,#53080,.T.);
#53120=ORIENTED_EDGE('',*,*,#53110,.T.);
#53130=CARTESIAN_POINT('',(0.,0.63894736842108,0.));
#53140=DIRECTION('',(0.644135745782777,-0.764911198117053,0.));
#53150=DIRECTION('',(-0.764911198117053,-0.644135745782777,0.));
#53160=AXIS2_PLACEMENT_3D('',#53130,#53140,#53150);
#53170=ELLIPSE('',#53160,6.66090392262805,5.095);
#53180=CARTESIAN_POINT('',(5.01032933049316,4.85817206778371,
-0.924999999999999));
#53190=VERTEX_POINT('',#53180);
#53200=EDGE_CURVE('',#53190,#53100,#53170,.T.);
#53210=ORIENTED_EDGE('',*,*,#53200,.T.);
#53220=CARTESIAN_POINT('',(5.01032933049316,6.39,-0.924999999999999));
#53230=DIRECTION('',(0.,1.,0.));
#53240=VECTOR('',#53230,1.);
#53250=LINE('',#53220,#53240);
#53260=EDGE_CURVE('',#53190,#53000,#53250,.T.);
#53270=ORIENTED_EDGE('',*,*,#53260,.F.);
#53280=EDGE_LOOP('',(#53270,#53210,#53120,#53040));
#53290=FACE_BOUND('',#53280,.T.);
#53300=CARTESIAN_POINT('',(5.06,5.08,0.596175309787302));
#53310=CARTESIAN_POINT('',(5.06,5.08208474553326,0.596175309787302));
#53320=CARTESIAN_POINT('',(5.05993276119703,5.08410477015473,
0.596746451622851));
#53330=CARTESIAN_POINT('',(5.05982300864655,5.0859470114139,
0.597675598607374));
#53340=CARTESIAN_POINT('',(5.05956921782662,5.09020699368888,
0.599824149816524));
#53350=CARTESIAN_POINT('',(5.0591049310486,5.09363632390324,
0.603735783705459));
#53360=CARTESIAN_POINT('',(5.0586493161399,5.09638024496549,
0.607529502425421));
#53370=CARTESIAN_POINT('',(5.05790509412169,5.10086228984991,
0.613726334329822));
#53380=CARTESIAN_POINT('',(5.05704035815224,5.10435641573741,
0.620820114628255));
#53390=CARTESIAN_POINT('',(5.05617079290195,5.10740763748683,
0.627823154244265));
#53400=CARTESIAN_POINT('',(5.05452112659238,5.11319615964937,
0.641108734038697));
#53410=CARTESIAN_POINT('',(5.05273672239979,5.11767592511846,
0.655037431887445));
#53420=CARTESIAN_POINT('',(5.05089188056559,5.12169731462876,
0.668966524451376));
#53430=CARTESIAN_POINT('',(5.04719206377272,5.12976218185214,
0.69690121761711));
#53440=CARTESIAN_POINT('',(5.04319610881985,5.13591345874147,
0.725274291150737));
#53450=CARTESIAN_POINT('',(5.03894783108856,5.14137784589689,
0.753677487753736));
#53460=CARTESIAN_POINT('',(5.03469543861842,5.14684752567385,
0.782108194737236));
#53470=CARTESIAN_POINT('',(5.03017833580458,5.15151743167273,
0.810659624340986));
#53480=CARTESIAN_POINT('',(5.02540984478778,5.15564094264915,
0.839214449297401));
#53490=CARTESIAN_POINT('',(5.02063973899131,5.1597658499922,
0.867778943927308));
#53500=CARTESIAN_POINT('',(5.01561136668407,5.16333510893527,
0.896389469347788));
#53510=CARTESIAN_POINT('',(5.01032933049297,5.16641156457459,
0.924999999999657));
#53520=B_SPLINE_CURVE_WITH_KNOTS('',3,(#53300,#53310,#53320,#53330,
#53340,#53350,#53360,#53370,#53380,#53390,#53400,#53410,#53420,#53430,
#53440,#53450,#53460,#53470,#53480,#53490,#53500,#53510),.UNSPECIFIED.,
.F.,.F.,(4,3,3,3,3,3,3,4),(0.,0.00619271116118403,0.0207297014443175,
0.0440032144318819,0.0879069065805026,0.175721431637079,
0.263498739802192,0.35126896107102),.UNSPECIFIED.);
#53530=SURFACE_CURVE('',#53520,(#11070,#52740),.CURVE_3D.);
#53540=CARTESIAN_POINT('',(5.06,5.08,0.596175309787302));
#53550=VERTEX_POINT('',#53540);
#53560=CARTESIAN_POINT('',(5.01032933049297,5.16641156457459,
0.924999999999657));
#53570=VERTEX_POINT('',#53560);
#53580=EDGE_CURVE('',#53550,#53570,#53530,.T.);
#53590=ORIENTED_EDGE('',*,*,#53580,.F.);
#53600=CARTESIAN_POINT('',(5.01032933049316,6.39,0.925));
#53610=DIRECTION('',(0.,1.,0.));
#53620=VECTOR('',#53610,1.);
#53630=LINE('',#53600,#53620);
#53640=CARTESIAN_POINT('',(5.01032933049316,4.85817206778371,
0.925000000000001));
#53650=VERTEX_POINT('',#53640);
#53660=EDGE_CURVE('',#53650,#53570,#53630,.T.);
#53670=ORIENTED_EDGE('',*,*,#53660,.T.);
#53680=CARTESIAN_POINT('',(5.06,4.9,0.596175309787302));
#53690=VERTEX_POINT('',#53680);
#53700=EDGE_CURVE('',#53690,#53650,#53170,.T.);
#53710=ORIENTED_EDGE('',*,*,#53700,.T.);
#53720=CARTESIAN_POINT('',(5.06,6.39,0.596175309787302));
#53730=DIRECTION('',(0.,1.,0.));
#53740=VECTOR('',#53730,1.);
#53750=LINE('',#53720,#53740);
#53760=EDGE_CURVE('',#53690,#53550,#53750,.T.);
#53770=ORIENTED_EDGE('',*,*,#53760,.F.);
#53780=EDGE_LOOP('',(#53770,#53710,#53670,#53590));
#53790=FACE_BOUND('',#53780,.T.);
#53800=ADVANCED_FACE('',(#52690,#53290,#53790),#11070,.T.);
#53810=CARTESIAN_POINT('',(1.48,48.7764673861454,0.));
#53820=DIRECTION('',(0.,1.,0.));
#53830=DIRECTION('',(0.,0.,-1.));
#53840=AXIS2_PLACEMENT_3D('',#53810,#53820,#53830);
#53850=CONICAL_SURFACE('',#53840,1.,0.0174532925199433);
#53860=ORIENTED_EDGE('',*,*,#18460,.T.);
#53870=ORIENTED_EDGE('',*,*,#1200,.F.);
#53880=ORIENTED_EDGE('',*,*,#23450,.F.);
#53890=CARTESIAN_POINT('',(1.48,-0.86998993147395,-0.133417864064969));
#53900=CARTESIAN_POINT('',(1.47739795617057,-0.874490819156444,
-0.133339300778237));
#53910=CARTESIAN_POINT('',(1.47221274147073,-0.883483652188552,
-0.133030174597995));
#53920=CARTESIAN_POINT('',(1.46449786017138,-0.896934571543827,
-0.132116625798468));
#53930=CARTESIAN_POINT('',(1.45940051496435,-0.905868565565614,
-0.131209659368994));
#53940=CARTESIAN_POINT('',(1.45686443485473,-0.910325321918198,
-0.13068167525894));
#53950=B_SPLINE_CURVE_WITH_KNOTS('',3,(#53890,#53900,#53910,#53920,
#53930,#53940),.UNSPECIFIED.,.F.,.F.,(4,1,1,4),(0.,0.333333333333333,
0.666666666666667,1.),.UNSPECIFIED.);
#53960=CARTESIAN_POINT('',(1.48,-0.86998993147395,-0.133417864064969));
#53970=VERTEX_POINT('',#53960);
#53980=EDGE_CURVE('',#53970,#23440,#53950,.T.);
#53990=ORIENTED_EDGE('',*,*,#53980,.T.);
#54000=CARTESIAN_POINT('',(1.48,-0.86998993147395,0.133417864064969));
#54010=CARTESIAN_POINT('',(1.49127327141083,-0.850489979989472,
0.133758236984228));
#54020=CARTESIAN_POINT('',(1.51306787731558,-0.813178921066165,
0.131580886447302));
#54030=CARTESIAN_POINT('',(1.54301906577639,-0.762946357152451,
0.121086604428667));
#54040=CARTESIAN_POINT('',(1.56957979329909,-0.719422648300446,
0.103987847626057));
#54050=CARTESIAN_POINT('',(1.59158129032468,-0.683477760253071,
0.0810943412075791));
#54060=CARTESIAN_POINT('',(1.60860908251528,-0.656647923807309,
0.0518710711577144));
#54070=CARTESIAN_POINT('',(1.61837771546268,-0.640873839470594,
0.0155024366901428));
#54080=CARTESIAN_POINT('',(1.61709621354182,-0.64299653684321,
-0.0234684683048298));
#54090=CARTESIAN_POINT('',(1.60599726436442,-0.660820559869792,
-0.0573035737529785));
#54100=CARTESIAN_POINT('',(1.58895801524604,-0.687626579214472,
-0.0842761394017355));
#54110=CARTESIAN_POINT('',(1.5673065730237,-0.723184493609327,
-0.105718320108009));
#54120=CARTESIAN_POINT('',(1.54123373640186,-0.765905777061003,
-0.121869343049338));
#54130=CARTESIAN_POINT('',(1.51200686912461,-0.814999887691155,
-0.131735670249015));
#54140=CARTESIAN_POINT('',(1.49089453926578,-0.851145092262116,
-0.133746801956974));
#54150=CARTESIAN_POINT('',(1.48,-0.86998993147395,-0.133417864064969));
#54160=B_SPLINE_CURVE_WITH_KNOTS('',3,(#54000,#54010,#54020,#54030,
#54040,#54050,#54060,#54070,#54080,#54090,#54100,#54110,#54120,#54130,
#54140,#54150),.UNSPECIFIED.,.F.,.F.,(4,1,1,1,1,1,1,1,1,1,1,1,1,4),(0.,
0.0769230769230769,0.153846153846154,0.230769230769231,0.307692307692308
,0.384615384615385,0.461538461538462,0.538461538461539,0.615384615384615
,0.692307692307692,0.769230769230769,0.846153846153846,0.923076923076923
,1.),.UNSPECIFIED.);
#54170=CARTESIAN_POINT('',(1.48,-0.869989931473948,0.133417864064969));
#54180=VERTEX_POINT('',#54170);
#54190=EDGE_CURVE('',#54180,#53970,#54160,.T.);
#54200=ORIENTED_EDGE('',*,*,#54190,.T.);
#54210=CARTESIAN_POINT('',(1.45686443485391,-0.910325321918212,
0.130681675258795));
#54220=CARTESIAN_POINT('',(1.45940051491913,-0.905868565643676,
0.13120965935962));
#54230=CARTESIAN_POINT('',(1.46449785950241,-0.896934571395867,
0.132116625728162));
#54240=CARTESIAN_POINT('',(1.47221274189544,-0.883483652471115,
0.133030174627386));
#54250=CARTESIAN_POINT('',(1.47739795616432,-0.874490819167257,
0.133339300778048));
#54260=CARTESIAN_POINT('',(1.48,-0.86998993147395,0.133417864064969));
#54270=B_SPLINE_CURVE_WITH_KNOTS('',3,(#54210,#54220,#54230,#54240,
#54250,#54260),.UNSPECIFIED.,.F.,.F.,(4,1,1,4),(0.,0.333333333333333,
0.666666666666667,1.),.UNSPECIFIED.);
#54280=EDGE_CURVE('',#18450,#54180,#54270,.T.);
#54290=ORIENTED_EDGE('',*,*,#54280,.T.);
#54300=EDGE_LOOP('',(#54290,#54200,#53990,#53880,#53870,#53860));
#54310=FACE_OUTER_BOUND('',#54300,.T.);
#54320=ADVANCED_FACE('',(#54310),#53850,.T.);
#54330=CARTESIAN_POINT('',(-1.48,48.7764673861454,0.));
#54340=DIRECTION('',(0.,1.,0.));
#54350=DIRECTION('',(0.,0.,-1.));
#54360=AXIS2_PLACEMENT_3D('',#54330,#54340,#54350);
#54370=CONICAL_SURFACE('',#54360,1.,0.0174532925199433);
#54380=ORIENTED_EDGE('',*,*,#38700,.T.);
#54390=ORIENTED_EDGE('',*,*,#38490,.T.);
#54400=ORIENTED_EDGE('',*,*,#52360,.T.);
#54410=ORIENTED_EDGE('',*,*,#1560,.F.);
#54420=ORIENTED_EDGE('',*,*,#46870,.F.);
#54430=ORIENTED_EDGE('',*,*,#38810,.T.);
#54440=EDGE_LOOP('',(#54430,#54420,#54410,#54400,#54390,#54380));
#54450=FACE_OUTER_BOUND('',#54440,.T.);
#54460=ADVANCED_FACE('',(#54450),#54370,.T.);
#54470=CARTESIAN_POINT('',(-1.53200498876192,0.245961940777124,
-5.60000000000001));
#54480=DIRECTION('',(-1.92592994438725E-34,1.,2.94648481515741E-20));
#54490=DIRECTION('',(1.,1.92592994438725E-34,0.));
#54500=AXIS2_PLACEMENT_3D('',#54470,#54480,#54490);
#54510=CYLINDRICAL_SURFACE('',#54500,0.20000000000001);
#54520=ORIENTED_EDGE('',*,*,#7030,.F.);
#54530=ORIENTED_EDGE('',*,*,#10560,.F.);
#54540=ORIENTED_EDGE('',*,*,#32820,.F.);
#54550=ORIENTED_EDGE('',*,*,#23950,.T.);
#54560=ORIENTED_EDGE('',*,*,#44250,.F.);
#54570=ORIENTED_EDGE('',*,*,#35110,.T.);
#54580=EDGE_LOOP('',(#54570,#54560,#54550,#54540,#54530,#54520));
#54590=FACE_OUTER_BOUND('',#54580,.T.);
#54600=ADVANCED_FACE('',(#54590),#54510,.T.);
#54610=CARTESIAN_POINT('',(-0.147995011238218,-0.00403805922319694,
-318.5));
#54620=DIRECTION('',(-4.10526825003624E-31,1.,-9.95276753369398E-16));
#54630=DIRECTION('',(1.,2.04740447771424E-34,-4.12269334299985E-16));
#54640=AXIS2_PLACEMENT_3D('',#54610,#54620,#54630);
#54650=PLANE('',#54640);
#54660=ORIENTED_EDGE('',*,*,#26010,.F.);
#54670=ORIENTED_EDGE('',*,*,#25860,.T.);
#54680=ORIENTED_EDGE('',*,*,#15230,.F.);
#54690=ORIENTED_EDGE('',*,*,#14780,.T.);
#54700=ORIENTED_EDGE('',*,*,#27550,.T.);
#54710=ORIENTED_EDGE('',*,*,#24990,.T.);
#54720=ORIENTED_EDGE('',*,*,#47730,.F.);
#54730=ORIENTED_EDGE('',*,*,#22340,.T.);
#54740=ORIENTED_EDGE('',*,*,#19230,.F.);
#54750=ORIENTED_EDGE('',*,*,#25600,.T.);
#54760=ORIENTED_EDGE('',*,*,#27910,.T.);
#54770=ORIENTED_EDGE('',*,*,#16820,.F.);
#54780=ORIENTED_EDGE('',*,*,#28770,.T.);
#54790=ORIENTED_EDGE('',*,*,#20550,.F.);
#54800=ORIENTED_EDGE('',*,*,#16330,.F.);
#54810=EDGE_LOOP('',(#54800,#54790,#54780,#54770,#54760,#54750,#54740,
#54730,#54720,#54710,#54700,#54690,#54680,#54670,#54660));
#54820=FACE_OUTER_BOUND('',#54810,.T.);
#54830=ADVANCED_FACE('',(#54820),#54650,.F.);
#54840=CARTESIAN_POINT('',(-2.72298512696554,-1.01641038013496,
4.14999999999998));
#54850=DIRECTION('',(0.,-2.94648481515741E-20,1.));
#54860=DIRECTION('',(0.707106781186546,0.707106781186549,
2.083479393461E-20));
#54870=AXIS2_PLACEMENT_3D('',#54840,#54850,#54860);
#54880=PLANE('',#54870);
#54890=CARTESIAN_POINT('',(-3.15200498876191,0.245961940777124,
4.14999999999995));
#54900=DIRECTION('',(1.92592994438725E-34,-1.,-2.94648481515741E-20));
#54910=VECTOR('',#54900,1.);
#54920=LINE('',#54890,#54910);
#54930=CARTESIAN_POINT('',(-3.15200498876191,-0.0040380592228762,
4.14999999999997));
#54940=VERTEX_POINT('',#54930);
#54950=EDGE_CURVE('',#3140,#54940,#54920,.T.);
#54960=ORIENTED_EDGE('',*,*,#54950,.F.);
#54970=CARTESIAN_POINT('',(-1.50203416229077,-0.0040380592228762,
4.14999999999998));
#54980=DIRECTION('',(-1.,-1.92592994438725E-34,0.));
#54990=VECTOR('',#54980,1.);
#55000=LINE('',#54970,#54990);
#55010=EDGE_CURVE('',#51960,#54940,#55000,.T.);
#55020=ORIENTED_EDGE('',*,*,#55010,.T.);
#55030=ORIENTED_EDGE('',*,*,#51970,.T.);
#55040=ORIENTED_EDGE('',*,*,#3230,.F.);
#55050=EDGE_LOOP('',(#55040,#55030,#55020,#54960));
#55060=FACE_OUTER_BOUND('',#55050,.T.);
#55070=ADVANCED_FACE('',(#55060),#54880,.F.);
#55080=CARTESIAN_POINT('',(3.15200498876191,0.245961940777116,
-4.35000000000003));
#55090=DIRECTION('',(-1.92592994438725E-34,1.,-9.95276753369398E-16));
#55100=DIRECTION('',(1.,1.92592994438725E-34,0.));
#55110=AXIS2_PLACEMENT_3D('',#55080,#55090,#55100);
#55120=CYLINDRICAL_SURFACE('',#55110,0.200000000000003);
#55130=ORIENTED_EDGE('',*,*,#5680,.F.);
#55140=ORIENTED_EDGE('',*,*,#33220,.T.);
#55150=ORIENTED_EDGE('',*,*,#36350,.F.);
#55160=ORIENTED_EDGE('',*,*,#49290,.T.);
#55170=EDGE_LOOP('',(#55160,#55150,#55140,#55130));
#55180=FACE_OUTER_BOUND('',#55170,.T.);
#55190=ADVANCED_FACE('',(#55180),#55120,.T.);
#55200=CARTESIAN_POINT('',(-1.53200498876192,0.245961940777124,
5.59999999999998));
#55210=DIRECTION('',(-1.92592994438725E-34,1.,2.94648481515741E-20));
#55220=DIRECTION('',(1.,1.92592994438725E-34,0.));
#55230=AXIS2_PLACEMENT_3D('',#55200,#55210,#55220);
#55240=CYLINDRICAL_SURFACE('',#55230,0.200000000000003);
#55250=ORIENTED_EDGE('',*,*,#13340,.F.);
#55260=ORIENTED_EDGE('',*,*,#45720,.T.);
#55270=ORIENTED_EDGE('',*,*,#3990,.F.);
#55280=ORIENTED_EDGE('',*,*,#42070,.T.);
#55290=CARTESIAN_POINT('',(-1.53200498876192,-0.00403805922287614,
5.59999999999998));
#55300=DIRECTION('',(1.92592994438725E-34,-1.,-2.94648481515741E-20));
#55310=DIRECTION('',(1.,4.37979975731375E-33,-1.42108547152018E-13));
#55320=AXIS2_PLACEMENT_3D('',#55290,#55300,#55310);
#55330=CIRCLE('',#55320,0.200000000000003);
#55340=EDGE_CURVE('',#42000,#50120,#55330,.T.);
#55350=ORIENTED_EDGE('',*,*,#55340,.F.);
#55360=ORIENTED_EDGE('',*,*,#50130,.T.);
#55370=EDGE_LOOP('',(#55360,#55350,#55280,#55270,#55260,#55250));
#55380=FACE_OUTER_BOUND('',#55370,.T.);
#55390=ADVANCED_FACE('',(#55380),#55240,.T.);
#55400=CARTESIAN_POINT('',(-3.15200498876191,0.245961940777124,
4.34999999999995));
#55410=DIRECTION('',(-1.92592994438725E-34,1.,2.94648481515741E-20));
#55420=DIRECTION('',(1.,1.92592994438725E-34,0.));
#55430=AXIS2_PLACEMENT_3D('',#55400,#55410,#55420);
#55440=CYLINDRICAL_SURFACE('',#55430,0.200000000000003);
#55450=ORIENTED_EDGE('',*,*,#3150,.F.);
#55460=CARTESIAN_POINT('',(-3.35200498876192,-0.0040380592228762,
4.34999999999995));
#55470=DIRECTION('',(-1.92592994438725E-34,1.,2.94648481515741E-20));
#55480=VECTOR('',#55470,1.);
#55490=LINE('',#55460,#55480);
#55500=CARTESIAN_POINT('',(-3.35200498876191,-0.0040380592228762,
4.34999999999996));
#55510=VERTEX_POINT('',#55500);
#55520=EDGE_CURVE('',#55510,#3050,#55490,.T.);
#55530=ORIENTED_EDGE('',*,*,#55520,.T.);
#55540=CARTESIAN_POINT('',(-3.15200498876191,-0.0040380592228762,
4.34999999999995));
#55550=DIRECTION('',(1.92592994438725E-34,-1.,-2.94648481515741E-20));
#55560=DIRECTION('',(-1.,-3.23443205778569E-34,4.44089209850056E-15));
#55570=AXIS2_PLACEMENT_3D('',#55540,#55550,#55560);
#55580=CIRCLE('',#55570,0.200000000000003);
#55590=EDGE_CURVE('',#55510,#54940,#55580,.T.);
#55600=ORIENTED_EDGE('',*,*,#55590,.F.);
#55610=ORIENTED_EDGE('',*,*,#54950,.T.);
#55620=EDGE_LOOP('',(#55610,#55600,#55530,#55450));
#55630=FACE_OUTER_BOUND('',#55620,.T.);
#55640=ADVANCED_FACE('',(#55630),#55440,.T.);
#55650=CARTESIAN_POINT('',(1.50203416229076,0.345961940777116,
-3.74266801495933));
#55660=DIRECTION('',(-7.78465783720452E-16,-9.95276753369398E-16,-1.));
#55670=DIRECTION('',(1.89583336273677E-31,1.,-9.95276753369398E-16));
#55680=AXIS2_PLACEMENT_3D('',#55650,#55660,#55670);
#55690=CYLINDRICAL_SURFACE('',#55680,0.35);
#55700=ORIENTED_EDGE('',*,*,#49370,.F.);
#55710=ORIENTED_EDGE('',*,*,#37260,.T.);
#55720=ORIENTED_EDGE('',*,*,#47380,.F.);
#55730=ORIENTED_EDGE('',*,*,#5840,.T.);
#55740=EDGE_LOOP('',(#55730,#55720,#55710,#55700));
#55750=FACE_OUTER_BOUND('',#55740,.T.);
#55760=ADVANCED_FACE('',(#55750),#55690,.T.);
#55770=CARTESIAN_POINT('',(0.147995011238086,-0.0040380592228762,-318.5)
);
#55780=DIRECTION('',(-1.92592994438725E-34,1.,2.94648481515741E-20));
#55790=DIRECTION('',(1.,1.92592994438725E-34,0.));
#55800=AXIS2_PLACEMENT_3D('',#55770,#55780,#55790);
#55810=PLANE('',#55800);
#55820=ORIENTED_EDGE('',*,*,#55590,.T.);
#55830=CARTESIAN_POINT('',(-3.35200498876191,-0.0040380592228762,
4.34999999999995));
#55840=DIRECTION('',(-5.92118946466728E-16,-2.94648481515741E-20,1.));
#55850=VECTOR('',#55840,1.);
#55860=LINE('',#55830,#55850);
#55870=EDGE_CURVE('',#55510,#41770,#55860,.T.);
#55880=ORIENTED_EDGE('',*,*,#55870,.F.);
#55890=ORIENTED_EDGE('',*,*,#41780,.T.);
#55900=ORIENTED_EDGE('',*,*,#22020,.T.);
#55910=ORIENTED_EDGE('',*,*,#50190,.F.);
#55920=ORIENTED_EDGE('',*,*,#55340,.T.);
#55930=ORIENTED_EDGE('',*,*,#42010,.F.);
#55940=ORIENTED_EDGE('',*,*,#40100,.T.);
#55950=ORIENTED_EDGE('',*,*,#31880,.T.);
#55960=ORIENTED_EDGE('',*,*,#51010,.T.);
#55970=ORIENTED_EDGE('',*,*,#29020,.F.);
#55980=ORIENTED_EDGE('',*,*,#37640,.T.);
#55990=ORIENTED_EDGE('',*,*,#49940,.F.);
#56000=ORIENTED_EDGE('',*,*,#52030,.F.);
#56010=ORIENTED_EDGE('',*,*,#55010,.F.);
#56020=EDGE_LOOP('',(#56010,#56000,#55990,#55980,#55970,#55960,#55950,
#55940,#55930,#55920,#55910,#55900,#55890,#55880,#55820));
#56030=FACE_OUTER_BOUND('',#56020,.T.);
#56040=ADVANCED_FACE('',(#56030),#55810,.F.);
#56050=CARTESIAN_POINT('',(-3.35200498876192,0.245961940777124,
5.09999999999998));
#56060=DIRECTION('',(1.,1.75555206503849E-34,5.78241158658935E-16));
#56070=DIRECTION('',(5.78241158658935E-16,2.94648481515741E-20,-1.));
#56080=AXIS2_PLACEMENT_3D('',#56050,#56060,#56070);
#56090=PLANE('',#56080);
#56100=ORIENTED_EDGE('',*,*,#45790,.F.);
#56110=ORIENTED_EDGE('',*,*,#13670,.F.);
#56120=ORIENTED_EDGE('',*,*,#41840,.F.);
#56130=ORIENTED_EDGE('',*,*,#55870,.T.);
#56140=ORIENTED_EDGE('',*,*,#55520,.F.);
#56150=ORIENTED_EDGE('',*,*,#3060,.F.);
#56160=EDGE_LOOP('',(#56150,#56140,#56130,#56120,#56110,#56100));
#56170=FACE_OUTER_BOUND('',#56160,.T.);
#56180=ADVANCED_FACE('',(#56170),#56090,.F.);
#56190=CARTESIAN_POINT('',(-0.850000000000011,0.65,6.16715728752542));
#56200=DIRECTION('',(1.,0.,3.69406070154265E-16));
#56210=DIRECTION('',(3.69406070154265E-16,0.,-1.));
#56220=AXIS2_PLACEMENT_3D('',#56190,#56200,#56210);
#56230=PLANE('',#56220);
#56240=ORIENTED_EDGE('',*,*,#46040,.F.);
#56250=ORIENTED_EDGE('',*,*,#46270,.F.);
#56260=ORIENTED_EDGE('',*,*,#35840,.F.);
#56270=ORIENTED_EDGE('',*,*,#45570,.F.);
#56280=EDGE_LOOP('',(#56270,#56260,#56250,#56240));
#56290=FACE_OUTER_BOUND('',#56280,.T.);
#56300=ADVANCED_FACE('',(#56290),#56230,.T.);
#56310=CARTESIAN_POINT('',(-1.93977046885428E-19,9.09,
5.42976580892665E-20));
#56320=DIRECTION('',(0.,-1.,0.));
#56330=DIRECTION('',(0.,0.,-1.));
#56340=AXIS2_PLACEMENT_3D('',#56310,#56320,#56330);
#56350=CYLINDRICAL_SURFACE('',#56340,4.45);
#56360=CARTESIAN_POINT('',(4.16896479429918,5.39,-1.55635231997577));
#56370=DIRECTION('',(0.,1.,0.));
#56380=VECTOR('',#56370,1.);
#56390=LINE('',#56360,#56380);
#56400=CARTESIAN_POINT('',(4.16896479429919,7.24,-1.55635231997576));
#56410=VERTEX_POINT('',#56400);
#56420=EDGE_CURVE('',#42680,#56410,#56390,.T.);
#56430=ORIENTED_EDGE('',*,*,#56420,.T.);
#56440=ORIENTED_EDGE('',*,*,#42690,.F.);
#56450=CARTESIAN_POINT('',(4.16896479429919,7.24,1.55635231997576));
#56460=DIRECTION('',(0.,-1.,0.));
#56470=VECTOR('',#56460,1.);
#56480=LINE('',#56450,#56470);
#56490=CARTESIAN_POINT('',(4.16896479429919,7.24,1.55635231997576));
#56500=VERTEX_POINT('',#56490);
#56510=EDGE_CURVE('',#56500,#42640,#56480,.T.);
#56520=ORIENTED_EDGE('',*,*,#56510,.T.);
#56530=CARTESIAN_POINT('',(-1.93977046885428E-19,7.24,
5.42976580892665E-20));
#56540=DIRECTION('',(0.,-1.,0.));
#56550=DIRECTION('',(0.936846021190829,0.,0.349742094376575));
#56560=AXIS2_PLACEMENT_3D('',#56530,#56540,#56550);
#56570=CIRCLE('',#56560,4.45);
#56580=CARTESIAN_POINT('',(5.44773848573687E-16,7.24,4.45));
#56590=VERTEX_POINT('',#56580);
#56600=EDGE_CURVE('',#56500,#56590,#56570,.T.);
#56610=ORIENTED_EDGE('',*,*,#56600,.F.);
#56620=CARTESIAN_POINT('',(5.44773848573687E-16,9.09,4.45));
#56630=DIRECTION('',(0.,-1.,0.));
#56640=VECTOR('',#56630,1.);
#56650=LINE('',#56620,#56640);
#56660=CARTESIAN_POINT('',(-1.93977046885428E-19,7.56,4.45));
#56670=VERTEX_POINT('',#56660);
#56680=EDGE_CURVE('',#56670,#56590,#56650,.T.);
#56690=ORIENTED_EDGE('',*,*,#56680,.T.);
#56700=CARTESIAN_POINT('',(-1.93977046885428E-19,7.56,
5.42976580892665E-20));
#56710=DIRECTION('',(-0.,1.,0.));
#56720=DIRECTION('',(1.22464679914735E-16,0.,1.));
#56730=AXIS2_PLACEMENT_3D('',#56700,#56710,#56720);
#56740=CIRCLE('',#56730,4.45);
#56750=CARTESIAN_POINT('',(-1.93977046885428E-19,7.56,-4.45));
#56760=VERTEX_POINT('',#56750);
#56770=EDGE_CURVE('',#56670,#56760,#56740,.T.);
#56780=ORIENTED_EDGE('',*,*,#56770,.F.);
#56790=CARTESIAN_POINT('',(-1.93977046885428E-19,9.09,-4.45));
#56800=DIRECTION('',(0.,-1.,0.));
#56810=VECTOR('',#56800,1.);
#56820=LINE('',#56790,#56810);
#56830=CARTESIAN_POINT('',(-1.93977046885428E-19,7.24,-4.45));
#56840=VERTEX_POINT('',#56830);
#56850=EDGE_CURVE('',#56760,#56840,#56820,.T.);
#56860=ORIENTED_EDGE('',*,*,#56850,.F.);
#56870=CARTESIAN_POINT('',(-1.93977046885428E-19,7.24,
5.42976580892665E-20));
#56880=DIRECTION('',(0.,-1.,-0.));
#56890=DIRECTION('',(-1.79631590501149E-15,0.,-1.));
#56900=AXIS2_PLACEMENT_3D('',#56870,#56880,#56890);
#56910=CIRCLE('',#56900,4.45);
#56920=EDGE_CURVE('',#56840,#56410,#56910,.T.);
#56930=ORIENTED_EDGE('',*,*,#56920,.F.);
#56940=EDGE_LOOP('',(#56930,#56860,#56780,#56690,#56610,#56520,#56440,
#56430));
#56950=FACE_OUTER_BOUND('',#56940,.T.);
#56960=ADVANCED_FACE('',(#56950),#56350,.T.);
#56970=CARTESIAN_POINT('',(-4.45,7.24,5.42976580892665E-20));
#56980=DIRECTION('',(0.,-1.,0.));
#56990=DIRECTION('',(0.,0.,-1.));
#57000=AXIS2_PLACEMENT_3D('',#56970,#56980,#56990);
#57010=PLANE('',#57000);
#57020=CARTESIAN_POINT('',(4.16896479429919,7.24,-1.55635231997576));
#57030=DIRECTION('',(0.180386001415348,0.,-0.983595897964902));
#57040=VECTOR('',#57030,1.);
#57050=LINE('',#57020,#57040);
#57060=CARTESIAN_POINT('',(4.18628100978269,7.24,-1.65077294233121));
#57070=VERTEX_POINT('',#57060);
#57080=EDGE_CURVE('',#56410,#57070,#57050,.T.);
#57090=ORIENTED_EDGE('',*,*,#57080,.T.);
#57100=ORIENTED_EDGE('',*,*,#56920,.T.);
#57110=CARTESIAN_POINT('',(-4.16896479429919,7.24,-1.55635231997576));
#57120=VERTEX_POINT('',#57110);
#57130=EDGE_CURVE('',#57120,#56840,#56910,.T.);
#57140=ORIENTED_EDGE('',*,*,#57130,.T.);
#57150=CARTESIAN_POINT('',(-4.18628100978269,7.24,-1.65077294233121));
#57160=DIRECTION('',(0.180386001415354,0.,0.983595897964901));
#57170=VECTOR('',#57160,1.);
#57180=LINE('',#57150,#57170);
#57190=CARTESIAN_POINT('',(-4.18628100978269,7.24,-1.65077294233121));
#57200=VERTEX_POINT('',#57190);
#57210=EDGE_CURVE('',#57200,#57120,#57180,.T.);
#57220=ORIENTED_EDGE('',*,*,#57210,.T.);
#57230=CARTESIAN_POINT('',(-1.93977046885428E-19,7.24,
5.42976580892665E-20));
#57240=DIRECTION('',(0.,1.,0.));
#57250=DIRECTION('',(-1.77635683940025E-15,0.,-1.));
#57260=AXIS2_PLACEMENT_3D('',#57230,#57240,#57250);
#57270=CIRCLE('',#57260,4.5);
#57280=EDGE_CURVE('',#57070,#57200,#57270,.T.);
#57290=ORIENTED_EDGE('',*,*,#57280,.T.);
#57300=EDGE_LOOP('',(#57290,#57220,#57140,#57100,#57090));
#57310=FACE_OUTER_BOUND('',#57300,.T.);
#57320=ADVANCED_FACE('',(#57310),#57010,.F.);
#57330=CARTESIAN_POINT('',(-1.93977046885428E-19,9.09,
5.42976580892665E-20));
#57340=DIRECTION('',(0.,-1.,0.));
#57350=DIRECTION('',(0.,0.,-1.));
#57360=AXIS2_PLACEMENT_3D('',#57330,#57340,#57350);
#57370=CYLINDRICAL_SURFACE('',#57360,4.5);
#57380=CARTESIAN_POINT('',(-4.18628100978269,5.39,-1.6507729423312));
#57390=DIRECTION('',(0.,1.,0.));
#57400=VECTOR('',#57390,1.);
#57410=LINE('',#57380,#57400);
#57420=EDGE_CURVE('',#42280,#57200,#57410,.T.);
#57430=ORIENTED_EDGE('',*,*,#57420,.T.);
#57440=ORIENTED_EDGE('',*,*,#42840,.F.);
#57450=CARTESIAN_POINT('',(4.18628100978269,7.24,-1.65077294233121));
#57460=DIRECTION('',(0.,-1.,0.));
#57470=VECTOR('',#57460,1.);
#57480=LINE('',#57450,#57470);
#57490=EDGE_CURVE('',#57070,#42760,#57480,.T.);
#57500=ORIENTED_EDGE('',*,*,#57490,.T.);
#57510=ORIENTED_EDGE('',*,*,#57280,.F.);
#57520=EDGE_LOOP('',(#57510,#57500,#57440,#57430));
#57530=FACE_OUTER_BOUND('',#57520,.T.);
#57540=ADVANCED_FACE('',(#57530),#57370,.T.);
#57550=CARTESIAN_POINT('',(-4.18628100978269,9.09,-1.65077294233121));
#57560=DIRECTION('',(-0.983595897964901,0.,0.180386001415352));
#57570=DIRECTION('',(0.,-1.,0.));
#57580=AXIS2_PLACEMENT_3D('',#57550,#57560,#57570);
#57590=PLANE('',#57580);
#57600=ORIENTED_EDGE('',*,*,#57420,.F.);
#57610=ORIENTED_EDGE('',*,*,#57210,.F.);
#57620=CARTESIAN_POINT('',(-4.16896479429919,7.24,-1.55635231997576));
#57630=DIRECTION('',(0.,-1.,0.));
#57640=VECTOR('',#57630,1.);
#57650=LINE('',#57620,#57640);
#57660=EDGE_CURVE('',#57120,#42300,#57650,.T.);
#57670=ORIENTED_EDGE('',*,*,#57660,.F.);
#57680=ORIENTED_EDGE('',*,*,#42310,.T.);
#57690=EDGE_LOOP('',(#57680,#57670,#57610,#57600));
#57700=FACE_OUTER_BOUND('',#57690,.T.);
#57710=ADVANCED_FACE('',(#57700),#57590,.T.);
#57720=CARTESIAN_POINT('',(4.18628100978269,9.09,1.65077294233121));
#57730=DIRECTION('',(0.983595897964901,0.,-0.180386001415352));
#57740=DIRECTION('',(0.,-1.,0.));
#57750=AXIS2_PLACEMENT_3D('',#57720,#57730,#57740);
#57760=PLANE('',#57750);
#57770=CARTESIAN_POINT('',(4.18628100978269,5.39,1.65077294233121));
#57780=DIRECTION('',(0.,1.,0.));
#57790=VECTOR('',#57780,1.);
#57800=LINE('',#57770,#57790);
#57810=CARTESIAN_POINT('',(4.18628100978269,7.24,1.65077294233121));
#57820=VERTEX_POINT('',#57810);
#57830=EDGE_CURVE('',#42560,#57820,#57800,.T.);
#57840=ORIENTED_EDGE('',*,*,#57830,.F.);
#57850=CARTESIAN_POINT('',(4.18628100978269,7.24,1.65077294233121));
#57860=DIRECTION('',(-0.180386001415343,0.,-0.983595897964903));
#57870=VECTOR('',#57860,1.);
#57880=LINE('',#57850,#57870);
#57890=EDGE_CURVE('',#57820,#56500,#57880,.T.);
#57900=ORIENTED_EDGE('',*,*,#57890,.F.);
#57910=ORIENTED_EDGE('',*,*,#56510,.F.);
#57920=ORIENTED_EDGE('',*,*,#42650,.T.);
#57930=EDGE_LOOP('',(#57920,#57910,#57900,#57840));
#57940=FACE_OUTER_BOUND('',#57930,.T.);
#57950=ADVANCED_FACE('',(#57940),#57760,.T.);
#57960=CARTESIAN_POINT('',(-4.45,7.24,5.42976580892665E-20));
#57970=DIRECTION('',(0.,-1.,0.));
#57980=DIRECTION('',(0.,0.,-1.));
#57990=AXIS2_PLACEMENT_3D('',#57960,#57970,#57980);
#58000=PLANE('',#57990);
#58010=ORIENTED_EDGE('',*,*,#56600,.T.);
#58020=ORIENTED_EDGE('',*,*,#57890,.T.);
#58030=CARTESIAN_POINT('',(-1.93977046885428E-19,7.24,
5.42976580892665E-20));
#58040=DIRECTION('',(0.,1.,0.));
#58050=DIRECTION('',(-0.930284668840597,0.,0.366838431629157));
#58060=AXIS2_PLACEMENT_3D('',#58030,#58040,#58050);
#58070=CIRCLE('',#58060,4.5);
#58080=CARTESIAN_POINT('',(-4.18628100978269,7.24,1.65077294233121));
#58090=VERTEX_POINT('',#58080);
#58100=EDGE_CURVE('',#58090,#57820,#58070,.T.);
#58110=ORIENTED_EDGE('',*,*,#58100,.T.);
#58120=CARTESIAN_POINT('',(-4.16896479429919,7.24,1.55635231997576));
#58130=DIRECTION('',(-0.180386001415356,0.,0.9835958979649));
#58140=VECTOR('',#58130,1.);
#58150=LINE('',#58120,#58140);
#58160=CARTESIAN_POINT('',(-4.16896479429919,7.24,1.55635231997577));
#58170=VERTEX_POINT('',#58160);
#58180=EDGE_CURVE('',#58170,#58090,#58150,.T.);
#58190=ORIENTED_EDGE('',*,*,#58180,.T.);
#58200=EDGE_CURVE('',#56590,#58170,#56570,.T.);
#58210=ORIENTED_EDGE('',*,*,#58200,.T.);
#58220=EDGE_LOOP('',(#58210,#58190,#58110,#58020,#58010));
#58230=FACE_OUTER_BOUND('',#58220,.T.);
#58240=ADVANCED_FACE('',(#58230),#58000,.F.);
#58250=CARTESIAN_POINT('',(-1.93977046885428E-19,9.09,
5.42976580892665E-20));
#58260=DIRECTION('',(0.,-1.,0.));
#58270=DIRECTION('',(0.,0.,-1.));
#58280=AXIS2_PLACEMENT_3D('',#58250,#58260,#58270);
#58290=CYLINDRICAL_SURFACE('',#58280,4.5);
#58300=ORIENTED_EDGE('',*,*,#57830,.T.);
#58310=ORIENTED_EDGE('',*,*,#42570,.F.);
#58320=CARTESIAN_POINT('',(-4.18628100978269,7.24,1.65077294233121));
#58330=DIRECTION('',(0.,-1.,0.));
#58340=VECTOR('',#58330,1.);
#58350=LINE('',#58320,#58340);
#58360=EDGE_CURVE('',#58090,#42470,#58350,.T.);
#58370=ORIENTED_EDGE('',*,*,#58360,.T.);
#58380=ORIENTED_EDGE('',*,*,#58100,.F.);
#58390=EDGE_LOOP('',(#58380,#58370,#58310,#58300));
#58400=FACE_OUTER_BOUND('',#58390,.T.);
#58410=ADVANCED_FACE('',(#58400),#58290,.T.);
#58420=CARTESIAN_POINT('',(-4.18628100978269,9.09,1.65077294233121));
#58430=DIRECTION('',(0.983595897964901,0.,0.180386001415352));
#58440=DIRECTION('',(0.,-1.,0.));
#58450=AXIS2_PLACEMENT_3D('',#58420,#58430,#58440);
#58460=PLANE('',#58450);
#58470=ORIENTED_EDGE('',*,*,#58180,.F.);
#58480=ORIENTED_EDGE('',*,*,#58360,.F.);
#58490=ORIENTED_EDGE('',*,*,#42480,.F.);
#58500=CARTESIAN_POINT('',(-4.16896479429918,5.39,1.55635231997577));
#58510=DIRECTION('',(0.,1.,0.));
#58520=VECTOR('',#58510,1.);
#58530=LINE('',#58500,#58520);
#58540=EDGE_CURVE('',#42390,#58170,#58530,.T.);
#58550=ORIENTED_EDGE('',*,*,#58540,.F.);
#58560=EDGE_LOOP('',(#58550,#58490,#58480,#58470));
#58570=FACE_OUTER_BOUND('',#58560,.T.);
#58580=ADVANCED_FACE('',(#58570),#58460,.F.);
#58590=CARTESIAN_POINT('',(-1.93977046885428E-19,7.56,
5.42976580892665E-20));
#58600=DIRECTION('',(0.,-1.,0.));
#58610=DIRECTION('',(0.,0.,-1.));
#58620=AXIS2_PLACEMENT_3D('',#58590,#58600,#58610);
#58630=TOROIDAL_SURFACE('',#58620,3.95,0.5);
#58640=CARTESIAN_POINT('',(-1.93977046885428E-19,7.56,-3.95));
#58650=DIRECTION('',(1.,0.,0.));
#58660=DIRECTION('',(0.,0.,-1.));
#58670=AXIS2_PLACEMENT_3D('',#58640,#58650,#58660);
#58680=CIRCLE('',#58670,0.5);
#58690=CARTESIAN_POINT('',(-1.93977046885428E-19,8.06,-3.95));
#58700=VERTEX_POINT('',#58690);
#58710=EDGE_CURVE('',#56760,#58700,#58680,.T.);
#58720=ORIENTED_EDGE('',*,*,#58710,.T.);
#58730=ORIENTED_EDGE('',*,*,#56770,.T.);
#58740=CARTESIAN_POINT('',(-1.93977046885428E-19,7.56,3.95));
#58750=DIRECTION('',(-1.,0.,0.));
#58760=DIRECTION('',(0.,0.,1.));
#58770=AXIS2_PLACEMENT_3D('',#58740,#58750,#58760);
#58780=CIRCLE('',#58770,0.5);
#58790=CARTESIAN_POINT('',(-1.93977046885428E-19,8.06,3.95));
#58800=VERTEX_POINT('',#58790);
#58810=EDGE_CURVE('',#56670,#58800,#58780,.T.);
#58820=ORIENTED_EDGE('',*,*,#58810,.F.);
#58830=CARTESIAN_POINT('',(-1.93977046885428E-19,8.06,
5.42976580892665E-20));
#58840=DIRECTION('',(-0.,1.,0.));
#58850=DIRECTION('',(7.86993536443149E-16,0.,1.));
#58860=AXIS2_PLACEMENT_3D('',#58830,#58840,#58850);
#58870=CIRCLE('',#58860,3.95);
#58880=EDGE_CURVE('',#58800,#58700,#58870,.T.);
#58890=ORIENTED_EDGE('',*,*,#58880,.F.);
#58900=EDGE_LOOP('',(#58890,#58820,#58730,#58720));
#58910=FACE_OUTER_BOUND('',#58900,.T.);
#58920=ADVANCED_FACE('',(#58910),#58630,.T.);
#58930=CARTESIAN_POINT('',(-2.75,8.06,5.42976580892665E-20));
#58940=DIRECTION('',(0.,-1.,0.));
#58950=DIRECTION('',(0.,0.,-1.));
#58960=AXIS2_PLACEMENT_3D('',#58930,#58940,#58950);
#58970=PLANE('',#58960);
#58980=EDGE_CURVE('',#58700,#58800,#58870,.T.);
#58990=ORIENTED_EDGE('',*,*,#58980,.T.);
#59000=ORIENTED_EDGE('',*,*,#58880,.T.);
#59010=EDGE_LOOP('',(#59000,#58990));
#59020=FACE_OUTER_BOUND('',#59010,.T.);
#59030=CARTESIAN_POINT('',(-1.93977046885428E-19,8.06,
5.42976580892665E-20));
#59040=DIRECTION('',(0.,-1.,0.));
#59050=DIRECTION('',(-1.51050751649681E-16,0.,1.));
#59060=AXIS2_PLACEMENT_3D('',#59030,#59040,#59050);
#59070=CIRCLE('',#59060,2.94);
#59080=CARTESIAN_POINT('',(3.59852181902437E-16,8.06,2.94));
#59090=VERTEX_POINT('',#59080);
#59100=CARTESIAN_POINT('',(-1.93977046885428E-19,8.06,-2.94));
#59110=VERTEX_POINT('',#59100);
#59120=EDGE_CURVE('',#59090,#59110,#59070,.T.);
#59130=ORIENTED_EDGE('',*,*,#59120,.T.);
#59140=EDGE_CURVE('',#59110,#59090,#59070,.T.);
#59150=ORIENTED_EDGE('',*,*,#59140,.T.);
#59160=EDGE_LOOP('',(#59150,#59130));
#59170=FACE_BOUND('',#59160,.T.);
#59180=ADVANCED_FACE('',(#59020,#59170),#58970,.F.);
#59190=CARTESIAN_POINT('',(-1.93977046885428E-19,9.99999999999997,
5.42976580892665E-20));
#59200=DIRECTION('',(0.,-1.,0.));
#59210=DIRECTION('',(0.,0.,-1.));
#59220=AXIS2_PLACEMENT_3D('',#59190,#59200,#59210);
#59230=CONICAL_SURFACE('',#59220,1.00000000000001,0.785398163397453);
#59240=CARTESIAN_POINT('',(1.22270702867851E-16,9.99999999999997,
1.00000000000001));
#59250=DIRECTION('',(8.65956056235498E-17,-0.707106781186544,
0.707106781186551));
#59260=VECTOR('',#59250,1.4142135623731);
#59270=LINE('',#59240,#59260);
#59280=CARTESIAN_POINT('',(3.24337424727163E-16,8.35,2.65));
#59290=VERTEX_POINT('',#59280);
#59300=EDGE_CURVE('',#59290,#59090,#59270,.T.);
#59310=ORIENTED_EDGE('',*,*,#59300,.F.);
#59320=ORIENTED_EDGE('',*,*,#59120,.F.);
#59330=CARTESIAN_POINT('',(-1.93977046885428E-19,9.99999999999997,
-1.00000000000001));
#59340=DIRECTION('',(1.70229765470805E-35,-0.707106781186544,
-0.707106781186551));
#59350=VECTOR('',#59340,1.4142135623731);
#59360=LINE('',#59330,#59350);
#59370=CARTESIAN_POINT('',(-1.93977046885428E-19,8.35,-2.65));
#59380=VERTEX_POINT('',#59370);
#59390=EDGE_CURVE('',#59380,#59110,#59360,.T.);
#59400=ORIENTED_EDGE('',*,*,#59390,.T.);
#59410=CARTESIAN_POINT('',(-1.93977046885428E-19,8.35,
5.42976580892665E-20));
#59420=DIRECTION('',(0.,-1.,0.));
#59430=DIRECTION('',(1.22464679914735E-16,0.,1.));
#59440=AXIS2_PLACEMENT_3D('',#59410,#59420,#59430);
#59450=CIRCLE('',#59440,2.65);
#59460=EDGE_CURVE('',#59290,#59380,#59450,.T.);
#59470=ORIENTED_EDGE('',*,*,#59460,.T.);
#59480=EDGE_LOOP('',(#59470,#59400,#59320,#59310));
#59490=FACE_OUTER_BOUND('',#59480,.T.);
#59500=ADVANCED_FACE('',(#59490),#59230,.T.);
#59510=CARTESIAN_POINT('',(-1.93977046885428E-19,6.70000000000002,
5.42976580892665E-20));
#59520=DIRECTION('',(0.,1.,0.));
#59530=DIRECTION('',(0.,0.,1.));
#59540=AXIS2_PLACEMENT_3D('',#59510,#59520,#59530);
#59550=CONICAL_SURFACE('',#59540,1.00000000000001,0.785398163397453);
#59560=CARTESIAN_POINT('',(-1.93977046885428E-19,6.70000000000002,
1.00000000000001));
#59570=DIRECTION('',(0.,0.707106781186544,0.707106781186551));
#59580=VECTOR('',#59570,1.4142135623731);
#59590=LINE('',#59560,#59580);
#59600=CARTESIAN_POINT('',(-1.93977046885428E-19,8.64,2.94));
#59610=VERTEX_POINT('',#59600);
#59620=EDGE_CURVE('',#59290,#59610,#59590,.T.);
#59630=ORIENTED_EDGE('',*,*,#59620,.T.);
#59640=ORIENTED_EDGE('',*,*,#59460,.F.);
#59650=CARTESIAN_POINT('',(1.22270702867851E-16,6.70000000000002,
-1.00000000000001));
#59660=DIRECTION('',(8.65956056235498E-17,0.707106781186544,
-0.707106781186551));
#59670=VECTOR('',#59660,1.4142135623731);
#59680=LINE('',#59650,#59670);
#59690=CARTESIAN_POINT('',(3.59852181902436E-16,8.64,-2.94));
#59700=VERTEX_POINT('',#59690);
#59710=EDGE_CURVE('',#59380,#59700,#59680,.T.);
#59720=ORIENTED_EDGE('',*,*,#59710,.F.);
#59730=CARTESIAN_POINT('',(-1.93977046885428E-19,8.64,
5.42976580892665E-20));
#59740=DIRECTION('',(0.,1.,0.));
#59750=DIRECTION('',(-1.51050751649681E-16,0.,1.));
#59760=AXIS2_PLACEMENT_3D('',#59730,#59740,#59750);
#59770=CIRCLE('',#59760,2.94);
#59780=EDGE_CURVE('',#59700,#59610,#59770,.T.);
#59790=ORIENTED_EDGE('',*,*,#59780,.F.);
#59800=EDGE_LOOP('',(#59790,#59720,#59640,#59630));
#59810=FACE_OUTER_BOUND('',#59800,.T.);
#59820=ADVANCED_FACE('',(#59810),#59550,.T.);
#59830=CARTESIAN_POINT('',(2.94,8.64,5.42976580892665E-20));
#59840=DIRECTION('',(0.,-1.,0.));
#59850=DIRECTION('',(0.,0.,-1.));
#59860=AXIS2_PLACEMENT_3D('',#59830,#59840,#59850);
#59870=PLANE('',#59860);
#59880=CARTESIAN_POINT('',(-1.93977046885428E-19,8.64,
5.42976580892665E-20));
#59890=DIRECTION('',(0.,-1.,-0.));
#59900=DIRECTION('',(1.32563943238825E-16,0.,-1.));
#59910=AXIS2_PLACEMENT_3D('',#59880,#59890,#59900);
#59920=CIRCLE('',#59910,3.35);
#59930=CARTESIAN_POINT('',(4.10062700667478E-16,8.64,-3.35));
#59940=VERTEX_POINT('',#59930);
#59950=CARTESIAN_POINT('',(-1.93977046885428E-19,8.64,3.35));
#59960=VERTEX_POINT('',#59950);
#59970=EDGE_CURVE('',#59940,#59960,#59920,.T.);
#59980=ORIENTED_EDGE('',*,*,#59970,.T.);
#59990=EDGE_CURVE('',#59960,#59940,#59920,.T.);
#60000=ORIENTED_EDGE('',*,*,#59990,.T.);
#60010=EDGE_LOOP('',(#60000,#59980));
#60020=FACE_OUTER_BOUND('',#60010,.T.);
#60030=EDGE_CURVE('',#59610,#59700,#59770,.T.);
#60040=ORIENTED_EDGE('',*,*,#60030,.T.);
#60050=ORIENTED_EDGE('',*,*,#59780,.T.);
#60060=EDGE_LOOP('',(#60050,#60040));
#60070=FACE_BOUND('',#60060,.T.);
#60080=ADVANCED_FACE('',(#60020,#60070),#59870,.T.);
#60090=CARTESIAN_POINT('',(-1.93977046885428E-19,10.3035546458898,
5.42976580892665E-20));
#60100=DIRECTION('',(0.,1.,0.));
#60110=DIRECTION('',(0.,0.,1.));
#60120=AXIS2_PLACEMENT_3D('',#60090,#60100,#60110);
#60130=CYLINDRICAL_SURFACE('',#60120,3.35);
#60140=CARTESIAN_POINT('',(-1.93977046885428E-19,10.3035546458898,3.35))
;
#60150=DIRECTION('',(0.,1.,0.));
#60160=VECTOR('',#60150,1.);
#60170=LINE('',#60140,#60160);
#60180=CARTESIAN_POINT('',(-1.93977046885428E-19,8.99,3.35));
#60190=VERTEX_POINT('',#60180);
#60200=EDGE_CURVE('',#59960,#60190,#60170,.T.);
#60210=ORIENTED_EDGE('',*,*,#60200,.T.);
#60220=ORIENTED_EDGE('',*,*,#59990,.F.);
#60230=CARTESIAN_POINT('',(4.10062700667478E-16,10.3035546458898,-3.35))
;
#60240=DIRECTION('',(0.,1.,0.));
#60250=VECTOR('',#60240,1.);
#60260=LINE('',#60230,#60250);
#60270=CARTESIAN_POINT('',(-1.93977046885428E-19,8.99,-3.35));
#60280=VERTEX_POINT('',#60270);
#60290=EDGE_CURVE('',#59940,#60280,#60260,.T.);
#60300=ORIENTED_EDGE('',*,*,#60290,.F.);
#60310=CARTESIAN_POINT('',(-1.93977046885428E-19,8.99,
5.42976580892665E-20));
#60320=DIRECTION('',(0.,1.,0.));
#60330=DIRECTION('',(0.,0.,1.));
#60340=AXIS2_PLACEMENT_3D('',#60310,#60320,#60330);
#60350=CIRCLE('',#60340,3.35);
#60360=EDGE_CURVE('',#60280,#60190,#60350,.T.);
#60370=ORIENTED_EDGE('',*,*,#60360,.F.);
#60380=EDGE_LOOP('',(#60370,#60300,#60220,#60210));
#60390=FACE_OUTER_BOUND('',#60380,.T.);
#60400=ADVANCED_FACE('',(#60390),#60130,.T.);
#60410=CARTESIAN_POINT('',(-1.93977046885428E-19,8.99,
5.42976580892665E-20));
#60420=DIRECTION('',(0.,-1.,0.));
#60430=DIRECTION('',(0.,0.,-1.));
#60440=AXIS2_PLACEMENT_3D('',#60410,#60420,#60430);
#60450=TOROIDAL_SURFACE('',#60440,3.25,0.1);
#60460=CARTESIAN_POINT('',(-1.93977046885428E-19,8.99,-3.25));
#60470=DIRECTION('',(1.,0.,0.));
#60480=DIRECTION('',(0.,0.,-1.));
#60490=AXIS2_PLACEMENT_3D('',#60460,#60470,#60480);
#60500=CIRCLE('',#60490,0.1);
#60510=CARTESIAN_POINT('',(-1.93977046885428E-19,9.09,-3.25));
#60520=VERTEX_POINT('',#60510);
#60530=EDGE_CURVE('',#60280,#60520,#60500,.T.);
#60540=ORIENTED_EDGE('',*,*,#60530,.F.);
#60550=CARTESIAN_POINT('',(-1.93977046885428E-19,9.09,
5.42976580892665E-20));
#60560=DIRECTION('',(0.,1.,0.));
#60570=DIRECTION('',(1.22597197572568E-16,0.,-1.));
#60580=AXIS2_PLACEMENT_3D('',#60550,#60560,#60570);
#60590=CIRCLE('',#60580,3.25);
#60600=CARTESIAN_POINT('',(-1.93977046885428E-19,9.09,3.25));
#60610=VERTEX_POINT('',#60600);
#60620=EDGE_CURVE('',#60520,#60610,#60590,.T.);
#60630=ORIENTED_EDGE('',*,*,#60620,.F.);
#60640=CARTESIAN_POINT('',(-1.93977046885428E-19,8.99,3.25));
#60650=DIRECTION('',(-1.,0.,0.));
#60660=DIRECTION('',(0.,0.,1.));
#60670=AXIS2_PLACEMENT_3D('',#60640,#60650,#60660);
#60680=CIRCLE('',#60670,0.1);
#60690=EDGE_CURVE('',#60190,#60610,#60680,.T.);
#60700=ORIENTED_EDGE('',*,*,#60690,.T.);
#60710=ORIENTED_EDGE('',*,*,#60360,.T.);
#60720=EDGE_LOOP('',(#60710,#60700,#60630,#60540));
#60730=FACE_OUTER_BOUND('',#60720,.T.);
#60740=ADVANCED_FACE('',(#60730),#60450,.T.);
#60750=CARTESIAN_POINT('',(-1.93977046885428E-19,9.09,
5.42976580892665E-20));
#60760=DIRECTION('',(0.,-1.,0.));
#60770=DIRECTION('',(0.,0.,-1.));
#60780=AXIS2_PLACEMENT_3D('',#60750,#60760,#60770);
#60790=PLANE('',#60780);
#60800=ORIENTED_EDGE('',*,*,#60620,.T.);
#60810=EDGE_CURVE('',#60610,#60520,#60590,.T.);
#60820=ORIENTED_EDGE('',*,*,#60810,.T.);
#60830=EDGE_LOOP('',(#60820,#60800));
#60840=FACE_OUTER_BOUND('',#60830,.T.);
#60850=ADVANCED_FACE('',(#60840),#60790,.F.);
#60860=CARTESIAN_POINT('',(4.18628100978269,9.09,-1.65077294233121));
#60870=DIRECTION('',(-0.983595897964901,-0.,-0.180386001415352));
#60880=DIRECTION('',(0.,-1.,0.));
#60890=AXIS2_PLACEMENT_3D('',#60860,#60870,#60880);
#60900=PLANE('',#60890);
#60910=ORIENTED_EDGE('',*,*,#57080,.F.);
#60920=ORIENTED_EDGE('',*,*,#57490,.F.);
#60930=ORIENTED_EDGE('',*,*,#42770,.F.);
#60940=ORIENTED_EDGE('',*,*,#56420,.F.);
#60950=EDGE_LOOP('',(#60940,#60930,#60920,#60910));
#60960=FACE_OUTER_BOUND('',#60950,.T.);
#60970=ADVANCED_FACE('',(#60960),#60900,.F.);
#60980=CARTESIAN_POINT('',(4.95,7.39,-0.925));
#60990=DIRECTION('',(4.79561875989165E-16,0.,1.));
#61000=DIRECTION('',(1.,0.,-4.79561875989165E-16));
#61010=AXIS2_PLACEMENT_3D('',#60980,#60990,#61000);
#61020=PLANE('',#61010);
#61030=CARTESIAN_POINT('',(5.06,4.9,-0.925));
#61040=DIRECTION('',(-0.764911198117053,-0.644135745782777,
2.23479479985042E-16));
#61050=VECTOR('',#61040,1.);
#61060=LINE('',#61030,#61050);
#61070=CARTESIAN_POINT('',(5.06,4.9,-0.925));
#61080=VERTEX_POINT('',#61070);
#61090=EDGE_CURVE('',#61080,#53190,#61060,.T.);
#61100=ORIENTED_EDGE('',*,*,#61090,.T.);
#61110=CARTESIAN_POINT('',(5.06,4.9,-0.925));
#61120=DIRECTION('',(0.,1.,0.));
#61130=VECTOR('',#61120,1.);
#61140=LINE('',#61110,#61130);
#61150=CARTESIAN_POINT('',(5.06,5.08,-0.925));
#61160=VERTEX_POINT('',#61150);
#61170=EDGE_CURVE('',#61080,#61160,#61140,.T.);
#61180=ORIENTED_EDGE('',*,*,#61170,.F.);
#61190=CARTESIAN_POINT('',(4.96,5.08,-0.925));
#61200=DIRECTION('',(-0.,0.,-1.));
#61210=DIRECTION('',(-2.66453525910037E-14,1.,0.));
#61220=AXIS2_PLACEMENT_3D('',#61190,#61200,#61210);
#61230=CIRCLE('',#61220,0.1);
#61240=EDGE_CURVE('',#53000,#61160,#61230,.T.);
#61250=ORIENTED_EDGE('',*,*,#61240,.T.);
#61260=ORIENTED_EDGE('',*,*,#53260,.T.);
#61270=EDGE_LOOP('',(#61260,#61250,#61180,#61100));
#61280=FACE_OUTER_BOUND('',#61270,.T.);
#61290=ADVANCED_FACE('',(#61280),#61020,.F.);
#61300=CARTESIAN_POINT('',(5.06,4.9,0.925));
#61310=DIRECTION('',(0.644135745782777,-0.764911198117053,0.));
#61320=DIRECTION('',(0.,0.,1.));
#61330=AXIS2_PLACEMENT_3D('',#61300,#61310,#61320);
#61340=PLANE('',#61330);
#61350=CARTESIAN_POINT('',(5.06,4.9,-0.925));
#61360=DIRECTION('',(0.,0.,1.));
#61370=VECTOR('',#61360,1.);
#61380=LINE('',#61350,#61370);
#61390=EDGE_CURVE('',#61080,#53100,#61380,.T.);
#61400=ORIENTED_EDGE('',*,*,#61390,.T.);
#61410=ORIENTED_EDGE('',*,*,#61090,.F.);
#61420=ORIENTED_EDGE('',*,*,#53200,.F.);
#61430=EDGE_LOOP('',(#61420,#61410,#61400));
#61440=FACE_OUTER_BOUND('',#61430,.T.);
#61450=ADVANCED_FACE('',(#61440),#61340,.T.);
#61460=CARTESIAN_POINT('',(5.06,7.39,0.925));
#61470=DIRECTION('',(-1.,0.,0.));
#61480=DIRECTION('',(0.,0.,1.));
#61490=AXIS2_PLACEMENT_3D('',#61460,#61470,#61480);
#61500=PLANE('',#61490);
#61510=ORIENTED_EDGE('',*,*,#61390,.F.);
#61520=ORIENTED_EDGE('',*,*,#53110,.F.);
#61530=CARTESIAN_POINT('',(5.06,5.08,0.925));
#61540=DIRECTION('',(0.,0.,-1.));
#61550=VECTOR('',#61540,1.);
#61560=LINE('',#61530,#61550);
#61570=EDGE_CURVE('',#53020,#61160,#61560,.T.);
#61580=ORIENTED_EDGE('',*,*,#61570,.F.);
#61590=ORIENTED_EDGE('',*,*,#61170,.T.);
#61600=EDGE_LOOP('',(#61590,#61580,#61520,#61510));
#61610=FACE_OUTER_BOUND('',#61600,.T.);
#61620=ADVANCED_FACE('',(#61610),#61500,.F.);
#61630=ORIENTED_EDGE('',*,*,#61570,.T.);
#61640=ORIENTED_EDGE('',*,*,#53030,.T.);
#61650=ORIENTED_EDGE('',*,*,#61240,.F.);
#61660=EDGE_LOOP('',(#61650,#61640,#61630));
#61670=FACE_OUTER_BOUND('',#61660,.T.);
#61680=ADVANCED_FACE('',(#61670),#52740,.T.);
#61690=CARTESIAN_POINT('',(5.06,4.9,0.925));
#61700=VERTEX_POINT('',#61690);
#61710=EDGE_CURVE('',#53690,#61700,#61380,.T.);
#61720=ORIENTED_EDGE('',*,*,#61710,.T.);
#61730=ORIENTED_EDGE('',*,*,#53700,.F.);
#61740=CARTESIAN_POINT('',(4.68,4.58,0.925));
#61750=DIRECTION('',(0.764911198117053,0.644135745782777,
-2.23479479985042E-16));
#61760=VECTOR('',#61750,1.);
#61770=LINE('',#61740,#61760);
#61780=EDGE_CURVE('',#53650,#61700,#61770,.T.);
#61790=ORIENTED_EDGE('',*,*,#61780,.F.);
#61800=EDGE_LOOP('',(#61790,#61730,#61720));
#61810=FACE_OUTER_BOUND('',#61800,.T.);
#61820=ADVANCED_FACE('',(#61810),#61340,.T.);
#61830=ORIENTED_EDGE('',*,*,#61710,.F.);
#61840=CARTESIAN_POINT('',(5.06,4.9,0.925));
#61850=DIRECTION('',(0.,1.,0.));
#61860=VECTOR('',#61850,1.);
#61870=LINE('',#61840,#61860);
#61880=CARTESIAN_POINT('',(5.06,5.08,0.925));
#61890=VERTEX_POINT('',#61880);
#61900=EDGE_CURVE('',#61700,#61890,#61870,.T.);
#61910=ORIENTED_EDGE('',*,*,#61900,.F.);
#61920=EDGE_CURVE('',#61890,#53550,#61560,.T.);
#61930=ORIENTED_EDGE('',*,*,#61920,.F.);
#61940=ORIENTED_EDGE('',*,*,#53760,.T.);
#61950=EDGE_LOOP('',(#61940,#61930,#61910,#61830));
#61960=FACE_OUTER_BOUND('',#61950,.T.);
#61970=ADVANCED_FACE('',(#61960),#61500,.F.);
#61980=CARTESIAN_POINT('',(4.95,7.39,0.925));
#61990=DIRECTION('',(-4.79561875989164E-16,0.,-1.));
#62000=DIRECTION('',(-1.,0.,4.79561875989164E-16));
#62010=AXIS2_PLACEMENT_3D('',#61980,#61990,#62000);
#62020=PLANE('',#62010);
#62030=CARTESIAN_POINT('',(4.96,5.08,0.925));
#62040=DIRECTION('',(0.,0.,1.));
#62050=DIRECTION('',(1.,0.,0.));
#62060=AXIS2_PLACEMENT_3D('',#62030,#62040,#62050);
#62070=CIRCLE('',#62060,0.1);
#62080=EDGE_CURVE('',#61890,#53570,#62070,.T.);
#62090=ORIENTED_EDGE('',*,*,#62080,.T.);
#62100=ORIENTED_EDGE('',*,*,#61900,.T.);
#62110=ORIENTED_EDGE('',*,*,#61780,.T.);
#62120=ORIENTED_EDGE('',*,*,#53660,.F.);
#62130=EDGE_LOOP('',(#62120,#62110,#62100,#62090));
#62140=FACE_OUTER_BOUND('',#62130,.T.);
#62150=ADVANCED_FACE('',(#62140),#62020,.F.);
#62160=ORIENTED_EDGE('',*,*,#61920,.T.);
#62170=ORIENTED_EDGE('',*,*,#62080,.F.);
#62180=ORIENTED_EDGE('',*,*,#53580,.T.);
#62190=EDGE_LOOP('',(#62180,#62170,#62160));
#62200=FACE_OUTER_BOUND('',#62190,.T.);
#62210=ADVANCED_FACE('',(#62200),#52740,.T.);
#62220=CARTESIAN_POINT('',(-4.95,7.39,0.925));
#62230=DIRECTION('',(-4.79561875989164E-16,0.,1.));
#62240=DIRECTION('',(1.,0.,4.79561875989164E-16));
#62250=AXIS2_PLACEMENT_3D('',#62220,#62230,#62240);
#62260=PLANE('',#62250);
#62270=CARTESIAN_POINT('',(-5.06,4.9,0.925));
#62280=DIRECTION('',(0.764911198117054,-0.644135745782776,
2.23479479985043E-16));
#62290=VECTOR('',#62280,1.);
#62300=LINE('',#62270,#62290);
#62310=CARTESIAN_POINT('',(-5.06,4.9,0.925));
#62320=VERTEX_POINT('',#62310);
#62330=EDGE_CURVE('',#62320,#11490,#62300,.T.);
#62340=ORIENTED_EDGE('',*,*,#62330,.T.);
#62350=CARTESIAN_POINT('',(-5.06,4.9,0.925));
#62360=DIRECTION('',(0.,1.,0.));
#62370=VECTOR('',#62360,1.);
#62380=LINE('',#62350,#62370);
#62390=CARTESIAN_POINT('',(-5.06,5.08,0.925));
#62400=VERTEX_POINT('',#62390);
#62410=EDGE_CURVE('',#62320,#62400,#62380,.T.);
#62420=ORIENTED_EDGE('',*,*,#62410,.F.);
#62430=CARTESIAN_POINT('',(-4.96,5.08,0.925));
#62440=DIRECTION('',(0.,-0.,1.));
#62450=DIRECTION('',(2.66453525910037E-14,1.,0.));
#62460=AXIS2_PLACEMENT_3D('',#62430,#62440,#62450);
#62470=CIRCLE('',#62460,0.1);
#62480=EDGE_CURVE('',#11510,#62400,#62470,.T.);
#62490=ORIENTED_EDGE('',*,*,#62480,.T.);
#62500=ORIENTED_EDGE('',*,*,#11520,.T.);
#62510=EDGE_LOOP('',(#62500,#62490,#62420,#62340));
#62520=FACE_OUTER_BOUND('',#62510,.T.);
#62530=ADVANCED_FACE('',(#62520),#62260,.T.);
#62540=ORIENTED_EDGE('',*,*,#62480,.F.);
#62550=CARTESIAN_POINT('',(-5.06,5.08,-0.925));
#62560=DIRECTION('',(0.,0.,1.));
#62570=VECTOR('',#62560,1.);
#62580=LINE('',#62550,#62570);
#62590=EDGE_CURVE('',#11840,#62400,#62580,.T.);
#62600=ORIENTED_EDGE('',*,*,#62590,.T.);
#62610=ORIENTED_EDGE('',*,*,#11850,.T.);
#62620=EDGE_LOOP('',(#62610,#62600,#62540));
#62630=FACE_OUTER_BOUND('',#62620,.T.);
#62640=ADVANCED_FACE('',(#62630),#11580,.T.);
#62650=CARTESIAN_POINT('',(-5.06,7.39,0.925));
#62660=DIRECTION('',(-1.,0.,0.));
#62670=DIRECTION('',(0.,0.,1.));
#62680=AXIS2_PLACEMENT_3D('',#62650,#62660,#62670);
#62690=PLANE('',#62680);
#62700=CARTESIAN_POINT('',(-5.06,4.9,0.925));
#62710=DIRECTION('',(0.,0.,-1.));
#62720=VECTOR('',#62710,1.);
#62730=LINE('',#62700,#62720);
#62740=EDGE_CURVE('',#62320,#11920,#62730,.T.);
#62750=ORIENTED_EDGE('',*,*,#62740,.F.);
#62760=ORIENTED_EDGE('',*,*,#11930,.F.);
#62770=ORIENTED_EDGE('',*,*,#62590,.F.);
#62780=ORIENTED_EDGE('',*,*,#62410,.T.);
#62790=EDGE_LOOP('',(#62780,#62770,#62760,#62750));
#62800=FACE_OUTER_BOUND('',#62790,.T.);
#62810=ADVANCED_FACE('',(#62800),#62690,.T.);
#62820=CARTESIAN_POINT('',(-4.68,4.58,5.42976580892665E-20));
#62830=DIRECTION('',(0.644135745782777,0.764911198117053,0.));
#62840=DIRECTION('',(0.,0.,-1.));
#62850=AXIS2_PLACEMENT_3D('',#62820,#62830,#62840);
#62860=PLANE('',#62850);
#62870=ORIENTED_EDGE('',*,*,#62740,.T.);
#62880=ORIENTED_EDGE('',*,*,#62330,.F.);
#62890=ORIENTED_EDGE('',*,*,#12000,.T.);
#62900=EDGE_LOOP('',(#62890,#62880,#62870));
#62910=FACE_OUTER_BOUND('',#62900,.T.);
#62920=ADVANCED_FACE('',(#62910),#62860,.F.);
#62930=CARTESIAN_POINT('',(-4.95,7.39,-0.925));
#62940=DIRECTION('',(4.79561875989165E-16,0.,-1.));
#62950=DIRECTION('',(-1.,0.,-4.79561875989165E-16));
#62960=AXIS2_PLACEMENT_3D('',#62930,#62940,#62950);
#62970=PLANE('',#62960);
#62980=CARTESIAN_POINT('',(-4.96,5.08,-0.925));
#62990=DIRECTION('',(0.,0.,-1.));
#63000=DIRECTION('',(-1.,0.,0.));
#63010=AXIS2_PLACEMENT_3D('',#62980,#62990,#63000);
#63020=CIRCLE('',#63010,0.1);
#63030=CARTESIAN_POINT('',(-5.06,5.08,-0.925));
#63040=VERTEX_POINT('',#63030);
#63050=EDGE_CURVE('',#63040,#12310,#63020,.T.);
#63060=ORIENTED_EDGE('',*,*,#63050,.T.);
#63070=CARTESIAN_POINT('',(-5.06,4.9,-0.925));
#63080=DIRECTION('',(0.,1.,0.));
#63090=VECTOR('',#63080,1.);
#63100=LINE('',#63070,#63090);
#63110=CARTESIAN_POINT('',(-5.06,4.9,-0.925));
#63120=VERTEX_POINT('',#63110);
#63130=EDGE_CURVE('',#63120,#63040,#63100,.T.);
#63140=ORIENTED_EDGE('',*,*,#63130,.T.);
#63150=CARTESIAN_POINT('',(-4.68,4.58,-0.925));
#63160=DIRECTION('',(-0.764911198117054,0.644135745782776,
-2.23479479985043E-16));
#63170=VECTOR('',#63160,1.);
#63180=LINE('',#63150,#63170);
#63190=EDGE_CURVE('',#12390,#63120,#63180,.T.);
#63200=ORIENTED_EDGE('',*,*,#63190,.T.);
#63210=ORIENTED_EDGE('',*,*,#12400,.F.);
#63220=EDGE_LOOP('',(#63210,#63200,#63140,#63060));
#63230=FACE_OUTER_BOUND('',#63220,.T.);
#63240=ADVANCED_FACE('',(#63230),#62970,.T.);
#63250=EDGE_CURVE('',#63040,#12290,#62580,.T.);
#63260=ORIENTED_EDGE('',*,*,#63250,.T.);
#63270=ORIENTED_EDGE('',*,*,#63050,.F.);
#63280=ORIENTED_EDGE('',*,*,#12320,.T.);
#63290=EDGE_LOOP('',(#63280,#63270,#63260));
#63300=FACE_OUTER_BOUND('',#63290,.T.);
#63310=ADVANCED_FACE('',(#63300),#11580,.T.);
#63320=ORIENTED_EDGE('',*,*,#63190,.F.);
#63330=EDGE_CURVE('',#12430,#63120,#62730,.T.);
#63340=ORIENTED_EDGE('',*,*,#63330,.T.);
#63350=ORIENTED_EDGE('',*,*,#12440,.T.);
#63360=EDGE_LOOP('',(#63350,#63340,#63320));
#63370=FACE_OUTER_BOUND('',#63360,.T.);
#63380=ADVANCED_FACE('',(#63370),#62860,.F.);
#63390=ORIENTED_EDGE('',*,*,#63330,.F.);
#63400=ORIENTED_EDGE('',*,*,#63130,.F.);
#63410=ORIENTED_EDGE('',*,*,#63250,.F.);
#63420=ORIENTED_EDGE('',*,*,#12500,.T.);
#63430=EDGE_LOOP('',(#63420,#63410,#63400,#63390));
#63440=FACE_OUTER_BOUND('',#63430,.T.);
#63450=ADVANCED_FACE('',(#63440),#62690,.T.);
#63460=CARTESIAN_POINT('',(0.,19.9068722891566,0.));
#63470=DIRECTION('',(0.,1.,0.));
#63480=DIRECTION('',(0.,0.,1.));
#63490=AXIS2_PLACEMENT_3D('',#63460,#63470,#63480);
#63500=CYLINDRICAL_SURFACE('',#63490,5.295);
#63510=ORIENTED_EDGE('',*,*,#20780,.F.);
#63520=ORIENTED_EDGE('',*,*,#17160,.F.);
#63530=ORIENTED_EDGE('',*,*,#20930,.T.);
#63540=ORIENTED_EDGE('',*,*,#31590,.F.);
#63550=EDGE_LOOP('',(#63540,#63530,#63520,#63510));
#63560=FACE_OUTER_BOUND('',#63550,.T.);
#63570=ADVANCED_FACE('',(#63560),#63500,.T.);
#63580=CARTESIAN_POINT('',(-1.93977046885428E-19,10.3035546458898,
5.42976580892665E-20));
#63590=DIRECTION('',(0.,1.,0.));
#63600=DIRECTION('',(0.,0.,1.));
#63610=AXIS2_PLACEMENT_3D('',#63580,#63590,#63600);
#63620=CYLINDRICAL_SURFACE('',#63610,3.35);
#63630=EDGE_CURVE('',#60190,#60280,#60350,.T.);
#63640=ORIENTED_EDGE('',*,*,#63630,.F.);
#63650=ORIENTED_EDGE('',*,*,#60290,.T.);
#63660=ORIENTED_EDGE('',*,*,#59970,.F.);
#63670=ORIENTED_EDGE('',*,*,#60200,.F.);
#63680=EDGE_LOOP('',(#63670,#63660,#63650,#63640));
#63690=FACE_OUTER_BOUND('',#63680,.T.);
#63700=ADVANCED_FACE('',(#63690),#63620,.T.);
#63710=CARTESIAN_POINT('',(-1.93977046885428E-19,9.99999999999997,
5.42976580892665E-20));
#63720=DIRECTION('',(0.,-1.,0.));
#63730=DIRECTION('',(0.,0.,-1.));
#63740=AXIS2_PLACEMENT_3D('',#63710,#63720,#63730);
#63750=CONICAL_SURFACE('',#63740,1.00000000000001,0.785398163397453);
#63760=ORIENTED_EDGE('',*,*,#59300,.T.);
#63770=EDGE_CURVE('',#59380,#59290,#59450,.T.);
#63780=ORIENTED_EDGE('',*,*,#63770,.T.);
#63790=ORIENTED_EDGE('',*,*,#59390,.F.);
#63800=ORIENTED_EDGE('',*,*,#59140,.F.);
#63810=EDGE_LOOP('',(#63800,#63790,#63780,#63760));
#63820=FACE_OUTER_BOUND('',#63810,.T.);
#63830=ADVANCED_FACE('',(#63820),#63750,.T.);
#63840=CARTESIAN_POINT('',(-1.93977046885428E-19,6.70000000000002,
5.42976580892665E-20));
#63850=DIRECTION('',(0.,1.,0.));
#63860=DIRECTION('',(0.,0.,1.));
#63870=AXIS2_PLACEMENT_3D('',#63840,#63850,#63860);
#63880=CONICAL_SURFACE('',#63870,1.00000000000001,0.785398163397453);
#63890=ORIENTED_EDGE('',*,*,#60030,.F.);
#63900=ORIENTED_EDGE('',*,*,#59710,.T.);
#63910=ORIENTED_EDGE('',*,*,#63770,.F.);
#63920=ORIENTED_EDGE('',*,*,#59620,.F.);
#63930=EDGE_LOOP('',(#63920,#63910,#63900,#63890));
#63940=FACE_OUTER_BOUND('',#63930,.T.);
#63950=ADVANCED_FACE('',(#63940),#63880,.T.);
#63960=CARTESIAN_POINT('',(0.,-1.74999999999999,0.));
#63970=DIRECTION('',(0.,1.,0.));
#63980=DIRECTION('',(0.,0.,1.));
#63990=AXIS2_PLACEMENT_3D('',#63960,#63970,#63980);
#64000=CONICAL_SURFACE('',#63990,1.,0.78539816339745);
#64010=EDGE_CURVE('',#21120,#21290,#21360,.T.);
#64020=ORIENTED_EDGE('',*,*,#64010,.F.);
#64030=ORIENTED_EDGE('',*,*,#21300,.T.);
#64040=EDGE_CURVE('',#21100,#21210,#21190,.T.);
#64050=ORIENTED_EDGE('',*,*,#64040,.T.);
#64060=ORIENTED_EDGE('',*,*,#21130,.F.);
#64070=EDGE_LOOP('',(#64060,#64050,#64030,#64020));
#64080=FACE_OUTER_BOUND('',#64070,.T.);
#64090=ADVANCED_FACE('',(#64080),#64000,.T.);
#64100=CARTESIAN_POINT('',(2.3,2.34705627484771,-1.75000000000001));
#64110=DIRECTION('',(0.,-1.,0.));
#64120=DIRECTION('',(0.,0.,-1.));
#64130=AXIS2_PLACEMENT_3D('',#64100,#64110,#64120);
#64140=CYLINDRICAL_SURFACE('',#64130,0.5);
#64150=ORIENTED_EDGE('',*,*,#51160,.T.);
#64160=ORIENTED_EDGE('',*,*,#48670,.F.);
#64170=ORIENTED_EDGE('',*,*,#51230,.F.);
#64180=ORIENTED_EDGE('',*,*,#2080,.F.);
#64190=EDGE_LOOP('',(#64180,#64170,#64160,#64150));
#64200=FACE_OUTER_BOUND('',#64190,.T.);
#64210=ADVANCED_FACE('',(#64200),#64140,.F.);
#64220=CARTESIAN_POINT('',(-2.3,0.649999999999999,2.34999999999995));
#64230=DIRECTION('',(-1.92592994438725E-34,1.,2.94648481515741E-20));
#64240=DIRECTION('',(1.,1.92592994438725E-34,0.));
#64250=AXIS2_PLACEMENT_3D('',#64220,#64230,#64240);
#64260=CYLINDRICAL_SURFACE('',#64250,0.278867513459471);
#64270=ORIENTED_EDGE('',*,*,#34760,.F.);
#64280=ORIENTED_EDGE('',*,*,#48230,.T.);
#64290=ORIENTED_EDGE('',*,*,#34850,.T.);
#64300=ORIENTED_EDGE('',*,*,#20380,.F.);
#64310=EDGE_LOOP('',(#64300,#64290,#64280,#64270));
#64320=FACE_OUTER_BOUND('',#64310,.T.);
#64330=ADVANCED_FACE('',(#64320),#64260,.F.);
#64340=CARTESIAN_POINT('',(0.,-1.4,0.));
#64350=DIRECTION('',(0.,1.,0.));
#64360=DIRECTION('',(0.,0.,1.));
#64370=AXIS2_PLACEMENT_3D('',#64340,#64350,#64360);
#64380=CYLINDRICAL_SURFACE('',#64370,0.98);
#64390=ORIENTED_EDGE('',*,*,#33620,.T.);
#64400=ORIENTED_EDGE('',*,*,#18870,.F.);
#64410=ORIENTED_EDGE('',*,*,#33770,.F.);
#64420=ORIENTED_EDGE('',*,*,#40270,.F.);
#64430=EDGE_LOOP('',(#64420,#64410,#64400,#64390));
#64440=FACE_OUTER_BOUND('',#64430,.T.);
#64450=ADVANCED_FACE('',(#64440),#64380,.F.);
#64460=CARTESIAN_POINT('',(0.,5.55000000000001,0.));
#64470=DIRECTION('',(0.,-1.,0.));
#64480=DIRECTION('',(0.,0.,-1.));
#64490=AXIS2_PLACEMENT_3D('',#64460,#64470,#64480);
#64500=CONICAL_SURFACE('',#64490,1.,0.785398163397447);
#64510=ORIENTED_EDGE('',*,*,#28170,.T.);
#64520=ORIENTED_EDGE('',*,*,#33370,.F.);
#64530=ORIENTED_EDGE('',*,*,#28580,.F.);
#64540=ORIENTED_EDGE('',*,*,#33450,.T.);
#64550=EDGE_LOOP('',(#64540,#64530,#64520,#64510));
#64560=FACE_OUTER_BOUND('',#64550,.T.);
#64570=ADVANCED_FACE('',(#64560),#64500,.T.);
#64580=CARTESIAN_POINT('',(-2.3,2.34705627484771,2.35000000000001));
#64590=DIRECTION('',(0.,-1.,0.));
#64600=DIRECTION('',(0.,0.,-1.));
#64610=AXIS2_PLACEMENT_3D('',#64580,#64590,#64600);
#64620=CYLINDRICAL_SURFACE('',#64610,0.6);
#64630=ORIENTED_EDGE('',*,*,#26680,.T.);
#64640=ORIENTED_EDGE('',*,*,#20210,.F.);
#64650=ORIENTED_EDGE('',*,*,#26750,.F.);
#64660=ORIENTED_EDGE('',*,*,#1780,.F.);
#64670=EDGE_LOOP('',(#64660,#64650,#64640,#64630));
#64680=FACE_OUTER_BOUND('',#64670,.T.);
#64690=ADVANCED_FACE('',(#64680),#64620,.F.);
#64700=CARTESIAN_POINT('',(0.,-1.7117691453624,0.));
#64710=DIRECTION('',(0.,1.,0.));
#64720=DIRECTION('',(0.,0.,1.));
#64730=AXIS2_PLACEMENT_3D('',#64700,#64710,#64720);
#64740=CONICAL_SURFACE('',#64730,1.,0.523598775598293);
#64750=ORIENTED_EDGE('',*,*,#34290,.F.);
#64760=ORIENTED_EDGE('',*,*,#18530,.F.);
#64770=ORIENTED_EDGE('',*,*,#54280,.F.);
#64780=ORIENTED_EDGE('',*,*,#54190,.F.);
#64790=ORIENTED_EDGE('',*,*,#53980,.F.);
#64800=ORIENTED_EDGE('',*,*,#23640,.F.);
#64810=ORIENTED_EDGE('',*,*,#32460,.F.);
#64820=ORIENTED_EDGE('',*,*,#39020,.T.);
#64830=ORIENTED_EDGE('',*,*,#18720,.F.);
#64840=ORIENTED_EDGE('',*,*,#38950,.F.);
#64850=EDGE_LOOP('',(#64840,#64830,#64820,#64810,#64800,#64790,#64780,
#64770,#64760,#64750));
#64860=FACE_OUTER_BOUND('',#64850,.T.);
#64870=ADVANCED_FACE('',(#64860),#64740,.T.);
#64880=CARTESIAN_POINT('',(4.5,-1.25,0.));
#64890=DIRECTION('',(0.,1.,0.));
#64900=DIRECTION('',(0.,0.,1.));
#64910=AXIS2_PLACEMENT_3D('',#64880,#64890,#64900);
#64920=CYLINDRICAL_SURFACE('',#64910,0.55);
#64930=EDGE_CURVE('',#12860,#12680,#12930,.T.);
#64940=ORIENTED_EDGE('',*,*,#64930,.F.);
#64950=ORIENTED_EDGE('',*,*,#39240,.F.);
#64960=ORIENTED_EDGE('',*,*,#9100,.F.);
#64970=ORIENTED_EDGE('',*,*,#39170,.T.);
#64980=EDGE_LOOP('',(#64970,#64960,#64950,#64940));
#64990=FACE_OUTER_BOUND('',#64980,.T.);
#65000=ADVANCED_FACE('',(#64990),#64920,.T.);
#65010=CARTESIAN_POINT('',(2.3,2.34705627484771,0.849999999999991));
#65020=DIRECTION('',(0.,-1.,0.));
#65030=DIRECTION('',(0.,0.,-1.));
#65040=AXIS2_PLACEMENT_3D('',#65010,#65020,#65030);
#65050=CYLINDRICAL_SURFACE('',#65040,0.6);
#65060=ORIENTED_EDGE('',*,*,#40460,.F.);
#65070=ORIENTED_EDGE('',*,*,#50340,.F.);
#65080=ORIENTED_EDGE('',*,*,#1910,.F.);
#65090=ORIENTED_EDGE('',*,*,#50410,.T.);
#65100=EDGE_LOOP('',(#65090,#65080,#65070,#65060));
#65110=FACE_OUTER_BOUND('',#65100,.T.);
#65120=ADVANCED_FACE('',(#65110),#65050,.F.);
#65130=CARTESIAN_POINT('',(-1.93977046885428E-19,9.09,
5.42976580892665E-20));
#65140=DIRECTION('',(0.,-1.,0.));
#65150=DIRECTION('',(0.,0.,-1.));
#65160=AXIS2_PLACEMENT_3D('',#65130,#65140,#65150);
#65170=CYLINDRICAL_SURFACE('',#65160,4.45);
#65180=EDGE_CURVE('',#56760,#56670,#56740,.T.);
#65190=ORIENTED_EDGE('',*,*,#65180,.F.);
#65200=ORIENTED_EDGE('',*,*,#56680,.F.);
#65210=ORIENTED_EDGE('',*,*,#58200,.F.);
#65220=ORIENTED_EDGE('',*,*,#58540,.T.);
#65230=ORIENTED_EDGE('',*,*,#42400,.F.);
#65240=ORIENTED_EDGE('',*,*,#57660,.T.);
#65250=ORIENTED_EDGE('',*,*,#57130,.F.);
#65260=ORIENTED_EDGE('',*,*,#56850,.T.);
#65270=EDGE_LOOP('',(#65260,#65250,#65240,#65230,#65220,#65210,#65200,
#65190));
#65280=FACE_OUTER_BOUND('',#65270,.T.);
#65290=ADVANCED_FACE('',(#65280),#65170,.T.);
#65300=CARTESIAN_POINT('',(0.,19.9068722891566,0.));
#65310=DIRECTION('',(0.,1.,0.));
#65320=DIRECTION('',(0.,0.,1.));
#65330=AXIS2_PLACEMENT_3D('',#65300,#65310,#65320);
#65340=CYLINDRICAL_SURFACE('',#65330,5.24);
#65350=ORIENTED_EDGE('',*,*,#31630,.F.);
#65360=ORIENTED_EDGE('',*,*,#14090,.T.);
#65370=EDGE_CURVE('',#14000,#13890,#13980,.T.);
#65380=ORIENTED_EDGE('',*,*,#65370,.F.);
#65390=ORIENTED_EDGE('',*,*,#13920,.F.);
#65400=EDGE_LOOP('',(#65390,#65380,#65360,#65350));
#65410=FACE_OUTER_BOUND('',#65400,.T.);
#65420=ORIENTED_EDGE('',*,*,#29340,.F.);
#65430=ORIENTED_EDGE('',*,*,#34530,.T.);
#65440=ORIENTED_EDGE('',*,*,#37370,.F.);
#65450=ORIENTED_EDGE('',*,*,#21630,.T.);
#65460=EDGE_LOOP('',(#65450,#65440,#65430,#65420));
#65470=FACE_BOUND('',#65460,.T.);
#65480=ADVANCED_FACE('',(#65410,#65470),#65340,.T.);
#65490=CARTESIAN_POINT('',(2.3,0.649999999999999,0.849999999999951));
#65500=DIRECTION('',(-1.92592994438725E-34,1.,2.94648481515741E-20));
#65510=DIRECTION('',(1.,1.92592994438725E-34,0.));
#65520=AXIS2_PLACEMENT_3D('',#65490,#65500,#65510);
#65530=CYLINDRICAL_SURFACE('',#65520,0.278867513459499);
#65540=ORIENTED_EDGE('',*,*,#40770,.T.);
#65550=ORIENTED_EDGE('',*,*,#40610,.F.);
#65560=ORIENTED_EDGE('',*,*,#40840,.F.);
#65570=ORIENTED_EDGE('',*,*,#13150,.T.);
#65580=EDGE_LOOP('',(#65570,#65560,#65550,#65540));
#65590=FACE_OUTER_BOUND('',#65580,.T.);
#65600=ADVANCED_FACE('',(#65590),#65530,.F.);
#65610=CARTESIAN_POINT('',(0.,7.95021501815331,0.));
#65620=DIRECTION('',(0.,1.,0.));
#65630=DIRECTION('',(0.,0.,1.));
#65640=AXIS2_PLACEMENT_3D('',#65610,#65620,#65630);
#65650=CYLINDRICAL_SURFACE('',#65640,4.7);
#65660=ORIENTED_EDGE('',*,*,#28080,.F.);
#65670=ORIENTED_EDGE('',*,*,#64040,.F.);
#65680=ORIENTED_EDGE('',*,*,#28230,.T.);
#65690=ORIENTED_EDGE('',*,*,#33390,.F.);
#65700=EDGE_LOOP('',(#65690,#65680,#65670,#65660));
#65710=FACE_OUTER_BOUND('',#65700,.T.);
#65720=ADVANCED_FACE('',(#65710),#65650,.T.);
#65730=CARTESIAN_POINT('',(-2.3,2.34705627484771,-1.75000000000001));
#65740=DIRECTION('',(0.,-1.,0.));
#65750=DIRECTION('',(0.,0.,-1.));
#65760=AXIS2_PLACEMENT_3D('',#65730,#65740,#65750);
#65770=CYLINDRICAL_SURFACE('',#65760,0.5);
#65780=ORIENTED_EDGE('',*,*,#15890,.F.);
#65790=ORIENTED_EDGE('',*,*,#48950,.F.);
#65800=ORIENTED_EDGE('',*,*,#2210,.F.);
#65810=ORIENTED_EDGE('',*,*,#49020,.T.);
#65820=EDGE_LOOP('',(#65810,#65800,#65790,#65780));
#65830=FACE_OUTER_BOUND('',#65820,.T.);
#65840=ADVANCED_FACE('',(#65830),#65770,.F.);
#65850=CARTESIAN_POINT('',(-4.9,1.15,0.));
#65860=DIRECTION('',(0.,-1.,0.));
#65870=DIRECTION('',(0.,0.,-1.));
#65880=AXIS2_PLACEMENT_3D('',#65850,#65860,#65870);
#65890=CYLINDRICAL_SURFACE('',#65880,0.4);
#65900=ORIENTED_EDGE('',*,*,#49570,.F.);
#65910=ORIENTED_EDGE('',*,*,#52580,.F.);
#65920=ORIENTED_EDGE('',*,*,#51780,.F.);
#65930=ORIENTED_EDGE('',*,*,#52510,.T.);
#65940=EDGE_LOOP('',(#65930,#65920,#65910,#65900));
#65950=FACE_OUTER_BOUND('',#65940,.T.);
#65960=ADVANCED_FACE('',(#65950),#65890,.F.);
#65970=CARTESIAN_POINT('',(0.,19.9068722891566,0.));
#65980=DIRECTION('',(0.,1.,0.));
#65990=DIRECTION('',(0.,0.,1.));
#66000=AXIS2_PLACEMENT_3D('',#65970,#65980,#65990);
#66010=CYLINDRICAL_SURFACE('',#66000,5.5);
#66020=ORIENTED_EDGE('',*,*,#15560,.T.);
#66030=ORIENTED_EDGE('',*,*,#50700,.F.);
#66040=ORIENTED_EDGE('',*,*,#41260,.T.);
#66050=ORIENTED_EDGE('',*,*,#35970,.F.);
#66060=ORIENTED_EDGE('',*,*,#46200,.F.);
#66070=EDGE_CURVE('',#38130,#38030,#38200,.T.);
#66080=ORIENTED_EDGE('',*,*,#66070,.F.);
#66090=ORIENTED_EDGE('',*,*,#46690,.T.);
#66100=ORIENTED_EDGE('',*,*,#47090,.F.);
#66110=EDGE_LOOP('',(#66100,#66090,#66080,#66060,#66050,#66040,#66030,
#66020));
#66120=FACE_OUTER_BOUND('',#66110,.T.);
#66130=ADVANCED_FACE('',(#66120),#66010,.T.);
#66140=CARTESIAN_POINT('',(0.,2.53142135623731,0.));
#66150=DIRECTION('',(0.,1.,0.));
#66160=DIRECTION('',(0.,0.,1.));
#66170=AXIS2_PLACEMENT_3D('',#66140,#66150,#66160);
#66180=TOROIDAL_SURFACE('',#66170,5.14,0.1);
#66190=ORIENTED_EDGE('',*,*,#65370,.T.);
#66200=ORIENTED_EDGE('',*,*,#22630,.F.);
#66210=ORIENTED_EDGE('',*,*,#64010,.T.);
#66220=ORIENTED_EDGE('',*,*,#22550,.T.);
#66230=EDGE_LOOP('',(#66220,#66210,#66200,#66190));
#66240=FACE_OUTER_BOUND('',#66230,.T.);
#66250=ADVANCED_FACE('',(#66240),#66180,.T.);
#66260=CARTESIAN_POINT('',(4.5,-1.05,0.));
#66270=DIRECTION('',(0.,-1.,0.));
#66280=DIRECTION('',(0.,0.,-1.));
#66290=AXIS2_PLACEMENT_3D('',#66260,#66270,#66280);
#66300=TOROIDAL_SURFACE('',#66290,0.35,0.2);
#66310=ORIENTED_EDGE('',*,*,#12690,.F.);
#66320=ORIENTED_EDGE('',*,*,#64930,.T.);
#66330=ORIENTED_EDGE('',*,*,#12870,.T.);
#66340=ORIENTED_EDGE('',*,*,#26540,.F.);
#66350=EDGE_LOOP('',(#66340,#66330,#66320,#66310));
#66360=FACE_OUTER_BOUND('',#66350,.T.);
#66370=ADVANCED_FACE('',(#66360),#66300,.T.);
#66380=CARTESIAN_POINT('',(-1.93977046885428E-19,7.56,
5.42976580892665E-20));
#66390=DIRECTION('',(0.,-1.,0.));
#66400=DIRECTION('',(0.,0.,-1.));
#66410=AXIS2_PLACEMENT_3D('',#66380,#66390,#66400);
#66420=TOROIDAL_SURFACE('',#66410,3.95,0.5);
#66430=ORIENTED_EDGE('',*,*,#58980,.F.);
#66440=ORIENTED_EDGE('',*,*,#58810,.T.);
#66450=ORIENTED_EDGE('',*,*,#65180,.T.);
#66460=ORIENTED_EDGE('',*,*,#58710,.F.);
#66470=EDGE_LOOP('',(#66460,#66450,#66440,#66430));
#66480=FACE_OUTER_BOUND('',#66470,.T.);
#66490=ADVANCED_FACE('',(#66480),#66420,.T.);
#66500=CARTESIAN_POINT('',(-1.93977046885428E-19,8.99,
5.42976580892665E-20));
#66510=DIRECTION('',(0.,-1.,0.));
#66520=DIRECTION('',(0.,0.,-1.));
#66530=AXIS2_PLACEMENT_3D('',#66500,#66510,#66520);
#66540=TOROIDAL_SURFACE('',#66530,3.25,0.1);
#66550=ORIENTED_EDGE('',*,*,#60530,.T.);
#66560=ORIENTED_EDGE('',*,*,#63630,.T.);
#66570=ORIENTED_EDGE('',*,*,#60690,.F.);
#66580=ORIENTED_EDGE('',*,*,#60810,.F.);
#66590=EDGE_LOOP('',(#66580,#66570,#66560,#66550));
#66600=FACE_OUTER_BOUND('',#66590,.T.);
#66610=ADVANCED_FACE('',(#66600),#66540,.T.);
#66620=CARTESIAN_POINT('',(0.,1.45,0.));
#66630=DIRECTION('',(0.,1.,0.));
#66640=DIRECTION('',(0.,0.,1.));
#66650=AXIS2_PLACEMENT_3D('',#66620,#66630,#66640);
#66660=TOROIDAL_SURFACE('',#66650,5.4,0.1);
#66670=ORIENTED_EDGE('',*,*,#28430,.F.);
#66680=ORIENTED_EDGE('',*,*,#38040,.F.);
#66690=ORIENTED_EDGE('',*,*,#66070,.T.);
#66700=ORIENTED_EDGE('',*,*,#38140,.T.);
#66710=EDGE_LOOP('',(#66700,#66690,#66680,#66670));
#66720=FACE_OUTER_BOUND('',#66710,.T.);
#66730=ADVANCED_FACE('',(#66720),#66660,.T.);
#66740=CARTESIAN_POINT('',(0.,6.19,0.));
#66750=DIRECTION('',(0.,1.,0.));
#66760=DIRECTION('',(0.,0.,1.));
#66770=AXIS2_PLACEMENT_3D('',#66740,#66750,#66760);
#66780=TOROIDAL_SURFACE('',#66770,5.095,0.2);
#66790=ORIENTED_EDGE('',*,*,#17070,.T.);
#66800=ORIENTED_EDGE('',*,*,#42180,.F.);
#66810=ORIENTED_EDGE('',*,*,#17250,.F.);
#66820=ORIENTED_EDGE('',*,*,#20950,.T.);
#66830=EDGE_LOOP('',(#66820,#66810,#66800,#66790));
#66840=FACE_OUTER_BOUND('',#66830,.T.);
#66850=ADVANCED_FACE('',(#66840),#66780,.T.);
#66860=CLOSED_SHELL('',(#2270,#2580,#2830,#9160,#9630,#9880,#10280,
#11020,#12540,#12980,#13190,#13780,#14560,#14880,#15100,#15340,#15740,
#15950,#16120,#16450,#16920,#17360,#17770,#18190,#18570,#18930,#19330,
#19740,#20060,#20420,#20660,#20990,#21410,#21810,#22120,#22440,#22680,
#22990,#23300,#23680,#23990,#24240,#24550,#24770,#25090,#25410,#25650,
#25900,#26070,#26470,#26580,#26800,#27200,#27440,#27610,#27780,#27960,
#28280,#28640,#28820,#29130,#29460,#30030,#30200,#30370,#30540,#31240,
#31350,#31520,#31680,#31990,#32500,#32670,#32870,#33270,#33500,#33820,
#34330,#34640,#34990,#35300,#35620,#36140,#37300,#37440,#37690,#37910,
#38250,#39070,#39290,#39610,#39830,#39950,#40200,#40310,#40670,#40890,
#41140,#41380,#41630,#41880,#42120,#42880,#43050,#43270,#43440,#43680,
#43800,#43970,#44370,#44610,#45040,#45210,#45380,#45850,#46100,#46740,
#46940,#47270,#47450,#47620,#47790,#47910,#48080,#48200,#48280,#48400,
#48520,#48730,#48850,#49070,#49190,#49420,#49630,#49750,#50000,#50240,
#50460,#50580,#50760,#50880,#51060,#51280,#51450,#51570,#51840,#52090,
#52210,#52410,#52630,#53800,#54320,#54460,#54600,#54830,#55070,#55190,
#55390,#55640,#55760,#56040,#56180,#56300,#56960,#57320,#57540,#57710,
#57950,#58240,#58410,#58580,#58920,#59180,#59500,#59820,#60080,#60400,
#60740,#60850,#60970,#61290,#61450,#61620,#61680,#61820,#61970,#62150,
#62210,#62530,#62640,#62810,#62920,#63240,#63310,#63380,#63450,#63570,
#63700,#63830,#63950,#64090,#64210,#64330,#64450,#64570,#64690,#64870,
#65000,#65120,#65290,#65480,#65600,#65720,#65840,#65960,#66130,#66250,
#66370,#66490,#66610,#66730,#66850));
#66870=CARTESIAN_POINT('',(2.94902990916057E-14,0.65,-318.5));
#66880=DIRECTION('',(0.,1.,0.));
#66890=DIRECTION('',(1.,0.,1.22464679914735E-16));
#66900=AXIS2_PLACEMENT_3D('',#66870,#66880,#66890);
#66910=PLANE('',#66900);
#66920=CARTESIAN_POINT('',(3.84999999999999,0.65,0.950000000000003));
#66930=DIRECTION('',(0.,1.,0.));
#66940=DIRECTION('',(-1.,0.,-7.16093850883214E-14));
#66950=AXIS2_PLACEMENT_3D('',#66920,#66930,#66940);
#66960=CIRCLE('',#66950,0.200000000000003);
#66970=CARTESIAN_POINT('',(3.69999999999997,0.649999999999999,
1.08228756555322));
#66980=VERTEX_POINT('',#66970);
#66990=CARTESIAN_POINT('',(3.84999999999999,0.649999999999999,
1.15000000000001));
#67000=VERTEX_POINT('',#66990);
#67010=EDGE_CURVE('',#66980,#67000,#66960,.T.);
#67020=ORIENTED_EDGE('',*,*,#67010,.T.);
#67030=CARTESIAN_POINT('',(3.7,0.65,0.));
#67040=DIRECTION('',(1.4073794347601E-16,0.,1.));
#67050=VECTOR('',#67040,1.);
#67060=LINE('',#67030,#67050);
#67070=CARTESIAN_POINT('',(3.69999999999985,0.649999999999999,
1.14999999999861));
#67080=VERTEX_POINT('',#67070);
#67090=EDGE_CURVE('',#66980,#67080,#67060,.T.);
#67100=ORIENTED_EDGE('',*,*,#67090,.F.);
#67110=CARTESIAN_POINT('',(3.84999999999105,0.65,1.14999999999861));
#67120=DIRECTION('',(-1.,0.,0.));
#67130=VECTOR('',#67120,1.);
#67140=LINE('',#67110,#67130);
#67150=EDGE_CURVE('',#67000,#67080,#67140,.T.);
#67160=ORIENTED_EDGE('',*,*,#67150,.T.);
#67170=EDGE_LOOP('',(#67160,#67100,#67020));
#67180=FACE_OUTER_BOUND('',#67170,.T.);
#67190=ADVANCED_FACE('',(#67180),#66910,.F.);
#67200=CARTESIAN_POINT('',(2.94902990916057E-14,0.399999999999999,-318.5
));
#67210=DIRECTION('',(0.,1.,0.));
#67220=DIRECTION('',(1.,0.,1.22464679914735E-16));
#67230=AXIS2_PLACEMENT_3D('',#67200,#67210,#67220);
#67240=PLANE('',#67230);
#67250=CARTESIAN_POINT('',(3.84999999999999,0.399999999999999,
0.950000000000003));
#67260=DIRECTION('',(-0.,-1.,0.));
#67270=DIRECTION('',(-4.47086812016543E-11,0.,1.));
#67280=AXIS2_PLACEMENT_3D('',#67250,#67260,#67270);
#67290=CIRCLE('',#67280,0.200000000000003);
#67300=CARTESIAN_POINT('',(3.84999999999552,0.399999999999999,
1.14999999999861));
#67310=VERTEX_POINT('',#67300);
#67320=CARTESIAN_POINT('',(3.69999999999997,0.399999999999999,
1.08228756555321));
#67330=VERTEX_POINT('',#67320);
#67340=EDGE_CURVE('',#67310,#67330,#67290,.T.);
#67350=ORIENTED_EDGE('',*,*,#67340,.T.);
#67360=CARTESIAN_POINT('',(3.84999999999999,0.399999999999999,
1.14999999999861));
#67370=DIRECTION('',(-1.,0.,0.));
#67380=VECTOR('',#67370,1.);
#67390=LINE('',#67360,#67380);
#67400=CARTESIAN_POINT('',(3.69999999999985,0.399999999999999,
1.14999999999861));
#67410=VERTEX_POINT('',#67400);
#67420=EDGE_CURVE('',#67310,#67410,#67390,.T.);
#67430=ORIENTED_EDGE('',*,*,#67420,.F.);
#67440=CARTESIAN_POINT('',(3.7,0.399999999999999,0.));
#67450=DIRECTION('',(1.4073794347601E-16,0.,1.));
#67460=VECTOR('',#67450,1.);
#67470=LINE('',#67440,#67460);
#67480=EDGE_CURVE('',#67330,#67410,#67470,.T.);
#67490=ORIENTED_EDGE('',*,*,#67480,.T.);
#67500=EDGE_LOOP('',(#67490,#67430,#67350));
#67510=FACE_OUTER_BOUND('',#67500,.T.);
#67520=ADVANCED_FACE('',(#67510),#67240,.T.);
#67530=CARTESIAN_POINT('',(3.7,-1.99657082647116,-3.00430699241645));
#67540=DIRECTION('',(-1.,-1.9673981657241E-34,1.4073794347601E-16));
#67550=DIRECTION('',(1.4073794347601E-16,-2.94648481515741E-20,1.));
#67560=AXIS2_PLACEMENT_3D('',#67530,#67540,#67550);
#67570=PLANE('',#67560);
#67580=ORIENTED_EDGE('',*,*,#67090,.T.);
#67590=CARTESIAN_POINT('',(3.7,0.65,1.08228756555325));
#67600=DIRECTION('',(0.,1.,0.));
#67610=VECTOR('',#67600,1.);
#67620=LINE('',#67590,#67610);
#67630=EDGE_CURVE('',#67330,#66980,#67620,.T.);
#67640=ORIENTED_EDGE('',*,*,#67630,.T.);
#67650=ORIENTED_EDGE('',*,*,#67480,.F.);
#67660=CARTESIAN_POINT('',(3.7,0.,1.14999999999861));
#67670=DIRECTION('',(-1.9673981657241E-34,1.,0.));
#67680=VECTOR('',#67670,1.);
#67690=LINE('',#67660,#67680);
#67700=EDGE_CURVE('',#67410,#67080,#67690,.T.);
#67710=ORIENTED_EDGE('',*,*,#67700,.F.);
#67720=EDGE_LOOP('',(#67710,#67650,#67640,#67580));
#67730=FACE_OUTER_BOUND('',#67720,.T.);
#67740=ADVANCED_FACE('',(#67730),#67570,.F.);
#67750=CARTESIAN_POINT('',(3.84999999999999,0.65,0.950000000000003));
#67760=DIRECTION('',(0.,1.,0.));
#67770=DIRECTION('',(1.,0.,0.));
#67780=AXIS2_PLACEMENT_3D('',#67750,#67760,#67770);
#67790=CYLINDRICAL_SURFACE('',#67780,0.200000000000003);
#67800=ORIENTED_EDGE('',*,*,#67340,.F.);
#67810=ORIENTED_EDGE('',*,*,#67630,.F.);
#67820=ORIENTED_EDGE('',*,*,#67010,.F.);
#67830=CARTESIAN_POINT('',(3.84999999999999,0.399999999999999,
1.15000000000001));
#67840=DIRECTION('',(0.,1.,0.));
#67850=VECTOR('',#67840,1.);
#67860=LINE('',#67830,#67850);
#67870=EDGE_CURVE('',#67310,#67000,#67860,.T.);
#67880=ORIENTED_EDGE('',*,*,#67870,.T.);
#67890=EDGE_LOOP('',(#67880,#67820,#67810,#67800));
#67900=FACE_OUTER_BOUND('',#67890,.T.);
#67910=ADVANCED_FACE('',(#67900),#67790,.T.);
#67920=CARTESIAN_POINT('',(3.69999999999985,3.05725881205135,
1.14999999999861));
#67930=DIRECTION('',(0.,0.,-1.));
#67940=DIRECTION('',(-1.,0.,0.));
#67950=AXIS2_PLACEMENT_3D('',#67920,#67930,#67940);
#67960=PLANE('',#67950);
#67970=ORIENTED_EDGE('',*,*,#67150,.F.);
#67980=ORIENTED_EDGE('',*,*,#67700,.T.);
#67990=ORIENTED_EDGE('',*,*,#67420,.T.);
#68000=ORIENTED_EDGE('',*,*,#67870,.F.);
#68010=EDGE_LOOP('',(#68000,#67990,#67980,#67970));
#68020=FACE_OUTER_BOUND('',#68010,.T.);
#68030=ADVANCED_FACE('',(#68020),#67960,.T.);
#68040=CLOSED_SHELL('',(#67190,#67520,#67740,#67910,#68030));
#68050=ORIENTED_CLOSED_SHELL('',*,#68040,.T.);
#68060=CARTESIAN_POINT('',(5.41179267895584,3.05725881205135,
-2.34999999999999));
#68070=DIRECTION('',(-5.06697889675167E-16,0.,-1.));
#68080=DIRECTION('',(-1.,0.,5.06697889675167E-16));
#68090=AXIS2_PLACEMENT_3D('',#68060,#68070,#68080);
#68100=PLANE('',#68090);
#68110=CARTESIAN_POINT('',(3.85000000000035,0.65,-2.34999999999997));
#68120=DIRECTION('',(-1.,0.,0.));
#68130=VECTOR('',#68120,1.);
#68140=LINE('',#68110,#68130);
#68150=CARTESIAN_POINT('',(3.85000000000017,0.65,-2.34999999999997));
#68160=VERTEX_POINT('',#68150);
#68170=CARTESIAN_POINT('',(3.7,0.649999999999999,-2.34999999999998));
#68180=VERTEX_POINT('',#68170);
#68190=EDGE_CURVE('',#68160,#68180,#68140,.T.);
#68200=ORIENTED_EDGE('',*,*,#68190,.F.);
#68210=CARTESIAN_POINT('',(3.7,0.,-2.34999999999998));
#68220=DIRECTION('',(-1.9673981657241E-34,1.,1.06910588403688E-49));
#68230=VECTOR('',#68220,1.);
#68240=LINE('',#68210,#68230);
#68250=CARTESIAN_POINT('',(3.7,0.399999999999999,-2.34999999999998));
#68260=VERTEX_POINT('',#68250);
#68270=EDGE_CURVE('',#68260,#68180,#68240,.T.);
#68280=ORIENTED_EDGE('',*,*,#68270,.T.);
#68290=CARTESIAN_POINT('',(3.84999999999999,0.399999999999999,
-2.34999999999998));
#68300=DIRECTION('',(-1.,0.,0.));
#68310=VECTOR('',#68300,1.);
#68320=LINE('',#68290,#68310);
#68330=CARTESIAN_POINT('',(3.85000000000017,0.399999999999999,
-2.35000000000002));
#68340=VERTEX_POINT('',#68330);
#68350=EDGE_CURVE('',#68340,#68260,#68320,.T.);
#68360=ORIENTED_EDGE('',*,*,#68350,.T.);
#68370=CARTESIAN_POINT('',(3.84999999999999,0.399999999999999,-2.35));
#68380=DIRECTION('',(0.,1.,0.));
#68390=VECTOR('',#68380,1.);
#68400=LINE('',#68370,#68390);
#68410=EDGE_CURVE('',#68340,#68160,#68400,.T.);
#68420=ORIENTED_EDGE('',*,*,#68410,.F.);
#68430=EDGE_LOOP('',(#68420,#68360,#68280,#68200));
#68440=FACE_OUTER_BOUND('',#68430,.T.);
#68450=ADVANCED_FACE('',(#68440),#68100,.T.);
#68460=CARTESIAN_POINT('',(2.94902990916057E-14,0.65,-318.5));
#68470=DIRECTION('',(0.,1.,0.));
#68480=DIRECTION('',(1.,0.,1.22464679914735E-16));
#68490=AXIS2_PLACEMENT_3D('',#68460,#68470,#68480);
#68500=PLANE('',#68490);
#68510=ORIENTED_EDGE('',*,*,#68190,.T.);
#68520=CARTESIAN_POINT('',(3.84999999999999,0.65,-2.55));
#68530=DIRECTION('',(0.,1.,0.));
#68540=DIRECTION('',(-1.,0.,-5.55111512312589E-14));
#68550=AXIS2_PLACEMENT_3D('',#68520,#68530,#68540);
#68560=CIRCLE('',#68550,0.199999999999996);
#68570=CARTESIAN_POINT('',(3.69999999999999,0.65,-2.41771243444685));
#68580=VERTEX_POINT('',#68570);
#68590=EDGE_CURVE('',#68580,#68160,#68560,.T.);
#68600=ORIENTED_EDGE('',*,*,#68590,.T.);
#68610=CARTESIAN_POINT('',(3.7,0.65,0.));
#68620=DIRECTION('',(1.4073794347601E-16,0.,1.));
#68630=VECTOR('',#68620,1.);
#68640=LINE('',#68610,#68630);
#68650=EDGE_CURVE('',#68580,#68180,#68640,.T.);
#68660=ORIENTED_EDGE('',*,*,#68650,.F.);
#68670=EDGE_LOOP('',(#68660,#68600,#68510));
#68680=FACE_OUTER_BOUND('',#68670,.T.);
#68690=ADVANCED_FACE('',(#68680),#68500,.F.);
#68700=CARTESIAN_POINT('',(3.84999999999999,0.65,-2.55));
#68710=DIRECTION('',(0.,1.,0.));
#68720=DIRECTION('',(1.,0.,0.));
#68730=AXIS2_PLACEMENT_3D('',#68700,#68710,#68720);
#68740=CYLINDRICAL_SURFACE('',#68730,0.199999999999996);
#68750=CARTESIAN_POINT('',(3.84999999999999,0.399999999999999,-2.55));
#68760=DIRECTION('',(0.,-1.,0.));
#68770=DIRECTION('',(1.78745906964654E-12,0.,1.));
#68780=AXIS2_PLACEMENT_3D('',#68750,#68760,#68770);
#68790=CIRCLE('',#68780,0.199999999999996);
#68800=CARTESIAN_POINT('',(3.7,0.399999999999999,-2.41771243444684));
#68810=VERTEX_POINT('',#68800);
#68820=EDGE_CURVE('',#68340,#68810,#68790,.T.);
#68830=ORIENTED_EDGE('',*,*,#68820,.F.);
#68840=CARTESIAN_POINT('',(3.7,0.65,-2.41771243444676));
#68850=DIRECTION('',(0.,1.,0.));
#68860=VECTOR('',#68850,1.);
#68870=LINE('',#68840,#68860);
#68880=EDGE_CURVE('',#68810,#68580,#68870,.T.);
#68890=ORIENTED_EDGE('',*,*,#68880,.F.);
#68900=ORIENTED_EDGE('',*,*,#68590,.F.);
#68910=ORIENTED_EDGE('',*,*,#68410,.T.);
#68920=EDGE_LOOP('',(#68910,#68900,#68890,#68830));
#68930=FACE_OUTER_BOUND('',#68920,.T.);
#68940=ADVANCED_FACE('',(#68930),#68740,.T.);
#68950=CARTESIAN_POINT('',(2.94902990916057E-14,0.399999999999999,-318.5
));
#68960=DIRECTION('',(0.,1.,0.));
#68970=DIRECTION('',(1.,0.,1.22464679914735E-16));
#68980=AXIS2_PLACEMENT_3D('',#68950,#68960,#68970);
#68990=PLANE('',#68980);
#69000=ORIENTED_EDGE('',*,*,#68820,.T.);
#69010=ORIENTED_EDGE('',*,*,#68350,.F.);
#69020=CARTESIAN_POINT('',(3.7,0.399999999999999,0.));
#69030=DIRECTION('',(1.4073794347601E-16,0.,1.));
#69040=VECTOR('',#69030,1.);
#69050=LINE('',#69020,#69040);
#69060=EDGE_CURVE('',#68810,#68260,#69050,.T.);
#69070=ORIENTED_EDGE('',*,*,#69060,.T.);
#69080=EDGE_LOOP('',(#69070,#69010,#69000));
#69090=FACE_OUTER_BOUND('',#69080,.T.);
#69100=ADVANCED_FACE('',(#69090),#68990,.T.);
#69110=CARTESIAN_POINT('',(3.7,-1.99657082647116,-3.00430699241645));
#69120=DIRECTION('',(-1.,-1.9673981657241E-34,1.4073794347601E-16));
#69130=DIRECTION('',(1.4073794347601E-16,-2.94648481515741E-20,1.));
#69140=AXIS2_PLACEMENT_3D('',#69110,#69120,#69130);
#69150=PLANE('',#69140);
#69160=ORIENTED_EDGE('',*,*,#69060,.F.);
#69170=ORIENTED_EDGE('',*,*,#68270,.F.);
#69180=ORIENTED_EDGE('',*,*,#68650,.T.);
#69190=ORIENTED_EDGE('',*,*,#68880,.T.);
#69200=EDGE_LOOP('',(#69190,#69180,#69170,#69160));
#69210=FACE_OUTER_BOUND('',#69200,.T.);
#69220=ADVANCED_FACE('',(#69210),#69150,.F.);
#69230=CLOSED_SHELL('',(#68450,#68690,#68940,#69100,#69220));
#69240=ORIENTED_CLOSED_SHELL('',*,#69230,.T.);
#69250=CARTESIAN_POINT('',(3.84999999999999,0.399999999999999,
-0.95000000000001));
#69260=DIRECTION('',(-0.,-1.,0.));
#69270=DIRECTION('',(-1.,0.,5.68899538588922E-9));
#69280=AXIS2_PLACEMENT_3D('',#69250,#69260,#69270);
#69290=CIRCLE('',#69280,0.199999999999975);
#69300=CARTESIAN_POINT('',(3.7,0.399999999999999,-1.08228756555326));
#69310=VERTEX_POINT('',#69300);
#69320=CARTESIAN_POINT('',(3.84999999999999,0.399999999999999,
-1.14999999999998));
#69330=VERTEX_POINT('',#69320);
#69340=EDGE_CURVE('',#69310,#69330,#69290,.T.);
#69350=ORIENTED_EDGE('',*,*,#69340,.T.);
#69360=CARTESIAN_POINT('',(3.7,0.399999999999999,-1.14999999999999));
#69370=VERTEX_POINT('',#69360);
#69380=EDGE_CURVE('',#69370,#69310,#69050,.T.);
#69390=ORIENTED_EDGE('',*,*,#69380,.T.);
#69400=CARTESIAN_POINT('',(3.69999999999985,0.399999999999999,
-1.14999999999999));
#69410=DIRECTION('',(1.,0.,0.));
#69420=VECTOR('',#69410,1.);
#69430=LINE('',#69400,#69420);
#69440=EDGE_CURVE('',#69370,#69330,#69430,.T.);
#69450=ORIENTED_EDGE('',*,*,#69440,.F.);
#69460=EDGE_LOOP('',(#69450,#69390,#69350));
#69470=FACE_OUTER_BOUND('',#69460,.T.);
#69480=ADVANCED_FACE('',(#69470),#68990,.T.);
#69490=CARTESIAN_POINT('',(3.84999999999999,0.65,-0.95000000000001));
#69500=DIRECTION('',(0.,1.,0.));
#69510=DIRECTION('',(1.,0.,0.));
#69520=AXIS2_PLACEMENT_3D('',#69490,#69500,#69510);
#69530=CYLINDRICAL_SURFACE('',#69520,0.199999999999975);
#69540=ORIENTED_EDGE('',*,*,#69340,.F.);
#69550=CARTESIAN_POINT('',(3.84999999999999,0.65,-1.14999999999999));
#69560=DIRECTION('',(0.,-1.,0.));
#69570=VECTOR('',#69560,1.);
#69580=LINE('',#69550,#69570);
#69590=CARTESIAN_POINT('',(3.84999999999999,0.649999999999999,
-1.14999999999999));
#69600=VERTEX_POINT('',#69590);
#69610=EDGE_CURVE('',#69600,#69330,#69580,.T.);
#69620=ORIENTED_EDGE('',*,*,#69610,.T.);
#69630=CARTESIAN_POINT('',(3.84999999999999,0.65,-0.95000000000001));
#69640=DIRECTION('',(0.,1.,0.));
#69650=DIRECTION('',(0.,0.,-1.));
#69660=AXIS2_PLACEMENT_3D('',#69630,#69640,#69650);
#69670=CIRCLE('',#69660,0.199999999999975);
#69680=CARTESIAN_POINT('',(3.7,0.65,-1.08228756555327));
#69690=VERTEX_POINT('',#69680);
#69700=EDGE_CURVE('',#69600,#69690,#69670,.T.);
#69710=ORIENTED_EDGE('',*,*,#69700,.F.);
#69720=CARTESIAN_POINT('',(3.7,0.65,-1.08228756555321));
#69730=DIRECTION('',(0.,1.,0.));
#69740=VECTOR('',#69730,1.);
#69750=LINE('',#69720,#69740);
#69760=EDGE_CURVE('',#69310,#69690,#69750,.T.);
#69770=ORIENTED_EDGE('',*,*,#69760,.T.);
#69780=EDGE_LOOP('',(#69770,#69710,#69620,#69540));
#69790=FACE_OUTER_BOUND('',#69780,.T.);
#69800=ADVANCED_FACE('',(#69790),#69530,.T.);
#69810=ORIENTED_EDGE('',*,*,#69700,.T.);
#69820=CARTESIAN_POINT('',(3.69999999999985,0.65,-1.14999999999998));
#69830=DIRECTION('',(1.,0.,0.));
#69840=VECTOR('',#69830,1.);
#69850=LINE('',#69820,#69840);
#69860=CARTESIAN_POINT('',(3.7,0.65,-1.14999999999998));
#69870=VERTEX_POINT('',#69860);
#69880=EDGE_CURVE('',#69870,#69600,#69850,.T.);
#69890=ORIENTED_EDGE('',*,*,#69880,.T.);
#69900=EDGE_CURVE('',#69870,#69690,#68640,.T.);
#69910=ORIENTED_EDGE('',*,*,#69900,.F.);
#69920=EDGE_LOOP('',(#69910,#69890,#69810));
#69930=FACE_OUTER_BOUND('',#69920,.T.);
#69940=ADVANCED_FACE('',(#69930),#68500,.F.);
#69950=CARTESIAN_POINT('',(5.6,3.05725881205135,-1.14999999999999));
#69960=DIRECTION('',(0.,0.,1.));
#69970=DIRECTION('',(1.,0.,0.));
#69980=AXIS2_PLACEMENT_3D('',#69950,#69960,#69970);
#69990=PLANE('',#69980);
#70000=CARTESIAN_POINT('',(3.7,0.,-1.14999999999999));
#70010=DIRECTION('',(1.9673981657241E-34,-1.,0.));
#70020=VECTOR('',#70010,1.);
#70030=LINE('',#70000,#70020);
#70040=EDGE_CURVE('',#69870,#69370,#70030,.T.);
#70050=ORIENTED_EDGE('',*,*,#70040,.T.);
#70060=ORIENTED_EDGE('',*,*,#69880,.F.);
#70070=ORIENTED_EDGE('',*,*,#69610,.F.);
#70080=ORIENTED_EDGE('',*,*,#69440,.T.);
#70090=EDGE_LOOP('',(#70080,#70070,#70060,#70050));
#70100=FACE_OUTER_BOUND('',#70090,.T.);
#70110=ADVANCED_FACE('',(#70100),#69990,.T.);
#70120=ORIENTED_EDGE('',*,*,#69380,.F.);
#70130=ORIENTED_EDGE('',*,*,#69760,.F.);
#70140=ORIENTED_EDGE('',*,*,#69900,.T.);
#70150=ORIENTED_EDGE('',*,*,#70040,.F.);
#70160=EDGE_LOOP('',(#70150,#70140,#70130,#70120));
#70170=FACE_OUTER_BOUND('',#70160,.T.);
#70180=ADVANCED_FACE('',(#70170),#69150,.F.);
#70190=CLOSED_SHELL('',(#69480,#69800,#69940,#70110,#70180));
#70200=ORIENTED_CLOSED_SHELL('',*,#70190,.T.);
#70210=CARTESIAN_POINT('',(2.94902990916057E-14,0.65,-318.5));
#70220=DIRECTION('',(0.,1.,0.));
#70230=DIRECTION('',(1.,0.,1.22464679914735E-16));
#70240=AXIS2_PLACEMENT_3D('',#70210,#70220,#70230);
#70250=PLANE('',#70240);
#70260=CARTESIAN_POINT('',(-3.7,0.65,0.));
#70270=DIRECTION('',(0.,0.,-1.));
#70280=VECTOR('',#70270,1.);
#70290=LINE('',#70260,#70280);
#70300=CARTESIAN_POINT('',(-3.70000000000005,0.649999999999999,
2.41771243444677));
#70310=VERTEX_POINT('',#70300);
#70320=CARTESIAN_POINT('',(-3.69999999999114,0.649999999999999,
2.3499999999986));
#70330=VERTEX_POINT('',#70320);
#70340=EDGE_CURVE('',#70310,#70330,#70290,.T.);
#70350=ORIENTED_EDGE('',*,*,#70340,.F.);
#70360=CARTESIAN_POINT('',(-3.85000000000895,0.65,2.3499999999986));
#70370=DIRECTION('',(1.,0.,0.));
#70380=VECTOR('',#70370,1.);
#70390=LINE('',#70360,#70380);
#70400=CARTESIAN_POINT('',(-3.85000000000001,0.649999999999999,
2.35000000000005));
#70410=VERTEX_POINT('',#70400);
#70420=EDGE_CURVE('',#70410,#70330,#70390,.T.);
#70430=ORIENTED_EDGE('',*,*,#70420,.T.);
#70440=CARTESIAN_POINT('',(-3.85000000000001,0.65,2.55000000000005));
#70450=DIRECTION('',(-0.,1.,0.));
#70460=DIRECTION('',(1.,0.,9.76996261670122E-14));
#70470=AXIS2_PLACEMENT_3D('',#70440,#70450,#70460);
#70480=CIRCLE('',#70470,0.200000000000003);
#70490=EDGE_CURVE('',#70310,#70410,#70480,.T.);
#70500=ORIENTED_EDGE('',*,*,#70490,.T.);
#70510=EDGE_LOOP('',(#70500,#70430,#70350));
#70520=FACE_OUTER_BOUND('',#70510,.T.);
#70530=ADVANCED_FACE('',(#70520),#70250,.F.);
#70540=CARTESIAN_POINT('',(-3.69999999999114,3.05725881205135,
2.34999999999861));
#70550=DIRECTION('',(0.,0.,1.));
#70560=DIRECTION('',(1.,0.,0.));
#70570=AXIS2_PLACEMENT_3D('',#70540,#70550,#70560);
#70580=PLANE('',#70570);
#70590=ORIENTED_EDGE('',*,*,#70420,.F.);
#70600=CARTESIAN_POINT('',(-3.7,0.,2.34999999999861));
#70610=DIRECTION('',(-1.92592994438725E-34,1.,0.));
#70620=VECTOR('',#70610,1.);
#70630=LINE('',#70600,#70620);
#70640=CARTESIAN_POINT('',(-3.69999999999114,0.399999999999999,
2.34999999999861));
#70650=VERTEX_POINT('',#70640);
#70660=EDGE_CURVE('',#70650,#70330,#70630,.T.);
#70670=ORIENTED_EDGE('',*,*,#70660,.T.);
#70680=CARTESIAN_POINT('',(-3.85000000000001,0.399999999999999,
2.34999999999861));
#70690=DIRECTION('',(1.,0.,0.));
#70700=VECTOR('',#70690,1.);
#70710=LINE('',#70680,#70700);
#70720=CARTESIAN_POINT('',(-3.85000000000448,0.399999999999999,
2.35000000000002));
#70730=VERTEX_POINT('',#70720);
#70740=EDGE_CURVE('',#70730,#70650,#70710,.T.);
#70750=ORIENTED_EDGE('',*,*,#70740,.T.);
#70760=CARTESIAN_POINT('',(-3.85000000000001,0.399999999999999,
2.35000000000005));
#70770=DIRECTION('',(0.,1.,0.));
#70780=VECTOR('',#70770,1.);
#70790=LINE('',#70760,#70780);
#70800=EDGE_CURVE('',#70730,#70410,#70790,.T.);
#70810=ORIENTED_EDGE('',*,*,#70800,.F.);
#70820=EDGE_LOOP('',(#70810,#70750,#70670,#70590));
#70830=FACE_OUTER_BOUND('',#70820,.T.);
#70840=ADVANCED_FACE('',(#70830),#70580,.T.);
#70850=CARTESIAN_POINT('',(-3.7,-1.99657082647116,2.6999975476481));
#70860=DIRECTION('',(1.,1.92592994438725E-34,0.));
#70870=DIRECTION('',(-5.67472333619398E-54,2.94648481515741E-20,-1.));
#70880=AXIS2_PLACEMENT_3D('',#70850,#70860,#70870);
#70890=PLANE('',#70880);
#70900=ORIENTED_EDGE('',*,*,#70340,.T.);
#70910=CARTESIAN_POINT('',(-3.7,0.65,2.41771243444683));
#70920=DIRECTION('',(0.,1.,0.));
#70930=VECTOR('',#70920,1.);
#70940=LINE('',#70910,#70930);
#70950=CARTESIAN_POINT('',(-3.70000000000005,0.399999999999999,
2.41771243444677));
#70960=VERTEX_POINT('',#70950);
#70970=EDGE_CURVE('',#70960,#70310,#70940,.T.);
#70980=ORIENTED_EDGE('',*,*,#70970,.T.);
#70990=CARTESIAN_POINT('',(-3.7,0.399999999999999,0.));
#71000=DIRECTION('',(0.,0.,-1.));
#71010=VECTOR('',#71000,1.);
#71020=LINE('',#70990,#71010);
#71030=EDGE_CURVE('',#70960,#70650,#71020,.T.);
#71040=ORIENTED_EDGE('',*,*,#71030,.F.);
#71050=ORIENTED_EDGE('',*,*,#70660,.F.);
#71060=EDGE_LOOP('',(#71050,#71040,#70980,#70900));
#71070=FACE_OUTER_BOUND('',#71060,.T.);
#71080=ADVANCED_FACE('',(#71070),#70890,.F.);
#71090=CARTESIAN_POINT('',(-3.85000000000001,0.65,2.55000000000005));
#71100=DIRECTION('',(0.,1.,0.));
#71110=DIRECTION('',(1.,0.,0.));
#71120=AXIS2_PLACEMENT_3D('',#71090,#71100,#71110);
#71130=CYLINDRICAL_SURFACE('',#71120,0.200000000000003);
#71140=CARTESIAN_POINT('',(-3.85000000000001,0.399999999999999,
2.55000000000005));
#71150=DIRECTION('',(0.,-1.,-0.));
#71160=DIRECTION('',(-4.47086812016543E-11,0.,-1.));
#71170=AXIS2_PLACEMENT_3D('',#71140,#71150,#71160);
#71180=CIRCLE('',#71170,0.200000000000003);
#71190=EDGE_CURVE('',#70730,#70960,#71180,.T.);
#71200=ORIENTED_EDGE('',*,*,#71190,.F.);
#71210=ORIENTED_EDGE('',*,*,#70970,.F.);
#71220=ORIENTED_EDGE('',*,*,#70490,.F.);
#71230=ORIENTED_EDGE('',*,*,#70800,.T.);
#71240=EDGE_LOOP('',(#71230,#71220,#71210,#71200));
#71250=FACE_OUTER_BOUND('',#71240,.T.);
#71260=ADVANCED_FACE('',(#71250),#71130,.T.);
#71270=CARTESIAN_POINT('',(2.94902990916057E-14,0.399999999999999,-318.5
));
#71280=DIRECTION('',(0.,1.,0.));
#71290=DIRECTION('',(1.,0.,1.22464679914735E-16));
#71300=AXIS2_PLACEMENT_3D('',#71270,#71280,#71290);
#71310=PLANE('',#71300);
#71320=ORIENTED_EDGE('',*,*,#71030,.T.);
#71330=ORIENTED_EDGE('',*,*,#71190,.T.);
#71340=ORIENTED_EDGE('',*,*,#70740,.F.);
#71350=EDGE_LOOP('',(#71340,#71330,#71320));
#71360=FACE_OUTER_BOUND('',#71350,.T.);
#71370=ADVANCED_FACE('',(#71360),#71310,.T.);
#71380=CLOSED_SHELL('',(#70530,#70840,#71080,#71260,#71370));
#71390=ORIENTED_CLOSED_SHELL('',*,#71380,.T.);
#71400=CARTESIAN_POINT('',(2.94902990916057E-14,0.399999999999999,-318.5
));
#71410=DIRECTION('',(0.,1.,0.));
#71420=DIRECTION('',(1.,0.,1.22464679914735E-16));
#71430=AXIS2_PLACEMENT_3D('',#71400,#71410,#71420);
#71440=PLANE('',#71430);
#71450=CARTESIAN_POINT('',(-3.85000000000001,0.399999999999999,
-0.95000000000001));
#71460=DIRECTION('',(0.,-1.,-0.));
#71470=DIRECTION('',(0.,0.,-1.));
#71480=AXIS2_PLACEMENT_3D('',#71450,#71460,#71470);
#71490=CIRCLE('',#71480,0.199999999999975);
#71500=CARTESIAN_POINT('',(-3.85000000000001,0.399999999999999,
-1.14999999999999));
#71510=VERTEX_POINT('',#71500);
#71520=CARTESIAN_POINT('',(-3.70000000000004,0.399999999999999,
-1.08228756555323));
#71530=VERTEX_POINT('',#71520);
#71540=EDGE_CURVE('',#71510,#71530,#71490,.T.);
#71550=ORIENTED_EDGE('',*,*,#71540,.T.);
#71560=CARTESIAN_POINT('',(-3.85000000000001,0.399999999999999,
-1.14999999999999));
#71570=DIRECTION('',(1.,0.,0.));
#71580=VECTOR('',#71570,1.);
#71590=LINE('',#71560,#71580);
#71600=CARTESIAN_POINT('',(-3.69999999999114,0.399999999999999,
-1.14999999999999));
#71610=VERTEX_POINT('',#71600);
#71620=EDGE_CURVE('',#71510,#71610,#71590,.T.);
#71630=ORIENTED_EDGE('',*,*,#71620,.F.);
#71640=CARTESIAN_POINT('',(-3.7,0.399999999999999,0.));
#71650=DIRECTION('',(0.,0.,-1.));
#71660=VECTOR('',#71650,1.);
#71670=LINE('',#71640,#71660);
#71680=EDGE_CURVE('',#71530,#71610,#71670,.T.);
#71690=ORIENTED_EDGE('',*,*,#71680,.T.);
#71700=EDGE_LOOP('',(#71690,#71630,#71550));
#71710=FACE_OUTER_BOUND('',#71700,.T.);
#71720=ADVANCED_FACE('',(#71710),#71440,.T.);
#71730=CARTESIAN_POINT('',(2.94902990916057E-14,0.65,-318.5));
#71740=DIRECTION('',(0.,1.,0.));
#71750=DIRECTION('',(1.,0.,1.22464679914735E-16));
#71760=AXIS2_PLACEMENT_3D('',#71730,#71740,#71750);
#71770=PLANE('',#71760);
#71780=CARTESIAN_POINT('',(-3.85000000000001,0.65,-1.14999999999998));
#71790=DIRECTION('',(1.,0.,0.));
#71800=VECTOR('',#71790,1.);
#71810=LINE('',#71780,#71800);
#71820=CARTESIAN_POINT('',(-3.85000000000001,0.649999999999999,
-1.14999999999999));
#71830=VERTEX_POINT('',#71820);
#71840=CARTESIAN_POINT('',(-3.7,0.65,-1.14999999999998));
#71850=VERTEX_POINT('',#71840);
#71860=EDGE_CURVE('',#71830,#71850,#71810,.T.);
#71870=ORIENTED_EDGE('',*,*,#71860,.T.);
#71880=CARTESIAN_POINT('',(-3.85000000000001,0.65,-0.95000000000001));
#71890=DIRECTION('',(-0.,1.,0.));
#71900=DIRECTION('',(1.,0.,3.30839300399829E-9));
#71910=AXIS2_PLACEMENT_3D('',#71880,#71890,#71900);
#71920=CIRCLE('',#71910,0.199999999999975);
#71930=CARTESIAN_POINT('',(-3.7,0.65,-1.08228756555327));
#71940=VERTEX_POINT('',#71930);
#71950=EDGE_CURVE('',#71940,#71830,#71920,.T.);
#71960=ORIENTED_EDGE('',*,*,#71950,.T.);
#71970=CARTESIAN_POINT('',(-3.7,0.65,0.));
#71980=DIRECTION('',(0.,0.,-1.));
#71990=VECTOR('',#71980,1.);
#72000=LINE('',#71970,#71990);
#72010=EDGE_CURVE('',#71940,#71850,#72000,.T.);
#72020=ORIENTED_EDGE('',*,*,#72010,.F.);
#72030=EDGE_LOOP('',(#72020,#71960,#71870));
#72040=FACE_OUTER_BOUND('',#72030,.T.);
#72050=ADVANCED_FACE('',(#72040),#71770,.F.);
#72060=CARTESIAN_POINT('',(-3.69999999999114,3.05725881205135,
-1.14999999999999));
#72070=DIRECTION('',(0.,0.,1.));
#72080=DIRECTION('',(1.,0.,0.));
#72090=AXIS2_PLACEMENT_3D('',#72060,#72070,#72080);
#72100=PLANE('',#72090);
#72110=ORIENTED_EDGE('',*,*,#71860,.F.);
#72120=CARTESIAN_POINT('',(-3.7,0.,-1.14999999999999));
#72130=DIRECTION('',(-1.92592994438725E-34,1.,0.));
#72140=VECTOR('',#72130,1.);
#72150=LINE('',#72120,#72140);
#72160=EDGE_CURVE('',#71610,#71850,#72150,.T.);
#72170=ORIENTED_EDGE('',*,*,#72160,.T.);
#72180=ORIENTED_EDGE('',*,*,#71620,.T.);
#72190=CARTESIAN_POINT('',(-3.85000000000001,0.399999999999999,
-1.14999999999999));
#72200=DIRECTION('',(0.,1.,0.));
#72210=VECTOR('',#72200,1.);
#72220=LINE('',#72190,#72210);
#72230=EDGE_CURVE('',#71510,#71830,#72220,.T.);
#72240=ORIENTED_EDGE('',*,*,#72230,.F.);
#72250=EDGE_LOOP('',(#72240,#72180,#72170,#72110));
#72260=FACE_OUTER_BOUND('',#72250,.T.);
#72270=ADVANCED_FACE('',(#72260),#72100,.T.);
#72280=CARTESIAN_POINT('',(-3.7,-1.99657082647116,2.6999975476481));
#72290=DIRECTION('',(1.,1.92592994438725E-34,0.));
#72300=DIRECTION('',(-5.67472333619398E-54,2.94648481515741E-20,-1.));
#72310=AXIS2_PLACEMENT_3D('',#72280,#72290,#72300);
#72320=PLANE('',#72310);
#72330=ORIENTED_EDGE('',*,*,#71680,.F.);
#72340=ORIENTED_EDGE('',*,*,#72160,.F.);
#72350=ORIENTED_EDGE('',*,*,#72010,.T.);
#72360=CARTESIAN_POINT('',(-3.7,0.65,-1.08228756555319));
#72370=DIRECTION('',(0.,1.,0.));
#72380=VECTOR('',#72370,1.);
#72390=LINE('',#72360,#72380);
#72400=EDGE_CURVE('',#71530,#71940,#72390,.T.);
#72410=ORIENTED_EDGE('',*,*,#72400,.T.);
#72420=EDGE_LOOP('',(#72410,#72350,#72340,#72330));
#72430=FACE_OUTER_BOUND('',#72420,.T.);
#72440=ADVANCED_FACE('',(#72430),#72320,.F.);
#72450=CARTESIAN_POINT('',(-3.85000000000001,0.65,-0.95000000000001));
#72460=DIRECTION('',(0.,1.,0.));
#72470=DIRECTION('',(1.,0.,0.));
#72480=AXIS2_PLACEMENT_3D('',#72450,#72460,#72470);
#72490=CYLINDRICAL_SURFACE('',#72480,0.199999999999975);
#72500=ORIENTED_EDGE('',*,*,#71540,.F.);
#72510=ORIENTED_EDGE('',*,*,#72400,.F.);
#72520=ORIENTED_EDGE('',*,*,#71950,.F.);
#72530=ORIENTED_EDGE('',*,*,#72230,.T.);
#72540=EDGE_LOOP('',(#72530,#72520,#72510,#72500));
#72550=FACE_OUTER_BOUND('',#72540,.T.);
#72560=ADVANCED_FACE('',(#72550),#72490,.T.);
#72570=CLOSED_SHELL('',(#71720,#72050,#72270,#72440,#72560));
#72580=ORIENTED_CLOSED_SHELL('',*,#72570,.T.);
#72590=CARTESIAN_POINT('',(-3.80000000000001,0.65,-2.50000000000001));
#72600=DIRECTION('',(0.,1.,0.));
#72610=DIRECTION('',(1.,0.,0.));
#72620=AXIS2_PLACEMENT_3D('',#72590,#72600,#72610);
#72630=CYLINDRICAL_SURFACE('',#72620,0.149999999999999);
#72640=CARTESIAN_POINT('',(-3.80000000000001,0.399999999999999,
-2.50000000000001));
#72650=DIRECTION('',(0.,-1.,-0.));
#72660=DIRECTION('',(1.,0.,-3.76868018274008E-9));
#72670=AXIS2_PLACEMENT_3D('',#72640,#72650,#72660);
#72680=CIRCLE('',#72670,0.149999999999999);
#72690=CARTESIAN_POINT('',(-3.69999999999998,0.399999999999999,
-2.38819660112505));
#72700=VERTEX_POINT('',#72690);
#72710=CARTESIAN_POINT('',(-3.80000000000019,0.399999999999999,
-2.35000000000002));
#72720=VERTEX_POINT('',#72710);
#72730=EDGE_CURVE('',#72700,#72720,#72680,.T.);
#72740=ORIENTED_EDGE('',*,*,#72730,.F.);
#72750=CARTESIAN_POINT('',(-3.80000000000001,0.65,-2.35000000000001));
#72760=DIRECTION('',(0.,-1.,0.));
#72770=VECTOR('',#72760,1.);
#72780=LINE('',#72750,#72770);
#72790=CARTESIAN_POINT('',(-3.80000000000019,0.65,-2.34999999999997));
#72800=VERTEX_POINT('',#72790);
#72810=EDGE_CURVE('',#72800,#72720,#72780,.T.);
#72820=ORIENTED_EDGE('',*,*,#72810,.T.);
#72830=CARTESIAN_POINT('',(-3.80000000000001,0.65,-2.50000000000001));
#72840=DIRECTION('',(0.,1.,0.));
#72850=DIRECTION('',(-2.38327875952868E-12,0.,1.));
#72860=AXIS2_PLACEMENT_3D('',#72830,#72840,#72850);
#72870=CIRCLE('',#72860,0.149999999999999);
#72880=CARTESIAN_POINT('',(-3.7,0.65,-2.38819660112503));
#72890=VERTEX_POINT('',#72880);
#72900=EDGE_CURVE('',#72800,#72890,#72870,.T.);
#72910=ORIENTED_EDGE('',*,*,#72900,.F.);
#72920=CARTESIAN_POINT('',(-3.7,0.65,-2.38819660112503));
#72930=DIRECTION('',(0.,1.,0.));
#72940=VECTOR('',#72930,1.);
#72950=LINE('',#72920,#72940);
#72960=EDGE_CURVE('',#72700,#72890,#72950,.T.);
#72970=ORIENTED_EDGE('',*,*,#72960,.T.);
#72980=EDGE_LOOP('',(#72970,#72910,#72820,#72740));
#72990=FACE_OUTER_BOUND('',#72980,.T.);
#73000=ADVANCED_FACE('',(#72990),#72630,.T.);
#73010=ORIENTED_EDGE('',*,*,#72730,.T.);
#73020=CARTESIAN_POINT('',(-3.69999999999114,0.399999999999999,
-2.34999999999998));
#73030=VERTEX_POINT('',#73020);
#73040=EDGE_CURVE('',#73030,#72700,#71670,.T.);
#73050=ORIENTED_EDGE('',*,*,#73040,.T.);
#73060=CARTESIAN_POINT('',(-3.69999999999114,0.399999999999999,
-2.34999999999999));
#73070=DIRECTION('',(-1.,0.,0.));
#73080=VECTOR('',#73070,1.);
#73090=LINE('',#73060,#73080);
#73100=EDGE_CURVE('',#73030,#72720,#73090,.T.);
#73110=ORIENTED_EDGE('',*,*,#73100,.F.);
#73120=EDGE_LOOP('',(#73110,#73050,#73010));
#73130=FACE_OUTER_BOUND('',#73120,.T.);
#73140=ADVANCED_FACE('',(#73130),#71440,.T.);
#73150=ORIENTED_EDGE('',*,*,#73040,.F.);
#73160=ORIENTED_EDGE('',*,*,#72960,.F.);
#73170=CARTESIAN_POINT('',(-3.7,0.65,-2.34999999999997));
#73180=VERTEX_POINT('',#73170);
#73190=EDGE_CURVE('',#73180,#72890,#72000,.T.);
#73200=ORIENTED_EDGE('',*,*,#73190,.T.);
#73210=CARTESIAN_POINT('',(-3.7,0.,-2.34999999999999));
#73220=DIRECTION('',(1.92592994438725E-34,-1.,0.));
#73230=VECTOR('',#73220,1.);
#73240=LINE('',#73210,#73230);
#73250=EDGE_CURVE('',#73180,#73030,#73240,.T.);
#73260=ORIENTED_EDGE('',*,*,#73250,.F.);
#73270=EDGE_LOOP('',(#73260,#73200,#73160,#73150));
#73280=FACE_OUTER_BOUND('',#73270,.T.);
#73290=ADVANCED_FACE('',(#73280),#72320,.F.);
#73300=ORIENTED_EDGE('',*,*,#72900,.T.);
#73310=CARTESIAN_POINT('',(-3.69999999999114,0.65,-2.34999999999997));
#73320=DIRECTION('',(-1.,0.,0.));
#73330=VECTOR('',#73320,1.);
#73340=LINE('',#73310,#73330);
#73350=EDGE_CURVE('',#73180,#72800,#73340,.T.);
#73360=ORIENTED_EDGE('',*,*,#73350,.T.);
#73370=ORIENTED_EDGE('',*,*,#73190,.F.);
#73380=EDGE_LOOP('',(#73370,#73360,#73300));
#73390=FACE_OUTER_BOUND('',#73380,.T.);
#73400=ADVANCED_FACE('',(#73390),#71770,.F.);
#73410=CARTESIAN_POINT('',(-5.41179267895584,3.05725881205135,
-2.34999999999999));
#73420=DIRECTION('',(0.,0.,-1.));
#73430=DIRECTION('',(-1.,0.,0.));
#73440=AXIS2_PLACEMENT_3D('',#73410,#73420,#73430);
#73450=PLANE('',#73440);
#73460=ORIENTED_EDGE('',*,*,#73250,.T.);
#73470=ORIENTED_EDGE('',*,*,#73350,.F.);
#73480=ORIENTED_EDGE('',*,*,#72810,.F.);
#73490=ORIENTED_EDGE('',*,*,#73100,.T.);
#73500=EDGE_LOOP('',(#73490,#73480,#73470,#73460));
#73510=FACE_OUTER_BOUND('',#73500,.T.);
#73520=ADVANCED_FACE('',(#73510),#73450,.T.);
#73530=CLOSED_SHELL('',(#73000,#73140,#73290,#73400,#73520));
#73540=ORIENTED_CLOSED_SHELL('',*,#73530,.T.);
#73550=CARTESIAN_POINT('',(-3.69999999999114,0.399999999999999,
1.14999999999861));
#73560=DIRECTION('',(-1.,0.,0.));
#73570=VECTOR('',#73560,1.);
#73580=LINE('',#73550,#73570);
#73590=CARTESIAN_POINT('',(-3.7,0.399999999999999,1.14999999999861));
#73600=VERTEX_POINT('',#73590);
#73610=CARTESIAN_POINT('',(-3.79641016150839,0.399999999999999,
1.15000000000003));
#73620=VERTEX_POINT('',#73610);
#73630=EDGE_CURVE('',#73600,#73620,#73580,.T.);
#73640=ORIENTED_EDGE('',*,*,#73630,.F.);
#73650=CARTESIAN_POINT('',(-3.79641016151379,0.399999999999999,
0.950000000000003));
#73660=DIRECTION('',(0.,-1.,0.));
#73670=DIRECTION('',(0.866025403784293,0.,0.500000000000252));
#73680=AXIS2_PLACEMENT_3D('',#73650,#73660,#73670);
#73690=CIRCLE('',#73680,0.200000000000007);
#73700=CARTESIAN_POINT('',(-3.69999999999998,0.399999999999999,
1.12522865278511));
#73710=VERTEX_POINT('',#73700);
#73720=EDGE_CURVE('',#73710,#73620,#73690,.T.);
#73730=ORIENTED_EDGE('',*,*,#73720,.T.);
#73740=EDGE_CURVE('',#73600,#73710,#71020,.T.);
#73750=ORIENTED_EDGE('',*,*,#73740,.T.);
#73760=EDGE_LOOP('',(#73750,#73730,#73640));
#73770=FACE_OUTER_BOUND('',#73760,.T.);
#73780=ADVANCED_FACE('',(#73770),#71310,.T.);
#73790=CARTESIAN_POINT('',(-3.7,0.649999999999999,1.14999999999861));
#73800=VERTEX_POINT('',#73790);
#73810=CARTESIAN_POINT('',(-3.69999999999999,0.649999999999999,
1.12522865278512));
#73820=VERTEX_POINT('',#73810);
#73830=EDGE_CURVE('',#73800,#73820,#70290,.T.);
#73840=ORIENTED_EDGE('',*,*,#73830,.T.);
#73850=CARTESIAN_POINT('',(-3.7,0.,1.14999999999861));
#73860=DIRECTION('',(1.92592994438725E-34,-1.,4.27642353614751E-50));
#73870=VECTOR('',#73860,1.);
#73880=LINE('',#73850,#73870);
#73890=EDGE_CURVE('',#73800,#73600,#73880,.T.);
#73900=ORIENTED_EDGE('',*,*,#73890,.F.);
#73910=ORIENTED_EDGE('',*,*,#73740,.F.);
#73920=CARTESIAN_POINT('',(-3.7,0.65,1.12522865278512));
#73930=DIRECTION('',(0.,1.,0.));
#73940=VECTOR('',#73930,1.);
#73950=LINE('',#73920,#73940);
#73960=EDGE_CURVE('',#73710,#73820,#73950,.T.);
#73970=ORIENTED_EDGE('',*,*,#73960,.F.);
#73980=EDGE_LOOP('',(#73970,#73910,#73900,#73840));
#73990=FACE_OUTER_BOUND('',#73980,.T.);
#74000=ADVANCED_FACE('',(#73990),#70890,.F.);
#74010=CARTESIAN_POINT('',(-3.79641016151379,0.65,0.950000000000003));
#74020=DIRECTION('',(0.,1.,0.));
#74030=DIRECTION('',(1.,0.,0.));
#74040=AXIS2_PLACEMENT_3D('',#74010,#74020,#74030);
#74050=CYLINDRICAL_SURFACE('',#74040,0.200000000000007);
#74060=ORIENTED_EDGE('',*,*,#73720,.F.);
#74070=CARTESIAN_POINT('',(-3.79641016151379,0.65,1.15000000000001));
#74080=DIRECTION('',(0.,-1.,0.));
#74090=VECTOR('',#74080,1.);
#74100=LINE('',#74070,#74090);
#74110=CARTESIAN_POINT('',(-3.79641016151379,0.649999999999999,
1.15000000000001));
#74120=VERTEX_POINT('',#74110);
#74130=EDGE_CURVE('',#74120,#73620,#74100,.T.);
#74140=ORIENTED_EDGE('',*,*,#74130,.T.);
#74150=CARTESIAN_POINT('',(-3.79641016151379,0.65,0.950000000000003));
#74160=DIRECTION('',(-0.,1.,0.));
#74170=DIRECTION('',(5.39723821191255E-11,0.,1.));
#74180=AXIS2_PLACEMENT_3D('',#74150,#74160,#74170);
#74190=CIRCLE('',#74180,0.200000000000007);
#74200=EDGE_CURVE('',#74120,#73820,#74190,.T.);
#74210=ORIENTED_EDGE('',*,*,#74200,.F.);
#74220=ORIENTED_EDGE('',*,*,#73960,.T.);
#74230=EDGE_LOOP('',(#74220,#74210,#74140,#74060));
#74240=FACE_OUTER_BOUND('',#74230,.T.);
#74250=ADVANCED_FACE('',(#74240),#74050,.T.);
#74260=ORIENTED_EDGE('',*,*,#74200,.T.);
#74270=CARTESIAN_POINT('',(-3.69999999999114,0.65,1.14999999999861));
#74280=DIRECTION('',(-1.,0.,0.));
#74290=VECTOR('',#74280,1.);
#74300=LINE('',#74270,#74290);
#74310=EDGE_CURVE('',#73800,#74120,#74300,.T.);
#74320=ORIENTED_EDGE('',*,*,#74310,.T.);
#74330=ORIENTED_EDGE('',*,*,#73830,.F.);
#74340=EDGE_LOOP('',(#74330,#74320,#74260));
#74350=FACE_OUTER_BOUND('',#74340,.T.);
#74360=ADVANCED_FACE('',(#74350),#70250,.F.);
#74370=CARTESIAN_POINT('',(-3.69999999999114,3.05725881205135,
1.14999999999861));
#74380=DIRECTION('',(2.07817167380934E-16,0.,-1.));
#74390=DIRECTION('',(-1.,0.,-2.07817167380934E-16));
#74400=AXIS2_PLACEMENT_3D('',#74370,#74380,#74390);
#74410=PLANE('',#74400);
#74420=ORIENTED_EDGE('',*,*,#73890,.T.);
#74430=ORIENTED_EDGE('',*,*,#74310,.F.);
#74440=ORIENTED_EDGE('',*,*,#74130,.F.);
#74450=ORIENTED_EDGE('',*,*,#73630,.T.);
#74460=EDGE_LOOP('',(#74450,#74440,#74430,#74420));
#74470=FACE_OUTER_BOUND('',#74460,.T.);
#74480=ADVANCED_FACE('',(#74470),#74410,.T.);
#74490=CLOSED_SHELL('',(#73780,#74000,#74250,#74360,#74480));
#74500=ORIENTED_CLOSED_SHELL('',*,#74490,.T.);
#74510=CARTESIAN_POINT('',(-2.3,0.699999999999999,2.34999999999995));
#74520=DIRECTION('',(-1.92592994438725E-34,1.,2.94648481515741E-20));
#74530=DIRECTION('',(1.,0.,-6.54251056699231E-36));
#74540=AXIS2_PLACEMENT_3D('',#74510,#74520,#74530);
#74550=TOROIDAL_SURFACE('',#74540,0.25,0.25);
#74560=CARTESIAN_POINT('',(-2.72372403113831,0.873493515728965,
2.2768020120774));
#74570=CARTESIAN_POINT('',(-2.6922056151406,0.912375888673531,
2.31450729634059));
#74580=CARTESIAN_POINT('',(-2.65267582254479,0.932051185270598,
2.35998359124026));
#74590=CARTESIAN_POINT('',(-2.6114063196109,0.941078287983882,
2.40479875122562));
#74600=CARTESIAN_POINT('',(-2.57027397044217,0.950075390308559,
2.44946497392094));
#74610=CARTESIAN_POINT('',(-2.52679723445236,0.949723953284893,
2.49430260039689));
#74620=CARTESIAN_POINT('',(-2.48303346695629,0.949723091337001,
2.53713318569898));
#74630=CARTESIAN_POINT('',(-2.43928411349063,0.949722229672999,
2.57994966432346));
#74640=CARTESIAN_POINT('',(-2.39348937146459,0.95006803049723,
2.62247879494882));
#74650=CARTESIAN_POINT('',(-2.34795024189351,0.941050656300308,
2.66263584847651));
#74660=CARTESIAN_POINT('',(-2.30223041002273,0.931997500561882,
2.70295224786765));
#74670=CARTESIAN_POINT('',(-2.25597235547204,0.912264844673391,
2.74143941306582));
#74680=CARTESIAN_POINT('',(-2.21770764516232,0.873493515728977,
2.7720520919688));
#74690=B_SPLINE_CURVE_WITH_KNOTS('',3,(#74560,#74570,#74580,#74590,
#74600,#74610,#74620,#74630,#74640,#74650,#74660,#74670,#74680),
.UNSPECIFIED.,.F.,.F.,(4,3,3,3,4),(0.,0.18532387096456,0.370082782410332
,0.554861061469913,0.739996788595186),.UNSPECIFIED.);
#74700=SURFACE_CURVE('',#74690,(#74550,#17570),.CURVE_3D.);
#74710=CARTESIAN_POINT('',(-2.72372403113832,0.87349351572896,
2.27680201207739));
#74720=VERTEX_POINT('',#74710);
#74730=CARTESIAN_POINT('',(-2.21770764516232,0.87349351572896,
2.77205209196881));
#74740=VERTEX_POINT('',#74730);
#74750=EDGE_CURVE('',#74720,#74740,#74700,.T.);
#74760=ORIENTED_EDGE('',*,*,#74750,.T.);
#74770=CARTESIAN_POINT('',(-2.72372403113832,0.649999999999999,
2.27680201207739));
#74780=DIRECTION('',(0.,1.,0.));
#74790=VECTOR('',#74780,1.);
#74800=LINE('',#74770,#74790);
#74810=CARTESIAN_POINT('',(-2.72372403113832,3.05,2.27680201207739));
#74820=VERTEX_POINT('',#74810);
#74830=EDGE_CURVE('',#74720,#74820,#74800,.T.);
#74840=ORIENTED_EDGE('',*,*,#74830,.F.);
#74850=CARTESIAN_POINT('',(0.,3.05,0.));
#74860=DIRECTION('',(0.,1.,0.));
#74870=DIRECTION('',(0.,0.,1.));
#74880=AXIS2_PLACEMENT_3D('',#74850,#74860,#74870);
#74890=CIRCLE('',#74880,3.55000000000001);
#74900=CARTESIAN_POINT('',(-2.21770764516232,3.05,2.77205209196881));
#74910=VERTEX_POINT('',#74900);
#74920=EDGE_CURVE('',#74820,#74910,#74890,.T.);
#74930=ORIENTED_EDGE('',*,*,#74920,.F.);
#74940=CARTESIAN_POINT('',(-2.21770764516232,0.649999999999999,
2.77205209196881));
#74950=DIRECTION('',(0.,1.,0.));
#74960=VECTOR('',#74950,1.);
#74970=LINE('',#74940,#74960);
#74980=EDGE_CURVE('',#74740,#74910,#74970,.T.);
#74990=ORIENTED_EDGE('',*,*,#74980,.T.);
#75000=EDGE_LOOP('',(#74990,#74930,#74840,#74760));
#75010=FACE_OUTER_BOUND('',#75000,.T.);
#75020=ADVANCED_FACE('',(#75010),#17570,.T.);
#75030=CARTESIAN_POINT('',(-2.3,3.05,2.34999999999995));
#75040=DIRECTION('',(0.,1.,0.));
#75050=DIRECTION('',(1.,0.,0.));
#75060=AXIS2_PLACEMENT_3D('',#75030,#75040,#75050);
#75070=CIRCLE('',#75060,0.430000000000021);
#75080=EDGE_CURVE('',#74820,#74910,#75070,.T.);
#75090=ORIENTED_EDGE('',*,*,#75080,.F.);
#75100=ORIENTED_EDGE('',*,*,#74920,.T.);
#75110=EDGE_LOOP('',(#75100,#75090));
#75120=FACE_OUTER_BOUND('',#75110,.T.);
#75130=ADVANCED_FACE('',(#75120),#31400,.F.);
#75140=CARTESIAN_POINT('',(-2.3,0.649999999999999,2.34999999999995));
#75150=DIRECTION('',(0.,1.,0.));
#75160=DIRECTION('',(1.,0.,0.));
#75170=AXIS2_PLACEMENT_3D('',#75140,#75150,#75160);
#75180=CYLINDRICAL_SURFACE('',#75170,0.430000000000021);
#75190=ORIENTED_EDGE('',*,*,#74980,.F.);
#75200=ORIENTED_EDGE('',*,*,#75080,.T.);
#75210=ORIENTED_EDGE('',*,*,#74830,.T.);
#75220=CARTESIAN_POINT('',(-2.3,0.873493515728953,2.34999999999995));
#75230=DIRECTION('',(-9.62964972193624E-35,1.,1.47324240757871E-20));
#75240=DIRECTION('',(1.,9.62964972193624E-35,4.25604250214549E-54));
#75250=AXIS2_PLACEMENT_3D('',#75220,#75230,#75240);
#75260=CIRCLE('',#75250,0.430000000000021);
#75270=EDGE_CURVE('',#74720,#74740,#75260,.T.);
#75280=ORIENTED_EDGE('',*,*,#75270,.F.);
#75290=EDGE_LOOP('',(#75280,#75210,#75200,#75190));
#75300=FACE_OUTER_BOUND('',#75290,.T.);
#75310=ADVANCED_FACE('',(#75300),#75180,.F.);
#75320=ORIENTED_EDGE('',*,*,#75270,.T.);
#75330=ORIENTED_EDGE('',*,*,#74750,.F.);
#75340=EDGE_LOOP('',(#75330,#75320));
#75350=FACE_OUTER_BOUND('',#75340,.T.);
#75360=ADVANCED_FACE('',(#75350),#74550,.T.);
#75370=CLOSED_SHELL('',(#75020,#75130,#75310,#75360));
#75380=ORIENTED_CLOSED_SHELL('',*,#75370,.T.);
#75390=CARTESIAN_POINT('',(0.,3.05,0.));
#75400=DIRECTION('',(0.,1.,0.));
#75410=DIRECTION('',(0.,0.,1.));
#75420=AXIS2_PLACEMENT_3D('',#75390,#75400,#75410);
#75430=CIRCLE('',#75420,3.55000000000001);
#75440=CARTESIAN_POINT('',(2.65196153818264,3.05,2.36));
#75450=VERTEX_POINT('',#75440);
#75460=CARTESIAN_POINT('',(3.12,3.05,1.69354657449981));
#75470=VERTEX_POINT('',#75460);
#75480=EDGE_CURVE('',#75450,#75470,#75430,.T.);
#75490=ORIENTED_EDGE('',*,*,#75480,.F.);
#75500=CARTESIAN_POINT('',(3.12,0.649999999999999,1.69354657449981));
#75510=DIRECTION('',(0.,1.,0.));
#75520=VECTOR('',#75510,1.);
#75530=LINE('',#75500,#75520);
#75540=CARTESIAN_POINT('',(3.12,0.649999999999999,1.69354657449981));
#75550=VERTEX_POINT('',#75540);
#75560=EDGE_CURVE('',#75550,#75470,#75530,.T.);
#75570=ORIENTED_EDGE('',*,*,#75560,.T.);
#75580=CARTESIAN_POINT('',(0.,0.649999999999999,0.));
#75590=DIRECTION('',(0.,1.,0.));
#75600=DIRECTION('',(0.,0.,1.));
#75610=AXIS2_PLACEMENT_3D('',#75580,#75590,#75600);
#75620=CIRCLE('',#75610,3.55000000000001);
#75630=CARTESIAN_POINT('',(2.95323551380515,0.649999999999999,
1.97000000000002));
#75640=VERTEX_POINT('',#75630);
#75650=EDGE_CURVE('',#75640,#75550,#75620,.T.);
#75660=ORIENTED_EDGE('',*,*,#75650,.T.);
#75670=CARTESIAN_POINT('',(2.95323551380515,0.649999999999999,
1.97000000000002));
#75680=DIRECTION('',(0.,1.,0.));
#75690=VECTOR('',#75680,1.);
#75700=LINE('',#75670,#75690);
#75710=CARTESIAN_POINT('',(2.95323551380515,0.999999999999999,
1.97000000000002));
#75720=VERTEX_POINT('',#75710);
#75730=EDGE_CURVE('',#75640,#75720,#75700,.T.);
#75740=ORIENTED_EDGE('',*,*,#75730,.F.);
#75750=CARTESIAN_POINT('',(0.,0.999999999999999,0.));
#75760=DIRECTION('',(0.,1.,0.));
#75770=DIRECTION('',(0.,0.,1.));
#75780=AXIS2_PLACEMENT_3D('',#75750,#75760,#75770);
#75790=CIRCLE('',#75780,3.55000000000001);
#75800=CARTESIAN_POINT('',(2.65196153818264,0.999999999999999,2.36));
#75810=VERTEX_POINT('',#75800);
#75820=EDGE_CURVE('',#75810,#75720,#75790,.T.);
#75830=ORIENTED_EDGE('',*,*,#75820,.T.);
#75840=CARTESIAN_POINT('',(2.65196153818264,0.649999999999999,2.36));
#75850=DIRECTION('',(0.,1.,0.));
#75860=VECTOR('',#75850,1.);
#75870=LINE('',#75840,#75860);
#75880=EDGE_CURVE('',#75810,#75450,#75870,.T.);
#75890=ORIENTED_EDGE('',*,*,#75880,.F.);
#75900=EDGE_LOOP('',(#75890,#75830,#75740,#75660,#75570,#75490));
#75910=FACE_OUTER_BOUND('',#75900,.T.);
#75920=ADVANCED_FACE('',(#75910),#17570,.T.);
#75930=CARTESIAN_POINT('',(0.,0.649999999999999,0.));
#75940=DIRECTION('',(0.,1.,0.));
#75950=DIRECTION('',(0.,0.,1.));
#75960=AXIS2_PLACEMENT_3D('',#75930,#75940,#75950);
#75970=PLANE('',#75960);
#75980=CARTESIAN_POINT('',(3.12,0.649999999999999,0.));
#75990=DIRECTION('',(0.,-2.94648481515741E-20,1.));
#76000=VECTOR('',#75990,1.);
#76010=LINE('',#75980,#76000);
#76020=CARTESIAN_POINT('',(3.12,0.649999999999999,1.97000000000002));
#76030=VERTEX_POINT('',#76020);
#76040=EDGE_CURVE('',#75550,#76030,#76010,.T.);
#76050=ORIENTED_EDGE('',*,*,#76040,.F.);
#76060=CARTESIAN_POINT('',(-0.449818700338769,0.649999999999999,
1.97000000000002));
#76070=DIRECTION('',(1.,0.,0.));
#76080=VECTOR('',#76070,1.);
#76090=LINE('',#76060,#76080);
#76100=EDGE_CURVE('',#75640,#76030,#76090,.T.);
#76110=ORIENTED_EDGE('',*,*,#76100,.T.);
#76120=ORIENTED_EDGE('',*,*,#75650,.F.);
#76130=EDGE_LOOP('',(#76120,#76110,#76050));
#76140=FACE_OUTER_BOUND('',#76130,.T.);
#76150=ADVANCED_FACE('',(#76140),#75970,.T.);
#76160=CARTESIAN_POINT('',(3.12,0.649999999999999,0.375000000000021));
#76170=DIRECTION('',(1.,0.,0.));
#76180=DIRECTION('',(0.,0.,-1.));
#76190=AXIS2_PLACEMENT_3D('',#76160,#76170,#76180);
#76200=PLANE('',#76190);
#76210=CARTESIAN_POINT('',(3.12,3.05,2.36));
#76220=DIRECTION('',(0.,-1.,0.));
#76230=VECTOR('',#76220,1.);
#76240=LINE('',#76210,#76230);
#76250=CARTESIAN_POINT('',(3.12,3.05,2.36));
#76260=VERTEX_POINT('',#76250);
#76270=CARTESIAN_POINT('',(3.12,0.999999999999999,2.36));
#76280=VERTEX_POINT('',#76270);
#76290=EDGE_CURVE('',#76260,#76280,#76240,.T.);
#76300=ORIENTED_EDGE('',*,*,#76290,.F.);
#76310=CARTESIAN_POINT('',(3.12,0.999999999999999,1.97000000000002));
#76320=DIRECTION('',(0.,0.,1.));
#76330=VECTOR('',#76320,1.);
#76340=LINE('',#76310,#76330);
#76350=CARTESIAN_POINT('',(3.12,0.999999999999999,1.97000000000002));
#76360=VERTEX_POINT('',#76350);
#76370=EDGE_CURVE('',#76360,#76280,#76340,.T.);
#76380=ORIENTED_EDGE('',*,*,#76370,.T.);
#76390=CARTESIAN_POINT('',(3.12,0.649999999999999,1.97000000000002));
#76400=DIRECTION('',(0.,1.,0.));
#76410=VECTOR('',#76400,1.);
#76420=LINE('',#76390,#76410);
#76430=EDGE_CURVE('',#76030,#76360,#76420,.T.);
#76440=ORIENTED_EDGE('',*,*,#76430,.T.);
#76450=ORIENTED_EDGE('',*,*,#76040,.T.);
#76460=ORIENTED_EDGE('',*,*,#75560,.F.);
#76470=CARTESIAN_POINT('',(3.12,3.05,0.));
#76480=DIRECTION('',(0.,-0.,1.));
#76490=VECTOR('',#76480,1.);
#76500=LINE('',#76470,#76490);
#76510=EDGE_CURVE('',#75470,#76260,#76500,.T.);
#76520=ORIENTED_EDGE('',*,*,#76510,.F.);
#76530=EDGE_LOOP('',(#76520,#76460,#76450,#76440,#76380,#76300));
#76540=FACE_OUTER_BOUND('',#76530,.T.);
#76550=ADVANCED_FACE('',(#76540),#76200,.F.);
#76560=CARTESIAN_POINT('',(0.704367328411362,0.999999999999999,
1.97000000000002));
#76570=DIRECTION('',(0.,0.,1.));
#76580=DIRECTION('',(1.,0.,0.));
#76590=AXIS2_PLACEMENT_3D('',#76560,#76570,#76580);
#76600=PLANE('',#76590);
#76610=ORIENTED_EDGE('',*,*,#76430,.F.);
#76620=CARTESIAN_POINT('',(-0.7043673284114,0.999999999999999,
1.97000000000002));
#76630=DIRECTION('',(1.,0.,0.));
#76640=VECTOR('',#76630,1.);
#76650=LINE('',#76620,#76640);
#76660=EDGE_CURVE('',#75720,#76360,#76650,.T.);
#76670=ORIENTED_EDGE('',*,*,#76660,.T.);
#76680=ORIENTED_EDGE('',*,*,#75730,.T.);
#76690=ORIENTED_EDGE('',*,*,#76100,.F.);
#76700=EDGE_LOOP('',(#76690,#76680,#76670,#76610));
#76710=FACE_OUTER_BOUND('',#76700,.T.);
#76720=ADVANCED_FACE('',(#76710),#76600,.F.);
#76730=CARTESIAN_POINT('',(0.,0.999999999999999,0.));
#76740=DIRECTION('',(0.,1.,0.));
#76750=DIRECTION('',(0.,0.,1.));
#76760=AXIS2_PLACEMENT_3D('',#76730,#76740,#76750);
#76770=PLANE('',#76760);
#76780=ORIENTED_EDGE('',*,*,#76660,.F.);
#76790=ORIENTED_EDGE('',*,*,#76370,.F.);
#76800=CARTESIAN_POINT('',(3.12,0.999999999999999,2.36));
#76810=DIRECTION('',(-1.,0.,3.86601669979484E-16));
#76820=VECTOR('',#76810,1.);
#76830=LINE('',#76800,#76820);
#76840=EDGE_CURVE('',#76280,#75810,#76830,.T.);
#76850=ORIENTED_EDGE('',*,*,#76840,.F.);
#76860=ORIENTED_EDGE('',*,*,#75820,.F.);
#76870=EDGE_LOOP('',(#76860,#76850,#76790,#76780));
#76880=FACE_OUTER_BOUND('',#76870,.T.);
#76890=ADVANCED_FACE('',(#76880),#76770,.T.);
#76900=CARTESIAN_POINT('',(1.97130033226802,0.649999999999999,2.36));
#76910=DIRECTION('',(3.7754069333934E-16,0.,1.));
#76920=DIRECTION('',(1.,0.,-3.7754069333934E-16));
#76930=AXIS2_PLACEMENT_3D('',#76900,#76910,#76920);
#76940=PLANE('',#76930);
#76950=ORIENTED_EDGE('',*,*,#76840,.T.);
#76960=ORIENTED_EDGE('',*,*,#76290,.T.);
#76970=CARTESIAN_POINT('',(0.,3.05,2.36));
#76980=DIRECTION('',(-1.,0.,3.7754069333934E-16));
#76990=VECTOR('',#76980,1.);
#77000=LINE('',#76970,#76990);
#77010=EDGE_CURVE('',#76260,#75450,#77000,.T.);
#77020=ORIENTED_EDGE('',*,*,#77010,.F.);
#77030=ORIENTED_EDGE('',*,*,#75880,.T.);
#77040=EDGE_LOOP('',(#77030,#77020,#76960,#76950));
#77050=FACE_OUTER_BOUND('',#77040,.T.);
#77060=ADVANCED_FACE('',(#77050),#76940,.F.);
#77070=ORIENTED_EDGE('',*,*,#77010,.T.);
#77080=ORIENTED_EDGE('',*,*,#76510,.T.);
#77090=ORIENTED_EDGE('',*,*,#75480,.T.);
#77100=EDGE_LOOP('',(#77090,#77080,#77070));
#77110=FACE_OUTER_BOUND('',#77100,.T.);
#77120=ADVANCED_FACE('',(#77110),#31400,.F.);
#77130=CLOSED_SHELL('',(#75920,#76150,#76550,#76720,#76890,#77060,#77120
));
#77140=ORIENTED_CLOSED_SHELL('',*,#77130,.T.);
#77150=CARTESIAN_POINT('',(2.13888888888889,7.61,2.13888888888889));
#77160=DIRECTION('',(0.,-1.,0.));
#77170=DIRECTION('',(0.,0.,-1.));
#77180=AXIS2_PLACEMENT_3D('',#77150,#77160,#77170);
#77190=CYLINDRICAL_SURFACE('',#77180,0.4);
#77200=CARTESIAN_POINT('',(2.13888888888889,7.61,2.53888888888889));
#77210=DIRECTION('',(0.,-1.,0.));
#77220=VECTOR('',#77210,1.);
#77230=LINE('',#77200,#77220);
#77240=CARTESIAN_POINT('',(2.13888888888889,7.61,2.53888888888889));
#77250=VERTEX_POINT('',#77240);
#77260=CARTESIAN_POINT('',(2.13888888888889,7.56,2.53888888888889));
#77270=VERTEX_POINT('',#77260);
#77280=EDGE_CURVE('',#77250,#77270,#77230,.T.);
#77290=ORIENTED_EDGE('',*,*,#77280,.F.);
#77300=CARTESIAN_POINT('',(2.13888888888889,7.56,2.13888888888889));
#77310=DIRECTION('',(0.,-1.,0.));
#77320=DIRECTION('',(0.,0.,-1.));
#77330=AXIS2_PLACEMENT_3D('',#77300,#77310,#77320);
#77340=CIRCLE('',#77330,0.4);
#77350=CARTESIAN_POINT('',(2.13888888888889,7.56,1.73888888888889));
#77360=VERTEX_POINT('',#77350);
#77370=EDGE_CURVE('',#77360,#77270,#77340,.T.);
#77380=ORIENTED_EDGE('',*,*,#77370,.T.);
#77390=CARTESIAN_POINT('',(2.13888888888889,7.61,1.73888888888889));
#77400=DIRECTION('',(0.,-1.,0.));
#77410=VECTOR('',#77400,1.);
#77420=LINE('',#77390,#77410);
#77430=CARTESIAN_POINT('',(2.13888888888889,7.61,1.73888888888889));
#77440=VERTEX_POINT('',#77430);
#77450=EDGE_CURVE('',#77440,#77360,#77420,.T.);
#77460=ORIENTED_EDGE('',*,*,#77450,.T.);
#77470=CARTESIAN_POINT('',(2.13888888888889,7.61,2.13888888888889));
#77480=DIRECTION('',(0.,-1.,0.));
#77490=DIRECTION('',(0.,0.,-1.));
#77500=AXIS2_PLACEMENT_3D('',#77470,#77480,#77490);
#77510=CIRCLE('',#77500,0.4);
#77520=EDGE_CURVE('',#77440,#77250,#77510,.T.);
#77530=ORIENTED_EDGE('',*,*,#77520,.F.);
#77540=EDGE_LOOP('',(#77530,#77460,#77380,#77290));
#77550=FACE_OUTER_BOUND('',#77540,.T.);
#77560=ADVANCED_FACE('',(#77550),#77190,.F.);
#77570=CARTESIAN_POINT('',(2.13888888888889,7.61,2.13888888888889));
#77580=DIRECTION('',(0.,-1.,0.));
#77590=DIRECTION('',(0.,0.,-1.));
#77600=AXIS2_PLACEMENT_3D('',#77570,#77580,#77590);
#77610=PLANE('',#77600);
#77620=EDGE_CURVE('',#77250,#77440,#77510,.T.);
#77630=ORIENTED_EDGE('',*,*,#77620,.T.);
#77640=ORIENTED_EDGE('',*,*,#77520,.T.);
#77650=EDGE_LOOP('',(#77640,#77630));
#77660=FACE_OUTER_BOUND('',#77650,.T.);
#77670=ADVANCED_FACE('',(#77660),#77610,.T.);
#77680=CARTESIAN_POINT('',(-3.93,7.56,5.42976580892665E-20));
#77690=DIRECTION('',(0.,1.,0.));
#77700=DIRECTION('',(0.,0.,1.));
#77710=AXIS2_PLACEMENT_3D('',#77680,#77690,#77700);
#77720=PLANE('',#77710);
#77730=EDGE_CURVE('',#77270,#77360,#77340,.T.);
#77740=ORIENTED_EDGE('',*,*,#77730,.F.);
#77750=ORIENTED_EDGE('',*,*,#77370,.F.);
#77760=EDGE_LOOP('',(#77750,#77740));
#77770=FACE_OUTER_BOUND('',#77760,.T.);
#77780=ADVANCED_FACE('',(#77770),#77720,.T.);
#77790=CARTESIAN_POINT('',(2.13888888888889,7.61,2.13888888888889));
#77800=DIRECTION('',(0.,-1.,0.));
#77810=DIRECTION('',(0.,0.,-1.));
#77820=AXIS2_PLACEMENT_3D('',#77790,#77800,#77810);
#77830=CYLINDRICAL_SURFACE('',#77820,0.4);
#77840=ORIENTED_EDGE('',*,*,#77730,.T.);
#77850=ORIENTED_EDGE('',*,*,#77280,.T.);
#77860=ORIENTED_EDGE('',*,*,#77620,.F.);
#77870=ORIENTED_EDGE('',*,*,#77450,.F.);
#77880=EDGE_LOOP('',(#77870,#77860,#77850,#77840));
#77890=FACE_OUTER_BOUND('',#77880,.T.);
#77900=ADVANCED_FACE('',(#77890),#77830,.F.);
#77910=CLOSED_SHELL('',(#77560,#77670,#77780,#77900));
#77920=ORIENTED_CLOSED_SHELL('',*,#77910,.T.);
#77930=CARTESIAN_POINT('',(-2.13888888888889,7.61,-2.13888888888889));
#77940=DIRECTION('',(0.,-1.,0.));
#77950=DIRECTION('',(0.,0.,-1.));
#77960=AXIS2_PLACEMENT_3D('',#77930,#77940,#77950);
#77970=CYLINDRICAL_SURFACE('',#77960,0.4);
#77980=CARTESIAN_POINT('',(-2.13888888888889,7.61,-1.73888888888889));
#77990=DIRECTION('',(0.,-1.,0.));
#78000=VECTOR('',#77990,1.);
#78010=LINE('',#77980,#78000);
#78020=CARTESIAN_POINT('',(-2.13888888888889,7.61,-1.73888888888889));
#78030=VERTEX_POINT('',#78020);
#78040=CARTESIAN_POINT('',(-2.13888888888889,7.56,-1.73888888888889));
#78050=VERTEX_POINT('',#78040);
#78060=EDGE_CURVE('',#78030,#78050,#78010,.T.);
#78070=ORIENTED_EDGE('',*,*,#78060,.T.);
#78080=CARTESIAN_POINT('',(-2.13888888888889,7.61,-2.13888888888889));
#78090=DIRECTION('',(0.,-1.,0.));
#78100=DIRECTION('',(0.,0.,-1.));
#78110=AXIS2_PLACEMENT_3D('',#78080,#78090,#78100);
#78120=CIRCLE('',#78110,0.4);
#78130=CARTESIAN_POINT('',(-2.13888888888889,7.61,-2.53888888888889));
#78140=VERTEX_POINT('',#78130);
#78150=EDGE_CURVE('',#78030,#78140,#78120,.T.);
#78160=ORIENTED_EDGE('',*,*,#78150,.F.);
#78170=CARTESIAN_POINT('',(-2.13888888888889,7.61,-2.53888888888889));
#78180=DIRECTION('',(0.,-1.,0.));
#78190=VECTOR('',#78180,1.);
#78200=LINE('',#78170,#78190);
#78210=CARTESIAN_POINT('',(-2.13888888888889,7.56,-2.53888888888889));
#78220=VERTEX_POINT('',#78210);
#78230=EDGE_CURVE('',#78140,#78220,#78200,.T.);
#78240=ORIENTED_EDGE('',*,*,#78230,.F.);
#78250=CARTESIAN_POINT('',(-2.13888888888889,7.56,-2.13888888888889));
#78260=DIRECTION('',(0.,-1.,0.));
#78270=DIRECTION('',(0.,0.,-1.));
#78280=AXIS2_PLACEMENT_3D('',#78250,#78260,#78270);
#78290=CIRCLE('',#78280,0.4);
#78300=EDGE_CURVE('',#78050,#78220,#78290,.T.);
#78310=ORIENTED_EDGE('',*,*,#78300,.T.);
#78320=EDGE_LOOP('',(#78310,#78240,#78160,#78070));
#78330=FACE_OUTER_BOUND('',#78320,.T.);
#78340=ADVANCED_FACE('',(#78330),#77970,.F.);
#78350=EDGE_CURVE('',#78220,#78050,#78290,.T.);
#78360=ORIENTED_EDGE('',*,*,#78350,.F.);
#78370=ORIENTED_EDGE('',*,*,#78300,.F.);
#78380=EDGE_LOOP('',(#78370,#78360));
#78390=FACE_OUTER_BOUND('',#78380,.T.);
#78400=ADVANCED_FACE('',(#78390),#77720,.T.);
#78410=CARTESIAN_POINT('',(-2.13888888888889,7.61,-2.13888888888889));
#78420=DIRECTION('',(0.,-1.,0.));
#78430=DIRECTION('',(0.,0.,-1.));
#78440=AXIS2_PLACEMENT_3D('',#78410,#78420,#78430);
#78450=PLANE('',#78440);
#78460=EDGE_CURVE('',#78140,#78030,#78120,.T.);
#78470=ORIENTED_EDGE('',*,*,#78460,.T.);
#78480=ORIENTED_EDGE('',*,*,#78150,.T.);
#78490=EDGE_LOOP('',(#78480,#78470));
#78500=FACE_OUTER_BOUND('',#78490,.T.);
#78510=ADVANCED_FACE('',(#78500),#78450,.T.);
#78520=CARTESIAN_POINT('',(-2.13888888888889,7.61,-2.13888888888889));
#78530=DIRECTION('',(0.,-1.,0.));
#78540=DIRECTION('',(0.,0.,-1.));
#78550=AXIS2_PLACEMENT_3D('',#78520,#78530,#78540);
#78560=CYLINDRICAL_SURFACE('',#78550,0.4);
#78570=ORIENTED_EDGE('',*,*,#78460,.F.);
#78580=ORIENTED_EDGE('',*,*,#78060,.F.);
#78590=ORIENTED_EDGE('',*,*,#78350,.T.);
#78600=ORIENTED_EDGE('',*,*,#78230,.T.);
#78610=EDGE_LOOP('',(#78600,#78590,#78580,#78570));
#78620=FACE_OUTER_BOUND('',#78610,.T.);
#78630=ADVANCED_FACE('',(#78620),#78560,.F.);
#78640=CLOSED_SHELL('',(#78340,#78400,#78510,#78630));
#78650=ORIENTED_CLOSED_SHELL('',*,#78640,.T.);
#78660=CARTESIAN_POINT('',(-2.13888888888889,7.61,2.13888888888889));
#78670=DIRECTION('',(0.,-1.,0.));
#78680=DIRECTION('',(0.,0.,-1.));
#78690=AXIS2_PLACEMENT_3D('',#78660,#78670,#78680);
#78700=CYLINDRICAL_SURFACE('',#78690,0.4);
#78710=CARTESIAN_POINT('',(-2.13888888888889,7.61,2.53888888888889));
#78720=DIRECTION('',(0.,-1.,0.));
#78730=VECTOR('',#78720,1.);
#78740=LINE('',#78710,#78730);
#78750=CARTESIAN_POINT('',(-2.13888888888889,7.61,2.53888888888889));
#78760=VERTEX_POINT('',#78750);
#78770=CARTESIAN_POINT('',(-2.13888888888889,7.56,2.53888888888889));
#78780=VERTEX_POINT('',#78770);
#78790=EDGE_CURVE('',#78760,#78780,#78740,.T.);
#78800=ORIENTED_EDGE('',*,*,#78790,.T.);
#78810=CARTESIAN_POINT('',(-2.13888888888889,7.61,2.13888888888889));
#78820=DIRECTION('',(0.,-1.,0.));
#78830=DIRECTION('',(0.,0.,-1.));
#78840=AXIS2_PLACEMENT_3D('',#78810,#78820,#78830);
#78850=CIRCLE('',#78840,0.4);
#78860=CARTESIAN_POINT('',(-2.13888888888889,7.61,1.73888888888889));
#78870=VERTEX_POINT('',#78860);
#78880=EDGE_CURVE('',#78760,#78870,#78850,.T.);
#78890=ORIENTED_EDGE('',*,*,#78880,.F.);
#78900=CARTESIAN_POINT('',(-2.13888888888889,7.61,1.73888888888889));
#78910=DIRECTION('',(0.,-1.,0.));
#78920=VECTOR('',#78910,1.);
#78930=LINE('',#78900,#78920);
#78940=CARTESIAN_POINT('',(-2.13888888888889,7.56,1.73888888888889));
#78950=VERTEX_POINT('',#78940);
#78960=EDGE_CURVE('',#78870,#78950,#78930,.T.);
#78970=ORIENTED_EDGE('',*,*,#78960,.F.);
#78980=CARTESIAN_POINT('',(-2.13888888888889,7.56,2.13888888888889));
#78990=DIRECTION('',(0.,-1.,0.));
#79000=DIRECTION('',(0.,0.,-1.));
#79010=AXIS2_PLACEMENT_3D('',#78980,#78990,#79000);
#79020=CIRCLE('',#79010,0.4);
#79030=EDGE_CURVE('',#78780,#78950,#79020,.T.);
#79040=ORIENTED_EDGE('',*,*,#79030,.T.);
#79050=EDGE_LOOP('',(#79040,#78970,#78890,#78800));
#79060=FACE_OUTER_BOUND('',#79050,.T.);
#79070=ADVANCED_FACE('',(#79060),#78700,.F.);
#79080=EDGE_CURVE('',#78950,#78780,#79020,.T.);
#79090=ORIENTED_EDGE('',*,*,#79080,.F.);
#79100=ORIENTED_EDGE('',*,*,#79030,.F.);
#79110=EDGE_LOOP('',(#79100,#79090));
#79120=FACE_OUTER_BOUND('',#79110,.T.);
#79130=CARTESIAN_POINT('',(-2.13888888888889,7.56,2.13888888888889));
#79140=DIRECTION('',(0.,-1.,0.));
#79150=DIRECTION('',(0.,0.,-1.));
#79160=AXIS2_PLACEMENT_3D('',#79130,#79140,#79150);
#79170=CIRCLE('',#79160,0.15);
#79180=CARTESIAN_POINT('',(-2.13888888888889,7.56,1.98888888888889));
#79190=VERTEX_POINT('',#79180);
#79200=CARTESIAN_POINT('',(-2.13888888888889,7.56,2.28888888888889));
#79210=VERTEX_POINT('',#79200);
#79220=EDGE_CURVE('',#79190,#79210,#79170,.T.);
#79230=ORIENTED_EDGE('',*,*,#79220,.T.);
#79240=EDGE_CURVE('',#79210,#79190,#79170,.T.);
#79250=ORIENTED_EDGE('',*,*,#79240,.T.);
#79260=EDGE_LOOP('',(#79250,#79230));
#79270=FACE_BOUND('',#79260,.T.);
#79280=ADVANCED_FACE('',(#79120,#79270),#77720,.T.);
#79290=CARTESIAN_POINT('',(-2.13888888888889,7.61,2.13888888888889));
#79300=DIRECTION('',(0.,-1.,0.));
#79310=DIRECTION('',(0.,0.,-1.));
#79320=AXIS2_PLACEMENT_3D('',#79290,#79300,#79310);
#79330=CYLINDRICAL_SURFACE('',#79320,0.15);
#79340=CARTESIAN_POINT('',(-2.13888888888889,7.61,1.98888888888889));
#79350=DIRECTION('',(0.,-1.,0.));
#79360=VECTOR('',#79350,1.);
#79370=LINE('',#79340,#79360);
#79380=CARTESIAN_POINT('',(-2.13888888888889,7.61,1.98888888888889));
#79390=VERTEX_POINT('',#79380);
#79400=EDGE_CURVE('',#79390,#79190,#79370,.T.);
#79410=ORIENTED_EDGE('',*,*,#79400,.T.);
#79420=CARTESIAN_POINT('',(-2.13888888888889,7.61,2.13888888888889));
#79430=DIRECTION('',(0.,1.,0.));
#79440=DIRECTION('',(0.,0.,1.));
#79450=AXIS2_PLACEMENT_3D('',#79420,#79430,#79440);
#79460=CIRCLE('',#79450,0.15);
#79470=CARTESIAN_POINT('',(-2.13888888888889,7.61,2.28888888888889));
#79480=VERTEX_POINT('',#79470);
#79490=EDGE_CURVE('',#79390,#79480,#79460,.T.);
#79500=ORIENTED_EDGE('',*,*,#79490,.F.);
#79510=CARTESIAN_POINT('',(-2.13888888888889,7.61,2.28888888888889));
#79520=DIRECTION('',(0.,-1.,0.));
#79530=VECTOR('',#79520,1.);
#79540=LINE('',#79510,#79530);
#79550=EDGE_CURVE('',#79480,#79210,#79540,.T.);
#79560=ORIENTED_EDGE('',*,*,#79550,.F.);
#79570=ORIENTED_EDGE('',*,*,#79240,.F.);
#79580=EDGE_LOOP('',(#79570,#79560,#79500,#79410));
#79590=FACE_OUTER_BOUND('',#79580,.T.);
#79600=ADVANCED_FACE('',(#79590),#79330,.T.);
#79610=CARTESIAN_POINT('',(-2.13888888888889,7.61,2.13888888888889));
#79620=DIRECTION('',(0.,-1.,0.));
#79630=DIRECTION('',(0.,0.,-1.));
#79640=AXIS2_PLACEMENT_3D('',#79610,#79620,#79630);
#79650=PLANE('',#79640);
#79660=ORIENTED_EDGE('',*,*,#78880,.T.);
#79670=EDGE_CURVE('',#78870,#78760,#78850,.T.);
#79680=ORIENTED_EDGE('',*,*,#79670,.T.);
#79690=EDGE_LOOP('',(#79680,#79660));
#79700=FACE_OUTER_BOUND('',#79690,.T.);
#79710=ORIENTED_EDGE('',*,*,#79490,.T.);
#79720=EDGE_CURVE('',#79480,#79390,#79460,.T.);
#79730=ORIENTED_EDGE('',*,*,#79720,.T.);
#79740=EDGE_LOOP('',(#79730,#79710));
#79750=FACE_BOUND('',#79740,.T.);
#79760=ADVANCED_FACE('',(#79700,#79750),#79650,.T.);
#79770=CARTESIAN_POINT('',(-2.13888888888889,7.61,2.13888888888889));
#79780=DIRECTION('',(0.,-1.,0.));
#79790=DIRECTION('',(0.,0.,-1.));
#79800=AXIS2_PLACEMENT_3D('',#79770,#79780,#79790);
#79810=CYLINDRICAL_SURFACE('',#79800,0.15);
#79820=ORIENTED_EDGE('',*,*,#79400,.F.);
#79830=ORIENTED_EDGE('',*,*,#79220,.F.);
#79840=ORIENTED_EDGE('',*,*,#79550,.T.);
#79850=ORIENTED_EDGE('',*,*,#79720,.F.);
#79860=EDGE_LOOP('',(#79850,#79840,#79830,#79820));
#79870=FACE_OUTER_BOUND('',#79860,.T.);
#79880=ADVANCED_FACE('',(#79870),#79810,.T.);
#79890=CARTESIAN_POINT('',(-2.13888888888889,7.61,2.13888888888889));
#79900=DIRECTION('',(0.,-1.,0.));
#79910=DIRECTION('',(0.,0.,-1.));
#79920=AXIS2_PLACEMENT_3D('',#79890,#79900,#79910);
#79930=CYLINDRICAL_SURFACE('',#79920,0.4);
#79940=ORIENTED_EDGE('',*,*,#78790,.F.);
#79950=ORIENTED_EDGE('',*,*,#79080,.T.);
#79960=ORIENTED_EDGE('',*,*,#78960,.T.);
#79970=ORIENTED_EDGE('',*,*,#79670,.F.);
#79980=EDGE_LOOP('',(#79970,#79960,#79950,#79940));
#79990=FACE_OUTER_BOUND('',#79980,.T.);
#80000=ADVANCED_FACE('',(#79990),#79930,.F.);
#80010=CLOSED_SHELL('',(#79070,#79280,#79600,#79760,#79880,#80000));
#80020=ORIENTED_CLOSED_SHELL('',*,#80010,.T.);
#80030=CARTESIAN_POINT('',(2.13888888888889,7.61,-2.13888888888889));
#80040=DIRECTION('',(0.,-1.,0.));
#80050=DIRECTION('',(0.,0.,-1.));
#80060=AXIS2_PLACEMENT_3D('',#80030,#80040,#80050);
#80070=CYLINDRICAL_SURFACE('',#80060,0.400000000000001);
#80080=CARTESIAN_POINT('',(2.13888888888889,7.61,-1.73888888888889));
#80090=DIRECTION('',(0.,-1.,0.));
#80100=VECTOR('',#80090,1.);
#80110=LINE('',#80080,#80100);
#80120=CARTESIAN_POINT('',(2.13888888888889,7.61,-1.73888888888889));
#80130=VERTEX_POINT('',#80120);
#80140=CARTESIAN_POINT('',(2.13888888888889,7.56,-1.73888888888889));
#80150=VERTEX_POINT('',#80140);
#80160=EDGE_CURVE('',#80130,#80150,#80110,.T.);
#80170=ORIENTED_EDGE('',*,*,#80160,.F.);
#80180=CARTESIAN_POINT('',(2.13888888888889,7.56,-2.13888888888889));
#80190=DIRECTION('',(0.,-1.,0.));
#80200=DIRECTION('',(0.,0.,-1.));
#80210=AXIS2_PLACEMENT_3D('',#80180,#80190,#80200);
#80220=CIRCLE('',#80210,0.400000000000001);
#80230=CARTESIAN_POINT('',(2.13888888888889,7.56,-2.53888888888889));
#80240=VERTEX_POINT('',#80230);
#80250=EDGE_CURVE('',#80240,#80150,#80220,.T.);
#80260=ORIENTED_EDGE('',*,*,#80250,.T.);
#80270=CARTESIAN_POINT('',(2.13888888888889,7.61,-2.53888888888889));
#80280=DIRECTION('',(0.,-1.,0.));
#80290=VECTOR('',#80280,1.);
#80300=LINE('',#80270,#80290);
#80310=CARTESIAN_POINT('',(2.13888888888889,7.61,-2.53888888888889));
#80320=VERTEX_POINT('',#80310);
#80330=EDGE_CURVE('',#80320,#80240,#80300,.T.);
#80340=ORIENTED_EDGE('',*,*,#80330,.T.);
#80350=CARTESIAN_POINT('',(2.13888888888889,7.61,-2.13888888888889));
#80360=DIRECTION('',(0.,-1.,0.));
#80370=DIRECTION('',(0.,0.,-1.));
#80380=AXIS2_PLACEMENT_3D('',#80350,#80360,#80370);
#80390=CIRCLE('',#80380,0.400000000000001);
#80400=EDGE_CURVE('',#80320,#80130,#80390,.T.);
#80410=ORIENTED_EDGE('',*,*,#80400,.F.);
#80420=EDGE_LOOP('',(#80410,#80340,#80260,#80170));
#80430=FACE_OUTER_BOUND('',#80420,.T.);
#80440=ADVANCED_FACE('',(#80430),#80070,.F.);
#80450=CARTESIAN_POINT('',(2.13888888888889,7.61,-2.13888888888889));
#80460=DIRECTION('',(0.,-1.,0.));
#80470=DIRECTION('',(0.,0.,-1.));
#80480=AXIS2_PLACEMENT_3D('',#80450,#80460,#80470);
#80490=PLANE('',#80480);
#80500=EDGE_CURVE('',#80130,#80320,#80390,.T.);
#80510=ORIENTED_EDGE('',*,*,#80500,.T.);
#80520=ORIENTED_EDGE('',*,*,#80400,.T.);
#80530=EDGE_LOOP('',(#80520,#80510));
#80540=FACE_OUTER_BOUND('',#80530,.T.);
#80550=ADVANCED_FACE('',(#80540),#80490,.T.);
#80560=EDGE_CURVE('',#80150,#80240,#80220,.T.);
#80570=ORIENTED_EDGE('',*,*,#80560,.F.);
#80580=ORIENTED_EDGE('',*,*,#80250,.F.);
#80590=EDGE_LOOP('',(#80580,#80570));
#80600=FACE_OUTER_BOUND('',#80590,.T.);
#80610=ADVANCED_FACE('',(#80600),#77720,.T.);
#80620=CARTESIAN_POINT('',(2.13888888888889,7.61,-2.13888888888889));
#80630=DIRECTION('',(0.,-1.,0.));
#80640=DIRECTION('',(0.,0.,-1.));
#80650=AXIS2_PLACEMENT_3D('',#80620,#80630,#80640);
#80660=CYLINDRICAL_SURFACE('',#80650,0.400000000000001);
#80670=ORIENTED_EDGE('',*,*,#80560,.T.);
#80680=ORIENTED_EDGE('',*,*,#80160,.T.);
#80690=ORIENTED_EDGE('',*,*,#80500,.F.);
#80700=ORIENTED_EDGE('',*,*,#80330,.F.);
#80710=EDGE_LOOP('',(#80700,#80690,#80680,#80670));
#80720=FACE_OUTER_BOUND('',#80710,.T.);
#80730=ADVANCED_FACE('',(#80720),#80660,.F.);
#80740=CLOSED_SHELL('',(#80440,#80550,#80610,#80730));
#80750=ORIENTED_CLOSED_SHELL('',*,#80740,.T.);
#80760=BREP_WITH_VOIDS('',#66860,(#68050,#69240,#70200,#71390,#72580,
#73540,#74500,#75380,#77140,#77920,#78650,#80020,#80750));
#80770=CARTESIAN_POINT('',(-10.3850816804919,0.524999999999999,
2.35000000000005));
#80780=DIRECTION('',(1.,0.,0.));
#80790=DIRECTION('',(0.,1.,0.));
#80800=AXIS2_PLACEMENT_3D('',#80770,#80780,#80790);
#80810=CARTESIAN_POINT('',(-10.3850816804919,0.524999999999999,
2.35000000000005));
#80820=CARTESIAN_POINT('',(-10.3850816804919,0.11820985995901,
2.35000000000005));
#80830=CARTESIAN_POINT('',(-3.85000000000001,0.524999999999999,
2.35000000000005));
#80840=POLYLINE('',(#80810,#80820,#80830));
#80850=COLOUR_RGB('',0.,1.,1.);
#80860=DRAUGHTING_PRE_DEFINED_CURVE_FONT('continuous');
#80870=CURVE_STYLE('',#80860,POSITIVE_LENGTH_MEASURE(0.1),#80850);
#80880=PRESENTATION_STYLE_ASSIGNMENT((#80870));
#80890=(ANNOTATION_CURVE_OCCURRENCE() ANNOTATION_OCCURRENCE() 
DRAUGHTING_ANNOTATION_OCCURRENCE() GEOMETRIC_REPRESENTATION_ITEM() 
LEADER_CURVE() REPRESENTATION_ITEM('') STYLED_ITEM((#80880),#80840));
#80900=DRAUGHTING_PRE_DEFINED_TEXT_FONT('ISO 3098-1 font A');
#80910=TEXT_LITERAL('','Warning: knife Edge found',#80800,
'baseline left',.RIGHT.,#80900);
#80920=DIMENSIONAL_EXPONENTS(1.,0.,0.,0.,0.,0.,0.);
#80930=DIMENSIONAL_EXPONENTS(0.,0.,0.,0.,0.,0.,0.);
#80940=DIMENSIONAL_EXPONENTS(0.,0.,0.,0.,0.,0.,0.);
#80950=(LENGTH_UNIT() NAMED_UNIT(*) SI_UNIT(.MILLI.,.METRE.));
#80960=(NAMED_UNIT(*) PLANE_ANGLE_UNIT() SI_UNIT($,.RADIAN.));
#80970=(NAMED_UNIT(*) SI_UNIT($,.STERADIAN.) SOLID_ANGLE_UNIT());
#80980=(GEOMETRIC_REPRESENTATION_CONTEXT(3) 
GLOBAL_UNCERTAINTY_ASSIGNED_CONTEXT((#80990)) 
GLOBAL_UNIT_ASSIGNED_CONTEXT((#80950,#80960,#80970)) 
REPRESENTATION_CONTEXT('',''));
#80990=UNCERTAINTY_MEASURE_WITH_UNIT(LENGTH_MEASURE(0.0018),#80950,
'distance_accuracy_value','maximum gap value');
#81000=SHAPE_REPRESENTATION('',(#70800,#74130,#72230,#72810),#80980);
#81010=TEXT_STYLE_FOR_DEFINED_FONT(#80850);
#81020=TEXT_STYLE_WITH_BOX_CHARACTERISTICS('',#81010,(BOX_HEIGHT(
0.40679014004099),BOX_WIDTH(0.27132902340734),BOX_SLANT_ANGLE(0.),
BOX_ROTATE_ANGLE(0.)));
#81030=PRESENTATION_STYLE_ASSIGNMENT((#81020));
#81040=(ANNOTATION_OCCURRENCE() ANNOTATION_TEXT_OCCURRENCE() 
DRAUGHTING_ANNOTATION_OCCURRENCE() GEOMETRIC_REPRESENTATION_ITEM() 
REPRESENTATION_ITEM('') STYLED_ITEM((#81030),#80910));
#81050=ANNOTATION_OCCURRENCE_ASSOCIATIVITY('','',#81040,#80890);
#81060=SYMBOL_COLOUR(#80850);
#81070=SYMBOL_STYLE('',#81060);
#81080=PRESENTATION_STYLE_ASSIGNMENT((#81070));
#81090=PRE_DEFINED_TERMINATOR_SYMBOL('filled arrow');
#81100=CARTESIAN_POINT('',(-3.85000000000001,0.524999999999999,
2.35000000000005));
#81110=DIRECTION('',(0.,1.,0.));
#81120=DIRECTION('',(0.,0.,1.));
#81130=AXIS2_PLACEMENT_3D('',#81100,#81110,#81120);
#81140=SYMBOL_TARGET('',#81130,0.40679014004099,0.40679014004099);
#81150=DEFINED_SYMBOL('',#81090,#81140);
#81160=(ANNOTATION_OCCURRENCE() ANNOTATION_SYMBOL_OCCURRENCE() 
DRAUGHTING_ANNOTATION_OCCURRENCE() GEOMETRIC_REPRESENTATION_ITEM() 
LEADER_TERMINATOR() REPRESENTATION_ITEM('') STYLED_ITEM((#81080),#81150)
 TERMINATOR_SYMBOL(#80890));
#81170=LEADER_DIRECTED_CALLOUT('',(#81040,#80890,#81160));
#81180=SHAPE_REPRESENTATION('',(#81170),#80980);
#81190=CARTESIAN_POINT('',(3.84999999999999,-7.91224224065584,
-1.14999999999999));
#81200=DIRECTION('',(0.,-1.,0.));
#81210=DIRECTION('',(1.,0.,0.));
#81220=AXIS2_PLACEMENT_3D('',#81190,#81200,#81210);
#81230=CARTESIAN_POINT('',(3.84999999999999,-7.91224224065584,
-1.14999999999999));
#81240=CARTESIAN_POINT('',(3.443209859959,-7.91224224065584,
-1.14999999999999));
#81250=CARTESIAN_POINT('',(3.84999999999999,0.524999999999999,
-1.14999999999999));
#81260=POLYLINE('',(#81230,#81240,#81250));
#81270=COLOUR_RGB('',0.,1.,1.);
#81280=DRAUGHTING_PRE_DEFINED_CURVE_FONT('continuous');
#81290=CURVE_STYLE('',#81280,POSITIVE_LENGTH_MEASURE(0.1),#81270);
#81300=PRESENTATION_STYLE_ASSIGNMENT((#81290));
#81310=(ANNOTATION_CURVE_OCCURRENCE() ANNOTATION_OCCURRENCE() 
DRAUGHTING_ANNOTATION_OCCURRENCE() GEOMETRIC_REPRESENTATION_ITEM() 
LEADER_CURVE() REPRESENTATION_ITEM('') STYLED_ITEM((#81300),#81260));
#81320=DRAUGHTING_PRE_DEFINED_TEXT_FONT('ISO 3098-1 font A');
#81330=TEXT_LITERAL('','Warning: knife Edge found',#81220,
'baseline left',.RIGHT.,#81320);
#81340=DIMENSIONAL_EXPONENTS(1.,0.,0.,0.,0.,0.,0.);
#81350=DIMENSIONAL_EXPONENTS(0.,0.,0.,0.,0.,0.,0.);
#81360=DIMENSIONAL_EXPONENTS(0.,0.,0.,0.,0.,0.,0.);
#81370=(LENGTH_UNIT() NAMED_UNIT(*) SI_UNIT(.MILLI.,.METRE.));
#81380=(NAMED_UNIT(*) PLANE_ANGLE_UNIT() SI_UNIT($,.RADIAN.));
#81390=(NAMED_UNIT(*) SI_UNIT($,.STERADIAN.) SOLID_ANGLE_UNIT());
#81400=(GEOMETRIC_REPRESENTATION_CONTEXT(3) 
GLOBAL_UNCERTAINTY_ASSIGNED_CONTEXT((#81410)) 
GLOBAL_UNIT_ASSIGNED_CONTEXT((#81370,#81380,#81390)) 
REPRESENTATION_CONTEXT('',''));
#81410=UNCERTAINTY_MEASURE_WITH_UNIT(LENGTH_MEASURE(0.0018),#81370,
'distance_accuracy_value','maximum gap value');
#81420=SHAPE_REPRESENTATION('',(#69610,#68410,#67870),#81400);
#81430=TEXT_STYLE_FOR_DEFINED_FONT(#81270);
#81440=TEXT_STYLE_WITH_BOX_CHARACTERISTICS('',#81430,(BOX_HEIGHT(
0.40679014004099),BOX_WIDTH(0.27132902340734),BOX_SLANT_ANGLE(0.),
BOX_ROTATE_ANGLE(0.)));
#81450=PRESENTATION_STYLE_ASSIGNMENT((#81440));
#81460=(ANNOTATION_OCCURRENCE() ANNOTATION_TEXT_OCCURRENCE() 
DRAUGHTING_ANNOTATION_OCCURRENCE() GEOMETRIC_REPRESENTATION_ITEM() 
REPRESENTATION_ITEM('') STYLED_ITEM((#81450),#81330));
#81470=ANNOTATION_OCCURRENCE_ASSOCIATIVITY('','',#81460,#81310);
#81480=SYMBOL_COLOUR(#81270);
#81490=SYMBOL_STYLE('',#81480);
#81500=PRESENTATION_STYLE_ASSIGNMENT((#81490));
#81510=PRE_DEFINED_TERMINATOR_SYMBOL('filled arrow');
#81520=CARTESIAN_POINT('',(3.84999999999999,0.524999999999999,
-1.14999999999999));
#81530=DIRECTION('',(1.,0.,0.));
#81540=DIRECTION('',(-0.,0.,1.));
#81550=AXIS2_PLACEMENT_3D('',#81520,#81530,#81540);
#81560=SYMBOL_TARGET('',#81550,0.40679014004099,0.40679014004099);
#81570=DEFINED_SYMBOL('',#81510,#81560);
#81580=(ANNOTATION_OCCURRENCE() ANNOTATION_SYMBOL_OCCURRENCE() 
DRAUGHTING_ANNOTATION_OCCURRENCE() GEOMETRIC_REPRESENTATION_ITEM() 
LEADER_TERMINATOR() REPRESENTATION_ITEM('') STYLED_ITEM((#81500),#81570)
 TERMINATOR_SYMBOL(#81310));
#81590=LEADER_DIRECTED_CALLOUT('',(#81460,#81310,#81580));
#81600=SHAPE_REPRESENTATION('',(#81590),#81400);
#81610=CARTESIAN_POINT('',(0.,0.,0.));
#81620=DIRECTION('',(0.,0.,1.));
#81630=DIRECTION('',(1.,0.,0.));
#81640=AXIS2_PLACEMENT_3D('',#81610,#81620,#81630);
#81650=APPLICATION_CONTEXT(' ');
#81660=APPLICATION_PROTOCOL_DEFINITION(' ','automotive_design',1998,
#81650);
#81670=PRODUCT_CONTEXT('',#81650,'mechanical');
#81680=PRODUCT_DEFINITION_CONTEXT('part definition',#81650,'design');
#81690=PRODUCT('13M229-01-101_HOUSING_CUT.PRT',
'13M229-01-101_HOUSING_CUT.PRT','',(#81670));
#81700=PRODUCT_RELATED_PRODUCT_CATEGORY('part',' ',(#81690));
#81710=PRODUCT_DEFINITION_FORMATION_WITH_SPECIFIED_SOURCE('','',#81690,
.BOUGHT.);
#81720=PRODUCT_DEFINITION('',' ',#81710,#81680);
#81730=PRODUCT_DEFINITION_SHAPE('','',#81720);
#81740=DIMENSIONAL_EXPONENTS(1.,0.,0.,0.,0.,0.,0.);
#81750=DIMENSIONAL_EXPONENTS(0.,0.,0.,0.,0.,0.,0.);
#81760=DIMENSIONAL_EXPONENTS(0.,0.,0.,0.,0.,0.,0.);
#81770=(LENGTH_UNIT() NAMED_UNIT(*) SI_UNIT(.MILLI.,.METRE.));
#81780=(NAMED_UNIT(*) PLANE_ANGLE_UNIT() SI_UNIT($,.RADIAN.));
#81790=(NAMED_UNIT(*) SI_UNIT($,.STERADIAN.) SOLID_ANGLE_UNIT());
#81800=(GEOMETRIC_REPRESENTATION_CONTEXT(3) 
GLOBAL_UNCERTAINTY_ASSIGNED_CONTEXT((#81810)) 
GLOBAL_UNIT_ASSIGNED_CONTEXT((#81770,#81780,#81790)) 
REPRESENTATION_CONTEXT('',''));
#81810=UNCERTAINTY_MEASURE_WITH_UNIT(LENGTH_MEASURE(0.0018),#81770,
'distance_accuracy_value','maximum gap value');
#81820=SHAPE_REPRESENTATION('',(#81640,#80760,#80910,#80890,#81330,
#81310),#81800);
#81830=SHAPE_DEFINITION_REPRESENTATION(#81730,#81820);
#81840=SHAPE_ASPECT('','',#81730,.T.);
#81850=PROPERTY_DEFINITION('','',#81840);
#81860=SHAPE_DEFINITION_REPRESENTATION(#81850,#81000);
#81870=SHAPE_ASPECT('','',#81730,.F.);
#81880=PROPERTY_DEFINITION('','',#81870);
#81890=SHAPE_DEFINITION_REPRESENTATION(#81880,#81180);
#81900=SHAPE_ASPECT_ASSOCIATIVITY('','',#81840,#81870);
#81910=SHAPE_ASPECT('','',#81730,.T.);
#81920=PROPERTY_DEFINITION('','',#81910);
#81930=SHAPE_DEFINITION_REPRESENTATION(#81920,#81420);
#81940=SHAPE_ASPECT('','',#81730,.F.);
#81950=PROPERTY_DEFINITION('','',#81940);
#81960=SHAPE_DEFINITION_REPRESENTATION(#81950,#81600);
#81970=SHAPE_ASPECT_ASSOCIATIVITY('','',#81910,#81940);
#81980=COLOUR_RGB('',0.600000023841858,0.600000023841858,
0.600000023841858);
#81990=FILL_AREA_STYLE_COLOUR('',#81980);
#82000=FILL_AREA_STYLE('',(#81990));
#82010=SURFACE_STYLE_FILL_AREA(#82000);
#82020=SURFACE_SIDE_STYLE('',(#82010));
#82030=SURFACE_STYLE_USAGE(.BOTH.,#82020);
#82040=PRESENTATION_STYLE_ASSIGNMENT((#82030));
#82050=STYLED_ITEM('',(#82040),#80760);
#82060=DRAUGHTING_MODEL('',(#81040,#80890,#81160,#81460,#81310,#81580,
#82050),#81800);
ENDSEC;
END-ISO-10303-21;
