ISO-10303-21;
HEADER;
FILE_DESCRIPTION(('Creo Elements/Direct Modeling STEP Export'),'2;1');
FILE_NAME('229S.stp','2013-04-07T23:07:33',(''),(''),
'Creo Elements/Direct Modeling STEP processor for AP214 (Solid Model)',
'Creo Elements/Direct Modeling 18.1C  24-Feb-2013 (C) Parametric Technol
ogy GmbH','');
FILE_SCHEMA(('AUTOMOTIVE_DESIGN { 1 0 10303 214 1 1 1 1 }'));
ENDSEC;
DATA;
#10=CARTESIAN_POINT('',(0.850000000000001,0.649999999999999,
6.16715728752536));
#20=DIRECTION('',(-1.,-1.99869085004471E-34,2.4694139023953E-16));
#30=DIRECTION('',(2.4694139023953E-16,-2.94648481515741E-20,1.));
#40=AXIS2_PLACEMENT_3D('',#10,#20,#30);
#50=PLANE('',#40);
#60=CARTESIAN_POINT('',(0.850000000000001,0.4,5.83845013680857));
#70=DIRECTION('',(0.,0.,1.));
#80=VECTOR('',#70,1.);
#90=LINE('',#60,#80);
#100=CARTESIAN_POINT('',(0.850000000000001,0.4,5.83845013680857));
#110=VERTEX_POINT('',#100);
#120=CARTESIAN_POINT('',(0.850000000000001,0.399999999999999,6.));
#130=VERTEX_POINT('',#120);
#140=EDGE_CURVE('',#110,#130,#90,.T.);
#150=ORIENTED_EDGE('',*,*,#140,.F.);
#160=CARTESIAN_POINT('',(0.850000000000001,0.649999999999999,
5.99999999999999));
#170=DIRECTION('',(0.,-1.,0.));
#180=VECTOR('',#170,1.);
#190=LINE('',#160,#180);
#200=CARTESIAN_POINT('',(0.850000000000001,0.65,5.99999999999999));
#210=VERTEX_POINT('',#200);
#220=EDGE_CURVE('',#210,#130,#190,.T.);
#230=ORIENTED_EDGE('',*,*,#220,.T.);
#240=CARTESIAN_POINT('',(0.850000000000001,0.649999999999999,
5.83845013680857));
#250=DIRECTION('',(6.87232414000656E-16,0.,1.));
#260=VECTOR('',#250,1.);
#270=LINE('',#240,#260);
#280=CARTESIAN_POINT('',(0.84999999999999,0.649999999999999,
5.83845013680857));
#290=VERTEX_POINT('',#280);
#300=EDGE_CURVE('',#290,#210,#270,.T.);
#310=ORIENTED_EDGE('',*,*,#300,.T.);
#320=CARTESIAN_POINT('',(0.849999999999996,0.649999999999999,
5.83845013680857));
#330=DIRECTION('',(2.1316282072803E-14,-1.,-3.5527136788005E-15));
#340=VECTOR('',#330,1.);
#350=LINE('',#320,#340);
#360=EDGE_CURVE('',#290,#110,#350,.T.);
#370=ORIENTED_EDGE('',*,*,#360,.F.);
#380=EDGE_LOOP('',(#370,#310,#230,#150));
#390=FACE_OUTER_BOUND('',#380,.T.);
#400=ADVANCED_FACE('',(#390),#50,.F.);
#410=COLOUR_RGB('',0.600000023841858,0.600000023841858,0.600000023841858
);
#420=FILL_AREA_STYLE_COLOUR('',#410);
#430=FILL_AREA_STYLE('',(#420));
#440=SURFACE_STYLE_FILL_AREA(#430);
#450=SURFACE_SIDE_STYLE('',(#440));
#460=SURFACE_STYLE_USAGE(.BOTH.,#450);
#470=PRESENTATION_STYLE_ASSIGNMENT((#460));
#480=CARTESIAN_POINT('',(-0.,19.9068722891566,-0.));
#490=DIRECTION('',(-0.,1.,-0.));
#500=DIRECTION('',(0.,0.,1.));
#510=AXIS2_PLACEMENT_3D('',#480,#490,#500);
#520=CYLINDRICAL_SURFACE('',#510,5.9);
#530=CARTESIAN_POINT('',(0.,0.245961940777121,0.));
#540=DIRECTION('',(0.,-1.,0.));
#550=DIRECTION('',(0.568136438773207,0.,0.822934375839349));
#560=AXIS2_PLACEMENT_3D('',#530,#540,#550);
#570=CIRCLE('',#560,5.9);
#580=CARTESIAN_POINT('',(3.35200498876192,0.245961940777125,
4.85531281745216));
#590=VERTEX_POINT('',#580);
#600=CARTESIAN_POINT('',(1.38464401439357,0.245961940777126,
5.73522109019382));
#610=VERTEX_POINT('',#600);
#620=EDGE_CURVE('',#590,#610,#570,.T.);
#630=ORIENTED_EDGE('',*,*,#620,.F.);
#640=CARTESIAN_POINT('',(1.38464401439358,0.245961940777126,
5.73522109019384));
#650=DIRECTION('',(0.,-1.,0.));
#660=VECTOR('',#650,1.);
#670=LINE('',#640,#660);
#680=CARTESIAN_POINT('',(1.38464401439359,-4.56138495840951E-16,
5.73522109019382));
#690=VERTEX_POINT('',#680);
#700=EDGE_CURVE('',#610,#690,#670,.T.);
#710=ORIENTED_EDGE('',*,*,#700,.F.);
#720=CARTESIAN_POINT('',(0.,0.,0.));
#730=DIRECTION('',(0.,-1.,0.));
#740=DIRECTION('',(0.234685426168402,0.,0.972071371219292));
#750=AXIS2_PLACEMENT_3D('',#720,#730,#740);
#760=CIRCLE('',#750,5.9);
#770=CARTESIAN_POINT('',(1.05,-4.44089209850063E-16,5.80581604944559));
#780=VERTEX_POINT('',#770);
#790=EDGE_CURVE('',#690,#780,#760,.T.);
#800=ORIENTED_EDGE('',*,*,#790,.F.);
#810=CARTESIAN_POINT('',(1.05,0.399999999999999,5.80581604944559));
#820=DIRECTION('',(0.,-1.,0.));
#830=VECTOR('',#820,1.);
#840=LINE('',#810,#830);
#850=CARTESIAN_POINT('',(1.05,0.4,5.80581604944559));
#860=VERTEX_POINT('',#850);
#870=EDGE_CURVE('',#860,#780,#840,.T.);
#880=ORIENTED_EDGE('',*,*,#870,.T.);
#890=CARTESIAN_POINT('',(0.,0.399999999999999,0.));
#900=DIRECTION('',(0.,-1.,0.));
#910=DIRECTION('',(0.177966101694915,0.,0.9840366185501));
#920=AXIS2_PLACEMENT_3D('',#890,#900,#910);
#930=CIRCLE('',#920,5.9);
#940=EDGE_CURVE('',#860,#110,#930,.T.);
#950=ORIENTED_EDGE('',*,*,#940,.F.);
#960=ORIENTED_EDGE('',*,*,#360,.T.);
#970=CARTESIAN_POINT('',(0.84999999999999,0.799999999999976,
5.83845013680857));
#980=DIRECTION('',(3.62672854710939E-14,-1.,-1.18423789293368E-14));
#990=VECTOR('',#980,1.);
#1000=LINE('',#970,#990);
#1010=CARTESIAN_POINT('',(0.849999999999991,0.799999999999999,
5.83845013680857));
#1020=VERTEX_POINT('',#1010);
#1030=EDGE_CURVE('',#1020,#290,#1000,.T.);
#1040=ORIENTED_EDGE('',*,*,#1030,.T.);
#1050=CARTESIAN_POINT('',(0.,0.799999999999976,0.));
#1060=DIRECTION('',(-0.,1.,0.));
#1070=DIRECTION('',(0.144067796610168,0.,0.989567819798063));
#1080=AXIS2_PLACEMENT_3D('',#1050,#1060,#1070);
#1090=CIRCLE('',#1080,5.9);
#1100=CARTESIAN_POINT('',(0.849999999999991,0.799999999999987,
-5.83845013680857));
#1110=VERTEX_POINT('',#1100);
#1120=EDGE_CURVE('',#1020,#1110,#1090,.T.);
#1130=ORIENTED_EDGE('',*,*,#1120,.F.);
#1140=CARTESIAN_POINT('',(0.849999999999996,0.649999999999999,
-5.83845013680857));
#1150=DIRECTION('',(-3.40468394218433E-14,1.,-1.18423789293368E-14));
#1160=VECTOR('',#1150,1.);
#1170=LINE('',#1140,#1160);
#1180=CARTESIAN_POINT('',(0.850000000000001,0.649999999999999,
-5.83845013680857));
#1190=VERTEX_POINT('',#1180);
#1200=EDGE_CURVE('',#1190,#1110,#1170,.T.);
#1210=ORIENTED_EDGE('',*,*,#1200,.T.);
#1220=CARTESIAN_POINT('',(0.850000000000001,0.399999999999999,
-5.83845013680857));
#1230=DIRECTION('',(-2.08721928629529E-14,1.,-3.5527136788005E-15));
#1240=VECTOR('',#1230,1.);
#1250=LINE('',#1220,#1240);
#1260=CARTESIAN_POINT('',(0.850000000000001,0.399999999999999,
-5.83845013680855));
#1270=VERTEX_POINT('',#1260);
#1280=EDGE_CURVE('',#1270,#1190,#1250,.T.);
#1290=ORIENTED_EDGE('',*,*,#1280,.T.);
#1300=CARTESIAN_POINT('',(0.,0.399999999999999,0.));
#1310=DIRECTION('',(0.,-1.,0.));
#1320=DIRECTION('',(0.14406779661017,0.,-0.989567819798062));
#1330=AXIS2_PLACEMENT_3D('',#1300,#1310,#1320);
#1340=CIRCLE('',#1330,5.9);
#1350=CARTESIAN_POINT('',(1.05,0.399999999999999,-5.80581604944559));
#1360=VERTEX_POINT('',#1350);
#1370=EDGE_CURVE('',#1270,#1360,#1340,.T.);
#1380=ORIENTED_EDGE('',*,*,#1370,.F.);
#1390=CARTESIAN_POINT('',(1.05,0.,-5.80581604944559));
#1400=DIRECTION('',(0.,1.,0.));
#1410=VECTOR('',#1400,1.);
#1420=LINE('',#1390,#1410);
#1430=CARTESIAN_POINT('',(1.05,-4.56138495840951E-16,-5.80581604944559))
;
#1440=VERTEX_POINT('',#1430);
#1450=EDGE_CURVE('',#1440,#1360,#1420,.T.);
#1460=ORIENTED_EDGE('',*,*,#1450,.T.);
#1470=CARTESIAN_POINT('',(0.,0.,0.));
#1480=DIRECTION('',(0.,-1.,0.));
#1490=DIRECTION('',(0.177966101694915,0.,-0.9840366185501));
#1500=AXIS2_PLACEMENT_3D('',#1470,#1480,#1490);
#1510=CIRCLE('',#1500,5.9);
#1520=CARTESIAN_POINT('',(1.38464401439354,-4.56138495840951E-16,
-5.73522109019384));
#1530=VERTEX_POINT('',#1520);
#1540=EDGE_CURVE('',#1440,#1530,#1510,.T.);
#1550=ORIENTED_EDGE('',*,*,#1540,.F.);
#1560=CARTESIAN_POINT('',(1.38464401439357,0.245961940777121,
-5.73522109019383));
#1570=DIRECTION('',(0.,-1.,0.));
#1580=VECTOR('',#1570,1.);
#1590=LINE('',#1560,#1580);
#1600=CARTESIAN_POINT('',(1.38464401439354,0.245961940777114,
-5.73522109019382));
#1610=VERTEX_POINT('',#1600);
#1620=EDGE_CURVE('',#1610,#1530,#1590,.T.);
#1630=ORIENTED_EDGE('',*,*,#1620,.T.);
#1640=CARTESIAN_POINT('',(0.,0.245961940777121,0.));
#1650=DIRECTION('',(0.,-1.,0.));
#1660=DIRECTION('',(0.234685426168392,0.,-0.972071371219295));
#1670=AXIS2_PLACEMENT_3D('',#1640,#1650,#1660);
#1680=CIRCLE('',#1670,5.9);
#1690=CARTESIAN_POINT('',(3.35200498876191,0.245961940777118,
-4.85531281745216));
#1700=VERTEX_POINT('',#1690);
#1710=EDGE_CURVE('',#1610,#1700,#1680,.T.);
#1720=ORIENTED_EDGE('',*,*,#1710,.F.);
#1730=CARTESIAN_POINT('',(3.35200498876191,2.1316282072803E-14,
-4.85531281745216));
#1740=DIRECTION('',(0.,1.,0.));
#1750=VECTOR('',#1740,1.);
#1760=LINE('',#1730,#1750);
#1770=CARTESIAN_POINT('',(3.35200498876191,-4.56138495840951E-16,
-4.85531281745216));
#1780=VERTEX_POINT('',#1770);
#1790=EDGE_CURVE('',#1780,#1700,#1760,.T.);
#1800=ORIENTED_EDGE('',*,*,#1790,.T.);
#1810=CARTESIAN_POINT('',(0.,2.1316282072803E-14,0.));
#1820=DIRECTION('',(0.,-1.,0.));
#1830=DIRECTION('',(0.568136438773205,0.,-0.82293437583935));
#1840=AXIS2_PLACEMENT_3D('',#1810,#1820,#1830);
#1850=CIRCLE('',#1840,5.9);
#1860=CARTESIAN_POINT('',(3.35200498876192,-4.44089209850063E-16,
4.85531281745216));
#1870=VERTEX_POINT('',#1860);
#1880=EDGE_CURVE('',#1780,#1870,#1850,.T.);
#1890=ORIENTED_EDGE('',*,*,#1880,.F.);
#1900=CARTESIAN_POINT('',(3.35200498876192,0.245961940777121,
4.85531281745216));
#1910=DIRECTION('',(0.,-1.,0.));
#1920=VECTOR('',#1910,1.);
#1930=LINE('',#1900,#1920);
#1940=EDGE_CURVE('',#590,#1870,#1930,.T.);
#1950=ORIENTED_EDGE('',*,*,#1940,.T.);
#1960=EDGE_LOOP('',(#1950,#1890,#1800,#1720,#1630,#1550,#1460,#1380,
#1290,#1210,#1130,#1040,#960,#950,#880,#800,#710,#630));
#1970=FACE_OUTER_BOUND('',#1960,.T.);
#1980=ADVANCED_FACE('',(#1970),#520,.T.);
#1990=COLOUR_RGB('',0.600000023841858,0.600000023841858,
0.600000023841858);
#2000=FILL_AREA_STYLE_COLOUR('',#1990);
#2010=FILL_AREA_STYLE('',(#2000));
#2020=SURFACE_STYLE_FILL_AREA(#2010);
#2030=SURFACE_SIDE_STYLE('',(#2020));
#2040=SURFACE_STYLE_USAGE(.BOTH.,#2030);
#2050=PRESENTATION_STYLE_ASSIGNMENT((#2040));
#2060=CARTESIAN_POINT('',(3.35200498876192,0.245961940777124,
4.3499999999999));
#2070=DIRECTION('',(-1.,-1.87702659836909E-34,-1.65971824358929E-16));
#2080=DIRECTION('',(-1.65971824358929E-16,9.95276753369398E-16,1.));
#2090=AXIS2_PLACEMENT_3D('',#2060,#2070,#2080);
#2100=PLANE('',#2090);
#2110=CARTESIAN_POINT('',(3.35200498876192,0.245961940777125,
4.85531281745216));
#2120=DIRECTION('',(0.,1.0208960597758E-15,1.));
#2130=VECTOR('',#2120,1.);
#2140=LINE('',#2110,#2130);
#2150=CARTESIAN_POINT('',(3.35200498876192,0.245961940777125,
5.09999999999992));
#2160=VERTEX_POINT('',#2150);
#2170=EDGE_CURVE('',#590,#2160,#2140,.T.);
#2180=ORIENTED_EDGE('',*,*,#2170,.T.);
#2190=ORIENTED_EDGE('',*,*,#1940,.F.);
#2200=CARTESIAN_POINT('',(3.35200498876192,-6.93889390390723E-16,
4.3499999999999));
#2210=DIRECTION('',(0.,9.88695207852156E-16,1.));
#2220=VECTOR('',#2210,1.);
#2230=LINE('',#2200,#2220);
#2240=CARTESIAN_POINT('',(3.35200498876192,-4.44089209850063E-16,
4.34999999999984));
#2250=VERTEX_POINT('',#2240);
#2260=EDGE_CURVE('',#2250,#1870,#2230,.T.);
#2270=ORIENTED_EDGE('',*,*,#2260,.T.);
#2280=CARTESIAN_POINT('',(3.35200498876194,-4.71844785465692E-16,
4.3499999999999));
#2290=DIRECTION('',(0.,-1.,0.));
#2300=VECTOR('',#2290,1.);
#2310=LINE('',#2280,#2300);
#2320=CARTESIAN_POINT('',(3.35200498876194,-0.00403805922287561,
4.34999999999985));
#2330=VERTEX_POINT('',#2320);
#2340=EDGE_CURVE('',#2250,#2330,#2310,.T.);
#2350=ORIENTED_EDGE('',*,*,#2340,.F.);
#2360=CARTESIAN_POINT('',(3.35200498876192,-0.00403805922287561,
4.3499999999998));
#2370=DIRECTION('',(0.,9.94574792893445E-16,1.));
#2380=VECTOR('',#2370,1.);
#2390=LINE('',#2360,#2380);
#2400=CARTESIAN_POINT('',(3.35200498876192,-0.00403805922287487,
5.09999999999985));
#2410=VERTEX_POINT('',#2400);
#2420=EDGE_CURVE('',#2330,#2410,#2390,.T.);
#2430=ORIENTED_EDGE('',*,*,#2420,.F.);
#2440=CARTESIAN_POINT('',(3.35200498876192,-0.00403805922287445,
5.09999999999993));
#2450=DIRECTION('',(0.,1.,0.));
#2460=VECTOR('',#2450,1.);
#2470=LINE('',#2440,#2460);
#2480=EDGE_CURVE('',#2410,#2160,#2470,.T.);
#2490=ORIENTED_EDGE('',*,*,#2480,.F.);
#2500=EDGE_LOOP('',(#2490,#2430,#2350,#2270,#2190,#2180));
#2510=FACE_OUTER_BOUND('',#2500,.T.);
#2520=ADVANCED_FACE('',(#2510),#2100,.F.);
#2530=COLOUR_RGB('',0.600000023841858,0.600000023841858,
0.600000023841858);
#2540=FILL_AREA_STYLE_COLOUR('',#2530);
#2550=FILL_AREA_STYLE('',(#2540));
#2560=SURFACE_STYLE_FILL_AREA(#2550);
#2570=SURFACE_SIDE_STYLE('',(#2560));
#2580=SURFACE_STYLE_USAGE(.BOTH.,#2570);
#2590=PRESENTATION_STYLE_ASSIGNMENT((#2580));
#2600=CARTESIAN_POINT('',(3.15200498876192,0.245961940777126,
5.09999999999993));
#2610=DIRECTION('',(-1.92592994438725E-34,1.,-9.95276753369398E-16));
#2620=DIRECTION('',(1.,1.92592994438725E-34,0.));
#2630=AXIS2_PLACEMENT_3D('',#2600,#2610,#2620);
#2640=CYLINDRICAL_SURFACE('',#2630,0.199999999999997);
#2650=CARTESIAN_POINT('',(3.15200498876192,0.245961940777126,
5.09999999999993));
#2660=DIRECTION('',(1.46338418726303E-17,1.,-9.69930195736055E-16));
#2670=DIRECTION('',(0.499999999999727,8.32667268468878E-16,
0.866025403784596));
#2680=AXIS2_PLACEMENT_3D('',#2650,#2660,#2670);
#2690=CIRCLE('',#2680,0.199999999999997);
#2700=CARTESIAN_POINT('',(3.25200498876188,0.245961940777125,
5.27320508075684));
#2710=VERTEX_POINT('',#2700);
#2720=EDGE_CURVE('',#2710,#2160,#2690,.T.);
#2730=ORIENTED_EDGE('',*,*,#2720,.F.);
#2740=ORIENTED_EDGE('',*,*,#2480,.T.);
#2750=CARTESIAN_POINT('',(3.15200498876192,-0.00403805922287445,
5.09999999999993));
#2760=DIRECTION('',(9.5470200068967E-28,-1.,9.95276753369398E-16));
#2770=DIRECTION('',(1.,0.,-9.59232693276149E-13));
#2780=AXIS2_PLACEMENT_3D('',#2750,#2760,#2770);
#2790=CIRCLE('',#2780,0.199999999999997);
#2800=CARTESIAN_POINT('',(3.25200498876199,-0.0040380592228747,
5.27320508075678));
#2810=VERTEX_POINT('',#2800);
#2820=EDGE_CURVE('',#2410,#2810,#2790,.T.);
#2830=ORIENTED_EDGE('',*,*,#2820,.F.);
#2840=CARTESIAN_POINT('',(3.2520049887619,0.245961940777126,
5.27320508075683));
#2850=DIRECTION('',(0.,-1.,0.));
#2860=VECTOR('',#2850,1.);
#2870=LINE('',#2840,#2860);
#2880=EDGE_CURVE('',#2710,#2810,#2870,.T.);
#2890=ORIENTED_EDGE('',*,*,#2880,.T.);
#2900=EDGE_LOOP('',(#2890,#2830,#2740,#2730));
#2910=FACE_OUTER_BOUND('',#2900,.T.);
#2920=ADVANCED_FACE('',(#2910),#2640,.T.);
#2930=COLOUR_RGB('',0.600000023841858,0.600000023841858,
0.600000023841858);
#2940=FILL_AREA_STYLE_COLOUR('',#2930);
#2950=FILL_AREA_STYLE('',(#2940));
#2960=SURFACE_STYLE_FILL_AREA(#2950);
#2970=SURFACE_SIDE_STYLE('',(#2960));
#2980=SURFACE_STYLE_USAGE(.BOTH.,#2970);
#2990=PRESENTATION_STYLE_ASSIGNMENT((#2980));
#3000=CARTESIAN_POINT('',(3.25200498876191,0.245961940777125,
5.27320508075684));
#3010=DIRECTION('',(-0.499999999999997,-8.88152902393107E-16,
-0.86602540378444));
#3020=DIRECTION('',(-0.86602540378444,4.99585628657244E-16,
0.499999999999997));
#3030=AXIS2_PLACEMENT_3D('',#3000,#3010,#3020);
#3040=PLANE('',#3030);
#3050=CARTESIAN_POINT('',(2.33956942346367,0.245961940777126,
5.79999999999995));
#3060=DIRECTION('',(0.866025403784431,-5.00532481838144E-16,
-0.500000000000013));
#3070=VECTOR('',#3060,1.);
#3080=LINE('',#3050,#3070);
#3090=CARTESIAN_POINT('',(2.33956942346367,0.245961940777126,
5.79999999999995));
#3100=VERTEX_POINT('',#3090);
#3110=EDGE_CURVE('',#3100,#2710,#3080,.T.);
#3120=ORIENTED_EDGE('',*,*,#3110,.F.);
#3130=ORIENTED_EDGE('',*,*,#2880,.F.);
#3140=CARTESIAN_POINT('',(3.25200498876205,-0.0040380592228747,
5.27320508075672));
#3150=DIRECTION('',(-0.866025403784431,4.97239504983838E-16,
0.500000000000013));
#3160=VECTOR('',#3150,1.);
#3170=LINE('',#3140,#3160);
#3180=CARTESIAN_POINT('',(2.33956942346367,-0.00403805922287417,
5.79999999999995));
#3190=VERTEX_POINT('',#3180);
#3200=EDGE_CURVE('',#2810,#3190,#3170,.T.);
#3210=ORIENTED_EDGE('',*,*,#3200,.F.);
#3220=CARTESIAN_POINT('',(2.33956942346367,-0.00403805922287417,
5.79999999999996));
#3230=DIRECTION('',(0.,1.,0.));
#3240=VECTOR('',#3230,1.);
#3250=LINE('',#3220,#3240);
#3260=EDGE_CURVE('',#3190,#3100,#3250,.T.);
#3270=ORIENTED_EDGE('',*,*,#3260,.F.);
#3280=EDGE_LOOP('',(#3270,#3210,#3130,#3120));
#3290=FACE_OUTER_BOUND('',#3280,.T.);
#3300=ADVANCED_FACE('',(#3290),#3040,.F.);
#3310=COLOUR_RGB('',0.600000023841858,0.600000023841858,
0.600000023841858);
#3320=FILL_AREA_STYLE_COLOUR('',#3310);
#3330=FILL_AREA_STYLE('',(#3320));
#3340=SURFACE_STYLE_FILL_AREA(#3330);
#3350=SURFACE_SIDE_STYLE('',(#3340));
#3360=SURFACE_STYLE_USAGE(.BOTH.,#3350);
#3370=PRESENTATION_STYLE_ASSIGNMENT((#3360));
#3380=CARTESIAN_POINT('',(1.53200498876192,0.245961940777126,
5.79999999999996));
#3390=DIRECTION('',(-4.12269334299985E-16,-9.95276753369398E-16,-1.));
#3400=DIRECTION('',(-1.,-2.04740447771424E-34,4.12269334299985E-16));
#3410=AXIS2_PLACEMENT_3D('',#3380,#3390,#3400);
#3420=PLANE('',#3410);
#3430=CARTESIAN_POINT('',(2.33956942346367,0.245961940777126,
5.79999999999996));
#3440=DIRECTION('',(-1.,0.,0.));
#3450=VECTOR('',#3440,1.);
#3460=LINE('',#3430,#3450);
#3470=CARTESIAN_POINT('',(1.5320049887618,0.245961940777126,
5.79999999999996));
#3480=VERTEX_POINT('',#3470);
#3490=EDGE_CURVE('',#3100,#3480,#3460,.T.);
#3500=ORIENTED_EDGE('',*,*,#3490,.T.);
#3510=ORIENTED_EDGE('',*,*,#3260,.T.);
#3520=CARTESIAN_POINT('',(2.33956942346366,-0.00403805922287417,
5.79999999999995));
#3530=DIRECTION('',(-1.,0.,0.));
#3540=VECTOR('',#3530,1.);
#3550=LINE('',#3520,#3540);
#3560=CARTESIAN_POINT('',(1.53200498876192,-0.00403805922287423,
5.79999999999998));
#3570=VERTEX_POINT('',#3560);
#3580=EDGE_CURVE('',#3190,#3570,#3550,.T.);
#3590=ORIENTED_EDGE('',*,*,#3580,.F.);
#3600=CARTESIAN_POINT('',(1.53200498876192,-0.00403805922287429,
5.79999999999998));
#3610=DIRECTION('',(0.,1.,0.));
#3620=VECTOR('',#3610,1.);
#3630=LINE('',#3600,#3620);
#3640=EDGE_CURVE('',#3570,#3480,#3630,.T.);
#3650=ORIENTED_EDGE('',*,*,#3640,.F.);
#3660=EDGE_LOOP('',(#3650,#3590,#3510,#3500));
#3670=FACE_OUTER_BOUND('',#3660,.T.);
#3680=ADVANCED_FACE('',(#3670),#3420,.F.);
#3690=COLOUR_RGB('',0.600000023841858,0.600000023841858,
0.600000023841858);
#3700=FILL_AREA_STYLE_COLOUR('',#3690);
#3710=FILL_AREA_STYLE('',(#3700));
#3720=SURFACE_STYLE_FILL_AREA(#3710);
#3730=SURFACE_SIDE_STYLE('',(#3720));
#3740=SURFACE_STYLE_USAGE(.BOTH.,#3730);
#3750=PRESENTATION_STYLE_ASSIGNMENT((#3740));
#3760=CARTESIAN_POINT('',(1.53200498876192,0.245961940777126,
5.59999999999998));
#3770=DIRECTION('',(-1.92592994438725E-34,1.,-9.95276753369398E-16));
#3780=DIRECTION('',(1.,1.92592994438725E-34,0.));
#3790=AXIS2_PLACEMENT_3D('',#3760,#3770,#3780);
#3800=CYLINDRICAL_SURFACE('',#3790,0.200000000000003);
#3810=CARTESIAN_POINT('',(1.53200498876192,-4.44089209850063E-16,
5.59999999999998));
#3820=DIRECTION('',(-2.03998814583884E-31,1.,-9.95276753369398E-16));
#3830=DIRECTION('',(-1.,-1.77000665608962E-28,-1.77635683940022E-13));
#3840=AXIS2_PLACEMENT_3D('',#3810,#3820,#3830);
#3850=CIRCLE('',#3840,0.200000000000003);
#3860=CARTESIAN_POINT('',(1.33200498876192,-4.56138495840951E-16,
5.59999999999996));
#3870=VERTEX_POINT('',#3860);
#3880=EDGE_CURVE('',#3870,#690,#3850,.T.);
#3890=ORIENTED_EDGE('',*,*,#3880,.F.);
#3900=ORIENTED_EDGE('',*,*,#700,.T.);
#3910=CARTESIAN_POINT('',(1.53200498876192,0.245961940777126,
5.59999999999998));
#3920=DIRECTION('',(1.54562153102194E-17,1.,-1.00945965554873E-15));
#3930=DIRECTION('',(-0.736804871841825,6.93889390390712E-16,
0.676105450969116));
#3940=AXIS2_PLACEMENT_3D('',#3910,#3920,#3930);
#3950=CIRCLE('',#3940,0.200000000000003);
#3960=EDGE_CURVE('',#610,#3480,#3950,.T.);
#3970=ORIENTED_EDGE('',*,*,#3960,.F.);
#3980=ORIENTED_EDGE('',*,*,#3640,.T.);
#3990=CARTESIAN_POINT('',(1.53200498876192,-0.00403805922287451,
5.59999999999998));
#4000=DIRECTION('',(5.39103679253451E-30,-1.,9.93129189996708E-16));
#4010=DIRECTION('',(-2.51021425867744E-12,9.93129189996708E-16,1.));
#4020=AXIS2_PLACEMENT_3D('',#3990,#4000,#4010);
#4030=CIRCLE('',#4020,0.200000000000003);
#4040=CARTESIAN_POINT('',(1.33200498876192,-0.00403805922287437,
5.59999999999997));
#4050=VERTEX_POINT('',#4040);
#4060=EDGE_CURVE('',#3570,#4050,#4030,.T.);
#4070=ORIENTED_EDGE('',*,*,#4060,.F.);
#4080=CARTESIAN_POINT('',(1.33200498876192,-4.44089209850063E-16,
5.59999999999998));
#4090=DIRECTION('',(0.,-1.,0.));
#4100=VECTOR('',#4090,1.);
#4110=LINE('',#4080,#4100);
#4120=EDGE_CURVE('',#3870,#4050,#4110,.T.);
#4130=ORIENTED_EDGE('',*,*,#4120,.T.);
#4140=EDGE_LOOP('',(#4130,#4070,#3980,#3970,#3900,#3890));
#4150=FACE_OUTER_BOUND('',#4140,.T.);
#4160=ADVANCED_FACE('',(#4150),#3800,.T.);
#4170=COLOUR_RGB('',0.600000023841858,0.600000023841858,
0.600000023841858);
#4180=FILL_AREA_STYLE_COLOUR('',#4170);
#4190=FILL_AREA_STYLE('',(#4180));
#4200=SURFACE_STYLE_FILL_AREA(#4190);
#4210=SURFACE_SIDE_STYLE('',(#4200));
#4220=SURFACE_STYLE_USAGE(.BOTH.,#4210);
#4230=PRESENTATION_STYLE_ASSIGNMENT((#4220));
#4240=CARTESIAN_POINT('',(1.33200498876192,0.245961940777125,
5.35000000000001));
#4250=DIRECTION('',(1.,2.04740447771879E-34,-4.12269334299985E-16));
#4260=DIRECTION('',(-4.12269334299985E-16,-9.95276753369398E-16,-1.));
#4270=AXIS2_PLACEMENT_3D('',#4240,#4250,#4260);
#4280=PLANE('',#4270);
#4290=ORIENTED_EDGE('',*,*,#4120,.F.);
#4300=CARTESIAN_POINT('',(1.33200498876192,-0.00403805922287437,
5.59999999999997));
#4310=DIRECTION('',(-8.88178419700327E-16,-9.95731275210914E-16,-1.));
#4320=VECTOR('',#4310,1.);
#4330=LINE('',#4300,#4320);
#4340=CARTESIAN_POINT('',(1.33200498876192,-0.00403805922287462,
5.35000000000002));
#4350=VERTEX_POINT('',#4340);
#4360=EDGE_CURVE('',#4050,#4350,#4330,.T.);
#4370=ORIENTED_EDGE('',*,*,#4360,.F.);
#4380=CARTESIAN_POINT('',(1.33200498876192,-0.00403805922287459,
5.35000000000001));
#4390=DIRECTION('',(0.,1.,0.));
#4400=VECTOR('',#4390,1.);
#4410=LINE('',#4380,#4400);
#4420=CARTESIAN_POINT('',(1.33200498876192,-4.56138495840951E-16,
5.35000000000008));
#4430=VERTEX_POINT('',#4420);
#4440=EDGE_CURVE('',#4350,#4430,#4410,.T.);
#4450=ORIENTED_EDGE('',*,*,#4440,.F.);
#4460=CARTESIAN_POINT('',(1.33200498876192,-3.33066907387547E-16,
5.59999999999998));
#4470=DIRECTION('',(0.,-9.99200722162762E-16,-1.));
#4480=VECTOR('',#4470,1.);
#4490=LINE('',#4460,#4480);
#4500=EDGE_CURVE('',#3870,#4430,#4490,.T.);
#4510=ORIENTED_EDGE('',*,*,#4500,.T.);
#4520=EDGE_LOOP('',(#4510,#4450,#4370,#4290));
#4530=FACE_OUTER_BOUND('',#4520,.T.);
#4540=ADVANCED_FACE('',(#4530),#4280,.F.);
#4550=COLOUR_RGB('',0.600000023841858,0.600000023841858,
0.600000023841858);
#4560=FILL_AREA_STYLE_COLOUR('',#4550);
#4570=FILL_AREA_STYLE('',(#4560));
#4580=SURFACE_STYLE_FILL_AREA(#4570);
#4590=SURFACE_SIDE_STYLE('',(#4580));
#4600=SURFACE_STYLE_USAGE(.BOTH.,#4590);
#4610=PRESENTATION_STYLE_ASSIGNMENT((#4600));
#4620=CARTESIAN_POINT('',(-1.5,-4.56138495840951E-16,-0.));
#4630=DIRECTION('',(-0.,-1.,-0.));
#4640=DIRECTION('',(0.,0.,-1.));
#4650=AXIS2_PLACEMENT_3D('',#4620,#4630,#4640);
#4660=PLANE('',#4650);
#4670=CARTESIAN_POINT('',(0.,0.,0.));
#4680=DIRECTION('',(0.,-1.,0.));
#4690=DIRECTION('',(-0.568136438773206,0.,0.82293437583935));
#4700=AXIS2_PLACEMENT_3D('',#4670,#4680,#4690);
#4710=CIRCLE('',#4700,5.9);
#4720=CARTESIAN_POINT('',(-3.35200498876192,-4.44089209850063E-16,
4.85531281745216));
#4730=VERTEX_POINT('',#4720);
#4740=CARTESIAN_POINT('',(-4.2,-4.56138495840951E-16,4.14366987102013));
#4750=VERTEX_POINT('',#4740);
#4760=EDGE_CURVE('',#4730,#4750,#4710,.T.);
#4770=ORIENTED_EDGE('',*,*,#4760,.T.);
#4780=CARTESIAN_POINT('',(-3.35200498876192,-4.44089209850063E-16,
4.85531281745216));
#4790=DIRECTION('',(8.78840184757559E-16,0.,-1.));
#4800=VECTOR('',#4790,1.);
#4810=LINE('',#4780,#4800);
#4820=CARTESIAN_POINT('',(-3.35200498876191,-4.56138495840951E-16,
4.34999999999995));
#4830=VERTEX_POINT('',#4820);
#4840=EDGE_CURVE('',#4730,#4830,#4810,.T.);
#4850=ORIENTED_EDGE('',*,*,#4840,.F.);
#4860=CARTESIAN_POINT('',(-3.15200498876191,-4.71844785465692E-16,
4.34999999999995));
#4870=DIRECTION('',(-1.92592994420058E-34,1.,2.94648481515922E-20));
#4880=DIRECTION('',(-1.03250741290138E-12,2.94648481515922E-20,-1.));
#4890=AXIS2_PLACEMENT_3D('',#4860,#4870,#4880);
#4900=CIRCLE('',#4890,0.200000000000003);
#4910=CARTESIAN_POINT('',(-3.15200498876201,-4.44089209850063E-16,
4.14999999999998));
#4920=VERTEX_POINT('',#4910);
#4930=EDGE_CURVE('',#4920,#4830,#4900,.T.);
#4940=ORIENTED_EDGE('',*,*,#4930,.T.);
#4950=CARTESIAN_POINT('',(-3.15200498876191,-4.44089209850063E-16,
4.14999999999998));
#4960=DIRECTION('',(1.,-1.30385652467495E-16,0.));
#4970=VECTOR('',#4960,1.);
#4980=LINE('',#4950,#4970);
#4990=CARTESIAN_POINT('',(-1.44902156441323,-4.44089209850063E-16,
4.14999999999998));
#5000=VERTEX_POINT('',#4990);
#5010=EDGE_CURVE('',#4920,#5000,#4980,.T.);
#5020=ORIENTED_EDGE('',*,*,#5010,.F.);
#5030=CARTESIAN_POINT('',(-1.44902156441323,0.,4.14999999999998));
#5040=DIRECTION('',(0.,0.,1.));
#5050=VECTOR('',#5040,1.);
#5060=LINE('',#5030,#5050);
#5070=CARTESIAN_POINT('',(-1.44902156441323,-4.56138495840951E-16,
4.64999999999998));
#5080=VERTEX_POINT('',#5070);
#5090=EDGE_CURVE('',#5000,#5080,#5060,.T.);
#5100=ORIENTED_EDGE('',*,*,#5090,.F.);
#5110=CARTESIAN_POINT('',(-1.88200498876199,-4.56138495840951E-16,
4.64999999999998));
#5120=DIRECTION('',(1.,0.,0.));
#5130=VECTOR('',#5120,1.);
#5140=LINE('',#5110,#5130);
#5150=CARTESIAN_POINT('',(-1.88200498876195,-4.56138495840951E-16,
4.64999999999997));
#5160=VERTEX_POINT('',#5150);
#5170=EDGE_CURVE('',#5160,#5080,#5140,.T.);
#5180=ORIENTED_EDGE('',*,*,#5170,.T.);
#5190=CARTESIAN_POINT('',(-1.88200498876191,-4.71844785465692E-16,
4.84999999999996));
#5200=DIRECTION('',(1.92592994454436E-34,-1.,-2.94648481515938E-20));
#5210=DIRECTION('',(-7.99360577730144E-13,-2.94648481515938E-20,1.));
#5220=AXIS2_PLACEMENT_3D('',#5190,#5200,#5210);
#5230=CIRCLE('',#5220,0.199999999999992);
#5240=CARTESIAN_POINT('',(-1.88200498876199,-4.44089209850063E-16,
5.04999999999993));
#5250=VERTEX_POINT('',#5240);
#5260=EDGE_CURVE('',#5250,#5160,#5230,.T.);
#5270=ORIENTED_EDGE('',*,*,#5260,.T.);
#5280=CARTESIAN_POINT('',(-1.88200498876191,-4.44089209850063E-16,
5.04999999999993));
#5290=DIRECTION('',(1.,0.,0.));
#5300=VECTOR('',#5290,1.);
#5310=LINE('',#5280,#5300);
#5320=CARTESIAN_POINT('',(-1.63200498876212,-4.56138495840951E-16,
5.04999999999997));
#5330=VERTEX_POINT('',#5320);
#5340=EDGE_CURVE('',#5250,#5330,#5310,.T.);
#5350=ORIENTED_EDGE('',*,*,#5340,.F.);
#5360=CARTESIAN_POINT('',(-1.63200498876191,-4.44089209850063E-16,
5.24999999999997));
#5370=DIRECTION('',(-1.81007322117019E-32,1.,2.9464848151592E-20));
#5380=DIRECTION('',(0.707106781186458,2.08347939346381E-20,
-0.707106781186637));
#5390=AXIS2_PLACEMENT_3D('',#5360,#5370,#5380);
#5400=CIRCLE('',#5390,0.199999999999997);
#5410=CARTESIAN_POINT('',(-1.49058363252461,-4.56138495840951E-16,
5.10857864376266));
#5420=VERTEX_POINT('',#5410);
#5430=EDGE_CURVE('',#5420,#5330,#5400,.T.);
#5440=ORIENTED_EDGE('',*,*,#5430,.T.);
#5450=CARTESIAN_POINT('',(-1.39058363252457,-4.56138495840951E-16,
5.20857864376274));
#5460=DIRECTION('',(-0.707106781186418,0.,-0.707106781186677));
#5470=VECTOR('',#5460,1.);
#5480=LINE('',#5450,#5470);
#5490=CARTESIAN_POINT('',(-1.39058363252458,-4.56138495840951E-16,
5.20857864376273));
#5500=VERTEX_POINT('',#5490);
#5510=EDGE_CURVE('',#5500,#5420,#5480,.T.);
#5520=ORIENTED_EDGE('',*,*,#5510,.T.);
#5530=CARTESIAN_POINT('',(-1.53200498876192,-4.44089209850063E-16,
5.35000000000001));
#5540=DIRECTION('',(-3.2712552834962E-33,1.,2.94648481515741E-20));
#5550=DIRECTION('',(1.,0.,1.11022302462517E-13));
#5560=AXIS2_PLACEMENT_3D('',#5530,#5540,#5550);
#5570=CIRCLE('',#5560,0.199999999999997);
#5580=CARTESIAN_POINT('',(-1.33200498876192,-4.44089209850063E-16,
5.35000000000002));
#5590=VERTEX_POINT('',#5580);
#5600=EDGE_CURVE('',#5590,#5500,#5570,.T.);
#5610=ORIENTED_EDGE('',*,*,#5600,.T.);
#5620=CARTESIAN_POINT('',(-1.33200498876192,-4.44089209850063E-16,
5.35000000000001));
#5630=DIRECTION('',(0.,0.,1.));
#5640=VECTOR('',#5630,1.);
#5650=LINE('',#5620,#5640);
#5660=CARTESIAN_POINT('',(-1.33200498876192,-4.56138495840951E-16,
5.59999999999999));
#5670=VERTEX_POINT('',#5660);
#5680=EDGE_CURVE('',#5590,#5670,#5650,.T.);
#5690=ORIENTED_EDGE('',*,*,#5680,.F.);
#5700=CARTESIAN_POINT('',(-1.53200498876192,-4.44089209850063E-16,
5.59999999999998));
#5710=DIRECTION('',(-1.72770962339226E-31,1.,2.94648481514157E-20));
#5720=DIRECTION('',(0.736804871841736,-1.9921344447025E-20,
0.676105450969213));
#5730=AXIS2_PLACEMENT_3D('',#5700,#5710,#5720);
#5740=CIRCLE('',#5730,0.200000000000003);
#5750=CARTESIAN_POINT('',(-1.38464401439358,-4.56138495840951E-16,
5.73522109019383));
#5760=VERTEX_POINT('',#5750);
#5770=EDGE_CURVE('',#5760,#5670,#5740,.T.);
#5780=ORIENTED_EDGE('',*,*,#5770,.T.);
#5790=CARTESIAN_POINT('',(0.,0.,0.));
#5800=DIRECTION('',(0.,-1.,0.));
#5810=DIRECTION('',(-0.177966101694915,0.,0.9840366185501));
#5820=AXIS2_PLACEMENT_3D('',#5790,#5800,#5810);
#5830=CIRCLE('',#5820,5.9);
#5840=CARTESIAN_POINT('',(-1.05,-4.44089209850063E-16,5.80581604944559))
;
#5850=VERTEX_POINT('',#5840);
#5860=EDGE_CURVE('',#5850,#5760,#5830,.T.);
#5870=ORIENTED_EDGE('',*,*,#5860,.T.);
#5880=CARTESIAN_POINT('',(-1.05,-4.44089209850063E-16,5.80581604944559))
;
#5890=DIRECTION('',(0.,0.,-1.));
#5900=VECTOR('',#5890,1.);
#5910=LINE('',#5880,#5900);
#5920=CARTESIAN_POINT('',(-1.05,-4.44089209850063E-16,5.2));
#5930=VERTEX_POINT('',#5920);
#5940=EDGE_CURVE('',#5850,#5930,#5910,.T.);
#5950=ORIENTED_EDGE('',*,*,#5940,.F.);
#5960=CARTESIAN_POINT('',(-1.05,-4.44089209850063E-16,5.2));
#5970=DIRECTION('',(1.,0.,0.));
#5980=VECTOR('',#5970,1.);
#5990=LINE('',#5960,#5980);
#6000=CARTESIAN_POINT('',(1.05,-4.44089209850063E-16,5.2));
#6010=VERTEX_POINT('',#6000);
#6020=EDGE_CURVE('',#5930,#6010,#5990,.T.);
#6030=ORIENTED_EDGE('',*,*,#6020,.F.);
#6040=CARTESIAN_POINT('',(1.05,-4.44089209850063E-16,5.2));
#6050=DIRECTION('',(0.,0.,1.));
#6060=VECTOR('',#6050,1.);
#6070=LINE('',#6040,#6060);
#6080=EDGE_CURVE('',#6010,#780,#6070,.T.);
#6090=ORIENTED_EDGE('',*,*,#6080,.F.);
#6100=ORIENTED_EDGE('',*,*,#790,.T.);
#6110=ORIENTED_EDGE('',*,*,#3880,.T.);
#6120=ORIENTED_EDGE('',*,*,#4500,.F.);
#6130=CARTESIAN_POINT('',(1.53200498876192,-4.44089209850063E-16,
5.35000000000001));
#6140=DIRECTION('',(9.86076131526265E-32,1.,-9.95276753369398E-16));
#6150=DIRECTION('',(-0.707106781186841,-7.03766941464541E-16,
-0.707106781186254));
#6160=AXIS2_PLACEMENT_3D('',#6130,#6140,#6150);
#6170=CIRCLE('',#6160,0.199999999999997);
#6180=CARTESIAN_POINT('',(1.39058363252457,-4.56138495840951E-16,
5.20857864376274));
#6190=VERTEX_POINT('',#6180);
#6200=EDGE_CURVE('',#6190,#4430,#6170,.T.);
#6210=ORIENTED_EDGE('',*,*,#6200,.T.);
#6220=CARTESIAN_POINT('',(1.49058363252462,-4.56138495840951E-16,
5.10857864376267));
#6230=DIRECTION('',(-0.707106781186416,0.,0.707106781186679));
#6240=VECTOR('',#6230,1.);
#6250=LINE('',#6220,#6240);
#6260=CARTESIAN_POINT('',(1.4905836325246,-4.56138495840951E-16,
5.10857864376267));
#6270=VERTEX_POINT('',#6260);
#6280=EDGE_CURVE('',#6270,#6190,#6250,.T.);
#6290=ORIENTED_EDGE('',*,*,#6280,.T.);
#6300=CARTESIAN_POINT('',(1.63200498876192,-4.44089209850063E-16,
5.24999999999997));
#6310=DIRECTION('',(-1.92592991210132E-34,1.,-9.952767533694E-16));
#6320=DIRECTION('',(1.65090163761764E-12,-9.952767533694E-16,-1.));
#6330=AXIS2_PLACEMENT_3D('',#6300,#6310,#6320);
#6340=CIRCLE('',#6330,0.199999999999997);
#6350=CARTESIAN_POINT('',(1.63200498876208,-4.44089209850063E-16,
5.04999999999993));
#6360=VERTEX_POINT('',#6350);
#6370=EDGE_CURVE('',#6360,#6270,#6340,.T.);
#6380=ORIENTED_EDGE('',*,*,#6370,.T.);
#6390=CARTESIAN_POINT('',(1.63200498876192,-4.44089209850063E-16,
5.04999999999993));
#6400=DIRECTION('',(1.,0.,0.));
#6410=VECTOR('',#6400,1.);
#6420=LINE('',#6390,#6410);
#6430=CARTESIAN_POINT('',(1.88200498876195,-4.56138495840951E-16,
5.04999999999994));
#6440=VERTEX_POINT('',#6430);
#6450=EDGE_CURVE('',#6360,#6440,#6420,.T.);
#6460=ORIENTED_EDGE('',*,*,#6450,.F.);
#6470=CARTESIAN_POINT('',(1.88200498876192,-4.71844785465692E-16,
4.84999999999995));
#6480=DIRECTION('',(1.92592995335555E-34,-1.,9.95276753369397E-16));
#6490=DIRECTION('',(7.4718009557276E-13,-9.95276753369397E-16,-1.));
#6500=AXIS2_PLACEMENT_3D('',#6470,#6480,#6490);
#6510=CIRCLE('',#6500,0.199999999999992);
#6520=CARTESIAN_POINT('',(1.88200498876199,-4.44089209850063E-16,
4.64999999999998));
#6530=VERTEX_POINT('',#6520);
#6540=EDGE_CURVE('',#6530,#6440,#6510,.T.);
#6550=ORIENTED_EDGE('',*,*,#6540,.T.);
#6560=CARTESIAN_POINT('',(1.88200498876192,-4.44089209850063E-16,
4.64999999999998));
#6570=DIRECTION('',(-1.,0.,0.));
#6580=VECTOR('',#6570,1.);
#6590=LINE('',#6560,#6580);
#6600=CARTESIAN_POINT('',(1.44902156441323,-4.44089209850063E-16,
4.64999999999998));
#6610=VERTEX_POINT('',#6600);
#6620=EDGE_CURVE('',#6530,#6610,#6590,.T.);
#6630=ORIENTED_EDGE('',*,*,#6620,.F.);
#6640=CARTESIAN_POINT('',(1.44902156441323,-3.33066907387547E-16,
4.64999999999998));
#6650=DIRECTION('',(-1.33226762955E-15,-7.77156117237501E-16,-1.));
#6660=VECTOR('',#6650,1.);
#6670=LINE('',#6640,#6660);
#6680=CARTESIAN_POINT('',(1.44902156441323,-4.56138495840951E-16,
4.14999999999992));
#6690=VERTEX_POINT('',#6680);
#6700=EDGE_CURVE('',#6610,#6690,#6670,.T.);
#6710=ORIENTED_EDGE('',*,*,#6700,.F.);
#6720=CARTESIAN_POINT('',(3.15200498876226,-4.56138495840951E-16,
4.14999999999992));
#6730=DIRECTION('',(-1.,0.,0.));
#6740=VECTOR('',#6730,1.);
#6750=LINE('',#6720,#6740);
#6760=CARTESIAN_POINT('',(3.15200498876209,-4.56138495840951E-16,
4.14999999999988));
#6770=VERTEX_POINT('',#6760);
#6780=EDGE_CURVE('',#6770,#6690,#6750,.T.);
#6790=ORIENTED_EDGE('',*,*,#6780,.T.);
#6800=CARTESIAN_POINT('',(3.15200498876192,-4.71844785465692E-16,
4.3499999999999));
#6810=DIRECTION('',(2.23513910040478E-31,1.,-9.95276753369398E-16));
#6820=DIRECTION('',(1.,-5.57133014312292E-28,-5.59552404411031E-13));
#6830=AXIS2_PLACEMENT_3D('',#6800,#6810,#6820);
#6840=CIRCLE('',#6830,0.200000000000017);
#6850=EDGE_CURVE('',#2250,#6770,#6840,.T.);
#6860=ORIENTED_EDGE('',*,*,#6850,.T.);
#6870=ORIENTED_EDGE('',*,*,#2260,.F.);
#6880=ORIENTED_EDGE('',*,*,#1880,.T.);
#6890=CARTESIAN_POINT('',(3.35200498876191,-6.93889390390723E-16,
-4.85531281745216));
#6900=DIRECTION('',(0.,9.8869520785241E-16,1.));
#6910=VECTOR('',#6900,1.);
#6920=LINE('',#6890,#6910);
#6930=CARTESIAN_POINT('',(3.35200498876191,-4.56138495840951E-16,
-4.35000000000002));
#6940=VERTEX_POINT('',#6930);
#6950=EDGE_CURVE('',#1780,#6940,#6920,.T.);
#6960=ORIENTED_EDGE('',*,*,#6950,.F.);
#6970=CARTESIAN_POINT('',(3.15200498876191,-4.71844785465692E-16,
-4.35000000000003));
#6980=DIRECTION('',(-1.92592994976822E-34,1.,-9.95276753369399E-16));
#6990=DIRECTION('',(7.26085858104842E-13,9.95276753369399E-16,1.));
#7000=AXIS2_PLACEMENT_3D('',#6970,#6980,#6990);
#7010=CIRCLE('',#7000,0.200000000000003);
#7020=CARTESIAN_POINT('',(3.15200498876198,-4.44089209850063E-16,
-4.15000000000005));
#7030=VERTEX_POINT('',#7020);
#7040=EDGE_CURVE('',#7030,#6940,#7010,.T.);
#7050=ORIENTED_EDGE('',*,*,#7040,.T.);
#7060=CARTESIAN_POINT('',(3.15200498876191,-4.44089209850063E-16,
-4.15000000000005));
#7070=DIRECTION('',(-1.,0.,5.21542609869962E-16));
#7080=VECTOR('',#7070,1.);
#7090=LINE('',#7060,#7080);
#7100=CARTESIAN_POINT('',(1.44902156441317,-4.44089209850063E-16,
-4.15000000000005));
#7110=VERTEX_POINT('',#7100);
#7120=EDGE_CURVE('',#7030,#7110,#7090,.T.);
#7130=ORIENTED_EDGE('',*,*,#7120,.F.);
#7140=CARTESIAN_POINT('',(1.44902156441317,-7.21644966006352E-16,
-4.15000000000005));
#7150=DIRECTION('',(-4.44089209850054E-16,-9.99200722162621E-16,-1.));
#7160=VECTOR('',#7150,1.);
#7170=LINE('',#7140,#7160);
#7180=CARTESIAN_POINT('',(1.44902156441317,-4.56138495840951E-16,
-4.65000000000005));
#7190=VERTEX_POINT('',#7180);
#7200=EDGE_CURVE('',#7110,#7190,#7170,.T.);
#7210=ORIENTED_EDGE('',*,*,#7200,.F.);
#7220=CARTESIAN_POINT('',(1.88200498876198,-4.56138495840951E-16,
-4.65000000000005));
#7230=DIRECTION('',(-1.,0.,0.));
#7240=VECTOR('',#7230,1.);
#7250=LINE('',#7220,#7240);
#7260=CARTESIAN_POINT('',(1.88200498876194,-4.56138495840951E-16,
-4.65000000000004));
#7270=VERTEX_POINT('',#7260);
#7280=EDGE_CURVE('',#7270,#7190,#7250,.T.);
#7290=ORIENTED_EDGE('',*,*,#7280,.T.);
#7300=CARTESIAN_POINT('',(1.88200498876191,-4.44089209850063E-16,
-4.85000000000003));
#7310=DIRECTION('',(1.92592992824428E-34,-1.,9.95276753369397E-16));
#7320=DIRECTION('',(-1.50102152929327E-12,-9.95276753369397E-16,-1.));
#7330=AXIS2_PLACEMENT_3D('',#7300,#7310,#7320);
#7340=CIRCLE('',#7330,0.199999999999992);
#7350=CARTESIAN_POINT('',(1.88200498876176,-4.44089209850063E-16,
-5.05000000000007));
#7360=VERTEX_POINT('',#7350);
#7370=EDGE_CURVE('',#7360,#7270,#7340,.T.);
#7380=ORIENTED_EDGE('',*,*,#7370,.T.);
#7390=CARTESIAN_POINT('',(1.88200498876191,-4.44089209850063E-16,
-5.05000000000007));
#7400=DIRECTION('',(-1.,0.,0.));
#7410=VECTOR('',#7400,1.);
#7420=LINE('',#7390,#7410);
#7430=CARTESIAN_POINT('',(1.6320049887617,-4.56138495840951E-16,
-5.05000000000004));
#7440=VERTEX_POINT('',#7430);
#7450=EDGE_CURVE('',#7360,#7440,#7420,.T.);
#7460=ORIENTED_EDGE('',*,*,#7450,.F.);
#7470=CARTESIAN_POINT('',(1.63200498876191,-4.44089209850063E-16,
-5.25000000000004));
#7480=DIRECTION('',(7.88860905221012E-31,1.,-9.95276753369399E-16));
#7490=DIRECTION('',(-0.707106781185777,7.03766941465601E-16,
0.707106781187319));
#7500=AXIS2_PLACEMENT_3D('',#7470,#7480,#7490);
#7510=CIRCLE('',#7500,0.200000000000004);
#7520=CARTESIAN_POINT('',(1.49058363252468,-4.56138495840951E-16,
-5.10857864376267));
#7530=VERTEX_POINT('',#7520);
#7540=EDGE_CURVE('',#7530,#7440,#7510,.T.);
#7550=ORIENTED_EDGE('',*,*,#7540,.T.);
#7560=CARTESIAN_POINT('',(1.39058363252469,-4.56138495840951E-16,
-5.20857864376268));
#7570=DIRECTION('',(0.707106781186469,0.,0.707106781186626));
#7580=VECTOR('',#7570,1.);
#7590=LINE('',#7560,#7580);
#7600=CARTESIAN_POINT('',(1.39058363252465,-4.56138495840951E-16,
-5.20857864376275));
#7610=VERTEX_POINT('',#7600);
#7620=EDGE_CURVE('',#7610,#7530,#7590,.T.);
#7630=ORIENTED_EDGE('',*,*,#7620,.T.);
#7640=CARTESIAN_POINT('',(1.53200498876191,-4.44089209850063E-16,
-5.35000000000009));
#7650=DIRECTION('',(-1.06644705500097E-31,1.,-9.95276753369398E-16));
#7660=DIRECTION('',(-1.,-4.02319061662732E-28,-4.04121180963573E-13));
#7670=AXIS2_PLACEMENT_3D('',#7640,#7650,#7660);
#7680=CIRCLE('',#7670,0.199999999999992);
#7690=CARTESIAN_POINT('',(1.33200498876191,-4.44089209850063E-16,
-5.35000000000013));
#7700=VERTEX_POINT('',#7690);
#7710=EDGE_CURVE('',#7700,#7610,#7680,.T.);
#7720=ORIENTED_EDGE('',*,*,#7710,.T.);
#7730=CARTESIAN_POINT('',(1.33200498876191,-3.05311331771918E-16,
-5.35000000000009));
#7740=DIRECTION('',(0.,-9.9920072216296E-16,-1.));
#7750=VECTOR('',#7740,1.);
#7760=LINE('',#7730,#7750);
#7770=CARTESIAN_POINT('',(1.3320049887619,-4.56138495840951E-16,
-5.60000000000004));
#7780=VERTEX_POINT('',#7770);
#7790=EDGE_CURVE('',#7700,#7780,#7760,.T.);
#7800=ORIENTED_EDGE('',*,*,#7790,.F.);
#7810=CARTESIAN_POINT('',(1.53200498876191,-4.44089209850063E-16,
-5.60000000000001));
#7820=DIRECTION('',(-5.91645678915759E-31,1.,-9.95276753369398E-16));
#7830=DIRECTION('',(-0.736804871841846,-6.72912038175872E-16,
-0.676105450969093));
#7840=AXIS2_PLACEMENT_3D('',#7810,#7820,#7830);
#7850=CIRCLE('',#7840,0.20000000000001);
#7860=EDGE_CURVE('',#1530,#7780,#7850,.T.);
#7870=ORIENTED_EDGE('',*,*,#7860,.T.);
#7880=ORIENTED_EDGE('',*,*,#1540,.T.);
#7890=CARTESIAN_POINT('',(1.05,-4.44089209850063E-16,-5.80581604944559))
;
#7900=DIRECTION('',(0.,0.,1.));
#7910=VECTOR('',#7900,1.);
#7920=LINE('',#7890,#7910);
#7930=CARTESIAN_POINT('',(1.05,-4.44089209850063E-16,-5.2));
#7940=VERTEX_POINT('',#7930);
#7950=EDGE_CURVE('',#1440,#7940,#7920,.T.);
#7960=ORIENTED_EDGE('',*,*,#7950,.F.);
#7970=CARTESIAN_POINT('',(1.05,-4.44089209850063E-16,-5.2));
#7980=DIRECTION('',(-1.,0.,0.));
#7990=VECTOR('',#7980,1.);
#8000=LINE('',#7970,#7990);
#8010=CARTESIAN_POINT('',(-1.05,-4.44089209850063E-16,-5.2));
#8020=VERTEX_POINT('',#8010);
#8030=EDGE_CURVE('',#7940,#8020,#8000,.T.);
#8040=ORIENTED_EDGE('',*,*,#8030,.F.);
#8050=CARTESIAN_POINT('',(-1.05,-4.44089209850063E-16,-5.2));
#8060=DIRECTION('',(0.,0.,-1.));
#8070=VECTOR('',#8060,1.);
#8080=LINE('',#8050,#8070);
#8090=CARTESIAN_POINT('',(-1.05,-4.56138495840951E-16,-5.80581604944559)
);
#8100=VERTEX_POINT('',#8090);
#8110=EDGE_CURVE('',#8020,#8100,#8080,.T.);
#8120=ORIENTED_EDGE('',*,*,#8110,.F.);
#8130=CARTESIAN_POINT('',(0.,0.,0.));
#8140=DIRECTION('',(0.,-1.,-0.));
#8150=DIRECTION('',(-0.234685426168397,0.,-0.972071371219294));
#8160=AXIS2_PLACEMENT_3D('',#8130,#8140,#8150);
#8170=CIRCLE('',#8160,5.9);
#8180=CARTESIAN_POINT('',(-1.38464401439354,-4.56138495840951E-16,
-5.73522109019383));
#8190=VERTEX_POINT('',#8180);
#8200=EDGE_CURVE('',#8190,#8100,#8170,.T.);
#8210=ORIENTED_EDGE('',*,*,#8200,.T.);
#8220=CARTESIAN_POINT('',(-1.53200498876192,-4.44089209850063E-16,
-5.60000000000001));
#8230=DIRECTION('',(1.17765190205856E-32,1.,2.94648481515741E-20));
#8240=DIRECTION('',(1.,0.,-3.99680288865036E-13));
#8250=AXIS2_PLACEMENT_3D('',#8220,#8230,#8240);
#8260=CIRCLE('',#8250,0.20000000000001);
#8270=CARTESIAN_POINT('',(-1.33200498876192,-4.44089209850063E-16,
-5.60000000000005));
#8280=VERTEX_POINT('',#8270);
#8290=EDGE_CURVE('',#8280,#8190,#8260,.T.);
#8300=ORIENTED_EDGE('',*,*,#8290,.T.);
#8310=CARTESIAN_POINT('',(-1.33200498876192,-4.44089209850063E-16,
-5.60000000000001));
#8320=DIRECTION('',(0.,0.,1.));
#8330=VECTOR('',#8320,1.);
#8340=LINE('',#8310,#8330);
#8350=CARTESIAN_POINT('',(-1.33200498876192,-4.56138495840951E-16,
-5.35000000000011));
#8360=VERTEX_POINT('',#8350);
#8370=EDGE_CURVE('',#8280,#8360,#8340,.T.);
#8380=ORIENTED_EDGE('',*,*,#8370,.F.);
#8390=CARTESIAN_POINT('',(-1.53200498876192,-4.44089209850063E-16,
-5.35000000000009));
#8400=DIRECTION('',(3.66227615987385E-33,1.,2.94648481515779E-20));
#8410=DIRECTION('',(0.707106781185772,-2.08347939346381E-20,
0.707106781187324));
#8420=AXIS2_PLACEMENT_3D('',#8390,#8400,#8410);
#8430=CIRCLE('',#8420,0.199999999999996);
#8440=CARTESIAN_POINT('',(-1.39058363252467,-4.56138495840951E-16,
-5.2085786437627));
#8450=VERTEX_POINT('',#8440);
#8460=EDGE_CURVE('',#8450,#8360,#8430,.T.);
#8470=ORIENTED_EDGE('',*,*,#8460,.T.);
#8480=CARTESIAN_POINT('',(-1.49058363252482,-4.56138495840951E-16,
-5.10857864376254));
#8490=DIRECTION('',(0.707106781186507,0.,-0.707106781186588));
#8500=VECTOR('',#8490,1.);
#8510=LINE('',#8480,#8500);
#8520=CARTESIAN_POINT('',(-1.49058363252469,-4.56138495840951E-16,
-5.10857864376263));
#8530=VERTEX_POINT('',#8520);
#8540=EDGE_CURVE('',#8530,#8450,#8510,.T.);
#8550=ORIENTED_EDGE('',*,*,#8540,.T.);
#8560=CARTESIAN_POINT('',(-1.63200498876191,-4.44089209850063E-16,
-5.25000000000004));
#8570=DIRECTION('',(-1.92592994415208E-34,1.,2.94648481515921E-20));
#8580=DIRECTION('',(1.31006316905766E-12,-2.94648481515921E-20,1.));
#8590=AXIS2_PLACEMENT_3D('',#8560,#8570,#8580);
#8600=CIRCLE('',#8590,0.200000000000004);
#8610=CARTESIAN_POINT('',(-1.63200498876178,-4.44089209850063E-16,
-5.05000000000006));
#8620=VERTEX_POINT('',#8610);
#8630=EDGE_CURVE('',#8620,#8530,#8600,.T.);
#8640=ORIENTED_EDGE('',*,*,#8630,.T.);
#8650=CARTESIAN_POINT('',(-1.63200498876191,-4.44089209850063E-16,
-5.05000000000006));
#8660=DIRECTION('',(-1.,0.,0.));
#8670=VECTOR('',#8660,1.);
#8680=LINE('',#8650,#8670);
#8690=CARTESIAN_POINT('',(-1.88200498876179,-4.56138495840951E-16,
-5.05000000000002));
#8700=VERTEX_POINT('',#8690);
#8710=EDGE_CURVE('',#8620,#8700,#8680,.T.);
#8720=ORIENTED_EDGE('',*,*,#8710,.F.);
#8730=CARTESIAN_POINT('',(-1.88200498876191,-4.71844785465692E-16,
-4.85000000000003));
#8740=DIRECTION('',(1.92592994446405E-34,-1.,-2.94648481515938E-20));
#8750=DIRECTION('',(-3.9079850466807E-13,-2.94648481515938E-20,1.));
#8760=AXIS2_PLACEMENT_3D('',#8730,#8740,#8750);
#8770=CIRCLE('',#8760,0.199999999999992);
#8780=CARTESIAN_POINT('',(-1.88200498876191,-4.44089209850063E-16,
-4.65000000000005));
#8790=VERTEX_POINT('',#8780);
#8800=EDGE_CURVE('',#8790,#8700,#8770,.T.);
#8810=ORIENTED_EDGE('',*,*,#8800,.T.);
#8820=CARTESIAN_POINT('',(-1.88200498876191,-4.44089209850063E-16,
-4.65000000000005));
#8830=DIRECTION('',(1.,2.56412361811594E-16,0.));
#8840=VECTOR('',#8830,1.);
#8850=LINE('',#8820,#8840);
#8860=CARTESIAN_POINT('',(-1.44902156441323,-4.44089209850063E-16,
-4.65000000000005));
#8870=VERTEX_POINT('',#8860);
#8880=EDGE_CURVE('',#8790,#8870,#8850,.T.);
#8890=ORIENTED_EDGE('',*,*,#8880,.F.);
#8900=CARTESIAN_POINT('',(-1.44902156441323,0.,-4.65000000000005));
#8910=DIRECTION('',(0.,0.,1.));
#8920=VECTOR('',#8910,1.);
#8930=LINE('',#8900,#8920);
#8940=CARTESIAN_POINT('',(-1.44902156441323,-4.56138495840951E-16,
-4.15000000000005));
#8950=VERTEX_POINT('',#8940);
#8960=EDGE_CURVE('',#8870,#8950,#8930,.T.);
#8970=ORIENTED_EDGE('',*,*,#8960,.F.);
#8980=CARTESIAN_POINT('',(-3.15200498876205,-4.56138495840951E-16,
-4.15000000000005));
#8990=DIRECTION('',(1.,0.,0.));
#9000=VECTOR('',#8990,1.);
#9010=LINE('',#8980,#9000);
#9020=CARTESIAN_POINT('',(-3.15200498876191,-4.71844785465692E-16,
-4.15000000000003));
#9030=VERTEX_POINT('',#9020);
#9040=EDGE_CURVE('',#9030,#8950,#9010,.T.);
#9050=ORIENTED_EDGE('',*,*,#9040,.T.);
#9060=CARTESIAN_POINT('',(-3.15200498876191,-4.71844785465692E-16,
-4.35000000000003));
#9070=DIRECTION('',(3.79465612885549E-33,1.,2.94648481515741E-20));
#9080=DIRECTION('',(-1.,0.,1.28785870856516E-13));
#9090=AXIS2_PLACEMENT_3D('',#9060,#9070,#9080);
#9100=CIRCLE('',#9090,0.200000000000003);
#9110=CARTESIAN_POINT('',(-3.35200498876192,-4.44089209850063E-16,
-4.35000000000002));
#9120=VERTEX_POINT('',#9110);
#9130=EDGE_CURVE('',#9120,#9030,#9100,.T.);
#9140=ORIENTED_EDGE('',*,*,#9130,.T.);
#9150=CARTESIAN_POINT('',(-3.35200498876192,-4.44089209850063E-16,
-4.35000000000003));
#9160=DIRECTION('',(0.,0.,-1.));
#9170=VECTOR('',#9160,1.);
#9180=LINE('',#9150,#9170);
#9190=CARTESIAN_POINT('',(-3.35200498876192,-4.56138495840951E-16,
-4.85531281745216));
#9200=VERTEX_POINT('',#9190);
#9210=EDGE_CURVE('',#9120,#9200,#9180,.T.);
#9220=ORIENTED_EDGE('',*,*,#9210,.F.);
#9230=CARTESIAN_POINT('',(0.,0.,0.));
#9240=DIRECTION('',(0.,-1.,-0.));
#9250=DIRECTION('',(-0.711864406779661,0.,-0.702316927291548));
#9260=AXIS2_PLACEMENT_3D('',#9230,#9240,#9250);
#9270=CIRCLE('',#9260,5.9);
#9280=CARTESIAN_POINT('',(-4.2,-4.56138495840951E-16,-4.14366987102013))
;
#9290=VERTEX_POINT('',#9280);
#9300=EDGE_CURVE('',#9290,#9200,#9270,.T.);
#9310=ORIENTED_EDGE('',*,*,#9300,.T.);
#9320=CARTESIAN_POINT('',(-4.2,-4.56138495840951E-16,-0.974679434480896)
);
#9330=DIRECTION('',(0.,0.,-1.));
#9340=VECTOR('',#9330,1.);
#9350=LINE('',#9320,#9340);
#9360=CARTESIAN_POINT('',(-4.2,-4.56138495840951E-16,-0.974679434480896)
);
#9370=VERTEX_POINT('',#9360);
#9380=EDGE_CURVE('',#9370,#9290,#9350,.T.);
#9390=ORIENTED_EDGE('',*,*,#9380,.T.);
#9400=CARTESIAN_POINT('',(-4.9,0.,0.));
#9410=DIRECTION('',(-0.,1.,0.));
#9420=DIRECTION('',(0.583333333333333,0.,0.812232862067414));
#9430=AXIS2_PLACEMENT_3D('',#9400,#9410,#9420);
#9440=CIRCLE('',#9430,1.2);
#9450=CARTESIAN_POINT('',(-4.2,0.,0.974679434480896));
#9460=VERTEX_POINT('',#9450);
#9470=EDGE_CURVE('',#9460,#9370,#9440,.T.);
#9480=ORIENTED_EDGE('',*,*,#9470,.T.);
#9490=CARTESIAN_POINT('',(-4.2,-4.56138495840951E-16,4.14366987102013));
#9500=DIRECTION('',(0.,0.,-1.));
#9510=VECTOR('',#9500,1.);
#9520=LINE('',#9490,#9510);
#9530=EDGE_CURVE('',#4750,#9460,#9520,.T.);
#9540=ORIENTED_EDGE('',*,*,#9530,.T.);
#9550=EDGE_LOOP('',(#9540,#9480,#9390,#9310,#9220,#9140,#9050,#8970,
#8890,#8810,#8720,#8640,#8550,#8470,#8380,#8300,#8210,#8120,#8040,#7960,
#7880,#7870,#7800,#7720,#7630,#7550,#7460,#7380,#7290,#7210,#7130,#7050,
#6960,#6880,#6870,#6860,#6790,#6710,#6630,#6550,#6460,#6380,#6290,#6210,
#6120,#6110,#6100,#6090,#6030,#5950,#5870,#5780,#5690,#5610,#5520,#5440,
#5350,#5270,#5180,#5100,#5020,#4940,#4850,#4770));
#9560=FACE_OUTER_BOUND('',#9550,.T.);
#9570=CARTESIAN_POINT('',(-3.1,-8.88178419700125E-16,-3.02999999999999))
;
#9580=DIRECTION('',(0.,1.,0.));
#9590=DIRECTION('',(-1.0449157878825E-14,0.,-1.));
#9600=AXIS2_PLACEMENT_3D('',#9570,#9580,#9590);
#9610=CIRCLE('',#9600,0.17);
#9620=CARTESIAN_POINT('',(-3.1,-4.57966997657877E-16,-3.19999999999999))
;
#9630=VERTEX_POINT('',#9620);
#9640=CARTESIAN_POINT('',(-3.27,-4.56138495840951E-16,-3.02999999999999)
);
#9650=VERTEX_POINT('',#9640);
#9660=EDGE_CURVE('',#9630,#9650,#9610,.T.);
#9670=ORIENTED_EDGE('',*,*,#9660,.T.);
#9680=CARTESIAN_POINT('',(-3.1,-4.57966997657877E-16,-3.19999999999999))
;
#9690=DIRECTION('',(1.,0.,0.));
#9700=VECTOR('',#9690,1.);
#9710=LINE('',#9680,#9700);
#9720=CARTESIAN_POINT('',(3.1,-4.56138495840951E-16,-3.19999999999999));
#9730=VERTEX_POINT('',#9720);
#9740=EDGE_CURVE('',#9630,#9730,#9710,.T.);
#9750=ORIENTED_EDGE('',*,*,#9740,.F.);
#9760=CARTESIAN_POINT('',(3.1,-8.88178419700125E-16,-3.02999999999999));
#9770=DIRECTION('',(-0.,1.,0.));
#9780=DIRECTION('',(1.,0.,0.));
#9790=AXIS2_PLACEMENT_3D('',#9760,#9770,#9780);
#9800=CIRCLE('',#9790,0.17);
#9810=CARTESIAN_POINT('',(3.27,-4.56138495840951E-16,-3.02999999999999))
;
#9820=VERTEX_POINT('',#9810);
#9830=EDGE_CURVE('',#9820,#9730,#9800,.T.);
#9840=ORIENTED_EDGE('',*,*,#9830,.T.);
#9850=CARTESIAN_POINT('',(3.27,-4.56138495840951E-16,3.03));
#9860=DIRECTION('',(0.,0.,-1.));
#9870=VECTOR('',#9860,1.);
#9880=LINE('',#9850,#9870);
#9890=CARTESIAN_POINT('',(3.27,-4.56138495840951E-16,3.03000000000001));
#9900=VERTEX_POINT('',#9890);
#9910=EDGE_CURVE('',#9900,#9820,#9880,.T.);
#9920=ORIENTED_EDGE('',*,*,#9910,.T.);
#9930=CARTESIAN_POINT('',(3.1,-8.88178419700125E-16,3.03000000000001));
#9940=DIRECTION('',(0.,1.,0.));
#9950=DIRECTION('',(-8.62055525003063E-14,0.,1.));
#9960=AXIS2_PLACEMENT_3D('',#9930,#9940,#9950);
#9970=CIRCLE('',#9960,0.17);
#9980=CARTESIAN_POINT('',(3.09999999999999,-4.57966997657877E-16,
3.20000000000001));
#9990=VERTEX_POINT('',#9980);
#10000=EDGE_CURVE('',#9990,#9900,#9970,.T.);
#10010=ORIENTED_EDGE('',*,*,#10000,.T.);
#10020=CARTESIAN_POINT('',(3.1,-4.57966997657877E-16,3.20000000000001));
#10030=DIRECTION('',(-1.,0.,0.));
#10040=VECTOR('',#10030,1.);
#10050=LINE('',#10020,#10040);
#10060=CARTESIAN_POINT('',(-3.1,-4.56138495840951E-16,3.20000000000001))
;
#10070=VERTEX_POINT('',#10060);
#10080=EDGE_CURVE('',#9990,#10070,#10050,.T.);
#10090=ORIENTED_EDGE('',*,*,#10080,.F.);
#10100=CARTESIAN_POINT('',(-3.1,-4.85722573273506E-16,3.03000000000001))
;
#10110=DIRECTION('',(0.,1.,0.));
#10120=DIRECTION('',(-1.,0.,0.));
#10130=AXIS2_PLACEMENT_3D('',#10100,#10110,#10120);
#10140=CIRCLE('',#10130,0.17);
#10150=CARTESIAN_POINT('',(-3.27,-4.56138495840951E-16,3.03000000000001)
);
#10160=VERTEX_POINT('',#10150);
#10170=EDGE_CURVE('',#10160,#10070,#10140,.T.);
#10180=ORIENTED_EDGE('',*,*,#10170,.T.);
#10190=CARTESIAN_POINT('',(-3.27,-4.56138495840951E-16,1.32404682696648)
);
#10200=DIRECTION('',(0.,0.,1.));
#10210=VECTOR('',#10200,1.);
#10220=LINE('',#10190,#10210);
#10230=CARTESIAN_POINT('',(-3.27,-4.56138495840951E-16,1.32404682696648)
);
#10240=VERTEX_POINT('',#10230);
#10250=EDGE_CURVE('',#10240,#10160,#10220,.T.);
#10260=ORIENTED_EDGE('',*,*,#10250,.T.);
#10270=CARTESIAN_POINT('',(-4.9,1.33226762955019E-15,0.));
#10280=DIRECTION('',(0.,-1.,0.));
#10290=DIRECTION('',(0.776190476190477,0.,-0.630498489031656));
#10300=AXIS2_PLACEMENT_3D('',#10270,#10280,#10290);
#10310=CIRCLE('',#10300,2.1);
#10320=CARTESIAN_POINT('',(-3.27,0.,-1.32404682696648));
#10330=VERTEX_POINT('',#10320);
#10340=EDGE_CURVE('',#10330,#10240,#10310,.T.);
#10350=ORIENTED_EDGE('',*,*,#10340,.T.);
#10360=CARTESIAN_POINT('',(-3.27,-4.56138495840951E-16,-3.02999999999999
));
#10370=DIRECTION('',(0.,0.,1.));
#10380=VECTOR('',#10370,1.);
#10390=LINE('',#10360,#10380);
#10400=EDGE_CURVE('',#9650,#10330,#10390,.T.);
#10410=ORIENTED_EDGE('',*,*,#10400,.T.);
#10420=EDGE_LOOP('',(#10410,#10350,#10260,#10180,#10090,#10010,#9920,
#9840,#9750,#9670));
#10430=FACE_BOUND('',#10420,.T.);
#10440=ADVANCED_FACE('',(#9560,#10430),#4660,.T.);
#10450=COLOUR_RGB('',0.600000023841858,0.600000023841858,
0.600000023841858);
#10460=FILL_AREA_STYLE_COLOUR('',#10450);
#10470=FILL_AREA_STYLE('',(#10460));
#10480=SURFACE_STYLE_FILL_AREA(#10470);
#10490=SURFACE_SIDE_STYLE('',(#10480));
#10500=SURFACE_STYLE_USAGE(.BOTH.,#10490);
#10510=PRESENTATION_STYLE_ASSIGNMENT((#10500));
#10520=CARTESIAN_POINT('',(-4.2,3.38329144615195,2.55));
#10530=DIRECTION('',(1.,-0.,-0.));
#10540=DIRECTION('',(-0.,0.,-1.));
#10550=AXIS2_PLACEMENT_3D('',#10520,#10530,#10540);
#10560=PLANE('',#10550);
#10570=CARTESIAN_POINT('',(-4.2,1.,0.974679434480896));
#10580=DIRECTION('',(0.,0.,1.));
#10590=VECTOR('',#10580,1.);
#10600=LINE('',#10570,#10590);
#10610=CARTESIAN_POINT('',(-4.2,1.,0.974679434480896));
#10620=VERTEX_POINT('',#10610);
#10630=CARTESIAN_POINT('',(-4.2,1.,3.55105618091294));
#10640=VERTEX_POINT('',#10630);
#10650=EDGE_CURVE('',#10620,#10640,#10600,.T.);
#10660=ORIENTED_EDGE('',*,*,#10650,.F.);
#10670=CARTESIAN_POINT('',(-4.2,1.00000000000001,3.55105618091293));
#10680=DIRECTION('',(0.,-1.,0.));
#10690=VECTOR('',#10680,1.);
#10700=LINE('',#10670,#10690);
#10710=CARTESIAN_POINT('',(-4.2,0.799999999999999,3.55105618091294));
#10720=VERTEX_POINT('',#10710);
#10730=EDGE_CURVE('',#10640,#10720,#10700,.T.);
#10740=ORIENTED_EDGE('',*,*,#10730,.F.);
#10750=CARTESIAN_POINT('',(-4.2,0.799999999999999,4.14366987102013));
#10760=DIRECTION('',(0.,0.,-1.));
#10770=VECTOR('',#10760,1.);
#10780=LINE('',#10750,#10770);
#10790=CARTESIAN_POINT('',(-4.2,0.799999999999999,4.14366987102013));
#10800=VERTEX_POINT('',#10790);
#10810=EDGE_CURVE('',#10800,#10720,#10780,.T.);
#10820=ORIENTED_EDGE('',*,*,#10810,.T.);
#10830=CARTESIAN_POINT('',(-4.2,0.800000000000001,4.14366987102013));
#10840=DIRECTION('',(0.,-1.,0.));
#10850=VECTOR('',#10840,1.);
#10860=LINE('',#10830,#10850);
#10870=EDGE_CURVE('',#10800,#4750,#10860,.T.);
#10880=ORIENTED_EDGE('',*,*,#10870,.F.);
#10890=ORIENTED_EDGE('',*,*,#9530,.F.);
#10900=CARTESIAN_POINT('',(-4.2,0.,0.974679434480896));
#10910=DIRECTION('',(0.,1.,0.));
#10920=VECTOR('',#10910,1.);
#10930=LINE('',#10900,#10920);
#10940=EDGE_CURVE('',#9460,#10620,#10930,.T.);
#10950=ORIENTED_EDGE('',*,*,#10940,.F.);
#10960=EDGE_LOOP('',(#10950,#10890,#10880,#10820,#10740,#10660));
#10970=FACE_OUTER_BOUND('',#10960,.T.);
#10980=ADVANCED_FACE('',(#10970),#10560,.F.);
#10990=COLOUR_RGB('',0.600000023841858,0.600000023841858,
0.600000023841858);
#11000=FILL_AREA_STYLE_COLOUR('',#10990);
#11010=FILL_AREA_STYLE('',(#11000));
#11020=SURFACE_STYLE_FILL_AREA(#11010);
#11030=SURFACE_SIDE_STYLE('',(#11020));
#11040=SURFACE_STYLE_USAGE(.BOTH.,#11030);
#11050=PRESENTATION_STYLE_ASSIGNMENT((#11040));
#11060=CARTESIAN_POINT('',(-4.9,-9.,-0.));
#11070=DIRECTION('',(-0.,1.,-0.));
#11080=DIRECTION('',(0.,0.,1.));
#11090=AXIS2_PLACEMENT_3D('',#11060,#11070,#11080);
#11100=CYLINDRICAL_SURFACE('',#11090,1.2);
#11110=CARTESIAN_POINT('',(-4.9,1.,0.));
#11120=DIRECTION('',(0.,-1.,0.));
#11130=DIRECTION('',(0.583333333333333,0.,-0.812232862067414));
#11140=AXIS2_PLACEMENT_3D('',#11110,#11120,#11130);
#11150=CIRCLE('',#11140,1.2);
#11160=CARTESIAN_POINT('',(-4.2,1.,-0.974679434480896));
#11170=VERTEX_POINT('',#11160);
#11180=EDGE_CURVE('',#11170,#10620,#11150,.T.);
#11190=ORIENTED_EDGE('',*,*,#11180,.F.);
#11200=ORIENTED_EDGE('',*,*,#10940,.T.);
#11210=ORIENTED_EDGE('',*,*,#9470,.F.);
#11220=CARTESIAN_POINT('',(-4.2,1.,-0.974679434480896));
#11230=DIRECTION('',(0.,-1.,0.));
#11240=VECTOR('',#11230,1.);
#11250=LINE('',#11220,#11240);
#11260=EDGE_CURVE('',#11170,#9370,#11250,.T.);
#11270=ORIENTED_EDGE('',*,*,#11260,.T.);
#11280=EDGE_LOOP('',(#11270,#11210,#11200,#11190));
#11290=FACE_OUTER_BOUND('',#11280,.T.);
#11300=ADVANCED_FACE('',(#11290),#11100,.F.);
#11310=COLOUR_RGB('',0.600000023841858,0.600000023841858,
0.600000023841858);
#11320=FILL_AREA_STYLE_COLOUR('',#11310);
#11330=FILL_AREA_STYLE('',(#11320));
#11340=SURFACE_STYLE_FILL_AREA(#11330);
#11350=SURFACE_SIDE_STYLE('',(#11340));
#11360=SURFACE_STYLE_USAGE(.BOTH.,#11350);
#11370=PRESENTATION_STYLE_ASSIGNMENT((#11360));
#11380=CARTESIAN_POINT('',(-4.2,3.38329144615195,2.55));
#11390=DIRECTION('',(1.,-0.,-0.));
#11400=DIRECTION('',(-0.,0.,-1.));
#11410=AXIS2_PLACEMENT_3D('',#11380,#11390,#11400);
#11420=PLANE('',#11410);
#11430=ORIENTED_EDGE('',*,*,#9380,.F.);
#11440=CARTESIAN_POINT('',(-4.2,0.,-4.14366987102013));
#11450=DIRECTION('',(0.,1.,0.));
#11460=VECTOR('',#11450,1.);
#11470=LINE('',#11440,#11460);
#11480=CARTESIAN_POINT('',(-4.2,0.799999999999999,-4.14366987102013));
#11490=VERTEX_POINT('',#11480);
#11500=EDGE_CURVE('',#9290,#11490,#11470,.T.);
#11510=ORIENTED_EDGE('',*,*,#11500,.F.);
#11520=CARTESIAN_POINT('',(-4.2,0.799999999999999,-3.55105618091293));
#11530=DIRECTION('',(0.,0.,-1.));
#11540=VECTOR('',#11530,1.);
#11550=LINE('',#11520,#11540);
#11560=CARTESIAN_POINT('',(-4.2,0.799999999999999,-3.55105618091294));
#11570=VERTEX_POINT('',#11560);
#11580=EDGE_CURVE('',#11570,#11490,#11550,.T.);
#11590=ORIENTED_EDGE('',*,*,#11580,.T.);
#11600=CARTESIAN_POINT('',(-4.2,0.800000000000001,-3.55105618091294));
#11610=DIRECTION('',(0.,1.,0.));
#11620=VECTOR('',#11610,1.);
#11630=LINE('',#11600,#11620);
#11640=CARTESIAN_POINT('',(-4.2,1.,-3.55105618091294));
#11650=VERTEX_POINT('',#11640);
#11660=EDGE_CURVE('',#11570,#11650,#11630,.T.);
#11670=ORIENTED_EDGE('',*,*,#11660,.F.);
#11680=CARTESIAN_POINT('',(-4.2,1.,-3.55105618091294));
#11690=DIRECTION('',(0.,0.,1.));
#11700=VECTOR('',#11690,1.);
#11710=LINE('',#11680,#11700);
#11720=EDGE_CURVE('',#11650,#11170,#11710,.T.);
#11730=ORIENTED_EDGE('',*,*,#11720,.F.);
#11740=ORIENTED_EDGE('',*,*,#11260,.F.);
#11750=EDGE_LOOP('',(#11740,#11730,#11670,#11590,#11510,#11430));
#11760=FACE_OUTER_BOUND('',#11750,.T.);
#11770=ADVANCED_FACE('',(#11760),#11420,.F.);
#11780=COLOUR_RGB('',0.600000023841858,0.600000023841858,
0.600000023841858);
#11790=FILL_AREA_STYLE_COLOUR('',#11780);
#11800=FILL_AREA_STYLE('',(#11790));
#11810=SURFACE_STYLE_FILL_AREA(#11800);
#11820=SURFACE_SIDE_STYLE('',(#11810));
#11830=SURFACE_STYLE_USAGE(.BOTH.,#11820);
#11840=PRESENTATION_STYLE_ASSIGNMENT((#11830));
#11850=CARTESIAN_POINT('',(-0.,19.9068722891566,-0.));
#11860=DIRECTION('',(-0.,1.,-0.));
#11870=DIRECTION('',(0.,0.,1.));
#11880=AXIS2_PLACEMENT_3D('',#11850,#11860,#11870);
#11890=CYLINDRICAL_SURFACE('',#11880,5.9);
#11900=ORIENTED_EDGE('',*,*,#9300,.F.);
#11910=CARTESIAN_POINT('',(-3.35200498876191,0.245961940777125,
-4.85531281745216));
#11920=DIRECTION('',(0.,-1.,0.));
#11930=VECTOR('',#11920,1.);
#11940=LINE('',#11910,#11930);
#11950=CARTESIAN_POINT('',(-3.35200498876192,0.245961940777125,
-4.85531281745216));
#11960=VERTEX_POINT('',#11950);
#11970=EDGE_CURVE('',#11960,#9200,#11940,.T.);
#11980=ORIENTED_EDGE('',*,*,#11970,.T.);
#11990=CARTESIAN_POINT('',(0.,0.245961940777125,0.));
#12000=DIRECTION('',(0.,-1.,-0.));
#12010=DIRECTION('',(-0.568136438773207,0.,-0.822934375839349));
#12020=AXIS2_PLACEMENT_3D('',#11990,#12000,#12010);
#12030=CIRCLE('',#12020,5.9);
#12040=CARTESIAN_POINT('',(-1.38464401439353,0.245961940777124,
-5.73522109019382));
#12050=VERTEX_POINT('',#12040);
#12060=EDGE_CURVE('',#11960,#12050,#12030,.T.);
#12070=ORIENTED_EDGE('',*,*,#12060,.F.);
#12080=CARTESIAN_POINT('',(-1.38464401439354,0.245961940777124,
-5.73522109019384));
#12090=DIRECTION('',(0.,-1.,0.));
#12100=VECTOR('',#12090,1.);
#12110=LINE('',#12080,#12100);
#12120=EDGE_CURVE('',#12050,#8190,#12110,.T.);
#12130=ORIENTED_EDGE('',*,*,#12120,.F.);
#12140=ORIENTED_EDGE('',*,*,#8200,.F.);
#12150=CARTESIAN_POINT('',(-1.05,0.399999999999999,-5.80581604944559));
#12160=DIRECTION('',(0.,-1.,0.));
#12170=VECTOR('',#12160,1.);
#12180=LINE('',#12150,#12170);
#12190=CARTESIAN_POINT('',(-1.05,0.399999999999999,-5.80581604944558));
#12200=VERTEX_POINT('',#12190);
#12210=EDGE_CURVE('',#12200,#8100,#12180,.T.);
#12220=ORIENTED_EDGE('',*,*,#12210,.T.);
#12230=CARTESIAN_POINT('',(0.,0.399999999999999,0.));
#12240=DIRECTION('',(0.,-1.,-0.));
#12250=DIRECTION('',(-0.177966101694915,0.,-0.9840366185501));
#12260=AXIS2_PLACEMENT_3D('',#12230,#12240,#12250);
#12270=CIRCLE('',#12260,5.9);
#12280=CARTESIAN_POINT('',(-0.849999999999999,0.399999999999999,
-5.83845013680857));
#12290=VERTEX_POINT('',#12280);
#12300=EDGE_CURVE('',#12200,#12290,#12270,.T.);
#12310=ORIENTED_EDGE('',*,*,#12300,.F.);
#12320=CARTESIAN_POINT('',(-0.850000000000002,0.649999999999999,
-5.83845013680857));
#12330=DIRECTION('',(2.04281036531029E-14,-1.,-3.5527136788005E-15));
#12340=VECTOR('',#12330,1.);
#12350=LINE('',#12320,#12340);
#12360=CARTESIAN_POINT('',(-0.85000000000001,0.649999999999999,
-5.83845013680857));
#12370=VERTEX_POINT('',#12360);
#12380=EDGE_CURVE('',#12370,#12290,#12350,.T.);
#12390=ORIENTED_EDGE('',*,*,#12380,.T.);
#12400=CARTESIAN_POINT('',(-0.850000000000005,0.800000000000001,
-5.83845013680857));
#12410=DIRECTION('',(1.70234197109188E-14,-1.,0.));
#12420=VECTOR('',#12410,1.);
#12430=LINE('',#12400,#12420);
#12440=CARTESIAN_POINT('',(-0.850000000000007,0.799999999999999,
-5.83845013680857));
#12450=VERTEX_POINT('',#12440);
#12460=EDGE_CURVE('',#12450,#12370,#12430,.T.);
#12470=ORIENTED_EDGE('',*,*,#12460,.T.);
#12480=CARTESIAN_POINT('',(0.,0.800000000000001,0.));
#12490=DIRECTION('',(0.,1.,0.));
#12500=DIRECTION('',(-0.144067796610171,0.,-0.989567819798062));
#12510=AXIS2_PLACEMENT_3D('',#12480,#12490,#12500);
#12520=CIRCLE('',#12510,5.9);
#12530=EDGE_CURVE('',#12450,#11490,#12520,.T.);
#12540=ORIENTED_EDGE('',*,*,#12530,.F.);
#12550=ORIENTED_EDGE('',*,*,#11500,.T.);
#12560=EDGE_LOOP('',(#12550,#12540,#12470,#12390,#12310,#12220,#12140,
#12130,#12070,#11980,#11900));
#12570=FACE_OUTER_BOUND('',#12560,.T.);
#12580=ADVANCED_FACE('',(#12570),#11890,.T.);
#12590=COLOUR_RGB('',0.600000023841858,0.600000023841858,
0.600000023841858);
#12600=FILL_AREA_STYLE_COLOUR('',#12590);
#12610=FILL_AREA_STYLE('',(#12600));
#12620=SURFACE_STYLE_FILL_AREA(#12610);
#12630=SURFACE_SIDE_STYLE('',(#12620));
#12640=SURFACE_STYLE_USAGE(.BOTH.,#12630);
#12650=PRESENTATION_STYLE_ASSIGNMENT((#12640));
#12660=CARTESIAN_POINT('',(-3.35200498876192,0.245961940777124,
-4.35000000000003));
#12670=DIRECTION('',(1.,1.92592994438725E-34,-0.));
#12680=DIRECTION('',(-5.67472333619399E-54,2.94648481515741E-20,-1.));
#12690=AXIS2_PLACEMENT_3D('',#12660,#12670,#12680);
#12700=PLANE('',#12690);
#12710=CARTESIAN_POINT('',(-3.35200498876192,0.245961940777124,
-4.85531281745216));
#12720=DIRECTION('',(0.,0.,-1.));
#12730=VECTOR('',#12720,1.);
#12740=LINE('',#12710,#12730);
#12750=CARTESIAN_POINT('',(-3.35200498876192,0.245961940777124,
-5.10000000000004));
#12760=VERTEX_POINT('',#12750);
#12770=EDGE_CURVE('',#11960,#12760,#12740,.T.);
#12780=ORIENTED_EDGE('',*,*,#12770,.T.);
#12790=ORIENTED_EDGE('',*,*,#11970,.F.);
#12800=ORIENTED_EDGE('',*,*,#9210,.T.);
#12810=CARTESIAN_POINT('',(-3.35200498876191,-4.71844785465692E-16,
-4.35000000000003));
#12820=DIRECTION('',(0.,-1.,0.));
#12830=VECTOR('',#12820,1.);
#12840=LINE('',#12810,#12830);
#12850=CARTESIAN_POINT('',(-3.35200498876191,-0.00403805922287621,
-4.35000000000008));
#12860=VERTEX_POINT('',#12850);
#12870=EDGE_CURVE('',#9120,#12860,#12840,.T.);
#12880=ORIENTED_EDGE('',*,*,#12870,.F.);
#12890=CARTESIAN_POINT('',(-3.35200498876192,-0.00403805922287621,
-4.35000000000008));
#12900=DIRECTION('',(0.,0.,-1.));
#12910=VECTOR('',#12900,1.);
#12920=LINE('',#12890,#12910);
#12930=CARTESIAN_POINT('',(-3.35200498876192,-0.00403805922287621,
-5.10000000000002));
#12940=VERTEX_POINT('',#12930);
#12950=EDGE_CURVE('',#12860,#12940,#12920,.T.);
#12960=ORIENTED_EDGE('',*,*,#12950,.F.);
#12970=CARTESIAN_POINT('',(-3.35200498876192,-0.00403805922287623,
-5.10000000000006));
#12980=DIRECTION('',(0.,1.,0.));
#12990=VECTOR('',#12980,1.);
#13000=LINE('',#12970,#12990);
#13010=EDGE_CURVE('',#12940,#12760,#13000,.T.);
#13020=ORIENTED_EDGE('',*,*,#13010,.F.);
#13030=EDGE_LOOP('',(#13020,#12960,#12880,#12800,#12790,#12780));
#13040=FACE_OUTER_BOUND('',#13030,.T.);
#13050=ADVANCED_FACE('',(#13040),#12700,.F.);
#13060=COLOUR_RGB('',0.600000023841858,0.600000023841858,
0.600000023841858);
#13070=FILL_AREA_STYLE_COLOUR('',#13060);
#13080=FILL_AREA_STYLE('',(#13070));
#13090=SURFACE_STYLE_FILL_AREA(#13080);
#13100=SURFACE_SIDE_STYLE('',(#13090));
#13110=SURFACE_STYLE_USAGE(.BOTH.,#13100);
#13120=PRESENTATION_STYLE_ASSIGNMENT((#13110));
#13130=CARTESIAN_POINT('',(-3.15200498876191,0.245961940777124,
-5.10000000000006));
#13140=DIRECTION('',(-1.92592994438725E-34,1.,2.94648481515741E-20));
#13150=DIRECTION('',(1.,1.92592994438725E-34,-0.));
#13160=AXIS2_PLACEMENT_3D('',#13130,#13140,#13150);
#13170=CYLINDRICAL_SURFACE('',#13160,0.200000000000005);
#13180=CARTESIAN_POINT('',(-3.15200498876191,0.245961940777124,
-5.10000000000006));
#13190=DIRECTION('',(-1.27586535089507E-20,1.,7.36621203788226E-21));
#13200=DIRECTION('',(-0.499999999999615,7.52316384526264E-37,
-0.866025403784661));
#13210=AXIS2_PLACEMENT_3D('',#13180,#13190,#13200);
#13220=CIRCLE('',#13210,0.200000000000005);
#13230=CARTESIAN_POINT('',(-3.25200498876187,0.245961940777124,
-5.27320508075695));
#13240=VERTEX_POINT('',#13230);
#13250=EDGE_CURVE('',#13240,#12760,#13220,.T.);
#13260=ORIENTED_EDGE('',*,*,#13250,.F.);
#13270=ORIENTED_EDGE('',*,*,#13010,.T.);
#13280=CARTESIAN_POINT('',(-3.15200498876191,-0.00403805922287623,
-5.10000000000006));
#13290=DIRECTION('',(-5.4957088762734E-33,-1.,-2.94648481515741E-20));
#13300=DIRECTION('',(-1.,0.,1.86517468137022E-13));
#13310=AXIS2_PLACEMENT_3D('',#13280,#13290,#13300);
#13320=CIRCLE('',#13310,0.200000000000005);
#13330=CARTESIAN_POINT('',(-3.25200498876195,-0.00403805922287621,
-5.27320508075695));
#13340=VERTEX_POINT('',#13330);
#13350=EDGE_CURVE('',#12940,#13340,#13320,.T.);
#13360=ORIENTED_EDGE('',*,*,#13350,.F.);
#13370=CARTESIAN_POINT('',(-3.25200498876191,0.245961940777124,
-5.27320508075695));
#13380=DIRECTION('',(0.,-1.,0.));
#13390=VECTOR('',#13380,1.);
#13400=LINE('',#13370,#13390);
#13410=EDGE_CURVE('',#13240,#13340,#13400,.T.);
#13420=ORIENTED_EDGE('',*,*,#13410,.T.);
#13430=EDGE_LOOP('',(#13420,#13360,#13270,#13260));
#13440=FACE_OUTER_BOUND('',#13430,.T.);
#13450=ADVANCED_FACE('',(#13440),#13170,.T.);
#13460=COLOUR_RGB('',0.600000023841858,0.600000023841858,
0.600000023841858);
#13470=FILL_AREA_STYLE_COLOUR('',#13460);
#13480=FILL_AREA_STYLE('',(#13470));
#13490=SURFACE_STYLE_FILL_AREA(#13480);
#13500=SURFACE_SIDE_STYLE('',(#13490));
#13510=SURFACE_STYLE_USAGE(.BOTH.,#13500);
#13520=PRESENTATION_STYLE_ASSIGNMENT((#13510));
#13530=CARTESIAN_POINT('',(-3.25200498876192,0.245961940777124,
-5.27320508075697));
#13540=DIRECTION('',(0.49999999999999,-2.55173070179142E-20,
0.866025403784445));
#13550=DIRECTION('',(0.866025403784445,1.47324240757869E-20,
-0.49999999999999));
#13560=AXIS2_PLACEMENT_3D('',#13530,#13540,#13550);
#13570=PLANE('',#13560);
#13580=CARTESIAN_POINT('',(-2.33956942346376,0.245961940777124,
-5.80000000000001));
#13590=DIRECTION('',(-0.866025403784453,0.,0.499999999999976));
#13600=VECTOR('',#13590,1.);
#13610=LINE('',#13580,#13600);
#13620=CARTESIAN_POINT('',(-2.33956942346377,0.245961940777124,
-5.80000000000001));
#13630=VERTEX_POINT('',#13620);
#13640=EDGE_CURVE('',#13630,#13240,#13610,.T.);
#13650=ORIENTED_EDGE('',*,*,#13640,.F.);
#13660=ORIENTED_EDGE('',*,*,#13410,.F.);
#13670=CARTESIAN_POINT('',(-3.25200498876196,-0.00403805922287621,
-5.2732050807569));
#13680=DIRECTION('',(0.866025403784432,0.,-0.500000000000011));
#13690=VECTOR('',#13680,1.);
#13700=LINE('',#13670,#13690);
#13710=CARTESIAN_POINT('',(-2.33956942346376,-0.00403805922287621,
-5.80000000000001));
#13720=VERTEX_POINT('',#13710);
#13730=EDGE_CURVE('',#13340,#13720,#13700,.T.);
#13740=ORIENTED_EDGE('',*,*,#13730,.F.);
#13750=CARTESIAN_POINT('',(-2.33956942346376,-0.00403805922287623,
-5.80000000000003));
#13760=DIRECTION('',(0.,1.,0.));
#13770=VECTOR('',#13760,1.);
#13780=LINE('',#13750,#13770);
#13790=EDGE_CURVE('',#13720,#13630,#13780,.T.);
#13800=ORIENTED_EDGE('',*,*,#13790,.F.);
#13810=EDGE_LOOP('',(#13800,#13740,#13660,#13650));
#13820=FACE_OUTER_BOUND('',#13810,.T.);
#13830=ADVANCED_FACE('',(#13820),#13570,.F.);
#13840=COLOUR_RGB('',0.600000023841858,0.600000023841858,
0.600000023841858);
#13850=FILL_AREA_STYLE_COLOUR('',#13840);
#13860=FILL_AREA_STYLE('',(#13850));
#13870=SURFACE_STYLE_FILL_AREA(#13860);
#13880=SURFACE_SIDE_STYLE('',(#13870));
#13890=SURFACE_STYLE_USAGE(.BOTH.,#13880);
#13900=PRESENTATION_STYLE_ASSIGNMENT((#13890));
#13910=CARTESIAN_POINT('',(-1.53200498876192,0.245961940777124,
-5.80000000000004));
#13920=DIRECTION('',(8.89601782552209E-15,-2.94648481515741E-20,1.));
#13930=DIRECTION('',(1.,4.5471280882143E-34,-8.89601782552209E-15));
#13940=AXIS2_PLACEMENT_3D('',#13910,#13920,#13930);
#13950=PLANE('',#13940);
#13960=CARTESIAN_POINT('',(-2.33956942346376,0.245961940777124,
-5.80000000000003));
#13970=DIRECTION('',(1.,0.,-8.7985887593284E-15));
#13980=VECTOR('',#13970,1.);
#13990=LINE('',#13960,#13980);
#14000=CARTESIAN_POINT('',(-1.53200498876192,0.245961940777124,
-5.80000000000004));
#14010=VERTEX_POINT('',#14000);
#14020=EDGE_CURVE('',#13630,#14010,#13990,.T.);
#14030=ORIENTED_EDGE('',*,*,#14020,.T.);
#14040=ORIENTED_EDGE('',*,*,#13790,.T.);
#14050=CARTESIAN_POINT('',(-2.33956942346377,-0.00403805922287621,
-5.80000000000001));
#14060=DIRECTION('',(1.,0.,0.));
#14070=VECTOR('',#14060,1.);
#14080=LINE('',#14050,#14070);
#14090=CARTESIAN_POINT('',(-1.53200498876192,-0.00403805922287621,
-5.80000000000001));
#14100=VERTEX_POINT('',#14090);
#14110=EDGE_CURVE('',#13720,#14100,#14080,.T.);
#14120=ORIENTED_EDGE('',*,*,#14110,.F.);
#14130=CARTESIAN_POINT('',(-1.53200498876192,-0.00403805922287606,
-5.80000000000002));
#14140=DIRECTION('',(0.,1.,0.));
#14150=VECTOR('',#14140,1.);
#14160=LINE('',#14130,#14150);
#14170=EDGE_CURVE('',#14100,#14010,#14160,.T.);
#14180=ORIENTED_EDGE('',*,*,#14170,.F.);
#14190=EDGE_LOOP('',(#14180,#14120,#14040,#14030));
#14200=FACE_OUTER_BOUND('',#14190,.T.);
#14210=ADVANCED_FACE('',(#14200),#13950,.F.);
#14220=COLOUR_RGB('',0.600000023841858,0.600000023841858,
0.600000023841858);
#14230=FILL_AREA_STYLE_COLOUR('',#14220);
#14240=FILL_AREA_STYLE('',(#14230));
#14250=SURFACE_STYLE_FILL_AREA(#14240);
#14260=SURFACE_SIDE_STYLE('',(#14250));
#14270=SURFACE_STYLE_USAGE(.BOTH.,#14260);
#14280=PRESENTATION_STYLE_ASSIGNMENT((#14270));
#14290=CARTESIAN_POINT('',(-1.53200498876192,0.245961940777124,
-5.60000000000001));
#14300=DIRECTION('',(-1.92592994438725E-34,1.,2.94648481515741E-20));
#14310=DIRECTION('',(1.,1.92592994438725E-34,-0.));
#14320=AXIS2_PLACEMENT_3D('',#14290,#14300,#14310);
#14330=CYLINDRICAL_SURFACE('',#14320,0.20000000000001);
#14340=ORIENTED_EDGE('',*,*,#8290,.F.);
#14350=ORIENTED_EDGE('',*,*,#12120,.T.);
#14360=CARTESIAN_POINT('',(-1.53200498876192,0.245961940777124,
-5.60000000000001));
#14370=DIRECTION('',(1.46781436423771E-20,1.,1.59959185801562E-20));
#14380=DIRECTION('',(0.736804871841956,0.,-0.676105450968973));
#14390=AXIS2_PLACEMENT_3D('',#14360,#14370,#14380);
#14400=CIRCLE('',#14390,0.20000000000001);
#14410=EDGE_CURVE('',#12050,#14010,#14400,.T.);
#14420=ORIENTED_EDGE('',*,*,#14410,.F.);
#14430=ORIENTED_EDGE('',*,*,#14170,.T.);
#14440=CARTESIAN_POINT('',(-1.53200498876192,-0.00403805922287606,
-5.60000000000001));
#14450=DIRECTION('',(1.92592994438725E-34,-1.,0.));
#14460=DIRECTION('',(0.,0.,-1.));
#14470=AXIS2_PLACEMENT_3D('',#14440,#14450,#14460);
#14480=CIRCLE('',#14470,0.20000000000001);
#14490=CARTESIAN_POINT('',(-1.33200498876192,-0.00403805922287621,
-5.60000000000002));
#14500=VERTEX_POINT('',#14490);
#14510=EDGE_CURVE('',#14100,#14500,#14480,.T.);
#14520=ORIENTED_EDGE('',*,*,#14510,.F.);
#14530=CARTESIAN_POINT('',(-1.33200498876191,-4.44089209850063E-16,
-5.60000000000001));
#14540=DIRECTION('',(0.,-1.,0.));
#14550=VECTOR('',#14540,1.);
#14560=LINE('',#14530,#14550);
#14570=EDGE_CURVE('',#8280,#14500,#14560,.T.);
#14580=ORIENTED_EDGE('',*,*,#14570,.T.);
#14590=EDGE_LOOP('',(#14580,#14520,#14430,#14420,#14350,#14340));
#14600=FACE_OUTER_BOUND('',#14590,.T.);
#14610=ADVANCED_FACE('',(#14600),#14330,.T.);
#14620=COLOUR_RGB('',0.600000023841858,0.600000023841858,
0.600000023841858);
#14630=FILL_AREA_STYLE_COLOUR('',#14620);
#14640=FILL_AREA_STYLE('',(#14630));
#14650=SURFACE_STYLE_FILL_AREA(#14640);
#14660=SURFACE_SIDE_STYLE('',(#14650));
#14670=SURFACE_STYLE_USAGE(.BOTH.,#14660);
#14680=PRESENTATION_STYLE_ASSIGNMENT((#14670));
#14690=CARTESIAN_POINT('',(-1.33200498876192,0.245961940777124,
-5.35000000000009));
#14700=DIRECTION('',(-1.,-1.92592994438725E-34,-0.));
#14710=DIRECTION('',(5.67472333619399E-54,-2.94648481515741E-20,1.));
#14720=AXIS2_PLACEMENT_3D('',#14690,#14700,#14710);
#14730=PLANE('',#14720);
#14740=ORIENTED_EDGE('',*,*,#14570,.F.);
#14750=CARTESIAN_POINT('',(-1.33200498876192,-0.00403805922287621,
-5.60000000000008));
#14760=DIRECTION('',(0.,0.,1.));
#14770=VECTOR('',#14760,1.);
#14780=LINE('',#14750,#14770);
#14790=CARTESIAN_POINT('',(-1.33200498876192,-0.00403805922287621,
-5.35000000000019));
#14800=VERTEX_POINT('',#14790);
#14810=EDGE_CURVE('',#14500,#14800,#14780,.T.);
#14820=ORIENTED_EDGE('',*,*,#14810,.F.);
#14830=CARTESIAN_POINT('',(-1.33200498876192,-0.00403805922287623,
-5.35000000000009));
#14840=DIRECTION('',(0.,1.,0.));
#14850=VECTOR('',#14840,1.);
#14860=LINE('',#14830,#14850);
#14870=EDGE_CURVE('',#14800,#8360,#14860,.T.);
#14880=ORIENTED_EDGE('',*,*,#14870,.F.);
#14890=ORIENTED_EDGE('',*,*,#8370,.T.);
#14900=EDGE_LOOP('',(#14890,#14880,#14820,#14740));
#14910=FACE_OUTER_BOUND('',#14900,.T.);
#14920=ADVANCED_FACE('',(#14910),#14730,.F.);
#14930=COLOUR_RGB('',0.600000023841858,0.600000023841858,
0.600000023841858);
#14940=FILL_AREA_STYLE_COLOUR('',#14930);
#14950=FILL_AREA_STYLE('',(#14940));
#14960=SURFACE_STYLE_FILL_AREA(#14950);
#14970=SURFACE_SIDE_STYLE('',(#14960));
#14980=SURFACE_STYLE_USAGE(.BOTH.,#14970);
#14990=PRESENTATION_STYLE_ASSIGNMENT((#14980));
#15000=CARTESIAN_POINT('',(0.147995011238086,-0.0040380592228762,-318.5)
);
#15010=DIRECTION('',(-1.92592994438725E-34,1.,2.94648481515741E-20));
#15020=DIRECTION('',(1.,1.92592994438725E-34,-0.));
#15030=AXIS2_PLACEMENT_3D('',#15000,#15010,#15020);
#15040=PLANE('',#15030);
#15050=CARTESIAN_POINT('',(-1.88200498876191,-0.00403805922287634,
-4.85000000000003));
#15060=DIRECTION('',(1.26404986476867E-31,1.,5.43107001222394E-43));
#15070=DIRECTION('',(4.29656310529952E-12,0.,-1.));
#15080=AXIS2_PLACEMENT_3D('',#15050,#15060,#15070);
#15090=CIRCLE('',#15080,0.199999999999992);
#15100=CARTESIAN_POINT('',(-1.88200498876148,-0.00403805922287621,
-5.05000000000007));
#15110=VERTEX_POINT('',#15100);
#15120=CARTESIAN_POINT('',(-1.88200498876191,-0.00403805922287621,
-4.65000000000003));
#15130=VERTEX_POINT('',#15120);
#15140=EDGE_CURVE('',#15110,#15130,#15090,.T.);
#15150=ORIENTED_EDGE('',*,*,#15140,.T.);
#15160=CARTESIAN_POINT('',(-1.6320049887612,-0.00403805922287621,
-5.05000000000007));
#15170=DIRECTION('',(-1.,0.,0.));
#15180=VECTOR('',#15170,1.);
#15190=LINE('',#15160,#15180);
#15200=CARTESIAN_POINT('',(-1.63200498876155,-0.00403805922287621,
-5.05000000000001));
#15210=VERTEX_POINT('',#15200);
#15220=EDGE_CURVE('',#15210,#15110,#15190,.T.);
#15230=ORIENTED_EDGE('',*,*,#15220,.T.);
#15240=CARTESIAN_POINT('',(-1.63200498876191,-0.00403805922287623,
-5.25000000000004));
#15250=DIRECTION('',(1.47324240757871E-20,-1.,-1.47324240756335E-20));
#15260=DIRECTION('',(0.70710678118286,0.,0.707106781190235));
#15270=AXIS2_PLACEMENT_3D('',#15240,#15250,#15260);
#15280=CIRCLE('',#15270,0.200000000000004);
#15290=CARTESIAN_POINT('',(-1.49058363252497,-0.00403805922287621,
-5.10857864376237));
#15300=VERTEX_POINT('',#15290);
#15310=EDGE_CURVE('',#15300,#15210,#15280,.T.);
#15320=ORIENTED_EDGE('',*,*,#15310,.T.);
#15330=CARTESIAN_POINT('',(-1.39058363252458,-0.00403805922287621,
-5.20857864376279));
#15340=DIRECTION('',(-0.707106781186661,0.,0.707106781186435));
#15350=VECTOR('',#15340,1.);
#15360=LINE('',#15330,#15350);
#15370=CARTESIAN_POINT('',(-1.3905836325246,-0.00403805922287621,
-5.20857864376279));
#15380=VERTEX_POINT('',#15370);
#15390=EDGE_CURVE('',#15380,#15300,#15360,.T.);
#15400=ORIENTED_EDGE('',*,*,#15390,.T.);
#15410=CARTESIAN_POINT('',(-1.53200498876192,-0.00403805922287623,
-5.35000000000009));
#15420=DIRECTION('',(-2.35530380411728E-32,-1.,-2.94648481515741E-20));
#15430=DIRECTION('',(1.,0.,-7.99360577730129E-13));
#15440=AXIS2_PLACEMENT_3D('',#15410,#15420,#15430);
#15450=CIRCLE('',#15440,0.199999999999996);
#15460=EDGE_CURVE('',#14800,#15380,#15450,.T.);
#15470=ORIENTED_EDGE('',*,*,#15460,.T.);
#15480=ORIENTED_EDGE('',*,*,#14810,.T.);
#15490=ORIENTED_EDGE('',*,*,#14510,.T.);
#15500=ORIENTED_EDGE('',*,*,#14110,.T.);
#15510=ORIENTED_EDGE('',*,*,#13730,.T.);
#15520=ORIENTED_EDGE('',*,*,#13350,.T.);
#15530=ORIENTED_EDGE('',*,*,#12950,.T.);
#15540=CARTESIAN_POINT('',(-3.15200498876191,-0.00403805922287617,
-4.35000000000003));
#15550=DIRECTION('',(1.92592994438725E-34,-1.,0.));
#15560=DIRECTION('',(0.,0.,1.));
#15570=AXIS2_PLACEMENT_3D('',#15540,#15550,#15560);
#15580=CIRCLE('',#15570,0.200000000000003);
#15590=CARTESIAN_POINT('',(-3.15200498876191,-0.00403805922287621,
-4.15000000000003));
#15600=VERTEX_POINT('',#15590);
#15610=EDGE_CURVE('',#15600,#12860,#15580,.T.);
#15620=ORIENTED_EDGE('',*,*,#15610,.T.);
#15630=CARTESIAN_POINT('',(-1.50203416229077,-0.00403805922287621,
-4.15000000000003));
#15640=DIRECTION('',(-1.,0.,0.));
#15650=VECTOR('',#15640,1.);
#15660=LINE('',#15630,#15650);
#15670=CARTESIAN_POINT('',(-1.50203416229077,-0.00403805922287598,
-4.15000000000004));
#15680=VERTEX_POINT('',#15670);
#15690=EDGE_CURVE('',#15680,#15600,#15660,.T.);
#15700=ORIENTED_EDGE('',*,*,#15690,.T.);
#15710=CARTESIAN_POINT('',(-1.50203416229077,-0.00403805922287598,
-4.15000000000005));
#15720=DIRECTION('',(0.,0.,-1.));
#15730=VECTOR('',#15720,1.);
#15740=LINE('',#15710,#15730);
#15750=CARTESIAN_POINT('',(-1.50203416229077,-0.00403805922287592,
-4.65000000000005));
#15760=VERTEX_POINT('',#15750);
#15770=EDGE_CURVE('',#15680,#15760,#15740,.T.);
#15780=ORIENTED_EDGE('',*,*,#15770,.F.);
#15790=CARTESIAN_POINT('',(-1.50203416229078,-0.00403805922287614,
-4.65000000000005));
#15800=DIRECTION('',(-1.,5.84372771423548E-16,0.));
#15810=VECTOR('',#15800,1.);
#15820=LINE('',#15790,#15810);
#15830=EDGE_CURVE('',#15760,#15130,#15820,.T.);
#15840=ORIENTED_EDGE('',*,*,#15830,.F.);
#15850=EDGE_LOOP('',(#15840,#15780,#15700,#15620,#15530,#15520,#15510,
#15500,#15490,#15480,#15470,#15400,#15320,#15230,#15150));
#15860=FACE_OUTER_BOUND('',#15850,.T.);
#15870=ADVANCED_FACE('',(#15860),#15040,.F.);
#15880=COLOUR_RGB('',0.600000023841858,0.600000023841858,
0.600000023841858);
#15890=FILL_AREA_STYLE_COLOUR('',#15880);
#15900=FILL_AREA_STYLE('',(#15890));
#15910=SURFACE_STYLE_FILL_AREA(#15900);
#15920=SURFACE_SIDE_STYLE('',(#15910));
#15930=SURFACE_STYLE_USAGE(.BOTH.,#15920);
#15940=PRESENTATION_STYLE_ASSIGNMENT((#15930));
#15950=CARTESIAN_POINT('',(-1.13199486929581,0.574579877534777,
-4.65000000000005));
#15960=DIRECTION('',(-0.,-2.94648481515741E-20,1.));
#15970=DIRECTION('',(0.707106781186546,0.707106781186549,
2.083479393461E-20));
#15980=AXIS2_PLACEMENT_3D('',#15950,#15960,#15970);
#15990=PLANE('',#15980);
#16000=CARTESIAN_POINT('',(-1.88200498876191,-0.00403805922287634,
-4.65000000000004));
#16010=DIRECTION('',(0.,1.,0.));
#16020=VECTOR('',#16010,1.);
#16030=LINE('',#16000,#16020);
#16040=EDGE_CURVE('',#15130,#8790,#16030,.T.);
#16050=ORIENTED_EDGE('',*,*,#16040,.T.);
#16060=ORIENTED_EDGE('',*,*,#15830,.T.);
#16070=CARTESIAN_POINT('',(-1.50203416229077,0.345961940777124,
-4.65000000000005));
#16080=DIRECTION('',(4.41139077470379E-21,6.75968242907689E-22,-1.));
#16090=DIRECTION('',(0.15146456536439,-0.988462687934642,
9.4039548065783E-38));
#16100=AXIS2_PLACEMENT_3D('',#16070,#16080,#16090);
#16110=CIRCLE('',#16100,0.35);
#16120=EDGE_CURVE('',#8870,#15760,#16110,.T.);
#16130=ORIENTED_EDGE('',*,*,#16120,.T.);
#16140=ORIENTED_EDGE('',*,*,#8880,.T.);
#16150=EDGE_LOOP('',(#16140,#16130,#16060,#16050));
#16160=FACE_OUTER_BOUND('',#16150,.T.);
#16170=ADVANCED_FACE('',(#16160),#15990,.F.);
#16180=COLOUR_RGB('',0.600000023841858,0.600000023841858,
0.600000023841858);
#16190=FILL_AREA_STYLE_COLOUR('',#16180);
#16200=FILL_AREA_STYLE('',(#16190));
#16210=SURFACE_STYLE_FILL_AREA(#16200);
#16220=SURFACE_SIDE_STYLE('',(#16210));
#16230=SURFACE_STYLE_USAGE(.BOTH.,#16220);
#16240=PRESENTATION_STYLE_ASSIGNMENT((#16230));
#16250=CARTESIAN_POINT('',(-1.88200498876191,0.245961940777124,
-4.85000000000003));
#16260=DIRECTION('',(-1.92592994438725E-34,1.,2.94648481515741E-20));
#16270=DIRECTION('',(1.,1.92592994438725E-34,-0.));
#16280=AXIS2_PLACEMENT_3D('',#16250,#16260,#16270);
#16290=CYLINDRICAL_SURFACE('',#16280,0.199999999999992);
#16300=ORIENTED_EDGE('',*,*,#8800,.F.);
#16310=CARTESIAN_POINT('',(-1.88200498876191,-0.00403805922287634,
-5.05000000000002));
#16320=DIRECTION('',(0.,1.,0.));
#16330=VECTOR('',#16320,1.);
#16340=LINE('',#16310,#16330);
#16350=EDGE_CURVE('',#15110,#8700,#16340,.T.);
#16360=ORIENTED_EDGE('',*,*,#16350,.T.);
#16370=ORIENTED_EDGE('',*,*,#15140,.F.);
#16380=ORIENTED_EDGE('',*,*,#16040,.F.);
#16390=EDGE_LOOP('',(#16380,#16370,#16360,#16300));
#16400=FACE_OUTER_BOUND('',#16390,.T.);
#16410=ADVANCED_FACE('',(#16400),#16290,.F.);
#16420=COLOUR_RGB('',0.600000023841858,0.600000023841858,
0.600000023841858);
#16430=FILL_AREA_STYLE_COLOUR('',#16420);
#16440=FILL_AREA_STYLE('',(#16430));
#16450=SURFACE_STYLE_FILL_AREA(#16440);
#16460=SURFACE_SIDE_STYLE('',(#16450));
#16470=SURFACE_STYLE_USAGE(.BOTH.,#16460);
#16480=PRESENTATION_STYLE_ASSIGNMENT((#16470));
#16490=CARTESIAN_POINT('',(-1.88200498876191,0.245961940777124,
-5.05000000000006));
#16500=DIRECTION('',(-5.67472333619398E-54,2.94648481515741E-20,-1.));
#16510=DIRECTION('',(-1.,-1.92592994438725E-34,-8.11388845462873E-69));
#16520=AXIS2_PLACEMENT_3D('',#16490,#16500,#16510);
#16530=PLANE('',#16520);
#16540=CARTESIAN_POINT('',(-1.63200498876191,-4.44089209850063E-16,
-5.05000000000004));
#16550=DIRECTION('',(0.,-1.,0.));
#16560=VECTOR('',#16550,1.);
#16570=LINE('',#16540,#16560);
#16580=EDGE_CURVE('',#8620,#15210,#16570,.T.);
#16590=ORIENTED_EDGE('',*,*,#16580,.F.);
#16600=ORIENTED_EDGE('',*,*,#15220,.F.);
#16610=ORIENTED_EDGE('',*,*,#16350,.F.);
#16620=ORIENTED_EDGE('',*,*,#8710,.T.);
#16630=EDGE_LOOP('',(#16620,#16610,#16600,#16590));
#16640=FACE_OUTER_BOUND('',#16630,.T.);
#16650=ADVANCED_FACE('',(#16640),#16530,.F.);
#16660=COLOUR_RGB('',0.600000023841858,0.600000023841858,
0.600000023841858);
#16670=FILL_AREA_STYLE_COLOUR('',#16660);
#16680=FILL_AREA_STYLE('',(#16670));
#16690=SURFACE_STYLE_FILL_AREA(#16680);
#16700=SURFACE_SIDE_STYLE('',(#16690));
#16710=SURFACE_STYLE_USAGE(.BOTH.,#16700);
#16720=PRESENTATION_STYLE_ASSIGNMENT((#16710));
#16730=CARTESIAN_POINT('',(-1.63200498876191,0.245961940777124,
-5.25000000000004));
#16740=DIRECTION('',(-1.92592994438725E-34,1.,2.94648481515741E-20));
#16750=DIRECTION('',(1.,1.92592994438725E-34,-0.));
#16760=AXIS2_PLACEMENT_3D('',#16730,#16740,#16750);
#16770=CYLINDRICAL_SURFACE('',#16760,0.200000000000004);
#16780=ORIENTED_EDGE('',*,*,#8630,.F.);
#16790=CARTESIAN_POINT('',(-1.49058363252459,-0.00403805922287623,
-5.10857864376274));
#16800=DIRECTION('',(0.,1.,0.));
#16810=VECTOR('',#16800,1.);
#16820=LINE('',#16790,#16810);
#16830=EDGE_CURVE('',#15300,#8530,#16820,.T.);
#16840=ORIENTED_EDGE('',*,*,#16830,.T.);
#16850=ORIENTED_EDGE('',*,*,#15310,.F.);
#16860=ORIENTED_EDGE('',*,*,#16580,.T.);
#16870=EDGE_LOOP('',(#16860,#16850,#16840,#16780));
#16880=FACE_OUTER_BOUND('',#16870,.T.);
#16890=ADVANCED_FACE('',(#16880),#16770,.T.);
#16900=COLOUR_RGB('',0.600000023841858,0.600000023841858,
0.600000023841858);
#16910=FILL_AREA_STYLE_COLOUR('',#16900);
#16920=FILL_AREA_STYLE('',(#16910));
#16930=SURFACE_STYLE_FILL_AREA(#16920);
#16940=SURFACE_SIDE_STYLE('',(#16930));
#16950=SURFACE_STYLE_USAGE(.BOTH.,#16940);
#16960=PRESENTATION_STYLE_ASSIGNMENT((#16950));
#16970=CARTESIAN_POINT('',(-1.4905836325246,0.245961940777124,
-5.10857864376275));
#16980=DIRECTION('',(-0.70710678118659,5.55319860251924E-17,
-0.707106781186505));
#16990=DIRECTION('',(-0.707106781186505,-2.08347939346113E-20,
0.70710678118659));
#17000=AXIS2_PLACEMENT_3D('',#16970,#16980,#16990);
#17010=PLANE('',#17000);
#17020=CARTESIAN_POINT('',(-1.3905836325246,-4.44089209850063E-16,
-5.2085786437628));
#17030=DIRECTION('',(0.,-1.,0.));
#17040=VECTOR('',#17030,1.);
#17050=LINE('',#17020,#17040);
#17060=EDGE_CURVE('',#8450,#15380,#17050,.T.);
#17070=ORIENTED_EDGE('',*,*,#17060,.F.);
#17080=ORIENTED_EDGE('',*,*,#15390,.F.);
#17090=ORIENTED_EDGE('',*,*,#16830,.F.);
#17100=ORIENTED_EDGE('',*,*,#8540,.F.);
#17110=EDGE_LOOP('',(#17100,#17090,#17080,#17070));
#17120=FACE_OUTER_BOUND('',#17110,.T.);
#17130=ADVANCED_FACE('',(#17120),#17010,.F.);
#17140=COLOUR_RGB('',0.600000023841858,0.600000023841858,
0.600000023841858);
#17150=FILL_AREA_STYLE_COLOUR('',#17140);
#17160=FILL_AREA_STYLE('',(#17150));
#17170=SURFACE_STYLE_FILL_AREA(#17160);
#17180=SURFACE_SIDE_STYLE('',(#17170));
#17190=SURFACE_STYLE_USAGE(.BOTH.,#17180);
#17200=PRESENTATION_STYLE_ASSIGNMENT((#17190));
#17210=CARTESIAN_POINT('',(-1.53200498876192,0.245961940777124,
-5.35000000000009));
#17220=DIRECTION('',(-1.92592994438725E-34,1.,2.94648481515741E-20));
#17230=DIRECTION('',(1.,1.92592994438725E-34,-0.));
#17240=AXIS2_PLACEMENT_3D('',#17210,#17220,#17230);
#17250=CYLINDRICAL_SURFACE('',#17240,0.199999999999996);
#17260=ORIENTED_EDGE('',*,*,#8460,.F.);
#17270=ORIENTED_EDGE('',*,*,#14870,.T.);
#17280=ORIENTED_EDGE('',*,*,#15460,.F.);
#17290=ORIENTED_EDGE('',*,*,#17060,.T.);
#17300=EDGE_LOOP('',(#17290,#17280,#17270,#17260));
#17310=FACE_OUTER_BOUND('',#17300,.T.);
#17320=ADVANCED_FACE('',(#17310),#17250,.T.);
#17330=COLOUR_RGB('',0.600000023841858,0.600000023841858,
0.600000023841858);
#17340=FILL_AREA_STYLE_COLOUR('',#17330);
#17350=FILL_AREA_STYLE('',(#17340));
#17360=SURFACE_STYLE_FILL_AREA(#17350);
#17370=SURFACE_SIDE_STYLE('',(#17360));
#17380=SURFACE_STYLE_USAGE(.BOTH.,#17370);
#17390=PRESENTATION_STYLE_ASSIGNMENT((#17380));
#17400=CARTESIAN_POINT('',(-1.50203416229077,0.345961940777124,
-5.05733198504072));
#17410=DIRECTION('',(5.67472333619398E-54,-2.94648481515741E-20,1.));
#17420=DIRECTION('',(1.,1.92592994438725E-34,8.11388845462873E-69));
#17430=AXIS2_PLACEMENT_3D('',#17400,#17410,#17420);
#17440=CYLINDRICAL_SURFACE('',#17430,0.35);
#17450=ORIENTED_EDGE('',*,*,#16120,.F.);
#17460=ORIENTED_EDGE('',*,*,#15770,.T.);
#17470=CARTESIAN_POINT('',(-1.50203416229077,0.345961940777124,
-4.15000000000005));
#17480=DIRECTION('',(7.29022606036286E-34,-1.80375597857457E-47,1.));
#17490=DIRECTION('',(-2.47421131202178E-14,-1.,0.));
#17500=AXIS2_PLACEMENT_3D('',#17470,#17480,#17490);
#17510=CIRCLE('',#17500,0.35);
#17520=EDGE_CURVE('',#15680,#8950,#17510,.T.);
#17530=ORIENTED_EDGE('',*,*,#17520,.F.);
#17540=ORIENTED_EDGE('',*,*,#8960,.T.);
#17550=EDGE_LOOP('',(#17540,#17530,#17460,#17450));
#17560=FACE_OUTER_BOUND('',#17550,.T.);
#17570=ADVANCED_FACE('',(#17560),#17440,.T.);
#17580=COLOUR_RGB('',0.600000023841858,0.600000023841858,
0.600000023841858);
#17590=FILL_AREA_STYLE_COLOUR('',#17580);
#17600=FILL_AREA_STYLE('',(#17590));
#17610=SURFACE_STYLE_FILL_AREA(#17600);
#17620=SURFACE_SIDE_STYLE('',(#17610));
#17630=SURFACE_STYLE_USAGE(.BOTH.,#17620);
#17640=PRESENTATION_STYLE_ASSIGNMENT((#17630));
#17650=CARTESIAN_POINT('',(-0.911600000000001,0.299999999999999,
-4.15000000000005));
#17660=DIRECTION('',(5.67472333619398E-54,-2.94648481515741E-20,1.));
#17670=DIRECTION('',(1.,1.92592994438725E-34,8.11388845462873E-69));
#17680=AXIS2_PLACEMENT_3D('',#17650,#17660,#17670);
#17690=PLANE('',#17680);
#17700=ORIENTED_EDGE('',*,*,#17520,.T.);
#17710=ORIENTED_EDGE('',*,*,#15690,.F.);
#17720=CARTESIAN_POINT('',(-3.15200498876191,-0.00403805922287617,
-4.15000000000003));
#17730=DIRECTION('',(0.,1.,0.));
#17740=VECTOR('',#17730,1.);
#17750=LINE('',#17720,#17740);
#17760=EDGE_CURVE('',#15600,#9030,#17750,.T.);
#17770=ORIENTED_EDGE('',*,*,#17760,.F.);
#17780=ORIENTED_EDGE('',*,*,#9040,.F.);
#17790=EDGE_LOOP('',(#17780,#17770,#17710,#17700));
#17800=FACE_OUTER_BOUND('',#17790,.T.);
#17810=ADVANCED_FACE('',(#17800),#17690,.T.);
#17820=COLOUR_RGB('',0.600000023841858,0.600000023841858,
0.600000023841858);
#17830=FILL_AREA_STYLE_COLOUR('',#17820);
#17840=FILL_AREA_STYLE('',(#17830));
#17850=SURFACE_STYLE_FILL_AREA(#17840);
#17860=SURFACE_SIDE_STYLE('',(#17850));
#17870=SURFACE_STYLE_USAGE(.BOTH.,#17860);
#17880=PRESENTATION_STYLE_ASSIGNMENT((#17870));
#17890=CARTESIAN_POINT('',(-3.15200498876191,0.245961940777124,
-4.35000000000003));
#17900=DIRECTION('',(-1.92592994438725E-34,1.,2.94648481515741E-20));
#17910=DIRECTION('',(1.,1.92592994438725E-34,-0.));
#17920=AXIS2_PLACEMENT_3D('',#17890,#17900,#17910);
#17930=CYLINDRICAL_SURFACE('',#17920,0.200000000000003);
#17940=ORIENTED_EDGE('',*,*,#9130,.F.);
#17950=ORIENTED_EDGE('',*,*,#17760,.T.);
#17960=ORIENTED_EDGE('',*,*,#15610,.F.);
#17970=ORIENTED_EDGE('',*,*,#12870,.T.);
#17980=EDGE_LOOP('',(#17970,#17960,#17950,#17940));
#17990=FACE_OUTER_BOUND('',#17980,.T.);
#18000=ADVANCED_FACE('',(#17990),#17930,.T.);
#18010=COLOUR_RGB('',0.600000023841858,0.600000023841858,
0.600000023841858);
#18020=FILL_AREA_STYLE_COLOUR('',#18010);
#18030=FILL_AREA_STYLE('',(#18020));
#18040=SURFACE_STYLE_FILL_AREA(#18030);
#18050=SURFACE_SIDE_STYLE('',(#18040));
#18060=SURFACE_STYLE_USAGE(.BOTH.,#18050);
#18070=PRESENTATION_STYLE_ASSIGNMENT((#18060));
#18080=CARTESIAN_POINT('',(0.147995011238086,0.245961940777124,-318.5));
#18090=DIRECTION('',(-1.92592994438725E-34,1.,2.94648481515741E-20));
#18100=DIRECTION('',(1.,1.92592994438725E-34,-0.));
#18110=AXIS2_PLACEMENT_3D('',#18080,#18090,#18100);
#18120=PLANE('',#18110);
#18130=ORIENTED_EDGE('',*,*,#12770,.F.);
#18140=ORIENTED_EDGE('',*,*,#13250,.T.);
#18150=ORIENTED_EDGE('',*,*,#13640,.T.);
#18160=ORIENTED_EDGE('',*,*,#14020,.F.);
#18170=ORIENTED_EDGE('',*,*,#14410,.T.);
#18180=ORIENTED_EDGE('',*,*,#12060,.T.);
#18190=EDGE_LOOP('',(#18180,#18170,#18160,#18150,#18140,#18130));
#18200=FACE_OUTER_BOUND('',#18190,.T.);
#18210=ADVANCED_FACE('',(#18200),#18120,.T.);
#18220=COLOUR_RGB('',0.600000023841858,0.600000023841858,
0.600000023841858);
#18230=FILL_AREA_STYLE_COLOUR('',#18220);
#18240=FILL_AREA_STYLE('',(#18230));
#18250=SURFACE_STYLE_FILL_AREA(#18240);
#18260=SURFACE_SIDE_STYLE('',(#18250));
#18270=SURFACE_STYLE_USAGE(.BOTH.,#18260);
#18280=PRESENTATION_STYLE_ASSIGNMENT((#18270));
#18290=CARTESIAN_POINT('',(-1.05,2.63647852397735,-5.96930890298494));
#18300=DIRECTION('',(-1.,-0.,-0.));
#18310=DIRECTION('',(0.,0.,1.));
#18320=AXIS2_PLACEMENT_3D('',#18290,#18300,#18310);
#18330=PLANE('',#18320);
#18340=ORIENTED_EDGE('',*,*,#8110,.T.);
#18350=CARTESIAN_POINT('',(-1.05,0.399999999999999,-5.2));
#18360=DIRECTION('',(0.,-1.,0.));
#18370=VECTOR('',#18360,1.);
#18380=LINE('',#18350,#18370);
#18390=CARTESIAN_POINT('',(-1.05,0.399999999999999,-5.19999999999999));
#18400=VERTEX_POINT('',#18390);
#18410=EDGE_CURVE('',#18400,#8020,#18380,.T.);
#18420=ORIENTED_EDGE('',*,*,#18410,.T.);
#18430=CARTESIAN_POINT('',(-1.05,0.399999999999999,-5.19999999999999));
#18440=DIRECTION('',(3.66521496299468E-16,0.,-1.));
#18450=VECTOR('',#18440,1.);
#18460=LINE('',#18430,#18450);
#18470=EDGE_CURVE('',#18400,#12200,#18460,.T.);
#18480=ORIENTED_EDGE('',*,*,#18470,.F.);
#18490=ORIENTED_EDGE('',*,*,#12210,.F.);
#18500=EDGE_LOOP('',(#18490,#18480,#18420,#18340));
#18510=FACE_OUTER_BOUND('',#18500,.T.);
#18520=ADVANCED_FACE('',(#18510),#18330,.F.);
#18530=COLOUR_RGB('',0.600000023841858,0.600000023841858,
0.600000023841858);
#18540=FILL_AREA_STYLE_COLOUR('',#18530);
#18550=FILL_AREA_STYLE('',(#18540));
#18560=SURFACE_STYLE_FILL_AREA(#18550);
#18570=SURFACE_SIDE_STYLE('',(#18560));
#18580=SURFACE_STYLE_USAGE(.BOTH.,#18570);
#18590=PRESENTATION_STYLE_ASSIGNMENT((#18580));
#18600=CARTESIAN_POINT('',(-1.05,2.63647852397735,-5.2));
#18610=DIRECTION('',(-0.,-0.,1.));
#18620=DIRECTION('',(1.,0.,-0.));
#18630=AXIS2_PLACEMENT_3D('',#18600,#18610,#18620);
#18640=PLANE('',#18630);
#18650=CARTESIAN_POINT('',(1.05,0.399999999999999,-5.19999999999999));
#18660=DIRECTION('',(-1.,0.,0.));
#18670=VECTOR('',#18660,1.);
#18680=LINE('',#18650,#18670);
#18690=CARTESIAN_POINT('',(1.05,0.399999999999999,-5.19999999999999));
#18700=VERTEX_POINT('',#18690);
#18710=EDGE_CURVE('',#18700,#18400,#18680,.T.);
#18720=ORIENTED_EDGE('',*,*,#18710,.F.);
#18730=ORIENTED_EDGE('',*,*,#18410,.F.);
#18740=ORIENTED_EDGE('',*,*,#8030,.T.);
#18750=CARTESIAN_POINT('',(1.05,0.399999999999999,-5.2));
#18760=DIRECTION('',(0.,-1.,0.));
#18770=VECTOR('',#18760,1.);
#18780=LINE('',#18750,#18770);
#18790=EDGE_CURVE('',#18700,#7940,#18780,.T.);
#18800=ORIENTED_EDGE('',*,*,#18790,.T.);
#18810=EDGE_LOOP('',(#18800,#18740,#18730,#18720));
#18820=FACE_OUTER_BOUND('',#18810,.T.);
#18830=ADVANCED_FACE('',(#18820),#18640,.F.);
#18840=COLOUR_RGB('',0.600000023841858,0.600000023841858,
0.600000023841858);
#18850=FILL_AREA_STYLE_COLOUR('',#18840);
#18860=FILL_AREA_STYLE('',(#18850));
#18870=SURFACE_STYLE_FILL_AREA(#18860);
#18880=SURFACE_SIDE_STYLE('',(#18870));
#18890=SURFACE_STYLE_USAGE(.BOTH.,#18880);
#18900=PRESENTATION_STYLE_ASSIGNMENT((#18890));
#18910=CARTESIAN_POINT('',(1.05,2.63647852397735,-5.96930890298494));
#18920=DIRECTION('',(1.,-0.,-0.));
#18930=DIRECTION('',(-0.,0.,-1.));
#18940=AXIS2_PLACEMENT_3D('',#18910,#18920,#18930);
#18950=PLANE('',#18940);
#18960=CARTESIAN_POINT('',(1.05,0.399999999999999,-5.80581604944558));
#18970=DIRECTION('',(-3.66521496299468E-16,0.,1.));
#18980=VECTOR('',#18970,1.);
#18990=LINE('',#18960,#18980);
#19000=EDGE_CURVE('',#1360,#18700,#18990,.T.);
#19010=ORIENTED_EDGE('',*,*,#19000,.F.);
#19020=ORIENTED_EDGE('',*,*,#18790,.F.);
#19030=ORIENTED_EDGE('',*,*,#7950,.T.);
#19040=ORIENTED_EDGE('',*,*,#1450,.F.);
#19050=EDGE_LOOP('',(#19040,#19030,#19020,#19010));
#19060=FACE_OUTER_BOUND('',#19050,.T.);
#19070=ADVANCED_FACE('',(#19060),#18950,.F.);
#19080=COLOUR_RGB('',0.600000023841858,0.600000023841858,
0.600000023841858);
#19090=FILL_AREA_STYLE_COLOUR('',#19080);
#19100=FILL_AREA_STYLE('',(#19090));
#19110=SURFACE_STYLE_FILL_AREA(#19100);
#19120=SURFACE_SIDE_STYLE('',(#19110));
#19130=SURFACE_STYLE_USAGE(.BOTH.,#19120);
#19140=PRESENTATION_STYLE_ASSIGNMENT((#19130));
#19150=CARTESIAN_POINT('',(2.94902990916057E-14,0.399999999999999,-318.5
));
#19160=DIRECTION('',(-0.,1.,-0.));
#19170=DIRECTION('',(1.,0.,1.22464679914735E-16));
#19180=AXIS2_PLACEMENT_3D('',#19150,#19160,#19170);
#19190=PLANE('',#19180);
#19200=CARTESIAN_POINT('',(0.850000000000001,0.399999999999999,-6.));
#19210=DIRECTION('',(0.,0.,1.));
#19220=VECTOR('',#19210,1.);
#19230=LINE('',#19200,#19220);
#19240=CARTESIAN_POINT('',(0.850000000000001,0.399999999999999,-6.));
#19250=VERTEX_POINT('',#19240);
#19260=EDGE_CURVE('',#19250,#1270,#19230,.T.);
#19270=ORIENTED_EDGE('',*,*,#19260,.T.);
#19280=CARTESIAN_POINT('',(0.850000000000001,0.4,-6.));
#19290=DIRECTION('',(-1.,0.,0.));
#19300=VECTOR('',#19290,1.);
#19310=LINE('',#19280,#19300);
#19320=CARTESIAN_POINT('',(-0.850000000000001,0.399999999999999,-6.));
#19330=VERTEX_POINT('',#19320);
#19340=EDGE_CURVE('',#19250,#19330,#19310,.T.);
#19350=ORIENTED_EDGE('',*,*,#19340,.F.);
#19360=CARTESIAN_POINT('',(-0.850000000000001,0.399999999999999,
-5.83845013680855));
#19370=DIRECTION('',(0.,0.,-1.));
#19380=VECTOR('',#19370,1.);
#19390=LINE('',#19360,#19380);
#19400=EDGE_CURVE('',#12290,#19330,#19390,.T.);
#19410=ORIENTED_EDGE('',*,*,#19400,.T.);
#19420=ORIENTED_EDGE('',*,*,#12300,.T.);
#19430=ORIENTED_EDGE('',*,*,#18470,.T.);
#19440=ORIENTED_EDGE('',*,*,#18710,.T.);
#19450=ORIENTED_EDGE('',*,*,#19000,.T.);
#19460=ORIENTED_EDGE('',*,*,#1370,.T.);
#19470=EDGE_LOOP('',(#19460,#19450,#19440,#19430,#19420,#19410,#19350,
#19270));
#19480=FACE_OUTER_BOUND('',#19470,.T.);
#19490=ADVANCED_FACE('',(#19480),#19190,.F.);
#19500=COLOUR_RGB('',0.600000023841858,0.600000023841858,
0.600000023841858);
#19510=FILL_AREA_STYLE_COLOUR('',#19500);
#19520=FILL_AREA_STYLE('',(#19510));
#19530=SURFACE_STYLE_FILL_AREA(#19520);
#19540=SURFACE_SIDE_STYLE('',(#19530));
#19550=SURFACE_STYLE_USAGE(.BOTH.,#19540);
#19560=PRESENTATION_STYLE_ASSIGNMENT((#19550));
#19570=CARTESIAN_POINT('',(0.850000000000001,0.649999999999999,
-6.16715728752544));
#19580=DIRECTION('',(-1.,-1.85316903872978E-34,-2.46941390239535E-16));
#19590=DIRECTION('',(-2.46941390239535E-16,-2.94648481515741E-20,1.));
#19600=AXIS2_PLACEMENT_3D('',#19570,#19580,#19590);
#19610=PLANE('',#19600);
#19620=ORIENTED_EDGE('',*,*,#1280,.F.);
#19630=CARTESIAN_POINT('',(0.850000000000001,0.649999999999999,
-6.00000000000001));
#19640=DIRECTION('',(-6.87232414000573E-16,0.,1.));
#19650=VECTOR('',#19640,1.);
#19660=LINE('',#19630,#19650);
#19670=CARTESIAN_POINT('',(0.850000000000001,0.649999999999999,-6.));
#19680=VERTEX_POINT('',#19670);
#19690=EDGE_CURVE('',#19680,#1190,#19660,.T.);
#19700=ORIENTED_EDGE('',*,*,#19690,.T.);
#19710=CARTESIAN_POINT('',(0.850000000000001,0.399999999999999,
-6.00000000000001));
#19720=DIRECTION('',(0.,1.,0.));
#19730=VECTOR('',#19720,1.);
#19740=LINE('',#19710,#19730);
#19750=EDGE_CURVE('',#19250,#19680,#19740,.T.);
#19760=ORIENTED_EDGE('',*,*,#19750,.T.);
#19770=ORIENTED_EDGE('',*,*,#19260,.F.);
#19780=EDGE_LOOP('',(#19770,#19760,#19700,#19620));
#19790=FACE_OUTER_BOUND('',#19780,.T.);
#19800=ADVANCED_FACE('',(#19790),#19610,.F.);
#19810=COLOUR_RGB('',0.600000023841858,0.600000023841858,
0.600000023841858);
#19820=FILL_AREA_STYLE_COLOUR('',#19810);
#19830=FILL_AREA_STYLE('',(#19820));
#19840=SURFACE_STYLE_FILL_AREA(#19830);
#19850=SURFACE_SIDE_STYLE('',(#19840));
#19860=SURFACE_STYLE_USAGE(.BOTH.,#19850);
#19870=PRESENTATION_STYLE_ASSIGNMENT((#19860));
#19880=CARTESIAN_POINT('',(-0.450000000000011,0.65,-6.24641016151379));
#19890=DIRECTION('',(-0.,-1.,-0.));
#19900=DIRECTION('',(0.,0.,-1.));
#19910=AXIS2_PLACEMENT_3D('',#19880,#19890,#19900);
#19920=PLANE('',#19910);
#19930=ORIENTED_EDGE('',*,*,#19690,.F.);
#19940=CARTESIAN_POINT('',(0.849999999999991,0.649999999999999,
-5.83845013680857));
#19950=DIRECTION('',(-2.74448382463034E-16,0.,1.));
#19960=VECTOR('',#19950,1.);
#19970=LINE('',#19940,#19960);
#19980=CARTESIAN_POINT('',(0.849999999999991,0.65,-5.43392123608725));
#19990=VERTEX_POINT('',#19980);
#20000=EDGE_CURVE('',#1190,#19990,#19970,.T.);
#20010=ORIENTED_EDGE('',*,*,#20000,.F.);
#20020=CARTESIAN_POINT('',(0.,0.649999999999999,0.));
#20030=DIRECTION('',(0.,-1.,-0.));
#20040=DIRECTION('',(-0.154545454545456,0.,-0.987985679288591));
#20050=AXIS2_PLACEMENT_3D('',#20020,#20030,#20040);
#20060=CIRCLE('',#20050,5.5);
#20070=CARTESIAN_POINT('',(-0.850000000000009,0.65,-5.43392123608725));
#20080=VERTEX_POINT('',#20070);
#20090=EDGE_CURVE('',#20080,#19990,#20060,.T.);
#20100=ORIENTED_EDGE('',*,*,#20090,.T.);
#20110=CARTESIAN_POINT('',(-0.850000000000009,0.649999999999999,
-5.43392123608725));
#20120=DIRECTION('',(-2.74448382463034E-16,0.,-1.));
#20130=VECTOR('',#20120,1.);
#20140=LINE('',#20110,#20130);
#20150=EDGE_CURVE('',#20080,#12370,#20140,.T.);
#20160=ORIENTED_EDGE('',*,*,#20150,.F.);
#20170=CARTESIAN_POINT('',(-0.850000000000001,0.649999999999999,
-5.83845013680857));
#20180=DIRECTION('',(-6.87232414000573E-16,0.,-1.));
#20190=VECTOR('',#20180,1.);
#20200=LINE('',#20170,#20190);
#20210=CARTESIAN_POINT('',(-0.850000000000001,0.649999999999999,-6.));
#20220=VERTEX_POINT('',#20210);
#20230=EDGE_CURVE('',#12370,#20220,#20200,.T.);
#20240=ORIENTED_EDGE('',*,*,#20230,.F.);
#20250=CARTESIAN_POINT('',(-0.85,0.65,-6.));
#20260=DIRECTION('',(1.,0.,0.));
#20270=VECTOR('',#20260,1.);
#20280=LINE('',#20250,#20270);
#20290=EDGE_CURVE('',#20220,#19680,#20280,.T.);
#20300=ORIENTED_EDGE('',*,*,#20290,.F.);
#20310=EDGE_LOOP('',(#20300,#20240,#20160,#20100,#20010,#19930));
#20320=FACE_OUTER_BOUND('',#20310,.T.);
#20330=ADVANCED_FACE('',(#20320),#19920,.F.);
#20340=COLOUR_RGB('',0.600000023841858,0.600000023841858,
0.600000023841858);
#20350=FILL_AREA_STYLE_COLOUR('',#20340);
#20360=FILL_AREA_STYLE('',(#20350));
#20370=SURFACE_STYLE_FILL_AREA(#20360);
#20380=SURFACE_SIDE_STYLE('',(#20370));
#20390=SURFACE_STYLE_USAGE(.BOTH.,#20380);
#20400=PRESENTATION_STYLE_ASSIGNMENT((#20390));
#20410=CARTESIAN_POINT('',(-2.265709786723,-1.4,-6.));
#20420=DIRECTION('',(-0.,-0.,1.));
#20430=DIRECTION('',(1.,0.,-0.));
#20440=AXIS2_PLACEMENT_3D('',#20410,#20420,#20430);
#20450=PLANE('',#20440);
#20460=CARTESIAN_POINT('',(-0.850000000000001,0.649999999999999,
-6.00000000000001));
#20470=DIRECTION('',(0.,-1.,0.));
#20480=VECTOR('',#20470,1.);
#20490=LINE('',#20460,#20480);
#20500=EDGE_CURVE('',#20220,#19330,#20490,.T.);
#20510=ORIENTED_EDGE('',*,*,#20500,.F.);
#20520=ORIENTED_EDGE('',*,*,#19340,.T.);
#20530=ORIENTED_EDGE('',*,*,#19750,.F.);
#20540=ORIENTED_EDGE('',*,*,#20290,.T.);
#20550=EDGE_LOOP('',(#20540,#20530,#20520,#20510));
#20560=FACE_OUTER_BOUND('',#20550,.T.);
#20570=ADVANCED_FACE('',(#20560),#20450,.F.);
#20580=COLOUR_RGB('',0.600000023841858,0.600000023841858,
0.600000023841858);
#20590=FILL_AREA_STYLE_COLOUR('',#20580);
#20600=FILL_AREA_STYLE('',(#20590));
#20610=SURFACE_STYLE_FILL_AREA(#20600);
#20620=SURFACE_SIDE_STYLE('',(#20610));
#20630=SURFACE_STYLE_USAGE(.BOTH.,#20620);
#20640=PRESENTATION_STYLE_ASSIGNMENT((#20630));
#20650=CARTESIAN_POINT('',(-0.850000000000001,0.649999999999999,
-6.16715728752544));
#20660=DIRECTION('',(1.,1.99869085004471E-34,-2.46941390239535E-16));
#20670=DIRECTION('',(-2.46941390239535E-16,2.94648481515741E-20,-1.));
#20680=AXIS2_PLACEMENT_3D('',#20650,#20660,#20670);
#20690=PLANE('',#20680);
#20700=ORIENTED_EDGE('',*,*,#19400,.F.);
#20710=ORIENTED_EDGE('',*,*,#20500,.T.);
#20720=ORIENTED_EDGE('',*,*,#20230,.T.);
#20730=ORIENTED_EDGE('',*,*,#12380,.F.);
#20740=EDGE_LOOP('',(#20730,#20720,#20710,#20700));
#20750=FACE_OUTER_BOUND('',#20740,.T.);
#20760=ADVANCED_FACE('',(#20750),#20690,.F.);
#20770=COLOUR_RGB('',0.600000023841858,0.600000023841858,
0.600000023841858);
#20780=FILL_AREA_STYLE_COLOUR('',#20770);
#20790=FILL_AREA_STYLE('',(#20780));
#20800=SURFACE_STYLE_FILL_AREA(#20790);
#20810=SURFACE_SIDE_STYLE('',(#20800));
#20820=SURFACE_STYLE_USAGE(.BOTH.,#20810);
#20830=PRESENTATION_STYLE_ASSIGNMENT((#20820));
#20840=CARTESIAN_POINT('',(0.849999999999991,0.65,-6.16715728752537));
#20850=DIRECTION('',(-1.,-0.,-3.6940607015427E-16));
#20860=DIRECTION('',(-3.6940607015427E-16,0.,1.));
#20870=AXIS2_PLACEMENT_3D('',#20840,#20850,#20860);
#20880=PLANE('',#20870);
#20890=CARTESIAN_POINT('',(0.849999999999991,0.799999999999999,
-5.43392123608725));
#20900=DIRECTION('',(2.74448382463034E-16,0.,-1.));
#20910=VECTOR('',#20900,1.);
#20920=LINE('',#20890,#20910);
#20930=CARTESIAN_POINT('',(0.849999999999992,0.799999999999999,
-5.43392123608725));
#20940=VERTEX_POINT('',#20930);
#20950=EDGE_CURVE('',#20940,#1110,#20920,.T.);
#20960=ORIENTED_EDGE('',*,*,#20950,.T.);
#20970=CARTESIAN_POINT('',(0.849999999999991,0.799999999999976,
-5.43392123608725));
#20980=DIRECTION('',(0.,-1.,0.));
#20990=VECTOR('',#20980,1.);
#21000=LINE('',#20970,#20990);
#21010=EDGE_CURVE('',#20940,#19990,#21000,.T.);
#21020=ORIENTED_EDGE('',*,*,#21010,.F.);
#21030=ORIENTED_EDGE('',*,*,#20000,.T.);
#21040=ORIENTED_EDGE('',*,*,#1200,.F.);
#21050=EDGE_LOOP('',(#21040,#21030,#21020,#20960));
#21060=FACE_OUTER_BOUND('',#21050,.T.);
#21070=ADVANCED_FACE('',(#21060),#20880,.T.);
#21080=COLOUR_RGB('',0.600000023841858,0.600000023841858,
0.600000023841858);
#21090=FILL_AREA_STYLE_COLOUR('',#21080);
#21100=FILL_AREA_STYLE('',(#21090));
#21110=SURFACE_STYLE_FILL_AREA(#21100);
#21120=SURFACE_SIDE_STYLE('',(#21110));
#21130=SURFACE_STYLE_USAGE(.BOTH.,#21120);
#21140=PRESENTATION_STYLE_ASSIGNMENT((#21130));
#21150=CARTESIAN_POINT('',(-5.9,0.799999999999999,-0.));
#21160=DIRECTION('',(-0.,1.,-0.));
#21170=DIRECTION('',(0.,-0.,1.));
#21180=AXIS2_PLACEMENT_3D('',#21150,#21160,#21170);
#21190=PLANE('',#21180);
#21200=CARTESIAN_POINT('',(0.84999999999999,0.799999999999999,
5.83845013680857));
#21210=DIRECTION('',(-2.74448382463034E-16,0.,-1.));
#21220=VECTOR('',#21210,1.);
#21230=LINE('',#21200,#21220);
#21240=CARTESIAN_POINT('',(0.84999999999999,0.799999999999987,
5.43392123608725));
#21250=VERTEX_POINT('',#21240);
#21260=EDGE_CURVE('',#1020,#21250,#21230,.T.);
#21270=ORIENTED_EDGE('',*,*,#21260,.F.);
#21280=CARTESIAN_POINT('',(0.,0.799999999999976,0.));
#21290=DIRECTION('',(0.,-1.,0.));
#21300=DIRECTION('',(0.154545454545453,0.,-0.987985679288591));
#21310=AXIS2_PLACEMENT_3D('',#21280,#21290,#21300);
#21320=CIRCLE('',#21310,5.5);
#21330=EDGE_CURVE('',#20940,#21250,#21320,.T.);
#21340=ORIENTED_EDGE('',*,*,#21330,.T.);
#21350=ORIENTED_EDGE('',*,*,#20950,.F.);
#21360=ORIENTED_EDGE('',*,*,#1120,.T.);
#21370=EDGE_LOOP('',(#21360,#21350,#21340,#21270));
#21380=FACE_OUTER_BOUND('',#21370,.T.);
#21390=ADVANCED_FACE('',(#21380),#21190,.T.);
#21400=COLOUR_RGB('',0.600000023841858,0.600000023841858,
0.600000023841858);
#21410=FILL_AREA_STYLE_COLOUR('',#21400);
#21420=FILL_AREA_STYLE('',(#21410));
#21430=SURFACE_STYLE_FILL_AREA(#21420);
#21440=SURFACE_SIDE_STYLE('',(#21430));
#21450=SURFACE_STYLE_USAGE(.BOTH.,#21440);
#21460=PRESENTATION_STYLE_ASSIGNMENT((#21450));
#21470=CARTESIAN_POINT('',(0.84999999999999,0.65,6.16715728752542));
#21480=DIRECTION('',(-1.,-0.,1.24476710324794E-16));
#21490=DIRECTION('',(1.24476710324794E-16,0.,1.));
#21500=AXIS2_PLACEMENT_3D('',#21470,#21480,#21490);
#21510=PLANE('',#21500);
#21520=CARTESIAN_POINT('',(0.849999999999991,0.649999999999999,
5.43392123608725));
#21530=DIRECTION('',(0.,1.,0.));
#21540=VECTOR('',#21530,1.);
#21550=LINE('',#21520,#21540);
#21560=CARTESIAN_POINT('',(0.84999999999999,0.649999999999999,
5.43392123608725));
#21570=VERTEX_POINT('',#21560);
#21580=EDGE_CURVE('',#21570,#21250,#21550,.T.);
#21590=ORIENTED_EDGE('',*,*,#21580,.F.);
#21600=ORIENTED_EDGE('',*,*,#21260,.T.);
#21610=ORIENTED_EDGE('',*,*,#1030,.F.);
#21620=CARTESIAN_POINT('',(0.84999999999999,0.649999999999999,
5.43392123608725));
#21630=DIRECTION('',(2.74448382463034E-16,0.,1.));
#21640=VECTOR('',#21630,1.);
#21650=LINE('',#21620,#21640);
#21660=EDGE_CURVE('',#21570,#290,#21650,.T.);
#21670=ORIENTED_EDGE('',*,*,#21660,.T.);
#21680=EDGE_LOOP('',(#21670,#21610,#21600,#21590));
#21690=FACE_OUTER_BOUND('',#21680,.T.);
#21700=ADVANCED_FACE('',(#21690),#21510,.T.);
#21710=COLOUR_RGB('',0.600000023841858,0.600000023841858,
0.600000023841858);
#21720=FILL_AREA_STYLE_COLOUR('',#21710);
#21730=FILL_AREA_STYLE('',(#21720));
#21740=SURFACE_STYLE_FILL_AREA(#21730);
#21750=SURFACE_SIDE_STYLE('',(#21740));
#21760=SURFACE_STYLE_USAGE(.BOTH.,#21750);
#21770=PRESENTATION_STYLE_ASSIGNMENT((#21760));
#21780=CARTESIAN_POINT('',(0.44999999999999,0.65,6.24641016151378));
#21790=DIRECTION('',(-0.,-1.,-0.));
#21800=DIRECTION('',(0.,0.,-1.));
#21810=AXIS2_PLACEMENT_3D('',#21780,#21790,#21800);
#21820=PLANE('',#21810);
#21830=CARTESIAN_POINT('',(-0.850000000000001,0.649999999999999,
5.99999999999999));
#21840=DIRECTION('',(6.87232414000656E-16,0.,-1.));
#21850=VECTOR('',#21840,1.);
#21860=LINE('',#21830,#21850);
#21870=CARTESIAN_POINT('',(-0.850000000000001,0.65,5.99999999999999));
#21880=VERTEX_POINT('',#21870);
#21890=CARTESIAN_POINT('',(-0.850000000000011,0.65,5.83845013680856));
#21900=VERTEX_POINT('',#21890);
#21910=EDGE_CURVE('',#21880,#21900,#21860,.T.);
#21920=ORIENTED_EDGE('',*,*,#21910,.F.);
#21930=CARTESIAN_POINT('',(-0.850000000000011,0.649999999999999,
5.83845013680856));
#21940=DIRECTION('',(2.74448382463041E-16,0.,-1.));
#21950=VECTOR('',#21940,1.);
#21960=LINE('',#21930,#21950);
#21970=CARTESIAN_POINT('',(-0.850000000000011,0.649999999999999,
5.43392123608725));
#21980=VERTEX_POINT('',#21970);
#21990=EDGE_CURVE('',#21900,#21980,#21960,.T.);
#22000=ORIENTED_EDGE('',*,*,#21990,.F.);
#22010=CARTESIAN_POINT('',(0.,0.649999999999999,0.));
#22020=DIRECTION('',(0.,-1.,0.));
#22030=DIRECTION('',(0.154545454545453,0.,0.987985679288591));
#22040=AXIS2_PLACEMENT_3D('',#22010,#22020,#22030);
#22050=CIRCLE('',#22040,5.5);
#22060=EDGE_CURVE('',#21570,#21980,#22050,.T.);
#22070=ORIENTED_EDGE('',*,*,#22060,.T.);
#22080=ORIENTED_EDGE('',*,*,#21660,.F.);
#22090=ORIENTED_EDGE('',*,*,#300,.F.);
#22100=CARTESIAN_POINT('',(0.850000000000001,0.65,6.));
#22110=DIRECTION('',(-1.,0.,0.));
#22120=VECTOR('',#22110,1.);
#22130=LINE('',#22100,#22120);
#22140=EDGE_CURVE('',#210,#21880,#22130,.T.);
#22150=ORIENTED_EDGE('',*,*,#22140,.F.);
#22160=EDGE_LOOP('',(#22150,#22090,#22080,#22070,#22000,#21920));
#22170=FACE_OUTER_BOUND('',#22160,.T.);
#22180=ADVANCED_FACE('',(#22170),#21820,.F.);
#22190=COLOUR_RGB('',0.600000023841858,0.600000023841858,
0.600000023841858);
#22200=FILL_AREA_STYLE_COLOUR('',#22190);
#22210=FILL_AREA_STYLE('',(#22200));
#22220=SURFACE_STYLE_FILL_AREA(#22210);
#22230=SURFACE_SIDE_STYLE('',(#22220));
#22240=SURFACE_STYLE_USAGE(.BOTH.,#22230);
#22250=PRESENTATION_STYLE_ASSIGNMENT((#22240));
#22260=CARTESIAN_POINT('',(-1.22814175355079,-1.4,6.));
#22270=DIRECTION('',(-0.,-0.,-1.));
#22280=DIRECTION('',(-1.,0.,0.));
#22290=AXIS2_PLACEMENT_3D('',#22260,#22270,#22280);
#22300=PLANE('',#22290);
#22310=ORIENTED_EDGE('',*,*,#220,.F.);
#22320=CARTESIAN_POINT('',(-0.85,0.4,6.));
#22330=DIRECTION('',(1.,0.,0.));
#22340=VECTOR('',#22330,1.);
#22350=LINE('',#22320,#22340);
#22360=CARTESIAN_POINT('',(-0.850000000000001,0.399999999999999,6.));
#22370=VERTEX_POINT('',#22360);
#22380=EDGE_CURVE('',#22370,#130,#22350,.T.);
#22390=ORIENTED_EDGE('',*,*,#22380,.T.);
#22400=CARTESIAN_POINT('',(-0.850000000000001,0.399999999999999,
5.99999999999999));
#22410=DIRECTION('',(0.,1.,0.));
#22420=VECTOR('',#22410,1.);
#22430=LINE('',#22400,#22420);
#22440=EDGE_CURVE('',#22370,#21880,#22430,.T.);
#22450=ORIENTED_EDGE('',*,*,#22440,.F.);
#22460=ORIENTED_EDGE('',*,*,#22140,.T.);
#22470=EDGE_LOOP('',(#22460,#22450,#22390,#22310));
#22480=FACE_OUTER_BOUND('',#22470,.T.);
#22490=ADVANCED_FACE('',(#22480),#22300,.F.);
#22500=COLOUR_RGB('',0.600000023841858,0.600000023841858,
0.600000023841858);
#22510=FILL_AREA_STYLE_COLOUR('',#22500);
#22520=FILL_AREA_STYLE('',(#22510));
#22530=SURFACE_STYLE_FILL_AREA(#22520);
#22540=SURFACE_SIDE_STYLE('',(#22530));
#22550=SURFACE_STYLE_USAGE(.BOTH.,#22540);
#22560=PRESENTATION_STYLE_ASSIGNMENT((#22550));
#22570=CARTESIAN_POINT('',(0.44999999999999,0.4,6.24641016151378));
#22580=DIRECTION('',(-0.,-1.,-0.));
#22590=DIRECTION('',(0.,0.,-1.));
#22600=AXIS2_PLACEMENT_3D('',#22570,#22580,#22590);
#22610=PLANE('',#22600);
#22620=ORIENTED_EDGE('',*,*,#140,.T.);
#22630=ORIENTED_EDGE('',*,*,#940,.T.);
#22640=CARTESIAN_POINT('',(1.05,0.4,5.2));
#22650=DIRECTION('',(0.,0.,1.));
#22660=VECTOR('',#22650,1.);
#22670=LINE('',#22640,#22660);
#22680=CARTESIAN_POINT('',(1.05,0.4,5.2));
#22690=VERTEX_POINT('',#22680);
#22700=EDGE_CURVE('',#22690,#860,#22670,.T.);
#22710=ORIENTED_EDGE('',*,*,#22700,.T.);
#22720=CARTESIAN_POINT('',(-1.05,0.4,5.2));
#22730=DIRECTION('',(1.,0.,0.));
#22740=VECTOR('',#22730,1.);
#22750=LINE('',#22720,#22740);
#22760=CARTESIAN_POINT('',(-1.05,0.4,5.2));
#22770=VERTEX_POINT('',#22760);
#22780=EDGE_CURVE('',#22770,#22690,#22750,.T.);
#22790=ORIENTED_EDGE('',*,*,#22780,.T.);
#22800=CARTESIAN_POINT('',(-1.05,0.4,5.80581604944559));
#22810=DIRECTION('',(0.,0.,-1.));
#22820=VECTOR('',#22810,1.);
#22830=LINE('',#22800,#22820);
#22840=CARTESIAN_POINT('',(-1.05,0.4,5.80581604944559));
#22850=VERTEX_POINT('',#22840);
#22860=EDGE_CURVE('',#22850,#22770,#22830,.T.);
#22870=ORIENTED_EDGE('',*,*,#22860,.T.);
#22880=CARTESIAN_POINT('',(0.,0.399999999999999,0.));
#22890=DIRECTION('',(0.,-1.,0.));
#22900=DIRECTION('',(-0.14406779661017,0.,0.989567819798063));
#22910=AXIS2_PLACEMENT_3D('',#22880,#22890,#22900);
#22920=CIRCLE('',#22910,5.9);
#22930=CARTESIAN_POINT('',(-0.849999999999999,0.399999999999999,
5.83845013680857));
#22940=VERTEX_POINT('',#22930);
#22950=EDGE_CURVE('',#22940,#22850,#22920,.T.);
#22960=ORIENTED_EDGE('',*,*,#22950,.T.);
#22970=CARTESIAN_POINT('',(-0.85,0.4,6.));
#22980=DIRECTION('',(0.,0.,-1.));
#22990=VECTOR('',#22980,1.);
#23000=LINE('',#22970,#22990);
#23010=EDGE_CURVE('',#22370,#22940,#23000,.T.);
#23020=ORIENTED_EDGE('',*,*,#23010,.T.);
#23030=ORIENTED_EDGE('',*,*,#22380,.F.);
#23040=EDGE_LOOP('',(#23030,#23020,#22960,#22870,#22790,#22710,#22630,
#22620));
#23050=FACE_OUTER_BOUND('',#23040,.T.);
#23060=ADVANCED_FACE('',(#23050),#22610,.T.);
#23070=COLOUR_RGB('',0.600000023841858,0.600000023841858,
0.600000023841858);
#23080=FILL_AREA_STYLE_COLOUR('',#23070);
#23090=FILL_AREA_STYLE('',(#23080));
#23100=SURFACE_STYLE_FILL_AREA(#23090);
#23110=SURFACE_SIDE_STYLE('',(#23100));
#23120=SURFACE_STYLE_USAGE(.BOTH.,#23110);
#23130=PRESENTATION_STYLE_ASSIGNMENT((#23120));
#23140=CARTESIAN_POINT('',(1.05,2.63647852397735,5.96930890298494));
#23150=DIRECTION('',(1.,-0.,-0.));
#23160=DIRECTION('',(-0.,0.,-1.));
#23170=AXIS2_PLACEMENT_3D('',#23140,#23150,#23160);
#23180=PLANE('',#23170);
#23190=ORIENTED_EDGE('',*,*,#6080,.T.);
#23200=CARTESIAN_POINT('',(1.05,0.399999999999999,5.2));
#23210=DIRECTION('',(0.,-1.,0.));
#23220=VECTOR('',#23210,1.);
#23230=LINE('',#23200,#23220);
#23240=EDGE_CURVE('',#22690,#6010,#23230,.T.);
#23250=ORIENTED_EDGE('',*,*,#23240,.T.);
#23260=ORIENTED_EDGE('',*,*,#22700,.F.);
#23270=ORIENTED_EDGE('',*,*,#870,.F.);
#23280=EDGE_LOOP('',(#23270,#23260,#23250,#23190));
#23290=FACE_OUTER_BOUND('',#23280,.T.);
#23300=ADVANCED_FACE('',(#23290),#23180,.F.);
#23310=COLOUR_RGB('',0.600000023841858,0.600000023841858,
0.600000023841858);
#23320=FILL_AREA_STYLE_COLOUR('',#23310);
#23330=FILL_AREA_STYLE('',(#23320));
#23340=SURFACE_STYLE_FILL_AREA(#23330);
#23350=SURFACE_SIDE_STYLE('',(#23340));
#23360=SURFACE_STYLE_USAGE(.BOTH.,#23350);
#23370=PRESENTATION_STYLE_ASSIGNMENT((#23360));
#23380=CARTESIAN_POINT('',(-1.05,2.63647852397735,5.2));
#23390=DIRECTION('',(-0.,-0.,-1.));
#23400=DIRECTION('',(-1.,0.,0.));
#23410=AXIS2_PLACEMENT_3D('',#23380,#23390,#23400);
#23420=PLANE('',#23410);
#23430=ORIENTED_EDGE('',*,*,#22780,.F.);
#23440=ORIENTED_EDGE('',*,*,#23240,.F.);
#23450=ORIENTED_EDGE('',*,*,#6020,.T.);
#23460=CARTESIAN_POINT('',(-1.05,0.399999999999999,5.2));
#23470=DIRECTION('',(0.,-1.,0.));
#23480=VECTOR('',#23470,1.);
#23490=LINE('',#23460,#23480);
#23500=EDGE_CURVE('',#22770,#5930,#23490,.T.);
#23510=ORIENTED_EDGE('',*,*,#23500,.T.);
#23520=EDGE_LOOP('',(#23510,#23450,#23440,#23430));
#23530=FACE_OUTER_BOUND('',#23520,.T.);
#23540=ADVANCED_FACE('',(#23530),#23420,.F.);
#23550=COLOUR_RGB('',0.600000023841858,0.600000023841858,
0.600000023841858);
#23560=FILL_AREA_STYLE_COLOUR('',#23550);
#23570=FILL_AREA_STYLE('',(#23560));
#23580=SURFACE_STYLE_FILL_AREA(#23570);
#23590=SURFACE_SIDE_STYLE('',(#23580));
#23600=SURFACE_STYLE_USAGE(.BOTH.,#23590);
#23610=PRESENTATION_STYLE_ASSIGNMENT((#23600));
#23620=CARTESIAN_POINT('',(-1.05,2.63647852397735,5.96930890298494));
#23630=DIRECTION('',(-1.,-0.,-0.));
#23640=DIRECTION('',(0.,0.,1.));
#23650=AXIS2_PLACEMENT_3D('',#23620,#23630,#23640);
#23660=PLANE('',#23650);
#23670=ORIENTED_EDGE('',*,*,#22860,.F.);
#23680=ORIENTED_EDGE('',*,*,#23500,.F.);
#23690=ORIENTED_EDGE('',*,*,#5940,.T.);
#23700=CARTESIAN_POINT('',(-1.05,0.,5.80581604944559));
#23710=DIRECTION('',(0.,1.,0.));
#23720=VECTOR('',#23710,1.);
#23730=LINE('',#23700,#23720);
#23740=EDGE_CURVE('',#5850,#22850,#23730,.T.);
#23750=ORIENTED_EDGE('',*,*,#23740,.F.);
#23760=EDGE_LOOP('',(#23750,#23690,#23680,#23670));
#23770=FACE_OUTER_BOUND('',#23760,.T.);
#23780=ADVANCED_FACE('',(#23770),#23660,.F.);
#23790=COLOUR_RGB('',0.600000023841858,0.600000023841858,
0.600000023841858);
#23800=FILL_AREA_STYLE_COLOUR('',#23790);
#23810=FILL_AREA_STYLE('',(#23800));
#23820=SURFACE_STYLE_FILL_AREA(#23810);
#23830=SURFACE_SIDE_STYLE('',(#23820));
#23840=SURFACE_STYLE_USAGE(.BOTH.,#23830);
#23850=PRESENTATION_STYLE_ASSIGNMENT((#23840));
#23860=CARTESIAN_POINT('',(-0.,19.9068722891566,-0.));
#23870=DIRECTION('',(-0.,1.,-0.));
#23880=DIRECTION('',(0.,0.,1.));
#23890=AXIS2_PLACEMENT_3D('',#23860,#23870,#23880);
#23900=CYLINDRICAL_SURFACE('',#23890,5.9);
#23910=CARTESIAN_POINT('',(0.,0.800000000000001,0.));
#23920=DIRECTION('',(0.,1.,0.));
#23930=DIRECTION('',(-0.711864406779661,0.,0.702316927291548));
#23940=AXIS2_PLACEMENT_3D('',#23910,#23920,#23930);
#23950=CIRCLE('',#23940,5.9);
#23960=CARTESIAN_POINT('',(-0.850000000000009,0.800000000000001,
5.83845013680857));
#23970=VERTEX_POINT('',#23960);
#23980=EDGE_CURVE('',#10800,#23970,#23950,.T.);
#23990=ORIENTED_EDGE('',*,*,#23980,.F.);
#24000=CARTESIAN_POINT('',(-0.850000000000009,0.649999999999999,
5.83845013680857));
#24010=DIRECTION('',(-3.47869881049211E-14,1.,-5.92118946466742E-15));
#24020=VECTOR('',#24010,1.);
#24030=LINE('',#24000,#24020);
#24040=EDGE_CURVE('',#21900,#23970,#24030,.T.);
#24050=ORIENTED_EDGE('',*,*,#24040,.T.);
#24060=CARTESIAN_POINT('',(-0.850000000000004,0.399999999999999,
5.83845013680857));
#24070=DIRECTION('',(-2.08721928629529E-14,1.,-3.5527136788005E-15));
#24080=VECTOR('',#24070,1.);
#24090=LINE('',#24060,#24080);
#24100=EDGE_CURVE('',#22940,#21900,#24090,.T.);
#24110=ORIENTED_EDGE('',*,*,#24100,.T.);
#24120=ORIENTED_EDGE('',*,*,#22950,.F.);
#24130=ORIENTED_EDGE('',*,*,#23740,.T.);
#24140=ORIENTED_EDGE('',*,*,#5860,.F.);
#24150=CARTESIAN_POINT('',(-1.38464401439358,0.245961940777125,
5.73522109019382));
#24160=DIRECTION('',(0.,-1.,0.));
#24170=VECTOR('',#24160,1.);
#24180=LINE('',#24150,#24170);
#24190=CARTESIAN_POINT('',(-1.38464401439357,0.245961940777125,
5.73522109019383));
#24200=VERTEX_POINT('',#24190);
#24210=EDGE_CURVE('',#24200,#5760,#24180,.T.);
#24220=ORIENTED_EDGE('',*,*,#24210,.T.);
#24230=CARTESIAN_POINT('',(0.,0.245961940777125,0.));
#24240=DIRECTION('',(0.,-1.,0.));
#24250=DIRECTION('',(-0.234685426168397,0.,0.972071371219294));
#24260=AXIS2_PLACEMENT_3D('',#24230,#24240,#24250);
#24270=CIRCLE('',#24260,5.9);
#24280=CARTESIAN_POINT('',(-3.35200498876192,0.245961940777124,
4.85531281745216));
#24290=VERTEX_POINT('',#24280);
#24300=EDGE_CURVE('',#24200,#24290,#24270,.T.);
#24310=ORIENTED_EDGE('',*,*,#24300,.F.);
#24320=CARTESIAN_POINT('',(-3.35200498876192,0.,4.85531281745216));
#24330=DIRECTION('',(0.,1.,0.));
#24340=VECTOR('',#24330,1.);
#24350=LINE('',#24320,#24340);
#24360=EDGE_CURVE('',#4730,#24290,#24350,.T.);
#24370=ORIENTED_EDGE('',*,*,#24360,.T.);
#24380=ORIENTED_EDGE('',*,*,#4760,.F.);
#24390=ORIENTED_EDGE('',*,*,#10870,.T.);
#24400=EDGE_LOOP('',(#24390,#24380,#24370,#24310,#24220,#24140,#24130,
#24120,#24110,#24050,#23990));
#24410=FACE_OUTER_BOUND('',#24400,.T.);
#24420=ADVANCED_FACE('',(#24410),#23900,.T.);
#24430=COLOUR_RGB('',0.600000023841858,0.600000023841858,
0.600000023841858);
#24440=FILL_AREA_STYLE_COLOUR('',#24430);
#24450=FILL_AREA_STYLE('',(#24440));
#24460=SURFACE_STYLE_FILL_AREA(#24450);
#24470=SURFACE_SIDE_STYLE('',(#24460));
#24480=SURFACE_STYLE_USAGE(.BOTH.,#24470);
#24490=PRESENTATION_STYLE_ASSIGNMENT((#24480));
#24500=CARTESIAN_POINT('',(-5.9,0.799999999999999,-0.));
#24510=DIRECTION('',(-0.,1.,-0.));
#24520=DIRECTION('',(0.,-0.,1.));
#24530=AXIS2_PLACEMENT_3D('',#24500,#24510,#24520);
#24540=PLANE('',#24530);
#24550=CARTESIAN_POINT('',(0.,0.800000000000001,0.));
#24560=DIRECTION('',(0.,-1.,0.));
#24570=DIRECTION('',(-0.154545454545456,0.,0.987985679288591));
#24580=AXIS2_PLACEMENT_3D('',#24550,#24560,#24570);
#24590=CIRCLE('',#24580,5.5);
#24600=CARTESIAN_POINT('',(-0.850000000000011,0.799999999999999,
5.43392123608725));
#24610=VERTEX_POINT('',#24600);
#24620=EDGE_CURVE('',#24610,#10720,#24590,.T.);
#24630=ORIENTED_EDGE('',*,*,#24620,.T.);
#24640=CARTESIAN_POINT('',(-0.850000000000011,0.799999999999999,
5.43392123608725));
#24650=DIRECTION('',(-2.74448382463041E-16,0.,1.));
#24660=VECTOR('',#24650,1.);
#24670=LINE('',#24640,#24660);
#24680=EDGE_CURVE('',#24610,#23970,#24670,.T.);
#24690=ORIENTED_EDGE('',*,*,#24680,.F.);
#24700=ORIENTED_EDGE('',*,*,#23980,.T.);
#24710=ORIENTED_EDGE('',*,*,#10810,.F.);
#24720=EDGE_LOOP('',(#24710,#24700,#24690,#24630));
#24730=FACE_OUTER_BOUND('',#24720,.T.);
#24740=ADVANCED_FACE('',(#24730),#24540,.T.);
#24750=COLOUR_RGB('',0.600000023841858,0.600000023841858,
0.600000023841858);
#24760=FILL_AREA_STYLE_COLOUR('',#24750);
#24770=FILL_AREA_STYLE('',(#24760));
#24780=SURFACE_STYLE_FILL_AREA(#24770);
#24790=SURFACE_SIDE_STYLE('',(#24780));
#24800=SURFACE_STYLE_USAGE(.BOTH.,#24790);
#24810=PRESENTATION_STYLE_ASSIGNMENT((#24800));
#24820=CARTESIAN_POINT('',(-0.,19.9068722891566,-0.));
#24830=DIRECTION('',(-0.,1.,-0.));
#24840=DIRECTION('',(0.,0.,1.));
#24850=AXIS2_PLACEMENT_3D('',#24820,#24830,#24840);
#24860=CYLINDRICAL_SURFACE('',#24850,5.5);
#24870=CARTESIAN_POINT('',(-0.850000000000008,0.800000000000001,
5.43392123608725));
#24880=DIRECTION('',(0.,-1.,0.));
#24890=VECTOR('',#24880,1.);
#24900=LINE('',#24870,#24890);
#24910=EDGE_CURVE('',#24610,#21980,#24900,.T.);
#24920=ORIENTED_EDGE('',*,*,#24910,.T.);
#24930=ORIENTED_EDGE('',*,*,#24620,.F.);
#24940=ORIENTED_EDGE('',*,*,#10730,.T.);
#24950=CARTESIAN_POINT('',(0.,1.00000000000001,0.));
#24960=DIRECTION('',(0.,-1.,-0.));
#24970=DIRECTION('',(-0.763636363636364,0.,-0.645646578347807));
#24980=AXIS2_PLACEMENT_3D('',#24950,#24960,#24970);
#24990=CIRCLE('',#24980,5.5);
#25000=EDGE_CURVE('',#11650,#10640,#24990,.T.);
#25010=ORIENTED_EDGE('',*,*,#25000,.T.);
#25020=ORIENTED_EDGE('',*,*,#11660,.T.);
#25030=CARTESIAN_POINT('',(0.,0.800000000000001,0.));
#25040=DIRECTION('',(0.,-1.,-0.));
#25050=DIRECTION('',(-0.763636363636364,0.,-0.645646578347807));
#25060=AXIS2_PLACEMENT_3D('',#25030,#25040,#25050);
#25070=CIRCLE('',#25060,5.5);
#25080=CARTESIAN_POINT('',(-0.850000000000009,0.800000000000001,
-5.43392123608725));
#25090=VERTEX_POINT('',#25080);
#25100=EDGE_CURVE('',#11570,#25090,#25070,.T.);
#25110=ORIENTED_EDGE('',*,*,#25100,.F.);
#25120=CARTESIAN_POINT('',(-0.850000000000005,0.649999999999999,
-5.43392123608725));
#25130=DIRECTION('',(0.,1.,0.));
#25140=VECTOR('',#25130,1.);
#25150=LINE('',#25120,#25140);
#25160=EDGE_CURVE('',#20080,#25090,#25150,.T.);
#25170=ORIENTED_EDGE('',*,*,#25160,.T.);
#25180=ORIENTED_EDGE('',*,*,#20090,.F.);
#25190=ORIENTED_EDGE('',*,*,#21010,.T.);
#25200=ORIENTED_EDGE('',*,*,#21330,.F.);
#25210=ORIENTED_EDGE('',*,*,#21580,.T.);
#25220=ORIENTED_EDGE('',*,*,#22060,.F.);
#25230=EDGE_LOOP('',(#25220,#25210,#25200,#25190,#25180,#25170,#25110,
#25020,#25010,#24940,#24930,#24920));
#25240=FACE_OUTER_BOUND('',#25230,.T.);
#25250=ADVANCED_FACE('',(#25240),#24860,.T.);
#25260=COLOUR_RGB('',0.600000023841858,0.600000023841858,
0.600000023841858);
#25270=FILL_AREA_STYLE_COLOUR('',#25260);
#25280=FILL_AREA_STYLE('',(#25270));
#25290=SURFACE_STYLE_FILL_AREA(#25280);
#25300=SURFACE_SIDE_STYLE('',(#25290));
#25310=SURFACE_STYLE_USAGE(.BOTH.,#25300);
#25320=PRESENTATION_STYLE_ASSIGNMENT((#25310));
#25330=CARTESIAN_POINT('',(-0.850000000000011,0.65,6.16715728752542));
#25340=DIRECTION('',(1.,-0.,3.69406070154265E-16));
#25350=DIRECTION('',(3.69406070154265E-16,0.,-1.));
#25360=AXIS2_PLACEMENT_3D('',#25330,#25340,#25350);
#25370=PLANE('',#25360);
#25380=ORIENTED_EDGE('',*,*,#24680,.T.);
#25390=ORIENTED_EDGE('',*,*,#24910,.F.);
#25400=ORIENTED_EDGE('',*,*,#21990,.T.);
#25410=ORIENTED_EDGE('',*,*,#24040,.F.);
#25420=EDGE_LOOP('',(#25410,#25400,#25390,#25380));
#25430=FACE_OUTER_BOUND('',#25420,.T.);
#25440=ADVANCED_FACE('',(#25430),#25370,.T.);
#25450=COLOUR_RGB('',0.600000023841858,0.600000023841858,
0.600000023841858);
#25460=FILL_AREA_STYLE_COLOUR('',#25450);
#25470=FILL_AREA_STYLE('',(#25460));
#25480=SURFACE_STYLE_FILL_AREA(#25470);
#25490=SURFACE_SIDE_STYLE('',(#25480));
#25500=SURFACE_STYLE_USAGE(.BOTH.,#25490);
#25510=PRESENTATION_STYLE_ASSIGNMENT((#25500));
#25520=CARTESIAN_POINT('',(-0.,1.,-0.));
#25530=DIRECTION('',(-0.,1.,-0.));
#25540=DIRECTION('',(0.,-0.,1.));
#25550=AXIS2_PLACEMENT_3D('',#25520,#25530,#25540);
#25560=PLANE('',#25550);
#25570=CARTESIAN_POINT('',(-6.39094211132182E-17,0.999999999999999,
4.15438474030196E-17));
#25580=DIRECTION('',(0.,-1.,0.));
#25590=DIRECTION('',(0.965575698985585,0.,-0.260122220366693));
#25600=AXIS2_PLACEMENT_3D('',#25570,#25580,#25590);
#25610=CIRCLE('',#25600,5.995);
#25620=CARTESIAN_POINT('',(5.78862631541859,1.,-1.55943271109832));
#25630=VERTEX_POINT('',#25620);
#25640=CARTESIAN_POINT('',(-5.78862631541859,0.999999999999999,
1.55943271109832));
#25650=VERTEX_POINT('',#25640);
#25660=EDGE_CURVE('',#25630,#25650,#25610,.T.);
#25670=ORIENTED_EDGE('',*,*,#25660,.T.);
#25680=EDGE_CURVE('',#25650,#25630,#25610,.T.);
#25690=ORIENTED_EDGE('',*,*,#25680,.T.);
#25700=EDGE_LOOP('',(#25690,#25670));
#25710=FACE_OUTER_BOUND('',#25700,.T.);
#25720=ORIENTED_EDGE('',*,*,#25000,.F.);
#25730=ORIENTED_EDGE('',*,*,#10650,.T.);
#25740=ORIENTED_EDGE('',*,*,#11180,.T.);
#25750=ORIENTED_EDGE('',*,*,#11720,.T.);
#25760=EDGE_LOOP('',(#25750,#25740,#25730,#25720));
#25770=FACE_BOUND('',#25760,.T.);
#25780=CARTESIAN_POINT('',(-4.9,1.,0.));
#25790=DIRECTION('',(-0.,1.,0.));
#25800=DIRECTION('',(2.22044604925031E-15,0.,1.));
#25810=AXIS2_PLACEMENT_3D('',#25780,#25790,#25800);
#25820=CIRCLE('',#25810,0.4);
#25830=CARTESIAN_POINT('',(-4.9,1.,0.4));
#25840=VERTEX_POINT('',#25830);
#25850=CARTESIAN_POINT('',(-4.9,1.,-0.4));
#25860=VERTEX_POINT('',#25850);
#25870=EDGE_CURVE('',#25840,#25860,#25820,.T.);
#25880=ORIENTED_EDGE('',*,*,#25870,.T.);
#25890=EDGE_CURVE('',#25860,#25840,#25820,.T.);
#25900=ORIENTED_EDGE('',*,*,#25890,.T.);
#25910=EDGE_LOOP('',(#25900,#25880));
#25920=FACE_BOUND('',#25910,.T.);
#25930=ADVANCED_FACE('',(#25710,#25770,#25920),#25560,.F.);
#25940=COLOUR_RGB('',0.600000023841858,0.600000023841858,
0.600000023841858);
#25950=FILL_AREA_STYLE_COLOUR('',#25940);
#25960=FILL_AREA_STYLE('',(#25950));
#25970=SURFACE_STYLE_FILL_AREA(#25960);
#25980=SURFACE_SIDE_STYLE('',(#25970));
#25990=SURFACE_STYLE_USAGE(.BOTH.,#25980);
#26000=PRESENTATION_STYLE_ASSIGNMENT((#25990));
#26010=CARTESIAN_POINT('',(-6.39094211132182E-17,-6.5,
4.15438474030196E-17));
#26020=DIRECTION('',(-0.,1.,-0.));
#26030=DIRECTION('',(0.965575698985586,-0.,-0.260122220366692));
#26040=AXIS2_PLACEMENT_3D('',#26010,#26020,#26030);
#26050=CYLINDRICAL_SURFACE('',#26040,5.995);
#26060=CARTESIAN_POINT('',(5.78862631541859,-6.5,-1.55943271109832));
#26070=DIRECTION('',(-0.,1.,-0.));
#26080=VECTOR('',#26070,1.);
#26090=LINE('',#26060,#26080);
#26100=CARTESIAN_POINT('',(5.78862631541859,3.19999999999999,
-1.55943271109832));
#26110=VERTEX_POINT('',#26100);
#26120=EDGE_CURVE('',#25630,#26110,#26090,.T.);
#26130=ORIENTED_EDGE('',*,*,#26120,.T.);
#26140=ORIENTED_EDGE('',*,*,#25660,.F.);
#26150=CARTESIAN_POINT('',(-5.78862631541859,-6.5,1.55943271109832));
#26160=DIRECTION('',(-0.,1.,-0.));
#26170=VECTOR('',#26160,1.);
#26180=LINE('',#26150,#26170);
#26190=CARTESIAN_POINT('',(-5.78862631541859,3.2,1.55943271109832));
#26200=VERTEX_POINT('',#26190);
#26210=EDGE_CURVE('',#25650,#26200,#26180,.T.);
#26220=ORIENTED_EDGE('',*,*,#26210,.F.);
#26230=CARTESIAN_POINT('',(-6.39094211132182E-17,3.2,
4.15438474030196E-17));
#26240=DIRECTION('',(0.,1.,0.));
#26250=DIRECTION('',(-0.965575698985586,0.,0.260122220366692));
#26260=AXIS2_PLACEMENT_3D('',#26230,#26240,#26250);
#26270=CIRCLE('',#26260,5.995);
#26280=EDGE_CURVE('',#26200,#26110,#26270,.T.);
#26290=ORIENTED_EDGE('',*,*,#26280,.F.);
#26300=EDGE_LOOP('',(#26290,#26220,#26140,#26130));
#26310=FACE_OUTER_BOUND('',#26300,.T.);
#26320=ADVANCED_FACE('',(#26310),#26050,.T.);
#26330=COLOUR_RGB('',0.600000023841858,0.600000023841858,
0.600000023841858);
#26340=FILL_AREA_STYLE_COLOUR('',#26330);
#26350=FILL_AREA_STYLE('',(#26340));
#26360=SURFACE_STYLE_FILL_AREA(#26350);
#26370=SURFACE_SIDE_STYLE('',(#26360));
#26380=SURFACE_STYLE_USAGE(.BOTH.,#26370);
#26390=PRESENTATION_STYLE_ASSIGNMENT((#26380));
#26400=CARTESIAN_POINT('',(-2.3,2.34705627484771,2.35000000000001));
#26410=DIRECTION('',(-0.,-1.,-0.));
#26420=DIRECTION('',(0.,0.,-1.));
#26430=AXIS2_PLACEMENT_3D('',#26400,#26410,#26420);
#26440=CYLINDRICAL_SURFACE('',#26430,0.6);
#26450=CARTESIAN_POINT('',(-2.3,2.34705627484771,2.95000000000001));
#26460=DIRECTION('',(-0.,-1.,-0.));
#26470=VECTOR('',#26460,1.);
#26480=LINE('',#26450,#26470);
#26490=CARTESIAN_POINT('',(-2.3,0.399999999999999,2.95000000000001));
#26500=VERTEX_POINT('',#26490);
#26510=CARTESIAN_POINT('',(-2.3,0.0800000000000001,2.95000000000001));
#26520=VERTEX_POINT('',#26510);
#26530=EDGE_CURVE('',#26500,#26520,#26480,.T.);
#26540=ORIENTED_EDGE('',*,*,#26530,.F.);
#26550=CARTESIAN_POINT('',(-2.3,0.0800000000000001,2.35000000000001));
#26560=DIRECTION('',(0.,1.,0.));
#26570=DIRECTION('',(0.,0.,1.));
#26580=AXIS2_PLACEMENT_3D('',#26550,#26560,#26570);
#26590=CIRCLE('',#26580,0.6);
#26600=CARTESIAN_POINT('',(-2.3,0.080000000000001,1.75000000000001));
#26610=VERTEX_POINT('',#26600);
#26620=EDGE_CURVE('',#26520,#26610,#26590,.T.);
#26630=ORIENTED_EDGE('',*,*,#26620,.F.);
#26640=CARTESIAN_POINT('',(-2.3,2.34705627484771,1.75000000000001));
#26650=DIRECTION('',(-0.,-1.,-0.));
#26660=VECTOR('',#26650,1.);
#26670=LINE('',#26640,#26660);
#26680=CARTESIAN_POINT('',(-2.3,0.399999999999999,1.75000000000001));
#26690=VERTEX_POINT('',#26680);
#26700=EDGE_CURVE('',#26690,#26610,#26670,.T.);
#26710=ORIENTED_EDGE('',*,*,#26700,.T.);
#26720=CARTESIAN_POINT('',(-2.3,0.399999999999999,2.35000000000001));
#26730=DIRECTION('',(0.,-1.,-0.));
#26740=DIRECTION('',(0.,0.,-1.));
#26750=AXIS2_PLACEMENT_3D('',#26720,#26730,#26740);
#26760=CIRCLE('',#26750,0.6);
#26770=EDGE_CURVE('',#26690,#26500,#26760,.T.);
#26780=ORIENTED_EDGE('',*,*,#26770,.F.);
#26790=EDGE_LOOP('',(#26780,#26710,#26630,#26540));
#26800=FACE_OUTER_BOUND('',#26790,.T.);
#26810=ADVANCED_FACE('',(#26800),#26440,.F.);
#26820=COLOUR_RGB('',0.600000023841858,0.600000023841858,
0.600000023841858);
#26830=FILL_AREA_STYLE_COLOUR('',#26820);
#26840=FILL_AREA_STYLE('',(#26830));
#26850=SURFACE_STYLE_FILL_AREA(#26840);
#26860=SURFACE_SIDE_STYLE('',(#26850));
#26870=SURFACE_STYLE_USAGE(.BOTH.,#26860);
#26880=PRESENTATION_STYLE_ASSIGNMENT((#26870));
#26890=CARTESIAN_POINT('',(-6.39094211132182E-17,3.2,
4.15438474030196E-17));
#26900=DIRECTION('',(-0.,1.,-0.));
#26910=DIRECTION('',(0.965575698985585,0.,-0.260122220366692));
#26920=AXIS2_PLACEMENT_3D('',#26890,#26900,#26910);
#26930=TOROIDAL_SURFACE('',#26920,5.695,0.3);
#26940=CARTESIAN_POINT('',(5.49895360572291,3.2,-1.48139604498831));
#26950=DIRECTION('',(-0.260122220366692,-0.,-0.965575698985586));
#26960=DIRECTION('',(0.965575698985586,0.,-0.260122220366692));
#26970=AXIS2_PLACEMENT_3D('',#26940,#26950,#26960);
#26980=CIRCLE('',#26970,0.3);
#26990=CARTESIAN_POINT('',(5.49895360572291,3.5,-1.48139604498831));
#27000=VERTEX_POINT('',#26990);
#27010=EDGE_CURVE('',#27000,#26110,#26980,.T.);
#27020=ORIENTED_EDGE('',*,*,#27010,.F.);
#27030=ORIENTED_EDGE('',*,*,#26280,.T.);
#27040=CARTESIAN_POINT('',(-5.49895360572291,3.2,1.48139604498831));
#27050=DIRECTION('',(0.260122220366692,0.,0.965575698985586));
#27060=DIRECTION('',(-0.965575698985586,0.,0.260122220366692));
#27070=AXIS2_PLACEMENT_3D('',#27040,#27050,#27060);
#27080=CIRCLE('',#27070,0.3);
#27090=CARTESIAN_POINT('',(-5.49895360572291,3.5,1.48139604498831));
#27100=VERTEX_POINT('',#27090);
#27110=EDGE_CURVE('',#27100,#26200,#27080,.T.);
#27120=ORIENTED_EDGE('',*,*,#27110,.T.);
#27130=CARTESIAN_POINT('',(-6.39094211132182E-17,3.5,
4.15438474030196E-17));
#27140=DIRECTION('',(0.,-1.,0.));
#27150=DIRECTION('',(-0.965575698985586,0.,0.260122220366692));
#27160=AXIS2_PLACEMENT_3D('',#27130,#27140,#27150);
#27170=CIRCLE('',#27160,5.695);
#27180=EDGE_CURVE('',#27000,#27100,#27170,.T.);
#27190=ORIENTED_EDGE('',*,*,#27180,.T.);
#27200=EDGE_LOOP('',(#27190,#27120,#27030,#27020));
#27210=FACE_OUTER_BOUND('',#27200,.T.);
#27220=ADVANCED_FACE('',(#27210),#26930,.T.);
#27230=COLOUR_RGB('',0.600000023841858,0.600000023841858,
0.600000023841858);
#27240=FILL_AREA_STYLE_COLOUR('',#27230);
#27250=FILL_AREA_STYLE('',(#27240));
#27260=SURFACE_STYLE_FILL_AREA(#27250);
#27270=SURFACE_SIDE_STYLE('',(#27260));
#27280=SURFACE_STYLE_USAGE(.BOTH.,#27270);
#27290=PRESENTATION_STYLE_ASSIGNMENT((#27280));
#27300=CARTESIAN_POINT('',(-2.3,0.699999999999999,2.34999999999995));
#27310=DIRECTION('',(1.92592994438725E-34,-1.,-2.94648481515741E-20));
#27320=DIRECTION('',(-1.,-1.92592994438725E-34,0.));
#27330=AXIS2_PLACEMENT_3D('',#27300,#27310,#27320);
#27340=PLANE('',#27330);
#27350=CARTESIAN_POINT('',(-2.3,0.699999999999998,2.34999999999995));
#27360=DIRECTION('',(0.,-1.,-2.94648481515741E-20));
#27370=DIRECTION('',(1.,0.,0.));
#27380=AXIS2_PLACEMENT_3D('',#27350,#27360,#27370);
#27390=CIRCLE('',#27380,0.19226497308103);
#27400=CARTESIAN_POINT('',(-2.10773502691897,0.699999999999998,
2.34999999999995));
#27410=VERTEX_POINT('',#27400);
#27420=CARTESIAN_POINT('',(-2.49226497308103,0.699999999999998,
2.34999999999995));
#27430=VERTEX_POINT('',#27420);
#27440=EDGE_CURVE('',#27410,#27430,#27390,.T.);
#27450=ORIENTED_EDGE('',*,*,#27440,.T.);
#27460=EDGE_CURVE('',#27430,#27410,#27390,.T.);
#27470=ORIENTED_EDGE('',*,*,#27460,.T.);
#27480=EDGE_LOOP('',(#27470,#27450));
#27490=FACE_OUTER_BOUND('',#27480,.T.);
#27500=ADVANCED_FACE('',(#27490),#27340,.T.);
#27510=COLOUR_RGB('',0.600000023841858,0.600000023841858,
0.600000023841858);
#27520=FILL_AREA_STYLE_COLOUR('',#27510);
#27530=FILL_AREA_STYLE('',(#27520));
#27540=SURFACE_STYLE_FILL_AREA(#27530);
#27550=SURFACE_SIDE_STYLE('',(#27540));
#27560=SURFACE_STYLE_USAGE(.BOTH.,#27550);
#27570=PRESENTATION_STYLE_ASSIGNMENT((#27560));
#27580=CARTESIAN_POINT('',(-6.39094211132182E-17,0.583981771313271,
4.15438474030196E-17));
#27590=DIRECTION('',(-0.,-1.,-0.));
#27600=DIRECTION('',(-0.965575698985586,0.,0.260122220366692));
#27610=AXIS2_PLACEMENT_3D('',#27580,#27590,#27600);
#27620=CYLINDRICAL_SURFACE('',#27610,5.695);
#27630=CARTESIAN_POINT('',(-5.49895360572291,0.583981771313271,
1.48139604498831));
#27640=DIRECTION('',(-0.,-1.,-0.));
#27650=VECTOR('',#27640,1.);
#27660=LINE('',#27630,#27650);
#27670=CARTESIAN_POINT('',(-5.49895360572291,7.55,1.48139604498831));
#27680=VERTEX_POINT('',#27670);
#27690=EDGE_CURVE('',#27680,#27100,#27660,.T.);
#27700=ORIENTED_EDGE('',*,*,#27690,.T.);
#27710=CARTESIAN_POINT('',(-6.39094211132182E-17,7.55,
4.15438474030196E-17));
#27720=DIRECTION('',(0.,1.,0.));
#27730=DIRECTION('',(-0.965575698985585,0.,0.260122220366692));
#27740=AXIS2_PLACEMENT_3D('',#27710,#27720,#27730);
#27750=CIRCLE('',#27740,5.695);
#27760=CARTESIAN_POINT('',(5.49895360572291,7.55,-1.48139604498831));
#27770=VERTEX_POINT('',#27760);
#27780=EDGE_CURVE('',#27680,#27770,#27750,.T.);
#27790=ORIENTED_EDGE('',*,*,#27780,.F.);
#27800=CARTESIAN_POINT('',(5.49895360572291,0.583981771313271,
-1.48139604498831));
#27810=DIRECTION('',(-0.,-1.,-0.));
#27820=VECTOR('',#27810,1.);
#27830=LINE('',#27800,#27820);
#27840=EDGE_CURVE('',#27770,#27000,#27830,.T.);
#27850=ORIENTED_EDGE('',*,*,#27840,.F.);
#27860=ORIENTED_EDGE('',*,*,#27180,.F.);
#27870=EDGE_LOOP('',(#27860,#27850,#27790,#27700));
#27880=FACE_OUTER_BOUND('',#27870,.T.);
#27890=ADVANCED_FACE('',(#27880),#27620,.T.);
#27900=COLOUR_RGB('',0.600000023841858,0.600000023841858,
0.600000023841858);
#27910=FILL_AREA_STYLE_COLOUR('',#27900);
#27920=FILL_AREA_STYLE('',(#27910));
#27930=SURFACE_STYLE_FILL_AREA(#27920);
#27940=SURFACE_SIDE_STYLE('',(#27930));
#27950=SURFACE_STYLE_USAGE(.BOTH.,#27940);
#27960=PRESENTATION_STYLE_ASSIGNMENT((#27950));
#27970=CARTESIAN_POINT('',(-6.39094211132182E-17,7.55,
4.15438474030196E-17));
#27980=DIRECTION('',(-0.,-1.,-0.));
#27990=DIRECTION('',(-0.965575698985586,0.,0.260122220366692));
#28000=AXIS2_PLACEMENT_3D('',#27970,#27980,#27990);
#28010=TOROIDAL_SURFACE('',#28000,4.695,1.);
#28020=CARTESIAN_POINT('',(-4.53337790673733,7.55,1.22127382462162));
#28030=DIRECTION('',(-0.260122220366692,0.,-0.965575698985586));
#28040=DIRECTION('',(-0.965575698985586,0.,0.260122220366692));
#28050=AXIS2_PLACEMENT_3D('',#28020,#28030,#28040);
#28060=CIRCLE('',#28050,1.);
#28070=CARTESIAN_POINT('',(-4.53337790673732,8.55,1.22127382462162));
#28080=VERTEX_POINT('',#28070);
#28090=EDGE_CURVE('',#27680,#28080,#28060,.T.);
#28100=ORIENTED_EDGE('',*,*,#28090,.F.);
#28110=CARTESIAN_POINT('',(-6.39094211132182E-17,8.55,
4.15438474030196E-17));
#28120=DIRECTION('',(0.,1.,0.));
#28130=DIRECTION('',(-0.965575698985585,0.,0.260122220366693));
#28140=AXIS2_PLACEMENT_3D('',#28110,#28120,#28130);
#28150=CIRCLE('',#28140,4.695);
#28160=CARTESIAN_POINT('',(4.53337790673732,8.55,-1.22127382462162));
#28170=VERTEX_POINT('',#28160);
#28180=EDGE_CURVE('',#28080,#28170,#28150,.T.);
#28190=ORIENTED_EDGE('',*,*,#28180,.F.);
#28200=CARTESIAN_POINT('',(4.53337790673733,7.55,-1.22127382462162));
#28210=DIRECTION('',(0.260122220366692,0.,0.965575698985586));
#28220=DIRECTION('',(0.965575698985586,0.,-0.260122220366692));
#28230=AXIS2_PLACEMENT_3D('',#28200,#28210,#28220);
#28240=CIRCLE('',#28230,1.);
#28250=EDGE_CURVE('',#27770,#28170,#28240,.T.);
#28260=ORIENTED_EDGE('',*,*,#28250,.T.);
#28270=ORIENTED_EDGE('',*,*,#27780,.T.);
#28280=EDGE_LOOP('',(#28270,#28260,#28190,#28100));
#28290=FACE_OUTER_BOUND('',#28280,.T.);
#28300=ADVANCED_FACE('',(#28290),#28010,.T.);
#28310=COLOUR_RGB('',0.600000023841858,0.600000023841858,
0.600000023841858);
#28320=FILL_AREA_STYLE_COLOUR('',#28310);
#28330=FILL_AREA_STYLE('',(#28320));
#28340=SURFACE_STYLE_FILL_AREA(#28330);
#28350=SURFACE_SIDE_STYLE('',(#28340));
#28360=SURFACE_STYLE_USAGE(.BOTH.,#28350);
#28370=PRESENTATION_STYLE_ASSIGNMENT((#28360));
#28380=CARTESIAN_POINT('',(-2.3,0.599999999999999,2.34999999999995));
#28390=DIRECTION('',(-1.92592994438725E-34,1.,2.94648481515741E-20));
#28400=DIRECTION('',(1.,1.92592994438725E-34,5.67472333619399E-54));
#28410=AXIS2_PLACEMENT_3D('',#28380,#28390,#28400);
#28420=TOROIDAL_SURFACE('',#28410,0.19226497308103,0.0999999999999985);
#28430=CARTESIAN_POINT('',(-2.10773502691897,0.599999999999999,
2.34999999999995));
#28440=DIRECTION('',(-8.11388845462873E-69,2.94648481515741E-20,-1.));
#28450=DIRECTION('',(1.,1.92592994438725E-34,5.67472333619398E-54));
#28460=AXIS2_PLACEMENT_3D('',#28430,#28440,#28450);
#28470=CIRCLE('',#28460,0.0999999999999985);
#28480=CARTESIAN_POINT('',(-2.02113248654053,0.65,2.34999999999995));
#28490=VERTEX_POINT('',#28480);
#28500=EDGE_CURVE('',#27410,#28490,#28470,.T.);
#28510=ORIENTED_EDGE('',*,*,#28500,.T.);
#28520=ORIENTED_EDGE('',*,*,#27440,.F.);
#28530=CARTESIAN_POINT('',(-2.49226497308103,0.599999999999999,
2.34999999999995));
#28540=DIRECTION('',(9.27301537671855E-69,-2.94648481515741E-20,1.));
#28550=DIRECTION('',(-1.,-1.92592994438725E-34,-5.67472333619398E-54));
#28560=AXIS2_PLACEMENT_3D('',#28530,#28540,#28550);
#28570=CIRCLE('',#28560,0.0999999999999985);
#28580=CARTESIAN_POINT('',(-2.57886751345947,0.650000000000001,
2.34999999999995));
#28590=VERTEX_POINT('',#28580);
#28600=EDGE_CURVE('',#27430,#28590,#28570,.T.);
#28610=ORIENTED_EDGE('',*,*,#28600,.F.);
#28620=CARTESIAN_POINT('',(-2.3,0.649999999999999,2.34999999999995));
#28630=DIRECTION('',(-0.,-1.,-2.94648481515741E-20));
#28640=DIRECTION('',(-1.,0.,0.));
#28650=AXIS2_PLACEMENT_3D('',#28620,#28630,#28640);
#28660=CIRCLE('',#28650,0.278867513459472);
#28670=EDGE_CURVE('',#28490,#28590,#28660,.T.);
#28680=ORIENTED_EDGE('',*,*,#28670,.T.);
#28690=EDGE_LOOP('',(#28680,#28610,#28520,#28510));
#28700=FACE_OUTER_BOUND('',#28690,.T.);
#28710=ADVANCED_FACE('',(#28700),#28420,.F.);
#28720=COLOUR_RGB('',0.600000023841858,0.600000023841858,
0.600000023841858);
#28730=FILL_AREA_STYLE_COLOUR('',#28720);
#28740=FILL_AREA_STYLE('',(#28730));
#28750=SURFACE_STYLE_FILL_AREA(#28740);
#28760=SURFACE_SIDE_STYLE('',(#28750));
#28770=SURFACE_STYLE_USAGE(.BOTH.,#28760);
#28780=PRESENTATION_STYLE_ASSIGNMENT((#28770));
#28790=CARTESIAN_POINT('',(-4.53337790673732,8.55,1.22127382462162));
#28800=DIRECTION('',(-0.,1.,-0.));
#28810=DIRECTION('',(0.965575698985586,-0.,-0.260122220366692));
#28820=AXIS2_PLACEMENT_3D('',#28790,#28800,#28810);
#28830=PLANE('',#28820);
#28840=EDGE_CURVE('',#28170,#28080,#28150,.T.);
#28850=ORIENTED_EDGE('',*,*,#28840,.T.);
#28860=ORIENTED_EDGE('',*,*,#28180,.T.);
#28870=EDGE_LOOP('',(#28860,#28850));
#28880=FACE_OUTER_BOUND('',#28870,.T.);
#28890=CARTESIAN_POINT('',(-6.39094211132182E-17,8.55,
4.15438474030196E-17));
#28900=DIRECTION('',(0.,-1.,-0.));
#28910=DIRECTION('',(0.965575698985585,0.,-0.260122220366692));
#28920=AXIS2_PLACEMENT_3D('',#28890,#28900,#28910);
#28930=CIRCLE('',#28920,3.29860679774998);
#28940=CARTESIAN_POINT('',(3.18505456441604,8.55,-0.858040924347389));
#28950=VERTEX_POINT('',#28940);
#28960=CARTESIAN_POINT('',(-3.18505456441604,8.55,0.858040924347389));
#28970=VERTEX_POINT('',#28960);
#28980=EDGE_CURVE('',#28950,#28970,#28930,.T.);
#28990=ORIENTED_EDGE('',*,*,#28980,.T.);
#29000=EDGE_CURVE('',#28970,#28950,#28930,.T.);
#29010=ORIENTED_EDGE('',*,*,#29000,.T.);
#29020=EDGE_LOOP('',(#29010,#28990));
#29030=FACE_BOUND('',#29020,.T.);
#29040=ADVANCED_FACE('',(#28880,#29030),#28830,.T.);
#29050=COLOUR_RGB('',0.600000023841858,0.600000023841858,
0.600000023841858);
#29060=FILL_AREA_STYLE_COLOUR('',#29050);
#29070=FILL_AREA_STYLE('',(#29060));
#29080=SURFACE_STYLE_FILL_AREA(#29070);
#29090=SURFACE_SIDE_STYLE('',(#29080));
#29100=SURFACE_STYLE_USAGE(.BOTH.,#29090);
#29110=PRESENTATION_STYLE_ASSIGNMENT((#29100));
#29120=CARTESIAN_POINT('',(-6.39094211132182E-17,8.35,
4.15438474030196E-17));
#29130=DIRECTION('',(-0.,-1.,-0.));
#29140=DIRECTION('',(-0.965575698985585,0.,0.260122220366692));
#29150=AXIS2_PLACEMENT_3D('',#29120,#29130,#29140);
#29160=TOROIDAL_SURFACE('',#29150,3.075,0.3);
#29170=CARTESIAN_POINT('',(-2.96914527438068,8.35,0.799875827627579));
#29180=DIRECTION('',(-0.260122220366692,0.,-0.965575698985586));
#29190=DIRECTION('',(-0.965575698985586,0.,0.260122220366692));
#29200=AXIS2_PLACEMENT_3D('',#29170,#29180,#29190);
#29210=CIRCLE('',#29200,0.3);
#29220=CARTESIAN_POINT('',(-3.04331255112576,8.64,0.819856194496535));
#29230=VERTEX_POINT('',#29220);
#29240=EDGE_CURVE('',#28970,#29230,#29210,.T.);
#29250=ORIENTED_EDGE('',*,*,#29240,.T.);
#29260=ORIENTED_EDGE('',*,*,#29000,.F.);
#29270=CARTESIAN_POINT('',(2.96914527438068,8.35,-0.799875827627579));
#29280=DIRECTION('',(0.260122220366692,0.,0.965575698985586));
#29290=DIRECTION('',(0.965575698985586,0.,-0.260122220366692));
#29300=AXIS2_PLACEMENT_3D('',#29270,#29280,#29290);
#29310=CIRCLE('',#29300,0.3);
#29320=CARTESIAN_POINT('',(3.04331255112576,8.64,-0.819856194496535));
#29330=VERTEX_POINT('',#29320);
#29340=EDGE_CURVE('',#28950,#29330,#29310,.T.);
#29350=ORIENTED_EDGE('',*,*,#29340,.F.);
#29360=CARTESIAN_POINT('',(-6.39094211132182E-17,8.64,
4.15438474030196E-17));
#29370=DIRECTION('',(0.,1.,0.));
#29380=DIRECTION('',(-0.965575698985585,0.,0.260122220366693));
#29390=AXIS2_PLACEMENT_3D('',#29360,#29370,#29380);
#29400=CIRCLE('',#29390,3.15181145747868);
#29410=EDGE_CURVE('',#29330,#29230,#29400,.T.);
#29420=ORIENTED_EDGE('',*,*,#29410,.F.);
#29430=EDGE_LOOP('',(#29420,#29350,#29260,#29250));
#29440=FACE_OUTER_BOUND('',#29430,.T.);
#29450=ADVANCED_FACE('',(#29440),#29160,.T.);
#29460=COLOUR_RGB('',0.600000023841858,0.600000023841858,
0.600000023841858);
#29470=FILL_AREA_STYLE_COLOUR('',#29460);
#29480=FILL_AREA_STYLE('',(#29470));
#29490=SURFACE_STYLE_FILL_AREA(#29480);
#29500=SURFACE_SIDE_STYLE('',(#29490));
#29510=SURFACE_STYLE_USAGE(.BOTH.,#29500);
#29520=PRESENTATION_STYLE_ASSIGNMENT((#29510));
#29530=CARTESIAN_POINT('',(2.94,8.64,4.17796473000451E-19));
#29540=DIRECTION('',(-0.,-1.,-0.));
#29550=DIRECTION('',(0.,0.,-1.));
#29560=AXIS2_PLACEMENT_3D('',#29530,#29540,#29550);
#29570=PLANE('',#29560);
#29580=CARTESIAN_POINT('',(-1.49256761495198E-18,8.64,
4.17796473000451E-19));
#29590=DIRECTION('',(0.,-1.,0.));
#29600=DIRECTION('',(4.45542571627457E-19,0.,1.));
#29610=AXIS2_PLACEMENT_3D('',#29580,#29590,#29600);
#29620=CIRCLE('',#29610,3.35);
#29630=CARTESIAN_POINT('',(-1.49256761495198E-18,8.64,3.35));
#29640=VERTEX_POINT('',#29630);
#29650=CARTESIAN_POINT('',(4.08764110099411E-16,8.64,-3.35));
#29660=VERTEX_POINT('',#29650);
#29670=EDGE_CURVE('',#29640,#29660,#29620,.T.);
#29680=ORIENTED_EDGE('',*,*,#29670,.T.);
#29690=EDGE_CURVE('',#29660,#29640,#29620,.T.);
#29700=ORIENTED_EDGE('',*,*,#29690,.T.);
#29710=EDGE_LOOP('',(#29700,#29680));
#29720=FACE_OUTER_BOUND('',#29710,.T.);
#29730=EDGE_CURVE('',#29230,#29330,#29400,.T.);
#29740=ORIENTED_EDGE('',*,*,#29730,.T.);
#29750=ORIENTED_EDGE('',*,*,#29410,.T.);
#29760=EDGE_LOOP('',(#29750,#29740));
#29770=FACE_BOUND('',#29760,.T.);
#29780=ADVANCED_FACE('',(#29720,#29770),#29570,.T.);
#29790=COLOUR_RGB('',0.600000023841858,0.600000023841858,
0.600000023841858);
#29800=FILL_AREA_STYLE_COLOUR('',#29790);
#29810=FILL_AREA_STYLE('',(#29800));
#29820=SURFACE_STYLE_FILL_AREA(#29810);
#29830=SURFACE_SIDE_STYLE('',(#29820));
#29840=SURFACE_STYLE_USAGE(.BOTH.,#29830);
#29850=PRESENTATION_STYLE_ASSIGNMENT((#29840));
#29860=CARTESIAN_POINT('',(-1.49256761495198E-18,10.3035546458898,
4.17796473000451E-19));
#29870=DIRECTION('',(-0.,1.,-0.));
#29880=DIRECTION('',(0.,0.,1.));
#29890=AXIS2_PLACEMENT_3D('',#29860,#29870,#29880);
#29900=CYLINDRICAL_SURFACE('',#29890,3.35);
#29910=CARTESIAN_POINT('',(-1.49256761495198E-18,10.3035546458898,3.35))
;
#29920=DIRECTION('',(-0.,1.,-0.));
#29930=VECTOR('',#29920,1.);
#29940=LINE('',#29910,#29930);
#29950=CARTESIAN_POINT('',(-1.49256761495198E-18,8.99,3.35));
#29960=VERTEX_POINT('',#29950);
#29970=EDGE_CURVE('',#29640,#29960,#29940,.T.);
#29980=ORIENTED_EDGE('',*,*,#29970,.T.);
#29990=ORIENTED_EDGE('',*,*,#29670,.F.);
#30000=CARTESIAN_POINT('',(4.08764110099411E-16,10.3035546458898,-3.35))
;
#30010=DIRECTION('',(-0.,1.,-0.));
#30020=VECTOR('',#30010,1.);
#30030=LINE('',#30000,#30020);
#30040=CARTESIAN_POINT('',(-1.49256761495198E-18,8.99,-3.35));
#30050=VERTEX_POINT('',#30040);
#30060=EDGE_CURVE('',#29660,#30050,#30030,.T.);
#30070=ORIENTED_EDGE('',*,*,#30060,.F.);
#30080=CARTESIAN_POINT('',(-1.49256761495198E-18,8.99,
4.17796473000451E-19));
#30090=DIRECTION('',(0.,1.,0.));
#30100=DIRECTION('',(1.22464679914735E-16,0.,-1.));
#30110=AXIS2_PLACEMENT_3D('',#30080,#30090,#30100);
#30120=CIRCLE('',#30110,3.35);
#30130=EDGE_CURVE('',#30050,#29960,#30120,.T.);
#30140=ORIENTED_EDGE('',*,*,#30130,.F.);
#30150=EDGE_LOOP('',(#30140,#30070,#29990,#29980));
#30160=FACE_OUTER_BOUND('',#30150,.T.);
#30170=ADVANCED_FACE('',(#30160),#29900,.T.);
#30180=COLOUR_RGB('',0.600000023841858,0.600000023841858,
0.600000023841858);
#30190=FILL_AREA_STYLE_COLOUR('',#30180);
#30200=FILL_AREA_STYLE('',(#30190));
#30210=SURFACE_STYLE_FILL_AREA(#30200);
#30220=SURFACE_SIDE_STYLE('',(#30210));
#30230=SURFACE_STYLE_USAGE(.BOTH.,#30220);
#30240=PRESENTATION_STYLE_ASSIGNMENT((#30230));
#30250=CARTESIAN_POINT('',(-1.49256761495198E-18,8.99,
4.17796473000451E-19));
#30260=DIRECTION('',(-0.,-1.,-0.));
#30270=DIRECTION('',(0.,0.,-1.));
#30280=AXIS2_PLACEMENT_3D('',#30250,#30260,#30270);
#30290=TOROIDAL_SURFACE('',#30280,3.25,0.1);
#30300=CARTESIAN_POINT('',(-1.49256761495198E-18,8.99,3.25));
#30310=DIRECTION('',(-1.,0.,0.));
#30320=DIRECTION('',(0.,0.,1.));
#30330=AXIS2_PLACEMENT_3D('',#30300,#30310,#30320);
#30340=CIRCLE('',#30330,0.1);
#30350=CARTESIAN_POINT('',(-1.49256761495198E-18,9.09,3.25));
#30360=VERTEX_POINT('',#30350);
#30370=EDGE_CURVE('',#29960,#30360,#30340,.T.);
#30380=ORIENTED_EDGE('',*,*,#30370,.T.);
#30390=ORIENTED_EDGE('',*,*,#30130,.T.);
#30400=CARTESIAN_POINT('',(-1.49256761495198E-18,8.99,-3.25));
#30410=DIRECTION('',(1.,0.,0.));
#30420=DIRECTION('',(0.,0.,-1.));
#30430=AXIS2_PLACEMENT_3D('',#30400,#30410,#30420);
#30440=CIRCLE('',#30430,0.1);
#30450=CARTESIAN_POINT('',(-1.49256761495198E-18,9.09,-3.25));
#30460=VERTEX_POINT('',#30450);
#30470=EDGE_CURVE('',#30050,#30460,#30440,.T.);
#30480=ORIENTED_EDGE('',*,*,#30470,.F.);
#30490=CARTESIAN_POINT('',(-1.49256761495198E-18,9.09,
4.17796473000451E-19));
#30500=DIRECTION('',(0.,1.,0.));
#30510=DIRECTION('',(2.45445854865049E-16,0.,-1.));
#30520=AXIS2_PLACEMENT_3D('',#30490,#30500,#30510);
#30530=CIRCLE('',#30520,3.25);
#30540=EDGE_CURVE('',#30460,#30360,#30530,.T.);
#30550=ORIENTED_EDGE('',*,*,#30540,.F.);
#30560=EDGE_LOOP('',(#30550,#30480,#30390,#30380));
#30570=FACE_OUTER_BOUND('',#30560,.T.);
#30580=ADVANCED_FACE('',(#30570),#30290,.T.);
#30590=COLOUR_RGB('',0.600000023841858,0.600000023841858,
0.600000023841858);
#30600=FILL_AREA_STYLE_COLOUR('',#30590);
#30610=FILL_AREA_STYLE('',(#30600));
#30620=SURFACE_STYLE_FILL_AREA(#30610);
#30630=SURFACE_SIDE_STYLE('',(#30620));
#30640=SURFACE_STYLE_USAGE(.BOTH.,#30630);
#30650=PRESENTATION_STYLE_ASSIGNMENT((#30640));
#30660=CARTESIAN_POINT('',(2.3,2.34705627484771,-1.75000000000001));
#30670=DIRECTION('',(-0.,-1.,-0.));
#30680=DIRECTION('',(0.,0.,-1.));
#30690=AXIS2_PLACEMENT_3D('',#30660,#30670,#30680);
#30700=CYLINDRICAL_SURFACE('',#30690,0.5);
#30710=CARTESIAN_POINT('',(2.3,2.34705627484771,-1.25000000000001));
#30720=DIRECTION('',(-0.,-1.,-0.));
#30730=VECTOR('',#30720,1.);
#30740=LINE('',#30710,#30730);
#30750=CARTESIAN_POINT('',(2.3,0.399999999999999,-1.25000000000001));
#30760=VERTEX_POINT('',#30750);
#30770=CARTESIAN_POINT('',(2.3,0.080000000000001,-1.25000000000001));
#30780=VERTEX_POINT('',#30770);
#30790=EDGE_CURVE('',#30760,#30780,#30740,.T.);
#30800=ORIENTED_EDGE('',*,*,#30790,.F.);
#30810=CARTESIAN_POINT('',(2.3,0.0800000000000001,-1.75000000000001));
#30820=DIRECTION('',(0.,1.,0.));
#30830=DIRECTION('',(0.,0.,-1.));
#30840=AXIS2_PLACEMENT_3D('',#30810,#30820,#30830);
#30850=CIRCLE('',#30840,0.5);
#30860=CARTESIAN_POINT('',(2.3,0.0800000000000001,-2.25000000000001));
#30870=VERTEX_POINT('',#30860);
#30880=EDGE_CURVE('',#30780,#30870,#30850,.T.);
#30890=ORIENTED_EDGE('',*,*,#30880,.F.);
#30900=CARTESIAN_POINT('',(2.3,2.34705627484771,-2.25000000000001));
#30910=DIRECTION('',(-0.,-1.,-0.));
#30920=VECTOR('',#30910,1.);
#30930=LINE('',#30900,#30920);
#30940=CARTESIAN_POINT('',(2.3,0.399999999999999,-2.25000000000001));
#30950=VERTEX_POINT('',#30940);
#30960=EDGE_CURVE('',#30950,#30870,#30930,.T.);
#30970=ORIENTED_EDGE('',*,*,#30960,.T.);
#30980=CARTESIAN_POINT('',(2.3,0.399999999999999,-1.75000000000001));
#30990=DIRECTION('',(0.,-1.,0.));
#31000=DIRECTION('',(0.,0.,1.));
#31010=AXIS2_PLACEMENT_3D('',#30980,#30990,#31000);
#31020=CIRCLE('',#31010,0.5);
#31030=EDGE_CURVE('',#30950,#30760,#31020,.T.);
#31040=ORIENTED_EDGE('',*,*,#31030,.F.);
#31050=EDGE_LOOP('',(#31040,#30970,#30890,#30800));
#31060=FACE_OUTER_BOUND('',#31050,.T.);
#31070=ADVANCED_FACE('',(#31060),#30700,.F.);
#31080=COLOUR_RGB('',0.600000023841858,0.600000023841858,
0.600000023841858);
#31090=FILL_AREA_STYLE_COLOUR('',#31080);
#31100=FILL_AREA_STYLE('',(#31090));
#31110=SURFACE_STYLE_FILL_AREA(#31100);
#31120=SURFACE_SIDE_STYLE('',(#31110));
#31130=SURFACE_STYLE_USAGE(.BOTH.,#31120);
#31140=PRESENTATION_STYLE_ASSIGNMENT((#31130));
#31150=CARTESIAN_POINT('',(-1.49256761495198E-18,9.09,
4.17796473000451E-19));
#31160=DIRECTION('',(-0.,-1.,-0.));
#31170=DIRECTION('',(0.,0.,-1.));
#31180=AXIS2_PLACEMENT_3D('',#31150,#31160,#31170);
#31190=PLANE('',#31180);
#31200=EDGE_CURVE('',#30360,#30460,#30530,.T.);
#31210=ORIENTED_EDGE('',*,*,#31200,.T.);
#31220=ORIENTED_EDGE('',*,*,#30540,.T.);
#31230=EDGE_LOOP('',(#31220,#31210));
#31240=FACE_OUTER_BOUND('',#31230,.T.);
#31250=ADVANCED_FACE('',(#31240),#31190,.F.);
#31260=COLOUR_RGB('',0.600000023841858,0.600000023841858,
0.600000023841858);
#31270=FILL_AREA_STYLE_COLOUR('',#31260);
#31280=FILL_AREA_STYLE('',(#31270));
#31290=SURFACE_STYLE_FILL_AREA(#31280);
#31300=SURFACE_SIDE_STYLE('',(#31290));
#31310=SURFACE_STYLE_USAGE(.BOTH.,#31300);
#31320=PRESENTATION_STYLE_ASSIGNMENT((#31310));
#31330=CARTESIAN_POINT('',(-2.3,2.34705627484771,-1.75000000000001));
#31340=DIRECTION('',(-0.,-1.,-0.));
#31350=DIRECTION('',(0.,0.,-1.));
#31360=AXIS2_PLACEMENT_3D('',#31330,#31340,#31350);
#31370=CYLINDRICAL_SURFACE('',#31360,0.5);
#31380=CARTESIAN_POINT('',(-2.3,2.34705627484771,-2.25000000000001));
#31390=DIRECTION('',(-0.,-1.,-0.));
#31400=VECTOR('',#31390,1.);
#31410=LINE('',#31380,#31400);
#31420=CARTESIAN_POINT('',(-2.3,0.399999999999999,-2.25000000000001));
#31430=VERTEX_POINT('',#31420);
#31440=CARTESIAN_POINT('',(-2.3,0.0800000000000001,-2.25000000000001));
#31450=VERTEX_POINT('',#31440);
#31460=EDGE_CURVE('',#31430,#31450,#31410,.T.);
#31470=ORIENTED_EDGE('',*,*,#31460,.T.);
#31480=CARTESIAN_POINT('',(-2.3,0.399999999999999,-1.75000000000001));
#31490=DIRECTION('',(0.,-1.,0.));
#31500=DIRECTION('',(0.,0.,1.));
#31510=AXIS2_PLACEMENT_3D('',#31480,#31490,#31500);
#31520=CIRCLE('',#31510,0.5);
#31530=CARTESIAN_POINT('',(-2.3,0.399999999999999,-1.25000000000001));
#31540=VERTEX_POINT('',#31530);
#31550=EDGE_CURVE('',#31430,#31540,#31520,.T.);
#31560=ORIENTED_EDGE('',*,*,#31550,.F.);
#31570=CARTESIAN_POINT('',(-2.3,2.34705627484771,-1.25000000000001));
#31580=DIRECTION('',(-0.,-1.,-0.));
#31590=VECTOR('',#31580,1.);
#31600=LINE('',#31570,#31590);
#31610=CARTESIAN_POINT('',(-2.3,0.0800000000000001,-1.25000000000001));
#31620=VERTEX_POINT('',#31610);
#31630=EDGE_CURVE('',#31540,#31620,#31600,.T.);
#31640=ORIENTED_EDGE('',*,*,#31630,.F.);
#31650=CARTESIAN_POINT('',(-2.3,0.0800000000000001,-1.75000000000001));
#31660=DIRECTION('',(0.,1.,0.));
#31670=DIRECTION('',(8.88178419700126E-16,0.,-1.));
#31680=AXIS2_PLACEMENT_3D('',#31650,#31660,#31670);
#31690=CIRCLE('',#31680,0.5);
#31700=EDGE_CURVE('',#31620,#31450,#31690,.T.);
#31710=ORIENTED_EDGE('',*,*,#31700,.F.);
#31720=EDGE_LOOP('',(#31710,#31640,#31560,#31470));
#31730=FACE_OUTER_BOUND('',#31720,.T.);
#31740=ADVANCED_FACE('',(#31730),#31370,.F.);
#31750=COLOUR_RGB('',0.600000023841858,0.600000023841858,
0.600000023841858);
#31760=FILL_AREA_STYLE_COLOUR('',#31750);
#31770=FILL_AREA_STYLE('',(#31760));
#31780=SURFACE_STYLE_FILL_AREA(#31770);
#31790=SURFACE_SIDE_STYLE('',(#31780));
#31800=SURFACE_STYLE_USAGE(.BOTH.,#31790);
#31810=PRESENTATION_STYLE_ASSIGNMENT((#31800));
#31820=CARTESIAN_POINT('',(2.16840434497101E-16,0.399999999999999,-318.5
));
#31830=DIRECTION('',(-1.92592994438725E-34,1.,2.94648481515741E-20));
#31840=DIRECTION('',(1.,1.92592994438725E-34,-0.));
#31850=AXIS2_PLACEMENT_3D('',#31820,#31830,#31840);
#31860=PLANE('',#31850);
#31870=ORIENTED_EDGE('',*,*,#31550,.T.);
#31880=EDGE_CURVE('',#31540,#31430,#31520,.T.);
#31890=ORIENTED_EDGE('',*,*,#31880,.T.);
#31900=EDGE_LOOP('',(#31890,#31870));
#31910=FACE_OUTER_BOUND('',#31900,.T.);
#31920=ADVANCED_FACE('',(#31910),#31860,.F.);
#31930=COLOUR_RGB('',0.600000023841858,0.600000023841858,
0.600000023841858);
#31940=FILL_AREA_STYLE_COLOUR('',#31930);
#31950=FILL_AREA_STYLE('',(#31940));
#31960=SURFACE_STYLE_FILL_AREA(#31950);
#31970=SURFACE_SIDE_STYLE('',(#31960));
#31980=SURFACE_STYLE_USAGE(.BOTH.,#31970);
#31990=PRESENTATION_STYLE_ASSIGNMENT((#31980));
#32000=CARTESIAN_POINT('',(2.3,0.699999999999999,0.849999999999951));
#32010=DIRECTION('',(1.92592994438725E-34,-1.,-2.94648481515741E-20));
#32020=DIRECTION('',(-1.,-1.92592994438725E-34,0.));
#32030=AXIS2_PLACEMENT_3D('',#32000,#32010,#32020);
#32040=PLANE('',#32030);
#32050=CARTESIAN_POINT('',(2.3,0.699999999999997,0.849999999999951));
#32060=DIRECTION('',(-3.40286140639565E-35,-1.,-2.94648481515741E-20));
#32070=DIRECTION('',(-1.,0.,1.15488849251506E-15));
#32080=AXIS2_PLACEMENT_3D('',#32050,#32060,#32070);
#32090=CIRCLE('',#32080,0.192264973081058);
#32100=CARTESIAN_POINT('',(2.10773502691894,0.699999999999997,
0.849999999999951));
#32110=VERTEX_POINT('',#32100);
#32120=CARTESIAN_POINT('',(2.49226497308106,0.699999999999997,
0.849999999999951));
#32130=VERTEX_POINT('',#32120);
#32140=EDGE_CURVE('',#32110,#32130,#32090,.T.);
#32150=ORIENTED_EDGE('',*,*,#32140,.T.);
#32160=EDGE_CURVE('',#32130,#32110,#32090,.T.);
#32170=ORIENTED_EDGE('',*,*,#32160,.T.);
#32180=EDGE_LOOP('',(#32170,#32150));
#32190=FACE_OUTER_BOUND('',#32180,.T.);
#32200=ADVANCED_FACE('',(#32190),#32040,.T.);
#32210=COLOUR_RGB('',0.600000023841858,0.600000023841858,
0.600000023841858);
#32220=FILL_AREA_STYLE_COLOUR('',#32210);
#32230=FILL_AREA_STYLE('',(#32220));
#32240=SURFACE_STYLE_FILL_AREA(#32230);
#32250=SURFACE_SIDE_STYLE('',(#32240));
#32260=SURFACE_STYLE_USAGE(.BOTH.,#32250);
#32270=PRESENTATION_STYLE_ASSIGNMENT((#32260));
#32280=CARTESIAN_POINT('',(-4.9,1.15,-0.));
#32290=DIRECTION('',(-0.,-1.,-0.));
#32300=DIRECTION('',(0.,0.,-1.));
#32310=AXIS2_PLACEMENT_3D('',#32280,#32290,#32300);
#32320=CYLINDRICAL_SURFACE('',#32310,0.4);
#32330=CARTESIAN_POINT('',(-4.9,1.15,0.4));
#32340=DIRECTION('',(-0.,-1.,-0.));
#32350=VECTOR('',#32340,1.);
#32360=LINE('',#32330,#32350);
#32370=CARTESIAN_POINT('',(-4.9,1.15,0.4));
#32380=VERTEX_POINT('',#32370);
#32390=EDGE_CURVE('',#32380,#25840,#32360,.T.);
#32400=ORIENTED_EDGE('',*,*,#32390,.T.);
#32410=CARTESIAN_POINT('',(-4.9,1.15,0.));
#32420=DIRECTION('',(0.,-1.,-0.));
#32430=DIRECTION('',(0.,0.,-1.));
#32440=AXIS2_PLACEMENT_3D('',#32410,#32420,#32430);
#32450=CIRCLE('',#32440,0.4);
#32460=CARTESIAN_POINT('',(-4.9,1.15,-0.4));
#32470=VERTEX_POINT('',#32460);
#32480=EDGE_CURVE('',#32380,#32470,#32450,.T.);
#32490=ORIENTED_EDGE('',*,*,#32480,.F.);
#32500=CARTESIAN_POINT('',(-4.9,1.15,-0.4));
#32510=DIRECTION('',(-0.,-1.,-0.));
#32520=VECTOR('',#32510,1.);
#32530=LINE('',#32500,#32520);
#32540=EDGE_CURVE('',#32470,#25860,#32530,.T.);
#32550=ORIENTED_EDGE('',*,*,#32540,.F.);
#32560=ORIENTED_EDGE('',*,*,#25890,.F.);
#32570=EDGE_LOOP('',(#32560,#32550,#32490,#32400));
#32580=FACE_OUTER_BOUND('',#32570,.T.);
#32590=ADVANCED_FACE('',(#32580),#32320,.F.);
#32600=COLOUR_RGB('',0.600000023841858,0.600000023841858,
0.600000023841858);
#32610=FILL_AREA_STYLE_COLOUR('',#32600);
#32620=FILL_AREA_STYLE('',(#32610));
#32630=SURFACE_STYLE_FILL_AREA(#32620);
#32640=SURFACE_SIDE_STYLE('',(#32630));
#32650=SURFACE_STYLE_USAGE(.BOTH.,#32640);
#32660=PRESENTATION_STYLE_ASSIGNMENT((#32650));
#32670=CARTESIAN_POINT('',(2.16840434497101E-16,0.399999999999999,-318.5
));
#32680=DIRECTION('',(-1.92592994438725E-34,1.,2.94648481515741E-20));
#32690=DIRECTION('',(1.,1.92592994438725E-34,-0.));
#32700=AXIS2_PLACEMENT_3D('',#32670,#32680,#32690);
#32710=PLANE('',#32700);
#32720=EDGE_CURVE('',#30760,#30950,#31020,.T.);
#32730=ORIENTED_EDGE('',*,*,#32720,.T.);
#32740=ORIENTED_EDGE('',*,*,#31030,.T.);
#32750=EDGE_LOOP('',(#32740,#32730));
#32760=FACE_OUTER_BOUND('',#32750,.T.);
#32770=ADVANCED_FACE('',(#32760),#32710,.F.);
#32780=COLOUR_RGB('',0.600000023841858,0.600000023841858,
0.600000023841858);
#32790=FILL_AREA_STYLE_COLOUR('',#32780);
#32800=FILL_AREA_STYLE('',(#32790));
#32810=SURFACE_STYLE_FILL_AREA(#32800);
#32820=SURFACE_SIDE_STYLE('',(#32810));
#32830=SURFACE_STYLE_USAGE(.BOTH.,#32820);
#32840=PRESENTATION_STYLE_ASSIGNMENT((#32830));
#32850=CARTESIAN_POINT('',(-4.9,1.15,-0.));
#32860=DIRECTION('',(-0.,-1.,-0.));
#32870=DIRECTION('',(0.,0.,-1.));
#32880=AXIS2_PLACEMENT_3D('',#32850,#32860,#32870);
#32890=PLANE('',#32880);
#32900=EDGE_CURVE('',#32470,#32380,#32450,.T.);
#32910=ORIENTED_EDGE('',*,*,#32900,.T.);
#32920=ORIENTED_EDGE('',*,*,#32480,.T.);
#32930=EDGE_LOOP('',(#32920,#32910));
#32940=FACE_OUTER_BOUND('',#32930,.T.);
#32950=ADVANCED_FACE('',(#32940),#32890,.T.);
#32960=COLOUR_RGB('',0.600000023841858,0.600000023841858,
0.600000023841858);
#32970=FILL_AREA_STYLE_COLOUR('',#32960);
#32980=FILL_AREA_STYLE('',(#32970));
#32990=SURFACE_STYLE_FILL_AREA(#32980);
#33000=SURFACE_SIDE_STYLE('',(#32990));
#33010=SURFACE_STYLE_USAGE(.BOTH.,#33000);
#33020=PRESENTATION_STYLE_ASSIGNMENT((#33010));
#33030=CARTESIAN_POINT('',(-5.9,0.799999999999999,-0.));
#33040=DIRECTION('',(-0.,1.,-0.));
#33050=DIRECTION('',(0.,-0.,1.));
#33060=AXIS2_PLACEMENT_3D('',#33030,#33040,#33050);
#33070=PLANE('',#33060);
#33080=ORIENTED_EDGE('',*,*,#12530,.T.);
#33090=CARTESIAN_POINT('',(-0.850000000000009,0.799999999999999,
-5.83845013680857));
#33100=DIRECTION('',(2.74448382463034E-16,0.,1.));
#33110=VECTOR('',#33100,1.);
#33120=LINE('',#33090,#33110);
#33130=EDGE_CURVE('',#12450,#25090,#33120,.T.);
#33140=ORIENTED_EDGE('',*,*,#33130,.F.);
#33150=ORIENTED_EDGE('',*,*,#25100,.T.);
#33160=ORIENTED_EDGE('',*,*,#11580,.F.);
#33170=EDGE_LOOP('',(#33160,#33150,#33140,#33080));
#33180=FACE_OUTER_BOUND('',#33170,.T.);
#33190=ADVANCED_FACE('',(#33180),#33070,.T.);
#33200=COLOUR_RGB('',0.600000023841858,0.600000023841858,
0.600000023841858);
#33210=FILL_AREA_STYLE_COLOUR('',#33200);
#33220=FILL_AREA_STYLE('',(#33210));
#33230=SURFACE_STYLE_FILL_AREA(#33220);
#33240=SURFACE_SIDE_STYLE('',(#33230));
#33250=SURFACE_STYLE_USAGE(.BOTH.,#33240);
#33260=PRESENTATION_STYLE_ASSIGNMENT((#33250));
#33270=CARTESIAN_POINT('',(-0.850000000000009,0.65,-6.16715728752537));
#33280=DIRECTION('',(1.,-0.,-1.24476710324799E-16));
#33290=DIRECTION('',(-1.24476710324799E-16,0.,-1.));
#33300=AXIS2_PLACEMENT_3D('',#33270,#33280,#33290);
#33310=PLANE('',#33300);
#33320=ORIENTED_EDGE('',*,*,#25160,.F.);
#33330=ORIENTED_EDGE('',*,*,#33130,.T.);
#33340=ORIENTED_EDGE('',*,*,#12460,.F.);
#33350=ORIENTED_EDGE('',*,*,#20150,.T.);
#33360=EDGE_LOOP('',(#33350,#33340,#33330,#33320));
#33370=FACE_OUTER_BOUND('',#33360,.T.);
#33380=ADVANCED_FACE('',(#33370),#33310,.T.);
#33390=COLOUR_RGB('',0.600000023841858,0.600000023841858,
0.600000023841858);
#33400=FILL_AREA_STYLE_COLOUR('',#33390);
#33410=FILL_AREA_STYLE('',(#33400));
#33420=SURFACE_STYLE_FILL_AREA(#33410);
#33430=SURFACE_SIDE_STYLE('',(#33420));
#33440=SURFACE_STYLE_USAGE(.BOTH.,#33430);
#33450=PRESENTATION_STYLE_ASSIGNMENT((#33440));
#33460=CARTESIAN_POINT('',(-0.850000000000001,0.649999999999999,
6.16715728752536));
#33470=DIRECTION('',(1.,1.85316903872978E-34,2.4694139023953E-16));
#33480=DIRECTION('',(2.4694139023953E-16,2.94648481515741E-20,-1.));
#33490=AXIS2_PLACEMENT_3D('',#33460,#33470,#33480);
#33500=PLANE('',#33490);
#33510=ORIENTED_EDGE('',*,*,#24100,.F.);
#33520=ORIENTED_EDGE('',*,*,#21910,.T.);
#33530=ORIENTED_EDGE('',*,*,#22440,.T.);
#33540=ORIENTED_EDGE('',*,*,#23010,.F.);
#33550=EDGE_LOOP('',(#33540,#33530,#33520,#33510));
#33560=FACE_OUTER_BOUND('',#33550,.T.);
#33570=ADVANCED_FACE('',(#33560),#33500,.F.);
#33580=COLOUR_RGB('',0.600000023841858,0.600000023841858,
0.600000023841858);
#33590=FILL_AREA_STYLE_COLOUR('',#33580);
#33600=FILL_AREA_STYLE('',(#33590));
#33610=SURFACE_STYLE_FILL_AREA(#33600);
#33620=SURFACE_SIDE_STYLE('',(#33610));
#33630=SURFACE_STYLE_USAGE(.BOTH.,#33620);
#33640=PRESENTATION_STYLE_ASSIGNMENT((#33630));
#33650=CARTESIAN_POINT('',(-1.53200498876192,0.245961940777124,
5.59999999999998));
#33660=DIRECTION('',(-1.92592994438725E-34,1.,2.94648481515741E-20));
#33670=DIRECTION('',(1.,1.92592994438725E-34,-0.));
#33680=AXIS2_PLACEMENT_3D('',#33650,#33660,#33670);
#33690=CYLINDRICAL_SURFACE('',#33680,0.200000000000003);
#33700=CARTESIAN_POINT('',(-1.53200498876192,0.245961940777124,
5.59999999999998));
#33710=DIRECTION('',(-7.41229624014508E-32,1.,1.85982224096022E-43));
#33720=DIRECTION('',(2.50910403565282E-12,0.,1.));
#33730=AXIS2_PLACEMENT_3D('',#33700,#33710,#33720);
#33740=CIRCLE('',#33730,0.200000000000003);
#33750=CARTESIAN_POINT('',(-1.53200498876167,0.245961940777124,
5.80000000000001));
#33760=VERTEX_POINT('',#33750);
#33770=EDGE_CURVE('',#33760,#24200,#33740,.T.);
#33780=ORIENTED_EDGE('',*,*,#33770,.F.);
#33790=ORIENTED_EDGE('',*,*,#24210,.F.);
#33800=ORIENTED_EDGE('',*,*,#5770,.F.);
#33810=CARTESIAN_POINT('',(-1.33200498876192,-0.00403805922287606,
5.59999999999998));
#33820=DIRECTION('',(0.,1.,0.));
#33830=VECTOR('',#33820,1.);
#33840=LINE('',#33810,#33830);
#33850=CARTESIAN_POINT('',(-1.33200498876192,-0.00403805922287621,
5.59999999999997));
#33860=VERTEX_POINT('',#33850);
#33870=EDGE_CURVE('',#33860,#5670,#33840,.T.);
#33880=ORIENTED_EDGE('',*,*,#33870,.T.);
#33890=CARTESIAN_POINT('',(-1.53200498876192,-0.00403805922287606,
5.59999999999998));
#33900=DIRECTION('',(-2.09360338143751E-33,-1.,-2.94648481515741E-20));
#33910=DIRECTION('',(1.,0.,-7.10542735760089E-14));
#33920=AXIS2_PLACEMENT_3D('',#33890,#33900,#33910);
#33930=CIRCLE('',#33920,0.200000000000003);
#33940=CARTESIAN_POINT('',(-1.53200498876179,-0.00403805922287621,
5.79999999999995));
#33950=VERTEX_POINT('',#33940);
#33960=EDGE_CURVE('',#33860,#33950,#33930,.T.);
#33970=ORIENTED_EDGE('',*,*,#33960,.F.);
#33980=CARTESIAN_POINT('',(-1.53200498876192,0.245961940777124,
5.79999999999998));
#33990=DIRECTION('',(0.,-1.,0.));
#34000=VECTOR('',#33990,1.);
#34010=LINE('',#33980,#34000);
#34020=EDGE_CURVE('',#33760,#33950,#34010,.T.);
#34030=ORIENTED_EDGE('',*,*,#34020,.T.);
#34040=EDGE_LOOP('',(#34030,#33970,#33880,#33800,#33790,#33780));
#34050=FACE_OUTER_BOUND('',#34040,.T.);
#34060=ADVANCED_FACE('',(#34050),#33690,.T.);
#34070=COLOUR_RGB('',0.600000023841858,0.600000023841858,
0.600000023841858);
#34080=FILL_AREA_STYLE_COLOUR('',#34070);
#34090=FILL_AREA_STYLE('',(#34080));
#34100=SURFACE_STYLE_FILL_AREA(#34090);
#34110=SURFACE_SIDE_STYLE('',(#34100));
#34120=SURFACE_STYLE_USAGE(.BOTH.,#34110);
#34130=PRESENTATION_STYLE_ASSIGNMENT((#34120));
#34140=CARTESIAN_POINT('',(-1.53200498876192,0.245961940777124,
5.79999999999996));
#34150=DIRECTION('',(-5.67472333619398E-54,2.94648481515741E-20,-1.));
#34160=DIRECTION('',(-1.,-1.92592994438725E-34,-8.11388845462873E-69));
#34170=AXIS2_PLACEMENT_3D('',#34140,#34150,#34160);
#34180=PLANE('',#34170);
#34190=CARTESIAN_POINT('',(-1.53200498876192,0.245961940777124,
5.79999999999996));
#34200=DIRECTION('',(-1.,0.,0.));
#34210=VECTOR('',#34200,1.);
#34220=LINE('',#34190,#34210);
#34230=CARTESIAN_POINT('',(-2.33956942346377,0.245961940777124,
5.79999999999996));
#34240=VERTEX_POINT('',#34230);
#34250=EDGE_CURVE('',#33760,#34240,#34220,.T.);
#34260=ORIENTED_EDGE('',*,*,#34250,.T.);
#34270=ORIENTED_EDGE('',*,*,#34020,.F.);
#34280=CARTESIAN_POINT('',(-1.53200498876166,-0.00403805922287621,
5.79999999999995));
#34290=DIRECTION('',(-1.,0.,0.));
#34300=VECTOR('',#34290,1.);
#34310=LINE('',#34280,#34300);
#34320=CARTESIAN_POINT('',(-2.33956942346377,-0.00403805922287621,
5.79999999999995));
#34330=VERTEX_POINT('',#34320);
#34340=EDGE_CURVE('',#33950,#34330,#34310,.T.);
#34350=ORIENTED_EDGE('',*,*,#34340,.F.);
#34360=CARTESIAN_POINT('',(-2.33956942346377,-0.00403805922287617,
5.79999999999996));
#34370=DIRECTION('',(0.,1.,0.));
#34380=VECTOR('',#34370,1.);
#34390=LINE('',#34360,#34380);
#34400=EDGE_CURVE('',#34330,#34240,#34390,.T.);
#34410=ORIENTED_EDGE('',*,*,#34400,.F.);
#34420=EDGE_LOOP('',(#34410,#34350,#34270,#34260));
#34430=FACE_OUTER_BOUND('',#34420,.T.);
#34440=ADVANCED_FACE('',(#34430),#34180,.F.);
#34450=COLOUR_RGB('',0.600000023841858,0.600000023841858,
0.600000023841858);
#34460=FILL_AREA_STYLE_COLOUR('',#34450);
#34470=FILL_AREA_STYLE('',(#34460));
#34480=SURFACE_STYLE_FILL_AREA(#34470);
#34490=SURFACE_SIDE_STYLE('',(#34480));
#34500=SURFACE_STYLE_USAGE(.BOTH.,#34490);
#34510=PRESENTATION_STYLE_ASSIGNMENT((#34500));
#34520=CARTESIAN_POINT('',(-1.95200498876192,0.245961940777124,
6.0237604307034));
#34530=DIRECTION('',(0.499999999999994,2.55173070179249E-20,
-0.866025403784442));
#34540=DIRECTION('',(-0.866025403784442,5.55258836553336E-17,
-0.499999999999994));
#34550=AXIS2_PLACEMENT_3D('',#34520,#34530,#34540);
#34560=PLANE('',#34550);
#34570=CARTESIAN_POINT('',(-3.25200498876195,0.245961940777124,
5.2732050807569));
#34580=DIRECTION('',(0.866025403784451,0.,0.499999999999978));
#34590=VECTOR('',#34580,1.);
#34600=LINE('',#34570,#34590);
#34610=CARTESIAN_POINT('',(-3.25200498876194,0.245961940777124,
5.2732050807569));
#34620=VERTEX_POINT('',#34610);
#34630=EDGE_CURVE('',#34620,#34240,#34600,.T.);
#34640=ORIENTED_EDGE('',*,*,#34630,.F.);
#34650=ORIENTED_EDGE('',*,*,#34400,.T.);
#34660=CARTESIAN_POINT('',(-2.33956942346377,-0.00403805922287621,
5.79999999999995));
#34670=DIRECTION('',(-0.866025403784457,0.,-0.499999999999969));
#34680=VECTOR('',#34670,1.);
#34690=LINE('',#34660,#34680);
#34700=CARTESIAN_POINT('',(-3.25200498876189,-0.00403805922287621,
5.2732050807569));
#34710=VERTEX_POINT('',#34700);
#34720=EDGE_CURVE('',#34330,#34710,#34690,.T.);
#34730=ORIENTED_EDGE('',*,*,#34720,.F.);
#34740=CARTESIAN_POINT('',(-3.25200498876194,-0.00403805922287623,
5.27320508075687));
#34750=DIRECTION('',(0.,1.,0.));
#34760=VECTOR('',#34750,1.);
#34770=LINE('',#34740,#34760);
#34780=EDGE_CURVE('',#34710,#34620,#34770,.T.);
#34790=ORIENTED_EDGE('',*,*,#34780,.F.);
#34800=EDGE_LOOP('',(#34790,#34730,#34650,#34640));
#34810=FACE_OUTER_BOUND('',#34800,.T.);
#34820=ADVANCED_FACE('',(#34810),#34560,.F.);
#34830=COLOUR_RGB('',0.600000023841858,0.600000023841858,
0.600000023841858);
#34840=FILL_AREA_STYLE_COLOUR('',#34830);
#34850=FILL_AREA_STYLE('',(#34840));
#34860=SURFACE_STYLE_FILL_AREA(#34850);
#34870=SURFACE_SIDE_STYLE('',(#34860));
#34880=SURFACE_STYLE_USAGE(.BOTH.,#34870);
#34890=PRESENTATION_STYLE_ASSIGNMENT((#34880));
#34900=CARTESIAN_POINT('',(-3.15200498876191,0.245961940777124,
5.09999999999998));
#34910=DIRECTION('',(-1.92592994438725E-34,1.,2.94648481515741E-20));
#34920=DIRECTION('',(1.,1.92592994438725E-34,-0.));
#34930=AXIS2_PLACEMENT_3D('',#34900,#34910,#34920);
#34940=CYLINDRICAL_SURFACE('',#34930,0.200000000000013);
#34950=CARTESIAN_POINT('',(-3.15200498876191,0.245961940777124,
5.09999999999998));
#34960=DIRECTION('',(3.1404050721561E-32,1.,2.94648481515741E-20));
#34970=DIRECTION('',(-1.,0.,1.06581410364008E-12));
#34980=AXIS2_PLACEMENT_3D('',#34950,#34960,#34970);
#34990=CIRCLE('',#34980,0.200000000000013);
#35000=CARTESIAN_POINT('',(-3.35200498876192,0.245961940777124,
5.10000000000008));
#35010=VERTEX_POINT('',#35000);
#35020=EDGE_CURVE('',#35010,#34620,#34990,.T.);
#35030=ORIENTED_EDGE('',*,*,#35020,.F.);
#35040=ORIENTED_EDGE('',*,*,#34780,.T.);
#35050=CARTESIAN_POINT('',(-3.15200498876191,-0.00403805922287623,
5.09999999999998));
#35060=DIRECTION('',(-1.27586535089512E-20,-1.,-7.36621203788356E-21));
#35070=DIRECTION('',(-0.499999999999665,-7.52316384526264E-37,
0.866025403784632));
#35080=AXIS2_PLACEMENT_3D('',#35050,#35060,#35070);
#35090=CIRCLE('',#35080,0.200000000000013);
#35100=CARTESIAN_POINT('',(-3.35200498876192,-0.00403805922287621,
5.10000000000002));
#35110=VERTEX_POINT('',#35100);
#35120=EDGE_CURVE('',#34710,#35110,#35090,.T.);
#35130=ORIENTED_EDGE('',*,*,#35120,.F.);
#35140=CARTESIAN_POINT('',(-3.35200498876192,0.245961940777124,
5.09999999999998));
#35150=DIRECTION('',(0.,-1.,0.));
#35160=VECTOR('',#35150,1.);
#35170=LINE('',#35140,#35160);
#35180=EDGE_CURVE('',#35010,#35110,#35170,.T.);
#35190=ORIENTED_EDGE('',*,*,#35180,.T.);
#35200=EDGE_LOOP('',(#35190,#35130,#35040,#35030));
#35210=FACE_OUTER_BOUND('',#35200,.T.);
#35220=ADVANCED_FACE('',(#35210),#34940,.T.);
#35230=COLOUR_RGB('',0.600000023841858,0.600000023841858,
0.600000023841858);
#35240=FILL_AREA_STYLE_COLOUR('',#35230);
#35250=FILL_AREA_STYLE('',(#35240));
#35260=SURFACE_STYLE_FILL_AREA(#35250);
#35270=SURFACE_SIDE_STYLE('',(#35260));
#35280=SURFACE_STYLE_USAGE(.BOTH.,#35270);
#35290=PRESENTATION_STYLE_ASSIGNMENT((#35280));
#35300=CARTESIAN_POINT('',(-3.35200498876192,0.245961940777124,
5.09999999999998));
#35310=DIRECTION('',(1.,1.75555206503849E-34,5.78241158658935E-16));
#35320=DIRECTION('',(5.78241158658935E-16,2.94648481515741E-20,-1.));
#35330=AXIS2_PLACEMENT_3D('',#35300,#35310,#35320);
#35340=PLANE('',#35330);
#35350=ORIENTED_EDGE('',*,*,#24360,.F.);
#35360=CARTESIAN_POINT('',(-3.35200498876192,0.245961940777124,
5.09999999999998));
#35370=DIRECTION('',(0.,0.,-1.));
#35380=VECTOR('',#35370,1.);
#35390=LINE('',#35360,#35380);
#35400=EDGE_CURVE('',#35010,#24290,#35390,.T.);
#35410=ORIENTED_EDGE('',*,*,#35400,.T.);
#35420=ORIENTED_EDGE('',*,*,#35180,.F.);
#35430=CARTESIAN_POINT('',(-3.35200498876191,-0.00403805922287621,
5.10000000000008));
#35440=DIRECTION('',(0.,0.,-1.));
#35450=VECTOR('',#35440,1.);
#35460=LINE('',#35430,#35450);
#35470=CARTESIAN_POINT('',(-3.35200498876192,-0.00403805922287621,
4.34999999999997));
#35480=VERTEX_POINT('',#35470);
#35490=EDGE_CURVE('',#35110,#35480,#35460,.T.);
#35500=ORIENTED_EDGE('',*,*,#35490,.F.);
#35510=CARTESIAN_POINT('',(-3.35200498876191,-0.00403805922287617,
4.34999999999995));
#35520=DIRECTION('',(0.,1.,0.));
#35530=VECTOR('',#35520,1.);
#35540=LINE('',#35510,#35530);
#35550=EDGE_CURVE('',#35480,#4830,#35540,.T.);
#35560=ORIENTED_EDGE('',*,*,#35550,.F.);
#35570=ORIENTED_EDGE('',*,*,#4840,.T.);
#35580=EDGE_LOOP('',(#35570,#35560,#35500,#35420,#35410,#35350));
#35590=FACE_OUTER_BOUND('',#35580,.T.);
#35600=ADVANCED_FACE('',(#35590),#35340,.F.);
#35610=COLOUR_RGB('',0.600000023841858,0.600000023841858,
0.600000023841858);
#35620=FILL_AREA_STYLE_COLOUR('',#35610);
#35630=FILL_AREA_STYLE('',(#35620));
#35640=SURFACE_STYLE_FILL_AREA(#35630);
#35650=SURFACE_SIDE_STYLE('',(#35640));
#35660=SURFACE_STYLE_USAGE(.BOTH.,#35650);
#35670=PRESENTATION_STYLE_ASSIGNMENT((#35660));
#35680=CARTESIAN_POINT('',(0.147995011238086,0.245961940777124,-318.5));
#35690=DIRECTION('',(-1.92592994438725E-34,1.,2.94648481515741E-20));
#35700=DIRECTION('',(1.,1.92592994438725E-34,-0.));
#35710=AXIS2_PLACEMENT_3D('',#35680,#35690,#35700);
#35720=PLANE('',#35710);
#35730=ORIENTED_EDGE('',*,*,#33770,.T.);
#35740=ORIENTED_EDGE('',*,*,#34250,.F.);
#35750=ORIENTED_EDGE('',*,*,#34630,.T.);
#35760=ORIENTED_EDGE('',*,*,#35020,.T.);
#35770=ORIENTED_EDGE('',*,*,#35400,.F.);
#35780=ORIENTED_EDGE('',*,*,#24300,.T.);
#35790=EDGE_LOOP('',(#35780,#35770,#35760,#35750,#35740,#35730));
#35800=FACE_OUTER_BOUND('',#35790,.T.);
#35810=ADVANCED_FACE('',(#35800),#35720,.T.);
#35820=COLOUR_RGB('',0.600000023841858,0.600000023841858,
0.600000023841858);
#35830=FILL_AREA_STYLE_COLOUR('',#35820);
#35840=FILL_AREA_STYLE('',(#35830));
#35850=SURFACE_STYLE_FILL_AREA(#35840);
#35860=SURFACE_SIDE_STYLE('',(#35850));
#35870=SURFACE_STYLE_USAGE(.BOTH.,#35860);
#35880=PRESENTATION_STYLE_ASSIGNMENT((#35870));
#35890=CARTESIAN_POINT('',(0.147995011238086,-0.0040380592228762,-318.5)
);
#35900=DIRECTION('',(-1.92592994438725E-34,1.,2.94648481515741E-20));
#35910=DIRECTION('',(1.,1.92592994438725E-34,-0.));
#35920=AXIS2_PLACEMENT_3D('',#35890,#35900,#35910);
#35930=PLANE('',#35920);
#35940=CARTESIAN_POINT('',(-3.15200498876191,-0.00403805922287617,
4.34999999999995));
#35950=DIRECTION('',(-2.3553038041172E-33,-1.,-2.94648481515741E-20));
#35960=DIRECTION('',(-1.,0.,7.99360577730101E-14));
#35970=AXIS2_PLACEMENT_3D('',#35940,#35950,#35960);
#35980=CIRCLE('',#35970,0.200000000000003);
#35990=CARTESIAN_POINT('',(-3.15200498876209,-0.00403805922287621,
4.14999999999992));
#36000=VERTEX_POINT('',#35990);
#36010=EDGE_CURVE('',#35480,#36000,#35980,.T.);
#36020=ORIENTED_EDGE('',*,*,#36010,.T.);
#36030=ORIENTED_EDGE('',*,*,#35490,.T.);
#36040=ORIENTED_EDGE('',*,*,#35120,.T.);
#36050=ORIENTED_EDGE('',*,*,#34720,.T.);
#36060=ORIENTED_EDGE('',*,*,#34340,.T.);
#36070=ORIENTED_EDGE('',*,*,#33960,.T.);
#36080=CARTESIAN_POINT('',(-1.33200498876192,-0.00403805922287621,
5.35000000000002));
#36090=DIRECTION('',(0.,0.,1.));
#36100=VECTOR('',#36090,1.);
#36110=LINE('',#36080,#36100);
#36120=CARTESIAN_POINT('',(-1.33200498876192,-0.00403805922287621,
5.35000000000002));
#36130=VERTEX_POINT('',#36120);
#36140=EDGE_CURVE('',#36130,#33860,#36110,.T.);
#36150=ORIENTED_EDGE('',*,*,#36140,.T.);
#36160=CARTESIAN_POINT('',(-1.53200498876192,-0.00403805922287623,
5.35000000000001));
#36170=DIRECTION('',(-1.4732424075787E-20,-1.,-1.47324240757929E-20));
#36180=DIRECTION('',(0.70710678118669,0.,-0.707106781186405));
#36190=AXIS2_PLACEMENT_3D('',#36160,#36170,#36180);
#36200=CIRCLE('',#36190,0.199999999999997);
#36210=CARTESIAN_POINT('',(-1.39058363252458,-0.00403805922287621,
5.20857864376273));
#36220=VERTEX_POINT('',#36210);
#36230=EDGE_CURVE('',#36220,#36130,#36200,.T.);
#36240=ORIENTED_EDGE('',*,*,#36230,.T.);
#36250=CARTESIAN_POINT('',(-1.49058363252494,-0.00403805922287621,
5.10857864376237));
#36260=DIRECTION('',(0.707106781186511,0.,0.707106781186584));
#36270=VECTOR('',#36260,1.);
#36280=LINE('',#36250,#36270);
#36290=CARTESIAN_POINT('',(-1.49058363252476,-0.00403805922287621,
5.10857864376248));
#36300=VERTEX_POINT('',#36290);
#36310=EDGE_CURVE('',#36300,#36220,#36280,.T.);
#36320=ORIENTED_EDGE('',*,*,#36310,.T.);
#36330=CARTESIAN_POINT('',(-1.63200498876191,-0.00403805922287623,
5.24999999999997));
#36340=DIRECTION('',(1.92592994438725E-34,-1.,0.));
#36350=DIRECTION('',(0.,0.,-1.));
#36360=AXIS2_PLACEMENT_3D('',#36330,#36340,#36350);
#36370=CIRCLE('',#36360,0.199999999999997);
#36380=CARTESIAN_POINT('',(-1.63200498876191,-0.00403805922287621,
5.04999999999995));
#36390=VERTEX_POINT('',#36380);
#36400=EDGE_CURVE('',#36390,#36300,#36370,.T.);
#36410=ORIENTED_EDGE('',*,*,#36400,.T.);
#36420=CARTESIAN_POINT('',(-1.88200498876192,-0.00403805922287621,
5.04999999999995));
#36430=DIRECTION('',(1.,0.,0.));
#36440=VECTOR('',#36430,1.);
#36450=LINE('',#36420,#36440);
#36460=CARTESIAN_POINT('',(-1.88200498876191,-0.00403805922287621,
5.04999999999995));
#36470=VERTEX_POINT('',#36460);
#36480=EDGE_CURVE('',#36470,#36390,#36450,.T.);
#36490=ORIENTED_EDGE('',*,*,#36480,.T.);
#36500=CARTESIAN_POINT('',(-1.88200498876191,-0.00403805922287634,
4.84999999999996));
#36510=DIRECTION('',(-1.92592994438725E-34,1.,0.));
#36520=DIRECTION('',(0.,0.,-1.));
#36530=AXIS2_PLACEMENT_3D('',#36500,#36510,#36520);
#36540=CIRCLE('',#36530,0.199999999999992);
#36550=CARTESIAN_POINT('',(-1.88200498876191,-0.00403805922287621,
4.64999999999998));
#36560=VERTEX_POINT('',#36550);
#36570=EDGE_CURVE('',#36560,#36470,#36540,.T.);
#36580=ORIENTED_EDGE('',*,*,#36570,.T.);
#36590=CARTESIAN_POINT('',(-1.50203416229077,-0.00403805922287621,
4.64999999999998));
#36600=DIRECTION('',(-1.,0.,0.));
#36610=VECTOR('',#36600,1.);
#36620=LINE('',#36590,#36610);
#36630=CARTESIAN_POINT('',(-1.50203416229077,-0.00403805922287598,
4.64999999999998));
#36640=VERTEX_POINT('',#36630);
#36650=EDGE_CURVE('',#36640,#36560,#36620,.T.);
#36660=ORIENTED_EDGE('',*,*,#36650,.T.);
#36670=CARTESIAN_POINT('',(-1.50203416229077,-0.00403805922287598,
4.64999999999998));
#36680=DIRECTION('',(0.,0.,-1.));
#36690=VECTOR('',#36680,1.);
#36700=LINE('',#36670,#36690);
#36710=CARTESIAN_POINT('',(-1.50203416229078,-0.00403805922287637,
4.14999999999998));
#36720=VERTEX_POINT('',#36710);
#36730=EDGE_CURVE('',#36640,#36720,#36700,.T.);
#36740=ORIENTED_EDGE('',*,*,#36730,.F.);
#36750=CARTESIAN_POINT('',(-1.50203416229079,-0.00403805922287614,
4.14999999999998));
#36760=DIRECTION('',(-1.,-1.34574867241701E-16,0.));
#36770=VECTOR('',#36760,1.);
#36780=LINE('',#36750,#36770);
#36790=EDGE_CURVE('',#36720,#36000,#36780,.T.);
#36800=ORIENTED_EDGE('',*,*,#36790,.F.);
#36810=EDGE_LOOP('',(#36800,#36740,#36660,#36580,#36490,#36410,#36320,
#36240,#36150,#36070,#36060,#36050,#36040,#36030,#36020));
#36820=FACE_OUTER_BOUND('',#36810,.T.);
#36830=ADVANCED_FACE('',(#36820),#35930,.F.);
#36840=COLOUR_RGB('',0.600000023841858,0.600000023841858,
0.600000023841858);
#36850=FILL_AREA_STYLE_COLOUR('',#36840);
#36860=FILL_AREA_STYLE('',(#36850));
#36870=SURFACE_STYLE_FILL_AREA(#36860);
#36880=SURFACE_SIDE_STYLE('',(#36870));
#36890=SURFACE_STYLE_USAGE(.BOTH.,#36880);
#36900=PRESENTATION_STYLE_ASSIGNMENT((#36890));
#36910=CARTESIAN_POINT('',(-2.72298512696554,-1.01641038013496,
4.14999999999998));
#36920=DIRECTION('',(-0.,-2.94648481515741E-20,1.));
#36930=DIRECTION('',(0.707106781186546,0.707106781186549,
2.083479393461E-20));
#36940=AXIS2_PLACEMENT_3D('',#36910,#36920,#36930);
#36950=PLANE('',#36940);
#36960=CARTESIAN_POINT('',(-3.15200498876191,-0.00403805922287617,
4.14999999999995));
#36970=DIRECTION('',(0.,1.,0.));
#36980=VECTOR('',#36970,1.);
#36990=LINE('',#36960,#36980);
#37000=EDGE_CURVE('',#36000,#4920,#36990,.T.);
#37010=ORIENTED_EDGE('',*,*,#37000,.T.);
#37020=ORIENTED_EDGE('',*,*,#36790,.T.);
#37030=CARTESIAN_POINT('',(-1.50203416229077,0.345961940777124,
4.14999999999998));
#37040=DIRECTION('',(4.41139077470365E-21,6.75968242907644E-22,-1.));
#37050=DIRECTION('',(0.151464565364385,-0.988462687934642,0.));
#37060=AXIS2_PLACEMENT_3D('',#37030,#37040,#37050);
#37070=CIRCLE('',#37060,0.35);
#37080=EDGE_CURVE('',#5000,#36720,#37070,.T.);
#37090=ORIENTED_EDGE('',*,*,#37080,.T.);
#37100=ORIENTED_EDGE('',*,*,#5010,.T.);
#37110=EDGE_LOOP('',(#37100,#37090,#37020,#37010));
#37120=FACE_OUTER_BOUND('',#37110,.T.);
#37130=ADVANCED_FACE('',(#37120),#36950,.F.);
#37140=COLOUR_RGB('',0.600000023841858,0.600000023841858,
0.600000023841858);
#37150=FILL_AREA_STYLE_COLOUR('',#37140);
#37160=FILL_AREA_STYLE('',(#37150));
#37170=SURFACE_STYLE_FILL_AREA(#37160);
#37180=SURFACE_SIDE_STYLE('',(#37170));
#37190=SURFACE_STYLE_USAGE(.BOTH.,#37180);
#37200=PRESENTATION_STYLE_ASSIGNMENT((#37190));
#37210=CARTESIAN_POINT('',(-3.15200498876191,0.245961940777124,
4.34999999999995));
#37220=DIRECTION('',(-1.92592994438725E-34,1.,2.94648481515741E-20));
#37230=DIRECTION('',(1.,1.92592994438725E-34,-0.));
#37240=AXIS2_PLACEMENT_3D('',#37210,#37220,#37230);
#37250=CYLINDRICAL_SURFACE('',#37240,0.200000000000003);
#37260=ORIENTED_EDGE('',*,*,#4930,.F.);
#37270=ORIENTED_EDGE('',*,*,#35550,.T.);
#37280=ORIENTED_EDGE('',*,*,#36010,.F.);
#37290=ORIENTED_EDGE('',*,*,#37000,.F.);
#37300=EDGE_LOOP('',(#37290,#37280,#37270,#37260));
#37310=FACE_OUTER_BOUND('',#37300,.T.);
#37320=ADVANCED_FACE('',(#37310),#37250,.T.);
#37330=COLOUR_RGB('',0.600000023841858,0.600000023841858,
0.600000023841858);
#37340=FILL_AREA_STYLE_COLOUR('',#37330);
#37350=FILL_AREA_STYLE('',(#37340));
#37360=SURFACE_STYLE_FILL_AREA(#37350);
#37370=SURFACE_SIDE_STYLE('',(#37360));
#37380=SURFACE_STYLE_USAGE(.BOTH.,#37370);
#37390=PRESENTATION_STYLE_ASSIGNMENT((#37380));
#37400=CARTESIAN_POINT('',(-1.50203416229077,0.345961940777124,
3.74266801495931));
#37410=DIRECTION('',(5.67472333619398E-54,-2.94648481515741E-20,1.));
#37420=DIRECTION('',(1.,1.92592994438725E-34,8.11388845462873E-69));
#37430=AXIS2_PLACEMENT_3D('',#37400,#37410,#37420);
#37440=CYLINDRICAL_SURFACE('',#37430,0.35);
#37450=ORIENTED_EDGE('',*,*,#37080,.F.);
#37460=ORIENTED_EDGE('',*,*,#36730,.T.);
#37470=CARTESIAN_POINT('',(-1.50203416229077,0.345961940777124,
4.64999999999998));
#37480=DIRECTION('',(7.29022606036286E-34,-1.80375597857457E-47,1.));
#37490=DIRECTION('',(-2.47421131202178E-14,-1.,0.));
#37500=AXIS2_PLACEMENT_3D('',#37470,#37480,#37490);
#37510=CIRCLE('',#37500,0.35);
#37520=EDGE_CURVE('',#36640,#5080,#37510,.T.);
#37530=ORIENTED_EDGE('',*,*,#37520,.F.);
#37540=ORIENTED_EDGE('',*,*,#5090,.T.);
#37550=EDGE_LOOP('',(#37540,#37530,#37460,#37450));
#37560=FACE_OUTER_BOUND('',#37550,.T.);
#37570=ADVANCED_FACE('',(#37560),#37440,.T.);
#37580=COLOUR_RGB('',0.600000023841858,0.600000023841858,
0.600000023841858);
#37590=FILL_AREA_STYLE_COLOUR('',#37580);
#37600=FILL_AREA_STYLE('',(#37590));
#37610=SURFACE_STYLE_FILL_AREA(#37600);
#37620=SURFACE_SIDE_STYLE('',(#37610));
#37630=SURFACE_STYLE_USAGE(.BOTH.,#37620);
#37640=PRESENTATION_STYLE_ASSIGNMENT((#37630));
#37650=CARTESIAN_POINT('',(-0.911600000000001,0.299999999999999,
4.64999999999998));
#37660=DIRECTION('',(5.67472333619398E-54,-2.94648481515741E-20,1.));
#37670=DIRECTION('',(1.,1.92592994438725E-34,8.11388845462873E-69));
#37680=AXIS2_PLACEMENT_3D('',#37650,#37660,#37670);
#37690=PLANE('',#37680);
#37700=ORIENTED_EDGE('',*,*,#37520,.T.);
#37710=ORIENTED_EDGE('',*,*,#36650,.F.);
#37720=CARTESIAN_POINT('',(-1.88200498876191,-0.00403805922287634,
4.64999999999997));
#37730=DIRECTION('',(0.,1.,0.));
#37740=VECTOR('',#37730,1.);
#37750=LINE('',#37720,#37740);
#37760=EDGE_CURVE('',#36560,#5160,#37750,.T.);
#37770=ORIENTED_EDGE('',*,*,#37760,.F.);
#37780=ORIENTED_EDGE('',*,*,#5170,.F.);
#37790=EDGE_LOOP('',(#37780,#37770,#37710,#37700));
#37800=FACE_OUTER_BOUND('',#37790,.T.);
#37810=ADVANCED_FACE('',(#37800),#37690,.T.);
#37820=COLOUR_RGB('',0.600000023841858,0.600000023841858,
0.600000023841858);
#37830=FILL_AREA_STYLE_COLOUR('',#37820);
#37840=FILL_AREA_STYLE('',(#37830));
#37850=SURFACE_STYLE_FILL_AREA(#37840);
#37860=SURFACE_SIDE_STYLE('',(#37850));
#37870=SURFACE_STYLE_USAGE(.BOTH.,#37860);
#37880=PRESENTATION_STYLE_ASSIGNMENT((#37870));
#37890=CARTESIAN_POINT('',(-1.88200498876191,0.245961940777124,
4.84999999999996));
#37900=DIRECTION('',(-1.92592994438725E-34,1.,2.94648481515741E-20));
#37910=DIRECTION('',(1.,1.92592994438725E-34,-0.));
#37920=AXIS2_PLACEMENT_3D('',#37890,#37900,#37910);
#37930=CYLINDRICAL_SURFACE('',#37920,0.199999999999992);
#37940=ORIENTED_EDGE('',*,*,#5260,.F.);
#37950=ORIENTED_EDGE('',*,*,#37760,.T.);
#37960=ORIENTED_EDGE('',*,*,#36570,.F.);
#37970=CARTESIAN_POINT('',(-1.88200498876191,-4.71844785465692E-16,
5.04999999999995));
#37980=DIRECTION('',(0.,-1.,0.));
#37990=VECTOR('',#37980,1.);
#38000=LINE('',#37970,#37990);
#38010=EDGE_CURVE('',#5250,#36470,#38000,.T.);
#38020=ORIENTED_EDGE('',*,*,#38010,.T.);
#38030=EDGE_LOOP('',(#38020,#37960,#37950,#37940));
#38040=FACE_OUTER_BOUND('',#38030,.T.);
#38050=ADVANCED_FACE('',(#38040),#37930,.F.);
#38060=COLOUR_RGB('',0.600000023841858,0.600000023841858,
0.600000023841858);
#38070=FILL_AREA_STYLE_COLOUR('',#38060);
#38080=FILL_AREA_STYLE('',(#38070));
#38090=SURFACE_STYLE_FILL_AREA(#38080);
#38100=SURFACE_SIDE_STYLE('',(#38090));
#38110=SURFACE_STYLE_USAGE(.BOTH.,#38100);
#38120=PRESENTATION_STYLE_ASSIGNMENT((#38110));
#38130=CARTESIAN_POINT('',(-1.88200498876191,0.245961940777124,
5.04999999999993));
#38140=DIRECTION('',(5.67472333619398E-54,-2.94648481515741E-20,1.));
#38150=DIRECTION('',(1.,1.92592994438725E-34,8.11388845462873E-69));
#38160=AXIS2_PLACEMENT_3D('',#38130,#38140,#38150);
#38170=PLANE('',#38160);
#38180=ORIENTED_EDGE('',*,*,#38010,.F.);
#38190=ORIENTED_EDGE('',*,*,#36480,.F.);
#38200=CARTESIAN_POINT('',(-1.63200498876191,-0.00403805922287623,
5.04999999999997));
#38210=DIRECTION('',(0.,1.,0.));
#38220=VECTOR('',#38210,1.);
#38230=LINE('',#38200,#38220);
#38240=EDGE_CURVE('',#36390,#5330,#38230,.T.);
#38250=ORIENTED_EDGE('',*,*,#38240,.F.);
#38260=ORIENTED_EDGE('',*,*,#5340,.T.);
#38270=EDGE_LOOP('',(#38260,#38250,#38190,#38180));
#38280=FACE_OUTER_BOUND('',#38270,.T.);
#38290=ADVANCED_FACE('',(#38280),#38170,.F.);
#38300=COLOUR_RGB('',0.600000023841858,0.600000023841858,
0.600000023841858);
#38310=FILL_AREA_STYLE_COLOUR('',#38300);
#38320=FILL_AREA_STYLE('',(#38310));
#38330=SURFACE_STYLE_FILL_AREA(#38320);
#38340=SURFACE_SIDE_STYLE('',(#38330));
#38350=SURFACE_STYLE_USAGE(.BOTH.,#38340);
#38360=PRESENTATION_STYLE_ASSIGNMENT((#38350));
#38370=CARTESIAN_POINT('',(-1.63200498876191,0.245961940777124,
5.24999999999997));
#38380=DIRECTION('',(-1.92592994438725E-34,1.,2.94648481515741E-20));
#38390=DIRECTION('',(1.,1.92592994438725E-34,-0.));
#38400=AXIS2_PLACEMENT_3D('',#38370,#38380,#38390);
#38410=CYLINDRICAL_SURFACE('',#38400,0.199999999999997);
#38420=ORIENTED_EDGE('',*,*,#5430,.F.);
#38430=ORIENTED_EDGE('',*,*,#38240,.T.);
#38440=ORIENTED_EDGE('',*,*,#36400,.F.);
#38450=CARTESIAN_POINT('',(-1.4905836325246,-4.44089209850063E-16,
5.10857864376267));
#38460=DIRECTION('',(0.,-1.,0.));
#38470=VECTOR('',#38460,1.);
#38480=LINE('',#38450,#38470);
#38490=EDGE_CURVE('',#5420,#36300,#38480,.T.);
#38500=ORIENTED_EDGE('',*,*,#38490,.T.);
#38510=EDGE_LOOP('',(#38500,#38440,#38430,#38420));
#38520=FACE_OUTER_BOUND('',#38510,.T.);
#38530=ADVANCED_FACE('',(#38520),#38410,.T.);
#38540=COLOUR_RGB('',0.600000023841858,0.600000023841858,
0.600000023841858);
#38550=FILL_AREA_STYLE_COLOUR('',#38540);
#38560=FILL_AREA_STYLE('',(#38550));
#38570=SURFACE_STYLE_FILL_AREA(#38560);
#38580=SURFACE_SIDE_STYLE('',(#38570));
#38590=SURFACE_STYLE_USAGE(.BOTH.,#38580);
#38600=PRESENTATION_STYLE_ASSIGNMENT((#38590));
#38610=CARTESIAN_POINT('',(-1.4905836325246,0.245961940777124,
5.10857864376267));
#38620=DIRECTION('',(-0.707106781186679,5.54903164373232E-17,
0.707106781186416));
#38630=DIRECTION('',(0.707106781186416,-2.08347939346137E-20,
0.707106781186679));
#38640=AXIS2_PLACEMENT_3D('',#38610,#38620,#38630);
#38650=PLANE('',#38640);
#38660=ORIENTED_EDGE('',*,*,#38490,.F.);
#38670=ORIENTED_EDGE('',*,*,#36310,.F.);
#38680=CARTESIAN_POINT('',(-1.39058363252459,-0.00403805922287623,
5.20857864376272));
#38690=DIRECTION('',(0.,1.,0.));
#38700=VECTOR('',#38690,1.);
#38710=LINE('',#38680,#38700);
#38720=EDGE_CURVE('',#36220,#5500,#38710,.T.);
#38730=ORIENTED_EDGE('',*,*,#38720,.F.);
#38740=ORIENTED_EDGE('',*,*,#5510,.F.);
#38750=EDGE_LOOP('',(#38740,#38730,#38670,#38660));
#38760=FACE_OUTER_BOUND('',#38750,.T.);
#38770=ADVANCED_FACE('',(#38760),#38650,.F.);
#38780=COLOUR_RGB('',0.600000023841858,0.600000023841858,
0.600000023841858);
#38790=FILL_AREA_STYLE_COLOUR('',#38780);
#38800=FILL_AREA_STYLE('',(#38790));
#38810=SURFACE_STYLE_FILL_AREA(#38800);
#38820=SURFACE_SIDE_STYLE('',(#38810));
#38830=SURFACE_STYLE_USAGE(.BOTH.,#38820);
#38840=PRESENTATION_STYLE_ASSIGNMENT((#38830));
#38850=CARTESIAN_POINT('',(-1.53200498876192,0.245961940777124,
5.35000000000001));
#38860=DIRECTION('',(-1.92592994438725E-34,1.,2.94648481515741E-20));
#38870=DIRECTION('',(1.,1.92592994438725E-34,-0.));
#38880=AXIS2_PLACEMENT_3D('',#38850,#38860,#38870);
#38890=CYLINDRICAL_SURFACE('',#38880,0.199999999999997);
#38900=ORIENTED_EDGE('',*,*,#5600,.F.);
#38910=ORIENTED_EDGE('',*,*,#38720,.T.);
#38920=ORIENTED_EDGE('',*,*,#36230,.F.);
#38930=CARTESIAN_POINT('',(-1.33200498876192,-4.44089209850063E-16,
5.35000000000001));
#38940=DIRECTION('',(0.,-1.,0.));
#38950=VECTOR('',#38940,1.);
#38960=LINE('',#38930,#38950);
#38970=EDGE_CURVE('',#5590,#36130,#38960,.T.);
#38980=ORIENTED_EDGE('',*,*,#38970,.T.);
#38990=EDGE_LOOP('',(#38980,#38920,#38910,#38900));
#39000=FACE_OUTER_BOUND('',#38990,.T.);
#39010=ADVANCED_FACE('',(#39000),#38890,.T.);
#39020=COLOUR_RGB('',0.600000023841858,0.600000023841858,
0.600000023841858);
#39030=FILL_AREA_STYLE_COLOUR('',#39020);
#39040=FILL_AREA_STYLE('',(#39030));
#39050=SURFACE_STYLE_FILL_AREA(#39040);
#39060=SURFACE_SIDE_STYLE('',(#39050));
#39070=SURFACE_STYLE_USAGE(.BOTH.,#39060);
#39080=PRESENTATION_STYLE_ASSIGNMENT((#39070));
#39090=CARTESIAN_POINT('',(-1.33200498876192,0.245961940777124,
5.35000000000001));
#39100=DIRECTION('',(-1.,-1.92592994438725E-34,-0.));
#39110=DIRECTION('',(5.67472333619399E-54,-2.94648481515741E-20,1.));
#39120=AXIS2_PLACEMENT_3D('',#39090,#39100,#39110);
#39130=PLANE('',#39120);
#39140=ORIENTED_EDGE('',*,*,#38970,.F.);
#39150=ORIENTED_EDGE('',*,*,#36140,.F.);
#39160=ORIENTED_EDGE('',*,*,#33870,.F.);
#39170=ORIENTED_EDGE('',*,*,#5680,.T.);
#39180=EDGE_LOOP('',(#39170,#39160,#39150,#39140));
#39190=FACE_OUTER_BOUND('',#39180,.T.);
#39200=ADVANCED_FACE('',(#39190),#39130,.F.);
#39210=COLOUR_RGB('',0.600000023841858,0.600000023841858,
0.600000023841858);
#39220=FILL_AREA_STYLE_COLOUR('',#39210);
#39230=FILL_AREA_STYLE('',(#39220));
#39240=SURFACE_STYLE_FILL_AREA(#39230);
#39250=SURFACE_SIDE_STYLE('',(#39240));
#39260=SURFACE_STYLE_USAGE(.BOTH.,#39250);
#39270=PRESENTATION_STYLE_ASSIGNMENT((#39260));
#39280=CARTESIAN_POINT('',(1.53200498876192,0.245961940777125,
5.35000000000001));
#39290=DIRECTION('',(-1.92592994438725E-34,1.,-9.95276753369398E-16));
#39300=DIRECTION('',(1.,1.92592994438725E-34,0.));
#39310=AXIS2_PLACEMENT_3D('',#39280,#39290,#39300);
#39320=CYLINDRICAL_SURFACE('',#39310,0.199999999999997);
#39330=ORIENTED_EDGE('',*,*,#6200,.F.);
#39340=ORIENTED_EDGE('',*,*,#4440,.T.);
#39350=CARTESIAN_POINT('',(1.53200498876192,-0.00403805922287459,
5.35000000000001));
#39360=DIRECTION('',(6.18788333780341E-29,-1.,9.95276753369398E-16));
#39370=DIRECTION('',(-1.,0.,6.21724893790097E-14));
#39380=AXIS2_PLACEMENT_3D('',#39350,#39360,#39370);
#39390=CIRCLE('',#39380,0.199999999999997);
#39400=CARTESIAN_POINT('',(1.39058363252459,-0.00403805922287476,
5.20857864376273));
#39410=VERTEX_POINT('',#39400);
#39420=EDGE_CURVE('',#4350,#39410,#39390,.T.);
#39430=ORIENTED_EDGE('',*,*,#39420,.F.);
#39440=CARTESIAN_POINT('',(1.3905836325246,-5.82867087928207E-16,
5.20857864376272));
#39450=DIRECTION('',(0.,-1.,0.));
#39460=VECTOR('',#39450,1.);
#39470=LINE('',#39440,#39460);
#39480=EDGE_CURVE('',#6190,#39410,#39470,.T.);
#39490=ORIENTED_EDGE('',*,*,#39480,.T.);
#39500=EDGE_LOOP('',(#39490,#39430,#39340,#39330));
#39510=FACE_OUTER_BOUND('',#39500,.T.);
#39520=ADVANCED_FACE('',(#39510),#39320,.T.);
#39530=COLOUR_RGB('',0.600000023841858,0.600000023841858,
0.600000023841858);
#39540=FILL_AREA_STYLE_COLOUR('',#39530);
#39550=FILL_AREA_STYLE('',(#39540));
#39560=SURFACE_STYLE_FILL_AREA(#39550);
#39570=SURFACE_SIDE_STYLE('',(#39560));
#39580=SURFACE_STYLE_USAGE(.BOTH.,#39570);
#39590=PRESENTATION_STYLE_ASSIGNMENT((#39580));
#39600=CARTESIAN_POINT('',(1.4905836325246,0.245961940777125,
5.10857864376267));
#39610=DIRECTION('',(0.70710678118668,7.21624131212417E-16,
0.707106781186415));
#39620=DIRECTION('',(0.707106781186415,-7.21624131212417E-16,
-0.70710678118668));
#39630=AXIS2_PLACEMENT_3D('',#39600,#39610,#39620);
#39640=PLANE('',#39630);
#39650=ORIENTED_EDGE('',*,*,#39480,.F.);
#39660=CARTESIAN_POINT('',(1.3905836325246,-0.00403805922287476,
5.20857864376273));
#39670=DIRECTION('',(0.707106781186065,-7.05314971675074E-16,
-0.70710678118703));
#39680=VECTOR('',#39670,1.);
#39690=LINE('',#39660,#39680);
#39700=CARTESIAN_POINT('',(1.49058363252453,-0.00403805922287486,
5.10857864376277));
#39710=VERTEX_POINT('',#39700);
#39720=EDGE_CURVE('',#39410,#39710,#39690,.T.);
#39730=ORIENTED_EDGE('',*,*,#39720,.F.);
#39740=CARTESIAN_POINT('',(1.4905836325246,-0.00403805922287473,
5.10857864376268));
#39750=DIRECTION('',(0.,1.,0.));
#39760=VECTOR('',#39750,1.);
#39770=LINE('',#39740,#39760);
#39780=EDGE_CURVE('',#39710,#6270,#39770,.T.);
#39790=ORIENTED_EDGE('',*,*,#39780,.F.);
#39800=ORIENTED_EDGE('',*,*,#6280,.F.);
#39810=EDGE_LOOP('',(#39800,#39790,#39730,#39650));
#39820=FACE_OUTER_BOUND('',#39810,.T.);
#39830=ADVANCED_FACE('',(#39820),#39640,.F.);
#39840=COLOUR_RGB('',0.600000023841858,0.600000023841858,
0.600000023841858);
#39850=FILL_AREA_STYLE_COLOUR('',#39840);
#39860=FILL_AREA_STYLE('',(#39850));
#39870=SURFACE_STYLE_FILL_AREA(#39860);
#39880=SURFACE_SIDE_STYLE('',(#39870));
#39890=SURFACE_STYLE_USAGE(.BOTH.,#39880);
#39900=PRESENTATION_STYLE_ASSIGNMENT((#39890));
#39910=CARTESIAN_POINT('',(-0.147995011238218,-0.00403805922319694,
-318.5));
#39920=DIRECTION('',(-4.10526825003624E-31,1.,-9.95276753369398E-16));
#39930=DIRECTION('',(1.,2.04740447771949E-34,-4.12269334299985E-16));
#39940=AXIS2_PLACEMENT_3D('',#39910,#39920,#39930);
#39950=PLANE('',#39940);
#39960=CARTESIAN_POINT('',(1.88200498876192,-0.00403805922287532,
4.64999999999998));
#39970=DIRECTION('',(-1.,0.,0.));
#39980=VECTOR('',#39970,1.);
#39990=LINE('',#39960,#39980);
#40000=CARTESIAN_POINT('',(1.88200498876192,-0.00403805922287528,
4.64999999999996));
#40010=VERTEX_POINT('',#40000);
#40020=CARTESIAN_POINT('',(1.50203416229077,-0.00403805922287631,
4.64999999999998));
#40030=VERTEX_POINT('',#40020);
#40040=EDGE_CURVE('',#40010,#40030,#39990,.T.);
#40050=ORIENTED_EDGE('',*,*,#40040,.T.);
#40060=CARTESIAN_POINT('',(1.88200498876192,-0.00403805922287495,
4.84999999999995));
#40070=DIRECTION('',(-1.92592994438725E-34,1.,-9.93129189996761E-16));
#40080=DIRECTION('',(0.,9.93129189996761E-16,1.));
#40090=AXIS2_PLACEMENT_3D('',#40060,#40070,#40080);
#40100=CIRCLE('',#40090,0.199999999999992);
#40110=CARTESIAN_POINT('',(1.88200498876192,-0.00403805922287492,
5.04999999999995));
#40120=VERTEX_POINT('',#40110);
#40130=EDGE_CURVE('',#40120,#40010,#40100,.T.);
#40140=ORIENTED_EDGE('',*,*,#40130,.T.);
#40150=CARTESIAN_POINT('',(1.63200498876192,-0.00403805922287492,
5.04999999999995));
#40160=DIRECTION('',(1.,0.,0.));
#40170=VECTOR('',#40160,1.);
#40180=LINE('',#40150,#40170);
#40190=CARTESIAN_POINT('',(1.63200498876192,-0.00403805922287492,
5.04999999999995));
#40200=VERTEX_POINT('',#40190);
#40210=EDGE_CURVE('',#40200,#40120,#40180,.T.);
#40220=ORIENTED_EDGE('',*,*,#40210,.T.);
#40230=CARTESIAN_POINT('',(1.63200498876192,-0.00403805922287459,
5.24999999999997));
#40240=DIRECTION('',(-8.51309678773142E-19,-1.,9.94425443690626E-16));
#40250=DIRECTION('',(-0.707106781187266,-7.02563007770618E-16,
-0.707106781185829));
#40260=AXIS2_PLACEMENT_3D('',#40230,#40240,#40250);
#40270=CIRCLE('',#40260,0.199999999999997);
#40280=EDGE_CURVE('',#39710,#40200,#40270,.T.);
#40290=ORIENTED_EDGE('',*,*,#40280,.T.);
#40300=ORIENTED_EDGE('',*,*,#39720,.T.);
#40310=ORIENTED_EDGE('',*,*,#39420,.T.);
#40320=ORIENTED_EDGE('',*,*,#4360,.T.);
#40330=ORIENTED_EDGE('',*,*,#4060,.T.);
#40340=ORIENTED_EDGE('',*,*,#3580,.T.);
#40350=ORIENTED_EDGE('',*,*,#3200,.T.);
#40360=ORIENTED_EDGE('',*,*,#2820,.T.);
#40370=ORIENTED_EDGE('',*,*,#2420,.T.);
#40380=CARTESIAN_POINT('',(3.15200498876192,-0.00403805922287517,
4.3499999999999));
#40390=DIRECTION('',(9.23210269529529E-30,-1.,9.93129189996637E-16));
#40400=DIRECTION('',(4.29878355134824E-12,-9.93129189996637E-16,-1.));
#40410=AXIS2_PLACEMENT_3D('',#40380,#40390,#40400);
#40420=CIRCLE('',#40410,0.200000000000017);
#40430=CARTESIAN_POINT('',(3.15200498876192,-0.00403805922287551,
4.14999999999988));
#40440=VERTEX_POINT('',#40430);
#40450=EDGE_CURVE('',#40440,#2330,#40420,.T.);
#40460=ORIENTED_EDGE('',*,*,#40450,.T.);
#40470=CARTESIAN_POINT('',(1.50203416229077,-0.00403805922287581,
4.14999999999992));
#40480=DIRECTION('',(1.,0.,0.));
#40490=VECTOR('',#40480,1.);
#40500=LINE('',#40470,#40490);
#40510=CARTESIAN_POINT('',(1.50203416229074,-0.0040380592228767,
4.14999999999992));
#40520=VERTEX_POINT('',#40510);
#40530=EDGE_CURVE('',#40520,#40440,#40500,.T.);
#40540=ORIENTED_EDGE('',*,*,#40530,.T.);
#40550=CARTESIAN_POINT('',(1.50203416229077,-0.0040380592228767,
4.14999999999991));
#40560=DIRECTION('',(8.88178419700001E-16,7.77156117237501E-16,1.));
#40570=VECTOR('',#40560,1.);
#40580=LINE('',#40550,#40570);
#40590=EDGE_CURVE('',#40520,#40030,#40580,.T.);
#40600=ORIENTED_EDGE('',*,*,#40590,.F.);
#40610=EDGE_LOOP('',(#40600,#40540,#40460,#40370,#40360,#40350,#40340,
#40330,#40320,#40310,#40300,#40290,#40220,#40140,#40050));
#40620=FACE_OUTER_BOUND('',#40610,.T.);
#40630=ADVANCED_FACE('',(#40620),#39950,.F.);
#40640=COLOUR_RGB('',0.600000023841858,0.600000023841858,
0.600000023841858);
#40650=FILL_AREA_STYLE_COLOUR('',#40640);
#40660=FILL_AREA_STYLE('',(#40650));
#40670=SURFACE_STYLE_FILL_AREA(#40660);
#40680=SURFACE_SIDE_STYLE('',(#40670));
#40690=SURFACE_STYLE_USAGE(.BOTH.,#40680);
#40700=PRESENTATION_STYLE_ASSIGNMENT((#40690));
#40710=CARTESIAN_POINT('',(1.50203416229077,0.345961940777124,
5.05733198504069));
#40720=DIRECTION('',(-9.95306218217533E-16,-7.78436318872315E-16,-1.));
#40730=DIRECTION('',(-1.,7.74589915665543E-31,9.95306218217533E-16));
#40740=AXIS2_PLACEMENT_3D('',#40710,#40720,#40730);
#40750=CYLINDRICAL_SURFACE('',#40740,0.35);
#40760=CARTESIAN_POINT('',(1.50203416229077,0.345961940777124,
4.64999999999998));
#40770=DIRECTION('',(8.55927180181261E-16,-1.31155824000402E-16,1.));
#40780=DIRECTION('',(-0.151464565364387,-0.988462687934642,0.));
#40790=AXIS2_PLACEMENT_3D('',#40760,#40770,#40780);
#40800=CIRCLE('',#40790,0.35);
#40810=EDGE_CURVE('',#6610,#40030,#40800,.T.);
#40820=ORIENTED_EDGE('',*,*,#40810,.F.);
#40830=ORIENTED_EDGE('',*,*,#40590,.T.);
#40840=CARTESIAN_POINT('',(1.50203416229077,0.345961940777123,
4.14999999999991));
#40850=DIRECTION('',(-9.95306218217419E-16,1.45861568162319E-28,-1.));
#40860=DIRECTION('',(-1.46549439250521E-13,-1.,0.));
#40870=AXIS2_PLACEMENT_3D('',#40840,#40850,#40860);
#40880=CIRCLE('',#40870,0.35);
#40890=EDGE_CURVE('',#40520,#6690,#40880,.T.);
#40900=ORIENTED_EDGE('',*,*,#40890,.F.);
#40910=ORIENTED_EDGE('',*,*,#6700,.T.);
#40920=EDGE_LOOP('',(#40910,#40900,#40830,#40820));
#40930=FACE_OUTER_BOUND('',#40920,.T.);
#40940=ADVANCED_FACE('',(#40930),#40750,.T.);
#40950=COLOUR_RGB('',0.600000023841858,0.600000023841858,
0.600000023841858);
#40960=FILL_AREA_STYLE_COLOUR('',#40950);
#40970=FILL_AREA_STYLE('',(#40960));
#40980=SURFACE_STYLE_FILL_AREA(#40970);
#40990=SURFACE_SIDE_STYLE('',(#40980));
#41000=SURFACE_STYLE_USAGE(.BOTH.,#40990);
#41010=PRESENTATION_STYLE_ASSIGNMENT((#41000));
#41020=CARTESIAN_POINT('',(0.902004988761916,0.245961940777125,
4.64999999999998));
#41030=DIRECTION('',(-4.12269334299985E-16,-9.95276753369398E-16,-1.));
#41040=DIRECTION('',(-1.,-2.04740447771424E-34,4.12269334299985E-16));
#41050=AXIS2_PLACEMENT_3D('',#41020,#41030,#41040);
#41060=PLANE('',#41050);
#41070=CARTESIAN_POINT('',(1.88200498876192,-6.66133814775094E-16,
4.64999999999996));
#41080=DIRECTION('',(0.,-1.,0.));
#41090=VECTOR('',#41080,1.);
#41100=LINE('',#41070,#41090);
#41110=EDGE_CURVE('',#6530,#40010,#41100,.T.);
#41120=ORIENTED_EDGE('',*,*,#41110,.F.);
#41130=ORIENTED_EDGE('',*,*,#40040,.F.);
#41140=ORIENTED_EDGE('',*,*,#40810,.T.);
#41150=ORIENTED_EDGE('',*,*,#6620,.T.);
#41160=EDGE_LOOP('',(#41150,#41140,#41130,#41120));
#41170=FACE_OUTER_BOUND('',#41160,.T.);
#41180=ADVANCED_FACE('',(#41170),#41060,.F.);
#41190=COLOUR_RGB('',0.600000023841858,0.600000023841858,
0.600000023841858);
#41200=FILL_AREA_STYLE_COLOUR('',#41190);
#41210=FILL_AREA_STYLE('',(#41200));
#41220=SURFACE_STYLE_FILL_AREA(#41210);
#41230=SURFACE_SIDE_STYLE('',(#41220));
#41240=SURFACE_STYLE_USAGE(.BOTH.,#41230);
#41250=PRESENTATION_STYLE_ASSIGNMENT((#41240));
#41260=CARTESIAN_POINT('',(1.88200498876192,0.245961940777125,
4.84999999999995));
#41270=DIRECTION('',(-1.92592994438725E-34,1.,-9.95276753369398E-16));
#41280=DIRECTION('',(1.,1.92592994438725E-34,0.));
#41290=AXIS2_PLACEMENT_3D('',#41260,#41270,#41280);
#41300=CYLINDRICAL_SURFACE('',#41290,0.199999999999992);
#41310=ORIENTED_EDGE('',*,*,#41110,.T.);
#41320=ORIENTED_EDGE('',*,*,#6540,.F.);
#41330=CARTESIAN_POINT('',(1.88200498876192,-0.00403805922287476,
5.04999999999994));
#41340=DIRECTION('',(0.,1.,0.));
#41350=VECTOR('',#41340,1.);
#41360=LINE('',#41330,#41350);
#41370=EDGE_CURVE('',#40120,#6440,#41360,.T.);
#41380=ORIENTED_EDGE('',*,*,#41370,.T.);
#41390=ORIENTED_EDGE('',*,*,#40130,.F.);
#41400=EDGE_LOOP('',(#41390,#41380,#41320,#41310));
#41410=FACE_OUTER_BOUND('',#41400,.T.);
#41420=ADVANCED_FACE('',(#41410),#41300,.F.);
#41430=COLOUR_RGB('',0.600000023841858,0.600000023841858,
0.600000023841858);
#41440=FILL_AREA_STYLE_COLOUR('',#41430);
#41450=FILL_AREA_STYLE('',(#41440));
#41460=SURFACE_STYLE_FILL_AREA(#41450);
#41470=SURFACE_SIDE_STYLE('',(#41460));
#41480=SURFACE_STYLE_USAGE(.BOTH.,#41470);
#41490=PRESENTATION_STYLE_ASSIGNMENT((#41480));
#41500=CARTESIAN_POINT('',(1.88200498876192,0.245961940777125,
5.04999999999993));
#41510=DIRECTION('',(4.12269334299985E-16,9.95276753369398E-16,1.));
#41520=DIRECTION('',(1.,2.04740447771424E-34,-4.12269334299985E-16));
#41530=AXIS2_PLACEMENT_3D('',#41500,#41510,#41520);
#41540=PLANE('',#41530);
#41550=CARTESIAN_POINT('',(1.63200498876192,-6.38378239159465E-16,
5.04999999999997));
#41560=DIRECTION('',(0.,-1.,0.));
#41570=VECTOR('',#41560,1.);
#41580=LINE('',#41550,#41570);
#41590=EDGE_CURVE('',#6360,#40200,#41580,.T.);
#41600=ORIENTED_EDGE('',*,*,#41590,.F.);
#41610=ORIENTED_EDGE('',*,*,#40210,.F.);
#41620=ORIENTED_EDGE('',*,*,#41370,.F.);
#41630=ORIENTED_EDGE('',*,*,#6450,.T.);
#41640=EDGE_LOOP('',(#41630,#41620,#41610,#41600));
#41650=FACE_OUTER_BOUND('',#41640,.T.);
#41660=ADVANCED_FACE('',(#41650),#41540,.F.);
#41670=COLOUR_RGB('',0.600000023841858,0.600000023841858,
0.600000023841858);
#41680=FILL_AREA_STYLE_COLOUR('',#41670);
#41690=FILL_AREA_STYLE('',(#41680));
#41700=SURFACE_STYLE_FILL_AREA(#41690);
#41710=SURFACE_SIDE_STYLE('',(#41700));
#41720=SURFACE_STYLE_USAGE(.BOTH.,#41710);
#41730=PRESENTATION_STYLE_ASSIGNMENT((#41720));
#41740=CARTESIAN_POINT('',(1.63200498876192,0.245961940777125,
5.24999999999997));
#41750=DIRECTION('',(-1.92592994438725E-34,1.,-9.95276753369398E-16));
#41760=DIRECTION('',(1.,1.92592994438725E-34,0.));
#41770=AXIS2_PLACEMENT_3D('',#41740,#41750,#41760);
#41780=CYLINDRICAL_SURFACE('',#41770,0.199999999999997);
#41790=ORIENTED_EDGE('',*,*,#6370,.F.);
#41800=ORIENTED_EDGE('',*,*,#39780,.T.);
#41810=ORIENTED_EDGE('',*,*,#40280,.F.);
#41820=ORIENTED_EDGE('',*,*,#41590,.T.);
#41830=EDGE_LOOP('',(#41820,#41810,#41800,#41790));
#41840=FACE_OUTER_BOUND('',#41830,.T.);
#41850=ADVANCED_FACE('',(#41840),#41780,.T.);
#41860=COLOUR_RGB('',0.600000023841858,0.600000023841858,
0.600000023841858);
#41870=FILL_AREA_STYLE_COLOUR('',#41860);
#41880=FILL_AREA_STYLE('',(#41870));
#41890=SURFACE_STYLE_FILL_AREA(#41880);
#41900=SURFACE_SIDE_STYLE('',(#41890));
#41910=SURFACE_STYLE_USAGE(.BOTH.,#41900);
#41920=PRESENTATION_STYLE_ASSIGNMENT((#41910));
#41930=CARTESIAN_POINT('',(0.9116,0.299999999999999,4.14999999999992));
#41940=DIRECTION('',(-5.67472333619398E-54,2.94648481515741E-20,-1.));
#41950=DIRECTION('',(-1.,-1.92592994438725E-34,-8.11388845462873E-69));
#41960=AXIS2_PLACEMENT_3D('',#41930,#41940,#41950);
#41970=PLANE('',#41960);
#41980=ORIENTED_EDGE('',*,*,#40890,.T.);
#41990=ORIENTED_EDGE('',*,*,#40530,.F.);
#42000=CARTESIAN_POINT('',(3.15200498876192,-0.0040380592228754,
4.14999999999988));
#42010=DIRECTION('',(0.,1.,0.));
#42020=VECTOR('',#42010,1.);
#42030=LINE('',#42000,#42020);
#42040=EDGE_CURVE('',#40440,#6770,#42030,.T.);
#42050=ORIENTED_EDGE('',*,*,#42040,.F.);
#42060=ORIENTED_EDGE('',*,*,#6780,.F.);
#42070=EDGE_LOOP('',(#42060,#42050,#41990,#41980));
#42080=FACE_OUTER_BOUND('',#42070,.T.);
#42090=ADVANCED_FACE('',(#42080),#41970,.T.);
#42100=COLOUR_RGB('',0.600000023841858,0.600000023841858,
0.600000023841858);
#42110=FILL_AREA_STYLE_COLOUR('',#42100);
#42120=FILL_AREA_STYLE('',(#42110));
#42130=SURFACE_STYLE_FILL_AREA(#42120);
#42140=SURFACE_SIDE_STYLE('',(#42130));
#42150=SURFACE_STYLE_USAGE(.BOTH.,#42140);
#42160=PRESENTATION_STYLE_ASSIGNMENT((#42150));
#42170=CARTESIAN_POINT('',(3.15200498876192,0.245961940777125,
4.3499999999999));
#42180=DIRECTION('',(-1.92592994438725E-34,1.,-9.95276753369398E-16));
#42190=DIRECTION('',(1.,1.92592994438725E-34,0.));
#42200=AXIS2_PLACEMENT_3D('',#42170,#42180,#42190);
#42210=CYLINDRICAL_SURFACE('',#42200,0.200000000000017);
#42220=ORIENTED_EDGE('',*,*,#6850,.F.);
#42230=ORIENTED_EDGE('',*,*,#42040,.T.);
#42240=ORIENTED_EDGE('',*,*,#40450,.F.);
#42250=ORIENTED_EDGE('',*,*,#2340,.T.);
#42260=EDGE_LOOP('',(#42250,#42240,#42230,#42220));
#42270=FACE_OUTER_BOUND('',#42260,.T.);
#42280=ADVANCED_FACE('',(#42270),#42210,.T.);
#42290=COLOUR_RGB('',0.600000023841858,0.600000023841858,
0.600000023841858);
#42300=FILL_AREA_STYLE_COLOUR('',#42290);
#42310=FILL_AREA_STYLE('',(#42300));
#42320=SURFACE_STYLE_FILL_AREA(#42310);
#42330=SURFACE_SIDE_STYLE('',(#42320));
#42340=SURFACE_STYLE_USAGE(.BOTH.,#42330);
#42350=PRESENTATION_STYLE_ASSIGNMENT((#42340));
#42360=CARTESIAN_POINT('',(3.35200498876191,0.245961940777116,
-4.35000000000003));
#42370=DIRECTION('',(-1.,-1.8770265983715E-34,-1.6597182435895E-16));
#42380=DIRECTION('',(-1.6597182435895E-16,9.95276753369398E-16,1.));
#42390=AXIS2_PLACEMENT_3D('',#42360,#42370,#42380);
#42400=PLANE('',#42390);
#42410=ORIENTED_EDGE('',*,*,#1790,.F.);
#42420=CARTESIAN_POINT('',(3.35200498876191,0.245961940777115,
-5.10000000000006));
#42430=DIRECTION('',(0.,1.02089605977526E-15,1.));
#42440=VECTOR('',#42430,1.);
#42450=LINE('',#42420,#42440);
#42460=CARTESIAN_POINT('',(3.35200498876192,0.245961940777115,
-5.10000000000014));
#42470=VERTEX_POINT('',#42460);
#42480=EDGE_CURVE('',#42470,#1700,#42450,.T.);
#42490=ORIENTED_EDGE('',*,*,#42480,.T.);
#42500=CARTESIAN_POINT('',(3.35200498876192,0.245961940777115,
-5.10000000000006));
#42510=DIRECTION('',(0.,-1.,0.));
#42520=VECTOR('',#42510,1.);
#42530=LINE('',#42500,#42520);
#42540=CARTESIAN_POINT('',(3.35200498876191,-0.00403805922288502,
-5.10000000000008));
#42550=VERTEX_POINT('',#42540);
#42560=EDGE_CURVE('',#42470,#42550,#42530,.T.);
#42570=ORIENTED_EDGE('',*,*,#42560,.F.);
#42580=CARTESIAN_POINT('',(3.35200498876191,-0.00403805922288502,
-5.10000000000008));
#42590=DIRECTION('',(1.18423789293341E-15,9.95731275210612E-16,1.));
#42600=VECTOR('',#42590,1.);
#42610=LINE('',#42580,#42600);
#42620=CARTESIAN_POINT('',(3.35200498876191,-0.004038059222884,
-4.35000000000003));
#42630=VERTEX_POINT('',#42620);
#42640=EDGE_CURVE('',#42550,#42630,#42610,.T.);
#42650=ORIENTED_EDGE('',*,*,#42640,.F.);
#42660=CARTESIAN_POINT('',(3.35200498876191,-0.00403805922288406,
-4.35000000000003));
#42670=DIRECTION('',(0.,1.,0.));
#42680=VECTOR('',#42670,1.);
#42690=LINE('',#42660,#42680);
#42700=EDGE_CURVE('',#42630,#6940,#42690,.T.);
#42710=ORIENTED_EDGE('',*,*,#42700,.F.);
#42720=ORIENTED_EDGE('',*,*,#6950,.T.);
#42730=EDGE_LOOP('',(#42720,#42710,#42650,#42570,#42490,#42410));
#42740=FACE_OUTER_BOUND('',#42730,.T.);
#42750=ADVANCED_FACE('',(#42740),#42400,.F.);
#42760=COLOUR_RGB('',0.600000023841858,0.600000023841858,
0.600000023841858);
#42770=FILL_AREA_STYLE_COLOUR('',#42760);
#42780=FILL_AREA_STYLE('',(#42770));
#42790=SURFACE_STYLE_FILL_AREA(#42780);
#42800=SURFACE_SIDE_STYLE('',(#42790));
#42810=SURFACE_STYLE_USAGE(.BOTH.,#42800);
#42820=PRESENTATION_STYLE_ASSIGNMENT((#42810));
#42830=CARTESIAN_POINT('',(-0.147995011238218,0.245961940776803,-318.5))
;
#42840=DIRECTION('',(-4.10526825003624E-31,1.,-9.95276753369398E-16));
#42850=DIRECTION('',(1.,2.04740447771949E-34,-4.12269334299985E-16));
#42860=AXIS2_PLACEMENT_3D('',#42830,#42840,#42850);
#42870=PLANE('',#42860);
#42880=CARTESIAN_POINT('',(1.53200498876191,0.245961940777114,
-5.60000000000001));
#42890=DIRECTION('',(-2.66509916025178E-32,1.,-9.71445146546964E-16));
#42900=DIRECTION('',(1.1102230246251E-15,-9.71445146546964E-16,-1.));
#42910=AXIS2_PLACEMENT_3D('',#42880,#42890,#42900);
#42920=CIRCLE('',#42910,0.20000000000001);
#42930=CARTESIAN_POINT('',(1.53200498876191,0.245961940777114,
-5.80000000000004));
#42940=VERTEX_POINT('',#42930);
#42950=EDGE_CURVE('',#42940,#1610,#42920,.T.);
#42960=ORIENTED_EDGE('',*,*,#42950,.T.);
#42970=CARTESIAN_POINT('',(1.53200498876191,0.245961940777114,
-5.80000000000004));
#42980=DIRECTION('',(1.,0.,8.7985887593284E-15));
#42990=VECTOR('',#42980,1.);
#43000=LINE('',#42970,#42990);
#43010=CARTESIAN_POINT('',(2.33956942346375,0.245961940777114,
-5.80000000000001));
#43020=VERTEX_POINT('',#43010);
#43030=EDGE_CURVE('',#42940,#43020,#43000,.T.);
#43040=ORIENTED_EDGE('',*,*,#43030,.F.);
#43050=CARTESIAN_POINT('',(3.25200498876196,0.245961940777115,
-5.2732050807569));
#43060=DIRECTION('',(-0.866025403784436,-5.00532481838135E-16,
-0.500000000000004));
#43070=VECTOR('',#43060,1.);
#43080=LINE('',#43050,#43070);
#43090=CARTESIAN_POINT('',(3.25200498876194,0.245961940777115,
-5.27320508075695));
#43100=VERTEX_POINT('',#43090);
#43110=EDGE_CURVE('',#43100,#43020,#43080,.T.);
#43120=ORIENTED_EDGE('',*,*,#43110,.T.);
#43130=CARTESIAN_POINT('',(3.15200498876191,0.245961940777115,
-5.10000000000006));
#43140=DIRECTION('',(-6.62987500478911E-28,1.,-9.95276753369398E-16));
#43150=DIRECTION('',(1.,0.,-6.66133814775077E-13));
#43160=AXIS2_PLACEMENT_3D('',#43130,#43140,#43150);
#43170=CIRCLE('',#43160,0.200000000000005);
#43180=EDGE_CURVE('',#42470,#43100,#43170,.T.);
#43190=ORIENTED_EDGE('',*,*,#43180,.T.);
#43200=ORIENTED_EDGE('',*,*,#42480,.F.);
#43210=ORIENTED_EDGE('',*,*,#1710,.T.);
#43220=EDGE_LOOP('',(#43210,#43200,#43190,#43120,#43040,#42960));
#43230=FACE_OUTER_BOUND('',#43220,.T.);
#43240=ADVANCED_FACE('',(#43230),#42870,.T.);
#43250=COLOUR_RGB('',0.600000023841858,0.600000023841858,
0.600000023841858);
#43260=FILL_AREA_STYLE_COLOUR('',#43250);
#43270=FILL_AREA_STYLE('',(#43260));
#43280=SURFACE_STYLE_FILL_AREA(#43270);
#43290=SURFACE_SIDE_STYLE('',(#43280));
#43300=SURFACE_STYLE_USAGE(.BOTH.,#43290);
#43310=PRESENTATION_STYLE_ASSIGNMENT((#43300));
#43320=CARTESIAN_POINT('',(1.53200498876191,0.245961940777114,
-5.60000000000001));
#43330=DIRECTION('',(-1.92592994438725E-34,1.,-9.95276753369398E-16));
#43340=DIRECTION('',(1.,1.92592994438725E-34,0.));
#43350=AXIS2_PLACEMENT_3D('',#43320,#43330,#43340);
#43360=CYLINDRICAL_SURFACE('',#43350,0.20000000000001);
#43370=ORIENTED_EDGE('',*,*,#42950,.F.);
#43380=ORIENTED_EDGE('',*,*,#1620,.F.);
#43390=ORIENTED_EDGE('',*,*,#7860,.F.);
#43400=CARTESIAN_POINT('',(1.3320049887619,-0.0040380592228855,
-5.60000000000001));
#43410=DIRECTION('',(0.,1.,0.));
#43420=VECTOR('',#43410,1.);
#43430=LINE('',#43400,#43420);
#43440=CARTESIAN_POINT('',(1.33200498876191,-0.00403805922288552,
-5.60000000000008));
#43450=VERTEX_POINT('',#43440);
#43460=EDGE_CURVE('',#43450,#7780,#43430,.T.);
#43470=ORIENTED_EDGE('',*,*,#43460,.T.);
#43480=CARTESIAN_POINT('',(1.53200498876191,-0.0040380592228855,
-5.60000000000001));
#43490=DIRECTION('',(-6.2762816712002E-28,-1.,9.95276753369398E-16));
#43500=DIRECTION('',(-1.,0.,-6.30606677987058E-13));
#43510=AXIS2_PLACEMENT_3D('',#43480,#43490,#43500);
#43520=CIRCLE('',#43510,0.20000000000001);
#43530=CARTESIAN_POINT('',(1.53200498876191,-0.00403805922288572,
-5.80000000000001));
#43540=VERTEX_POINT('',#43530);
#43550=EDGE_CURVE('',#43450,#43540,#43520,.T.);
#43560=ORIENTED_EDGE('',*,*,#43550,.F.);
#43570=CARTESIAN_POINT('',(1.53200498876191,0.245961940777114,
-5.80000000000002));
#43580=DIRECTION('',(0.,-1.,0.));
#43590=VECTOR('',#43580,1.);
#43600=LINE('',#43570,#43590);
#43610=EDGE_CURVE('',#42940,#43540,#43600,.T.);
#43620=ORIENTED_EDGE('',*,*,#43610,.T.);
#43630=EDGE_LOOP('',(#43620,#43560,#43470,#43390,#43380,#43370));
#43640=FACE_OUTER_BOUND('',#43630,.T.);
#43650=ADVANCED_FACE('',(#43640),#43360,.T.);
#43660=COLOUR_RGB('',0.600000023841858,0.600000023841858,
0.600000023841858);
#43670=FILL_AREA_STYLE_COLOUR('',#43660);
#43680=FILL_AREA_STYLE('',(#43670));
#43690=SURFACE_STYLE_FILL_AREA(#43680);
#43700=SURFACE_SIDE_STYLE('',(#43690));
#43710=SURFACE_STYLE_USAGE(.BOTH.,#43700);
#43720=PRESENTATION_STYLE_ASSIGNMENT((#43710));
#43730=CARTESIAN_POINT('',(1.53200498876191,0.245961940777114,
-5.80000000000004));
#43740=DIRECTION('',(-8.4837484912221E-15,9.95276753369399E-16,1.));
#43750=DIRECTION('',(1.,-5.73793666112804E-35,8.4837484912221E-15));
#43760=AXIS2_PLACEMENT_3D('',#43730,#43740,#43750);
#43770=PLANE('',#43760);
#43780=ORIENTED_EDGE('',*,*,#43030,.T.);
#43790=ORIENTED_EDGE('',*,*,#43610,.F.);
#43800=CARTESIAN_POINT('',(1.53200498876191,-0.00403805922288572,
-5.80000000000001));
#43810=DIRECTION('',(1.,0.,0.));
#43820=VECTOR('',#43810,1.);
#43830=LINE('',#43800,#43820);
#43840=CARTESIAN_POINT('',(2.33956942346375,-0.00403805922288572,
-5.80000000000001));
#43850=VERTEX_POINT('',#43840);
#43860=EDGE_CURVE('',#43540,#43850,#43830,.T.);
#43870=ORIENTED_EDGE('',*,*,#43860,.F.);
#43880=CARTESIAN_POINT('',(2.33956942346375,-0.00403805922288566,
-5.80000000000003));
#43890=DIRECTION('',(0.,1.,0.));
#43900=VECTOR('',#43890,1.);
#43910=LINE('',#43880,#43900);
#43920=EDGE_CURVE('',#43850,#43020,#43910,.T.);
#43930=ORIENTED_EDGE('',*,*,#43920,.F.);
#43940=EDGE_LOOP('',(#43930,#43870,#43790,#43780));
#43950=FACE_OUTER_BOUND('',#43940,.T.);
#43960=ADVANCED_FACE('',(#43950),#43770,.F.);
#43970=COLOUR_RGB('',0.600000023841858,0.600000023841858,
0.600000023841858);
#43980=FILL_AREA_STYLE_COLOUR('',#43970);
#43990=FILL_AREA_STYLE('',(#43980));
#44000=SURFACE_STYLE_FILL_AREA(#43990);
#44010=SURFACE_SIDE_STYLE('',(#44000));
#44020=SURFACE_STYLE_USAGE(.BOTH.,#44010);
#44030=PRESENTATION_STYLE_ASSIGNMENT((#44020));
#44040=CARTESIAN_POINT('',(3.25200498876191,0.245961940777115,
-5.27320508075697));
#44050=DIRECTION('',(-0.499999999999986,8.88152902393107E-16,
0.866025403784447));
#44060=DIRECTION('',(0.866025403784447,4.99585628657245E-16,
0.499999999999986));
#44070=AXIS2_PLACEMENT_3D('',#44040,#44050,#44060);
#44080=PLANE('',#44070);
#44090=ORIENTED_EDGE('',*,*,#43110,.F.);
#44100=ORIENTED_EDGE('',*,*,#43920,.T.);
#44110=CARTESIAN_POINT('',(2.33956942346375,-0.00403805922288572,
-5.80000000000001));
#44120=DIRECTION('',(0.866025403784442,4.97239504984034E-16,
0.499999999999993));
#44130=VECTOR('',#44120,1.);
#44140=LINE('',#44110,#44130);
#44150=CARTESIAN_POINT('',(3.25200498876185,-0.00403805922288519,
-5.27320508075701));
#44160=VERTEX_POINT('',#44150);
#44170=EDGE_CURVE('',#43850,#44160,#44140,.T.);
#44180=ORIENTED_EDGE('',*,*,#44170,.F.);
#44190=CARTESIAN_POINT('',(3.25200498876191,-0.004038059222885,
-5.27320508075695));
#44200=DIRECTION('',(0.,1.,0.));
#44210=VECTOR('',#44200,1.);
#44220=LINE('',#44190,#44210);
#44230=EDGE_CURVE('',#44160,#43100,#44220,.T.);
#44240=ORIENTED_EDGE('',*,*,#44230,.F.);
#44250=EDGE_LOOP('',(#44240,#44180,#44100,#44090));
#44260=FACE_OUTER_BOUND('',#44250,.T.);
#44270=ADVANCED_FACE('',(#44260),#44080,.F.);
#44280=COLOUR_RGB('',0.600000023841858,0.600000023841858,
0.600000023841858);
#44290=FILL_AREA_STYLE_COLOUR('',#44280);
#44300=FILL_AREA_STYLE('',(#44290));
#44310=SURFACE_STYLE_FILL_AREA(#44300);
#44320=SURFACE_SIDE_STYLE('',(#44310));
#44330=SURFACE_STYLE_USAGE(.BOTH.,#44320);
#44340=PRESENTATION_STYLE_ASSIGNMENT((#44330));
#44350=CARTESIAN_POINT('',(3.15200498876191,0.245961940777115,
-5.10000000000006));
#44360=DIRECTION('',(-1.92592994438725E-34,1.,-9.95276753369398E-16));
#44370=DIRECTION('',(1.,1.92592994438725E-34,0.));
#44380=AXIS2_PLACEMENT_3D('',#44350,#44360,#44370);
#44390=CYLINDRICAL_SURFACE('',#44380,0.200000000000005);
#44400=ORIENTED_EDGE('',*,*,#43180,.F.);
#44410=ORIENTED_EDGE('',*,*,#44230,.T.);
#44420=CARTESIAN_POINT('',(3.15200498876191,-0.00403805922288486,
-5.10000000000006));
#44430=DIRECTION('',(-5.44988542052216E-19,-1.,9.96220701213777E-16));
#44440=DIRECTION('',(0.499999999999415,-8.6302492929844E-16,
-0.866025403784776));
#44450=AXIS2_PLACEMENT_3D('',#44420,#44430,#44440);
#44460=CIRCLE('',#44450,0.200000000000005);
#44470=EDGE_CURVE('',#44160,#42550,#44460,.T.);
#44480=ORIENTED_EDGE('',*,*,#44470,.F.);
#44490=ORIENTED_EDGE('',*,*,#42560,.T.);
#44500=EDGE_LOOP('',(#44490,#44480,#44410,#44400));
#44510=FACE_OUTER_BOUND('',#44500,.T.);
#44520=ADVANCED_FACE('',(#44510),#44390,.T.);
#44530=COLOUR_RGB('',0.600000023841858,0.600000023841858,
0.600000023841858);
#44540=FILL_AREA_STYLE_COLOUR('',#44530);
#44550=FILL_AREA_STYLE('',(#44540));
#44560=SURFACE_STYLE_FILL_AREA(#44550);
#44570=SURFACE_SIDE_STYLE('',(#44560));
#44580=SURFACE_STYLE_USAGE(.BOTH.,#44570);
#44590=PRESENTATION_STYLE_ASSIGNMENT((#44580));
#44600=CARTESIAN_POINT('',(-0.147995011238218,-0.00403805922319694,
-318.5));
#44610=DIRECTION('',(-4.10526825003624E-31,1.,-9.95276753369398E-16));
#44620=DIRECTION('',(1.,2.04740447771949E-34,-4.12269334299985E-16));
#44630=AXIS2_PLACEMENT_3D('',#44600,#44610,#44620);
#44640=PLANE('',#44630);
#44650=CARTESIAN_POINT('',(3.15200498876191,-0.00403805922288408,
-4.15000000000003));
#44660=DIRECTION('',(-1.,0.,0.));
#44670=VECTOR('',#44660,1.);
#44680=LINE('',#44650,#44670);
#44690=CARTESIAN_POINT('',(3.15200498876191,-0.00403805922288408,
-4.15000000000003));
#44700=VERTEX_POINT('',#44690);
#44710=CARTESIAN_POINT('',(1.50203416229076,-0.00403805922288408,
-4.15000000000003));
#44720=VERTEX_POINT('',#44710);
#44730=EDGE_CURVE('',#44700,#44720,#44680,.T.);
#44740=ORIENTED_EDGE('',*,*,#44730,.T.);
#44750=CARTESIAN_POINT('',(3.15200498876191,-0.00403805922288406,
-4.35000000000003));
#44760=DIRECTION('',(-3.53593333588756E-29,-1.,9.95276753369398E-16));
#44770=DIRECTION('',(1.,0.,3.55271367880045E-14));
#44780=AXIS2_PLACEMENT_3D('',#44750,#44760,#44770);
#44790=CIRCLE('',#44780,0.200000000000003);
#44800=EDGE_CURVE('',#42630,#44700,#44790,.T.);
#44810=ORIENTED_EDGE('',*,*,#44800,.T.);
#44820=ORIENTED_EDGE('',*,*,#42640,.T.);
#44830=ORIENTED_EDGE('',*,*,#44470,.T.);
#44840=ORIENTED_EDGE('',*,*,#44170,.T.);
#44850=ORIENTED_EDGE('',*,*,#43860,.T.);
#44860=ORIENTED_EDGE('',*,*,#43550,.T.);
#44870=CARTESIAN_POINT('',(1.33200498876191,-0.00403805922288527,
-5.35000000000014));
#44880=DIRECTION('',(0.,-9.95731275210687E-16,-1.));
#44890=VECTOR('',#44880,1.);
#44900=LINE('',#44870,#44890);
#44910=CARTESIAN_POINT('',(1.33200498876192,-0.00403805922288527,
-5.35000000000014));
#44920=VERTEX_POINT('',#44910);
#44930=EDGE_CURVE('',#44920,#43450,#44900,.T.);
#44940=ORIENTED_EDGE('',*,*,#44930,.T.);
#44950=CARTESIAN_POINT('',(1.53200498876191,-0.00403805922288539,
-5.35000000000009));
#44960=DIRECTION('',(8.51309679375339E-19,-1.,9.94425443690022E-16));
#44970=DIRECTION('',(-0.707106781186392,7.02563007770635E-16,
0.707106781186703));
#44980=AXIS2_PLACEMENT_3D('',#44950,#44960,#44970);
#44990=CIRCLE('',#44980,0.199999999999992);
#45000=CARTESIAN_POINT('',(1.3905836325246,-0.00403805922288513,
-5.20857864376279));
#45010=VERTEX_POINT('',#45000);
#45020=EDGE_CURVE('',#45010,#44920,#44990,.T.);
#45030=ORIENTED_EDGE('',*,*,#45020,.T.);
#45040=CARTESIAN_POINT('',(1.4905836325248,-0.00403805922288503,
-5.1085786437626));
#45050=DIRECTION('',(-0.707106781186706,-7.05314971673232E-16,
-0.707106781186389));
#45060=VECTOR('',#45050,1.);
#45070=LINE('',#45040,#45060);
#45080=CARTESIAN_POINT('',(1.49058363252468,-0.00403805922288503,
-5.10857864376266));
#45090=VERTEX_POINT('',#45080);
#45100=EDGE_CURVE('',#45090,#45010,#45070,.T.);
#45110=ORIENTED_EDGE('',*,*,#45100,.T.);
#45120=CARTESIAN_POINT('',(1.63200498876191,-0.00403805922288528,
-5.25000000000004));
#45130=DIRECTION('',(1.08319507524638E-29,-1.,9.93129189996704E-16));
#45140=DIRECTION('',(-5.04374320087199E-12,9.93129189996704E-16,1.));
#45150=AXIS2_PLACEMENT_3D('',#45120,#45130,#45140);
#45160=CIRCLE('',#45150,0.200000000000004);
#45170=CARTESIAN_POINT('',(1.63200498876141,-0.00403805922288497,
-5.05000000000007));
#45180=VERTEX_POINT('',#45170);
#45190=EDGE_CURVE('',#45180,#45090,#45160,.T.);
#45200=ORIENTED_EDGE('',*,*,#45190,.T.);
#45210=CARTESIAN_POINT('',(1.88200498876155,-0.00403805922288497,
-5.05000000000007));
#45220=DIRECTION('',(-1.,0.,0.));
#45230=VECTOR('',#45220,1.);
#45240=LINE('',#45210,#45230);
#45250=CARTESIAN_POINT('',(1.88200498876173,-0.00403805922288497,
-5.05000000000001));
#45260=VERTEX_POINT('',#45250);
#45270=EDGE_CURVE('',#45260,#45180,#45240,.T.);
#45280=ORIENTED_EDGE('',*,*,#45270,.T.);
#45290=CARTESIAN_POINT('',(1.88200498876191,-0.00403805922288472,
-4.85000000000003));
#45300=DIRECTION('',(2.19168130870466E-33,1.,-9.93129189996761E-16));
#45310=DIRECTION('',(1.1102230246252E-15,9.93129189996761E-16,1.));
#45320=AXIS2_PLACEMENT_3D('',#45290,#45300,#45310);
#45330=CIRCLE('',#45320,0.199999999999992);
#45340=CARTESIAN_POINT('',(1.88200498876191,-0.00403805922288457,
-4.65000000000003));
#45350=VERTEX_POINT('',#45340);
#45360=EDGE_CURVE('',#45350,#45260,#45330,.T.);
#45370=ORIENTED_EDGE('',*,*,#45360,.T.);
#45380=CARTESIAN_POINT('',(1.50203416229076,-0.00403805922288457,
-4.65000000000003));
#45390=DIRECTION('',(1.,0.,0.));
#45400=VECTOR('',#45390,1.);
#45410=LINE('',#45380,#45400);
#45420=CARTESIAN_POINT('',(1.50203416229075,-0.00403805922288486,
-4.65000000000005));
#45430=VERTEX_POINT('',#45420);
#45440=EDGE_CURVE('',#45430,#45350,#45410,.T.);
#45450=ORIENTED_EDGE('',*,*,#45440,.T.);
#45460=CARTESIAN_POINT('',(1.50203416229076,-0.00403805922288486,
-4.65000000000006));
#45470=DIRECTION('',(8.88178419700108E-16,9.99200722162621E-16,1.));
#45480=VECTOR('',#45470,1.);
#45490=LINE('',#45460,#45480);
#45500=EDGE_CURVE('',#45430,#44720,#45490,.T.);
#45510=ORIENTED_EDGE('',*,*,#45500,.F.);
#45520=EDGE_LOOP('',(#45510,#45450,#45370,#45280,#45200,#45110,#45030,
#44940,#44860,#44850,#44840,#44830,#44820,#44810,#44740));
#45530=FACE_OUTER_BOUND('',#45520,.T.);
#45540=ADVANCED_FACE('',(#45530),#44640,.F.);
#45550=COLOUR_RGB('',0.600000023841858,0.600000023841858,
0.600000023841858);
#45560=FILL_AREA_STYLE_COLOUR('',#45550);
#45570=FILL_AREA_STYLE('',(#45560));
#45580=SURFACE_STYLE_FILL_AREA(#45570);
#45590=SURFACE_SIDE_STYLE('',(#45580));
#45600=SURFACE_STYLE_USAGE(.BOTH.,#45590);
#45610=PRESENTATION_STYLE_ASSIGNMENT((#45600));
#45620=CARTESIAN_POINT('',(1.50203416229076,0.345961940777116,
-3.74266801495933));
#45630=DIRECTION('',(-7.78465783720452E-16,-9.95276753369398E-16,-1.));
#45640=DIRECTION('',(1.89583336273677E-31,1.,-9.95276753369398E-16));
#45650=AXIS2_PLACEMENT_3D('',#45620,#45630,#45640);
#45660=CYLINDRICAL_SURFACE('',#45650,0.35);
#45670=CARTESIAN_POINT('',(1.50203416229076,0.345961940777116,
-4.15000000000005));
#45680=DIRECTION('',(6.11596678853927E-16,-9.37164611995249E-17,1.));
#45690=DIRECTION('',(-0.151464565364534,-0.988462687934619,0.));
#45700=AXIS2_PLACEMENT_3D('',#45670,#45680,#45690);
#45710=CIRCLE('',#45700,0.35);
#45720=EDGE_CURVE('',#7110,#44720,#45710,.T.);
#45730=ORIENTED_EDGE('',*,*,#45720,.F.);
#45740=ORIENTED_EDGE('',*,*,#45500,.T.);
#45750=CARTESIAN_POINT('',(1.50203416229076,0.345961940777115,
-4.65000000000006));
#45760=DIRECTION('',(-7.7846578372041E-16,3.25953497371266E-29,-1.));
#45770=DIRECTION('',(-4.18712683572916E-14,-1.,0.));
#45780=AXIS2_PLACEMENT_3D('',#45750,#45760,#45770);
#45790=CIRCLE('',#45780,0.35);
#45800=EDGE_CURVE('',#45430,#7190,#45790,.T.);
#45810=ORIENTED_EDGE('',*,*,#45800,.F.);
#45820=ORIENTED_EDGE('',*,*,#7200,.T.);
#45830=EDGE_LOOP('',(#45820,#45810,#45740,#45730));
#45840=FACE_OUTER_BOUND('',#45830,.T.);
#45850=ADVANCED_FACE('',(#45840),#45660,.T.);
#45860=COLOUR_RGB('',0.600000023841858,0.600000023841858,
0.600000023841858);
#45870=FILL_AREA_STYLE_COLOUR('',#45860);
#45880=FILL_AREA_STYLE('',(#45870));
#45890=SURFACE_STYLE_FILL_AREA(#45880);
#45900=SURFACE_SIDE_STYLE('',(#45890));
#45910=SURFACE_STYLE_USAGE(.BOTH.,#45900);
#45920=PRESENTATION_STYLE_ASSIGNMENT((#45910));
#45930=CARTESIAN_POINT('',(0.902004988761912,0.245961940777116,
-4.15000000000005));
#45940=DIRECTION('',(-4.12269334299985E-16,-9.95276753369398E-16,-1.));
#45950=DIRECTION('',(-1.,-2.04740447771424E-34,4.12269334299985E-16));
#45960=AXIS2_PLACEMENT_3D('',#45930,#45940,#45950);
#45970=PLANE('',#45960);
#45980=CARTESIAN_POINT('',(3.15200498876191,-2.77555756156289E-16,
-4.15000000000003));
#45990=DIRECTION('',(0.,-1.,0.));
#46000=VECTOR('',#45990,1.);
#46010=LINE('',#45980,#46000);
#46020=EDGE_CURVE('',#7030,#44700,#46010,.T.);
#46030=ORIENTED_EDGE('',*,*,#46020,.F.);
#46040=ORIENTED_EDGE('',*,*,#44730,.F.);
#46050=ORIENTED_EDGE('',*,*,#45720,.T.);
#46060=ORIENTED_EDGE('',*,*,#7120,.T.);
#46070=EDGE_LOOP('',(#46060,#46050,#46040,#46030));
#46080=FACE_OUTER_BOUND('',#46070,.T.);
#46090=ADVANCED_FACE('',(#46080),#45970,.F.);
#46100=COLOUR_RGB('',0.600000023841858,0.600000023841858,
0.600000023841858);
#46110=FILL_AREA_STYLE_COLOUR('',#46100);
#46120=FILL_AREA_STYLE('',(#46110));
#46130=SURFACE_STYLE_FILL_AREA(#46120);
#46140=SURFACE_SIDE_STYLE('',(#46130));
#46150=SURFACE_STYLE_USAGE(.BOTH.,#46140);
#46160=PRESENTATION_STYLE_ASSIGNMENT((#46150));
#46170=CARTESIAN_POINT('',(3.15200498876191,0.245961940777116,
-4.35000000000003));
#46180=DIRECTION('',(-1.92592994438725E-34,1.,-9.95276753369398E-16));
#46190=DIRECTION('',(1.,1.92592994438725E-34,0.));
#46200=AXIS2_PLACEMENT_3D('',#46170,#46180,#46190);
#46210=CYLINDRICAL_SURFACE('',#46200,0.200000000000003);
#46220=ORIENTED_EDGE('',*,*,#7040,.F.);
#46230=ORIENTED_EDGE('',*,*,#42700,.T.);
#46240=ORIENTED_EDGE('',*,*,#44800,.F.);
#46250=ORIENTED_EDGE('',*,*,#46020,.T.);
#46260=EDGE_LOOP('',(#46250,#46240,#46230,#46220));
#46270=FACE_OUTER_BOUND('',#46260,.T.);
#46280=ADVANCED_FACE('',(#46270),#46210,.T.);
#46290=COLOUR_RGB('',0.600000023841858,0.600000023841858,
0.600000023841858);
#46300=FILL_AREA_STYLE_COLOUR('',#46290);
#46310=FILL_AREA_STYLE('',(#46300));
#46320=SURFACE_STYLE_FILL_AREA(#46310);
#46330=SURFACE_SIDE_STYLE('',(#46320));
#46340=SURFACE_STYLE_USAGE(.BOTH.,#46330);
#46350=PRESENTATION_STYLE_ASSIGNMENT((#46340));
#46360=CARTESIAN_POINT('',(0.911600000000001,0.299999999999999,
-4.65000000000005));
#46370=DIRECTION('',(-5.67472333619398E-54,2.94648481515741E-20,-1.));
#46380=DIRECTION('',(-1.,-1.92592994438725E-34,-8.11388845462873E-69));
#46390=AXIS2_PLACEMENT_3D('',#46360,#46370,#46380);
#46400=PLANE('',#46390);
#46410=ORIENTED_EDGE('',*,*,#45800,.T.);
#46420=ORIENTED_EDGE('',*,*,#45440,.F.);
#46430=CARTESIAN_POINT('',(1.88200498876191,-0.00403805922288453,
-4.65000000000004));
#46440=DIRECTION('',(0.,1.,0.));
#46450=VECTOR('',#46440,1.);
#46460=LINE('',#46430,#46450);
#46470=EDGE_CURVE('',#45350,#7270,#46460,.T.);
#46480=ORIENTED_EDGE('',*,*,#46470,.F.);
#46490=ORIENTED_EDGE('',*,*,#7280,.F.);
#46500=EDGE_LOOP('',(#46490,#46480,#46420,#46410));
#46510=FACE_OUTER_BOUND('',#46500,.T.);
#46520=ADVANCED_FACE('',(#46510),#46400,.T.);
#46530=COLOUR_RGB('',0.600000023841858,0.600000023841858,
0.600000023841858);
#46540=FILL_AREA_STYLE_COLOUR('',#46530);
#46550=FILL_AREA_STYLE('',(#46540));
#46560=SURFACE_STYLE_FILL_AREA(#46550);
#46570=SURFACE_SIDE_STYLE('',(#46560));
#46580=SURFACE_STYLE_USAGE(.BOTH.,#46570);
#46590=PRESENTATION_STYLE_ASSIGNMENT((#46580));
#46600=CARTESIAN_POINT('',(1.88200498876191,0.245961940777115,
-4.85000000000003));
#46610=DIRECTION('',(-1.92592994438725E-34,1.,-9.95276753369398E-16));
#46620=DIRECTION('',(1.,1.92592994438725E-34,0.));
#46630=AXIS2_PLACEMENT_3D('',#46600,#46610,#46620);
#46640=CYLINDRICAL_SURFACE('',#46630,0.199999999999992);
#46650=CARTESIAN_POINT('',(1.88200498876191,-6.66133814775094E-16,
-5.05000000000002));
#46660=DIRECTION('',(0.,-1.,0.));
#46670=VECTOR('',#46660,1.);
#46680=LINE('',#46650,#46670);
#46690=EDGE_CURVE('',#7360,#45260,#46680,.T.);
#46700=ORIENTED_EDGE('',*,*,#46690,.T.);
#46710=ORIENTED_EDGE('',*,*,#7370,.F.);
#46720=ORIENTED_EDGE('',*,*,#46470,.T.);
#46730=ORIENTED_EDGE('',*,*,#45360,.F.);
#46740=EDGE_LOOP('',(#46730,#46720,#46710,#46700));
#46750=FACE_OUTER_BOUND('',#46740,.T.);
#46760=ADVANCED_FACE('',(#46750),#46640,.F.);
#46770=COLOUR_RGB('',0.600000023841858,0.600000023841858,
0.600000023841858);
#46780=FILL_AREA_STYLE_COLOUR('',#46770);
#46790=FILL_AREA_STYLE('',(#46780));
#46800=SURFACE_STYLE_FILL_AREA(#46790);
#46810=SURFACE_SIDE_STYLE('',(#46800));
#46820=SURFACE_STYLE_USAGE(.BOTH.,#46810);
#46830=PRESENTATION_STYLE_ASSIGNMENT((#46820));
#46840=CARTESIAN_POINT('',(1.88200498876191,0.245961940777115,
-5.05000000000007));
#46850=DIRECTION('',(-4.12269334299985E-16,-9.95276753369398E-16,-1.));
#46860=DIRECTION('',(-1.,-2.04740447771424E-34,4.12269334299985E-16));
#46870=AXIS2_PLACEMENT_3D('',#46840,#46850,#46860);
#46880=PLANE('',#46870);
#46890=ORIENTED_EDGE('',*,*,#46690,.F.);
#46900=ORIENTED_EDGE('',*,*,#45270,.F.);
#46910=CARTESIAN_POINT('',(1.63200498876191,-0.00403805922288505,
-5.05000000000004));
#46920=DIRECTION('',(0.,1.,0.));
#46930=VECTOR('',#46920,1.);
#46940=LINE('',#46910,#46930);
#46950=EDGE_CURVE('',#45180,#7440,#46940,.T.);
#46960=ORIENTED_EDGE('',*,*,#46950,.F.);
#46970=ORIENTED_EDGE('',*,*,#7450,.T.);
#46980=EDGE_LOOP('',(#46970,#46960,#46900,#46890));
#46990=FACE_OUTER_BOUND('',#46980,.T.);
#47000=ADVANCED_FACE('',(#46990),#46880,.F.);
#47010=COLOUR_RGB('',0.600000023841858,0.600000023841858,
0.600000023841858);
#47020=FILL_AREA_STYLE_COLOUR('',#47010);
#47030=FILL_AREA_STYLE('',(#47020));
#47040=SURFACE_STYLE_FILL_AREA(#47030);
#47050=SURFACE_SIDE_STYLE('',(#47040));
#47060=SURFACE_STYLE_USAGE(.BOTH.,#47050);
#47070=PRESENTATION_STYLE_ASSIGNMENT((#47060));
#47080=CARTESIAN_POINT('',(1.63200498876191,0.245961940777115,
-5.25000000000004));
#47090=DIRECTION('',(-1.92592994438725E-34,1.,-9.95276753369398E-16));
#47100=DIRECTION('',(1.,1.92592994438725E-34,0.));
#47110=AXIS2_PLACEMENT_3D('',#47080,#47090,#47100);
#47120=CYLINDRICAL_SURFACE('',#47110,0.200000000000004);
#47130=ORIENTED_EDGE('',*,*,#7540,.F.);
#47140=ORIENTED_EDGE('',*,*,#46950,.T.);
#47150=ORIENTED_EDGE('',*,*,#45190,.F.);
#47160=CARTESIAN_POINT('',(1.49058363252459,-3.05311331771918E-16,
-5.10857864376274));
#47170=DIRECTION('',(0.,-1.,0.));
#47180=VECTOR('',#47170,1.);
#47190=LINE('',#47160,#47180);
#47200=EDGE_CURVE('',#7530,#45090,#47190,.T.);
#47210=ORIENTED_EDGE('',*,*,#47200,.T.);
#47220=EDGE_LOOP('',(#47210,#47150,#47140,#47130));
#47230=FACE_OUTER_BOUND('',#47220,.T.);
#47240=ADVANCED_FACE('',(#47230),#47120,.T.);
#47250=COLOUR_RGB('',0.600000023841858,0.600000023841858,
0.600000023841858);
#47260=FILL_AREA_STYLE_COLOUR('',#47250);
#47270=FILL_AREA_STYLE('',(#47260));
#47280=SURFACE_STYLE_FILL_AREA(#47270);
#47290=SURFACE_SIDE_STYLE('',(#47280));
#47300=SURFACE_STYLE_USAGE(.BOTH.,#47290);
#47310=PRESENTATION_STYLE_ASSIGNMENT((#47300));
#47320=CARTESIAN_POINT('',(1.4905836325246,0.245961940777115,
-5.10857864376275));
#47330=DIRECTION('',(0.70710678118663,-7.21624131212417E-16,
-0.707106781186465));
#47340=DIRECTION('',(-0.707106781186465,-7.77135282443675E-16,
-0.70710678118663));
#47350=AXIS2_PLACEMENT_3D('',#47320,#47330,#47340);
#47360=PLANE('',#47350);
#47370=ORIENTED_EDGE('',*,*,#47200,.F.);
#47380=ORIENTED_EDGE('',*,*,#45100,.F.);
#47390=CARTESIAN_POINT('',(1.39058363252459,-0.00403805922288522,
-5.2085786437628));
#47400=DIRECTION('',(0.,1.,0.));
#47410=VECTOR('',#47400,1.);
#47420=LINE('',#47390,#47410);
#47430=EDGE_CURVE('',#45010,#7610,#47420,.T.);
#47440=ORIENTED_EDGE('',*,*,#47430,.F.);
#47450=ORIENTED_EDGE('',*,*,#7620,.F.);
#47460=EDGE_LOOP('',(#47450,#47440,#47380,#47370));
#47470=FACE_OUTER_BOUND('',#47460,.T.);
#47480=ADVANCED_FACE('',(#47470),#47360,.F.);
#47490=COLOUR_RGB('',0.600000023841858,0.600000023841858,
0.600000023841858);
#47500=FILL_AREA_STYLE_COLOUR('',#47490);
#47510=FILL_AREA_STYLE('',(#47500));
#47520=SURFACE_STYLE_FILL_AREA(#47510);
#47530=SURFACE_SIDE_STYLE('',(#47520));
#47540=SURFACE_STYLE_USAGE(.BOTH.,#47530);
#47550=PRESENTATION_STYLE_ASSIGNMENT((#47540));
#47560=CARTESIAN_POINT('',(1.53200498876191,0.245961940777115,
-5.35000000000009));
#47570=DIRECTION('',(-1.92592994438725E-34,1.,-9.95276753369398E-16));
#47580=DIRECTION('',(1.,1.92592994438725E-34,0.));
#47590=AXIS2_PLACEMENT_3D('',#47560,#47570,#47580);
#47600=CYLINDRICAL_SURFACE('',#47590,0.199999999999992);
#47610=ORIENTED_EDGE('',*,*,#7710,.F.);
#47620=ORIENTED_EDGE('',*,*,#47430,.T.);
#47630=ORIENTED_EDGE('',*,*,#45020,.F.);
#47640=CARTESIAN_POINT('',(1.33200498876192,-4.44089209850063E-16,
-5.35000000000009));
#47650=DIRECTION('',(0.,-1.,0.));
#47660=VECTOR('',#47650,1.);
#47670=LINE('',#47640,#47660);
#47680=EDGE_CURVE('',#7700,#44920,#47670,.T.);
#47690=ORIENTED_EDGE('',*,*,#47680,.T.);
#47700=EDGE_LOOP('',(#47690,#47630,#47620,#47610));
#47710=FACE_OUTER_BOUND('',#47700,.T.);
#47720=ADVANCED_FACE('',(#47710),#47600,.T.);
#47730=COLOUR_RGB('',0.600000023841858,0.600000023841858,
0.600000023841858);
#47740=FILL_AREA_STYLE_COLOUR('',#47730);
#47750=FILL_AREA_STYLE('',(#47740));
#47760=SURFACE_STYLE_FILL_AREA(#47750);
#47770=SURFACE_SIDE_STYLE('',(#47760));
#47780=SURFACE_STYLE_USAGE(.BOTH.,#47770);
#47790=PRESENTATION_STYLE_ASSIGNMENT((#47780));
#47800=CARTESIAN_POINT('',(1.33200498876191,0.245961940777115,
-5.35000000000009));
#47810=DIRECTION('',(1.,2.04740447771879E-34,-4.12269334299985E-16));
#47820=DIRECTION('',(-4.12269334299985E-16,-9.95276753369398E-16,-1.));
#47830=AXIS2_PLACEMENT_3D('',#47800,#47810,#47820);
#47840=PLANE('',#47830);
#47850=ORIENTED_EDGE('',*,*,#47680,.F.);
#47860=ORIENTED_EDGE('',*,*,#44930,.F.);
#47870=ORIENTED_EDGE('',*,*,#43460,.F.);
#47880=ORIENTED_EDGE('',*,*,#7790,.T.);
#47890=EDGE_LOOP('',(#47880,#47870,#47860,#47850));
#47900=FACE_OUTER_BOUND('',#47890,.T.);
#47910=ADVANCED_FACE('',(#47900),#47840,.F.);
#47920=COLOUR_RGB('',0.600000023841858,0.600000023841858,
0.600000023841858);
#47930=FILL_AREA_STYLE_COLOUR('',#47920);
#47940=FILL_AREA_STYLE('',(#47930));
#47950=SURFACE_STYLE_FILL_AREA(#47940);
#47960=SURFACE_SIDE_STYLE('',(#47950));
#47970=SURFACE_STYLE_USAGE(.BOTH.,#47960);
#47980=PRESENTATION_STYLE_ASSIGNMENT((#47970));
#47990=CARTESIAN_POINT('',(-3.27,-6.91931354976778,-0.550000000000001));
#48000=DIRECTION('',(-1.,-0.,-1.6365315811102E-16));
#48010=DIRECTION('',(-1.6365315811102E-16,0.,1.));
#48020=AXIS2_PLACEMENT_3D('',#47990,#48000,#48010);
#48030=PLANE('',#48020);
#48040=CARTESIAN_POINT('',(-3.27,0.0800000000000001,-3.02999999999999));
#48050=DIRECTION('',(-2.6031735036454E-16,0.,1.));
#48060=VECTOR('',#48050,1.);
#48070=LINE('',#48040,#48060);
#48080=CARTESIAN_POINT('',(-3.27,0.0799999999999992,-3.02999999999999));
#48090=VERTEX_POINT('',#48080);
#48100=CARTESIAN_POINT('',(-3.27,0.0800000000000001,-1.32404682696648));
#48110=VERTEX_POINT('',#48100);
#48120=EDGE_CURVE('',#48090,#48110,#48070,.T.);
#48130=ORIENTED_EDGE('',*,*,#48120,.T.);
#48140=CARTESIAN_POINT('',(-3.27,0.0799999999999992,-3.02999999999999));
#48150=DIRECTION('',(0.,-1.,0.));
#48160=VECTOR('',#48150,1.);
#48170=LINE('',#48140,#48160);
#48180=EDGE_CURVE('',#48090,#9650,#48170,.T.);
#48190=ORIENTED_EDGE('',*,*,#48180,.F.);
#48200=ORIENTED_EDGE('',*,*,#10400,.F.);
#48210=CARTESIAN_POINT('',(-3.27,1.33226762955019E-15,-1.32404682696648)
);
#48220=DIRECTION('',(0.,1.,0.));
#48230=VECTOR('',#48220,1.);
#48240=LINE('',#48210,#48230);
#48250=EDGE_CURVE('',#10330,#48110,#48240,.T.);
#48260=ORIENTED_EDGE('',*,*,#48250,.F.);
#48270=EDGE_LOOP('',(#48260,#48200,#48190,#48130));
#48280=FACE_OUTER_BOUND('',#48270,.T.);
#48290=ADVANCED_FACE('',(#48280),#48030,.F.);
#48300=COLOUR_RGB('',0.600000023841858,0.600000023841858,
0.600000023841858);
#48310=FILL_AREA_STYLE_COLOUR('',#48300);
#48320=FILL_AREA_STYLE('',(#48310));
#48330=SURFACE_STYLE_FILL_AREA(#48320);
#48340=SURFACE_SIDE_STYLE('',(#48330));
#48350=SURFACE_STYLE_USAGE(.BOTH.,#48340);
#48360=PRESENTATION_STYLE_ASSIGNMENT((#48350));
#48370=CARTESIAN_POINT('',(-4.9,-2.68947950354711,-0.));
#48380=DIRECTION('',(-0.,1.,-0.));
#48390=DIRECTION('',(0.,0.,1.));
#48400=AXIS2_PLACEMENT_3D('',#48370,#48380,#48390);
#48410=CYLINDRICAL_SURFACE('',#48400,2.1);
#48420=CARTESIAN_POINT('',(-3.27,0.0799999999999996,1.32404682696648));
#48430=DIRECTION('',(0.,-1.,0.));
#48440=VECTOR('',#48430,1.);
#48450=LINE('',#48420,#48440);
#48460=CARTESIAN_POINT('',(-3.27,0.08,1.32404682696648));
#48470=VERTEX_POINT('',#48460);
#48480=EDGE_CURVE('',#48470,#10240,#48450,.T.);
#48490=ORIENTED_EDGE('',*,*,#48480,.T.);
#48500=CARTESIAN_POINT('',(-4.9,0.0799999999999996,0.));
#48510=DIRECTION('',(-0.,1.,0.));
#48520=DIRECTION('',(0.776190476190476,0.,0.630498489031656));
#48530=AXIS2_PLACEMENT_3D('',#48500,#48510,#48520);
#48540=CIRCLE('',#48530,2.1);
#48550=EDGE_CURVE('',#48470,#48110,#48540,.T.);
#48560=ORIENTED_EDGE('',*,*,#48550,.F.);
#48570=ORIENTED_EDGE('',*,*,#48250,.T.);
#48580=ORIENTED_EDGE('',*,*,#10340,.F.);
#48590=EDGE_LOOP('',(#48580,#48570,#48560,#48490));
#48600=FACE_OUTER_BOUND('',#48590,.T.);
#48610=ADVANCED_FACE('',(#48600),#48410,.T.);
#48620=COLOUR_RGB('',0.600000023841858,0.600000023841858,
0.600000023841858);
#48630=FILL_AREA_STYLE_COLOUR('',#48620);
#48640=FILL_AREA_STYLE('',(#48630));
#48650=SURFACE_STYLE_FILL_AREA(#48640);
#48660=SURFACE_SIDE_STYLE('',(#48650));
#48670=SURFACE_STYLE_USAGE(.BOTH.,#48660);
#48680=PRESENTATION_STYLE_ASSIGNMENT((#48670));
#48690=CARTESIAN_POINT('',(-3.27,-6.91931354976778,-0.550000000000001));
#48700=DIRECTION('',(-1.,-0.,-1.6365315811102E-16));
#48710=DIRECTION('',(-1.6365315811102E-16,0.,1.));
#48720=AXIS2_PLACEMENT_3D('',#48690,#48700,#48710);
#48730=PLANE('',#48720);
#48740=ORIENTED_EDGE('',*,*,#10250,.F.);
#48750=CARTESIAN_POINT('',(-3.27,-4.85722573273506E-16,3.03000000000001)
);
#48760=DIRECTION('',(0.,1.,0.));
#48770=VECTOR('',#48760,1.);
#48780=LINE('',#48750,#48770);
#48790=CARTESIAN_POINT('',(-3.27,0.08,3.03000000000001));
#48800=VERTEX_POINT('',#48790);
#48810=EDGE_CURVE('',#10160,#48800,#48780,.T.);
#48820=ORIENTED_EDGE('',*,*,#48810,.F.);
#48830=CARTESIAN_POINT('',(-3.27,0.0800000000000001,1.32404682696648));
#48840=DIRECTION('',(0.,0.,1.));
#48850=VECTOR('',#48840,1.);
#48860=LINE('',#48830,#48850);
#48870=EDGE_CURVE('',#48470,#48800,#48860,.T.);
#48880=ORIENTED_EDGE('',*,*,#48870,.T.);
#48890=ORIENTED_EDGE('',*,*,#48480,.F.);
#48900=EDGE_LOOP('',(#48890,#48880,#48820,#48740));
#48910=FACE_OUTER_BOUND('',#48900,.T.);
#48920=ADVANCED_FACE('',(#48910),#48730,.F.);
#48930=COLOUR_RGB('',0.600000023841858,0.600000023841858,
0.600000023841858);
#48940=FILL_AREA_STYLE_COLOUR('',#48930);
#48950=FILL_AREA_STYLE('',(#48940));
#48960=SURFACE_STYLE_FILL_AREA(#48950);
#48970=SURFACE_SIDE_STYLE('',(#48960));
#48980=SURFACE_STYLE_USAGE(.BOTH.,#48970);
#48990=PRESENTATION_STYLE_ASSIGNMENT((#48980));
#49000=CARTESIAN_POINT('',(-3.1,0.08,3.03000000000001));
#49010=DIRECTION('',(-0.,-1.,-0.));
#49020=DIRECTION('',(0.,0.,-1.));
#49030=AXIS2_PLACEMENT_3D('',#49000,#49010,#49020);
#49040=CYLINDRICAL_SURFACE('',#49030,0.17);
#49050=CARTESIAN_POINT('',(-3.1,0.08,3.20000000000001));
#49060=DIRECTION('',(0.,-1.,0.));
#49070=VECTOR('',#49060,1.);
#49080=LINE('',#49050,#49070);
#49090=CARTESIAN_POINT('',(-3.1,0.08,3.20000000000001));
#49100=VERTEX_POINT('',#49090);
#49110=EDGE_CURVE('',#49100,#10070,#49080,.T.);
#49120=ORIENTED_EDGE('',*,*,#49110,.T.);
#49130=CARTESIAN_POINT('',(-3.1,0.08,3.03000000000001));
#49140=DIRECTION('',(-0.,-1.,0.));
#49150=DIRECTION('',(-1.0449157878825E-14,0.,1.));
#49160=AXIS2_PLACEMENT_3D('',#49130,#49140,#49150);
#49170=CIRCLE('',#49160,0.17);
#49180=EDGE_CURVE('',#49100,#48800,#49170,.T.);
#49190=ORIENTED_EDGE('',*,*,#49180,.F.);
#49200=ORIENTED_EDGE('',*,*,#48810,.T.);
#49210=ORIENTED_EDGE('',*,*,#10170,.F.);
#49220=EDGE_LOOP('',(#49210,#49200,#49190,#49120));
#49230=FACE_OUTER_BOUND('',#49220,.T.);
#49240=ADVANCED_FACE('',(#49230),#49040,.F.);
#49250=COLOUR_RGB('',0.600000023841858,0.600000023841858,
0.600000023841858);
#49260=FILL_AREA_STYLE_COLOUR('',#49250);
#49270=FILL_AREA_STYLE('',(#49260));
#49280=SURFACE_STYLE_FILL_AREA(#49270);
#49290=SURFACE_SIDE_STYLE('',(#49280));
#49300=SURFACE_STYLE_USAGE(.BOTH.,#49290);
#49310=PRESENTATION_STYLE_ASSIGNMENT((#49300));
#49320=CARTESIAN_POINT('',(-7.32476040639209,0.08,3.20000000000001));
#49330=DIRECTION('',(-0.,-0.,1.));
#49340=DIRECTION('',(1.,0.,-0.));
#49350=AXIS2_PLACEMENT_3D('',#49320,#49330,#49340);
#49360=PLANE('',#49350);
#49370=CARTESIAN_POINT('',(3.1,-8.88178419700125E-16,3.20000000000001));
#49380=DIRECTION('',(0.,1.,0.));
#49390=VECTOR('',#49380,1.);
#49400=LINE('',#49370,#49390);
#49410=CARTESIAN_POINT('',(3.1,0.08,3.20000000000001));
#49420=VERTEX_POINT('',#49410);
#49430=EDGE_CURVE('',#9990,#49420,#49400,.T.);
#49440=ORIENTED_EDGE('',*,*,#49430,.F.);
#49450=CARTESIAN_POINT('',(3.1,0.08,3.20000000000001));
#49460=DIRECTION('',(-1.,0.,0.));
#49470=VECTOR('',#49460,1.);
#49480=LINE('',#49450,#49470);
#49490=EDGE_CURVE('',#49420,#49100,#49480,.T.);
#49500=ORIENTED_EDGE('',*,*,#49490,.F.);
#49510=ORIENTED_EDGE('',*,*,#49110,.F.);
#49520=ORIENTED_EDGE('',*,*,#10080,.T.);
#49530=EDGE_LOOP('',(#49520,#49510,#49500,#49440));
#49540=FACE_OUTER_BOUND('',#49530,.T.);
#49550=ADVANCED_FACE('',(#49540),#49360,.F.);
#49560=COLOUR_RGB('',0.600000023841858,0.600000023841858,
0.600000023841858);
#49570=FILL_AREA_STYLE_COLOUR('',#49560);
#49580=FILL_AREA_STYLE('',(#49570));
#49590=SURFACE_STYLE_FILL_AREA(#49580);
#49600=SURFACE_SIDE_STYLE('',(#49590));
#49610=SURFACE_STYLE_USAGE(.BOTH.,#49600);
#49620=PRESENTATION_STYLE_ASSIGNMENT((#49610));
#49630=CARTESIAN_POINT('',(3.1,-2.08832861614873,3.03000000000001));
#49640=DIRECTION('',(-0.,1.,-0.));
#49650=DIRECTION('',(0.,0.,1.));
#49660=AXIS2_PLACEMENT_3D('',#49630,#49640,#49650);
#49670=CYLINDRICAL_SURFACE('',#49660,0.17);
#49680=CARTESIAN_POINT('',(3.27,0.0800000000000005,3.03000000000001));
#49690=DIRECTION('',(0.,-1.,0.));
#49700=VECTOR('',#49690,1.);
#49710=LINE('',#49680,#49700);
#49720=CARTESIAN_POINT('',(3.27,0.0800000000000001,3.03000000000001));
#49730=VERTEX_POINT('',#49720);
#49740=EDGE_CURVE('',#49730,#9900,#49710,.T.);
#49750=ORIENTED_EDGE('',*,*,#49740,.T.);
#49760=CARTESIAN_POINT('',(3.1,0.0800000000000005,3.03000000000001));
#49770=DIRECTION('',(0.,-1.,0.));
#49780=DIRECTION('',(1.,0.,-4.70212104547125E-14));
#49790=AXIS2_PLACEMENT_3D('',#49760,#49770,#49780);
#49800=CIRCLE('',#49790,0.17);
#49810=EDGE_CURVE('',#49730,#49420,#49800,.T.);
#49820=ORIENTED_EDGE('',*,*,#49810,.F.);
#49830=ORIENTED_EDGE('',*,*,#49430,.T.);
#49840=ORIENTED_EDGE('',*,*,#10000,.F.);
#49850=EDGE_LOOP('',(#49840,#49830,#49820,#49750));
#49860=FACE_OUTER_BOUND('',#49850,.T.);
#49870=ADVANCED_FACE('',(#49860),#49670,.F.);
#49880=COLOUR_RGB('',0.600000023841858,0.600000023841858,
0.600000023841858);
#49890=FILL_AREA_STYLE_COLOUR('',#49880);
#49900=FILL_AREA_STYLE('',(#49890));
#49910=SURFACE_STYLE_FILL_AREA(#49900);
#49920=SURFACE_SIDE_STYLE('',(#49910));
#49930=SURFACE_STYLE_USAGE(.BOTH.,#49920);
#49940=PRESENTATION_STYLE_ASSIGNMENT((#49930));
#49950=CARTESIAN_POINT('',(3.27,-6.91931354976778,3.03000000000001));
#49960=DIRECTION('',(1.,-0.,2.1469349950208E-16));
#49970=DIRECTION('',(2.1469349950208E-16,0.,-1.));
#49980=AXIS2_PLACEMENT_3D('',#49950,#49960,#49970);
#49990=PLANE('',#49980);
#50000=CARTESIAN_POINT('',(3.27,-8.88178419700125E-16,-3.02999999999999)
);
#50010=DIRECTION('',(0.,1.,0.));
#50020=VECTOR('',#50010,1.);
#50030=LINE('',#50000,#50020);
#50040=CARTESIAN_POINT('',(3.27,0.0800000000000001,-3.02999999999999));
#50050=VERTEX_POINT('',#50040);
#50060=EDGE_CURVE('',#9820,#50050,#50030,.T.);
#50070=ORIENTED_EDGE('',*,*,#50060,.F.);
#50080=CARTESIAN_POINT('',(3.27,0.0800000000000001,3.03000000000001));
#50090=DIRECTION('',(2.1984614349013E-16,0.,-1.));
#50100=VECTOR('',#50090,1.);
#50110=LINE('',#50080,#50100);
#50120=EDGE_CURVE('',#49730,#50050,#50110,.T.);
#50130=ORIENTED_EDGE('',*,*,#50120,.T.);
#50140=ORIENTED_EDGE('',*,*,#49740,.F.);
#50150=ORIENTED_EDGE('',*,*,#9910,.F.);
#50160=EDGE_LOOP('',(#50150,#50140,#50130,#50070));
#50170=FACE_OUTER_BOUND('',#50160,.T.);
#50180=ADVANCED_FACE('',(#50170),#49990,.F.);
#50190=COLOUR_RGB('',0.600000023841858,0.600000023841858,
0.600000023841858);
#50200=FILL_AREA_STYLE_COLOUR('',#50190);
#50210=FILL_AREA_STYLE('',(#50200));
#50220=SURFACE_STYLE_FILL_AREA(#50210);
#50230=SURFACE_SIDE_STYLE('',(#50220));
#50240=SURFACE_STYLE_USAGE(.BOTH.,#50230);
#50250=PRESENTATION_STYLE_ASSIGNMENT((#50240));
#50260=CARTESIAN_POINT('',(3.1,-2.08832861614873,-3.02999999999999));
#50270=DIRECTION('',(-0.,1.,-0.));
#50280=DIRECTION('',(0.,0.,1.));
#50290=AXIS2_PLACEMENT_3D('',#50260,#50270,#50280);
#50300=CYLINDRICAL_SURFACE('',#50290,0.17);
#50310=CARTESIAN_POINT('',(3.1,0.0800000000000005,-3.19999999999999));
#50320=DIRECTION('',(0.,-1.,0.));
#50330=VECTOR('',#50320,1.);
#50340=LINE('',#50310,#50330);
#50350=CARTESIAN_POINT('',(3.1,0.08,-3.19999999999999));
#50360=VERTEX_POINT('',#50350);
#50370=EDGE_CURVE('',#50360,#9730,#50340,.T.);
#50380=ORIENTED_EDGE('',*,*,#50370,.T.);
#50390=CARTESIAN_POINT('',(3.1,0.0800000000000005,-3.02999999999999));
#50400=DIRECTION('',(0.,-1.,-0.));
#50410=DIRECTION('',(-5.74703683335375E-14,0.,-1.));
#50420=AXIS2_PLACEMENT_3D('',#50390,#50400,#50410);
#50430=CIRCLE('',#50420,0.17);
#50440=EDGE_CURVE('',#50360,#50050,#50430,.T.);
#50450=ORIENTED_EDGE('',*,*,#50440,.F.);
#50460=ORIENTED_EDGE('',*,*,#50060,.T.);
#50470=ORIENTED_EDGE('',*,*,#9830,.F.);
#50480=EDGE_LOOP('',(#50470,#50460,#50450,#50380));
#50490=FACE_OUTER_BOUND('',#50480,.T.);
#50500=ADVANCED_FACE('',(#50490),#50300,.F.);
#50510=COLOUR_RGB('',0.600000023841858,0.600000023841858,
0.600000023841858);
#50520=FILL_AREA_STYLE_COLOUR('',#50510);
#50530=FILL_AREA_STYLE('',(#50520));
#50540=SURFACE_STYLE_FILL_AREA(#50530);
#50550=SURFACE_SIDE_STYLE('',(#50540));
#50560=SURFACE_STYLE_USAGE(.BOTH.,#50550);
#50570=PRESENTATION_STYLE_ASSIGNMENT((#50560));
#50580=CARTESIAN_POINT('',(-7.32476040639209,0.08,-3.19999999999999));
#50590=DIRECTION('',(-0.,-0.,-1.));
#50600=DIRECTION('',(-1.,0.,0.));
#50610=AXIS2_PLACEMENT_3D('',#50580,#50590,#50600);
#50620=PLANE('',#50610);
#50630=ORIENTED_EDGE('',*,*,#50370,.F.);
#50640=ORIENTED_EDGE('',*,*,#9740,.T.);
#50650=CARTESIAN_POINT('',(-3.1,-8.88178419700125E-16,-3.19999999999999)
);
#50660=DIRECTION('',(0.,1.,0.));
#50670=VECTOR('',#50660,1.);
#50680=LINE('',#50650,#50670);
#50690=CARTESIAN_POINT('',(-3.1,0.08,-3.19999999999999));
#50700=VERTEX_POINT('',#50690);
#50710=EDGE_CURVE('',#9630,#50700,#50680,.T.);
#50720=ORIENTED_EDGE('',*,*,#50710,.F.);
#50730=CARTESIAN_POINT('',(-3.1,0.08,-3.19999999999999));
#50740=DIRECTION('',(1.,0.,0.));
#50750=VECTOR('',#50740,1.);
#50760=LINE('',#50730,#50750);
#50770=EDGE_CURVE('',#50700,#50360,#50760,.T.);
#50780=ORIENTED_EDGE('',*,*,#50770,.F.);
#50790=EDGE_LOOP('',(#50780,#50720,#50640,#50630));
#50800=FACE_OUTER_BOUND('',#50790,.T.);
#50810=ADVANCED_FACE('',(#50800),#50620,.F.);
#50820=COLOUR_RGB('',0.600000023841858,0.600000023841858,
0.600000023841858);
#50830=FILL_AREA_STYLE_COLOUR('',#50820);
#50840=FILL_AREA_STYLE('',(#50830));
#50850=SURFACE_STYLE_FILL_AREA(#50840);
#50860=SURFACE_SIDE_STYLE('',(#50850));
#50870=SURFACE_STYLE_USAGE(.BOTH.,#50860);
#50880=PRESENTATION_STYLE_ASSIGNMENT((#50870));
#50890=CARTESIAN_POINT('',(-0.,0.08,-0.));
#50900=DIRECTION('',(-0.,1.,-0.));
#50910=DIRECTION('',(0.,-0.,1.));
#50920=AXIS2_PLACEMENT_3D('',#50890,#50900,#50910);
#50930=PLANE('',#50920);
#50940=ORIENTED_EDGE('',*,*,#49180,.T.);
#50950=ORIENTED_EDGE('',*,*,#49490,.T.);
#50960=ORIENTED_EDGE('',*,*,#49810,.T.);
#50970=ORIENTED_EDGE('',*,*,#50120,.F.);
#50980=ORIENTED_EDGE('',*,*,#50440,.T.);
#50990=ORIENTED_EDGE('',*,*,#50770,.T.);
#51000=CARTESIAN_POINT('',(-3.1,0.0799999999999992,-3.02999999999999));
#51010=DIRECTION('',(-0.,-1.,-0.));
#51020=DIRECTION('',(-1.,0.,0.));
#51030=AXIS2_PLACEMENT_3D('',#51000,#51010,#51020);
#51040=CIRCLE('',#51030,0.17);
#51050=EDGE_CURVE('',#48090,#50700,#51040,.T.);
#51060=ORIENTED_EDGE('',*,*,#51050,.T.);
#51070=ORIENTED_EDGE('',*,*,#48120,.F.);
#51080=ORIENTED_EDGE('',*,*,#48550,.T.);
#51090=ORIENTED_EDGE('',*,*,#48870,.F.);
#51100=EDGE_LOOP('',(#51090,#51080,#51070,#51060,#50990,#50980,#50970,
#50960,#50950,#50940));
#51110=FACE_OUTER_BOUND('',#51100,.T.);
#51120=CARTESIAN_POINT('',(2.3,0.0800000000000001,0.849999999999991));
#51130=DIRECTION('',(0.,1.,0.));
#51140=DIRECTION('',(0.,0.,1.));
#51150=AXIS2_PLACEMENT_3D('',#51120,#51130,#51140);
#51160=CIRCLE('',#51150,0.6);
#51170=CARTESIAN_POINT('',(2.3,0.080000000000001,0.249999999999991));
#51180=VERTEX_POINT('',#51170);
#51190=CARTESIAN_POINT('',(2.3,0.0800000000000001,1.44999999999999));
#51200=VERTEX_POINT('',#51190);
#51210=EDGE_CURVE('',#51180,#51200,#51160,.T.);
#51220=ORIENTED_EDGE('',*,*,#51210,.T.);
#51230=EDGE_CURVE('',#51200,#51180,#51160,.T.);
#51240=ORIENTED_EDGE('',*,*,#51230,.T.);
#51250=EDGE_LOOP('',(#51240,#51220));
#51260=FACE_BOUND('',#51250,.T.);
#51270=EDGE_CURVE('',#26610,#26520,#26590,.T.);
#51280=ORIENTED_EDGE('',*,*,#51270,.T.);
#51290=ORIENTED_EDGE('',*,*,#26620,.T.);
#51300=EDGE_LOOP('',(#51290,#51280));
#51310=FACE_BOUND('',#51300,.T.);
#51320=ORIENTED_EDGE('',*,*,#30880,.T.);
#51330=EDGE_CURVE('',#30870,#30780,#30850,.T.);
#51340=ORIENTED_EDGE('',*,*,#51330,.T.);
#51350=EDGE_LOOP('',(#51340,#51320));
#51360=FACE_BOUND('',#51350,.T.);
#51370=EDGE_CURVE('',#31450,#31620,#31690,.T.);
#51380=ORIENTED_EDGE('',*,*,#51370,.T.);
#51390=ORIENTED_EDGE('',*,*,#31700,.T.);
#51400=EDGE_LOOP('',(#51390,#51380));
#51410=FACE_BOUND('',#51400,.T.);
#51420=ADVANCED_FACE('',(#51110,#51260,#51310,#51360,#51410),#50930,.F.)
;
#51430=COLOUR_RGB('',0.600000023841858,0.600000023841858,
0.600000023841858);
#51440=FILL_AREA_STYLE_COLOUR('',#51430);
#51450=FILL_AREA_STYLE('',(#51440));
#51460=SURFACE_STYLE_FILL_AREA(#51450);
#51470=SURFACE_SIDE_STYLE('',(#51460));
#51480=SURFACE_STYLE_USAGE(.BOTH.,#51470);
#51490=PRESENTATION_STYLE_ASSIGNMENT((#51480));
#51500=CARTESIAN_POINT('',(-3.1,-6.91931354976778,-3.02999999999999));
#51510=DIRECTION('',(-0.,-1.,-0.));
#51520=DIRECTION('',(0.,0.,-1.));
#51530=AXIS2_PLACEMENT_3D('',#51500,#51510,#51520);
#51540=CYLINDRICAL_SURFACE('',#51530,0.17);
#51550=ORIENTED_EDGE('',*,*,#48180,.T.);
#51560=ORIENTED_EDGE('',*,*,#51050,.F.);
#51570=ORIENTED_EDGE('',*,*,#50710,.T.);
#51580=ORIENTED_EDGE('',*,*,#9660,.F.);
#51590=EDGE_LOOP('',(#51580,#51570,#51560,#51550));
#51600=FACE_OUTER_BOUND('',#51590,.T.);
#51610=ADVANCED_FACE('',(#51600),#51540,.F.);
#51620=COLOUR_RGB('',0.600000023841858,0.600000023841858,
0.600000023841858);
#51630=FILL_AREA_STYLE_COLOUR('',#51620);
#51640=FILL_AREA_STYLE('',(#51630));
#51650=SURFACE_STYLE_FILL_AREA(#51640);
#51660=SURFACE_SIDE_STYLE('',(#51650));
#51670=SURFACE_STYLE_USAGE(.BOTH.,#51660);
#51680=PRESENTATION_STYLE_ASSIGNMENT((#51670));
#51690=CARTESIAN_POINT('',(2.3,2.34705627484771,0.849999999999991));
#51700=DIRECTION('',(-0.,-1.,-0.));
#51710=DIRECTION('',(0.,0.,-1.));
#51720=AXIS2_PLACEMENT_3D('',#51690,#51700,#51710);
#51730=CYLINDRICAL_SURFACE('',#51720,0.6);
#51740=CARTESIAN_POINT('',(2.3,2.34705627484771,0.249999999999991));
#51750=DIRECTION('',(-0.,-1.,-0.));
#51760=VECTOR('',#51750,1.);
#51770=LINE('',#51740,#51760);
#51780=CARTESIAN_POINT('',(2.3,0.399999999999999,0.249999999999991));
#51790=VERTEX_POINT('',#51780);
#51800=EDGE_CURVE('',#51790,#51180,#51770,.T.);
#51810=ORIENTED_EDGE('',*,*,#51800,.T.);
#51820=CARTESIAN_POINT('',(2.3,0.399999999999999,0.849999999999991));
#51830=DIRECTION('',(0.,-1.,-0.));
#51840=DIRECTION('',(0.,0.,-1.));
#51850=AXIS2_PLACEMENT_3D('',#51820,#51830,#51840);
#51860=CIRCLE('',#51850,0.6);
#51870=CARTESIAN_POINT('',(2.3,0.399999999999999,1.44999999999999));
#51880=VERTEX_POINT('',#51870);
#51890=EDGE_CURVE('',#51790,#51880,#51860,.T.);
#51900=ORIENTED_EDGE('',*,*,#51890,.F.);
#51910=CARTESIAN_POINT('',(2.3,2.34705627484771,1.44999999999999));
#51920=DIRECTION('',(-0.,-1.,-0.));
#51930=VECTOR('',#51920,1.);
#51940=LINE('',#51910,#51930);
#51950=EDGE_CURVE('',#51880,#51200,#51940,.T.);
#51960=ORIENTED_EDGE('',*,*,#51950,.F.);
#51970=ORIENTED_EDGE('',*,*,#51230,.F.);
#51980=EDGE_LOOP('',(#51970,#51960,#51900,#51810));
#51990=FACE_OUTER_BOUND('',#51980,.T.);
#52000=ADVANCED_FACE('',(#51990),#51730,.F.);
#52010=COLOUR_RGB('',0.600000023841858,0.600000023841858,
0.600000023841858);
#52020=FILL_AREA_STYLE_COLOUR('',#52010);
#52030=FILL_AREA_STYLE('',(#52020));
#52040=SURFACE_STYLE_FILL_AREA(#52030);
#52050=SURFACE_SIDE_STYLE('',(#52040));
#52060=SURFACE_STYLE_USAGE(.BOTH.,#52050);
#52070=PRESENTATION_STYLE_ASSIGNMENT((#52060));
#52080=CARTESIAN_POINT('',(2.16840434497101E-16,0.399999999999999,-318.5
));
#52090=DIRECTION('',(-1.92592994438725E-34,1.,2.94648481515741E-20));
#52100=DIRECTION('',(1.,1.92592994438725E-34,-0.));
#52110=AXIS2_PLACEMENT_3D('',#52080,#52090,#52100);
#52120=PLANE('',#52110);
#52130=ORIENTED_EDGE('',*,*,#51890,.T.);
#52140=EDGE_CURVE('',#51880,#51790,#51860,.T.);
#52150=ORIENTED_EDGE('',*,*,#52140,.T.);
#52160=EDGE_LOOP('',(#52150,#52130));
#52170=FACE_OUTER_BOUND('',#52160,.T.);
#52180=CARTESIAN_POINT('',(2.3,0.399999999999999,0.849999999999951));
#52190=DIRECTION('',(1.57188696004975E-33,1.,2.94648481515741E-20));
#52200=DIRECTION('',(-1.,0.,5.33478724194876E-14));
#52210=AXIS2_PLACEMENT_3D('',#52180,#52190,#52200);
#52220=CIRCLE('',#52210,0.278867513459499);
#52230=CARTESIAN_POINT('',(2.5788675134595,0.399999999999999,
0.849999999999951));
#52240=VERTEX_POINT('',#52230);
#52250=CARTESIAN_POINT('',(2.0211324865405,0.399999999999999,
0.849999999999951));
#52260=VERTEX_POINT('',#52250);
#52270=EDGE_CURVE('',#52240,#52260,#52220,.T.);
#52280=ORIENTED_EDGE('',*,*,#52270,.T.);
#52290=EDGE_CURVE('',#52260,#52240,#52220,.T.);
#52300=ORIENTED_EDGE('',*,*,#52290,.T.);
#52310=EDGE_LOOP('',(#52300,#52280));
#52320=FACE_BOUND('',#52310,.T.);
#52330=ADVANCED_FACE('',(#52170,#52320),#52120,.F.);
#52340=COLOUR_RGB('',0.600000023841858,0.600000023841858,
0.600000023841858);
#52350=FILL_AREA_STYLE_COLOUR('',#52340);
#52360=FILL_AREA_STYLE('',(#52350));
#52370=SURFACE_STYLE_FILL_AREA(#52360);
#52380=SURFACE_SIDE_STYLE('',(#52370));
#52390=SURFACE_STYLE_USAGE(.BOTH.,#52380);
#52400=PRESENTATION_STYLE_ASSIGNMENT((#52390));
#52410=CARTESIAN_POINT('',(-2.3,0.649999999999999,2.34999999999995));
#52420=DIRECTION('',(-1.92592994438725E-34,1.,2.94648481515741E-20));
#52430=DIRECTION('',(1.,1.92592994438725E-34,-0.));
#52440=AXIS2_PLACEMENT_3D('',#52410,#52420,#52430);
#52450=CYLINDRICAL_SURFACE('',#52440,0.278867513459471);
#52460=CARTESIAN_POINT('',(-2.57886751345947,0.649999999999999,
2.34999999999995));
#52470=DIRECTION('',(-1.92592994438725E-34,1.,2.94648481515741E-20));
#52480=VECTOR('',#52470,1.);
#52490=LINE('',#52460,#52480);
#52500=CARTESIAN_POINT('',(-2.57886751345947,0.399999999999999,
2.34999999999995));
#52510=VERTEX_POINT('',#52500);
#52520=EDGE_CURVE('',#52510,#28590,#52490,.T.);
#52530=ORIENTED_EDGE('',*,*,#52520,.F.);
#52540=EDGE_CURVE('',#28590,#28490,#28660,.T.);
#52550=ORIENTED_EDGE('',*,*,#52540,.F.);
#52560=CARTESIAN_POINT('',(-2.02113248654053,0.649999999999999,
2.34999999999995));
#52570=DIRECTION('',(-1.92592994438725E-34,1.,2.94648481515741E-20));
#52580=VECTOR('',#52570,1.);
#52590=LINE('',#52560,#52580);
#52600=CARTESIAN_POINT('',(-2.02113248654053,0.399999999999999,
2.34999999999995));
#52610=VERTEX_POINT('',#52600);
#52620=EDGE_CURVE('',#52610,#28490,#52590,.T.);
#52630=ORIENTED_EDGE('',*,*,#52620,.T.);
#52640=CARTESIAN_POINT('',(-2.3,0.399999999999999,2.34999999999995));
#52650=DIRECTION('',(-1.68919195706856E-33,1.,2.94648481515741E-20));
#52660=DIRECTION('',(1.,0.,5.73290569284104E-14));
#52670=AXIS2_PLACEMENT_3D('',#52640,#52650,#52660);
#52680=CIRCLE('',#52670,0.278867513459471);
#52690=EDGE_CURVE('',#52610,#52510,#52680,.T.);
#52700=ORIENTED_EDGE('',*,*,#52690,.F.);
#52710=EDGE_LOOP('',(#52700,#52630,#52550,#52530));
#52720=FACE_OUTER_BOUND('',#52710,.T.);
#52730=ADVANCED_FACE('',(#52720),#52450,.F.);
#52740=COLOUR_RGB('',0.600000023841858,0.600000023841858,
0.600000023841858);
#52750=FILL_AREA_STYLE_COLOUR('',#52740);
#52760=FILL_AREA_STYLE('',(#52750));
#52770=SURFACE_STYLE_FILL_AREA(#52760);
#52780=SURFACE_SIDE_STYLE('',(#52770));
#52790=SURFACE_STYLE_USAGE(.BOTH.,#52780);
#52800=PRESENTATION_STYLE_ASSIGNMENT((#52790));
#52810=CARTESIAN_POINT('',(2.3,0.649999999999999,0.849999999999951));
#52820=DIRECTION('',(-1.92592994438725E-34,1.,2.94648481515741E-20));
#52830=DIRECTION('',(1.,1.92592994438725E-34,-0.));
#52840=AXIS2_PLACEMENT_3D('',#52810,#52820,#52830);
#52850=CYLINDRICAL_SURFACE('',#52840,0.278867513459499);
#52860=CARTESIAN_POINT('',(2.5788675134595,0.649999999999999,
0.849999999999951));
#52870=DIRECTION('',(-1.92592994438725E-34,1.,2.94648481515741E-20));
#52880=VECTOR('',#52870,1.);
#52890=LINE('',#52860,#52880);
#52900=CARTESIAN_POINT('',(2.5788675134595,0.65,0.849999999999951));
#52910=VERTEX_POINT('',#52900);
#52920=EDGE_CURVE('',#52240,#52910,#52890,.T.);
#52930=ORIENTED_EDGE('',*,*,#52920,.F.);
#52940=CARTESIAN_POINT('',(2.3,0.649999999999999,0.849999999999951));
#52950=DIRECTION('',(1.17304997018638E-35,-1.,-2.94648481515741E-20));
#52960=DIRECTION('',(1.,0.,3.98118450891697E-16));
#52970=AXIS2_PLACEMENT_3D('',#52940,#52950,#52960);
#52980=CIRCLE('',#52970,0.2788675134595);
#52990=CARTESIAN_POINT('',(2.0211324865405,0.65,0.849999999999951));
#53000=VERTEX_POINT('',#52990);
#53010=EDGE_CURVE('',#52910,#53000,#52980,.T.);
#53020=ORIENTED_EDGE('',*,*,#53010,.F.);
#53030=CARTESIAN_POINT('',(2.0211324865405,0.649999999999999,
0.849999999999951));
#53040=DIRECTION('',(-1.92592994438725E-34,1.,2.94648481515741E-20));
#53050=VECTOR('',#53040,1.);
#53060=LINE('',#53030,#53050);
#53070=EDGE_CURVE('',#52260,#53000,#53060,.T.);
#53080=ORIENTED_EDGE('',*,*,#53070,.T.);
#53090=ORIENTED_EDGE('',*,*,#52290,.F.);
#53100=EDGE_LOOP('',(#53090,#53080,#53020,#52930));
#53110=FACE_OUTER_BOUND('',#53100,.T.);
#53120=ADVANCED_FACE('',(#53110),#52850,.F.);
#53130=COLOUR_RGB('',0.600000023841858,0.600000023841858,
0.600000023841858);
#53140=FILL_AREA_STYLE_COLOUR('',#53130);
#53150=FILL_AREA_STYLE('',(#53140));
#53160=SURFACE_STYLE_FILL_AREA(#53150);
#53170=SURFACE_SIDE_STYLE('',(#53160));
#53180=SURFACE_STYLE_USAGE(.BOTH.,#53170);
#53190=PRESENTATION_STYLE_ASSIGNMENT((#53180));
#53200=CARTESIAN_POINT('',(-0.147995011238218,0.245961940776803,-318.5))
;
#53210=DIRECTION('',(-4.10526825003624E-31,1.,-9.95276753369398E-16));
#53220=DIRECTION('',(1.,2.04740447771949E-34,-4.12269334299985E-16));
#53230=AXIS2_PLACEMENT_3D('',#53200,#53210,#53220);
#53240=PLANE('',#53230);
#53250=ORIENTED_EDGE('',*,*,#2170,.F.);
#53260=ORIENTED_EDGE('',*,*,#2720,.T.);
#53270=ORIENTED_EDGE('',*,*,#3110,.T.);
#53280=ORIENTED_EDGE('',*,*,#3490,.F.);
#53290=ORIENTED_EDGE('',*,*,#3960,.T.);
#53300=ORIENTED_EDGE('',*,*,#620,.T.);
#53310=EDGE_LOOP('',(#53300,#53290,#53280,#53270,#53260,#53250));
#53320=FACE_OUTER_BOUND('',#53310,.T.);
#53330=ADVANCED_FACE('',(#53320),#53240,.T.);
#53340=COLOUR_RGB('',0.600000023841858,0.600000023841858,
0.600000023841858);
#53350=FILL_AREA_STYLE_COLOUR('',#53340);
#53360=FILL_AREA_STYLE('',(#53350));
#53370=SURFACE_STYLE_FILL_AREA(#53360);
#53380=SURFACE_SIDE_STYLE('',(#53370));
#53390=SURFACE_STYLE_USAGE(.BOTH.,#53380);
#53400=PRESENTATION_STYLE_ASSIGNMENT((#53390));
#53410=CARTESIAN_POINT('',(2.3,0.599999999999999,0.849999999999951));
#53420=DIRECTION('',(-1.92592994438725E-34,1.,2.94648481515741E-20));
#53430=DIRECTION('',(1.,1.92592994438725E-34,5.67472333619399E-54));
#53440=AXIS2_PLACEMENT_3D('',#53410,#53420,#53430);
#53450=TOROIDAL_SURFACE('',#53440,0.192264973081058,0.0999999999999984);
#53460=CARTESIAN_POINT('',(2.10773502691894,0.599999999999999,
0.849999999999951));
#53470=DIRECTION('',(9.27301537671855E-69,-2.94648481515741E-20,1.));
#53480=DIRECTION('',(-1.,-1.92592994438725E-34,-5.67472333619398E-54));
#53490=AXIS2_PLACEMENT_3D('',#53460,#53470,#53480);
#53500=CIRCLE('',#53490,0.0999999999999984);
#53510=EDGE_CURVE('',#32110,#53000,#53500,.T.);
#53520=ORIENTED_EDGE('',*,*,#53510,.T.);
#53530=ORIENTED_EDGE('',*,*,#32140,.F.);
#53540=CARTESIAN_POINT('',(2.49226497308106,0.599999999999999,
0.849999999999951));
#53550=DIRECTION('',(-8.11388845462873E-69,2.94648481515741E-20,-1.));
#53560=DIRECTION('',(1.,1.92592994438725E-34,5.67472333619398E-54));
#53570=AXIS2_PLACEMENT_3D('',#53540,#53550,#53560);
#53580=CIRCLE('',#53570,0.0999999999999984);
#53590=EDGE_CURVE('',#32130,#52910,#53580,.T.);
#53600=ORIENTED_EDGE('',*,*,#53590,.F.);
#53610=EDGE_CURVE('',#53000,#52910,#52980,.T.);
#53620=ORIENTED_EDGE('',*,*,#53610,.T.);
#53630=EDGE_LOOP('',(#53620,#53600,#53530,#53520));
#53640=FACE_OUTER_BOUND('',#53630,.T.);
#53650=ADVANCED_FACE('',(#53640),#53450,.F.);
#53660=COLOUR_RGB('',0.600000023841858,0.600000023841858,
0.600000023841858);
#53670=FILL_AREA_STYLE_COLOUR('',#53660);
#53680=FILL_AREA_STYLE('',(#53670));
#53690=SURFACE_STYLE_FILL_AREA(#53680);
#53700=SURFACE_SIDE_STYLE('',(#53690));
#53710=SURFACE_STYLE_USAGE(.BOTH.,#53700);
#53720=PRESENTATION_STYLE_ASSIGNMENT((#53710));
#53730=CARTESIAN_POINT('',(2.16840434497101E-16,0.399999999999999,-318.5
));
#53740=DIRECTION('',(-1.92592994438725E-34,1.,2.94648481515741E-20));
#53750=DIRECTION('',(1.,1.92592994438725E-34,-0.));
#53760=AXIS2_PLACEMENT_3D('',#53730,#53740,#53750);
#53770=PLANE('',#53760);
#53780=EDGE_CURVE('',#26500,#26690,#26760,.T.);
#53790=ORIENTED_EDGE('',*,*,#53780,.T.);
#53800=ORIENTED_EDGE('',*,*,#26770,.T.);
#53810=EDGE_LOOP('',(#53800,#53790));
#53820=FACE_OUTER_BOUND('',#53810,.T.);
#53830=EDGE_CURVE('',#52510,#52610,#52680,.T.);
#53840=ORIENTED_EDGE('',*,*,#53830,.T.);
#53850=ORIENTED_EDGE('',*,*,#52690,.T.);
#53860=EDGE_LOOP('',(#53850,#53840));
#53870=FACE_BOUND('',#53860,.T.);
#53880=ADVANCED_FACE('',(#53820,#53870),#53770,.F.);
#53890=COLOUR_RGB('',0.600000023841858,0.600000023841858,
0.600000023841858);
#53900=FILL_AREA_STYLE_COLOUR('',#53890);
#53910=FILL_AREA_STYLE('',(#53900));
#53920=SURFACE_STYLE_FILL_AREA(#53910);
#53930=SURFACE_SIDE_STYLE('',(#53920));
#53940=SURFACE_STYLE_USAGE(.BOTH.,#53930);
#53950=PRESENTATION_STYLE_ASSIGNMENT((#53940));
#53960=CARTESIAN_POINT('',(2.3,2.34705627484771,-1.75000000000001));
#53970=DIRECTION('',(-0.,-1.,-0.));
#53980=DIRECTION('',(0.,0.,-1.));
#53990=AXIS2_PLACEMENT_3D('',#53960,#53970,#53980);
#54000=CYLINDRICAL_SURFACE('',#53990,0.5);
#54010=ORIENTED_EDGE('',*,*,#30790,.T.);
#54020=ORIENTED_EDGE('',*,*,#32720,.F.);
#54030=ORIENTED_EDGE('',*,*,#30960,.F.);
#54040=ORIENTED_EDGE('',*,*,#51330,.F.);
#54050=EDGE_LOOP('',(#54040,#54030,#54020,#54010));
#54060=FACE_OUTER_BOUND('',#54050,.T.);
#54070=ADVANCED_FACE('',(#54060),#54000,.F.);
#54080=COLOUR_RGB('',0.600000023841858,0.600000023841858,
0.600000023841858);
#54090=FILL_AREA_STYLE_COLOUR('',#54080);
#54100=FILL_AREA_STYLE('',(#54090));
#54110=SURFACE_STYLE_FILL_AREA(#54100);
#54120=SURFACE_SIDE_STYLE('',(#54110));
#54130=SURFACE_STYLE_USAGE(.BOTH.,#54120);
#54140=PRESENTATION_STYLE_ASSIGNMENT((#54130));
#54150=CARTESIAN_POINT('',(-6.39094211132182E-17,-6.5,
4.15438474030196E-17));
#54160=DIRECTION('',(-0.,1.,-0.));
#54170=DIRECTION('',(0.965575698985586,-0.,-0.260122220366692));
#54180=AXIS2_PLACEMENT_3D('',#54150,#54160,#54170);
#54190=CYLINDRICAL_SURFACE('',#54180,5.995);
#54200=ORIENTED_EDGE('',*,*,#26120,.F.);
#54210=EDGE_CURVE('',#26110,#26200,#26270,.T.);
#54220=ORIENTED_EDGE('',*,*,#54210,.F.);
#54230=ORIENTED_EDGE('',*,*,#26210,.T.);
#54240=ORIENTED_EDGE('',*,*,#25680,.F.);
#54250=EDGE_LOOP('',(#54240,#54230,#54220,#54200));
#54260=FACE_OUTER_BOUND('',#54250,.T.);
#54270=ADVANCED_FACE('',(#54260),#54190,.T.);
#54280=COLOUR_RGB('',0.600000023841858,0.600000023841858,
0.600000023841858);
#54290=FILL_AREA_STYLE_COLOUR('',#54280);
#54300=FILL_AREA_STYLE('',(#54290));
#54310=SURFACE_STYLE_FILL_AREA(#54300);
#54320=SURFACE_SIDE_STYLE('',(#54310));
#54330=SURFACE_STYLE_USAGE(.BOTH.,#54320);
#54340=PRESENTATION_STYLE_ASSIGNMENT((#54330));
#54350=CARTESIAN_POINT('',(2.3,0.649999999999999,0.849999999999951));
#54360=DIRECTION('',(-1.92592994438725E-34,1.,2.94648481515741E-20));
#54370=DIRECTION('',(1.,1.92592994438725E-34,-0.));
#54380=AXIS2_PLACEMENT_3D('',#54350,#54360,#54370);
#54390=CYLINDRICAL_SURFACE('',#54380,0.278867513459499);
#54400=ORIENTED_EDGE('',*,*,#52920,.T.);
#54410=ORIENTED_EDGE('',*,*,#52270,.F.);
#54420=ORIENTED_EDGE('',*,*,#53070,.F.);
#54430=ORIENTED_EDGE('',*,*,#53610,.F.);
#54440=EDGE_LOOP('',(#54430,#54420,#54410,#54400));
#54450=FACE_OUTER_BOUND('',#54440,.T.);
#54460=ADVANCED_FACE('',(#54450),#54390,.F.);
#54470=COLOUR_RGB('',0.600000023841858,0.600000023841858,
0.600000023841858);
#54480=FILL_AREA_STYLE_COLOUR('',#54470);
#54490=FILL_AREA_STYLE('',(#54480));
#54500=SURFACE_STYLE_FILL_AREA(#54490);
#54510=SURFACE_SIDE_STYLE('',(#54500));
#54520=SURFACE_STYLE_USAGE(.BOTH.,#54510);
#54530=PRESENTATION_STYLE_ASSIGNMENT((#54520));
#54540=CARTESIAN_POINT('',(-2.3,2.34705627484771,-1.75000000000001));
#54550=DIRECTION('',(-0.,-1.,-0.));
#54560=DIRECTION('',(0.,0.,-1.));
#54570=AXIS2_PLACEMENT_3D('',#54540,#54550,#54560);
#54580=CYLINDRICAL_SURFACE('',#54570,0.5);
#54590=ORIENTED_EDGE('',*,*,#31460,.F.);
#54600=ORIENTED_EDGE('',*,*,#51370,.F.);
#54610=ORIENTED_EDGE('',*,*,#31630,.T.);
#54620=ORIENTED_EDGE('',*,*,#31880,.F.);
#54630=EDGE_LOOP('',(#54620,#54610,#54600,#54590));
#54640=FACE_OUTER_BOUND('',#54630,.T.);
#54650=ADVANCED_FACE('',(#54640),#54580,.F.);
#54660=COLOUR_RGB('',0.600000023841858,0.600000023841858,
0.600000023841858);
#54670=FILL_AREA_STYLE_COLOUR('',#54660);
#54680=FILL_AREA_STYLE('',(#54670));
#54690=SURFACE_STYLE_FILL_AREA(#54680);
#54700=SURFACE_SIDE_STYLE('',(#54690));
#54710=SURFACE_STYLE_USAGE(.BOTH.,#54700);
#54720=PRESENTATION_STYLE_ASSIGNMENT((#54710));
#54730=CARTESIAN_POINT('',(-6.39094211132182E-17,0.583981771313271,
4.15438474030196E-17));
#54740=DIRECTION('',(-0.,-1.,-0.));
#54750=DIRECTION('',(-0.965575698985586,0.,0.260122220366692));
#54760=AXIS2_PLACEMENT_3D('',#54730,#54740,#54750);
#54770=CYLINDRICAL_SURFACE('',#54760,5.695);
#54780=EDGE_CURVE('',#27100,#27000,#27170,.T.);
#54790=ORIENTED_EDGE('',*,*,#54780,.F.);
#54800=ORIENTED_EDGE('',*,*,#27840,.T.);
#54810=EDGE_CURVE('',#27770,#27680,#27750,.T.);
#54820=ORIENTED_EDGE('',*,*,#54810,.F.);
#54830=ORIENTED_EDGE('',*,*,#27690,.F.);
#54840=EDGE_LOOP('',(#54830,#54820,#54800,#54790));
#54850=FACE_OUTER_BOUND('',#54840,.T.);
#54860=ADVANCED_FACE('',(#54850),#54770,.T.);
#54870=COLOUR_RGB('',0.600000023841858,0.600000023841858,
0.600000023841858);
#54880=FILL_AREA_STYLE_COLOUR('',#54870);
#54890=FILL_AREA_STYLE('',(#54880));
#54900=SURFACE_STYLE_FILL_AREA(#54890);
#54910=SURFACE_SIDE_STYLE('',(#54900));
#54920=SURFACE_STYLE_USAGE(.BOTH.,#54910);
#54930=PRESENTATION_STYLE_ASSIGNMENT((#54920));
#54940=CARTESIAN_POINT('',(-2.3,0.649999999999999,2.34999999999995));
#54950=DIRECTION('',(-1.92592994438725E-34,1.,2.94648481515741E-20));
#54960=DIRECTION('',(1.,1.92592994438725E-34,-0.));
#54970=AXIS2_PLACEMENT_3D('',#54940,#54950,#54960);
#54980=CYLINDRICAL_SURFACE('',#54970,0.278867513459471);
#54990=ORIENTED_EDGE('',*,*,#52520,.T.);
#55000=ORIENTED_EDGE('',*,*,#53830,.F.);
#55010=ORIENTED_EDGE('',*,*,#52620,.F.);
#55020=ORIENTED_EDGE('',*,*,#28670,.F.);
#55030=EDGE_LOOP('',(#55020,#55010,#55000,#54990));
#55040=FACE_OUTER_BOUND('',#55030,.T.);
#55050=ADVANCED_FACE('',(#55040),#54980,.F.);
#55060=COLOUR_RGB('',0.600000023841858,0.600000023841858,
0.600000023841858);
#55070=FILL_AREA_STYLE_COLOUR('',#55060);
#55080=FILL_AREA_STYLE('',(#55070));
#55090=SURFACE_STYLE_FILL_AREA(#55080);
#55100=SURFACE_SIDE_STYLE('',(#55090));
#55110=SURFACE_STYLE_USAGE(.BOTH.,#55100);
#55120=PRESENTATION_STYLE_ASSIGNMENT((#55110));
#55130=CARTESIAN_POINT('',(2.3,2.34705627484771,0.849999999999991));
#55140=DIRECTION('',(-0.,-1.,-0.));
#55150=DIRECTION('',(0.,0.,-1.));
#55160=AXIS2_PLACEMENT_3D('',#55130,#55140,#55150);
#55170=CYLINDRICAL_SURFACE('',#55160,0.6);
#55180=ORIENTED_EDGE('',*,*,#51800,.F.);
#55190=ORIENTED_EDGE('',*,*,#51210,.F.);
#55200=ORIENTED_EDGE('',*,*,#51950,.T.);
#55210=ORIENTED_EDGE('',*,*,#52140,.F.);
#55220=EDGE_LOOP('',(#55210,#55200,#55190,#55180));
#55230=FACE_OUTER_BOUND('',#55220,.T.);
#55240=ADVANCED_FACE('',(#55230),#55170,.F.);
#55250=COLOUR_RGB('',0.600000023841858,0.600000023841858,
0.600000023841858);
#55260=FILL_AREA_STYLE_COLOUR('',#55250);
#55270=FILL_AREA_STYLE('',(#55260));
#55280=SURFACE_STYLE_FILL_AREA(#55270);
#55290=SURFACE_SIDE_STYLE('',(#55280));
#55300=SURFACE_STYLE_USAGE(.BOTH.,#55290);
#55310=PRESENTATION_STYLE_ASSIGNMENT((#55300));
#55320=CARTESIAN_POINT('',(-4.9,1.15,-0.));
#55330=DIRECTION('',(-0.,-1.,-0.));
#55340=DIRECTION('',(0.,0.,-1.));
#55350=AXIS2_PLACEMENT_3D('',#55320,#55330,#55340);
#55360=CYLINDRICAL_SURFACE('',#55350,0.4);
#55370=ORIENTED_EDGE('',*,*,#32900,.F.);
#55380=ORIENTED_EDGE('',*,*,#32390,.F.);
#55390=ORIENTED_EDGE('',*,*,#25870,.F.);
#55400=ORIENTED_EDGE('',*,*,#32540,.T.);
#55410=EDGE_LOOP('',(#55400,#55390,#55380,#55370));
#55420=FACE_OUTER_BOUND('',#55410,.T.);
#55430=ADVANCED_FACE('',(#55420),#55360,.F.);
#55440=COLOUR_RGB('',0.600000023841858,0.600000023841858,
0.600000023841858);
#55450=FILL_AREA_STYLE_COLOUR('',#55440);
#55460=FILL_AREA_STYLE('',(#55450));
#55470=SURFACE_STYLE_FILL_AREA(#55460);
#55480=SURFACE_SIDE_STYLE('',(#55470));
#55490=SURFACE_STYLE_USAGE(.BOTH.,#55480);
#55500=PRESENTATION_STYLE_ASSIGNMENT((#55490));
#55510=CARTESIAN_POINT('',(-1.49256761495198E-18,10.3035546458898,
4.17796473000451E-19));
#55520=DIRECTION('',(-0.,1.,-0.));
#55530=DIRECTION('',(0.,0.,1.));
#55540=AXIS2_PLACEMENT_3D('',#55510,#55520,#55530);
#55550=CYLINDRICAL_SURFACE('',#55540,3.35);
#55560=ORIENTED_EDGE('',*,*,#29970,.F.);
#55570=EDGE_CURVE('',#29960,#30050,#30120,.T.);
#55580=ORIENTED_EDGE('',*,*,#55570,.F.);
#55590=ORIENTED_EDGE('',*,*,#30060,.T.);
#55600=ORIENTED_EDGE('',*,*,#29690,.F.);
#55610=EDGE_LOOP('',(#55600,#55590,#55580,#55560));
#55620=FACE_OUTER_BOUND('',#55610,.T.);
#55630=ADVANCED_FACE('',(#55620),#55550,.T.);
#55640=COLOUR_RGB('',0.600000023841858,0.600000023841858,
0.600000023841858);
#55650=FILL_AREA_STYLE_COLOUR('',#55640);
#55660=FILL_AREA_STYLE('',(#55650));
#55670=SURFACE_STYLE_FILL_AREA(#55660);
#55680=SURFACE_SIDE_STYLE('',(#55670));
#55690=SURFACE_STYLE_USAGE(.BOTH.,#55680);
#55700=PRESENTATION_STYLE_ASSIGNMENT((#55690));
#55710=CARTESIAN_POINT('',(-2.3,2.34705627484771,2.35000000000001));
#55720=DIRECTION('',(-0.,-1.,-0.));
#55730=DIRECTION('',(0.,0.,-1.));
#55740=AXIS2_PLACEMENT_3D('',#55710,#55720,#55730);
#55750=CYLINDRICAL_SURFACE('',#55740,0.6);
#55760=ORIENTED_EDGE('',*,*,#51270,.F.);
#55770=ORIENTED_EDGE('',*,*,#26530,.T.);
#55780=ORIENTED_EDGE('',*,*,#53780,.F.);
#55790=ORIENTED_EDGE('',*,*,#26700,.F.);
#55800=EDGE_LOOP('',(#55790,#55780,#55770,#55760));
#55810=FACE_OUTER_BOUND('',#55800,.T.);
#55820=ADVANCED_FACE('',(#55810),#55750,.F.);
#55830=COLOUR_RGB('',0.600000023841858,0.600000023841858,
0.600000023841858);
#55840=FILL_AREA_STYLE_COLOUR('',#55830);
#55850=FILL_AREA_STYLE('',(#55840));
#55860=SURFACE_STYLE_FILL_AREA(#55850);
#55870=SURFACE_SIDE_STYLE('',(#55860));
#55880=SURFACE_STYLE_USAGE(.BOTH.,#55870);
#55890=PRESENTATION_STYLE_ASSIGNMENT((#55880));
#55900=CARTESIAN_POINT('',(-6.39094211132182E-17,7.55,
4.15438474030196E-17));
#55910=DIRECTION('',(-0.,-1.,-0.));
#55920=DIRECTION('',(-0.965575698985586,0.,0.260122220366692));
#55930=AXIS2_PLACEMENT_3D('',#55900,#55910,#55920);
#55940=TOROIDAL_SURFACE('',#55930,4.695,1.);
#55950=ORIENTED_EDGE('',*,*,#54810,.T.);
#55960=ORIENTED_EDGE('',*,*,#28250,.F.);
#55970=ORIENTED_EDGE('',*,*,#28840,.F.);
#55980=ORIENTED_EDGE('',*,*,#28090,.T.);
#55990=EDGE_LOOP('',(#55980,#55970,#55960,#55950));
#56000=FACE_OUTER_BOUND('',#55990,.T.);
#56010=ADVANCED_FACE('',(#56000),#55940,.T.);
#56020=COLOUR_RGB('',0.600000023841858,0.600000023841858,
0.600000023841858);
#56030=FILL_AREA_STYLE_COLOUR('',#56020);
#56040=FILL_AREA_STYLE('',(#56030));
#56050=SURFACE_STYLE_FILL_AREA(#56040);
#56060=SURFACE_SIDE_STYLE('',(#56050));
#56070=SURFACE_STYLE_USAGE(.BOTH.,#56060);
#56080=PRESENTATION_STYLE_ASSIGNMENT((#56070));
#56090=CARTESIAN_POINT('',(-6.39094211132182E-17,3.2,
4.15438474030196E-17));
#56100=DIRECTION('',(-0.,1.,-0.));
#56110=DIRECTION('',(0.965575698985585,0.,-0.260122220366692));
#56120=AXIS2_PLACEMENT_3D('',#56090,#56100,#56110);
#56130=TOROIDAL_SURFACE('',#56120,5.695,0.3);
#56140=ORIENTED_EDGE('',*,*,#54780,.T.);
#56150=ORIENTED_EDGE('',*,*,#27110,.F.);
#56160=ORIENTED_EDGE('',*,*,#54210,.T.);
#56170=ORIENTED_EDGE('',*,*,#27010,.T.);
#56180=EDGE_LOOP('',(#56170,#56160,#56150,#56140));
#56190=FACE_OUTER_BOUND('',#56180,.T.);
#56200=ADVANCED_FACE('',(#56190),#56130,.T.);
#56210=COLOUR_RGB('',0.600000023841858,0.600000023841858,
0.600000023841858);
#56220=FILL_AREA_STYLE_COLOUR('',#56210);
#56230=FILL_AREA_STYLE('',(#56220));
#56240=SURFACE_STYLE_FILL_AREA(#56230);
#56250=SURFACE_SIDE_STYLE('',(#56240));
#56260=SURFACE_STYLE_USAGE(.BOTH.,#56250);
#56270=PRESENTATION_STYLE_ASSIGNMENT((#56260));
#56280=CARTESIAN_POINT('',(-1.49256761495198E-18,8.99,
4.17796473000451E-19));
#56290=DIRECTION('',(-0.,-1.,-0.));
#56300=DIRECTION('',(0.,0.,-1.));
#56310=AXIS2_PLACEMENT_3D('',#56280,#56290,#56300);
#56320=TOROIDAL_SURFACE('',#56310,3.25,0.1);
#56330=ORIENTED_EDGE('',*,*,#55570,.T.);
#56340=ORIENTED_EDGE('',*,*,#30370,.F.);
#56350=ORIENTED_EDGE('',*,*,#31200,.F.);
#56360=ORIENTED_EDGE('',*,*,#30470,.T.);
#56370=EDGE_LOOP('',(#56360,#56350,#56340,#56330));
#56380=FACE_OUTER_BOUND('',#56370,.T.);
#56390=ADVANCED_FACE('',(#56380),#56320,.T.);
#56400=COLOUR_RGB('',0.600000023841858,0.600000023841858,
0.600000023841858);
#56410=FILL_AREA_STYLE_COLOUR('',#56400);
#56420=FILL_AREA_STYLE('',(#56410));
#56430=SURFACE_STYLE_FILL_AREA(#56420);
#56440=SURFACE_SIDE_STYLE('',(#56430));
#56450=SURFACE_STYLE_USAGE(.BOTH.,#56440);
#56460=PRESENTATION_STYLE_ASSIGNMENT((#56450));
#56470=CARTESIAN_POINT('',(-6.39094211132182E-17,8.35,
4.15438474030196E-17));
#56480=DIRECTION('',(-0.,-1.,-0.));
#56490=DIRECTION('',(-0.965575698985585,0.,0.260122220366692));
#56500=AXIS2_PLACEMENT_3D('',#56470,#56480,#56490);
#56510=TOROIDAL_SURFACE('',#56500,3.075,0.3);
#56520=ORIENTED_EDGE('',*,*,#29730,.F.);
#56530=ORIENTED_EDGE('',*,*,#29340,.T.);
#56540=ORIENTED_EDGE('',*,*,#28980,.F.);
#56550=ORIENTED_EDGE('',*,*,#29240,.F.);
#56560=EDGE_LOOP('',(#56550,#56540,#56530,#56520));
#56570=FACE_OUTER_BOUND('',#56560,.T.);
#56580=ADVANCED_FACE('',(#56570),#56510,.T.);
#56590=COLOUR_RGB('',0.600000023841858,0.600000023841858,
0.600000023841858);
#56600=FILL_AREA_STYLE_COLOUR('',#56590);
#56610=FILL_AREA_STYLE('',(#56600));
#56620=SURFACE_STYLE_FILL_AREA(#56610);
#56630=SURFACE_SIDE_STYLE('',(#56620));
#56640=SURFACE_STYLE_USAGE(.BOTH.,#56630);
#56650=PRESENTATION_STYLE_ASSIGNMENT((#56640));
#56660=CARTESIAN_POINT('',(2.3,0.599999999999999,0.849999999999951));
#56670=DIRECTION('',(-1.92592994438725E-34,1.,2.94648481515741E-20));
#56680=DIRECTION('',(1.,1.92592994438725E-34,5.67472333619399E-54));
#56690=AXIS2_PLACEMENT_3D('',#56660,#56670,#56680);
#56700=TOROIDAL_SURFACE('',#56690,0.192264973081058,0.0999999999999984);
#56710=ORIENTED_EDGE('',*,*,#53510,.F.);
#56720=ORIENTED_EDGE('',*,*,#53010,.T.);
#56730=ORIENTED_EDGE('',*,*,#53590,.T.);
#56740=ORIENTED_EDGE('',*,*,#32160,.F.);
#56750=EDGE_LOOP('',(#56740,#56730,#56720,#56710));
#56760=FACE_OUTER_BOUND('',#56750,.T.);
#56770=ADVANCED_FACE('',(#56760),#56700,.F.);
#56780=COLOUR_RGB('',0.600000023841858,0.600000023841858,
0.600000023841858);
#56790=FILL_AREA_STYLE_COLOUR('',#56780);
#56800=FILL_AREA_STYLE('',(#56790));
#56810=SURFACE_STYLE_FILL_AREA(#56800);
#56820=SURFACE_SIDE_STYLE('',(#56810));
#56830=SURFACE_STYLE_USAGE(.BOTH.,#56820);
#56840=PRESENTATION_STYLE_ASSIGNMENT((#56830));
#56850=CARTESIAN_POINT('',(-2.3,0.599999999999999,2.34999999999995));
#56860=DIRECTION('',(-1.92592994438725E-34,1.,2.94648481515741E-20));
#56870=DIRECTION('',(1.,1.92592994438725E-34,5.67472333619399E-54));
#56880=AXIS2_PLACEMENT_3D('',#56850,#56860,#56870);
#56890=TOROIDAL_SURFACE('',#56880,0.19226497308103,0.0999999999999985);
#56900=ORIENTED_EDGE('',*,*,#28500,.F.);
#56910=ORIENTED_EDGE('',*,*,#52540,.T.);
#56920=ORIENTED_EDGE('',*,*,#28600,.T.);
#56930=ORIENTED_EDGE('',*,*,#27460,.F.);
#56940=EDGE_LOOP('',(#56930,#56920,#56910,#56900));
#56950=FACE_OUTER_BOUND('',#56940,.T.);
#56960=ADVANCED_FACE('',(#56950),#56890,.F.);
#56970=COLOUR_RGB('',0.600000023841858,0.600000023841858,
0.600000023841858);
#56980=FILL_AREA_STYLE_COLOUR('',#56970);
#56990=FILL_AREA_STYLE('',(#56980));
#57000=SURFACE_STYLE_FILL_AREA(#56990);
#57010=SURFACE_SIDE_STYLE('',(#57000));
#57020=SURFACE_STYLE_USAGE(.BOTH.,#57010);
#57030=PRESENTATION_STYLE_ASSIGNMENT((#57020));
#57040=CLOSED_SHELL('',(#400,#1980,#2520,#2920,#3300,#3680,#4160,#4540,
#10440,#10980,#11300,#11770,#12580,#13050,#13450,#13830,#14210,#14610,
#14920,#15870,#16170,#16410,#16650,#16890,#17130,#17320,#17570,#17810,
#18000,#18210,#18520,#18830,#19070,#19490,#19800,#20330,#20570,#20760,
#21070,#21390,#21700,#22180,#22490,#23060,#23300,#23540,#23780,#24420,
#24740,#25250,#25440,#25930,#26320,#26810,#27220,#27500,#27890,#28300,
#28710,#29040,#29450,#29780,#30170,#30580,#31070,#31250,#31740,#31920,
#32200,#32590,#32770,#32950,#33190,#33380,#33570,#34060,#34440,#34820,
#35220,#35600,#35810,#36830,#37130,#37320,#37570,#37810,#38050,#38290,
#38530,#38770,#39010,#39200,#39520,#39830,#40630,#40940,#41180,#41420,
#41660,#41850,#42090,#42280,#42750,#43240,#43650,#43960,#44270,#44520,
#45540,#45850,#46090,#46280,#46520,#46760,#47000,#47240,#47480,#47720,
#47910,#48290,#48610,#48920,#49240,#49550,#49870,#50180,#50500,#50810,
#51420,#51610,#52000,#52330,#52730,#53120,#53330,#53650,#53880,#54070,
#54270,#54460,#54650,#54860,#55050,#55240,#55430,#55630,#55820,#56010,
#56200,#56390,#56580,#56770,#56960));
#57050=CARTESIAN_POINT('',(1.48,0.999999999999999,1.03000000000002));
#57060=DIRECTION('',(-1.,-0.,-0.));
#57070=DIRECTION('',(0.,0.,1.));
#57080=AXIS2_PLACEMENT_3D('',#57050,#57060,#57070);
#57090=PLANE('',#57080);
#57100=CARTESIAN_POINT('',(1.48,0.649999999999999,1.03000000000002));
#57110=DIRECTION('',(0.,1.,0.));
#57120=VECTOR('',#57110,1.);
#57130=LINE('',#57100,#57120);
#57140=CARTESIAN_POINT('',(1.48,0.649999999999999,1.03000000000002));
#57150=VERTEX_POINT('',#57140);
#57160=CARTESIAN_POINT('',(1.48,0.789999999999998,1.03000000000002));
#57170=VERTEX_POINT('',#57160);
#57180=EDGE_CURVE('',#57150,#57170,#57130,.T.);
#57190=ORIENTED_EDGE('',*,*,#57180,.F.);
#57200=CARTESIAN_POINT('',(1.48,0.789999999999998,1.03000000000002));
#57210=DIRECTION('',(0.,0.,-1.));
#57220=VECTOR('',#57210,1.);
#57230=LINE('',#57200,#57220);
#57240=CARTESIAN_POINT('',(1.48,0.789999999999998,0.0200000000000152));
#57250=VERTEX_POINT('',#57240);
#57260=EDGE_CURVE('',#57170,#57250,#57230,.T.);
#57270=ORIENTED_EDGE('',*,*,#57260,.F.);
#57280=CARTESIAN_POINT('',(1.48,0.789999999999998,0.0200000000000152));
#57290=DIRECTION('',(0.,-1.,0.));
#57300=VECTOR('',#57290,1.);
#57310=LINE('',#57280,#57300);
#57320=CARTESIAN_POINT('',(1.48,0.649999999999999,0.0200000000000152));
#57330=VERTEX_POINT('',#57320);
#57340=EDGE_CURVE('',#57250,#57330,#57310,.T.);
#57350=ORIENTED_EDGE('',*,*,#57340,.F.);
#57360=CARTESIAN_POINT('',(1.48,0.649999999999999,0.0200000000000152));
#57370=DIRECTION('',(0.,0.,1.));
#57380=VECTOR('',#57370,1.);
#57390=LINE('',#57360,#57380);
#57400=EDGE_CURVE('',#57330,#57150,#57390,.T.);
#57410=ORIENTED_EDGE('',*,*,#57400,.F.);
#57420=EDGE_LOOP('',(#57410,#57350,#57270,#57190));
#57430=FACE_OUTER_BOUND('',#57420,.T.);
#57440=ADVANCED_FACE('',(#57430),#57090,.F.);
#57450=COLOUR_RGB('',0.600000023841858,0.600000023841858,
0.600000023841858);
#57460=FILL_AREA_STYLE_COLOUR('',#57450);
#57470=FILL_AREA_STYLE('',(#57460));
#57480=SURFACE_STYLE_FILL_AREA(#57470);
#57490=SURFACE_SIDE_STYLE('',(#57480));
#57500=SURFACE_STYLE_USAGE(.BOTH.,#57490);
#57510=PRESENTATION_STYLE_ASSIGNMENT((#57500));
#57520=CARTESIAN_POINT('',(-0.,0.649999999999999,-0.));
#57530=DIRECTION('',(-0.,1.,-0.));
#57540=DIRECTION('',(0.,-0.,1.));
#57550=AXIS2_PLACEMENT_3D('',#57520,#57530,#57540);
#57560=PLANE('',#57550);
#57570=CARTESIAN_POINT('',(1.28,0.649999999999999,1.03000000000002));
#57580=DIRECTION('',(0.,-1.,0.));
#57590=DIRECTION('',(1.,0.,0.));
#57600=AXIS2_PLACEMENT_3D('',#57570,#57580,#57590);
#57610=CIRCLE('',#57600,0.2);
#57620=CARTESIAN_POINT('',(1.28,0.649999999999999,1.23000000000002));
#57630=VERTEX_POINT('',#57620);
#57640=EDGE_CURVE('',#57150,#57630,#57610,.T.);
#57650=ORIENTED_EDGE('',*,*,#57640,.T.);
#57660=ORIENTED_EDGE('',*,*,#57400,.T.);
#57670=CARTESIAN_POINT('',(3.12,0.649999999999999,0.0200000000000152));
#57680=DIRECTION('',(-1.,0.,0.));
#57690=VECTOR('',#57680,1.);
#57700=LINE('',#57670,#57690);
#57710=CARTESIAN_POINT('',(3.12,0.649999999999999,0.0200000000000152));
#57720=VERTEX_POINT('',#57710);
#57730=EDGE_CURVE('',#57720,#57330,#57700,.T.);
#57740=ORIENTED_EDGE('',*,*,#57730,.T.);
#57750=CARTESIAN_POINT('',(3.12,0.649999999999999,1.97000000000002));
#57760=DIRECTION('',(0.,0.,-1.));
#57770=VECTOR('',#57760,1.);
#57780=LINE('',#57750,#57770);
#57790=CARTESIAN_POINT('',(3.12,0.649999999999999,1.97000000000002));
#57800=VERTEX_POINT('',#57790);
#57810=EDGE_CURVE('',#57800,#57720,#57780,.T.);
#57820=ORIENTED_EDGE('',*,*,#57810,.T.);
#57830=CARTESIAN_POINT('',(3.12,0.649999999999999,1.97000000000002));
#57840=DIRECTION('',(-1.,0.,0.));
#57850=VECTOR('',#57840,1.);
#57860=LINE('',#57830,#57850);
#57870=CARTESIAN_POINT('',(-0.704367328411384,0.649999999999999,
1.97000000000002));
#57880=VERTEX_POINT('',#57870);
#57890=EDGE_CURVE('',#57800,#57880,#57860,.T.);
#57900=ORIENTED_EDGE('',*,*,#57890,.F.);
#57910=CARTESIAN_POINT('',(-1.36486876110449,0.649999999999999,
3.11402203989649));
#57920=DIRECTION('',(0.50000000000001,0.,-0.866025403784433));
#57930=VECTOR('',#57920,1.);
#57940=LINE('',#57910,#57930);
#57950=CARTESIAN_POINT('',(-1.36486876110449,0.649999999999999,
3.11402203989649));
#57960=VERTEX_POINT('',#57950);
#57970=EDGE_CURVE('',#57960,#57880,#57940,.T.);
#57980=ORIENTED_EDGE('',*,*,#57970,.T.);
#57990=CARTESIAN_POINT('',(0.,0.649999999999999,0.));
#58000=DIRECTION('',(0.,1.,0.));
#58010=DIRECTION('',(-0.448191527673772,0.,0.893937556276416));
#58020=AXIS2_PLACEMENT_3D('',#57990,#58000,#58010);
#58030=CIRCLE('',#58020,3.4);
#58040=CARTESIAN_POINT('',(-1.52385119409083,0.649999999999999,
3.03938769133981));
#58050=VERTEX_POINT('',#58040);
#58060=EDGE_CURVE('',#58050,#57960,#58030,.T.);
#58070=ORIENTED_EDGE('',*,*,#58060,.T.);
#58080=CARTESIAN_POINT('',(-1.60503374834716,0.649999999999999,3.18));
#58090=DIRECTION('',(0.500000000000004,0.,-0.866025403784437));
#58100=VECTOR('',#58090,1.);
#58110=LINE('',#58080,#58100);
#58120=CARTESIAN_POINT('',(-1.60503374834716,0.649999999999999,3.18));
#58130=VERTEX_POINT('',#58120);
#58140=EDGE_CURVE('',#58130,#58050,#58110,.T.);
#58150=ORIENTED_EDGE('',*,*,#58140,.T.);
#58160=CARTESIAN_POINT('',(-2.87,0.649999999999999,3.18));
#58170=DIRECTION('',(1.,0.,0.));
#58180=VECTOR('',#58170,1.);
#58190=LINE('',#58160,#58180);
#58200=CARTESIAN_POINT('',(-2.87,0.649999999999999,3.18));
#58210=VERTEX_POINT('',#58200);
#58220=EDGE_CURVE('',#58210,#58130,#58190,.T.);
#58230=ORIENTED_EDGE('',*,*,#58220,.T.);
#58240=CARTESIAN_POINT('',(-2.87,0.649999999999999,2.93));
#58250=DIRECTION('',(0.,1.,0.));
#58260=DIRECTION('',(-1.,0.,0.));
#58270=AXIS2_PLACEMENT_3D('',#58240,#58250,#58260);
#58280=CIRCLE('',#58270,0.25);
#58290=CARTESIAN_POINT('',(-3.12,0.649999999999999,2.93));
#58300=VERTEX_POINT('',#58290);
#58310=EDGE_CURVE('',#58300,#58210,#58280,.T.);
#58320=ORIENTED_EDGE('',*,*,#58310,.T.);
#58330=CARTESIAN_POINT('',(-3.12,0.649999999999999,1.23000000000002));
#58340=DIRECTION('',(0.,0.,1.));
#58350=VECTOR('',#58340,1.);
#58360=LINE('',#58330,#58350);
#58370=CARTESIAN_POINT('',(-3.12,0.649999999999999,1.23000000000002));
#58380=VERTEX_POINT('',#58370);
#58390=EDGE_CURVE('',#58380,#58300,#58360,.T.);
#58400=ORIENTED_EDGE('',*,*,#58390,.T.);
#58410=CARTESIAN_POINT('',(-3.12,0.649999999999999,1.23000000000002));
#58420=DIRECTION('',(1.,0.,0.));
#58430=VECTOR('',#58420,1.);
#58440=LINE('',#58410,#58430);
#58450=EDGE_CURVE('',#58380,#57630,#58440,.T.);
#58460=ORIENTED_EDGE('',*,*,#58450,.F.);
#58470=EDGE_LOOP('',(#58460,#58400,#58320,#58230,#58150,#58070,#57980,
#57900,#57820,#57740,#57660,#57650));
#58480=FACE_OUTER_BOUND('',#58470,.T.);
#58490=CARTESIAN_POINT('',(2.3,0.649999999999999,0.849999999999951));
#58500=DIRECTION('',(-2.28227112802057E-35,-1.,-2.94648481515741E-20));
#58510=DIRECTION('',(-1.,0.,7.74574203226853E-16));
#58520=AXIS2_PLACEMENT_3D('',#58490,#58500,#58510);
#58530=CIRCLE('',#58520,0.43);
#58540=CARTESIAN_POINT('',(2.73,0.649999999999999,0.849999999999951));
#58550=VERTEX_POINT('',#58540);
#58560=CARTESIAN_POINT('',(1.87,0.649999999999999,0.849999999999951));
#58570=VERTEX_POINT('',#58560);
#58580=EDGE_CURVE('',#58550,#58570,#58530,.T.);
#58590=ORIENTED_EDGE('',*,*,#58580,.T.);
#58600=EDGE_CURVE('',#58570,#58550,#58530,.T.);
#58610=ORIENTED_EDGE('',*,*,#58600,.T.);
#58620=EDGE_LOOP('',(#58610,#58590));
#58630=FACE_BOUND('',#58620,.T.);
#58640=CARTESIAN_POINT('',(-2.3,0.649999999999999,2.34999999999995));
#58650=DIRECTION('',(-0.,-1.,-2.94648481515741E-20));
#58660=DIRECTION('',(-1.,0.,0.));
#58670=AXIS2_PLACEMENT_3D('',#58640,#58650,#58660);
#58680=CIRCLE('',#58670,0.430000000000021);
#58690=CARTESIAN_POINT('',(-1.86999999999998,0.649999999999999,
2.34999999999995));
#58700=VERTEX_POINT('',#58690);
#58710=CARTESIAN_POINT('',(-2.73000000000002,0.649999999999999,
2.34999999999995));
#58720=VERTEX_POINT('',#58710);
#58730=EDGE_CURVE('',#58700,#58720,#58680,.T.);
#58740=ORIENTED_EDGE('',*,*,#58730,.T.);
#58750=EDGE_CURVE('',#58720,#58700,#58680,.T.);
#58760=ORIENTED_EDGE('',*,*,#58750,.T.);
#58770=EDGE_LOOP('',(#58760,#58740));
#58780=FACE_BOUND('',#58770,.T.);
#58790=ADVANCED_FACE('',(#58480,#58630,#58780),#57560,.T.);
#58800=COLOUR_RGB('',0.600000023841858,0.600000023841858,
0.600000023841858);
#58810=FILL_AREA_STYLE_COLOUR('',#58800);
#58820=FILL_AREA_STYLE('',(#58810));
#58830=SURFACE_STYLE_FILL_AREA(#58820);
#58840=SURFACE_SIDE_STYLE('',(#58830));
#58850=SURFACE_STYLE_USAGE(.BOTH.,#58840);
#58860=PRESENTATION_STYLE_ASSIGNMENT((#58850));
#58870=CARTESIAN_POINT('',(9.88098491916389E-15,0.789999999999998,
4.30822579300383E-6));
#58880=DIRECTION('',(-0.,-1.,-0.));
#58890=DIRECTION('',(1.,0.,0.));
#58900=AXIS2_PLACEMENT_3D('',#58870,#58880,#58890);
#58910=PLANE('',#58900);
#58920=CARTESIAN_POINT('',(1.48,0.789999999999998,0.0200000000000152));
#58930=DIRECTION('',(1.,0.,0.));
#58940=VECTOR('',#58930,1.);
#58950=LINE('',#58920,#58940);
#58960=CARTESIAN_POINT('',(3.12,0.789999999999998,0.0200000000000152));
#58970=VERTEX_POINT('',#58960);
#58980=EDGE_CURVE('',#57250,#58970,#58950,.T.);
#58990=ORIENTED_EDGE('',*,*,#58980,.T.);
#59000=ORIENTED_EDGE('',*,*,#57260,.T.);
#59010=CARTESIAN_POINT('',(1.28,0.789999999999998,1.03000000000002));
#59020=DIRECTION('',(0.,1.,0.));
#59030=DIRECTION('',(-1.11022302462516E-15,0.,1.));
#59040=AXIS2_PLACEMENT_3D('',#59010,#59020,#59030);
#59050=CIRCLE('',#59040,0.2);
#59060=CARTESIAN_POINT('',(1.28,0.789999999999998,1.23000000000002));
#59070=VERTEX_POINT('',#59060);
#59080=EDGE_CURVE('',#59070,#57170,#59050,.T.);
#59090=ORIENTED_EDGE('',*,*,#59080,.T.);
#59100=CARTESIAN_POINT('',(-3.12,0.789999999999998,1.23000000000002));
#59110=DIRECTION('',(1.,0.,0.));
#59120=VECTOR('',#59110,1.);
#59130=LINE('',#59100,#59120);
#59140=CARTESIAN_POINT('',(-3.12,0.789999999999998,1.23000000000002));
#59150=VERTEX_POINT('',#59140);
#59160=EDGE_CURVE('',#59150,#59070,#59130,.T.);
#59170=ORIENTED_EDGE('',*,*,#59160,.T.);
#59180=CARTESIAN_POINT('',(-3.12,0.789999999999998,1.67125600509111));
#59190=DIRECTION('',(0.,0.,-1.));
#59200=VECTOR('',#59190,1.);
#59210=LINE('',#59180,#59200);
#59220=CARTESIAN_POINT('',(-3.12,0.789999999999998,1.67125600509111));
#59230=VERTEX_POINT('',#59220);
#59240=EDGE_CURVE('',#59230,#59150,#59210,.T.);
#59250=ORIENTED_EDGE('',*,*,#59240,.T.);
#59260=CARTESIAN_POINT('',(0.,0.789999999999998,0.));
#59270=DIRECTION('',(-0.,-1.,0.));
#59280=DIRECTION('',(-0.768819783769016,0.,0.639465511255582));
#59290=AXIS2_PLACEMENT_3D('',#59260,#59270,#59280);
#59300=CIRCLE('',#59290,3.5394203811575);
#59310=CARTESIAN_POINT('',(-2.72117641210916,0.789999999999998,
2.26333726358531));
#59320=VERTEX_POINT('',#59310);
#59330=EDGE_CURVE('',#59320,#59230,#59300,.T.);
#59340=ORIENTED_EDGE('',*,*,#59330,.T.);
#59350=CARTESIAN_POINT('',(-2.3,0.789999999999998,2.34999999999995));
#59360=DIRECTION('',(-6.39312223014778E-21,1.,1.45943242735973E-21));
#59370=DIRECTION('',(0.222556299816108,0.,0.974919839480233));
#59380=AXIS2_PLACEMENT_3D('',#59350,#59360,#59370);
#59390=CIRCLE('',#59380,0.430000000000021);
#59400=CARTESIAN_POINT('',(-1.86999999999998,0.789999999999998,
2.34999999999995));
#59410=VERTEX_POINT('',#59400);
#59420=EDGE_CURVE('',#59410,#59320,#59390,.T.);
#59430=ORIENTED_EDGE('',*,*,#59420,.T.);
#59440=CARTESIAN_POINT('',(-2.20430079107907,0.789999999999998,
2.76921553097647));
#59450=VERTEX_POINT('',#59440);
#59460=EDGE_CURVE('',#59450,#59410,#59390,.T.);
#59470=ORIENTED_EDGE('',*,*,#59460,.T.);
#59480=CARTESIAN_POINT('',(0.,0.789999999999998,0.));
#59490=DIRECTION('',(-0.,-1.,0.));
#59500=DIRECTION('',(-0.450265116300841,0.,0.89289491265355));
#59510=AXIS2_PLACEMENT_3D('',#59480,#59490,#59500);
#59520=CIRCLE('',#59510,3.5394203811575);
#59530=CARTESIAN_POINT('',(-1.59367752955945,0.789999999999998,
3.16033045207782));
#59540=VERTEX_POINT('',#59530);
#59550=EDGE_CURVE('',#59540,#59450,#59520,.T.);
#59560=ORIENTED_EDGE('',*,*,#59550,.T.);
#59570=CARTESIAN_POINT('',(-1.52385119409083,0.789999999999998,
3.03938769133981));
#59580=DIRECTION('',(-0.500000000000002,0.,0.866025403784438));
#59590=VECTOR('',#59580,1.);
#59600=LINE('',#59570,#59590);
#59610=CARTESIAN_POINT('',(-1.52385119409083,0.789999999999998,
3.03938769133981));
#59620=VERTEX_POINT('',#59610);
#59630=EDGE_CURVE('',#59620,#59540,#59600,.T.);
#59640=ORIENTED_EDGE('',*,*,#59630,.T.);
#59650=CARTESIAN_POINT('',(0.,0.789999999999998,0.));
#59660=DIRECTION('',(0.,-1.,0.));
#59670=DIRECTION('',(-0.401431988560144,0.,0.915888835263673));
#59680=AXIS2_PLACEMENT_3D('',#59650,#59660,#59670);
#59690=CIRCLE('',#59680,3.4);
#59700=CARTESIAN_POINT('',(-1.36486876110449,0.789999999999998,
3.11402203989649));
#59710=VERTEX_POINT('',#59700);
#59720=EDGE_CURVE('',#59710,#59620,#59690,.T.);
#59730=ORIENTED_EDGE('',*,*,#59720,.T.);
#59740=CARTESIAN_POINT('',(-0.704367328411382,0.789999999999998,
1.97000000000002));
#59750=DIRECTION('',(-0.50000000000001,0.,0.866025403784433));
#59760=VECTOR('',#59750,1.);
#59770=LINE('',#59740,#59760);
#59780=CARTESIAN_POINT('',(-0.704367328411391,0.789999999999998,
1.97000000000002));
#59790=VERTEX_POINT('',#59780);
#59800=EDGE_CURVE('',#59790,#59710,#59770,.T.);
#59810=ORIENTED_EDGE('',*,*,#59800,.T.);
#59820=CARTESIAN_POINT('',(2.94050958756353,0.789999999999998,
1.97000000000002));
#59830=DIRECTION('',(-1.,0.,0.));
#59840=VECTOR('',#59830,1.);
#59850=LINE('',#59820,#59840);
#59860=CARTESIAN_POINT('',(2.94050958756353,0.789999999999998,
1.97000000000002));
#59870=VERTEX_POINT('',#59860);
#59880=EDGE_CURVE('',#59870,#59790,#59850,.T.);
#59890=ORIENTED_EDGE('',*,*,#59880,.T.);
#59900=CARTESIAN_POINT('',(0.,0.789999999999998,0.));
#59910=DIRECTION('',(0.,-1.,0.));
#59920=DIRECTION('',(0.881500263887745,0.,0.472183528689677));
#59930=AXIS2_PLACEMENT_3D('',#59900,#59910,#59920);
#59940=CIRCLE('',#59930,3.5394203811575);
#59950=CARTESIAN_POINT('',(3.12,0.789999999999998,1.67125600509111));
#59960=VERTEX_POINT('',#59950);
#59970=EDGE_CURVE('',#59960,#59870,#59940,.T.);
#59980=ORIENTED_EDGE('',*,*,#59970,.T.);
#59990=CARTESIAN_POINT('',(3.12,0.789999999999998,0.0200000000000152));
#60000=DIRECTION('',(0.,0.,1.));
#60010=VECTOR('',#60000,1.);
#60020=LINE('',#59990,#60010);
#60030=EDGE_CURVE('',#58970,#59960,#60020,.T.);
#60040=ORIENTED_EDGE('',*,*,#60030,.T.);
#60050=EDGE_LOOP('',(#60040,#59980,#59890,#59810,#59730,#59640,#59560,
#59470,#59430,#59340,#59250,#59170,#59090,#59000,#58990));
#60060=FACE_OUTER_BOUND('',#60050,.T.);
#60070=CARTESIAN_POINT('',(2.3,0.789999999999998,0.849999999999951));
#60080=DIRECTION('',(2.28227112802057E-35,1.,2.94648481515741E-20));
#60090=DIRECTION('',(-1.,0.,7.74574203226853E-16));
#60100=AXIS2_PLACEMENT_3D('',#60070,#60080,#60090);
#60110=CIRCLE('',#60100,0.43);
#60120=CARTESIAN_POINT('',(2.73,0.789999999999998,0.849999999999951));
#60130=VERTEX_POINT('',#60120);
#60140=CARTESIAN_POINT('',(1.87,0.789999999999998,0.849999999999951));
#60150=VERTEX_POINT('',#60140);
#60160=EDGE_CURVE('',#60130,#60150,#60110,.T.);
#60170=ORIENTED_EDGE('',*,*,#60160,.T.);
#60180=EDGE_CURVE('',#60150,#60130,#60110,.T.);
#60190=ORIENTED_EDGE('',*,*,#60180,.T.);
#60200=EDGE_LOOP('',(#60190,#60170));
#60210=FACE_BOUND('',#60200,.T.);
#60220=ADVANCED_FACE('',(#60060,#60210),#58910,.T.);
#60230=COLOUR_RGB('',0.600000023841858,0.600000023841858,
0.600000023841858);
#60240=FILL_AREA_STYLE_COLOUR('',#60230);
#60250=FILL_AREA_STYLE('',(#60240));
#60260=SURFACE_STYLE_FILL_AREA(#60250);
#60270=SURFACE_SIDE_STYLE('',(#60260));
#60280=SURFACE_STYLE_USAGE(.BOTH.,#60270);
#60290=PRESENTATION_STYLE_ASSIGNMENT((#60280));
#60300=CARTESIAN_POINT('',(1.48,0.999999999999999,0.0200000000000152));
#60310=DIRECTION('',(-0.,-0.,-1.));
#60320=DIRECTION('',(-1.,0.,0.));
#60330=AXIS2_PLACEMENT_3D('',#60300,#60310,#60320);
#60340=PLANE('',#60330);
#60350=ORIENTED_EDGE('',*,*,#57340,.T.);
#60360=ORIENTED_EDGE('',*,*,#58980,.F.);
#60370=CARTESIAN_POINT('',(3.12,0.649999999999999,0.0200000000000152));
#60380=DIRECTION('',(0.,1.,0.));
#60390=VECTOR('',#60380,1.);
#60400=LINE('',#60370,#60390);
#60410=EDGE_CURVE('',#57720,#58970,#60400,.T.);
#60420=ORIENTED_EDGE('',*,*,#60410,.T.);
#60430=ORIENTED_EDGE('',*,*,#57730,.F.);
#60440=EDGE_LOOP('',(#60430,#60420,#60360,#60350));
#60450=FACE_OUTER_BOUND('',#60440,.T.);
#60460=ADVANCED_FACE('',(#60450),#60340,.F.);
#60470=COLOUR_RGB('',0.600000023841858,0.600000023841858,
0.600000023841858);
#60480=FILL_AREA_STYLE_COLOUR('',#60470);
#60490=FILL_AREA_STYLE('',(#60480));
#60500=SURFACE_STYLE_FILL_AREA(#60490);
#60510=SURFACE_SIDE_STYLE('',(#60500));
#60520=SURFACE_STYLE_USAGE(.BOTH.,#60510);
#60530=PRESENTATION_STYLE_ASSIGNMENT((#60520));
#60540=CARTESIAN_POINT('',(3.12,0.649999999999999,0.375000000000021));
#60550=DIRECTION('',(1.,-0.,-0.));
#60560=DIRECTION('',(-0.,0.,-1.));
#60570=AXIS2_PLACEMENT_3D('',#60540,#60550,#60560);
#60580=PLANE('',#60570);
#60590=CARTESIAN_POINT('',(3.12,0.999999999999999,2.36));
#60600=DIRECTION('',(0.,1.,0.));
#60610=VECTOR('',#60600,1.);
#60620=LINE('',#60590,#60610);
#60630=CARTESIAN_POINT('',(3.12,0.999999999999999,2.36));
#60640=VERTEX_POINT('',#60630);
#60650=CARTESIAN_POINT('',(3.12,2.99,2.36));
#60660=VERTEX_POINT('',#60650);
#60670=EDGE_CURVE('',#60640,#60660,#60620,.T.);
#60680=ORIENTED_EDGE('',*,*,#60670,.T.);
#60690=CARTESIAN_POINT('',(3.12,0.999999999999999,2.36));
#60700=DIRECTION('',(0.,0.,-1.));
#60710=VECTOR('',#60700,1.);
#60720=LINE('',#60690,#60710);
#60730=CARTESIAN_POINT('',(3.12,0.999999999999999,1.97000000000002));
#60740=VERTEX_POINT('',#60730);
#60750=EDGE_CURVE('',#60640,#60740,#60720,.T.);
#60760=ORIENTED_EDGE('',*,*,#60750,.F.);
#60770=CARTESIAN_POINT('',(3.12,0.999999999999999,1.97000000000002));
#60780=DIRECTION('',(0.,-1.,0.));
#60790=VECTOR('',#60780,1.);
#60800=LINE('',#60770,#60790);
#60810=EDGE_CURVE('',#60740,#57800,#60800,.T.);
#60820=ORIENTED_EDGE('',*,*,#60810,.F.);
#60830=ORIENTED_EDGE('',*,*,#57810,.F.);
#60840=ORIENTED_EDGE('',*,*,#60410,.F.);
#60850=ORIENTED_EDGE('',*,*,#60030,.F.);
#60860=CARTESIAN_POINT('',(3.12,0.789999999999998,1.67125600509111));
#60870=DIRECTION('',(0.,1.,0.));
#60880=VECTOR('',#60870,1.);
#60890=LINE('',#60860,#60880);
#60900=CARTESIAN_POINT('',(3.12,2.99,1.67125600509111));
#60910=VERTEX_POINT('',#60900);
#60920=EDGE_CURVE('',#59960,#60910,#60890,.T.);
#60930=ORIENTED_EDGE('',*,*,#60920,.F.);
#60940=CARTESIAN_POINT('',(3.12,2.99,2.36));
#60950=DIRECTION('',(0.,0.,-1.));
#60960=VECTOR('',#60950,1.);
#60970=LINE('',#60940,#60960);
#60980=EDGE_CURVE('',#60660,#60910,#60970,.T.);
#60990=ORIENTED_EDGE('',*,*,#60980,.T.);
#61000=EDGE_LOOP('',(#60990,#60930,#60850,#60840,#60830,#60820,#60760,
#60680));
#61010=FACE_OUTER_BOUND('',#61000,.T.);
#61020=ADVANCED_FACE('',(#61010),#60580,.F.);
#61030=COLOUR_RGB('',0.600000023841858,0.600000023841858,
0.600000023841858);
#61040=FILL_AREA_STYLE_COLOUR('',#61030);
#61050=FILL_AREA_STYLE('',(#61040));
#61060=SURFACE_STYLE_FILL_AREA(#61050);
#61070=SURFACE_SIDE_STYLE('',(#61060));
#61080=SURFACE_STYLE_USAGE(.BOTH.,#61070);
#61090=PRESENTATION_STYLE_ASSIGNMENT((#61080));
#61100=CARTESIAN_POINT('',(0.704367328411362,0.999999999999999,
1.97000000000002));
#61110=DIRECTION('',(-0.,-0.,1.));
#61120=DIRECTION('',(1.,0.,-0.));
#61130=AXIS2_PLACEMENT_3D('',#61100,#61110,#61120);
#61140=PLANE('',#61130);
#61150=ORIENTED_EDGE('',*,*,#60810,.T.);
#61160=CARTESIAN_POINT('',(3.12,0.999999999999999,1.97000000000002));
#61170=DIRECTION('',(-1.,0.,0.));
#61180=VECTOR('',#61170,1.);
#61190=LINE('',#61160,#61180);
#61200=CARTESIAN_POINT('',(2.94050958756353,0.999999999999999,
1.97000000000002));
#61210=VERTEX_POINT('',#61200);
#61220=EDGE_CURVE('',#60740,#61210,#61190,.T.);
#61230=ORIENTED_EDGE('',*,*,#61220,.F.);
#61240=CARTESIAN_POINT('',(2.94050958756353,0.999999999999999,
1.97000000000002));
#61250=DIRECTION('',(0.,-1.,0.));
#61260=VECTOR('',#61250,1.);
#61270=LINE('',#61240,#61260);
#61280=EDGE_CURVE('',#61210,#59870,#61270,.T.);
#61290=ORIENTED_EDGE('',*,*,#61280,.F.);
#61300=ORIENTED_EDGE('',*,*,#59880,.F.);
#61310=CARTESIAN_POINT('',(-0.704367328411386,0.789999999999998,
1.97000000000003));
#61320=DIRECTION('',(0.,-1.,0.));
#61330=VECTOR('',#61320,1.);
#61340=LINE('',#61310,#61330);
#61350=EDGE_CURVE('',#59790,#57880,#61340,.T.);
#61360=ORIENTED_EDGE('',*,*,#61350,.F.);
#61370=ORIENTED_EDGE('',*,*,#57890,.T.);
#61380=EDGE_LOOP('',(#61370,#61360,#61300,#61290,#61230,#61150));
#61390=FACE_OUTER_BOUND('',#61380,.T.);
#61400=ADVANCED_FACE('',(#61390),#61140,.F.);
#61410=COLOUR_RGB('',0.600000023841858,0.600000023841858,
0.600000023841858);
#61420=FILL_AREA_STYLE_COLOUR('',#61410);
#61430=FILL_AREA_STYLE('',(#61420));
#61440=SURFACE_STYLE_FILL_AREA(#61430);
#61450=SURFACE_SIDE_STYLE('',(#61440));
#61460=SURFACE_STYLE_USAGE(.BOTH.,#61450);
#61470=PRESENTATION_STYLE_ASSIGNMENT((#61460));
#61480=CARTESIAN_POINT('',(-1.77635683940025E-15,2.99,-4.8475));
#61490=DIRECTION('',(-0.,1.,-0.));
#61500=DIRECTION('',(1.,-0.,0.));
#61510=AXIS2_PLACEMENT_3D('',#61480,#61490,#61500);
#61520=PLANE('',#61510);
#61530=CARTESIAN_POINT('',(2.63778252222451,2.99,2.36));
#61540=DIRECTION('',(1.,0.,0.));
#61550=VECTOR('',#61540,1.);
#61560=LINE('',#61530,#61550);
#61570=CARTESIAN_POINT('',(2.63778252222451,2.99,2.36));
#61580=VERTEX_POINT('',#61570);
#61590=EDGE_CURVE('',#61580,#60660,#61560,.T.);
#61600=ORIENTED_EDGE('',*,*,#61590,.F.);
#61610=ORIENTED_EDGE('',*,*,#60980,.F.);
#61620=CARTESIAN_POINT('',(0.,2.99,0.));
#61630=DIRECTION('',(-0.,1.,0.));
#61640=DIRECTION('',(0.745258329942112,0.,0.666775840633038));
#61650=AXIS2_PLACEMENT_3D('',#61620,#61630,#61640);
#61660=CIRCLE('',#61650,3.5394203811575);
#61670=EDGE_CURVE('',#61580,#60910,#61660,.T.);
#61680=ORIENTED_EDGE('',*,*,#61670,.T.);
#61690=EDGE_LOOP('',(#61680,#61610,#61600));
#61700=FACE_OUTER_BOUND('',#61690,.T.);
#61710=ADVANCED_FACE('',(#61700),#61520,.F.);
#61720=COLOUR_RGB('',0.600000023841858,0.600000023841858,
0.600000023841858);
#61730=FILL_AREA_STYLE_COLOUR('',#61720);
#61740=FILL_AREA_STYLE('',(#61730));
#61750=SURFACE_STYLE_FILL_AREA(#61740);
#61760=SURFACE_SIDE_STYLE('',(#61750));
#61770=SURFACE_STYLE_USAGE(.BOTH.,#61760);
#61780=PRESENTATION_STYLE_ASSIGNMENT((#61770));
#61790=CARTESIAN_POINT('',(1.97130033226802,0.649999999999999,2.36));
#61800=DIRECTION('',(3.7754069333934E-16,-0.,1.));
#61810=DIRECTION('',(1.,0.,-3.7754069333934E-16));
#61820=AXIS2_PLACEMENT_3D('',#61790,#61800,#61810);
#61830=PLANE('',#61820);
#61840=CARTESIAN_POINT('',(2.63778252222451,0.999999999999999,2.36));
#61850=DIRECTION('',(1.,0.,0.));
#61860=VECTOR('',#61850,1.);
#61870=LINE('',#61840,#61860);
#61880=CARTESIAN_POINT('',(2.63778252222451,0.999999999999999,2.36));
#61890=VERTEX_POINT('',#61880);
#61900=EDGE_CURVE('',#61890,#60640,#61870,.T.);
#61910=ORIENTED_EDGE('',*,*,#61900,.F.);
#61920=ORIENTED_EDGE('',*,*,#60670,.F.);
#61930=ORIENTED_EDGE('',*,*,#61590,.T.);
#61940=CARTESIAN_POINT('',(2.63778252222451,2.99,2.36));
#61950=DIRECTION('',(0.,-1.,0.));
#61960=VECTOR('',#61950,1.);
#61970=LINE('',#61940,#61960);
#61980=EDGE_CURVE('',#61580,#61890,#61970,.T.);
#61990=ORIENTED_EDGE('',*,*,#61980,.F.);
#62000=EDGE_LOOP('',(#61990,#61930,#61920,#61910));
#62010=FACE_OUTER_BOUND('',#62000,.T.);
#62020=ADVANCED_FACE('',(#62010),#61830,.F.);
#62030=COLOUR_RGB('',0.600000023841858,0.600000023841858,
0.600000023841858);
#62040=FILL_AREA_STYLE_COLOUR('',#62030);
#62050=FILL_AREA_STYLE('',(#62040));
#62060=SURFACE_STYLE_FILL_AREA(#62050);
#62070=SURFACE_SIDE_STYLE('',(#62060));
#62080=SURFACE_STYLE_USAGE(.BOTH.,#62070);
#62090=PRESENTATION_STYLE_ASSIGNMENT((#62080));
#62100=CARTESIAN_POINT('',(-0.,2.99,-0.));
#62110=DIRECTION('',(-0.,-1.,-0.));
#62120=DIRECTION('',(1.,0.,0.));
#62130=AXIS2_PLACEMENT_3D('',#62100,#62110,#62120);
#62140=CYLINDRICAL_SURFACE('',#62130,3.5394203811575);
#62150=ORIENTED_EDGE('',*,*,#61670,.F.);
#62160=ORIENTED_EDGE('',*,*,#60920,.T.);
#62170=ORIENTED_EDGE('',*,*,#59970,.F.);
#62180=ORIENTED_EDGE('',*,*,#61280,.T.);
#62190=CARTESIAN_POINT('',(0.,0.999999999999999,0.));
#62200=DIRECTION('',(0.,-1.,0.));
#62210=DIRECTION('',(0.830788454295415,0.,0.556588307647076));
#62220=AXIS2_PLACEMENT_3D('',#62190,#62200,#62210);
#62230=CIRCLE('',#62220,3.5394203811575);
#62240=EDGE_CURVE('',#61210,#61890,#62230,.T.);
#62250=ORIENTED_EDGE('',*,*,#62240,.F.);
#62260=ORIENTED_EDGE('',*,*,#61980,.T.);
#62270=EDGE_LOOP('',(#62260,#62250,#62180,#62170,#62160,#62150));
#62280=FACE_OUTER_BOUND('',#62270,.T.);
#62290=ADVANCED_FACE('',(#62280),#62140,.T.);
#62300=COLOUR_RGB('',0.600000023841858,0.600000023841858,
0.600000023841858);
#62310=FILL_AREA_STYLE_COLOUR('',#62300);
#62320=FILL_AREA_STYLE('',(#62310));
#62330=SURFACE_STYLE_FILL_AREA(#62320);
#62340=SURFACE_SIDE_STYLE('',(#62330));
#62350=SURFACE_STYLE_USAGE(.BOTH.,#62340);
#62360=PRESENTATION_STYLE_ASSIGNMENT((#62350));
#62370=CARTESIAN_POINT('',(-0.,0.999999999999999,-0.));
#62380=DIRECTION('',(-0.,1.,-0.));
#62390=DIRECTION('',(0.,-0.,1.));
#62400=AXIS2_PLACEMENT_3D('',#62370,#62380,#62390);
#62410=PLANE('',#62400);
#62420=ORIENTED_EDGE('',*,*,#61220,.T.);
#62430=ORIENTED_EDGE('',*,*,#60750,.T.);
#62440=ORIENTED_EDGE('',*,*,#61900,.T.);
#62450=ORIENTED_EDGE('',*,*,#62240,.T.);
#62460=EDGE_LOOP('',(#62450,#62440,#62430,#62420));
#62470=FACE_OUTER_BOUND('',#62460,.T.);
#62480=ADVANCED_FACE('',(#62470),#62410,.T.);
#62490=COLOUR_RGB('',0.600000023841858,0.600000023841858,
0.600000023841858);
#62500=FILL_AREA_STYLE_COLOUR('',#62490);
#62510=FILL_AREA_STYLE('',(#62500));
#62520=SURFACE_STYLE_FILL_AREA(#62510);
#62530=SURFACE_SIDE_STYLE('',(#62520));
#62540=SURFACE_STYLE_USAGE(.BOTH.,#62530);
#62550=PRESENTATION_STYLE_ASSIGNMENT((#62540));
#62560=CARTESIAN_POINT('',(-3.12,0.999999999999999,1.23000000000002));
#62570=DIRECTION('',(-0.,-0.,-1.));
#62580=DIRECTION('',(-1.,0.,0.));
#62590=AXIS2_PLACEMENT_3D('',#62560,#62570,#62580);
#62600=PLANE('',#62590);
#62610=CARTESIAN_POINT('',(-3.12,0.789999999999998,1.23000000000002));
#62620=DIRECTION('',(0.,-1.,0.));
#62630=VECTOR('',#62620,1.);
#62640=LINE('',#62610,#62630);
#62650=EDGE_CURVE('',#59150,#58380,#62640,.T.);
#62660=ORIENTED_EDGE('',*,*,#62650,.T.);
#62670=ORIENTED_EDGE('',*,*,#59160,.F.);
#62680=CARTESIAN_POINT('',(1.28,0.789999999999998,1.23000000000002));
#62690=DIRECTION('',(0.,-1.,0.));
#62700=VECTOR('',#62690,1.);
#62710=LINE('',#62680,#62700);
#62720=EDGE_CURVE('',#59070,#57630,#62710,.T.);
#62730=ORIENTED_EDGE('',*,*,#62720,.F.);
#62740=ORIENTED_EDGE('',*,*,#58450,.T.);
#62750=EDGE_LOOP('',(#62740,#62730,#62670,#62660));
#62760=FACE_OUTER_BOUND('',#62750,.T.);
#62770=ADVANCED_FACE('',(#62760),#62600,.F.);
#62780=COLOUR_RGB('',0.600000023841858,0.600000023841858,
0.600000023841858);
#62790=FILL_AREA_STYLE_COLOUR('',#62780);
#62800=FILL_AREA_STYLE('',(#62790));
#62810=SURFACE_STYLE_FILL_AREA(#62800);
#62820=SURFACE_SIDE_STYLE('',(#62810));
#62830=SURFACE_STYLE_USAGE(.BOTH.,#62820);
#62840=PRESENTATION_STYLE_ASSIGNMENT((#62830));
#62850=CARTESIAN_POINT('',(-3.12,0.649999999999999,2.93));
#62860=DIRECTION('',(-1.,-0.,-1.69738109195382E-16));
#62870=DIRECTION('',(-1.69738109195382E-16,0.,1.));
#62880=AXIS2_PLACEMENT_3D('',#62850,#62860,#62870);
#62890=PLANE('',#62880);
#62900=ORIENTED_EDGE('',*,*,#62650,.F.);
#62910=ORIENTED_EDGE('',*,*,#58390,.F.);
#62920=CARTESIAN_POINT('',(-3.12,0.649999999999999,2.93));
#62930=DIRECTION('',(0.,1.,0.));
#62940=VECTOR('',#62930,1.);
#62950=LINE('',#62920,#62940);
#62960=CARTESIAN_POINT('',(-3.12,2.99,2.93));
#62970=VERTEX_POINT('',#62960);
#62980=EDGE_CURVE('',#58300,#62970,#62950,.T.);
#62990=ORIENTED_EDGE('',*,*,#62980,.F.);
#63000=CARTESIAN_POINT('',(-3.12,2.99,1.67125600509112));
#63010=DIRECTION('',(0.,0.,1.));
#63020=VECTOR('',#63010,1.);
#63030=LINE('',#63000,#63020);
#63040=CARTESIAN_POINT('',(-3.12,2.99,1.67125600509111));
#63050=VERTEX_POINT('',#63040);
#63060=EDGE_CURVE('',#63050,#62970,#63030,.T.);
#63070=ORIENTED_EDGE('',*,*,#63060,.T.);
#63080=CARTESIAN_POINT('',(-3.12,2.99,1.67125600509112));
#63090=DIRECTION('',(0.,-1.,0.));
#63100=VECTOR('',#63090,1.);
#63110=LINE('',#63080,#63100);
#63120=EDGE_CURVE('',#63050,#59230,#63110,.T.);
#63130=ORIENTED_EDGE('',*,*,#63120,.F.);
#63140=ORIENTED_EDGE('',*,*,#59240,.F.);
#63150=EDGE_LOOP('',(#63140,#63130,#63070,#62990,#62910,#62900));
#63160=FACE_OUTER_BOUND('',#63150,.T.);
#63170=ADVANCED_FACE('',(#63160),#62890,.F.);
#63180=COLOUR_RGB('',0.600000023841858,0.600000023841858,
0.600000023841858);
#63190=FILL_AREA_STYLE_COLOUR('',#63180);
#63200=FILL_AREA_STYLE('',(#63190));
#63210=SURFACE_STYLE_FILL_AREA(#63200);
#63220=SURFACE_SIDE_STYLE('',(#63210));
#63230=SURFACE_STYLE_USAGE(.BOTH.,#63220);
#63240=PRESENTATION_STYLE_ASSIGNMENT((#63230));
#63250=CARTESIAN_POINT('',(-2.87,0.649999999999999,2.93));
#63260=DIRECTION('',(-0.,1.,-0.));
#63270=DIRECTION('',(0.,0.,1.));
#63280=AXIS2_PLACEMENT_3D('',#63250,#63260,#63270);
#63290=CYLINDRICAL_SURFACE('',#63280,0.25);
#63300=ORIENTED_EDGE('',*,*,#62980,.T.);
#63310=ORIENTED_EDGE('',*,*,#58310,.F.);
#63320=CARTESIAN_POINT('',(-2.87,2.99,3.18));
#63330=DIRECTION('',(0.,-1.,0.));
#63340=VECTOR('',#63330,1.);
#63350=LINE('',#63320,#63340);
#63360=CARTESIAN_POINT('',(-2.87,2.99,3.18));
#63370=VERTEX_POINT('',#63360);
#63380=EDGE_CURVE('',#63370,#58210,#63350,.T.);
#63390=ORIENTED_EDGE('',*,*,#63380,.T.);
#63400=CARTESIAN_POINT('',(-2.87,2.99,2.93));
#63410=DIRECTION('',(0.,-1.,0.));
#63420=DIRECTION('',(0.,0.,1.));
#63430=AXIS2_PLACEMENT_3D('',#63400,#63410,#63420);
#63440=CIRCLE('',#63430,0.25);
#63450=EDGE_CURVE('',#63370,#62970,#63440,.T.);
#63460=ORIENTED_EDGE('',*,*,#63450,.F.);
#63470=EDGE_LOOP('',(#63460,#63390,#63310,#63300));
#63480=FACE_OUTER_BOUND('',#63470,.T.);
#63490=ADVANCED_FACE('',(#63480),#63290,.F.);
#63500=COLOUR_RGB('',0.600000023841858,0.600000023841858,
0.600000023841858);
#63510=FILL_AREA_STYLE_COLOUR('',#63500);
#63520=FILL_AREA_STYLE('',(#63510));
#63530=SURFACE_STYLE_FILL_AREA(#63520);
#63540=SURFACE_SIDE_STYLE('',(#63530));
#63550=SURFACE_STYLE_USAGE(.BOTH.,#63540);
#63560=PRESENTATION_STYLE_ASSIGNMENT((#63550));
#63570=CARTESIAN_POINT('',(-1.60503374834716,0.649999999999999,3.18));
#63580=DIRECTION('',(0.866025403784437,-0.,0.500000000000002));
#63590=DIRECTION('',(0.500000000000002,-0.,-0.866025403784437));
#63600=AXIS2_PLACEMENT_3D('',#63570,#63580,#63590);
#63610=PLANE('',#63600);
#63620=CARTESIAN_POINT('',(-1.60503374834716,0.649999999999999,3.18));
#63630=DIRECTION('',(0.,1.,0.));
#63640=VECTOR('',#63630,1.);
#63650=LINE('',#63620,#63640);
#63660=CARTESIAN_POINT('',(-1.60503374834716,2.99,3.18));
#63670=VERTEX_POINT('',#63660);
#63680=EDGE_CURVE('',#58130,#63670,#63650,.T.);
#63690=ORIENTED_EDGE('',*,*,#63680,.T.);
#63700=ORIENTED_EDGE('',*,*,#58140,.F.);
#63710=CARTESIAN_POINT('',(-1.52385119409083,0.649999999999999,
3.03938769133981));
#63720=DIRECTION('',(0.,1.,0.));
#63730=VECTOR('',#63720,1.);
#63740=LINE('',#63710,#63730);
#63750=EDGE_CURVE('',#58050,#59620,#63740,.T.);
#63760=ORIENTED_EDGE('',*,*,#63750,.F.);
#63770=ORIENTED_EDGE('',*,*,#59630,.F.);
#63780=CARTESIAN_POINT('',(-1.59367752955945,0.789999999999998,
3.16033045207782));
#63790=DIRECTION('',(0.,1.,0.));
#63800=VECTOR('',#63790,1.);
#63810=LINE('',#63780,#63800);
#63820=CARTESIAN_POINT('',(-1.59367752955945,2.99,3.16033045207782));
#63830=VERTEX_POINT('',#63820);
#63840=EDGE_CURVE('',#59540,#63830,#63810,.T.);
#63850=ORIENTED_EDGE('',*,*,#63840,.F.);
#63860=CARTESIAN_POINT('',(-1.59367752955945,2.99,3.16033045207782));
#63870=DIRECTION('',(-0.500000000000031,0.,0.866025403784421));
#63880=VECTOR('',#63870,1.);
#63890=LINE('',#63860,#63880);
#63900=EDGE_CURVE('',#63830,#63670,#63890,.T.);
#63910=ORIENTED_EDGE('',*,*,#63900,.F.);
#63920=EDGE_LOOP('',(#63910,#63850,#63770,#63760,#63700,#63690));
#63930=FACE_OUTER_BOUND('',#63920,.T.);
#63940=ADVANCED_FACE('',(#63930),#63610,.F.);
#63950=COLOUR_RGB('',0.600000023841858,0.600000023841858,
0.600000023841858);
#63960=FILL_AREA_STYLE_COLOUR('',#63950);
#63970=FILL_AREA_STYLE('',(#63960));
#63980=SURFACE_STYLE_FILL_AREA(#63970);
#63990=SURFACE_SIDE_STYLE('',(#63980));
#64000=SURFACE_STYLE_USAGE(.BOTH.,#63990);
#64010=PRESENTATION_STYLE_ASSIGNMENT((#64000));
#64020=CARTESIAN_POINT('',(-0.,0.649999999999999,-0.));
#64030=DIRECTION('',(-0.,1.,-0.));
#64040=DIRECTION('',(0.,0.,1.));
#64050=AXIS2_PLACEMENT_3D('',#64020,#64030,#64040);
#64060=CYLINDRICAL_SURFACE('',#64050,3.4);
#64070=ORIENTED_EDGE('',*,*,#63750,.T.);
#64080=ORIENTED_EDGE('',*,*,#58060,.F.);
#64090=CARTESIAN_POINT('',(-1.36486876110449,0.789999999999998,
3.11402203989649));
#64100=DIRECTION('',(0.,-1.,0.));
#64110=VECTOR('',#64100,1.);
#64120=LINE('',#64090,#64110);
#64130=EDGE_CURVE('',#59710,#57960,#64120,.T.);
#64140=ORIENTED_EDGE('',*,*,#64130,.T.);
#64150=ORIENTED_EDGE('',*,*,#59720,.F.);
#64160=EDGE_LOOP('',(#64150,#64140,#64080,#64070));
#64170=FACE_OUTER_BOUND('',#64160,.T.);
#64180=ADVANCED_FACE('',(#64170),#64060,.F.);
#64190=COLOUR_RGB('',0.600000023841858,0.600000023841858,
0.600000023841858);
#64200=FILL_AREA_STYLE_COLOUR('',#64190);
#64210=FILL_AREA_STYLE('',(#64200));
#64220=SURFACE_STYLE_FILL_AREA(#64210);
#64230=SURFACE_SIDE_STYLE('',(#64220));
#64240=SURFACE_STYLE_USAGE(.BOTH.,#64230);
#64250=PRESENTATION_STYLE_ASSIGNMENT((#64240));
#64260=CARTESIAN_POINT('',(-1.36486876110449,0.649999999999999,
3.11402203989649));
#64270=DIRECTION('',(0.866025403784433,-0.,0.50000000000001));
#64280=DIRECTION('',(0.50000000000001,0.,-0.866025403784433));
#64290=AXIS2_PLACEMENT_3D('',#64260,#64270,#64280);
#64300=PLANE('',#64290);
#64310=ORIENTED_EDGE('',*,*,#57970,.F.);
#64320=ORIENTED_EDGE('',*,*,#61350,.T.);
#64330=ORIENTED_EDGE('',*,*,#59800,.F.);
#64340=ORIENTED_EDGE('',*,*,#64130,.F.);
#64350=EDGE_LOOP('',(#64340,#64330,#64320,#64310));
#64360=FACE_OUTER_BOUND('',#64350,.T.);
#64370=ADVANCED_FACE('',(#64360),#64300,.F.);
#64380=COLOUR_RGB('',0.600000023841858,0.600000023841858,
0.600000023841858);
#64390=FILL_AREA_STYLE_COLOUR('',#64380);
#64400=FILL_AREA_STYLE('',(#64390));
#64410=SURFACE_STYLE_FILL_AREA(#64400);
#64420=SURFACE_SIDE_STYLE('',(#64410));
#64430=SURFACE_STYLE_USAGE(.BOTH.,#64420);
#64440=PRESENTATION_STYLE_ASSIGNMENT((#64430));
#64450=CARTESIAN_POINT('',(-1.60503374834716,0.649999999999999,3.18));
#64460=DIRECTION('',(-0.,-0.,1.));
#64470=DIRECTION('',(1.,0.,-0.));
#64480=AXIS2_PLACEMENT_3D('',#64450,#64460,#64470);
#64490=PLANE('',#64480);
#64500=ORIENTED_EDGE('',*,*,#63380,.F.);
#64510=ORIENTED_EDGE('',*,*,#58220,.F.);
#64520=ORIENTED_EDGE('',*,*,#63680,.F.);
#64530=CARTESIAN_POINT('',(-2.87,2.99,3.18));
#64540=DIRECTION('',(1.,0.,0.));
#64550=VECTOR('',#64540,1.);
#64560=LINE('',#64530,#64550);
#64570=EDGE_CURVE('',#63370,#63670,#64560,.T.);
#64580=ORIENTED_EDGE('',*,*,#64570,.T.);
#64590=EDGE_LOOP('',(#64580,#64520,#64510,#64500));
#64600=FACE_OUTER_BOUND('',#64590,.T.);
#64610=ADVANCED_FACE('',(#64600),#64490,.F.);
#64620=COLOUR_RGB('',0.600000023841858,0.600000023841858,
0.600000023841858);
#64630=FILL_AREA_STYLE_COLOUR('',#64620);
#64640=FILL_AREA_STYLE('',(#64630));
#64650=SURFACE_STYLE_FILL_AREA(#64640);
#64660=SURFACE_SIDE_STYLE('',(#64650));
#64670=SURFACE_STYLE_USAGE(.BOTH.,#64660);
#64680=PRESENTATION_STYLE_ASSIGNMENT((#64670));
#64690=CARTESIAN_POINT('',(-0.,2.99,-0.));
#64700=DIRECTION('',(-0.,-1.,-0.));
#64710=DIRECTION('',(1.,0.,0.));
#64720=AXIS2_PLACEMENT_3D('',#64690,#64700,#64710);
#64730=CYLINDRICAL_SURFACE('',#64720,3.5394203811575);
#64740=CARTESIAN_POINT('',(-2.72117641210916,0.87349351572896,
2.26333726358531));
#64750=DIRECTION('',(0.,-1.,0.));
#64760=VECTOR('',#64750,1.);
#64770=LINE('',#64740,#64760);
#64780=CARTESIAN_POINT('',(-2.72117641210916,0.873493515728952,
2.26333726358531));
#64790=VERTEX_POINT('',#64780);
#64800=EDGE_CURVE('',#64790,#59320,#64770,.T.);
#64810=ORIENTED_EDGE('',*,*,#64800,.F.);
#64820=ORIENTED_EDGE('',*,*,#59330,.F.);
#64830=ORIENTED_EDGE('',*,*,#63120,.T.);
#64840=CARTESIAN_POINT('',(0.,2.99,0.));
#64850=DIRECTION('',(0.,1.,0.));
#64860=DIRECTION('',(-0.881500263887745,0.,0.472183528689678));
#64870=AXIS2_PLACEMENT_3D('',#64840,#64850,#64860);
#64880=CIRCLE('',#64870,3.5394203811575);
#64890=EDGE_CURVE('',#63050,#63830,#64880,.T.);
#64900=ORIENTED_EDGE('',*,*,#64890,.F.);
#64910=ORIENTED_EDGE('',*,*,#63840,.T.);
#64920=ORIENTED_EDGE('',*,*,#59550,.F.);
#64930=CARTESIAN_POINT('',(-2.20430079107907,0.873493515730176,
2.76921553097647));
#64940=DIRECTION('',(0.,-1.,0.));
#64950=VECTOR('',#64940,1.);
#64960=LINE('',#64930,#64950);
#64970=CARTESIAN_POINT('',(-2.20430079107919,0.873493515729079,
2.76921553097637));
#64980=VERTEX_POINT('',#64970);
#64990=EDGE_CURVE('',#64980,#59450,#64960,.T.);
#65000=ORIENTED_EDGE('',*,*,#64990,.T.);
#65010=CARTESIAN_POINT('',(-2.20430079107907,0.873493515730176,
2.76921553097647));
#65020=CARTESIAN_POINT('',(-2.2199439165128,0.889700487737157,
2.75676357359619));
#65030=CARTESIAN_POINT('',(-2.25385949061053,0.915628829077062,
2.72933607783959));
#65040=CARTESIAN_POINT('',(-2.31094249100909,0.938835319214605,
2.68123816634347));
#65050=CARTESIAN_POINT('',(-2.36962073848679,0.948440658970447,
2.62953079459984));
#65060=CARTESIAN_POINT('',(-2.42700834517856,0.950134638662983,
2.57666125712437));
#65070=CARTESIAN_POINT('',(-2.48414377063999,0.949939692731382,
2.52163518167737));
#65080=CARTESIAN_POINT('',(-2.54026758211858,0.950081706892982,
2.46508621807098));
#65090=CARTESIAN_POINT('',(-2.59487532375803,0.94661841079438,
2.40752816053883));
#65100=CARTESIAN_POINT('',(-2.62977571990967,0.937581201108417,
2.36905563860222));
#65110=CARTESIAN_POINT('',(-2.64668144324178,0.930491254185982,
2.3500157387883));
#65120=B_SPLINE_CURVE_WITH_KNOTS('',3,(#65010,#65020,#65030,#65040,
#65050,#65060,#65070,#65080,#65090,#65100,#65110),.UNSPECIFIED.,.F.,.F.,
(4,1,1,1,1,1,1,1,4),(0.,0.125,0.25,0.375,0.5,0.625,0.75,0.875,1.),
.UNSPECIFIED.);
#65130=CARTESIAN_POINT('',(-2.64669129782692,0.930544557338795,
2.35000464011465));
#65140=VERTEX_POINT('',#65130);
#65150=EDGE_CURVE('',#64980,#65140,#65120,.T.);
#65160=ORIENTED_EDGE('',*,*,#65150,.F.);
#65170=CARTESIAN_POINT('',(-2.64668144324178,0.930491254185982,
2.3500157387883));
#65180=CARTESIAN_POINT('',(-2.65660371840738,0.926330035946932,
2.33884087679819));
#65190=CARTESIAN_POINT('',(-2.67532486388603,0.916613080751416,
2.31747253846138));
#65200=CARTESIAN_POINT('',(-2.70021521946639,0.897387542924842,
2.28839739804527));
#65210=CARTESIAN_POINT('',(-2.71453652739542,0.881910303530589,
2.27132029729082));
#65220=CARTESIAN_POINT('',(-2.72117641210916,0.873493515728961,
2.26333726358531));
#65230=B_SPLINE_CURVE_WITH_KNOTS('',3,(#65170,#65180,#65190,#65200,
#65210,#65220),.UNSPECIFIED.,.F.,.F.,(4,1,1,4),(0.,0.333333333333333,
0.666666666666667,1.),.UNSPECIFIED.);
#65240=EDGE_CURVE('',#65140,#64790,#65230,.T.);
#65250=ORIENTED_EDGE('',*,*,#65240,.F.);
#65260=EDGE_LOOP('',(#65250,#65160,#65000,#64920,#64910,#64900,#64830,
#64820,#64810));
#65270=FACE_OUTER_BOUND('',#65260,.T.);
#65280=ADVANCED_FACE('',(#65270),#64730,.T.);
#65290=COLOUR_RGB('',0.600000023841858,0.600000023841858,
0.600000023841858);
#65300=FILL_AREA_STYLE_COLOUR('',#65290);
#65310=FILL_AREA_STYLE('',(#65300));
#65320=SURFACE_STYLE_FILL_AREA(#65310);
#65330=SURFACE_SIDE_STYLE('',(#65320));
#65340=SURFACE_STYLE_USAGE(.BOTH.,#65330);
#65350=PRESENTATION_STYLE_ASSIGNMENT((#65340));
#65360=CARTESIAN_POINT('',(-2.3,1.17445426717304,2.34999999999995));
#65370=DIRECTION('',(-1.92592994438725E-34,1.,2.94648481515741E-20));
#65380=DIRECTION('',(1.,1.92592994438725E-34,-0.));
#65390=AXIS2_PLACEMENT_3D('',#65360,#65370,#65380);
#65400=CYLINDRICAL_SURFACE('',#65390,0.430000000000021);
#65410=CARTESIAN_POINT('',(-1.86999999999998,1.17445426717304,
2.34999999999995));
#65420=DIRECTION('',(-1.92592994438725E-34,1.,2.94648481515741E-20));
#65430=VECTOR('',#65420,1.);
#65440=LINE('',#65410,#65430);
#65450=EDGE_CURVE('',#58700,#59410,#65440,.T.);
#65460=ORIENTED_EDGE('',*,*,#65450,.F.);
#65470=ORIENTED_EDGE('',*,*,#59420,.F.);
#65480=ORIENTED_EDGE('',*,*,#64800,.T.);
#65490=CARTESIAN_POINT('',(-2.3,0.87349351572896,2.34999999999995));
#65500=DIRECTION('',(0.,1.,2.94648481515741E-20));
#65510=DIRECTION('',(-1.,0.,0.));
#65520=AXIS2_PLACEMENT_3D('',#65490,#65500,#65510);
#65530=CIRCLE('',#65520,0.430000000000013);
#65540=CARTESIAN_POINT('',(-2.73000000000002,0.87349351572896,
2.34999999999995));
#65550=VERTEX_POINT('',#65540);
#65560=EDGE_CURVE('',#64790,#65550,#65530,.T.);
#65570=ORIENTED_EDGE('',*,*,#65560,.F.);
#65580=CARTESIAN_POINT('',(-2.73000000000002,1.17445426717304,
2.34999999999995));
#65590=DIRECTION('',(-1.92592994438725E-34,1.,2.94648481515741E-20));
#65600=VECTOR('',#65590,1.);
#65610=LINE('',#65580,#65600);
#65620=EDGE_CURVE('',#58720,#65550,#65610,.T.);
#65630=ORIENTED_EDGE('',*,*,#65620,.T.);
#65640=ORIENTED_EDGE('',*,*,#58750,.F.);
#65650=EDGE_LOOP('',(#65640,#65630,#65570,#65480,#65470,#65460));
#65660=FACE_OUTER_BOUND('',#65650,.T.);
#65670=ADVANCED_FACE('',(#65660),#65400,.T.);
#65680=COLOUR_RGB('',0.600000023841858,0.600000023841858,
0.600000023841858);
#65690=FILL_AREA_STYLE_COLOUR('',#65680);
#65700=FILL_AREA_STYLE('',(#65690));
#65710=SURFACE_STYLE_FILL_AREA(#65700);
#65720=SURFACE_SIDE_STYLE('',(#65710));
#65730=SURFACE_STYLE_USAGE(.BOTH.,#65720);
#65740=PRESENTATION_STYLE_ASSIGNMENT((#65730));
#65750=CARTESIAN_POINT('',(2.3,0.962351309467793,0.849999999999951));
#65760=DIRECTION('',(-1.92592994438725E-34,1.,2.94648481515741E-20));
#65770=DIRECTION('',(1.,1.92592994438725E-34,-0.));
#65780=AXIS2_PLACEMENT_3D('',#65750,#65760,#65770);
#65790=CYLINDRICAL_SURFACE('',#65780,0.43);
#65800=CARTESIAN_POINT('',(2.73,0.962351309467793,0.849999999999951));
#65810=DIRECTION('',(-1.92592994438725E-34,1.,2.94648481515741E-20));
#65820=VECTOR('',#65810,1.);
#65830=LINE('',#65800,#65820);
#65840=EDGE_CURVE('',#58550,#60130,#65830,.T.);
#65850=ORIENTED_EDGE('',*,*,#65840,.F.);
#65860=ORIENTED_EDGE('',*,*,#60160,.F.);
#65870=CARTESIAN_POINT('',(1.87,0.962351309467793,0.849999999999951));
#65880=DIRECTION('',(-1.92592994438725E-34,1.,2.94648481515741E-20));
#65890=VECTOR('',#65880,1.);
#65900=LINE('',#65870,#65890);
#65910=EDGE_CURVE('',#58570,#60150,#65900,.T.);
#65920=ORIENTED_EDGE('',*,*,#65910,.T.);
#65930=ORIENTED_EDGE('',*,*,#58600,.F.);
#65940=EDGE_LOOP('',(#65930,#65920,#65860,#65850));
#65950=FACE_OUTER_BOUND('',#65940,.T.);
#65960=ADVANCED_FACE('',(#65950),#65790,.T.);
#65970=COLOUR_RGB('',0.600000023841858,0.600000023841858,
0.600000023841858);
#65980=FILL_AREA_STYLE_COLOUR('',#65970);
#65990=FILL_AREA_STYLE('',(#65980));
#66000=SURFACE_STYLE_FILL_AREA(#65990);
#66010=SURFACE_SIDE_STYLE('',(#66000));
#66020=SURFACE_STYLE_USAGE(.BOTH.,#66010);
#66030=PRESENTATION_STYLE_ASSIGNMENT((#66020));
#66040=CARTESIAN_POINT('',(-2.3,0.699999999999999,2.34999999999995));
#66050=DIRECTION('',(-1.92592994438725E-34,1.,2.94648481515741E-20));
#66060=DIRECTION('',(1.,0.,-6.54251056699231E-36));
#66070=AXIS2_PLACEMENT_3D('',#66040,#66050,#66060);
#66080=TOROIDAL_SURFACE('',#66070,0.25,0.25);
#66090=ORIENTED_EDGE('',*,*,#65560,.T.);
#66100=ORIENTED_EDGE('',*,*,#65240,.T.);
#66110=ORIENTED_EDGE('',*,*,#65150,.T.);
#66120=EDGE_CURVE('',#65550,#64980,#65530,.T.);
#66130=ORIENTED_EDGE('',*,*,#66120,.T.);
#66140=EDGE_LOOP('',(#66130,#66110,#66100,#66090));
#66150=FACE_OUTER_BOUND('',#66140,.T.);
#66160=ADVANCED_FACE('',(#66150),#66080,.T.);
#66170=COLOUR_RGB('',0.600000023841858,0.600000023841858,
0.600000023841858);
#66180=FILL_AREA_STYLE_COLOUR('',#66170);
#66190=FILL_AREA_STYLE('',(#66180));
#66200=SURFACE_STYLE_FILL_AREA(#66190);
#66210=SURFACE_SIDE_STYLE('',(#66200));
#66220=SURFACE_STYLE_USAGE(.BOTH.,#66210);
#66230=PRESENTATION_STYLE_ASSIGNMENT((#66220));
#66240=CARTESIAN_POINT('',(-1.77635683940025E-15,2.99,-4.8475));
#66250=DIRECTION('',(-0.,1.,-0.));
#66260=DIRECTION('',(1.,-0.,0.));
#66270=AXIS2_PLACEMENT_3D('',#66240,#66250,#66260);
#66280=PLANE('',#66270);
#66290=ORIENTED_EDGE('',*,*,#63060,.F.);
#66300=ORIENTED_EDGE('',*,*,#63450,.T.);
#66310=ORIENTED_EDGE('',*,*,#64570,.F.);
#66320=ORIENTED_EDGE('',*,*,#63900,.T.);
#66330=ORIENTED_EDGE('',*,*,#64890,.T.);
#66340=EDGE_LOOP('',(#66330,#66320,#66310,#66300,#66290));
#66350=FACE_OUTER_BOUND('',#66340,.T.);
#66360=ADVANCED_FACE('',(#66350),#66280,.F.);
#66370=COLOUR_RGB('',0.600000023841858,0.600000023841858,
0.600000023841858);
#66380=FILL_AREA_STYLE_COLOUR('',#66370);
#66390=FILL_AREA_STYLE('',(#66380));
#66400=SURFACE_STYLE_FILL_AREA(#66390);
#66410=SURFACE_SIDE_STYLE('',(#66400));
#66420=SURFACE_STYLE_USAGE(.BOTH.,#66410);
#66430=PRESENTATION_STYLE_ASSIGNMENT((#66420));
#66440=CARTESIAN_POINT('',(1.28,0.999999999999999,1.03000000000002));
#66450=DIRECTION('',(-0.,-1.,-0.));
#66460=DIRECTION('',(0.,0.,-1.));
#66470=AXIS2_PLACEMENT_3D('',#66440,#66450,#66460);
#66480=CYLINDRICAL_SURFACE('',#66470,0.2);
#66490=ORIENTED_EDGE('',*,*,#62720,.T.);
#66500=ORIENTED_EDGE('',*,*,#59080,.F.);
#66510=ORIENTED_EDGE('',*,*,#57180,.T.);
#66520=ORIENTED_EDGE('',*,*,#57640,.F.);
#66530=EDGE_LOOP('',(#66520,#66510,#66500,#66490));
#66540=FACE_OUTER_BOUND('',#66530,.T.);
#66550=ADVANCED_FACE('',(#66540),#66480,.T.);
#66560=COLOUR_RGB('',0.600000023841858,0.600000023841858,
0.600000023841858);
#66570=FILL_AREA_STYLE_COLOUR('',#66560);
#66580=FILL_AREA_STYLE('',(#66570));
#66590=SURFACE_STYLE_FILL_AREA(#66580);
#66600=SURFACE_SIDE_STYLE('',(#66590));
#66610=SURFACE_STYLE_USAGE(.BOTH.,#66600);
#66620=PRESENTATION_STYLE_ASSIGNMENT((#66610));
#66630=CARTESIAN_POINT('',(2.3,0.962351309467793,0.849999999999951));
#66640=DIRECTION('',(-1.92592994438725E-34,1.,2.94648481515741E-20));
#66650=DIRECTION('',(1.,1.92592994438725E-34,-0.));
#66660=AXIS2_PLACEMENT_3D('',#66630,#66640,#66650);
#66670=CYLINDRICAL_SURFACE('',#66660,0.43);
#66680=ORIENTED_EDGE('',*,*,#65840,.T.);
#66690=ORIENTED_EDGE('',*,*,#58580,.F.);
#66700=ORIENTED_EDGE('',*,*,#65910,.F.);
#66710=ORIENTED_EDGE('',*,*,#60180,.F.);
#66720=EDGE_LOOP('',(#66710,#66700,#66690,#66680));
#66730=FACE_OUTER_BOUND('',#66720,.T.);
#66740=ADVANCED_FACE('',(#66730),#66670,.T.);
#66750=COLOUR_RGB('',0.600000023841858,0.600000023841858,
0.600000023841858);
#66760=FILL_AREA_STYLE_COLOUR('',#66750);
#66770=FILL_AREA_STYLE('',(#66760));
#66780=SURFACE_STYLE_FILL_AREA(#66770);
#66790=SURFACE_SIDE_STYLE('',(#66780));
#66800=SURFACE_STYLE_USAGE(.BOTH.,#66790);
#66810=PRESENTATION_STYLE_ASSIGNMENT((#66800));
#66820=CARTESIAN_POINT('',(-2.3,1.17445426717304,2.34999999999995));
#66830=DIRECTION('',(-1.92592994438725E-34,1.,2.94648481515741E-20));
#66840=DIRECTION('',(1.,1.92592994438725E-34,-0.));
#66850=AXIS2_PLACEMENT_3D('',#66820,#66830,#66840);
#66860=CYLINDRICAL_SURFACE('',#66850,0.430000000000021);
#66870=ORIENTED_EDGE('',*,*,#58730,.F.);
#66880=ORIENTED_EDGE('',*,*,#65620,.F.);
#66890=ORIENTED_EDGE('',*,*,#66120,.F.);
#66900=ORIENTED_EDGE('',*,*,#64990,.F.);
#66910=ORIENTED_EDGE('',*,*,#59460,.F.);
#66920=ORIENTED_EDGE('',*,*,#65450,.T.);
#66930=EDGE_LOOP('',(#66920,#66910,#66900,#66890,#66880,#66870));
#66940=FACE_OUTER_BOUND('',#66930,.T.);
#66950=ADVANCED_FACE('',(#66940),#66860,.T.);
#66960=COLOUR_RGB('',0.600000023841858,0.600000023841858,
0.600000023841858);
#66970=FILL_AREA_STYLE_COLOUR('',#66960);
#66980=FILL_AREA_STYLE('',(#66970));
#66990=SURFACE_STYLE_FILL_AREA(#66980);
#67000=SURFACE_SIDE_STYLE('',(#66990));
#67010=SURFACE_STYLE_USAGE(.BOTH.,#67000);
#67020=PRESENTATION_STYLE_ASSIGNMENT((#67010));
#67030=CLOSED_SHELL('',(#57440,#58790,#60220,#60460,#61020,#61400,#61710
,#62020,#62290,#62480,#62770,#63170,#63490,#63940,#64180,#64370,#64610,
#65280,#65670,#65960,#66160,#66360,#66550,#66740,#66950));
#67040=ORIENTED_CLOSED_SHELL('',*,#67030,.T.);
#67050=CARTESIAN_POINT('',(0.,-1.74999999999999,0.));
#67060=DIRECTION('',(0.,1.,0.));
#67070=DIRECTION('',(0.,-0.,1.));
#67080=AXIS2_PLACEMENT_3D('',#67050,#67060,#67070);
#67090=CONICAL_SURFACE('',#67080,1.,0.78539816339745);
#67100=CARTESIAN_POINT('',(1.22464679914736E-16,-1.74999999999999,-1.));
#67110=DIRECTION('',(8.65956056235495E-17,0.707106781186546,
-0.707106781186549));
#67120=VECTOR('',#67110,1.4142135623731);
#67130=LINE('',#67100,#67120);
#67140=CARTESIAN_POINT('',(5.75583995599257E-16,1.95,-4.7));
#67150=VERTEX_POINT('',#67140);
#67160=CARTESIAN_POINT('',(5.78567523757004E-16,1.97436235623059,
-4.72436235623059));
#67170=VERTEX_POINT('',#67160);
#67180=EDGE_CURVE('',#67150,#67170,#67130,.T.);
#67190=ORIENTED_EDGE('',*,*,#67180,.F.);
#67200=CARTESIAN_POINT('',(-6.39094211132182E-17,1.97436235623059,
4.15438474030196E-17));
#67210=DIRECTION('',(0.,1.,0.));
#67220=DIRECTION('',(0.965575698985586,0.,-0.260122220366692));
#67230=AXIS2_PLACEMENT_3D('',#67200,#67210,#67220);
#67240=CIRCLE('',#67230,4.72436235623059);
#67250=CARTESIAN_POINT('',(-4.56172948437854,1.97436235623059,
1.22891162591952));
#67260=VERTEX_POINT('',#67250);
#67270=EDGE_CURVE('',#67170,#67260,#67240,.T.);
#67280=ORIENTED_EDGE('',*,*,#67270,.F.);
#67290=CARTESIAN_POINT('',(0.,1.97436235623059,4.72436235623059));
#67300=VERTEX_POINT('',#67290);
#67310=EDGE_CURVE('',#67260,#67300,#67240,.T.);
#67320=ORIENTED_EDGE('',*,*,#67310,.F.);
#67330=CARTESIAN_POINT('',(0.,-1.74999999999999,1.));
#67340=DIRECTION('',(0.,0.707106781186546,0.707106781186549));
#67350=VECTOR('',#67340,1.4142135623731);
#67360=LINE('',#67330,#67350);
#67370=CARTESIAN_POINT('',(0.,1.95,4.7));
#67380=VERTEX_POINT('',#67370);
#67390=EDGE_CURVE('',#67380,#67300,#67360,.T.);
#67400=ORIENTED_EDGE('',*,*,#67390,.T.);
#67410=CARTESIAN_POINT('',(0.,1.95,0.));
#67420=DIRECTION('',(0.,1.,0.));
#67430=DIRECTION('',(1.22464679914735E-16,0.,-1.));
#67440=AXIS2_PLACEMENT_3D('',#67410,#67420,#67430);
#67450=CIRCLE('',#67440,4.7);
#67460=EDGE_CURVE('',#67150,#67380,#67450,.T.);
#67470=ORIENTED_EDGE('',*,*,#67460,.T.);
#67480=EDGE_LOOP('',(#67470,#67400,#67320,#67280,#67190));
#67490=FACE_OUTER_BOUND('',#67480,.T.);
#67500=ADVANCED_FACE('',(#67490),#67090,.T.);
#67510=COLOUR_RGB('',0.600000023841858,0.600000023841858,
0.600000023841858);
#67520=FILL_AREA_STYLE_COLOUR('',#67510);
#67530=FILL_AREA_STYLE('',(#67520));
#67540=SURFACE_STYLE_FILL_AREA(#67530);
#67550=SURFACE_SIDE_STYLE('',(#67540));
#67560=SURFACE_STYLE_USAGE(.BOTH.,#67550);
#67570=PRESENTATION_STYLE_ASSIGNMENT((#67560));
#67580=CARTESIAN_POINT('',(0.,5.55000000000001,0.));
#67590=DIRECTION('',(0.,-1.,0.));
#67600=DIRECTION('',(0.,0.,-1.));
#67610=AXIS2_PLACEMENT_3D('',#67580,#67590,#67600);
#67620=CONICAL_SURFACE('',#67610,1.,0.785398163397447);
#67630=CARTESIAN_POINT('',(-6.39094211132182E-17,1.82563764376941,
4.15438474030196E-17));
#67640=DIRECTION('',(-0.,-1.,0.));
#67650=DIRECTION('',(-0.965575698985585,0.,0.260122220366692));
#67660=AXIS2_PLACEMENT_3D('',#67630,#67640,#67650);
#67670=CIRCLE('',#67660,4.72436235623059);
#67680=CARTESIAN_POINT('',(4.56172948437854,1.82563764376941,
-1.22891162591952));
#67690=VERTEX_POINT('',#67680);
#67700=CARTESIAN_POINT('',(5.78567523757004E-16,1.82563764376941,
4.72436235623059));
#67710=VERTEX_POINT('',#67700);
#67720=EDGE_CURVE('',#67690,#67710,#67670,.T.);
#67730=ORIENTED_EDGE('',*,*,#67720,.F.);
#67740=CARTESIAN_POINT('',(1.22464679914735E-16,5.55000000000001,1.));
#67750=DIRECTION('',(8.65956056235492E-17,-0.707106781186548,
0.707106781186547));
#67760=VECTOR('',#67750,1.4142135623731);
#67770=LINE('',#67740,#67760);
#67780=CARTESIAN_POINT('',(5.75583995599256E-16,1.85,4.7));
#67790=VERTEX_POINT('',#67780);
#67800=EDGE_CURVE('',#67790,#67710,#67770,.T.);
#67810=ORIENTED_EDGE('',*,*,#67800,.T.);
#67820=CARTESIAN_POINT('',(0.,1.85,0.));
#67830=DIRECTION('',(-0.,-1.,0.));
#67840=DIRECTION('',(-2.44929359829471E-16,0.,1.));
#67850=AXIS2_PLACEMENT_3D('',#67820,#67830,#67840);
#67860=CIRCLE('',#67850,4.7);
#67870=CARTESIAN_POINT('',(0.,1.85,-4.7));
#67880=VERTEX_POINT('',#67870);
#67890=EDGE_CURVE('',#67880,#67790,#67860,.T.);
#67900=ORIENTED_EDGE('',*,*,#67890,.T.);
#67910=CARTESIAN_POINT('',(0.,5.55000000000001,-1.));
#67920=DIRECTION('',(0.,-0.707106781186548,-0.707106781186547));
#67930=VECTOR('',#67920,1.4142135623731);
#67940=LINE('',#67910,#67930);
#67950=CARTESIAN_POINT('',(0.,1.82563764376941,-4.72436235623059));
#67960=VERTEX_POINT('',#67950);
#67970=EDGE_CURVE('',#67880,#67960,#67940,.T.);
#67980=ORIENTED_EDGE('',*,*,#67970,.F.);
#67990=EDGE_CURVE('',#67960,#67690,#67670,.T.);
#68000=ORIENTED_EDGE('',*,*,#67990,.F.);
#68010=EDGE_LOOP('',(#68000,#67980,#67900,#67810,#67730));
#68020=FACE_OUTER_BOUND('',#68010,.T.);
#68030=ADVANCED_FACE('',(#68020),#67620,.T.);
#68040=COLOUR_RGB('',0.600000023841858,0.600000023841858,
0.600000023841858);
#68050=FILL_AREA_STYLE_COLOUR('',#68040);
#68060=FILL_AREA_STYLE('',(#68050));
#68070=SURFACE_STYLE_FILL_AREA(#68060);
#68080=SURFACE_SIDE_STYLE('',(#68070));
#68090=SURFACE_STYLE_USAGE(.BOTH.,#68080);
#68100=PRESENTATION_STYLE_ASSIGNMENT((#68090));
#68110=CARTESIAN_POINT('',(-6.39094211132182E-17,1.9,
4.15438474030196E-17));
#68120=DIRECTION('',(-0.,-1.,-0.));
#68130=DIRECTION('',(-0.965575698985585,0.,0.260122220366692));
#68140=AXIS2_PLACEMENT_3D('',#68110,#68120,#68130);
#68150=TOROIDAL_SURFACE('',#68140,5.015,0.3);
#68160=CARTESIAN_POINT('',(4.84236213041271,1.9,-1.30451293513896));
#68170=DIRECTION('',(0.260122220366692,0.,0.965575698985586));
#68180=DIRECTION('',(0.965575698985586,0.,-0.260122220366692));
#68190=AXIS2_PLACEMENT_3D('',#68160,#68170,#68180);
#68200=CIRCLE('',#68190,0.3);
#68210=CARTESIAN_POINT('',(4.56172948437854,1.97436235623059,
-1.22891162591952));
#68220=VERTEX_POINT('',#68210);
#68230=EDGE_CURVE('',#68220,#67690,#68200,.T.);
#68240=ORIENTED_EDGE('',*,*,#68230,.F.);
#68250=ORIENTED_EDGE('',*,*,#67990,.T.);
#68260=CARTESIAN_POINT('',(-4.56172948437854,1.82563764376941,
1.22891162591952));
#68270=VERTEX_POINT('',#68260);
#68280=EDGE_CURVE('',#68270,#67960,#67670,.T.);
#68290=ORIENTED_EDGE('',*,*,#68280,.T.);
#68300=CARTESIAN_POINT('',(-4.84236213041271,1.9,1.30451293513896));
#68310=DIRECTION('',(-0.260122220366692,0.,-0.965575698985586));
#68320=DIRECTION('',(-0.965575698985586,0.,0.260122220366692));
#68330=AXIS2_PLACEMENT_3D('',#68300,#68310,#68320);
#68340=CIRCLE('',#68330,0.3);
#68350=EDGE_CURVE('',#67260,#68270,#68340,.T.);
#68360=ORIENTED_EDGE('',*,*,#68350,.T.);
#68370=ORIENTED_EDGE('',*,*,#67270,.T.);
#68380=EDGE_CURVE('',#68220,#67170,#67240,.T.);
#68390=ORIENTED_EDGE('',*,*,#68380,.T.);
#68400=EDGE_LOOP('',(#68390,#68370,#68360,#68290,#68250,#68240));
#68410=FACE_OUTER_BOUND('',#68400,.T.);
#68420=ADVANCED_FACE('',(#68410),#68150,.T.);
#68430=COLOUR_RGB('',0.600000023841858,0.600000023841858,
0.600000023841858);
#68440=FILL_AREA_STYLE_COLOUR('',#68430);
#68450=FILL_AREA_STYLE('',(#68440));
#68460=SURFACE_STYLE_FILL_AREA(#68450);
#68470=SURFACE_SIDE_STYLE('',(#68460));
#68480=SURFACE_STYLE_USAGE(.BOTH.,#68470);
#68490=PRESENTATION_STYLE_ASSIGNMENT((#68480));
#68500=CARTESIAN_POINT('',(-0.,7.95021501815331,-0.));
#68510=DIRECTION('',(-0.,1.,-0.));
#68520=DIRECTION('',(0.,0.,1.));
#68530=AXIS2_PLACEMENT_3D('',#68500,#68510,#68520);
#68540=CYLINDRICAL_SURFACE('',#68530,4.7);
#68550=CARTESIAN_POINT('',(0.,7.95021501815331,4.7));
#68560=DIRECTION('',(-0.,1.,-0.));
#68570=VECTOR('',#68560,1.);
#68580=LINE('',#68550,#68570);
#68590=EDGE_CURVE('',#67790,#67380,#68580,.T.);
#68600=ORIENTED_EDGE('',*,*,#68590,.T.);
#68610=EDGE_CURVE('',#67790,#67880,#67860,.T.);
#68620=ORIENTED_EDGE('',*,*,#68610,.F.);
#68630=CARTESIAN_POINT('',(5.75583995599256E-16,7.95021501815331,-4.7));
#68640=DIRECTION('',(-0.,1.,-0.));
#68650=VECTOR('',#68640,1.);
#68660=LINE('',#68630,#68650);
#68670=EDGE_CURVE('',#67880,#67150,#68660,.T.);
#68680=ORIENTED_EDGE('',*,*,#68670,.F.);
#68690=ORIENTED_EDGE('',*,*,#67460,.F.);
#68700=EDGE_LOOP('',(#68690,#68680,#68620,#68600));
#68710=FACE_OUTER_BOUND('',#68700,.T.);
#68720=ADVANCED_FACE('',(#68710),#68540,.T.);
#68730=COLOUR_RGB('',0.600000023841858,0.600000023841858,
0.600000023841858);
#68740=FILL_AREA_STYLE_COLOUR('',#68730);
#68750=FILL_AREA_STYLE('',(#68740));
#68760=SURFACE_STYLE_FILL_AREA(#68750);
#68770=SURFACE_SIDE_STYLE('',(#68760));
#68780=SURFACE_STYLE_USAGE(.BOTH.,#68770);
#68790=PRESENTATION_STYLE_ASSIGNMENT((#68780));
#68800=CARTESIAN_POINT('',(-0.,7.95021501815331,-0.));
#68810=DIRECTION('',(-0.,1.,-0.));
#68820=DIRECTION('',(0.,0.,1.));
#68830=AXIS2_PLACEMENT_3D('',#68800,#68810,#68820);
#68840=CYLINDRICAL_SURFACE('',#68830,4.7);
#68850=EDGE_CURVE('',#67380,#67150,#67450,.T.);
#68860=ORIENTED_EDGE('',*,*,#68850,.F.);
#68870=ORIENTED_EDGE('',*,*,#68670,.T.);
#68880=ORIENTED_EDGE('',*,*,#67890,.F.);
#68890=ORIENTED_EDGE('',*,*,#68590,.F.);
#68900=EDGE_LOOP('',(#68890,#68880,#68870,#68860));
#68910=FACE_OUTER_BOUND('',#68900,.T.);
#68920=ADVANCED_FACE('',(#68910),#68840,.T.);
#68930=COLOUR_RGB('',0.600000023841858,0.600000023841858,
0.600000023841858);
#68940=FILL_AREA_STYLE_COLOUR('',#68930);
#68950=FILL_AREA_STYLE('',(#68940));
#68960=SURFACE_STYLE_FILL_AREA(#68950);
#68970=SURFACE_SIDE_STYLE('',(#68960));
#68980=SURFACE_STYLE_USAGE(.BOTH.,#68970);
#68990=PRESENTATION_STYLE_ASSIGNMENT((#68980));
#69000=CARTESIAN_POINT('',(0.,-1.74999999999999,0.));
#69010=DIRECTION('',(0.,1.,0.));
#69020=DIRECTION('',(0.,-0.,1.));
#69030=AXIS2_PLACEMENT_3D('',#69000,#69010,#69020);
#69040=CONICAL_SURFACE('',#69030,1.,0.78539816339745);
#69050=ORIENTED_EDGE('',*,*,#67180,.T.);
#69060=ORIENTED_EDGE('',*,*,#68850,.T.);
#69070=ORIENTED_EDGE('',*,*,#67390,.F.);
#69080=EDGE_CURVE('',#67300,#68220,#67240,.T.);
#69090=ORIENTED_EDGE('',*,*,#69080,.F.);
#69100=ORIENTED_EDGE('',*,*,#68380,.F.);
#69110=EDGE_LOOP('',(#69100,#69090,#69070,#69060,#69050));
#69120=FACE_OUTER_BOUND('',#69110,.T.);
#69130=ADVANCED_FACE('',(#69120),#69040,.T.);
#69140=COLOUR_RGB('',0.600000023841858,0.600000023841858,
0.600000023841858);
#69150=FILL_AREA_STYLE_COLOUR('',#69140);
#69160=FILL_AREA_STYLE('',(#69150));
#69170=SURFACE_STYLE_FILL_AREA(#69160);
#69180=SURFACE_SIDE_STYLE('',(#69170));
#69190=SURFACE_STYLE_USAGE(.BOTH.,#69180);
#69200=PRESENTATION_STYLE_ASSIGNMENT((#69190));
#69210=CARTESIAN_POINT('',(0.,5.55000000000001,0.));
#69220=DIRECTION('',(0.,-1.,0.));
#69230=DIRECTION('',(0.,0.,-1.));
#69240=AXIS2_PLACEMENT_3D('',#69210,#69220,#69230);
#69250=CONICAL_SURFACE('',#69240,1.,0.785398163397447);
#69260=ORIENTED_EDGE('',*,*,#67800,.F.);
#69270=EDGE_CURVE('',#67710,#68270,#67670,.T.);
#69280=ORIENTED_EDGE('',*,*,#69270,.F.);
#69290=ORIENTED_EDGE('',*,*,#68280,.F.);
#69300=ORIENTED_EDGE('',*,*,#67970,.T.);
#69310=ORIENTED_EDGE('',*,*,#68610,.T.);
#69320=EDGE_LOOP('',(#69310,#69300,#69290,#69280,#69260));
#69330=FACE_OUTER_BOUND('',#69320,.T.);
#69340=ADVANCED_FACE('',(#69330),#69250,.T.);
#69350=COLOUR_RGB('',0.600000023841858,0.600000023841858,
0.600000023841858);
#69360=FILL_AREA_STYLE_COLOUR('',#69350);
#69370=FILL_AREA_STYLE('',(#69360));
#69380=SURFACE_STYLE_FILL_AREA(#69370);
#69390=SURFACE_SIDE_STYLE('',(#69380));
#69400=SURFACE_STYLE_USAGE(.BOTH.,#69390);
#69410=PRESENTATION_STYLE_ASSIGNMENT((#69400));
#69420=CARTESIAN_POINT('',(-6.39094211132182E-17,1.9,
4.15438474030196E-17));
#69430=DIRECTION('',(-0.,-1.,-0.));
#69440=DIRECTION('',(-0.965575698985585,0.,0.260122220366692));
#69450=AXIS2_PLACEMENT_3D('',#69420,#69430,#69440);
#69460=TOROIDAL_SURFACE('',#69450,5.015,0.3);
#69470=ORIENTED_EDGE('',*,*,#69270,.T.);
#69480=ORIENTED_EDGE('',*,*,#67720,.T.);
#69490=ORIENTED_EDGE('',*,*,#68230,.T.);
#69500=ORIENTED_EDGE('',*,*,#69080,.T.);
#69510=ORIENTED_EDGE('',*,*,#67310,.T.);
#69520=ORIENTED_EDGE('',*,*,#68350,.F.);
#69530=EDGE_LOOP('',(#69520,#69510,#69500,#69490,#69480,#69470));
#69540=FACE_OUTER_BOUND('',#69530,.T.);
#69550=ADVANCED_FACE('',(#69540),#69460,.T.);
#69560=COLOUR_RGB('',0.600000023841858,0.600000023841858,
0.600000023841858);
#69570=FILL_AREA_STYLE_COLOUR('',#69560);
#69580=FILL_AREA_STYLE('',(#69570));
#69590=SURFACE_STYLE_FILL_AREA(#69580);
#69600=SURFACE_SIDE_STYLE('',(#69590));
#69610=SURFACE_STYLE_USAGE(.BOTH.,#69600);
#69620=PRESENTATION_STYLE_ASSIGNMENT((#69610));
#69630=CLOSED_SHELL('',(#67500,#68030,#68420,#68720,#68920,#69130,#69340
,#69550));
#69640=ORIENTED_CLOSED_SHELL('',*,#69630,.T.);
#69650=CARTESIAN_POINT('',(-6.39094211132182E-17,0.583981771313271,
4.15438474030196E-17));
#69660=DIRECTION('',(-0.,-1.,-0.));
#69670=DIRECTION('',(-0.965575698985586,0.,0.260122220366692));
#69680=AXIS2_PLACEMENT_3D('',#69650,#69660,#69670);
#69690=CYLINDRICAL_SURFACE('',#69680,5.295);
#69700=CARTESIAN_POINT('',(-6.39094211132182E-17,6.39,
4.15438474030196E-17));
#69710=DIRECTION('',(-0.,-1.,-0.));
#69720=DIRECTION('',(-0.965575698985586,0.,0.260122220366692));
#69730=AXIS2_PLACEMENT_3D('',#69700,#69710,#69720);
#69740=CIRCLE('',#69730,5.295);
#69750=CARTESIAN_POINT('',(5.295,6.39,4.16333634234434E-17));
#69760=VERTEX_POINT('',#69750);
#69770=CARTESIAN_POINT('',(-5.11272332612868,6.39,1.37734715684164));
#69780=VERTEX_POINT('',#69770);
#69790=EDGE_CURVE('',#69760,#69780,#69740,.T.);
#69800=ORIENTED_EDGE('',*,*,#69790,.F.);
#69810=CARTESIAN_POINT('',(-5.11272332612868,0.583981771313271,
1.37734715684164));
#69820=DIRECTION('',(-0.,-1.,-0.));
#69830=VECTOR('',#69820,1.);
#69840=LINE('',#69810,#69830);
#69850=CARTESIAN_POINT('',(-5.11272332612868,6.19,1.37734715684164));
#69860=VERTEX_POINT('',#69850);
#69870=EDGE_CURVE('',#69780,#69860,#69840,.T.);
#69880=ORIENTED_EDGE('',*,*,#69870,.F.);
#69890=CARTESIAN_POINT('',(0.,6.19,0.));
#69900=DIRECTION('',(-0.,1.,0.));
#69910=DIRECTION('',(1.55669310403571E-16,0.,1.));
#69920=AXIS2_PLACEMENT_3D('',#69890,#69900,#69910);
#69930=CIRCLE('',#69920,5.295);
#69940=CARTESIAN_POINT('',(0.,6.19,5.295));
#69950=VERTEX_POINT('',#69940);
#69960=EDGE_CURVE('',#69860,#69950,#69930,.T.);
#69970=ORIENTED_EDGE('',*,*,#69960,.F.);
#69980=CARTESIAN_POINT('',(5.11272332612868,6.19,-1.37734715684164));
#69990=VERTEX_POINT('',#69980);
#70000=EDGE_CURVE('',#69950,#69990,#69930,.T.);
#70010=ORIENTED_EDGE('',*,*,#70000,.F.);
#70020=CARTESIAN_POINT('',(5.11272332612868,0.583981771313271,
-1.37734715684164));
#70030=DIRECTION('',(-0.,-1.,-0.));
#70040=VECTOR('',#70030,1.);
#70050=LINE('',#70020,#70040);
#70060=CARTESIAN_POINT('',(5.11272332612868,6.39,-1.37734715684164));
#70070=VERTEX_POINT('',#70060);
#70080=EDGE_CURVE('',#70070,#69990,#70050,.T.);
#70090=ORIENTED_EDGE('',*,*,#70080,.T.);
#70100=EDGE_CURVE('',#70070,#69760,#69740,.T.);
#70110=ORIENTED_EDGE('',*,*,#70100,.F.);
#70120=EDGE_LOOP('',(#70110,#70090,#70010,#69970,#69880,#69800));
#70130=FACE_OUTER_BOUND('',#70120,.T.);
#70140=ADVANCED_FACE('',(#70130),#69690,.F.);
#70150=COLOUR_RGB('',0.600000023841858,0.600000023841858,
0.600000023841858);
#70160=FILL_AREA_STYLE_COLOUR('',#70150);
#70170=FILL_AREA_STYLE('',(#70160));
#70180=SURFACE_STYLE_FILL_AREA(#70170);
#70190=SURFACE_SIDE_STYLE('',(#70180));
#70200=SURFACE_STYLE_USAGE(.BOTH.,#70190);
#70210=PRESENTATION_STYLE_ASSIGNMENT((#70200));
#70220=CARTESIAN_POINT('',(-0.,6.19,-0.));
#70230=DIRECTION('',(-0.,1.,-0.));
#70240=DIRECTION('',(0.,0.,1.));
#70250=AXIS2_PLACEMENT_3D('',#70220,#70230,#70240);
#70260=TOROIDAL_SURFACE('',#70250,5.095,0.2);
#70270=CARTESIAN_POINT('',(-0.,6.39,-0.));
#70280=DIRECTION('',(-0.,1.,-0.));
#70290=DIRECTION('',(0.,0.,1.));
#70300=AXIS2_PLACEMENT_3D('',#70270,#70280,#70290);
#70310=CIRCLE('',#70300,5.095);
#70320=CARTESIAN_POINT('',(5.095,6.39,3.12313344826175E-16));
#70330=VERTEX_POINT('',#70320);
#70340=CARTESIAN_POINT('',(0.,6.39,-5.095));
#70350=VERTEX_POINT('',#70340);
#70360=EDGE_CURVE('',#70330,#70350,#70310,.T.);
#70370=ORIENTED_EDGE('',*,*,#70360,.F.);
#70380=CARTESIAN_POINT('',(0.,6.19,-5.095));
#70390=DIRECTION('',(-1.,0.,0.));
#70400=DIRECTION('',(0.,0.,-1.));
#70410=AXIS2_PLACEMENT_3D('',#70380,#70390,#70400);
#70420=CIRCLE('',#70410,0.2);
#70430=CARTESIAN_POINT('',(0.,6.19,-5.295));
#70440=VERTEX_POINT('',#70430);
#70450=EDGE_CURVE('',#70350,#70440,#70420,.T.);
#70460=ORIENTED_EDGE('',*,*,#70450,.F.);
#70470=EDGE_CURVE('',#69990,#70440,#69930,.T.);
#70480=ORIENTED_EDGE('',*,*,#70470,.T.);
#70490=ORIENTED_EDGE('',*,*,#70000,.T.);
#70500=CARTESIAN_POINT('',(0.,6.19,5.095));
#70510=DIRECTION('',(1.,0.,0.));
#70520=DIRECTION('',(0.,0.,1.));
#70530=AXIS2_PLACEMENT_3D('',#70500,#70510,#70520);
#70540=CIRCLE('',#70530,0.2);
#70550=CARTESIAN_POINT('',(0.,6.39,5.095));
#70560=VERTEX_POINT('',#70550);
#70570=EDGE_CURVE('',#70560,#69950,#70540,.T.);
#70580=ORIENTED_EDGE('',*,*,#70570,.T.);
#70590=EDGE_CURVE('',#70560,#70330,#70310,.T.);
#70600=ORIENTED_EDGE('',*,*,#70590,.F.);
#70610=EDGE_LOOP('',(#70600,#70580,#70490,#70480,#70460,#70370));
#70620=FACE_OUTER_BOUND('',#70610,.T.);
#70630=ADVANCED_FACE('',(#70620),#70260,.T.);
#70640=COLOUR_RGB('',0.600000023841858,0.600000023841858,
0.600000023841858);
#70650=FILL_AREA_STYLE_COLOUR('',#70640);
#70660=FILL_AREA_STYLE('',(#70650));
#70670=SURFACE_STYLE_FILL_AREA(#70660);
#70680=SURFACE_SIDE_STYLE('',(#70670));
#70690=SURFACE_STYLE_USAGE(.BOTH.,#70680);
#70700=PRESENTATION_STYLE_ASSIGNMENT((#70690));
#70710=CARTESIAN_POINT('',(-4.7725,6.39,-1.83186799063151E-15));
#70720=DIRECTION('',(-0.,1.,0.));
#70730=DIRECTION('',(1.,0.,0.));
#70740=AXIS2_PLACEMENT_3D('',#70710,#70720,#70730);
#70750=PLANE('',#70740);
#70760=EDGE_CURVE('',#69780,#70070,#69740,.T.);
#70770=ORIENTED_EDGE('',*,*,#70760,.T.);
#70780=ORIENTED_EDGE('',*,*,#69790,.T.);
#70790=ORIENTED_EDGE('',*,*,#70100,.T.);
#70800=EDGE_LOOP('',(#70790,#70780,#70770));
#70810=FACE_OUTER_BOUND('',#70800,.T.);
#70820=EDGE_CURVE('',#70350,#70560,#70310,.T.);
#70830=ORIENTED_EDGE('',*,*,#70820,.T.);
#70840=ORIENTED_EDGE('',*,*,#70360,.T.);
#70850=ORIENTED_EDGE('',*,*,#70590,.T.);
#70860=EDGE_LOOP('',(#70850,#70840,#70830));
#70870=FACE_BOUND('',#70860,.T.);
#70880=ADVANCED_FACE('',(#70810,#70870),#70750,.F.);
#70890=CARTESIAN_POINT('',(-6.39094211132182E-17,0.583981771313271,
4.15438474030196E-17));
#70900=DIRECTION('',(-0.,-1.,-0.));
#70910=DIRECTION('',(-0.965575698985586,0.,0.260122220366692));
#70920=AXIS2_PLACEMENT_3D('',#70890,#70900,#70910);
#70930=CYLINDRICAL_SURFACE('',#70920,5.295);
#70940=ORIENTED_EDGE('',*,*,#70760,.F.);
#70950=ORIENTED_EDGE('',*,*,#70080,.F.);
#70960=ORIENTED_EDGE('',*,*,#70470,.F.);
#70970=EDGE_CURVE('',#70440,#69860,#69930,.T.);
#70980=ORIENTED_EDGE('',*,*,#70970,.F.);
#70990=ORIENTED_EDGE('',*,*,#69870,.T.);
#71000=EDGE_LOOP('',(#70990,#70980,#70960,#70950,#70940));
#71010=FACE_OUTER_BOUND('',#71000,.T.);
#71020=ADVANCED_FACE('',(#71010),#70930,.F.);
#71030=COLOUR_RGB('',0.600000023841858,0.600000023841858,
0.600000023841858);
#71040=FILL_AREA_STYLE_COLOUR('',#71030);
#71050=FILL_AREA_STYLE('',(#71040));
#71060=SURFACE_STYLE_FILL_AREA(#71050);
#71070=SURFACE_SIDE_STYLE('',(#71060));
#71080=SURFACE_STYLE_USAGE(.BOTH.,#71070);
#71090=PRESENTATION_STYLE_ASSIGNMENT((#71080));
#71100=CARTESIAN_POINT('',(-0.,6.19,-0.));
#71110=DIRECTION('',(-0.,1.,-0.));
#71120=DIRECTION('',(0.,0.,1.));
#71130=AXIS2_PLACEMENT_3D('',#71100,#71110,#71120);
#71140=TOROIDAL_SURFACE('',#71130,5.095,0.2);
#71150=ORIENTED_EDGE('',*,*,#69960,.T.);
#71160=ORIENTED_EDGE('',*,*,#70970,.T.);
#71170=ORIENTED_EDGE('',*,*,#70450,.T.);
#71180=ORIENTED_EDGE('',*,*,#70820,.F.);
#71190=ORIENTED_EDGE('',*,*,#70570,.F.);
#71200=EDGE_LOOP('',(#71190,#71180,#71170,#71160,#71150));
#71210=FACE_OUTER_BOUND('',#71200,.T.);
#71220=ADVANCED_FACE('',(#71210),#71140,.T.);
#71230=COLOUR_RGB('',0.600000023841858,0.600000023841858,
0.600000023841858);
#71240=FILL_AREA_STYLE_COLOUR('',#71230);
#71250=FILL_AREA_STYLE('',(#71240));
#71260=SURFACE_STYLE_FILL_AREA(#71250);
#71270=SURFACE_SIDE_STYLE('',(#71260));
#71280=SURFACE_STYLE_USAGE(.BOTH.,#71270);
#71290=PRESENTATION_STYLE_ASSIGNMENT((#71280));
#71300=CLOSED_SHELL('',(#70140,#70630,#70880,#71020,#71220));
#71310=ORIENTED_CLOSED_SHELL('',*,#71300,.T.);
#71320=CARTESIAN_POINT('',(-0.,6.39,-0.));
#71330=DIRECTION('',(-0.,1.,-0.));
#71340=DIRECTION('',(1.,0.,0.));
#71350=AXIS2_PLACEMENT_3D('',#71320,#71330,#71340);
#71360=CYLINDRICAL_SURFACE('',#71350,5.095);
#71370=CARTESIAN_POINT('',(-5.00083992945185,5.18,-0.975000000000001));
#71380=DIRECTION('',(0.,-1.,0.));
#71390=VECTOR('',#71380,1.);
#71400=LINE('',#71370,#71390);
#71410=CARTESIAN_POINT('',(-5.00083992945185,5.18,-0.975000000000001));
#71420=VERTEX_POINT('',#71410);
#71430=CARTESIAN_POINT('',(-5.00083992945185,3.05,-0.975));
#71440=VERTEX_POINT('',#71430);
#71450=EDGE_CURVE('',#71420,#71440,#71400,.T.);
#71460=ORIENTED_EDGE('',*,*,#71450,.T.);
#71470=CARTESIAN_POINT('',(0.,5.18,0.));
#71480=DIRECTION('',(0.,1.,0.));
#71490=DIRECTION('',(-1.,0.,2.48411039857248E-15));
#71500=AXIS2_PLACEMENT_3D('',#71470,#71480,#71490);
#71510=CIRCLE('',#71500,5.095);
#71520=CARTESIAN_POINT('',(-5.00083992945185,5.18,0.975));
#71530=VERTEX_POINT('',#71520);
#71540=EDGE_CURVE('',#71420,#71530,#71510,.T.);
#71550=ORIENTED_EDGE('',*,*,#71540,.F.);
#71560=CARTESIAN_POINT('',(-5.00083992945185,3.05,0.974999999999995));
#71570=DIRECTION('',(0.,1.,0.));
#71580=VECTOR('',#71570,1.);
#71590=LINE('',#71560,#71580);
#71600=CARTESIAN_POINT('',(-5.00083992945185,3.05,0.975));
#71610=VERTEX_POINT('',#71600);
#71620=EDGE_CURVE('',#71610,#71530,#71590,.T.);
#71630=ORIENTED_EDGE('',*,*,#71620,.T.);
#71640=CARTESIAN_POINT('',(0.,3.05,0.));
#71650=DIRECTION('',(0.,-1.,0.));
#71660=DIRECTION('',(-1.,0.,3.21624525143573E-15));
#71670=AXIS2_PLACEMENT_3D('',#71640,#71650,#71660);
#71680=CIRCLE('',#71670,5.095);
#71690=EDGE_CURVE('',#71610,#71440,#71680,.T.);
#71700=ORIENTED_EDGE('',*,*,#71690,.F.);
#71710=EDGE_LOOP('',(#71700,#71630,#71550,#71460));
#71720=FACE_OUTER_BOUND('',#71710,.T.);
#71730=CARTESIAN_POINT('',(-5.01032933049316,5.16641156457461,
0.924999999999995));
#71740=DIRECTION('',(0.,-1.,0.));
#71750=VECTOR('',#71740,1.);
#71760=LINE('',#71730,#71750);
#71770=CARTESIAN_POINT('',(-5.01032933049314,5.16641156457392,
0.925000000000093));
#71780=VERTEX_POINT('',#71770);
#71790=CARTESIAN_POINT('',(-5.01032933049316,4.85817206778371,
0.924999999999999));
#71800=VERTEX_POINT('',#71790);
#71810=EDGE_CURVE('',#71780,#71800,#71760,.T.);
#71820=ORIENTED_EDGE('',*,*,#71810,.T.);
#71830=CARTESIAN_POINT('',(-5.06,5.07999999999999,0.596175309787297));
#71840=CARTESIAN_POINT('',(-5.06,5.08331715762381,0.596175309787297));
#71850=CARTESIAN_POINT('',(-5.059681904343,5.08937883412717,
0.598880806539101));
#71860=CARTESIAN_POINT('',(-5.05865739867147,5.09676725200659,
0.607489451860488));
#71870=CARTESIAN_POINT('',(-5.05736493558235,5.10314930017461,
0.618165308235848));
#71880=CARTESIAN_POINT('',(-5.05590028894929,5.10847414329855,
0.630038826647006));
#71890=CARTESIAN_POINT('',(-5.05429877318292,5.1134121364302,
0.642764625797324));
#71900=CARTESIAN_POINT('',(-5.05259304515714,5.11787194847685,
0.65604169259174));
#71910=CARTESIAN_POINT('',(-5.05077459276006,5.12202422419097,
0.669902523733186));
#71920=CARTESIAN_POINT('',(-5.04881596606551,5.12605016557496,
0.684513920300673));
#71930=CARTESIAN_POINT('',(-5.04667798590941,5.12999309289007,
0.70011074630457));
#71940=CARTESIAN_POINT('',(-5.04431694709962,5.13389308597556,
0.716934983613247));
#71950=CARTESIAN_POINT('',(-5.04168524404353,5.13778639368266,
0.735227178287609));
#71960=CARTESIAN_POINT('',(-5.03873063831936,5.14171791105671,
0.755226887184883));
#71970=CARTESIAN_POINT('',(-5.03539587497214,5.14574989561917,
0.777170243792174));
#71980=CARTESIAN_POINT('',(-5.03161617522406,5.14986314084011,
0.801300250510128));
#71990=CARTESIAN_POINT('',(-5.02731994483153,5.1540305347137,
0.827855306897739));
#72000=CARTESIAN_POINT('',(-5.02242655303532,5.1582203296322,
0.857074825912452));
#72010=CARTESIAN_POINT('',(-5.01685029174355,5.1623789940203,
0.889172412441142));
#72020=CARTESIAN_POINT('',(-5.01259769531394,5.16509038397447,
0.912713238060704));
#72030=CARTESIAN_POINT('',(-5.01032933049316,5.16641156457461,
0.924999999999995));
#72040=B_SPLINE_CURVE_WITH_KNOTS('',3,(#71830,#71840,#71850,#71860,
#71870,#71880,#71890,#71900,#71910,#71920,#71930,#71940,#71950,#71960,
#71970,#71980,#71990,#72000,#72010,#72020,#72030),.UNSPECIFIED.,.F.,.F.,
(4,1,1,1,1,1,1,1,1,1,1,1,1,1,1,1,1,1,4),(0.,0.0555555555555556,
0.111111111111111,0.166666666666667,0.222222222222222,0.277777777777778,
0.333333333333333,0.388888888888889,0.444444444444444,0.5,
0.555555555555556,0.611111111111111,0.666666666666667,0.722222222222222,
0.777777777777778,0.833333333333333,0.888888888888889,0.944444444444444,
1.),.UNSPECIFIED.);
#72050=CARTESIAN_POINT('',(-5.06,5.07999999999999,0.59617530978732));
#72060=VERTEX_POINT('',#72050);
#72070=EDGE_CURVE('',#72060,#71780,#72040,.T.);
#72080=ORIENTED_EDGE('',*,*,#72070,.T.);
#72090=CARTESIAN_POINT('',(-5.06,4.9,0.596175309787297));
#72100=DIRECTION('',(0.,1.,0.));
#72110=VECTOR('',#72100,1.);
#72120=LINE('',#72090,#72110);
#72130=CARTESIAN_POINT('',(-5.06,4.9,0.596175309787301));
#72140=VERTEX_POINT('',#72130);
#72150=EDGE_CURVE('',#72140,#72060,#72120,.T.);
#72160=ORIENTED_EDGE('',*,*,#72150,.T.);
#72170=CARTESIAN_POINT('',(0.,0.63894736842108,0.));
#72180=DIRECTION('',(-0.644135745782777,-0.764911198117053,0.));
#72190=DIRECTION('',(0.764911198117053,-0.644135745782777,0.));
#72200=AXIS2_PLACEMENT_3D('',#72170,#72180,#72190);
#72210=ELLIPSE('',#72200,6.66090392262805,5.095);
#72220=EDGE_CURVE('',#71800,#72140,#72210,.T.);
#72230=ORIENTED_EDGE('',*,*,#72220,.T.);
#72240=EDGE_LOOP('',(#72230,#72160,#72080,#71820));
#72250=FACE_BOUND('',#72240,.T.);
#72260=CARTESIAN_POINT('',(-5.01032933049316,4.85817206778371,
-0.924999999999998));
#72270=DIRECTION('',(0.,1.,0.));
#72280=VECTOR('',#72270,1.);
#72290=LINE('',#72260,#72280);
#72300=CARTESIAN_POINT('',(-5.01032933049316,4.85817206778371,
-0.924999999999998));
#72310=VERTEX_POINT('',#72300);
#72320=CARTESIAN_POINT('',(-5.01032933049316,5.1664115645742,
-0.925000000000001));
#72330=VERTEX_POINT('',#72320);
#72340=EDGE_CURVE('',#72310,#72330,#72290,.T.);
#72350=ORIENTED_EDGE('',*,*,#72340,.T.);
#72360=CARTESIAN_POINT('',(0.,0.63894736842108,0.));
#72370=DIRECTION('',(-0.644135745782777,-0.764911198117053,0.));
#72380=DIRECTION('',(0.764911198117053,-0.644135745782777,0.));
#72390=AXIS2_PLACEMENT_3D('',#72360,#72370,#72380);
#72400=ELLIPSE('',#72390,6.66090392262805,5.095);
#72410=CARTESIAN_POINT('',(-5.06,4.9,-0.596175309787319));
#72420=VERTEX_POINT('',#72410);
#72430=EDGE_CURVE('',#72420,#72310,#72400,.T.);
#72440=ORIENTED_EDGE('',*,*,#72430,.T.);
#72450=CARTESIAN_POINT('',(-5.06,5.08,-0.596175309787303));
#72460=DIRECTION('',(0.,-1.,0.));
#72470=VECTOR('',#72460,1.);
#72480=LINE('',#72450,#72470);
#72490=CARTESIAN_POINT('',(-5.06,5.08,-0.596175309787303));
#72500=VERTEX_POINT('',#72490);
#72510=EDGE_CURVE('',#72500,#72420,#72480,.T.);
#72520=ORIENTED_EDGE('',*,*,#72510,.T.);
#72530=CARTESIAN_POINT('',(-5.01032933049316,5.16641156457461,
-0.924999999999998));
#72540=CARTESIAN_POINT('',(-5.01259772744891,5.16509036525786,
-0.912713063999314));
#72550=CARTESIAN_POINT('',(-5.01685038224741,5.16237893461804,
-0.889171907795212));
#72560=CARTESIAN_POINT('',(-5.0224267137055,5.15822020391733,
-0.857073889407261));
#72570=CARTESIAN_POINT('',(-5.02732016591476,5.15403033601821,
-0.827853968841944));
#72580=CARTESIAN_POINT('',(-5.03161645138909,5.14986285998118,
-0.801298520629442));
#72590=CARTESIAN_POINT('',(-5.03539620534875,5.14574951953641,
-0.77716810748206));
#72600=CARTESIAN_POINT('',(-5.0387310258347,5.14171742349606,
-0.755224306200076));
#72610=CARTESIAN_POINT('',(-5.04168569492508,5.13778576776765,
-0.735224091252075));
#72620=CARTESIAN_POINT('',(-5.04431747037403,5.133892275273,
-0.716931307177643));
#72630=CARTESIAN_POINT('',(-5.04667859331189,5.12999204200438,
-0.700106373830512));
#72640=CARTESIAN_POINT('',(-5.04881667151699,5.12604880199681,
-0.68450872369951));
#72650=CARTESIAN_POINT('',(-5.05077541264128,5.12202246447071,
-0.6698963498938));
#72660=CARTESIAN_POINT('',(-5.05259399585507,5.11786966236561,
-0.656034378650892));
#72670=CARTESIAN_POINT('',(-5.05429985934385,5.11340908859114,
-0.642756094484288));
#72680=CARTESIAN_POINT('',(-5.05590150751931,5.10847013581711,
-0.630029051666033));
#72690=CARTESIAN_POINT('',(-5.05736610478448,5.10314444109564,
-0.618155738626794));
#72700=CARTESIAN_POINT('',(-5.05865833030469,5.09676171678859,
-0.607481669707859));
#72710=CARTESIAN_POINT('',(-5.05968210890163,5.08937571695943,
-0.598879058032634));
#72720=CARTESIAN_POINT('',(-5.06,5.08331592866365,-0.596175309787303));
#72730=CARTESIAN_POINT('',(-5.06,5.08,-0.596175309787303));
#72740=B_SPLINE_CURVE_WITH_KNOTS('',3,(#72530,#72540,#72550,#72560,
#72570,#72580,#72590,#72600,#72610,#72620,#72630,#72640,#72650,#72660,
#72670,#72680,#72690,#72700,#72710,#72720,#72730),.UNSPECIFIED.,.F.,.F.,
(4,1,1,1,1,1,1,1,1,1,1,1,1,1,1,1,1,1,4),(0.,0.0555555555555556,
0.111111111111111,0.166666666666667,0.222222222222222,0.277777777777778,
0.333333333333333,0.388888888888889,0.444444444444444,0.5,
0.555555555555556,0.611111111111111,0.666666666666667,0.722222222222222,
0.777777777777778,0.833333333333333,0.888888888888889,0.944444444444444,
1.),.UNSPECIFIED.);
#72750=EDGE_CURVE('',#72330,#72500,#72740,.T.);
#72760=ORIENTED_EDGE('',*,*,#72750,.T.);
#72770=EDGE_LOOP('',(#72760,#72520,#72440,#72350));
#72780=FACE_BOUND('',#72770,.T.);
#72790=ADVANCED_FACE('',(#71720,#72250,#72780),#71360,.T.);
#72800=COLOUR_RGB('',0.600000023841858,0.600000023841858,
0.600000023841858);
#72810=FILL_AREA_STYLE_COLOUR('',#72800);
#72820=FILL_AREA_STYLE('',(#72810));
#72830=SURFACE_STYLE_FILL_AREA(#72820);
#72840=SURFACE_SIDE_STYLE('',(#72830));
#72850=SURFACE_STYLE_USAGE(.BOTH.,#72840);
#72860=PRESENTATION_STYLE_ASSIGNMENT((#72850));
#72870=CARTESIAN_POINT('',(-0.,19.9068722891566,-0.));
#72880=DIRECTION('',(-0.,1.,-0.));
#72890=DIRECTION('',(0.,0.,1.));
#72900=AXIS2_PLACEMENT_3D('',#72870,#72880,#72890);
#72910=CYLINDRICAL_SURFACE('',#72900,5.24);
#72920=CARTESIAN_POINT('',(0.,19.9068722891566,5.24));
#72930=DIRECTION('',(-0.,1.,-0.));
#72940=VECTOR('',#72930,1.);
#72950=LINE('',#72920,#72940);
#72960=CARTESIAN_POINT('',(0.,2.53142135623731,5.24));
#72970=VERTEX_POINT('',#72960);
#72980=CARTESIAN_POINT('',(0.,5.28999999999998,5.24));
#72990=VERTEX_POINT('',#72980);
#73000=EDGE_CURVE('',#72970,#72990,#72950,.T.);
#73010=ORIENTED_EDGE('',*,*,#73000,.F.);
#73020=CARTESIAN_POINT('',(0.,5.28999999999998,0.));
#73030=DIRECTION('',(0.,1.,0.));
#73040=DIRECTION('',(-6.77998793664218E-16,0.,-1.));
#73050=AXIS2_PLACEMENT_3D('',#73020,#73030,#73040);
#73060=CIRCLE('',#73050,5.24);
#73070=CARTESIAN_POINT('',(6.41714922753213E-16,5.29,-5.24));
#73080=VERTEX_POINT('',#73070);
#73090=EDGE_CURVE('',#72990,#73080,#73060,.T.);
#73100=ORIENTED_EDGE('',*,*,#73090,.F.);
#73110=CARTESIAN_POINT('',(6.41714922753213E-16,19.9068722891566,-5.24))
;
#73120=DIRECTION('',(-0.,1.,-0.));
#73130=VECTOR('',#73120,1.);
#73140=LINE('',#73110,#73130);
#73150=CARTESIAN_POINT('',(0.,2.53142135623731,-5.24));
#73160=VERTEX_POINT('',#73150);
#73170=EDGE_CURVE('',#73160,#73080,#73140,.T.);
#73180=ORIENTED_EDGE('',*,*,#73170,.T.);
#73190=CARTESIAN_POINT('',(0.,2.53142135623731,0.));
#73200=DIRECTION('',(0.,-1.,0.));
#73210=DIRECTION('',(1.22464679914735E-16,0.,-1.));
#73220=AXIS2_PLACEMENT_3D('',#73190,#73200,#73210);
#73230=CIRCLE('',#73220,5.24);
#73240=EDGE_CURVE('',#73160,#72970,#73230,.T.);
#73250=ORIENTED_EDGE('',*,*,#73240,.F.);
#73260=EDGE_LOOP('',(#73250,#73180,#73100,#73010));
#73270=FACE_OUTER_BOUND('',#73260,.T.);
#73280=CARTESIAN_POINT('',(0.,5.18,0.));
#73290=DIRECTION('',(0.,-1.,0.));
#73300=DIRECTION('',(0.982536736223174,0.,-0.186068702290076));
#73310=AXIS2_PLACEMENT_3D('',#73280,#73290,#73300);
#73320=CIRCLE('',#73310,5.24);
#73330=CARTESIAN_POINT('',(5.14849249780943,5.18,-0.975000000000001));
#73340=VERTEX_POINT('',#73330);
#73350=CARTESIAN_POINT('',(5.14849249780943,5.18,0.975));
#73360=VERTEX_POINT('',#73350);
#73370=EDGE_CURVE('',#73340,#73360,#73320,.T.);
#73380=ORIENTED_EDGE('',*,*,#73370,.F.);
#73390=CARTESIAN_POINT('',(5.14849249780943,3.05,0.975000000000002));
#73400=DIRECTION('',(0.,1.,0.));
#73410=VECTOR('',#73400,1.);
#73420=LINE('',#73390,#73410);
#73430=CARTESIAN_POINT('',(5.14849249780943,3.05,0.975000000000001));
#73440=VERTEX_POINT('',#73430);
#73450=EDGE_CURVE('',#73440,#73360,#73420,.T.);
#73460=ORIENTED_EDGE('',*,*,#73450,.T.);
#73470=CARTESIAN_POINT('',(0.,3.05,0.));
#73480=DIRECTION('',(-0.,1.,0.));
#73490=DIRECTION('',(0.982536736223174,0.,0.186068702290076));
#73500=AXIS2_PLACEMENT_3D('',#73470,#73480,#73490);
#73510=CIRCLE('',#73500,5.24);
#73520=CARTESIAN_POINT('',(5.14849249780943,3.05,-0.975));
#73530=VERTEX_POINT('',#73520);
#73540=EDGE_CURVE('',#73440,#73530,#73510,.T.);
#73550=ORIENTED_EDGE('',*,*,#73540,.F.);
#73560=CARTESIAN_POINT('',(5.14849249780943,5.18,-0.975000000000001));
#73570=DIRECTION('',(0.,-1.,0.));
#73580=VECTOR('',#73570,1.);
#73590=LINE('',#73560,#73580);
#73600=EDGE_CURVE('',#73340,#73530,#73590,.T.);
#73610=ORIENTED_EDGE('',*,*,#73600,.T.);
#73620=EDGE_LOOP('',(#73610,#73550,#73460,#73380));
#73630=FACE_BOUND('',#73620,.T.);
#73640=ADVANCED_FACE('',(#73270,#73630),#72910,.T.);
#73650=COLOUR_RGB('',0.600000023841858,0.600000023841858,
0.600000023841858);
#73660=FILL_AREA_STYLE_COLOUR('',#73650);
#73670=FILL_AREA_STYLE('',(#73660));
#73680=SURFACE_STYLE_FILL_AREA(#73670);
#73690=SURFACE_SIDE_STYLE('',(#73680));
#73700=SURFACE_STYLE_USAGE(.BOTH.,#73690);
#73710=PRESENTATION_STYLE_ASSIGNMENT((#73700));
#73720=CARTESIAN_POINT('',(0.,-1.74999999999999,0.));
#73730=DIRECTION('',(0.,1.,0.));
#73740=DIRECTION('',(0.,-0.,1.));
#73750=AXIS2_PLACEMENT_3D('',#73720,#73730,#73740);
#73760=CONICAL_SURFACE('',#73750,1.,0.78539816339745);
#73770=CARTESIAN_POINT('',(0.,-1.74999999999999,1.));
#73780=DIRECTION('',(0.,0.707106781186546,0.707106781186549));
#73790=VECTOR('',#73780,1.4142135623731);
#73800=LINE('',#73770,#73790);
#73810=CARTESIAN_POINT('',(0.,2.19063764376941,4.94063764376941));
#73820=VERTEX_POINT('',#73810);
#73830=CARTESIAN_POINT('',(0.,2.46071067811865,5.21071067811865));
#73840=VERTEX_POINT('',#73830);
#73850=EDGE_CURVE('',#73820,#73840,#73800,.T.);
#73860=ORIENTED_EDGE('',*,*,#73850,.T.);
#73870=CARTESIAN_POINT('',(-6.39094211132182E-17,2.19063764376941,
4.15438474030196E-17));
#73880=DIRECTION('',(-0.,-1.,0.));
#73890=DIRECTION('',(-2.31993899728726E-16,0.,1.));
#73900=AXIS2_PLACEMENT_3D('',#73870,#73880,#73890);
#73910=CIRCLE('',#73900,4.94063764376941);
#73920=CARTESIAN_POINT('',(-4.77055964631715,2.19063764376941,
1.28516963392456));
#73930=VERTEX_POINT('',#73920);
#73940=EDGE_CURVE('',#73820,#73930,#73910,.T.);
#73950=ORIENTED_EDGE('',*,*,#73940,.F.);
#73960=CARTESIAN_POINT('',(6.05053607618913E-16,2.19063764376941,
-4.94063764376941));
#73970=VERTEX_POINT('',#73960);
#73980=EDGE_CURVE('',#73930,#73970,#73910,.T.);
#73990=ORIENTED_EDGE('',*,*,#73980,.F.);
#74000=CARTESIAN_POINT('',(1.22464679914736E-16,-1.74999999999999,-1.));
#74010=DIRECTION('',(8.65956056235495E-17,0.707106781186546,
-0.707106781186549));
#74020=VECTOR('',#74010,1.4142135623731);
#74030=LINE('',#74000,#74020);
#74040=CARTESIAN_POINT('',(0.,2.46071067811865,-5.21071067811865));
#74050=VERTEX_POINT('',#74040);
#74060=EDGE_CURVE('',#73970,#74050,#74030,.T.);
#74070=ORIENTED_EDGE('',*,*,#74060,.F.);
#74080=CARTESIAN_POINT('',(0.,2.46071067811865,0.));
#74090=DIRECTION('',(0.,1.,0.));
#74100=DIRECTION('',(1.22464679914735E-16,0.,-1.));
#74110=AXIS2_PLACEMENT_3D('',#74080,#74090,#74100);
#74120=CIRCLE('',#74110,5.21071067811865);
#74130=EDGE_CURVE('',#74050,#73840,#74120,.T.);
#74140=ORIENTED_EDGE('',*,*,#74130,.F.);
#74150=EDGE_LOOP('',(#74140,#74070,#73990,#73950,#73860));
#74160=FACE_OUTER_BOUND('',#74150,.T.);
#74170=ADVANCED_FACE('',(#74160),#73760,.T.);
#74180=COLOUR_RGB('',0.600000023841858,0.600000023841858,
0.600000023841858);
#74190=FILL_AREA_STYLE_COLOUR('',#74180);
#74200=FILL_AREA_STYLE('',(#74190));
#74210=SURFACE_STYLE_FILL_AREA(#74200);
#74220=SURFACE_SIDE_STYLE('',(#74210));
#74230=SURFACE_STYLE_USAGE(.BOTH.,#74220);
#74240=PRESENTATION_STYLE_ASSIGNMENT((#74230));
#74250=CARTESIAN_POINT('',(-4.96,5.08,4.17796473000451E-19));
#74260=DIRECTION('',(-0.,-0.,-1.));
#74270=DIRECTION('',(-1.,0.,0.));
#74280=AXIS2_PLACEMENT_3D('',#74250,#74260,#74270);
#74290=CYLINDRICAL_SURFACE('',#74280,0.1);
#74300=CARTESIAN_POINT('',(-5.06,5.08,-0.925));
#74310=DIRECTION('',(0.,0.,1.));
#74320=VECTOR('',#74310,1.);
#74330=LINE('',#74300,#74320);
#74340=CARTESIAN_POINT('',(-5.06,5.08,-0.925));
#74350=VERTEX_POINT('',#74340);
#74360=EDGE_CURVE('',#74350,#72500,#74330,.T.);
#74370=ORIENTED_EDGE('',*,*,#74360,.T.);
#74380=CARTESIAN_POINT('',(-4.96,5.08,-0.925));
#74390=DIRECTION('',(-0.,0.,-1.));
#74400=DIRECTION('',(-1.,0.,0.));
#74410=AXIS2_PLACEMENT_3D('',#74380,#74390,#74400);
#74420=CIRCLE('',#74410,0.1);
#74430=EDGE_CURVE('',#74350,#72330,#74420,.T.);
#74440=ORIENTED_EDGE('',*,*,#74430,.F.);
#74450=ORIENTED_EDGE('',*,*,#72750,.F.);
#74460=EDGE_LOOP('',(#74450,#74440,#74370));
#74470=FACE_OUTER_BOUND('',#74460,.T.);
#74480=ADVANCED_FACE('',(#74470),#74290,.T.);
#74490=COLOUR_RGB('',0.600000023841858,0.600000023841858,
0.600000023841858);
#74500=FILL_AREA_STYLE_COLOUR('',#74490);
#74510=FILL_AREA_STYLE('',(#74500));
#74520=SURFACE_STYLE_FILL_AREA(#74510);
#74530=SURFACE_SIDE_STYLE('',(#74520));
#74540=SURFACE_STYLE_USAGE(.BOTH.,#74530);
#74550=PRESENTATION_STYLE_ASSIGNMENT((#74540));
#74560=CARTESIAN_POINT('',(-0.,2.53142135623731,-0.));
#74570=DIRECTION('',(-0.,1.,-0.));
#74580=DIRECTION('',(0.,0.,1.));
#74590=AXIS2_PLACEMENT_3D('',#74560,#74570,#74580);
#74600=TOROIDAL_SURFACE('',#74590,5.14,0.1);
#74610=CARTESIAN_POINT('',(0.,2.53142135623731,-5.14));
#74620=DIRECTION('',(-1.,0.,0.));
#74630=DIRECTION('',(0.,0.,-1.));
#74640=AXIS2_PLACEMENT_3D('',#74610,#74620,#74630);
#74650=CIRCLE('',#74640,0.1);
#74660=EDGE_CURVE('',#73160,#74050,#74650,.T.);
#74670=ORIENTED_EDGE('',*,*,#74660,.T.);
#74680=EDGE_CURVE('',#72970,#73160,#73230,.T.);
#74690=ORIENTED_EDGE('',*,*,#74680,.T.);
#74700=CARTESIAN_POINT('',(0.,2.53142135623731,5.14));
#74710=DIRECTION('',(1.,0.,0.));
#74720=DIRECTION('',(0.,0.,1.));
#74730=AXIS2_PLACEMENT_3D('',#74700,#74710,#74720);
#74740=CIRCLE('',#74730,0.1);
#74750=EDGE_CURVE('',#72970,#73840,#74740,.T.);
#74760=ORIENTED_EDGE('',*,*,#74750,.F.);
#74770=ORIENTED_EDGE('',*,*,#74130,.T.);
#74780=EDGE_LOOP('',(#74770,#74760,#74690,#74670));
#74790=FACE_OUTER_BOUND('',#74780,.T.);
#74800=ADVANCED_FACE('',(#74790),#74600,.T.);
#74810=COLOUR_RGB('',0.600000023841858,0.600000023841858,
0.600000023841858);
#74820=FILL_AREA_STYLE_COLOUR('',#74810);
#74830=FILL_AREA_STYLE('',(#74820));
#74840=SURFACE_STYLE_FILL_AREA(#74830);
#74850=SURFACE_SIDE_STYLE('',(#74840));
#74860=SURFACE_STYLE_USAGE(.BOTH.,#74850);
#74870=PRESENTATION_STYLE_ASSIGNMENT((#74860));
#74880=CARTESIAN_POINT('',(-5.06,7.39,0.925));
#74890=DIRECTION('',(-1.,-0.,-0.));
#74900=DIRECTION('',(0.,0.,1.));
#74910=AXIS2_PLACEMENT_3D('',#74880,#74890,#74900);
#74920=PLANE('',#74910);
#74930=CARTESIAN_POINT('',(-5.06,4.9,0.596175309787299));
#74940=DIRECTION('',(0.,0.,1.));
#74950=VECTOR('',#74940,1.);
#74960=LINE('',#74930,#74950);
#74970=CARTESIAN_POINT('',(-5.06,4.9,0.925));
#74980=VERTEX_POINT('',#74970);
#74990=EDGE_CURVE('',#72140,#74980,#74960,.T.);
#75000=ORIENTED_EDGE('',*,*,#74990,.T.);
#75010=ORIENTED_EDGE('',*,*,#72150,.F.);
#75020=CARTESIAN_POINT('',(-5.06,5.08,0.596175309787303));
#75030=DIRECTION('',(0.,0.,1.));
#75040=VECTOR('',#75030,1.);
#75050=LINE('',#75020,#75040);
#75060=CARTESIAN_POINT('',(-5.06,5.08,0.925));
#75070=VERTEX_POINT('',#75060);
#75080=EDGE_CURVE('',#72060,#75070,#75050,.T.);
#75090=ORIENTED_EDGE('',*,*,#75080,.F.);
#75100=CARTESIAN_POINT('',(-5.06,5.08,0.925));
#75110=DIRECTION('',(0.,-1.,0.));
#75120=VECTOR('',#75110,1.);
#75130=LINE('',#75100,#75120);
#75140=EDGE_CURVE('',#75070,#74980,#75130,.T.);
#75150=ORIENTED_EDGE('',*,*,#75140,.F.);
#75160=EDGE_LOOP('',(#75150,#75090,#75010,#75000));
#75170=FACE_OUTER_BOUND('',#75160,.T.);
#75180=ADVANCED_FACE('',(#75170),#74920,.T.);
#75190=COLOUR_RGB('',0.600000023841858,0.600000023841858,
0.600000023841858);
#75200=FILL_AREA_STYLE_COLOUR('',#75190);
#75210=FILL_AREA_STYLE('',(#75200));
#75220=SURFACE_STYLE_FILL_AREA(#75210);
#75230=SURFACE_SIDE_STYLE('',(#75220));
#75240=SURFACE_STYLE_USAGE(.BOTH.,#75230);
#75250=PRESENTATION_STYLE_ASSIGNMENT((#75240));
#75260=CARTESIAN_POINT('',(-6.39094211132182E-17,1.9,
4.15438474030196E-17));
#75270=DIRECTION('',(-0.,-1.,-0.));
#75280=DIRECTION('',(-0.965575698985585,0.,0.260122220366692));
#75290=AXIS2_PLACEMENT_3D('',#75260,#75270,#75280);
#75300=TOROIDAL_SURFACE('',#75290,5.015,0.3);
#75310=CARTESIAN_POINT('',(-4.84236213041271,1.9,1.30451293513896));
#75320=DIRECTION('',(-0.260122220366692,0.,-0.965575698985586));
#75330=DIRECTION('',(-0.965575698985586,0.,0.260122220366692));
#75340=AXIS2_PLACEMENT_3D('',#75310,#75320,#75330);
#75350=CIRCLE('',#75340,0.3);
#75360=CARTESIAN_POINT('',(-5.00248474542374,2.14999999999999,
1.34764932536849));
#75370=VERTEX_POINT('',#75360);
#75380=EDGE_CURVE('',#75370,#73930,#75350,.T.);
#75390=ORIENTED_EDGE('',*,*,#75380,.F.);
#75400=ORIENTED_EDGE('',*,*,#73940,.T.);
#75410=CARTESIAN_POINT('',(4.77055964631715,2.19063764376941,
-1.28516963392456));
#75420=VERTEX_POINT('',#75410);
#75430=EDGE_CURVE('',#75420,#73820,#73910,.T.);
#75440=ORIENTED_EDGE('',*,*,#75430,.T.);
#75450=CARTESIAN_POINT('',(4.84236213041271,1.9,-1.30451293513896));
#75460=DIRECTION('',(0.260122220366692,0.,0.965575698985586));
#75470=DIRECTION('',(0.965575698985586,0.,-0.260122220366692));
#75480=AXIS2_PLACEMENT_3D('',#75450,#75460,#75470);
#75490=CIRCLE('',#75480,0.3);
#75500=CARTESIAN_POINT('',(5.00248474542376,2.14999999999998,
-1.34764932536849));
#75510=VERTEX_POINT('',#75500);
#75520=EDGE_CURVE('',#75510,#75420,#75490,.T.);
#75530=ORIENTED_EDGE('',*,*,#75520,.T.);
#75540=CARTESIAN_POINT('',(-6.39094211132182E-17,2.15,
4.15438474030196E-17));
#75550=DIRECTION('',(0.,1.,0.));
#75560=DIRECTION('',(-0.965575698985586,0.,0.26012222036669));
#75570=AXIS2_PLACEMENT_3D('',#75540,#75550,#75560);
#75580=CIRCLE('',#75570,5.18083123951777);
#75590=EDGE_CURVE('',#75370,#75510,#75580,.T.);
#75600=ORIENTED_EDGE('',*,*,#75590,.T.);
#75610=EDGE_LOOP('',(#75600,#75530,#75440,#75400,#75390));
#75620=FACE_OUTER_BOUND('',#75610,.T.);
#75630=ADVANCED_FACE('',(#75620),#75300,.T.);
#75640=COLOUR_RGB('',0.600000023841858,0.600000023841858,
0.600000023841858);
#75650=FILL_AREA_STYLE_COLOUR('',#75640);
#75660=FILL_AREA_STYLE('',(#75650));
#75670=SURFACE_STYLE_FILL_AREA(#75660);
#75680=SURFACE_SIDE_STYLE('',(#75670));
#75690=SURFACE_STYLE_USAGE(.BOTH.,#75680);
#75700=PRESENTATION_STYLE_ASSIGNMENT((#75690));
#75710=CARTESIAN_POINT('',(-4.68,4.58,4.17796473000451E-19));
#75720=DIRECTION('',(0.644135745782777,0.764911198117053,-0.));
#75730=DIRECTION('',(-0.,-0.,-1.));
#75740=AXIS2_PLACEMENT_3D('',#75710,#75720,#75730);
#75750=PLANE('',#75740);
#75760=CARTESIAN_POINT('',(-5.01032933049316,4.85817206778371,-0.925));
#75770=DIRECTION('',(-0.764911198117055,0.644135745782775,0.));
#75780=VECTOR('',#75770,1.);
#75790=LINE('',#75760,#75780);
#75800=CARTESIAN_POINT('',(-5.06,4.9,-0.925));
#75810=VERTEX_POINT('',#75800);
#75820=EDGE_CURVE('',#72310,#75810,#75790,.T.);
#75830=ORIENTED_EDGE('',*,*,#75820,.F.);
#75840=CARTESIAN_POINT('',(-5.06,4.9,-0.925));
#75850=DIRECTION('',(0.,0.,1.));
#75860=VECTOR('',#75850,1.);
#75870=LINE('',#75840,#75860);
#75880=EDGE_CURVE('',#75810,#72420,#75870,.T.);
#75890=ORIENTED_EDGE('',*,*,#75880,.F.);
#75900=ORIENTED_EDGE('',*,*,#72430,.F.);
#75910=EDGE_LOOP('',(#75900,#75890,#75830));
#75920=FACE_OUTER_BOUND('',#75910,.T.);
#75930=ADVANCED_FACE('',(#75920),#75750,.F.);
#75940=COLOUR_RGB('',0.600000023841858,0.600000023841858,
0.600000023841858);
#75950=FILL_AREA_STYLE_COLOUR('',#75940);
#75960=FILL_AREA_STYLE('',(#75950));
#75970=SURFACE_STYLE_FILL_AREA(#75960);
#75980=SURFACE_SIDE_STYLE('',(#75970));
#75990=SURFACE_STYLE_USAGE(.BOTH.,#75980);
#76000=PRESENTATION_STYLE_ASSIGNMENT((#75990));
#76010=CARTESIAN_POINT('',(-6.39094211132182E-17,2.69673599890121,
4.15438474030196E-17));
#76020=DIRECTION('',(0.,1.,0.));
#76030=DIRECTION('',(0.965575698985586,-0.,-0.260122220366692));
#76040=AXIS2_PLACEMENT_3D('',#76010,#76020,#76030);
#76050=CONICAL_SURFACE('',#76040,11.4300523027613,1.48352986419518);
#76060=CARTESIAN_POINT('',(11.0365807416806,2.69673599890121,
-2.9732105839017));
#76070=DIRECTION('',(0.961901391935671,0.0871557427476584,
-0.259132376785151));
#76080=VECTOR('',#76070,11.4737132456698);
#76090=LINE('',#76060,#76080);
#76100=CARTESIAN_POINT('',(5.02458130295254,2.15200211986357,
-1.35360204933709));
#76110=VERTEX_POINT('',#76100);
#76120=EDGE_CURVE('',#75510,#76110,#76090,.T.);
#76130=ORIENTED_EDGE('',*,*,#76120,.F.);
#76140=CARTESIAN_POINT('',(-6.39094211132182E-17,2.15200211986357,
4.15438474030196E-17));
#76150=DIRECTION('',(0.,-1.,-0.));
#76160=DIRECTION('',(0.965575698985586,0.,-0.260122220366692));
#76170=AXIS2_PLACEMENT_3D('',#76140,#76150,#76160);
#76180=CIRCLE('',#76170,5.20371557427477);
#76190=CARTESIAN_POINT('',(-5.02458130295254,2.15200211986357,
1.35360204933709));
#76200=VERTEX_POINT('',#76190);
#76210=EDGE_CURVE('',#76110,#76200,#76180,.T.);
#76220=ORIENTED_EDGE('',*,*,#76210,.F.);
#76230=CARTESIAN_POINT('',(-11.0365807416806,2.69673599890121,
2.9732105839017));
#76240=DIRECTION('',(-0.961901391935671,0.0871557427476584,
0.259132376785151));
#76250=VECTOR('',#76240,11.4737132456698);
#76260=LINE('',#76230,#76250);
#76270=EDGE_CURVE('',#75370,#76200,#76260,.T.);
#76280=ORIENTED_EDGE('',*,*,#76270,.T.);
#76290=ORIENTED_EDGE('',*,*,#75590,.F.);
#76300=EDGE_LOOP('',(#76290,#76280,#76220,#76130));
#76310=FACE_OUTER_BOUND('',#76300,.T.);
#76320=ADVANCED_FACE('',(#76310),#76050,.F.);
#76330=COLOUR_RGB('',0.600000023841858,0.600000023841858,
0.600000023841858);
#76340=FILL_AREA_STYLE_COLOUR('',#76330);
#76350=FILL_AREA_STYLE('',(#76340));
#76360=SURFACE_STYLE_FILL_AREA(#76350);
#76370=SURFACE_SIDE_STYLE('',(#76360));
#76380=SURFACE_STYLE_USAGE(.BOTH.,#76370);
#76390=PRESENTATION_STYLE_ASSIGNMENT((#76380));
#76400=CARTESIAN_POINT('',(-5.24,5.29,-0.));
#76410=DIRECTION('',(-0.,-1.,-0.));
#76420=DIRECTION('',(0.,0.,-1.));
#76430=AXIS2_PLACEMENT_3D('',#76400,#76410,#76420);
#76440=PLANE('',#76430);
#76450=CARTESIAN_POINT('',(-6.39094211132182E-17,5.29,
4.15438474030196E-17));
#76460=DIRECTION('',(-0.,-1.,0.));
#76470=DIRECTION('',(-0.965575698985585,0.,0.260122220366693));
#76480=AXIS2_PLACEMENT_3D('',#76450,#76460,#76470);
#76490=CIRCLE('',#76480,5.295);
#76500=CARTESIAN_POINT('',(5.11272332612868,5.29,-1.37734715684164));
#76510=VERTEX_POINT('',#76500);
#76520=CARTESIAN_POINT('',(-5.11272332612868,5.29,1.37734715684164));
#76530=VERTEX_POINT('',#76520);
#76540=EDGE_CURVE('',#76510,#76530,#76490,.T.);
#76550=ORIENTED_EDGE('',*,*,#76540,.T.);
#76560=EDGE_CURVE('',#76530,#76510,#76490,.T.);
#76570=ORIENTED_EDGE('',*,*,#76560,.T.);
#76580=EDGE_LOOP('',(#76570,#76550));
#76590=FACE_OUTER_BOUND('',#76580,.T.);
#76600=EDGE_CURVE('',#73080,#72990,#73060,.T.);
#76610=ORIENTED_EDGE('',*,*,#76600,.T.);
#76620=ORIENTED_EDGE('',*,*,#73090,.T.);
#76630=EDGE_LOOP('',(#76620,#76610));
#76640=FACE_BOUND('',#76630,.T.);
#76650=ADVANCED_FACE('',(#76590,#76640),#76440,.T.);
#76660=COLOUR_RGB('',0.600000023841858,0.600000023841858,
0.600000023841858);
#76670=FILL_AREA_STYLE_COLOUR('',#76660);
#76680=FILL_AREA_STYLE('',(#76670));
#76690=SURFACE_STYLE_FILL_AREA(#76680);
#76700=SURFACE_SIDE_STYLE('',(#76690));
#76710=SURFACE_STYLE_USAGE(.BOTH.,#76700);
#76720=PRESENTATION_STYLE_ASSIGNMENT((#76710));
#76730=CARTESIAN_POINT('',(-4.95,7.39,0.925));
#76740=DIRECTION('',(-4.79561875989164E-16,-0.,1.));
#76750=DIRECTION('',(1.,0.,4.79561875989164E-16));
#76760=AXIS2_PLACEMENT_3D('',#76730,#76740,#76750);
#76770=PLANE('',#76760);
#76780=CARTESIAN_POINT('',(-5.06,4.9,0.925));
#76790=DIRECTION('',(0.764911198117062,-0.644135745782767,0.));
#76800=VECTOR('',#76790,1.);
#76810=LINE('',#76780,#76800);
#76820=EDGE_CURVE('',#74980,#71800,#76810,.T.);
#76830=ORIENTED_EDGE('',*,*,#76820,.T.);
#76840=ORIENTED_EDGE('',*,*,#75140,.T.);
#76850=CARTESIAN_POINT('',(-4.96,5.08,0.925));
#76860=DIRECTION('',(0.,0.,1.));
#76870=DIRECTION('',(-0.503293304932102,0.864115645738765,0.));
#76880=AXIS2_PLACEMENT_3D('',#76850,#76860,#76870);
#76890=CIRCLE('',#76880,0.1);
#76900=EDGE_CURVE('',#71780,#75070,#76890,.T.);
#76910=ORIENTED_EDGE('',*,*,#76900,.T.);
#76920=ORIENTED_EDGE('',*,*,#71810,.F.);
#76930=EDGE_LOOP('',(#76920,#76910,#76840,#76830));
#76940=FACE_OUTER_BOUND('',#76930,.T.);
#76950=ADVANCED_FACE('',(#76940),#76770,.T.);
#76960=COLOUR_RGB('',0.600000023841858,0.600000023841858,
0.600000023841858);
#76970=FILL_AREA_STYLE_COLOUR('',#76960);
#76980=FILL_AREA_STYLE('',(#76970));
#76990=SURFACE_STYLE_FILL_AREA(#76980);
#77000=SURFACE_SIDE_STYLE('',(#76990));
#77010=SURFACE_STYLE_USAGE(.BOTH.,#77000);
#77020=PRESENTATION_STYLE_ASSIGNMENT((#77010));
#77030=CARTESIAN_POINT('',(-5.9,4.83,-0.975));
#77040=DIRECTION('',(-0.,-0.,-1.));
#77050=DIRECTION('',(-1.,0.,0.));
#77060=AXIS2_PLACEMENT_3D('',#77030,#77040,#77050);
#77070=PLANE('',#77060);
#77080=CARTESIAN_POINT('',(5.00083992945185,5.18,-0.975));
#77090=DIRECTION('',(1.,0.,0.));
#77100=VECTOR('',#77090,1.);
#77110=LINE('',#77080,#77100);
#77120=CARTESIAN_POINT('',(5.00083992945185,5.18,-0.975));
#77130=VERTEX_POINT('',#77120);
#77140=EDGE_CURVE('',#77130,#73340,#77110,.T.);
#77150=ORIENTED_EDGE('',*,*,#77140,.F.);
#77160=ORIENTED_EDGE('',*,*,#73600,.F.);
#77170=CARTESIAN_POINT('',(5.00083992945185,3.05,-0.975));
#77180=DIRECTION('',(1.,0.,0.));
#77190=VECTOR('',#77180,1.);
#77200=LINE('',#77170,#77190);
#77210=CARTESIAN_POINT('',(5.00083992945185,3.05,-0.975));
#77220=VERTEX_POINT('',#77210);
#77230=EDGE_CURVE('',#77220,#73530,#77200,.T.);
#77240=ORIENTED_EDGE('',*,*,#77230,.T.);
#77250=CARTESIAN_POINT('',(5.00083992945185,3.05,-0.975));
#77260=DIRECTION('',(0.,1.,0.));
#77270=VECTOR('',#77260,1.);
#77280=LINE('',#77250,#77270);
#77290=EDGE_CURVE('',#77220,#77130,#77280,.T.);
#77300=ORIENTED_EDGE('',*,*,#77290,.F.);
#77310=EDGE_LOOP('',(#77300,#77240,#77160,#77150));
#77320=FACE_OUTER_BOUND('',#77310,.T.);
#77330=ADVANCED_FACE('',(#77320),#77070,.F.);
#77340=COLOUR_RGB('',0.600000023841858,0.600000023841858,
0.600000023841858);
#77350=FILL_AREA_STYLE_COLOUR('',#77340);
#77360=FILL_AREA_STYLE('',(#77350));
#77370=SURFACE_STYLE_FILL_AREA(#77360);
#77380=SURFACE_SIDE_STYLE('',(#77370));
#77390=SURFACE_STYLE_USAGE(.BOTH.,#77380);
#77400=PRESENTATION_STYLE_ASSIGNMENT((#77390));
#77410=CARTESIAN_POINT('',(-5.9,5.18,1.045));
#77420=DIRECTION('',(-0.,1.,-0.));
#77430=DIRECTION('',(0.,-0.,1.));
#77440=AXIS2_PLACEMENT_3D('',#77410,#77420,#77430);
#77450=PLANE('',#77440);
#77460=CARTESIAN_POINT('',(5.00083992945185,5.18,0.975));
#77470=DIRECTION('',(1.,0.,0.));
#77480=VECTOR('',#77470,1.);
#77490=LINE('',#77460,#77480);
#77500=CARTESIAN_POINT('',(5.00083992945185,5.18,0.975));
#77510=VERTEX_POINT('',#77500);
#77520=EDGE_CURVE('',#77510,#73360,#77490,.T.);
#77530=ORIENTED_EDGE('',*,*,#77520,.F.);
#77540=ORIENTED_EDGE('',*,*,#73370,.T.);
#77550=ORIENTED_EDGE('',*,*,#77140,.T.);
#77560=CARTESIAN_POINT('',(0.,5.18,0.));
#77570=DIRECTION('',(-0.,1.,0.));
#77580=DIRECTION('',(0.981519122561698,0.,0.191364082433759));
#77590=AXIS2_PLACEMENT_3D('',#77560,#77570,#77580);
#77600=CIRCLE('',#77590,5.095);
#77610=EDGE_CURVE('',#77510,#77130,#77600,.T.);
#77620=ORIENTED_EDGE('',*,*,#77610,.T.);
#77630=EDGE_LOOP('',(#77620,#77550,#77540,#77530));
#77640=FACE_OUTER_BOUND('',#77630,.T.);
#77650=ADVANCED_FACE('',(#77640),#77450,.F.);
#77660=COLOUR_RGB('',0.600000023841858,0.600000023841858,
0.600000023841858);
#77670=FILL_AREA_STYLE_COLOUR('',#77660);
#77680=FILL_AREA_STYLE('',(#77670));
#77690=SURFACE_STYLE_FILL_AREA(#77680);
#77700=SURFACE_SIDE_STYLE('',(#77690));
#77710=SURFACE_STYLE_USAGE(.BOTH.,#77700);
#77720=PRESENTATION_STYLE_ASSIGNMENT((#77710));
#77730=CARTESIAN_POINT('',(-0.,6.39,-0.));
#77740=DIRECTION('',(-0.,1.,-0.));
#77750=DIRECTION('',(1.,0.,0.));
#77760=AXIS2_PLACEMENT_3D('',#77730,#77740,#77750);
#77770=CYLINDRICAL_SURFACE('',#77760,5.095);
#77780=ORIENTED_EDGE('',*,*,#77290,.T.);
#77790=CARTESIAN_POINT('',(0.,3.05,0.));
#77800=DIRECTION('',(0.,-1.,0.));
#77810=DIRECTION('',(0.981519122561698,0.,-0.191364082433759));
#77820=AXIS2_PLACEMENT_3D('',#77790,#77800,#77810);
#77830=CIRCLE('',#77820,5.095);
#77840=CARTESIAN_POINT('',(5.00083992945185,3.05,0.975));
#77850=VERTEX_POINT('',#77840);
#77860=EDGE_CURVE('',#77220,#77850,#77830,.T.);
#77870=ORIENTED_EDGE('',*,*,#77860,.F.);
#77880=CARTESIAN_POINT('',(5.00083992945185,5.18,0.974999999999998));
#77890=DIRECTION('',(0.,-1.,0.));
#77900=VECTOR('',#77890,1.);
#77910=LINE('',#77880,#77900);
#77920=EDGE_CURVE('',#77510,#77850,#77910,.T.);
#77930=ORIENTED_EDGE('',*,*,#77920,.T.);
#77940=ORIENTED_EDGE('',*,*,#77610,.F.);
#77950=EDGE_LOOP('',(#77940,#77930,#77870,#77780));
#77960=FACE_OUTER_BOUND('',#77950,.T.);
#77970=CARTESIAN_POINT('',(5.06,5.08,0.596175309787302));
#77980=DIRECTION('',(0.,-1.,0.));
#77990=VECTOR('',#77980,1.);
#78000=LINE('',#77970,#77990);
#78010=CARTESIAN_POINT('',(5.06,5.08,0.596175309787317));
#78020=VERTEX_POINT('',#78010);
#78030=CARTESIAN_POINT('',(5.06,4.9,0.596175309787317));
#78040=VERTEX_POINT('',#78030);
#78050=EDGE_CURVE('',#78020,#78040,#78000,.T.);
#78060=ORIENTED_EDGE('',*,*,#78050,.T.);
#78070=CARTESIAN_POINT('',(5.01032933049316,5.16641156457461,
0.925000000000002));
#78080=CARTESIAN_POINT('',(5.01259772744539,5.16509036525991,
0.912713064018396));
#78090=CARTESIAN_POINT('',(5.01685038223789,5.16237893462404,
0.889171907848306));
#78100=CARTESIAN_POINT('',(5.02242671368985,5.15822020392916,
0.857073889498621));
#78110=CARTESIAN_POINT('',(5.02732016589539,5.15403033603599,
0.827853968959333));
#78120=CARTESIAN_POINT('',(5.03161645136757,5.14986286000466,
0.80129852076443));
#78130=CARTESIAN_POINT('',(5.03539620532658,5.14574951956349,
0.77716810762563));
#78140=CARTESIAN_POINT('',(5.03873102581307,5.14171742352392,
0.755224306344406));
#78150=CARTESIAN_POINT('',(5.04168569490494,5.13778576779339,
0.735224091390278));
#78160=CARTESIAN_POINT('',(5.04431747035585,5.13389227529645,
0.716931307305655));
#78170=CARTESIAN_POINT('',(5.04667859329581,5.12999204202656,
0.700106373946484));
#78180=CARTESIAN_POINT('',(5.04881667150291,5.12604880201971,
0.684508723803488));
#78190=CARTESIAN_POINT('',(5.05077541262889,5.12202246449667,
0.669896349987261));
#78200=CARTESIAN_POINT('',(5.05259399584387,5.11786966239863,
0.656034378737221));
#78210=CARTESIAN_POINT('',(5.05429985933383,5.11340908862851,
0.642756094563189));
#78220=CARTESIAN_POINT('',(5.05590150751018,5.10847013585263,
0.630029051739356));
#78230=CARTESIAN_POINT('',(5.05736610477755,5.1031444411095,
0.618155738683624));
#78240=CARTESIAN_POINT('',(5.05865833030163,5.09676171680367,
0.607481669733477));
#78250=CARTESIAN_POINT('',(5.05968210890032,5.08937571700269,
0.598879058043794));
#78260=CARTESIAN_POINT('',(5.06,5.08331592868212,0.596175309787302));
#78270=CARTESIAN_POINT('',(5.06,5.08,0.596175309787302));
#78280=B_SPLINE_CURVE_WITH_KNOTS('',3,(#78070,#78080,#78090,#78100,
#78110,#78120,#78130,#78140,#78150,#78160,#78170,#78180,#78190,#78200,
#78210,#78220,#78230,#78240,#78250,#78260,#78270),.UNSPECIFIED.,.F.,.F.,
(4,1,1,1,1,1,1,1,1,1,1,1,1,1,1,1,1,1,4),(0.,0.0555555555555556,
0.111111111111111,0.166666666666667,0.222222222222222,0.277777777777778,
0.333333333333333,0.388888888888889,0.444444444444444,0.5,
0.555555555555556,0.611111111111111,0.666666666666667,0.722222222222222,
0.777777777777778,0.833333333333333,0.888888888888889,0.944444444444444,
1.),.UNSPECIFIED.);
#78290=CARTESIAN_POINT('',(5.01032933049316,5.16641156457426,0.925));
#78300=VERTEX_POINT('',#78290);
#78310=EDGE_CURVE('',#78300,#78020,#78280,.T.);
#78320=ORIENTED_EDGE('',*,*,#78310,.T.);
#78330=CARTESIAN_POINT('',(5.01032933049316,4.85817206778371,
0.925000000000002));
#78340=DIRECTION('',(0.,1.,0.));
#78350=VECTOR('',#78340,1.);
#78360=LINE('',#78330,#78350);
#78370=CARTESIAN_POINT('',(5.01032933049316,4.85817206778371,0.925));
#78380=VERTEX_POINT('',#78370);
#78390=EDGE_CURVE('',#78380,#78300,#78360,.T.);
#78400=ORIENTED_EDGE('',*,*,#78390,.T.);
#78410=CARTESIAN_POINT('',(0.,0.638947368421083,0.));
#78420=DIRECTION('',(-0.644135745782777,0.764911198117053,0.));
#78430=DIRECTION('',(-0.764911198117053,-0.644135745782777,0.));
#78440=AXIS2_PLACEMENT_3D('',#78410,#78420,#78430);
#78450=ELLIPSE('',#78440,6.66090392262805,5.095);
#78460=EDGE_CURVE('',#78380,#78040,#78450,.T.);
#78470=ORIENTED_EDGE('',*,*,#78460,.F.);
#78480=EDGE_LOOP('',(#78470,#78400,#78320,#78060));
#78490=FACE_BOUND('',#78480,.T.);
#78500=CARTESIAN_POINT('',(5.01032933049316,5.16641156457461,
-0.924999999999999));
#78510=DIRECTION('',(0.,-1.,0.));
#78520=VECTOR('',#78510,1.);
#78530=LINE('',#78500,#78520);
#78540=CARTESIAN_POINT('',(5.01032933049314,5.16641156457392,
-0.925000000000094));
#78550=VERTEX_POINT('',#78540);
#78560=CARTESIAN_POINT('',(5.01032933049316,4.85817206778371,-0.925));
#78570=VERTEX_POINT('',#78560);
#78580=EDGE_CURVE('',#78550,#78570,#78530,.T.);
#78590=ORIENTED_EDGE('',*,*,#78580,.T.);
#78600=CARTESIAN_POINT('',(5.06,5.08,-0.596175309787302));
#78610=CARTESIAN_POINT('',(5.06,5.08331715761783,-0.596175309787302));
#78620=CARTESIAN_POINT('',(5.05968190434367,5.08937883411281,
-0.598880806533404));
#78630=CARTESIAN_POINT('',(5.05865739867244,5.09676725199979,
-0.607489451852377));
#78640=CARTESIAN_POINT('',(5.05736493558667,5.10314930016478,
-0.618165308200173));
#78650=CARTESIAN_POINT('',(5.05590028895883,5.10847414326437,
-0.630038826570559));
#78660=CARTESIAN_POINT('',(5.05429877318642,5.11341213641111,
-0.642764625769947));
#78670=CARTESIAN_POINT('',(5.05259304516305,5.11787194845494,
-0.65604169254618));
#78680=CARTESIAN_POINT('',(5.05077459276369,5.12202422418435,
-0.669902523705957));
#78690=CARTESIAN_POINT('',(5.0488159660695,5.12605016557361,
-0.684513920271167));
#78700=CARTESIAN_POINT('',(5.04667798591503,5.12999309288904,
-0.700110746263936));
#78710=CARTESIAN_POINT('',(5.04431694710816,5.13389308596992,
-0.716934983552965));
#78720=CARTESIAN_POINT('',(5.0416852440557,5.13778639366953,
-0.735227178203936));
#78730=CARTESIAN_POINT('',(5.03873063833499,5.14171791103608,
-0.755226887080496));
#78740=CARTESIAN_POINT('',(5.03539587498948,5.14574989559638,
-0.77717024367978));
#78750=CARTESIAN_POINT('',(5.03161617524133,5.14986314081985,
-0.801300250401781));
#78760=CARTESIAN_POINT('',(5.02731994484686,5.15403053469933,
-0.827855306804812));
#78770=CARTESIAN_POINT('',(5.02242655304794,5.15822032962313,
-0.857074825838755));
#78780=CARTESIAN_POINT('',(5.01685029175133,5.16237899401569,
-0.889172412397711));
#78790=CARTESIAN_POINT('',(5.01259769531684,5.16509038397279,
-0.91271323804501));
#78800=CARTESIAN_POINT('',(5.01032933049316,5.16641156457461,
-0.924999999999999));
#78810=B_SPLINE_CURVE_WITH_KNOTS('',3,(#78600,#78610,#78620,#78630,
#78640,#78650,#78660,#78670,#78680,#78690,#78700,#78710,#78720,#78730,
#78740,#78750,#78760,#78770,#78780,#78790,#78800),.UNSPECIFIED.,.F.,.F.,
(4,1,1,1,1,1,1,1,1,1,1,1,1,1,1,1,1,1,4),(0.,0.0555555555555556,
0.111111111111111,0.166666666666667,0.222222222222222,0.277777777777778,
0.333333333333333,0.388888888888889,0.444444444444444,0.5,
0.555555555555556,0.611111111111111,0.666666666666667,0.722222222222222,
0.777777777777778,0.833333333333333,0.888888888888889,0.944444444444444,
1.),.UNSPECIFIED.);
#78820=CARTESIAN_POINT('',(5.06,5.08,-0.596175309787317));
#78830=VERTEX_POINT('',#78820);
#78840=EDGE_CURVE('',#78830,#78550,#78810,.T.);
#78850=ORIENTED_EDGE('',*,*,#78840,.T.);
#78860=CARTESIAN_POINT('',(5.06,4.9,-0.596175309787302));
#78870=DIRECTION('',(0.,1.,0.));
#78880=VECTOR('',#78870,1.);
#78890=LINE('',#78860,#78880);
#78900=CARTESIAN_POINT('',(5.06,4.9,-0.5961753097873));
#78910=VERTEX_POINT('',#78900);
#78920=EDGE_CURVE('',#78910,#78830,#78890,.T.);
#78930=ORIENTED_EDGE('',*,*,#78920,.T.);
#78940=CARTESIAN_POINT('',(0.,0.638947368421083,0.));
#78950=DIRECTION('',(-0.644135745782777,0.764911198117053,0.));
#78960=DIRECTION('',(-0.764911198117053,-0.644135745782777,0.));
#78970=AXIS2_PLACEMENT_3D('',#78940,#78950,#78960);
#78980=ELLIPSE('',#78970,6.66090392262805,5.095);
#78990=EDGE_CURVE('',#78910,#78570,#78980,.T.);
#79000=ORIENTED_EDGE('',*,*,#78990,.F.);
#79010=EDGE_LOOP('',(#79000,#78930,#78850,#78590));
#79020=FACE_BOUND('',#79010,.T.);
#79030=ADVANCED_FACE('',(#77960,#78490,#79020),#77770,.T.);
#79040=COLOUR_RGB('',0.600000023841858,0.600000023841858,
0.600000023841858);
#79050=FILL_AREA_STYLE_COLOUR('',#79040);
#79060=FILL_AREA_STYLE('',(#79050));
#79070=SURFACE_STYLE_FILL_AREA(#79060);
#79080=SURFACE_SIDE_STYLE('',(#79070));
#79090=SURFACE_STYLE_USAGE(.BOTH.,#79080);
#79100=PRESENTATION_STYLE_ASSIGNMENT((#79090));
#79110=CARTESIAN_POINT('',(5.06,4.9,0.925));
#79120=DIRECTION('',(0.644135745782777,-0.764911198117053,-0.));
#79130=DIRECTION('',(-0.,0.,1.));
#79140=AXIS2_PLACEMENT_3D('',#79110,#79120,#79130);
#79150=PLANE('',#79140);
#79160=CARTESIAN_POINT('',(5.06,4.9,0.925));
#79170=DIRECTION('',(0.,0.,-1.));
#79180=VECTOR('',#79170,1.);
#79190=LINE('',#79160,#79180);
#79200=CARTESIAN_POINT('',(5.06,4.9,0.925));
#79210=VERTEX_POINT('',#79200);
#79220=EDGE_CURVE('',#79210,#78040,#79190,.T.);
#79230=ORIENTED_EDGE('',*,*,#79220,.F.);
#79240=ORIENTED_EDGE('',*,*,#78460,.T.);
#79250=CARTESIAN_POINT('',(5.01032933049316,4.85817206778371,0.925));
#79260=DIRECTION('',(0.764911198117048,0.644135745782783,0.));
#79270=VECTOR('',#79260,1.);
#79280=LINE('',#79250,#79270);
#79290=EDGE_CURVE('',#78380,#79210,#79280,.T.);
#79300=ORIENTED_EDGE('',*,*,#79290,.F.);
#79310=EDGE_LOOP('',(#79300,#79240,#79230));
#79320=FACE_OUTER_BOUND('',#79310,.T.);
#79330=ADVANCED_FACE('',(#79320),#79150,.T.);
#79340=COLOUR_RGB('',0.600000023841858,0.600000023841858,
0.600000023841858);
#79350=FILL_AREA_STYLE_COLOUR('',#79340);
#79360=FILL_AREA_STYLE('',(#79350));
#79370=SURFACE_STYLE_FILL_AREA(#79360);
#79380=SURFACE_SIDE_STYLE('',(#79370));
#79390=SURFACE_STYLE_USAGE(.BOTH.,#79380);
#79400=PRESENTATION_STYLE_ASSIGNMENT((#79390));
#79410=CARTESIAN_POINT('',(4.95,7.39,0.925));
#79420=DIRECTION('',(-4.79561875989164E-16,-0.,-1.));
#79430=DIRECTION('',(-1.,0.,4.79561875989164E-16));
#79440=AXIS2_PLACEMENT_3D('',#79410,#79420,#79430);
#79450=PLANE('',#79440);
#79460=CARTESIAN_POINT('',(4.96,5.08,0.925));
#79470=DIRECTION('',(0.,0.,1.));
#79480=DIRECTION('',(1.,0.,0.));
#79490=AXIS2_PLACEMENT_3D('',#79460,#79470,#79480);
#79500=CIRCLE('',#79490,0.1);
#79510=CARTESIAN_POINT('',(5.06,5.08,0.925));
#79520=VERTEX_POINT('',#79510);
#79530=EDGE_CURVE('',#79520,#78300,#79500,.T.);
#79540=ORIENTED_EDGE('',*,*,#79530,.T.);
#79550=CARTESIAN_POINT('',(5.06,5.08,0.925));
#79560=DIRECTION('',(0.,-1.,0.));
#79570=VECTOR('',#79560,1.);
#79580=LINE('',#79550,#79570);
#79590=EDGE_CURVE('',#79520,#79210,#79580,.T.);
#79600=ORIENTED_EDGE('',*,*,#79590,.F.);
#79610=ORIENTED_EDGE('',*,*,#79290,.T.);
#79620=ORIENTED_EDGE('',*,*,#78390,.F.);
#79630=EDGE_LOOP('',(#79620,#79610,#79600,#79540));
#79640=FACE_OUTER_BOUND('',#79630,.T.);
#79650=ADVANCED_FACE('',(#79640),#79450,.F.);
#79660=COLOUR_RGB('',0.600000023841858,0.600000023841858,
0.600000023841858);
#79670=FILL_AREA_STYLE_COLOUR('',#79660);
#79680=FILL_AREA_STYLE('',(#79670));
#79690=SURFACE_STYLE_FILL_AREA(#79680);
#79700=SURFACE_SIDE_STYLE('',(#79690));
#79710=SURFACE_STYLE_USAGE(.BOTH.,#79700);
#79720=PRESENTATION_STYLE_ASSIGNMENT((#79710));
#79730=CARTESIAN_POINT('',(4.96,5.08,0.925));
#79740=DIRECTION('',(-0.,-0.,1.));
#79750=DIRECTION('',(1.,0.,0.));
#79760=AXIS2_PLACEMENT_3D('',#79730,#79740,#79750);
#79770=CYLINDRICAL_SURFACE('',#79760,0.1);
#79780=CARTESIAN_POINT('',(5.06,5.08,0.925));
#79790=DIRECTION('',(0.,0.,-1.));
#79800=VECTOR('',#79790,1.);
#79810=LINE('',#79780,#79800);
#79820=EDGE_CURVE('',#79520,#78020,#79810,.T.);
#79830=ORIENTED_EDGE('',*,*,#79820,.T.);
#79840=ORIENTED_EDGE('',*,*,#79530,.F.);
#79850=ORIENTED_EDGE('',*,*,#78310,.F.);
#79860=EDGE_LOOP('',(#79850,#79840,#79830));
#79870=FACE_OUTER_BOUND('',#79860,.T.);
#79880=ADVANCED_FACE('',(#79870),#79770,.T.);
#79890=COLOUR_RGB('',0.600000023841858,0.600000023841858,
0.600000023841858);
#79900=FILL_AREA_STYLE_COLOUR('',#79890);
#79910=FILL_AREA_STYLE('',(#79900));
#79920=SURFACE_STYLE_FILL_AREA(#79910);
#79930=SURFACE_SIDE_STYLE('',(#79920));
#79940=SURFACE_STYLE_USAGE(.BOTH.,#79930);
#79950=PRESENTATION_STYLE_ASSIGNMENT((#79940));
#79960=CARTESIAN_POINT('',(5.06,7.39,0.925));
#79970=DIRECTION('',(-1.,-0.,-0.));
#79980=DIRECTION('',(0.,0.,1.));
#79990=AXIS2_PLACEMENT_3D('',#79960,#79970,#79980);
#80000=PLANE('',#79990);
#80010=ORIENTED_EDGE('',*,*,#79220,.T.);
#80020=ORIENTED_EDGE('',*,*,#79590,.T.);
#80030=ORIENTED_EDGE('',*,*,#79820,.F.);
#80040=ORIENTED_EDGE('',*,*,#78050,.F.);
#80050=EDGE_LOOP('',(#80040,#80030,#80020,#80010));
#80060=FACE_OUTER_BOUND('',#80050,.T.);
#80070=ADVANCED_FACE('',(#80060),#80000,.F.);
#80080=COLOUR_RGB('',0.600000023841858,0.600000023841858,
0.600000023841858);
#80090=FILL_AREA_STYLE_COLOUR('',#80080);
#80100=FILL_AREA_STYLE('',(#80090));
#80110=SURFACE_STYLE_FILL_AREA(#80100);
#80120=SURFACE_SIDE_STYLE('',(#80110));
#80130=SURFACE_STYLE_USAGE(.BOTH.,#80120);
#80140=PRESENTATION_STYLE_ASSIGNMENT((#80130));
#80150=CARTESIAN_POINT('',(5.06,4.9,0.925));
#80160=DIRECTION('',(0.644135745782777,-0.764911198117053,-0.));
#80170=DIRECTION('',(-0.,0.,1.));
#80180=AXIS2_PLACEMENT_3D('',#80150,#80160,#80170);
#80190=PLANE('',#80180);
#80200=CARTESIAN_POINT('',(5.06,4.9,-0.596175309787302));
#80210=DIRECTION('',(0.,0.,-1.));
#80220=VECTOR('',#80210,1.);
#80230=LINE('',#80200,#80220);
#80240=CARTESIAN_POINT('',(5.06,4.9,-0.925));
#80250=VERTEX_POINT('',#80240);
#80260=EDGE_CURVE('',#78910,#80250,#80230,.T.);
#80270=ORIENTED_EDGE('',*,*,#80260,.F.);
#80280=CARTESIAN_POINT('',(5.06,4.9,-0.925));
#80290=DIRECTION('',(-0.764911198117062,-0.644135745782767,0.));
#80300=VECTOR('',#80290,1.);
#80310=LINE('',#80280,#80300);
#80320=EDGE_CURVE('',#80250,#78570,#80310,.T.);
#80330=ORIENTED_EDGE('',*,*,#80320,.F.);
#80340=ORIENTED_EDGE('',*,*,#78990,.T.);
#80350=EDGE_LOOP('',(#80340,#80330,#80270));
#80360=FACE_OUTER_BOUND('',#80350,.T.);
#80370=ADVANCED_FACE('',(#80360),#80190,.T.);
#80380=COLOUR_RGB('',0.600000023841858,0.600000023841858,
0.600000023841858);
#80390=FILL_AREA_STYLE_COLOUR('',#80380);
#80400=FILL_AREA_STYLE('',(#80390));
#80410=SURFACE_STYLE_FILL_AREA(#80400);
#80420=SURFACE_SIDE_STYLE('',(#80410));
#80430=SURFACE_STYLE_USAGE(.BOTH.,#80420);
#80440=PRESENTATION_STYLE_ASSIGNMENT((#80430));
#80450=CARTESIAN_POINT('',(5.06,7.39,0.925));
#80460=DIRECTION('',(-1.,-0.,-0.));
#80470=DIRECTION('',(0.,0.,1.));
#80480=AXIS2_PLACEMENT_3D('',#80450,#80460,#80470);
#80490=PLANE('',#80480);
#80500=ORIENTED_EDGE('',*,*,#80260,.T.);
#80510=ORIENTED_EDGE('',*,*,#78920,.F.);
#80520=CARTESIAN_POINT('',(5.06,5.08,-0.596175309787303));
#80530=DIRECTION('',(0.,0.,-1.));
#80540=VECTOR('',#80530,1.);
#80550=LINE('',#80520,#80540);
#80560=CARTESIAN_POINT('',(5.06,5.08,-0.925));
#80570=VERTEX_POINT('',#80560);
#80580=EDGE_CURVE('',#78830,#80570,#80550,.T.);
#80590=ORIENTED_EDGE('',*,*,#80580,.F.);
#80600=CARTESIAN_POINT('',(5.06,5.08,-0.925));
#80610=DIRECTION('',(0.,-1.,0.));
#80620=VECTOR('',#80610,1.);
#80630=LINE('',#80600,#80620);
#80640=EDGE_CURVE('',#80570,#80250,#80630,.T.);
#80650=ORIENTED_EDGE('',*,*,#80640,.F.);
#80660=EDGE_LOOP('',(#80650,#80590,#80510,#80500));
#80670=FACE_OUTER_BOUND('',#80660,.T.);
#80680=ADVANCED_FACE('',(#80670),#80490,.F.);
#80690=COLOUR_RGB('',0.600000023841858,0.600000023841858,
0.600000023841858);
#80700=FILL_AREA_STYLE_COLOUR('',#80690);
#80710=FILL_AREA_STYLE('',(#80700));
#80720=SURFACE_STYLE_FILL_AREA(#80710);
#80730=SURFACE_SIDE_STYLE('',(#80720));
#80740=SURFACE_STYLE_USAGE(.BOTH.,#80730);
#80750=PRESENTATION_STYLE_ASSIGNMENT((#80740));
#80760=CARTESIAN_POINT('',(4.96,5.08,0.925));
#80770=DIRECTION('',(-0.,-0.,1.));
#80780=DIRECTION('',(1.,0.,0.));
#80790=AXIS2_PLACEMENT_3D('',#80760,#80770,#80780);
#80800=CYLINDRICAL_SURFACE('',#80790,0.1);
#80810=ORIENTED_EDGE('',*,*,#80580,.T.);
#80820=ORIENTED_EDGE('',*,*,#78840,.F.);
#80830=CARTESIAN_POINT('',(4.96,5.08,-0.925));
#80840=DIRECTION('',(0.,0.,-1.));
#80850=DIRECTION('',(0.503293304931603,0.864115645739055,0.));
#80860=AXIS2_PLACEMENT_3D('',#80830,#80840,#80850);
#80870=CIRCLE('',#80860,0.1);
#80880=EDGE_CURVE('',#78550,#80570,#80870,.T.);
#80890=ORIENTED_EDGE('',*,*,#80880,.F.);
#80900=EDGE_LOOP('',(#80890,#80820,#80810));
#80910=FACE_OUTER_BOUND('',#80900,.T.);
#80920=ADVANCED_FACE('',(#80910),#80800,.T.);
#80930=COLOUR_RGB('',0.600000023841858,0.600000023841858,
0.600000023841858);
#80940=FILL_AREA_STYLE_COLOUR('',#80930);
#80950=FILL_AREA_STYLE('',(#80940));
#80960=SURFACE_STYLE_FILL_AREA(#80950);
#80970=SURFACE_SIDE_STYLE('',(#80960));
#80980=SURFACE_STYLE_USAGE(.BOTH.,#80970);
#80990=PRESENTATION_STYLE_ASSIGNMENT((#80980));
#81000=CARTESIAN_POINT('',(4.95,7.39,-0.925));
#81010=DIRECTION('',(4.79561875989165E-16,-0.,1.));
#81020=DIRECTION('',(1.,0.,-4.79561875989165E-16));
#81030=AXIS2_PLACEMENT_3D('',#81000,#81010,#81020);
#81040=PLANE('',#81030);
#81050=ORIENTED_EDGE('',*,*,#80320,.T.);
#81060=ORIENTED_EDGE('',*,*,#80640,.T.);
#81070=ORIENTED_EDGE('',*,*,#80880,.T.);
#81080=ORIENTED_EDGE('',*,*,#78580,.F.);
#81090=EDGE_LOOP('',(#81080,#81070,#81060,#81050));
#81100=FACE_OUTER_BOUND('',#81090,.T.);
#81110=ADVANCED_FACE('',(#81100),#81040,.F.);
#81120=COLOUR_RGB('',0.600000023841858,0.600000023841858,
0.600000023841858);
#81130=FILL_AREA_STYLE_COLOUR('',#81120);
#81140=FILL_AREA_STYLE('',(#81130));
#81150=SURFACE_STYLE_FILL_AREA(#81140);
#81160=SURFACE_SIDE_STYLE('',(#81150));
#81170=SURFACE_STYLE_USAGE(.BOTH.,#81160);
#81180=PRESENTATION_STYLE_ASSIGNMENT((#81170));
#81190=CARTESIAN_POINT('',(-4.6,3.05,-0.));
#81200=DIRECTION('',(-0.,1.,-0.));
#81210=DIRECTION('',(0.,-0.,1.));
#81220=AXIS2_PLACEMENT_3D('',#81190,#81200,#81210);
#81230=PLANE('',#81220);
#81240=ORIENTED_EDGE('',*,*,#77230,.F.);
#81250=ORIENTED_EDGE('',*,*,#73540,.T.);
#81260=CARTESIAN_POINT('',(5.00083992945185,3.05,0.975));
#81270=DIRECTION('',(1.,0.,0.));
#81280=VECTOR('',#81270,1.);
#81290=LINE('',#81260,#81280);
#81300=EDGE_CURVE('',#77850,#73440,#81290,.T.);
#81310=ORIENTED_EDGE('',*,*,#81300,.T.);
#81320=ORIENTED_EDGE('',*,*,#77860,.T.);
#81330=EDGE_LOOP('',(#81320,#81310,#81250,#81240));
#81340=FACE_OUTER_BOUND('',#81330,.T.);
#81350=ADVANCED_FACE('',(#81340),#81230,.T.);
#81360=COLOUR_RGB('',0.600000023841858,0.600000023841858,
0.600000023841858);
#81370=FILL_AREA_STYLE_COLOUR('',#81360);
#81380=FILL_AREA_STYLE('',(#81370));
#81390=SURFACE_STYLE_FILL_AREA(#81380);
#81400=SURFACE_SIDE_STYLE('',(#81390));
#81410=SURFACE_STYLE_USAGE(.BOTH.,#81400);
#81420=PRESENTATION_STYLE_ASSIGNMENT((#81410));
#81430=CARTESIAN_POINT('',(-5.9,4.83,0.975));
#81440=DIRECTION('',(-0.,-1.01803020890658E-16,1.));
#81450=DIRECTION('',(0.,-1.,-1.01803020890658E-16));
#81460=AXIS2_PLACEMENT_3D('',#81430,#81440,#81450);
#81470=PLANE('',#81460);
#81480=ORIENTED_EDGE('',*,*,#81300,.F.);
#81490=ORIENTED_EDGE('',*,*,#73450,.F.);
#81500=ORIENTED_EDGE('',*,*,#77520,.T.);
#81510=ORIENTED_EDGE('',*,*,#77920,.F.);
#81520=EDGE_LOOP('',(#81510,#81500,#81490,#81480));
#81530=FACE_OUTER_BOUND('',#81520,.T.);
#81540=ADVANCED_FACE('',(#81530),#81470,.F.);
#81550=COLOUR_RGB('',0.600000023841858,0.600000023841858,
0.600000023841858);
#81560=FILL_AREA_STYLE_COLOUR('',#81550);
#81570=FILL_AREA_STYLE('',(#81560));
#81580=SURFACE_STYLE_FILL_AREA(#81570);
#81590=SURFACE_SIDE_STYLE('',(#81580));
#81600=SURFACE_STYLE_USAGE(.BOTH.,#81590);
#81610=PRESENTATION_STYLE_ASSIGNMENT((#81600));
#81620=CARTESIAN_POINT('',(-5.06,7.39,0.925));
#81630=DIRECTION('',(-1.,-0.,-0.));
#81640=DIRECTION('',(0.,0.,1.));
#81650=AXIS2_PLACEMENT_3D('',#81620,#81630,#81640);
#81660=PLANE('',#81650);
#81670=ORIENTED_EDGE('',*,*,#75880,.T.);
#81680=CARTESIAN_POINT('',(-5.06,5.08,-0.925));
#81690=DIRECTION('',(0.,-1.,0.));
#81700=VECTOR('',#81690,1.);
#81710=LINE('',#81680,#81700);
#81720=EDGE_CURVE('',#74350,#75810,#81710,.T.);
#81730=ORIENTED_EDGE('',*,*,#81720,.T.);
#81740=ORIENTED_EDGE('',*,*,#74360,.F.);
#81750=ORIENTED_EDGE('',*,*,#72510,.F.);
#81760=EDGE_LOOP('',(#81750,#81740,#81730,#81670));
#81770=FACE_OUTER_BOUND('',#81760,.T.);
#81780=ADVANCED_FACE('',(#81770),#81660,.T.);
#81790=COLOUR_RGB('',0.600000023841858,0.600000023841858,
0.600000023841858);
#81800=FILL_AREA_STYLE_COLOUR('',#81790);
#81810=FILL_AREA_STYLE('',(#81800));
#81820=SURFACE_STYLE_FILL_AREA(#81810);
#81830=SURFACE_SIDE_STYLE('',(#81820));
#81840=SURFACE_STYLE_USAGE(.BOTH.,#81830);
#81850=PRESENTATION_STYLE_ASSIGNMENT((#81840));
#81860=CARTESIAN_POINT('',(-6.39094211132182E-17,0.583981771313271,
4.15438474030196E-17));
#81870=DIRECTION('',(-0.,-1.,-0.));
#81880=DIRECTION('',(-0.965575698985586,0.,0.260122220366692));
#81890=AXIS2_PLACEMENT_3D('',#81860,#81870,#81880);
#81900=CYLINDRICAL_SURFACE('',#81890,5.295);
#81910=CARTESIAN_POINT('',(5.11272332612868,0.583981771313271,
-1.37734715684164));
#81920=DIRECTION('',(-0.,-1.,-0.));
#81930=VECTOR('',#81920,1.);
#81940=LINE('',#81910,#81930);
#81950=CARTESIAN_POINT('',(5.11272332612868,2.25162158967274,
-1.37734715684164));
#81960=VERTEX_POINT('',#81950);
#81970=EDGE_CURVE('',#76510,#81960,#81940,.T.);
#81980=ORIENTED_EDGE('',*,*,#81970,.T.);
#81990=ORIENTED_EDGE('',*,*,#76540,.F.);
#82000=CARTESIAN_POINT('',(-5.11272332612868,0.583981771313271,
1.37734715684164));
#82010=DIRECTION('',(-0.,-1.,-0.));
#82020=VECTOR('',#82010,1.);
#82030=LINE('',#82000,#82020);
#82040=CARTESIAN_POINT('',(-5.11272332612868,2.25162158967274,
1.37734715684164));
#82050=VERTEX_POINT('',#82040);
#82060=EDGE_CURVE('',#76530,#82050,#82030,.T.);
#82070=ORIENTED_EDGE('',*,*,#82060,.F.);
#82080=CARTESIAN_POINT('',(-6.39094211132182E-17,2.25162158967274,
4.15438474030196E-17));
#82090=DIRECTION('',(0.,1.,0.));
#82100=DIRECTION('',(0.965575698985585,0.,-0.260122220366693));
#82110=AXIS2_PLACEMENT_3D('',#82080,#82090,#82100);
#82120=CIRCLE('',#82110,5.295);
#82130=EDGE_CURVE('',#82050,#81960,#82120,.T.);
#82140=ORIENTED_EDGE('',*,*,#82130,.F.);
#82150=EDGE_LOOP('',(#82140,#82070,#81990,#81980));
#82160=FACE_OUTER_BOUND('',#82150,.T.);
#82170=ADVANCED_FACE('',(#82160),#81900,.F.);
#82180=COLOUR_RGB('',0.600000023841858,0.600000023841858,
0.600000023841858);
#82190=FILL_AREA_STYLE_COLOUR('',#82180);
#82200=FILL_AREA_STYLE('',(#82190));
#82210=SURFACE_STYLE_FILL_AREA(#82200);
#82220=SURFACE_SIDE_STYLE('',(#82210));
#82230=SURFACE_STYLE_USAGE(.BOTH.,#82220);
#82240=PRESENTATION_STYLE_ASSIGNMENT((#82230));
#82250=CARTESIAN_POINT('',(-4.95,7.39,-0.925));
#82260=DIRECTION('',(4.79561875989165E-16,-0.,-1.));
#82270=DIRECTION('',(-1.,0.,-4.79561875989165E-16));
#82280=AXIS2_PLACEMENT_3D('',#82250,#82260,#82270);
#82290=PLANE('',#82280);
#82300=ORIENTED_EDGE('',*,*,#74430,.T.);
#82310=ORIENTED_EDGE('',*,*,#81720,.F.);
#82320=ORIENTED_EDGE('',*,*,#75820,.T.);
#82330=ORIENTED_EDGE('',*,*,#72340,.F.);
#82340=EDGE_LOOP('',(#82330,#82320,#82310,#82300));
#82350=FACE_OUTER_BOUND('',#82340,.T.);
#82360=ADVANCED_FACE('',(#82350),#82290,.T.);
#82370=COLOUR_RGB('',0.600000023841858,0.600000023841858,
0.600000023841858);
#82380=FILL_AREA_STYLE_COLOUR('',#82370);
#82390=FILL_AREA_STYLE('',(#82380));
#82400=SURFACE_STYLE_FILL_AREA(#82390);
#82410=SURFACE_SIDE_STYLE('',(#82400));
#82420=SURFACE_STYLE_USAGE(.BOTH.,#82410);
#82430=PRESENTATION_STYLE_ASSIGNMENT((#82420));
#82440=CARTESIAN_POINT('',(-6.39094211132182E-17,2.25162158967274,
4.15438474030196E-17));
#82450=DIRECTION('',(-0.,-1.,-0.));
#82460=DIRECTION('',(-0.965575698985585,0.,0.260122220366692));
#82470=AXIS2_PLACEMENT_3D('',#82440,#82450,#82460);
#82480=TOROIDAL_SURFACE('',#82470,5.195,0.1);
#82490=CARTESIAN_POINT('',(5.01616575623012,2.25162158967274,
-1.35133493480497));
#82500=DIRECTION('',(0.260122220366692,0.,0.965575698985586));
#82510=DIRECTION('',(0.965575698985586,0.,-0.260122220366692));
#82520=AXIS2_PLACEMENT_3D('',#82490,#82500,#82510);
#82530=CIRCLE('',#82520,0.1);
#82540=EDGE_CURVE('',#76110,#81960,#82530,.T.);
#82550=ORIENTED_EDGE('',*,*,#82540,.F.);
#82560=ORIENTED_EDGE('',*,*,#82130,.T.);
#82570=CARTESIAN_POINT('',(-5.01616575623012,2.25162158967274,
1.35133493480497));
#82580=DIRECTION('',(-0.260122220366692,0.,-0.965575698985586));
#82590=DIRECTION('',(-0.965575698985586,0.,0.260122220366692));
#82600=AXIS2_PLACEMENT_3D('',#82570,#82580,#82590);
#82610=CIRCLE('',#82600,0.1);
#82620=EDGE_CURVE('',#76200,#82050,#82610,.T.);
#82630=ORIENTED_EDGE('',*,*,#82620,.T.);
#82640=ORIENTED_EDGE('',*,*,#76210,.T.);
#82650=EDGE_LOOP('',(#82640,#82630,#82560,#82550));
#82660=FACE_OUTER_BOUND('',#82650,.T.);
#82670=ADVANCED_FACE('',(#82660),#82480,.F.);
#82680=COLOUR_RGB('',0.600000023841858,0.600000023841858,
0.600000023841858);
#82690=FILL_AREA_STYLE_COLOUR('',#82680);
#82700=FILL_AREA_STYLE('',(#82690));
#82710=SURFACE_STYLE_FILL_AREA(#82700);
#82720=SURFACE_SIDE_STYLE('',(#82710));
#82730=SURFACE_STYLE_USAGE(.BOTH.,#82720);
#82740=PRESENTATION_STYLE_ASSIGNMENT((#82730));
#82750=CARTESIAN_POINT('',(-4.96,5.08,4.17796473000451E-19));
#82760=DIRECTION('',(-0.,-0.,-1.));
#82770=DIRECTION('',(-1.,0.,0.));
#82780=AXIS2_PLACEMENT_3D('',#82750,#82760,#82770);
#82790=CYLINDRICAL_SURFACE('',#82780,0.1);
#82800=ORIENTED_EDGE('',*,*,#76900,.F.);
#82810=ORIENTED_EDGE('',*,*,#75080,.T.);
#82820=ORIENTED_EDGE('',*,*,#72070,.F.);
#82830=EDGE_LOOP('',(#82820,#82810,#82800));
#82840=FACE_OUTER_BOUND('',#82830,.T.);
#82850=ADVANCED_FACE('',(#82840),#82790,.T.);
#82860=COLOUR_RGB('',0.600000023841858,0.600000023841858,
0.600000023841858);
#82870=FILL_AREA_STYLE_COLOUR('',#82860);
#82880=FILL_AREA_STYLE('',(#82870));
#82890=SURFACE_STYLE_FILL_AREA(#82880);
#82900=SURFACE_SIDE_STYLE('',(#82890));
#82910=SURFACE_STYLE_USAGE(.BOTH.,#82900);
#82920=PRESENTATION_STYLE_ASSIGNMENT((#82910));
#82930=CARTESIAN_POINT('',(-4.6,3.05,-0.));
#82940=DIRECTION('',(-0.,1.,-0.));
#82950=DIRECTION('',(0.,-0.,1.));
#82960=AXIS2_PLACEMENT_3D('',#82930,#82940,#82950);
#82970=PLANE('',#82960);
#82980=CARTESIAN_POINT('',(0.,3.05,0.));
#82990=DIRECTION('',(0.,1.,0.));
#83000=DIRECTION('',(-0.982536736223174,0.,-0.186068702290076));
#83010=AXIS2_PLACEMENT_3D('',#82980,#82990,#83000);
#83020=CIRCLE('',#83010,5.24);
#83030=CARTESIAN_POINT('',(-5.14849249780943,3.05,-0.975000000000001));
#83040=VERTEX_POINT('',#83030);
#83050=CARTESIAN_POINT('',(-5.14849249780943,3.05,0.975000000000001));
#83060=VERTEX_POINT('',#83050);
#83070=EDGE_CURVE('',#83040,#83060,#83020,.T.);
#83080=ORIENTED_EDGE('',*,*,#83070,.T.);
#83090=CARTESIAN_POINT('',(-5.14849249780943,3.05,-0.975));
#83100=DIRECTION('',(1.,0.,0.));
#83110=VECTOR('',#83100,1.);
#83120=LINE('',#83090,#83110);
#83130=EDGE_CURVE('',#83040,#71440,#83120,.T.);
#83140=ORIENTED_EDGE('',*,*,#83130,.F.);
#83150=ORIENTED_EDGE('',*,*,#71690,.T.);
#83160=CARTESIAN_POINT('',(-5.14849249780943,3.05,0.975));
#83170=DIRECTION('',(1.,0.,0.));
#83180=VECTOR('',#83170,1.);
#83190=LINE('',#83160,#83180);
#83200=EDGE_CURVE('',#83060,#71610,#83190,.T.);
#83210=ORIENTED_EDGE('',*,*,#83200,.T.);
#83220=EDGE_LOOP('',(#83210,#83150,#83140,#83080));
#83230=FACE_OUTER_BOUND('',#83220,.T.);
#83240=ADVANCED_FACE('',(#83230),#82970,.T.);
#83250=COLOUR_RGB('',0.600000023841858,0.600000023841858,
0.600000023841858);
#83260=FILL_AREA_STYLE_COLOUR('',#83250);
#83270=FILL_AREA_STYLE('',(#83260));
#83280=SURFACE_STYLE_FILL_AREA(#83270);
#83290=SURFACE_SIDE_STYLE('',(#83280));
#83300=SURFACE_STYLE_USAGE(.BOTH.,#83290);
#83310=PRESENTATION_STYLE_ASSIGNMENT((#83300));
#83320=CARTESIAN_POINT('',(-5.9,4.83,0.975));
#83330=DIRECTION('',(-0.,-1.01803020890658E-16,1.));
#83340=DIRECTION('',(0.,-1.,-1.01803020890658E-16));
#83350=AXIS2_PLACEMENT_3D('',#83320,#83330,#83340);
#83360=PLANE('',#83350);
#83370=CARTESIAN_POINT('',(-5.14849249780943,5.18,0.975));
#83380=DIRECTION('',(1.,0.,0.));
#83390=VECTOR('',#83380,1.);
#83400=LINE('',#83370,#83390);
#83410=CARTESIAN_POINT('',(-5.14849249780943,5.18,0.975000000000001));
#83420=VERTEX_POINT('',#83410);
#83430=EDGE_CURVE('',#83420,#71530,#83400,.T.);
#83440=ORIENTED_EDGE('',*,*,#83430,.T.);
#83450=CARTESIAN_POINT('',(-5.14849249780943,5.18,0.975000000000001));
#83460=DIRECTION('',(0.,-1.,0.));
#83470=VECTOR('',#83460,1.);
#83480=LINE('',#83450,#83470);
#83490=EDGE_CURVE('',#83420,#83060,#83480,.T.);
#83500=ORIENTED_EDGE('',*,*,#83490,.F.);
#83510=ORIENTED_EDGE('',*,*,#83200,.F.);
#83520=ORIENTED_EDGE('',*,*,#71620,.F.);
#83530=EDGE_LOOP('',(#83520,#83510,#83500,#83440));
#83540=FACE_OUTER_BOUND('',#83530,.T.);
#83550=ADVANCED_FACE('',(#83540),#83360,.F.);
#83560=COLOUR_RGB('',0.600000023841858,0.600000023841858,
0.600000023841858);
#83570=FILL_AREA_STYLE_COLOUR('',#83560);
#83580=FILL_AREA_STYLE('',(#83570));
#83590=SURFACE_STYLE_FILL_AREA(#83580);
#83600=SURFACE_SIDE_STYLE('',(#83590));
#83610=SURFACE_STYLE_USAGE(.BOTH.,#83600);
#83620=PRESENTATION_STYLE_ASSIGNMENT((#83610));
#83630=CARTESIAN_POINT('',(-5.9,5.18,1.045));
#83640=DIRECTION('',(-0.,1.,-0.));
#83650=DIRECTION('',(0.,-0.,1.));
#83660=AXIS2_PLACEMENT_3D('',#83630,#83640,#83650);
#83670=PLANE('',#83660);
#83680=CARTESIAN_POINT('',(0.,5.18,0.));
#83690=DIRECTION('',(0.,-1.,0.));
#83700=DIRECTION('',(-0.982536736223174,0.,0.186068702290076));
#83710=AXIS2_PLACEMENT_3D('',#83680,#83690,#83700);
#83720=CIRCLE('',#83710,5.24);
#83730=CARTESIAN_POINT('',(-5.14849249780943,5.18,-0.975));
#83740=VERTEX_POINT('',#83730);
#83750=EDGE_CURVE('',#83420,#83740,#83720,.T.);
#83760=ORIENTED_EDGE('',*,*,#83750,.T.);
#83770=ORIENTED_EDGE('',*,*,#83430,.F.);
#83780=ORIENTED_EDGE('',*,*,#71540,.T.);
#83790=CARTESIAN_POINT('',(-5.14849249780943,5.18,-0.975));
#83800=DIRECTION('',(1.,0.,0.));
#83810=VECTOR('',#83800,1.);
#83820=LINE('',#83790,#83810);
#83830=EDGE_CURVE('',#83740,#71420,#83820,.T.);
#83840=ORIENTED_EDGE('',*,*,#83830,.T.);
#83850=EDGE_LOOP('',(#83840,#83780,#83770,#83760));
#83860=FACE_OUTER_BOUND('',#83850,.T.);
#83870=ADVANCED_FACE('',(#83860),#83670,.F.);
#83880=COLOUR_RGB('',0.600000023841858,0.600000023841858,
0.600000023841858);
#83890=FILL_AREA_STYLE_COLOUR('',#83880);
#83900=FILL_AREA_STYLE('',(#83890));
#83910=SURFACE_STYLE_FILL_AREA(#83900);
#83920=SURFACE_SIDE_STYLE('',(#83910));
#83930=SURFACE_STYLE_USAGE(.BOTH.,#83920);
#83940=PRESENTATION_STYLE_ASSIGNMENT((#83930));
#83950=CARTESIAN_POINT('',(-5.9,4.83,-0.975));
#83960=DIRECTION('',(-0.,-0.,-1.));
#83970=DIRECTION('',(-1.,0.,0.));
#83980=AXIS2_PLACEMENT_3D('',#83950,#83960,#83970);
#83990=PLANE('',#83980);
#84000=ORIENTED_EDGE('',*,*,#83130,.T.);
#84010=CARTESIAN_POINT('',(-5.14849249780943,3.05,-0.975000000000003));
#84020=DIRECTION('',(0.,1.,0.));
#84030=VECTOR('',#84020,1.);
#84040=LINE('',#84010,#84030);
#84050=EDGE_CURVE('',#83040,#83740,#84040,.T.);
#84060=ORIENTED_EDGE('',*,*,#84050,.F.);
#84070=ORIENTED_EDGE('',*,*,#83830,.F.);
#84080=ORIENTED_EDGE('',*,*,#71450,.F.);
#84090=EDGE_LOOP('',(#84080,#84070,#84060,#84000));
#84100=FACE_OUTER_BOUND('',#84090,.T.);
#84110=ADVANCED_FACE('',(#84100),#83990,.F.);
#84120=COLOUR_RGB('',0.600000023841858,0.600000023841858,
0.600000023841858);
#84130=FILL_AREA_STYLE_COLOUR('',#84120);
#84140=FILL_AREA_STYLE('',(#84130));
#84150=SURFACE_STYLE_FILL_AREA(#84140);
#84160=SURFACE_SIDE_STYLE('',(#84150));
#84170=SURFACE_STYLE_USAGE(.BOTH.,#84160);
#84180=PRESENTATION_STYLE_ASSIGNMENT((#84170));
#84190=CARTESIAN_POINT('',(-4.68,4.58,4.17796473000451E-19));
#84200=DIRECTION('',(0.644135745782777,0.764911198117053,-0.));
#84210=DIRECTION('',(-0.,-0.,-1.));
#84220=AXIS2_PLACEMENT_3D('',#84190,#84200,#84210);
#84230=PLANE('',#84220);
#84240=ORIENTED_EDGE('',*,*,#74990,.F.);
#84250=ORIENTED_EDGE('',*,*,#76820,.F.);
#84260=ORIENTED_EDGE('',*,*,#72220,.F.);
#84270=EDGE_LOOP('',(#84260,#84250,#84240));
#84280=FACE_OUTER_BOUND('',#84270,.T.);
#84290=ADVANCED_FACE('',(#84280),#84230,.F.);
#84300=COLOUR_RGB('',0.600000023841858,0.600000023841858,
0.600000023841858);
#84310=FILL_AREA_STYLE_COLOUR('',#84300);
#84320=FILL_AREA_STYLE('',(#84310));
#84330=SURFACE_STYLE_FILL_AREA(#84320);
#84340=SURFACE_SIDE_STYLE('',(#84330));
#84350=SURFACE_STYLE_USAGE(.BOTH.,#84340);
#84360=PRESENTATION_STYLE_ASSIGNMENT((#84350));
#84370=CARTESIAN_POINT('',(-0.,19.9068722891566,-0.));
#84380=DIRECTION('',(-0.,1.,-0.));
#84390=DIRECTION('',(0.,0.,1.));
#84400=AXIS2_PLACEMENT_3D('',#84370,#84380,#84390);
#84410=CYLINDRICAL_SURFACE('',#84400,5.24);
#84420=ORIENTED_EDGE('',*,*,#74680,.F.);
#84430=ORIENTED_EDGE('',*,*,#73170,.F.);
#84440=ORIENTED_EDGE('',*,*,#76600,.F.);
#84450=ORIENTED_EDGE('',*,*,#73000,.T.);
#84460=EDGE_LOOP('',(#84450,#84440,#84430,#84420));
#84470=FACE_OUTER_BOUND('',#84460,.T.);
#84480=ORIENTED_EDGE('',*,*,#83070,.F.);
#84490=ORIENTED_EDGE('',*,*,#83490,.T.);
#84500=ORIENTED_EDGE('',*,*,#83750,.F.);
#84510=ORIENTED_EDGE('',*,*,#84050,.T.);
#84520=EDGE_LOOP('',(#84510,#84500,#84490,#84480));
#84530=FACE_BOUND('',#84520,.T.);
#84540=ADVANCED_FACE('',(#84470,#84530),#84410,.T.);
#84550=COLOUR_RGB('',0.600000023841858,0.600000023841858,
0.600000023841858);
#84560=FILL_AREA_STYLE_COLOUR('',#84550);
#84570=FILL_AREA_STYLE('',(#84560));
#84580=SURFACE_STYLE_FILL_AREA(#84570);
#84590=SURFACE_SIDE_STYLE('',(#84580));
#84600=SURFACE_STYLE_USAGE(.BOTH.,#84590);
#84610=PRESENTATION_STYLE_ASSIGNMENT((#84600));
#84620=CARTESIAN_POINT('',(-6.39094211132182E-17,0.583981771313271,
4.15438474030196E-17));
#84630=DIRECTION('',(-0.,-1.,-0.));
#84640=DIRECTION('',(-0.965575698985586,0.,0.260122220366692));
#84650=AXIS2_PLACEMENT_3D('',#84620,#84630,#84640);
#84660=CYLINDRICAL_SURFACE('',#84650,5.295);
#84670=ORIENTED_EDGE('',*,*,#81970,.F.);
#84680=EDGE_CURVE('',#81960,#82050,#82120,.T.);
#84690=ORIENTED_EDGE('',*,*,#84680,.F.);
#84700=ORIENTED_EDGE('',*,*,#82060,.T.);
#84710=ORIENTED_EDGE('',*,*,#76560,.F.);
#84720=EDGE_LOOP('',(#84710,#84700,#84690,#84670));
#84730=FACE_OUTER_BOUND('',#84720,.T.);
#84740=ADVANCED_FACE('',(#84730),#84660,.F.);
#84750=COLOUR_RGB('',0.600000023841858,0.600000023841858,
0.600000023841858);
#84760=FILL_AREA_STYLE_COLOUR('',#84750);
#84770=FILL_AREA_STYLE('',(#84760));
#84780=SURFACE_STYLE_FILL_AREA(#84770);
#84790=SURFACE_SIDE_STYLE('',(#84780));
#84800=SURFACE_STYLE_USAGE(.BOTH.,#84790);
#84810=PRESENTATION_STYLE_ASSIGNMENT((#84800));
#84820=CARTESIAN_POINT('',(-6.39094211132182E-17,2.69673599890121,
4.15438474030196E-17));
#84830=DIRECTION('',(0.,1.,0.));
#84840=DIRECTION('',(0.965575698985586,-0.,-0.260122220366692));
#84850=AXIS2_PLACEMENT_3D('',#84820,#84830,#84840);
#84860=CONICAL_SURFACE('',#84850,11.4300523027613,1.48352986419518);
#84870=EDGE_CURVE('',#75510,#75370,#75580,.T.);
#84880=ORIENTED_EDGE('',*,*,#84870,.F.);
#84890=ORIENTED_EDGE('',*,*,#76270,.F.);
#84900=EDGE_CURVE('',#76200,#76110,#76180,.T.);
#84910=ORIENTED_EDGE('',*,*,#84900,.F.);
#84920=ORIENTED_EDGE('',*,*,#76120,.T.);
#84930=EDGE_LOOP('',(#84920,#84910,#84890,#84880));
#84940=FACE_OUTER_BOUND('',#84930,.T.);
#84950=ADVANCED_FACE('',(#84940),#84860,.F.);
#84960=COLOUR_RGB('',0.600000023841858,0.600000023841858,
0.600000023841858);
#84970=FILL_AREA_STYLE_COLOUR('',#84960);
#84980=FILL_AREA_STYLE('',(#84970));
#84990=SURFACE_STYLE_FILL_AREA(#84980);
#85000=SURFACE_SIDE_STYLE('',(#84990));
#85010=SURFACE_STYLE_USAGE(.BOTH.,#85000);
#85020=PRESENTATION_STYLE_ASSIGNMENT((#85010));
#85030=CARTESIAN_POINT('',(0.,-1.74999999999999,0.));
#85040=DIRECTION('',(0.,1.,0.));
#85050=DIRECTION('',(0.,-0.,1.));
#85060=AXIS2_PLACEMENT_3D('',#85030,#85040,#85050);
#85070=CONICAL_SURFACE('',#85060,1.,0.78539816339745);
#85080=EDGE_CURVE('',#73840,#74050,#74120,.T.);
#85090=ORIENTED_EDGE('',*,*,#85080,.F.);
#85100=ORIENTED_EDGE('',*,*,#74060,.T.);
#85110=EDGE_CURVE('',#73970,#75420,#73910,.T.);
#85120=ORIENTED_EDGE('',*,*,#85110,.F.);
#85130=ORIENTED_EDGE('',*,*,#75430,.F.);
#85140=ORIENTED_EDGE('',*,*,#73850,.F.);
#85150=EDGE_LOOP('',(#85140,#85130,#85120,#85100,#85090));
#85160=FACE_OUTER_BOUND('',#85150,.T.);
#85170=ADVANCED_FACE('',(#85160),#85070,.T.);
#85180=COLOUR_RGB('',0.600000023841858,0.600000023841858,
0.600000023841858);
#85190=FILL_AREA_STYLE_COLOUR('',#85180);
#85200=FILL_AREA_STYLE('',(#85190));
#85210=SURFACE_STYLE_FILL_AREA(#85200);
#85220=SURFACE_SIDE_STYLE('',(#85210));
#85230=SURFACE_STYLE_USAGE(.BOTH.,#85220);
#85240=PRESENTATION_STYLE_ASSIGNMENT((#85230));
#85250=CARTESIAN_POINT('',(-6.39094211132182E-17,1.9,
4.15438474030196E-17));
#85260=DIRECTION('',(-0.,-1.,-0.));
#85270=DIRECTION('',(-0.965575698985585,0.,0.260122220366692));
#85280=AXIS2_PLACEMENT_3D('',#85250,#85260,#85270);
#85290=TOROIDAL_SURFACE('',#85280,5.015,0.3);
#85300=ORIENTED_EDGE('',*,*,#75380,.T.);
#85310=ORIENTED_EDGE('',*,*,#84870,.T.);
#85320=ORIENTED_EDGE('',*,*,#75520,.F.);
#85330=ORIENTED_EDGE('',*,*,#85110,.T.);
#85340=ORIENTED_EDGE('',*,*,#73980,.T.);
#85350=EDGE_LOOP('',(#85340,#85330,#85320,#85310,#85300));
#85360=FACE_OUTER_BOUND('',#85350,.T.);
#85370=ADVANCED_FACE('',(#85360),#85290,.T.);
#85380=COLOUR_RGB('',0.600000023841858,0.600000023841858,
0.600000023841858);
#85390=FILL_AREA_STYLE_COLOUR('',#85380);
#85400=FILL_AREA_STYLE('',(#85390));
#85410=SURFACE_STYLE_FILL_AREA(#85400);
#85420=SURFACE_SIDE_STYLE('',(#85410));
#85430=SURFACE_STYLE_USAGE(.BOTH.,#85420);
#85440=PRESENTATION_STYLE_ASSIGNMENT((#85430));
#85450=CARTESIAN_POINT('',(-6.39094211132182E-17,2.25162158967274,
4.15438474030196E-17));
#85460=DIRECTION('',(-0.,-1.,-0.));
#85470=DIRECTION('',(-0.965575698985585,0.,0.260122220366692));
#85480=AXIS2_PLACEMENT_3D('',#85450,#85460,#85470);
#85490=TOROIDAL_SURFACE('',#85480,5.195,0.1);
#85500=ORIENTED_EDGE('',*,*,#84680,.T.);
#85510=ORIENTED_EDGE('',*,*,#82540,.T.);
#85520=ORIENTED_EDGE('',*,*,#84900,.T.);
#85530=ORIENTED_EDGE('',*,*,#82620,.F.);
#85540=EDGE_LOOP('',(#85530,#85520,#85510,#85500));
#85550=FACE_OUTER_BOUND('',#85540,.T.);
#85560=ADVANCED_FACE('',(#85550),#85490,.F.);
#85570=COLOUR_RGB('',0.600000023841858,0.600000023841858,
0.600000023841858);
#85580=FILL_AREA_STYLE_COLOUR('',#85570);
#85590=FILL_AREA_STYLE('',(#85580));
#85600=SURFACE_STYLE_FILL_AREA(#85590);
#85610=SURFACE_SIDE_STYLE('',(#85600));
#85620=SURFACE_STYLE_USAGE(.BOTH.,#85610);
#85630=PRESENTATION_STYLE_ASSIGNMENT((#85620));
#85640=CARTESIAN_POINT('',(-0.,2.53142135623731,-0.));
#85650=DIRECTION('',(-0.,1.,-0.));
#85660=DIRECTION('',(0.,0.,1.));
#85670=AXIS2_PLACEMENT_3D('',#85640,#85650,#85660);
#85680=TOROIDAL_SURFACE('',#85670,5.14,0.1);
#85690=ORIENTED_EDGE('',*,*,#74660,.F.);
#85700=ORIENTED_EDGE('',*,*,#85080,.T.);
#85710=ORIENTED_EDGE('',*,*,#74750,.T.);
#85720=ORIENTED_EDGE('',*,*,#73240,.T.);
#85730=EDGE_LOOP('',(#85720,#85710,#85700,#85690));
#85740=FACE_OUTER_BOUND('',#85730,.T.);
#85750=ADVANCED_FACE('',(#85740),#85680,.T.);
#85760=COLOUR_RGB('',0.600000023841858,0.600000023841858,
0.600000023841858);
#85770=FILL_AREA_STYLE_COLOUR('',#85760);
#85780=FILL_AREA_STYLE('',(#85770));
#85790=SURFACE_STYLE_FILL_AREA(#85780);
#85800=SURFACE_SIDE_STYLE('',(#85790));
#85810=SURFACE_STYLE_USAGE(.BOTH.,#85800);
#85820=PRESENTATION_STYLE_ASSIGNMENT((#85810));
#85830=CLOSED_SHELL('',(#72790,#73640,#74170,#74480,#74800,#75180,#75630
,#75930,#76320,#76650,#76950,#77330,#77650,#79030,#79330,#79650,#79880,
#80070,#80370,#80680,#80920,#81110,#81350,#81540,#81780,#82170,#82360,
#82670,#82850,#83240,#83550,#83870,#84110,#84290,#84540,#84740,#84950,
#85170,#85370,#85560,#85750));
#85840=ORIENTED_CLOSED_SHELL('',*,#85830,.T.);
#85850=CARTESIAN_POINT('',(0.,5.55000000000001,0.));
#85860=DIRECTION('',(0.,-1.,0.));
#85870=DIRECTION('',(0.,0.,-1.));
#85880=AXIS2_PLACEMENT_3D('',#85850,#85860,#85870);
#85890=CONICAL_SURFACE('',#85880,1.,0.785398163397447);
#85900=CARTESIAN_POINT('',(0.,5.55000000000001,-1.));
#85910=DIRECTION('',(0.,-0.707106781186548,-0.707106781186547));
#85920=VECTOR('',#85910,1.4142135623731);
#85930=LINE('',#85900,#85920);
#85940=CARTESIAN_POINT('',(0.,1.60936235623059,-4.94063764376941));
#85950=VERTEX_POINT('',#85940);
#85960=CARTESIAN_POINT('',(0.,1.55,-5.));
#85970=VERTEX_POINT('',#85960);
#85980=EDGE_CURVE('',#85950,#85970,#85930,.T.);
#85990=ORIENTED_EDGE('',*,*,#85980,.F.);
#86000=CARTESIAN_POINT('',(0.,1.55,0.));
#86010=DIRECTION('',(0.,-1.,-0.));
#86020=DIRECTION('',(-1.35145938160942E-19,0.,-1.));
#86030=AXIS2_PLACEMENT_3D('',#86000,#86010,#86020);
#86040=CIRCLE('',#86030,5.);
#86050=CARTESIAN_POINT('',(6.12323399573676E-16,1.55,5.));
#86060=VERTEX_POINT('',#86050);
#86070=EDGE_CURVE('',#85970,#86060,#86040,.T.);
#86080=ORIENTED_EDGE('',*,*,#86070,.F.);
#86090=CARTESIAN_POINT('',(1.22464679914735E-16,5.55000000000001,1.));
#86100=DIRECTION('',(8.65956056235492E-17,-0.707106781186548,
0.707106781186547));
#86110=VECTOR('',#86100,1.4142135623731);
#86120=LINE('',#86090,#86110);
#86130=CARTESIAN_POINT('',(6.05053607618913E-16,1.60936235623059,
4.94063764376941));
#86140=VERTEX_POINT('',#86130);
#86150=EDGE_CURVE('',#86140,#86060,#86120,.T.);
#86160=ORIENTED_EDGE('',*,*,#86150,.T.);
#86170=CARTESIAN_POINT('',(-6.39094211132182E-17,1.60936235623059,
4.15438474030196E-17));
#86180=DIRECTION('',(0.,1.,0.));
#86190=DIRECTION('',(-0.965575698985585,0.,0.260122220366693));
#86200=AXIS2_PLACEMENT_3D('',#86170,#86180,#86190);
#86210=CIRCLE('',#86200,4.94063764376941);
#86220=CARTESIAN_POINT('',(4.77055964631715,1.60936235623059,
-1.28516963392456));
#86230=VERTEX_POINT('',#86220);
#86240=EDGE_CURVE('',#86140,#86230,#86210,.T.);
#86250=ORIENTED_EDGE('',*,*,#86240,.F.);
#86260=EDGE_CURVE('',#86230,#85950,#86210,.T.);
#86270=ORIENTED_EDGE('',*,*,#86260,.F.);
#86280=EDGE_LOOP('',(#86270,#86250,#86160,#86080,#85990));
#86290=FACE_OUTER_BOUND('',#86280,.T.);
#86300=ADVANCED_FACE('',(#86290),#85890,.T.);
#86310=COLOUR_RGB('',0.600000023841858,0.600000023841858,
0.600000023841858);
#86320=FILL_AREA_STYLE_COLOUR('',#86310);
#86330=FILL_AREA_STYLE('',(#86320));
#86340=SURFACE_STYLE_FILL_AREA(#86330);
#86350=SURFACE_SIDE_STYLE('',(#86340));
#86360=SURFACE_STYLE_USAGE(.BOTH.,#86350);
#86370=PRESENTATION_STYLE_ASSIGNMENT((#86360));
#86380=CARTESIAN_POINT('',(-5.00248474542373,1.65,1.34764932536849));
#86390=DIRECTION('',(-0.,-1.,-0.));
#86400=DIRECTION('',(-0.965575698985586,0.,0.260122220366692));
#86410=AXIS2_PLACEMENT_3D('',#86380,#86390,#86400);
#86420=PLANE('',#86410);
#86430=CARTESIAN_POINT('',(-6.39094211132182E-17,1.65,
4.15438474030196E-17));
#86440=DIRECTION('',(0.,-1.,-0.));
#86450=DIRECTION('',(0.965575698985585,0.,-0.260122220366693));
#86460=AXIS2_PLACEMENT_3D('',#86430,#86440,#86450);
#86470=CIRCLE('',#86460,5.395);
#86480=CARTESIAN_POINT('',(5.20928089602723,1.65,-1.4033593788783));
#86490=VERTEX_POINT('',#86480);
#86500=CARTESIAN_POINT('',(-5.20928089602724,1.65,1.4033593788783));
#86510=VERTEX_POINT('',#86500);
#86520=EDGE_CURVE('',#86490,#86510,#86470,.T.);
#86530=ORIENTED_EDGE('',*,*,#86520,.T.);
#86540=EDGE_CURVE('',#86510,#86490,#86470,.T.);
#86550=ORIENTED_EDGE('',*,*,#86540,.T.);
#86560=EDGE_LOOP('',(#86550,#86530));
#86570=FACE_OUTER_BOUND('',#86560,.T.);
#86580=CARTESIAN_POINT('',(-6.39094211132182E-17,1.65,
4.15438474030196E-17));
#86590=DIRECTION('',(0.,1.,0.));
#86600=DIRECTION('',(-0.965575698985585,0.,0.260122220366693));
#86610=AXIS2_PLACEMENT_3D('',#86580,#86590,#86600);
#86620=CIRCLE('',#86610,5.18083123951777);
#86630=CARTESIAN_POINT('',(-5.00248474542373,1.65,1.34764932536848));
#86640=VERTEX_POINT('',#86630);
#86650=CARTESIAN_POINT('',(5.00248474542373,1.65,-1.34764932536848));
#86660=VERTEX_POINT('',#86650);
#86670=EDGE_CURVE('',#86640,#86660,#86620,.T.);
#86680=ORIENTED_EDGE('',*,*,#86670,.T.);
#86690=EDGE_CURVE('',#86660,#86640,#86620,.T.);
#86700=ORIENTED_EDGE('',*,*,#86690,.T.);
#86710=EDGE_LOOP('',(#86700,#86680));
#86720=FACE_BOUND('',#86710,.T.);
#86730=ADVANCED_FACE('',(#86570,#86720),#86420,.T.);
#86740=COLOUR_RGB('',0.600000023841858,0.600000023841858,
0.600000023841858);
#86750=FILL_AREA_STYLE_COLOUR('',#86740);
#86760=FILL_AREA_STYLE('',(#86750));
#86770=SURFACE_STYLE_FILL_AREA(#86760);
#86780=SURFACE_SIDE_STYLE('',(#86770));
#86790=SURFACE_STYLE_USAGE(.BOTH.,#86780);
#86800=PRESENTATION_STYLE_ASSIGNMENT((#86790));
#86810=CARTESIAN_POINT('',(-0.,1.45,-0.));
#86820=DIRECTION('',(-0.,1.,-0.));
#86830=DIRECTION('',(0.,0.,1.));
#86840=AXIS2_PLACEMENT_3D('',#86810,#86820,#86830);
#86850=TOROIDAL_SURFACE('',#86840,5.4,0.1);
#86860=CARTESIAN_POINT('',(0.,1.45,-5.4));
#86870=DIRECTION('',(-1.,0.,0.));
#86880=DIRECTION('',(0.,0.,-1.));
#86890=AXIS2_PLACEMENT_3D('',#86860,#86870,#86880);
#86900=CIRCLE('',#86890,0.1);
#86910=CARTESIAN_POINT('',(0.,1.55,-5.4));
#86920=VERTEX_POINT('',#86910);
#86930=CARTESIAN_POINT('',(0.,1.48122498999197,-5.49500000000001));
#86940=VERTEX_POINT('',#86930);
#86950=EDGE_CURVE('',#86920,#86940,#86900,.T.);
#86960=ORIENTED_EDGE('',*,*,#86950,.F.);
#86970=CARTESIAN_POINT('',(0.,1.48122498999197,0.));
#86980=DIRECTION('',(0.,1.,0.));
#86990=DIRECTION('',(-5.20389492335304E-17,0.,-1.));
#87000=AXIS2_PLACEMENT_3D('',#86970,#86980,#86990);
#87010=CIRCLE('',#87000,5.49500000000001);
#87020=CARTESIAN_POINT('',(5.30583846592579,1.48122498999197,
-1.42937160091497));
#87030=VERTEX_POINT('',#87020);
#87040=EDGE_CURVE('',#87030,#86940,#87010,.T.);
#87050=ORIENTED_EDGE('',*,*,#87040,.T.);
#87060=CARTESIAN_POINT('',(0.,1.48122498999199,5.495));
#87070=VERTEX_POINT('',#87060);
#87080=EDGE_CURVE('',#87070,#87030,#87010,.T.);
#87090=ORIENTED_EDGE('',*,*,#87080,.T.);
#87100=CARTESIAN_POINT('',(0.,1.45,5.4));
#87110=DIRECTION('',(1.,0.,0.));
#87120=DIRECTION('',(0.,0.,1.));
#87130=AXIS2_PLACEMENT_3D('',#87100,#87110,#87120);
#87140=CIRCLE('',#87130,0.1);
#87150=CARTESIAN_POINT('',(0.,1.55,5.4));
#87160=VERTEX_POINT('',#87150);
#87170=EDGE_CURVE('',#87160,#87070,#87140,.T.);
#87180=ORIENTED_EDGE('',*,*,#87170,.T.);
#87190=CARTESIAN_POINT('',(0.,1.55,0.));
#87200=DIRECTION('',(0.,1.,0.));
#87210=DIRECTION('',(2.45058591079862E-16,0.,-1.));
#87220=AXIS2_PLACEMENT_3D('',#87190,#87200,#87210);
#87230=CIRCLE('',#87220,5.4);
#87240=EDGE_CURVE('',#87160,#86920,#87230,.T.);
#87250=ORIENTED_EDGE('',*,*,#87240,.F.);
#87260=EDGE_LOOP('',(#87250,#87180,#87090,#87050,#86960));
#87270=FACE_OUTER_BOUND('',#87260,.T.);
#87280=ADVANCED_FACE('',(#87270),#86850,.T.);
#87290=COLOUR_RGB('',0.600000023841858,0.600000023841858,
0.600000023841858);
#87300=FILL_AREA_STYLE_COLOUR('',#87290);
#87310=FILL_AREA_STYLE('',(#87300));
#87320=SURFACE_STYLE_FILL_AREA(#87310);
#87330=SURFACE_SIDE_STYLE('',(#87320));
#87340=SURFACE_STYLE_USAGE(.BOTH.,#87330);
#87350=PRESENTATION_STYLE_ASSIGNMENT((#87340));
#87360=CARTESIAN_POINT('',(-6.39094211132182E-17,1.9,
4.15438474030196E-17));
#87370=DIRECTION('',(-0.,-1.,-0.));
#87380=DIRECTION('',(-0.965575698985585,0.,0.260122220366692));
#87390=AXIS2_PLACEMENT_3D('',#87360,#87370,#87380);
#87400=TOROIDAL_SURFACE('',#87390,5.015,0.3);
#87410=CARTESIAN_POINT('',(-4.84236213041271,1.9,1.30451293513896));
#87420=DIRECTION('',(-0.260122220366692,0.,-0.965575698985586));
#87430=DIRECTION('',(-0.965575698985586,0.,0.260122220366692));
#87440=AXIS2_PLACEMENT_3D('',#87410,#87420,#87430);
#87450=CIRCLE('',#87440,0.3);
#87460=CARTESIAN_POINT('',(-4.77055964631715,1.60936235623059,
1.28516963392456));
#87470=VERTEX_POINT('',#87460);
#87480=EDGE_CURVE('',#87470,#86640,#87450,.T.);
#87490=ORIENTED_EDGE('',*,*,#87480,.T.);
#87500=EDGE_CURVE('',#85950,#87470,#86210,.T.);
#87510=ORIENTED_EDGE('',*,*,#87500,.T.);
#87520=ORIENTED_EDGE('',*,*,#86260,.T.);
#87530=CARTESIAN_POINT('',(4.84236213041271,1.9,-1.30451293513896));
#87540=DIRECTION('',(0.260122220366692,0.,0.965575698985586));
#87550=DIRECTION('',(0.965575698985586,0.,-0.260122220366692));
#87560=AXIS2_PLACEMENT_3D('',#87530,#87540,#87550);
#87570=CIRCLE('',#87560,0.3);
#87580=EDGE_CURVE('',#86230,#86660,#87570,.T.);
#87590=ORIENTED_EDGE('',*,*,#87580,.F.);
#87600=ORIENTED_EDGE('',*,*,#86690,.F.);
#87610=EDGE_LOOP('',(#87600,#87590,#87520,#87510,#87490));
#87620=FACE_OUTER_BOUND('',#87610,.T.);
#87630=ADVANCED_FACE('',(#87620),#87400,.T.);
#87640=COLOUR_RGB('',0.600000023841858,0.600000023841858,
0.600000023841858);
#87650=FILL_AREA_STYLE_COLOUR('',#87640);
#87660=FILL_AREA_STYLE('',(#87650));
#87670=SURFACE_STYLE_FILL_AREA(#87660);
#87680=SURFACE_SIDE_STYLE('',(#87670));
#87690=SURFACE_STYLE_USAGE(.BOTH.,#87680);
#87700=PRESENTATION_STYLE_ASSIGNMENT((#87690));
#87710=CARTESIAN_POINT('',(-6.39094211132182E-17,0.583981771313271,
4.15438474030196E-17));
#87720=DIRECTION('',(-0.,-1.,-0.));
#87730=DIRECTION('',(-0.965575698985586,0.,0.260122220366692));
#87740=AXIS2_PLACEMENT_3D('',#87710,#87720,#87730);
#87750=CYLINDRICAL_SURFACE('',#87740,5.495);
#87760=CARTESIAN_POINT('',(-5.30583846592579,0.583981771313271,
1.42937160091497));
#87770=DIRECTION('',(-0.,-1.,-0.));
#87780=VECTOR('',#87770,1.);
#87790=LINE('',#87760,#87780);
#87800=CARTESIAN_POINT('',(-5.30583846592579,1.55,1.42937160091497));
#87810=VERTEX_POINT('',#87800);
#87820=CARTESIAN_POINT('',(-5.30583846592579,1.48122498999197,
1.42937160091497));
#87830=VERTEX_POINT('',#87820);
#87840=EDGE_CURVE('',#87810,#87830,#87790,.T.);
#87850=ORIENTED_EDGE('',*,*,#87840,.F.);
#87860=EDGE_CURVE('',#87830,#87070,#87010,.T.);
#87870=ORIENTED_EDGE('',*,*,#87860,.F.);
#87880=ORIENTED_EDGE('',*,*,#87080,.F.);
#87890=CARTESIAN_POINT('',(5.30583846592579,0.583981771313271,
-1.42937160091497));
#87900=DIRECTION('',(-0.,-1.,-0.));
#87910=VECTOR('',#87900,1.);
#87920=LINE('',#87890,#87910);
#87930=CARTESIAN_POINT('',(5.30583846592579,1.55,-1.42937160091497));
#87940=VERTEX_POINT('',#87930);
#87950=EDGE_CURVE('',#87940,#87030,#87920,.T.);
#87960=ORIENTED_EDGE('',*,*,#87950,.T.);
#87970=CARTESIAN_POINT('',(-6.39094211132182E-17,1.55,
4.15438474030196E-17));
#87980=DIRECTION('',(-0.,-1.,0.));
#87990=DIRECTION('',(-0.965575698985586,0.,0.260122220366692));
#88000=AXIS2_PLACEMENT_3D('',#87970,#87980,#87990);
#88010=CIRCLE('',#88000,5.495);
#88020=EDGE_CURVE('',#87940,#87810,#88010,.T.);
#88030=ORIENTED_EDGE('',*,*,#88020,.F.);
#88040=EDGE_LOOP('',(#88030,#87960,#87880,#87870,#87850));
#88050=FACE_OUTER_BOUND('',#88040,.T.);
#88060=ADVANCED_FACE('',(#88050),#87750,.F.);
#88070=COLOUR_RGB('',0.600000023841858,0.600000023841858,
0.600000023841858);
#88080=FILL_AREA_STYLE_COLOUR('',#88070);
#88090=FILL_AREA_STYLE('',(#88080));
#88100=SURFACE_STYLE_FILL_AREA(#88090);
#88110=SURFACE_SIDE_STYLE('',(#88100));
#88120=SURFACE_STYLE_USAGE(.BOTH.,#88110);
#88130=PRESENTATION_STYLE_ASSIGNMENT((#88120));
#88140=CARTESIAN_POINT('',(-0.,1.55,-5.5));
#88150=DIRECTION('',(-0.,1.,-0.));
#88160=DIRECTION('',(0.,-0.,1.));
#88170=AXIS2_PLACEMENT_3D('',#88140,#88150,#88160);
#88180=PLANE('',#88170);
#88190=EDGE_CURVE('',#86920,#87160,#87230,.T.);
#88200=ORIENTED_EDGE('',*,*,#88190,.T.);
#88210=ORIENTED_EDGE('',*,*,#87240,.T.);
#88220=EDGE_LOOP('',(#88210,#88200));
#88230=FACE_OUTER_BOUND('',#88220,.T.);
#88240=ORIENTED_EDGE('',*,*,#86070,.T.);
#88250=EDGE_CURVE('',#86060,#85970,#86040,.T.);
#88260=ORIENTED_EDGE('',*,*,#88250,.T.);
#88270=EDGE_LOOP('',(#88260,#88240));
#88280=FACE_BOUND('',#88270,.T.);
#88290=ADVANCED_FACE('',(#88230,#88280),#88180,.T.);
#88300=COLOUR_RGB('',0.600000023841858,0.600000023841858,
0.600000023841858);
#88310=FILL_AREA_STYLE_COLOUR('',#88300);
#88320=FILL_AREA_STYLE('',(#88310));
#88330=SURFACE_STYLE_FILL_AREA(#88320);
#88340=SURFACE_SIDE_STYLE('',(#88330));
#88350=SURFACE_STYLE_USAGE(.BOTH.,#88340);
#88360=PRESENTATION_STYLE_ASSIGNMENT((#88350));
#88370=CARTESIAN_POINT('',(-6.39094211132182E-17,1.55,
4.15438474030196E-17));
#88380=DIRECTION('',(-0.,-1.,-0.));
#88390=DIRECTION('',(-0.965575698985585,0.,0.260122220366692));
#88400=AXIS2_PLACEMENT_3D('',#88370,#88380,#88390);
#88410=TOROIDAL_SURFACE('',#88400,5.395,0.1);
#88420=CARTESIAN_POINT('',(5.20928089602723,1.55,-1.4033593788783));
#88430=DIRECTION('',(0.260122220366692,0.,0.965575698985586));
#88440=DIRECTION('',(0.965575698985586,0.,-0.260122220366692));
#88450=AXIS2_PLACEMENT_3D('',#88420,#88430,#88440);
#88460=CIRCLE('',#88450,0.1);
#88470=EDGE_CURVE('',#87940,#86490,#88460,.T.);
#88480=ORIENTED_EDGE('',*,*,#88470,.F.);
#88490=ORIENTED_EDGE('',*,*,#86520,.F.);
#88500=CARTESIAN_POINT('',(-5.20928089602723,1.55,1.4033593788783));
#88510=DIRECTION('',(-0.260122220366692,0.,-0.965575698985586));
#88520=DIRECTION('',(-0.965575698985586,0.,0.260122220366692));
#88530=AXIS2_PLACEMENT_3D('',#88500,#88510,#88520);
#88540=CIRCLE('',#88530,0.1);
#88550=EDGE_CURVE('',#87810,#86510,#88540,.T.);
#88560=ORIENTED_EDGE('',*,*,#88550,.T.);
#88570=ORIENTED_EDGE('',*,*,#88020,.T.);
#88580=EDGE_LOOP('',(#88570,#88560,#88490,#88480));
#88590=FACE_OUTER_BOUND('',#88580,.T.);
#88600=ADVANCED_FACE('',(#88590),#88410,.F.);
#88610=COLOUR_RGB('',0.600000023841858,0.600000023841858,
0.600000023841858);
#88620=FILL_AREA_STYLE_COLOUR('',#88610);
#88630=FILL_AREA_STYLE('',(#88620));
#88640=SURFACE_STYLE_FILL_AREA(#88630);
#88650=SURFACE_SIDE_STYLE('',(#88640));
#88660=SURFACE_STYLE_USAGE(.BOTH.,#88650);
#88670=PRESENTATION_STYLE_ASSIGNMENT((#88660));
#88680=CARTESIAN_POINT('',(0.,5.55000000000001,0.));
#88690=DIRECTION('',(0.,-1.,0.));
#88700=DIRECTION('',(0.,0.,-1.));
#88710=AXIS2_PLACEMENT_3D('',#88680,#88690,#88700);
#88720=CONICAL_SURFACE('',#88710,1.,0.785398163397447);
#88730=ORIENTED_EDGE('',*,*,#85980,.T.);
#88740=ORIENTED_EDGE('',*,*,#87500,.F.);
#88750=EDGE_CURVE('',#87470,#86140,#86210,.T.);
#88760=ORIENTED_EDGE('',*,*,#88750,.F.);
#88770=ORIENTED_EDGE('',*,*,#86150,.F.);
#88780=ORIENTED_EDGE('',*,*,#88250,.F.);
#88790=EDGE_LOOP('',(#88780,#88770,#88760,#88740,#88730));
#88800=FACE_OUTER_BOUND('',#88790,.T.);
#88810=ADVANCED_FACE('',(#88800),#88720,.T.);
#88820=COLOUR_RGB('',0.600000023841858,0.600000023841858,
0.600000023841858);
#88830=FILL_AREA_STYLE_COLOUR('',#88820);
#88840=FILL_AREA_STYLE('',(#88830));
#88850=SURFACE_STYLE_FILL_AREA(#88840);
#88860=SURFACE_SIDE_STYLE('',(#88850));
#88870=SURFACE_STYLE_USAGE(.BOTH.,#88860);
#88880=PRESENTATION_STYLE_ASSIGNMENT((#88870));
#88890=CARTESIAN_POINT('',(-6.39094211132182E-17,0.583981771313271,
4.15438474030196E-17));
#88900=DIRECTION('',(-0.,-1.,-0.));
#88910=DIRECTION('',(-0.965575698985586,0.,0.260122220366692));
#88920=AXIS2_PLACEMENT_3D('',#88890,#88900,#88910);
#88930=CYLINDRICAL_SURFACE('',#88920,5.495);
#88940=EDGE_CURVE('',#87810,#87940,#88010,.T.);
#88950=ORIENTED_EDGE('',*,*,#88940,.F.);
#88960=ORIENTED_EDGE('',*,*,#87950,.F.);
#88970=ORIENTED_EDGE('',*,*,#87040,.F.);
#88980=EDGE_CURVE('',#86940,#87830,#87010,.T.);
#88990=ORIENTED_EDGE('',*,*,#88980,.F.);
#89000=ORIENTED_EDGE('',*,*,#87840,.T.);
#89010=EDGE_LOOP('',(#89000,#88990,#88970,#88960,#88950));
#89020=FACE_OUTER_BOUND('',#89010,.T.);
#89030=ADVANCED_FACE('',(#89020),#88930,.F.);
#89040=COLOUR_RGB('',0.600000023841858,0.600000023841858,
0.600000023841858);
#89050=FILL_AREA_STYLE_COLOUR('',#89040);
#89060=FILL_AREA_STYLE('',(#89050));
#89070=SURFACE_STYLE_FILL_AREA(#89060);
#89080=SURFACE_SIDE_STYLE('',(#89070));
#89090=SURFACE_STYLE_USAGE(.BOTH.,#89080);
#89100=PRESENTATION_STYLE_ASSIGNMENT((#89090));
#89110=CARTESIAN_POINT('',(-6.39094211132182E-17,1.55,
4.15438474030196E-17));
#89120=DIRECTION('',(-0.,-1.,-0.));
#89130=DIRECTION('',(-0.965575698985585,0.,0.260122220366692));
#89140=AXIS2_PLACEMENT_3D('',#89110,#89120,#89130);
#89150=TOROIDAL_SURFACE('',#89140,5.395,0.1);
#89160=ORIENTED_EDGE('',*,*,#88470,.T.);
#89170=ORIENTED_EDGE('',*,*,#88940,.T.);
#89180=ORIENTED_EDGE('',*,*,#88550,.F.);
#89190=ORIENTED_EDGE('',*,*,#86540,.F.);
#89200=EDGE_LOOP('',(#89190,#89180,#89170,#89160));
#89210=FACE_OUTER_BOUND('',#89200,.T.);
#89220=ADVANCED_FACE('',(#89210),#89150,.F.);
#89230=COLOUR_RGB('',0.600000023841858,0.600000023841858,
0.600000023841858);
#89240=FILL_AREA_STYLE_COLOUR('',#89230);
#89250=FILL_AREA_STYLE('',(#89240));
#89260=SURFACE_STYLE_FILL_AREA(#89250);
#89270=SURFACE_SIDE_STYLE('',(#89260));
#89280=SURFACE_STYLE_USAGE(.BOTH.,#89270);
#89290=PRESENTATION_STYLE_ASSIGNMENT((#89280));
#89300=CARTESIAN_POINT('',(-0.,1.45,-0.));
#89310=DIRECTION('',(-0.,1.,-0.));
#89320=DIRECTION('',(0.,0.,1.));
#89330=AXIS2_PLACEMENT_3D('',#89300,#89310,#89320);
#89340=TOROIDAL_SURFACE('',#89330,5.4,0.1);
#89350=ORIENTED_EDGE('',*,*,#88980,.T.);
#89360=ORIENTED_EDGE('',*,*,#86950,.T.);
#89370=ORIENTED_EDGE('',*,*,#88190,.F.);
#89380=ORIENTED_EDGE('',*,*,#87170,.F.);
#89390=ORIENTED_EDGE('',*,*,#87860,.T.);
#89400=EDGE_LOOP('',(#89390,#89380,#89370,#89360,#89350));
#89410=FACE_OUTER_BOUND('',#89400,.T.);
#89420=ADVANCED_FACE('',(#89410),#89340,.T.);
#89430=COLOUR_RGB('',0.600000023841858,0.600000023841858,
0.600000023841858);
#89440=FILL_AREA_STYLE_COLOUR('',#89430);
#89450=FILL_AREA_STYLE('',(#89440));
#89460=SURFACE_STYLE_FILL_AREA(#89450);
#89470=SURFACE_SIDE_STYLE('',(#89460));
#89480=SURFACE_STYLE_USAGE(.BOTH.,#89470);
#89490=PRESENTATION_STYLE_ASSIGNMENT((#89480));
#89500=CARTESIAN_POINT('',(-6.39094211132182E-17,1.9,
4.15438474030196E-17));
#89510=DIRECTION('',(-0.,-1.,-0.));
#89520=DIRECTION('',(-0.965575698985585,0.,0.260122220366692));
#89530=AXIS2_PLACEMENT_3D('',#89500,#89510,#89520);
#89540=TOROIDAL_SURFACE('',#89530,5.015,0.3);
#89550=ORIENTED_EDGE('',*,*,#86670,.F.);
#89560=ORIENTED_EDGE('',*,*,#87580,.T.);
#89570=ORIENTED_EDGE('',*,*,#86240,.T.);
#89580=ORIENTED_EDGE('',*,*,#88750,.T.);
#89590=ORIENTED_EDGE('',*,*,#87480,.F.);
#89600=EDGE_LOOP('',(#89590,#89580,#89570,#89560,#89550));
#89610=FACE_OUTER_BOUND('',#89600,.T.);
#89620=ADVANCED_FACE('',(#89610),#89540,.T.);
#89630=COLOUR_RGB('',0.600000023841858,0.600000023841858,
0.600000023841858);
#89640=FILL_AREA_STYLE_COLOUR('',#89630);
#89650=FILL_AREA_STYLE('',(#89640));
#89660=SURFACE_STYLE_FILL_AREA(#89650);
#89670=SURFACE_SIDE_STYLE('',(#89660));
#89680=SURFACE_STYLE_USAGE(.BOTH.,#89670);
#89690=PRESENTATION_STYLE_ASSIGNMENT((#89680));
#89700=CLOSED_SHELL('',(#86300,#86730,#87280,#87630,#88060,#88290,#88600
,#88810,#89030,#89220,#89420,#89620));
#89710=ORIENTED_CLOSED_SHELL('',*,#89700,.T.);
#89720=CARTESIAN_POINT('',(2.94902990916057E-14,0.399999999999999,-318.5
));
#89730=DIRECTION('',(-0.,1.,-0.));
#89740=DIRECTION('',(1.,0.,1.22464679914735E-16));
#89750=AXIS2_PLACEMENT_3D('',#89720,#89730,#89740);
#89760=PLANE('',#89750);
#89770=CARTESIAN_POINT('',(3.84999999999999,0.399999999999999,
0.950000000000003));
#89780=DIRECTION('',(0.,-1.,0.));
#89790=DIRECTION('',(-9.46420719571947E-11,0.,1.));
#89800=AXIS2_PLACEMENT_3D('',#89770,#89780,#89790);
#89810=CIRCLE('',#89800,0.200000000000003);
#89820=CARTESIAN_POINT('',(3.84999999999999,0.399999999999999,
1.15000000000001));
#89830=VERTEX_POINT('',#89820);
#89840=CARTESIAN_POINT('',(3.7,0.399999999999999,1.08228756555325));
#89850=VERTEX_POINT('',#89840);
#89860=EDGE_CURVE('',#89830,#89850,#89810,.T.);
#89870=ORIENTED_EDGE('',*,*,#89860,.T.);
#89880=CARTESIAN_POINT('',(3.7,0.399999999999999,1.14999999999861));
#89890=DIRECTION('',(1.,0.,0.));
#89900=VECTOR('',#89890,1.);
#89910=LINE('',#89880,#89900);
#89920=CARTESIAN_POINT('',(3.7,0.399999999999999,1.14999999999861));
#89930=VERTEX_POINT('',#89920);
#89940=EDGE_CURVE('',#89930,#89830,#89910,.T.);
#89950=ORIENTED_EDGE('',*,*,#89940,.T.);
#89960=CARTESIAN_POINT('',(3.7,0.399999999999999,1.14999999999861));
#89970=DIRECTION('',(0.,0.,-1.));
#89980=VECTOR('',#89970,1.);
#89990=LINE('',#89960,#89980);
#90000=EDGE_CURVE('',#89930,#89850,#89990,.T.);
#90010=ORIENTED_EDGE('',*,*,#90000,.F.);
#90020=EDGE_LOOP('',(#90010,#89950,#89870));
#90030=FACE_OUTER_BOUND('',#90020,.T.);
#90040=ADVANCED_FACE('',(#90030),#89760,.T.);
#90050=COLOUR_RGB('',0.600000023841858,0.600000023841858,
0.600000023841858);
#90060=FILL_AREA_STYLE_COLOUR('',#90050);
#90070=FILL_AREA_STYLE('',(#90060));
#90080=SURFACE_STYLE_FILL_AREA(#90070);
#90090=SURFACE_SIDE_STYLE('',(#90080));
#90100=SURFACE_STYLE_USAGE(.BOTH.,#90090);
#90110=PRESENTATION_STYLE_ASSIGNMENT((#90100));
#90120=CARTESIAN_POINT('',(2.94902990916057E-14,0.65,-318.5));
#90130=DIRECTION('',(-0.,1.,-0.));
#90140=DIRECTION('',(1.,0.,1.22464679914735E-16));
#90150=AXIS2_PLACEMENT_3D('',#90120,#90130,#90140);
#90160=PLANE('',#90150);
#90170=CARTESIAN_POINT('',(3.84999999999999,0.65,0.950000000000003));
#90180=DIRECTION('',(0.,1.,0.));
#90190=DIRECTION('',(-0.750000000000054,0.,0.661437827766086));
#90200=AXIS2_PLACEMENT_3D('',#90170,#90180,#90190);
#90210=CIRCLE('',#90200,0.200000000000003);
#90220=CARTESIAN_POINT('',(3.7,0.65,1.0822875655532));
#90230=VERTEX_POINT('',#90220);
#90240=CARTESIAN_POINT('',(3.84999999999276,0.65,1.15000000000003));
#90250=VERTEX_POINT('',#90240);
#90260=EDGE_CURVE('',#90230,#90250,#90210,.T.);
#90270=ORIENTED_EDGE('',*,*,#90260,.T.);
#90280=CARTESIAN_POINT('',(3.7,0.65,1.14999999999861));
#90290=DIRECTION('',(0.,0.,-1.));
#90300=VECTOR('',#90290,1.);
#90310=LINE('',#90280,#90300);
#90320=CARTESIAN_POINT('',(3.7,0.65,1.14999999999861));
#90330=VERTEX_POINT('',#90320);
#90340=EDGE_CURVE('',#90330,#90230,#90310,.T.);
#90350=ORIENTED_EDGE('',*,*,#90340,.T.);
#90360=CARTESIAN_POINT('',(3.7,0.65,1.14999999999861));
#90370=DIRECTION('',(1.,0.,0.));
#90380=VECTOR('',#90370,1.);
#90390=LINE('',#90360,#90380);
#90400=EDGE_CURVE('',#90330,#90250,#90390,.T.);
#90410=ORIENTED_EDGE('',*,*,#90400,.F.);
#90420=EDGE_LOOP('',(#90410,#90350,#90270));
#90430=FACE_OUTER_BOUND('',#90420,.T.);
#90440=ADVANCED_FACE('',(#90430),#90160,.F.);
#90450=COLOUR_RGB('',0.600000023841858,0.600000023841858,
0.600000023841858);
#90460=FILL_AREA_STYLE_COLOUR('',#90450);
#90470=FILL_AREA_STYLE('',(#90460));
#90480=SURFACE_STYLE_FILL_AREA(#90470);
#90490=SURFACE_SIDE_STYLE('',(#90480));
#90500=SURFACE_STYLE_USAGE(.BOTH.,#90490);
#90510=PRESENTATION_STYLE_ASSIGNMENT((#90500));
#90520=CARTESIAN_POINT('',(3.84999999999999,0.65,0.950000000000003));
#90530=DIRECTION('',(-0.,1.,-0.));
#90540=DIRECTION('',(1.,0.,0.));
#90550=AXIS2_PLACEMENT_3D('',#90520,#90530,#90540);
#90560=CYLINDRICAL_SURFACE('',#90550,0.200000000000003);
#90570=ORIENTED_EDGE('',*,*,#89860,.F.);
#90580=CARTESIAN_POINT('',(3.7,0.65,1.08228756555325));
#90590=DIRECTION('',(0.,-1.,0.));
#90600=VECTOR('',#90590,1.);
#90610=LINE('',#90580,#90600);
#90620=EDGE_CURVE('',#90230,#89850,#90610,.T.);
#90630=ORIENTED_EDGE('',*,*,#90620,.T.);
#90640=ORIENTED_EDGE('',*,*,#90260,.F.);
#90650=CARTESIAN_POINT('',(3.84999999999999,0.399999999999999,
1.15000000000001));
#90660=DIRECTION('',(0.,1.,0.));
#90670=VECTOR('',#90660,1.);
#90680=LINE('',#90650,#90670);
#90690=EDGE_CURVE('',#89830,#90250,#90680,.T.);
#90700=ORIENTED_EDGE('',*,*,#90690,.T.);
#90710=EDGE_LOOP('',(#90700,#90640,#90630,#90570));
#90720=FACE_OUTER_BOUND('',#90710,.T.);
#90730=ADVANCED_FACE('',(#90720),#90560,.T.);
#90740=COLOUR_RGB('',0.600000023841858,0.600000023841858,
0.600000023841858);
#90750=FILL_AREA_STYLE_COLOUR('',#90740);
#90760=FILL_AREA_STYLE('',(#90750));
#90770=SURFACE_STYLE_FILL_AREA(#90760);
#90780=SURFACE_SIDE_STYLE('',(#90770));
#90790=SURFACE_STYLE_USAGE(.BOTH.,#90780);
#90800=PRESENTATION_STYLE_ASSIGNMENT((#90790));
#90810=CARTESIAN_POINT('',(3.7,-1.99657082647116,-3.00430699241645));
#90820=DIRECTION('',(-1.,-1.9673981657241E-34,1.4073794347601E-16));
#90830=DIRECTION('',(1.4073794347601E-16,-2.94648481515741E-20,1.));
#90840=AXIS2_PLACEMENT_3D('',#90810,#90820,#90830);
#90850=PLANE('',#90840);
#90860=ORIENTED_EDGE('',*,*,#90340,.F.);
#90870=ORIENTED_EDGE('',*,*,#90620,.F.);
#90880=ORIENTED_EDGE('',*,*,#90000,.T.);
#90890=CARTESIAN_POINT('',(3.7,0.65,1.14999999999861));
#90900=DIRECTION('',(0.,-1.,0.));
#90910=VECTOR('',#90900,1.);
#90920=LINE('',#90890,#90910);
#90930=EDGE_CURVE('',#90330,#89930,#90920,.T.);
#90940=ORIENTED_EDGE('',*,*,#90930,.T.);
#90950=EDGE_LOOP('',(#90940,#90880,#90870,#90860));
#90960=FACE_OUTER_BOUND('',#90950,.T.);
#90970=ADVANCED_FACE('',(#90960),#90850,.F.);
#90980=COLOUR_RGB('',0.600000023841858,0.600000023841858,
0.600000023841858);
#90990=FILL_AREA_STYLE_COLOUR('',#90980);
#91000=FILL_AREA_STYLE('',(#90990));
#91010=SURFACE_STYLE_FILL_AREA(#91000);
#91020=SURFACE_SIDE_STYLE('',(#91010));
#91030=SURFACE_STYLE_USAGE(.BOTH.,#91020);
#91040=PRESENTATION_STYLE_ASSIGNMENT((#91030));
#91050=CARTESIAN_POINT('',(3.69999999999985,3.05725881205135,
1.14999999999861));
#91060=DIRECTION('',(-0.,-0.,-1.));
#91070=DIRECTION('',(-1.,0.,0.));
#91080=AXIS2_PLACEMENT_3D('',#91050,#91060,#91070);
#91090=PLANE('',#91080);
#91100=ORIENTED_EDGE('',*,*,#90400,.T.);
#91110=ORIENTED_EDGE('',*,*,#90930,.F.);
#91120=ORIENTED_EDGE('',*,*,#89940,.F.);
#91130=ORIENTED_EDGE('',*,*,#90690,.F.);
#91140=EDGE_LOOP('',(#91130,#91120,#91110,#91100));
#91150=FACE_OUTER_BOUND('',#91140,.T.);
#91160=ADVANCED_FACE('',(#91150),#91090,.T.);
#91170=COLOUR_RGB('',0.600000023841858,0.600000023841858,
0.600000023841858);
#91180=FILL_AREA_STYLE_COLOUR('',#91170);
#91190=FILL_AREA_STYLE('',(#91180));
#91200=SURFACE_STYLE_FILL_AREA(#91190);
#91210=SURFACE_SIDE_STYLE('',(#91200));
#91220=SURFACE_STYLE_USAGE(.BOTH.,#91210);
#91230=PRESENTATION_STYLE_ASSIGNMENT((#91220));
#91240=CLOSED_SHELL('',(#90040,#90440,#90730,#90970,#91160));
#91250=ORIENTED_CLOSED_SHELL('',*,#91240,.T.);
#91260=CARTESIAN_POINT('',(-2.92,-5.88759129955369,-2.58));
#91270=DIRECTION('',(-0.,-0.,1.));
#91280=DIRECTION('',(1.,0.,-0.));
#91290=AXIS2_PLACEMENT_3D('',#91260,#91270,#91280);
#91300=PLANE('',#91290);
#91310=CARTESIAN_POINT('',(-1.05655099261701,0.789999999999998,-2.58));
#91320=DIRECTION('',(0.,-1.,0.));
#91330=VECTOR('',#91320,1.);
#91340=LINE('',#91310,#91330);
#91350=CARTESIAN_POINT('',(-1.05655099261701,0.789999999999998,-2.58));
#91360=VERTEX_POINT('',#91350);
#91370=CARTESIAN_POINT('',(-1.05655099261701,0.649999999999999,-2.58));
#91380=VERTEX_POINT('',#91370);
#91390=EDGE_CURVE('',#91360,#91380,#91340,.T.);
#91400=ORIENTED_EDGE('',*,*,#91390,.F.);
#91410=CARTESIAN_POINT('',(-1.67308846149868,0.649999999999999,-2.58));
#91420=DIRECTION('',(1.,0.,0.));
#91430=VECTOR('',#91420,1.);
#91440=LINE('',#91410,#91430);
#91450=CARTESIAN_POINT('',(-1.67308846149868,0.649999999999999,-2.58));
#91460=VERTEX_POINT('',#91450);
#91470=EDGE_CURVE('',#91460,#91380,#91440,.T.);
#91480=ORIENTED_EDGE('',*,*,#91470,.T.);
#91490=CARTESIAN_POINT('',(-1.67308846149868,0.649999999999999,-2.58));
#91500=DIRECTION('',(0.,1.,0.));
#91510=VECTOR('',#91500,1.);
#91520=LINE('',#91490,#91510);
#91530=CARTESIAN_POINT('',(-1.67308846149867,0.789999999999998,-2.58));
#91540=VERTEX_POINT('',#91530);
#91550=EDGE_CURVE('',#91460,#91540,#91520,.T.);
#91560=ORIENTED_EDGE('',*,*,#91550,.F.);
#91570=CARTESIAN_POINT('',(-1.05655099261701,0.789999999999998,-2.58));
#91580=DIRECTION('',(-1.,0.,0.));
#91590=VECTOR('',#91580,1.);
#91600=LINE('',#91570,#91590);
#91610=EDGE_CURVE('',#91360,#91540,#91600,.T.);
#91620=ORIENTED_EDGE('',*,*,#91610,.T.);
#91630=EDGE_LOOP('',(#91620,#91560,#91480,#91400));
#91640=FACE_OUTER_BOUND('',#91630,.T.);
#91650=ADVANCED_FACE('',(#91640),#91300,.T.);
#91660=COLOUR_RGB('',0.600000023841858,0.600000023841858,
0.600000023841858);
#91670=FILL_AREA_STYLE_COLOUR('',#91660);
#91680=FILL_AREA_STYLE('',(#91670));
#91690=SURFACE_STYLE_FILL_AREA(#91680);
#91700=SURFACE_SIDE_STYLE('',(#91690));
#91710=SURFACE_STYLE_USAGE(.BOTH.,#91700);
#91720=PRESENTATION_STYLE_ASSIGNMENT((#91710));
#91730=CARTESIAN_POINT('',(1.75,-3.24979486640003,-2.14));
#91740=DIRECTION('',(1.,-0.,1.26070020056454E-16));
#91750=DIRECTION('',(1.26070020056454E-16,0.,-1.));
#91760=AXIS2_PLACEMENT_3D('',#91730,#91740,#91750);
#91770=PLANE('',#91760);
#91780=CARTESIAN_POINT('',(1.75,0.649999999999999,-0.42));
#91790=DIRECTION('',(0.,1.,0.));
#91800=VECTOR('',#91790,1.);
#91810=LINE('',#91780,#91800);
#91820=CARTESIAN_POINT('',(1.75,0.649999999999999,-0.42));
#91830=VERTEX_POINT('',#91820);
#91840=CARTESIAN_POINT('',(1.75,0.789999999999998,-0.42));
#91850=VERTEX_POINT('',#91840);
#91860=EDGE_CURVE('',#91830,#91850,#91810,.T.);
#91870=ORIENTED_EDGE('',*,*,#91860,.T.);
#91880=CARTESIAN_POINT('',(1.75,0.649999999999999,-0.749999999999999));
#91890=DIRECTION('',(0.,0.,1.));
#91900=VECTOR('',#91890,1.);
#91910=LINE('',#91880,#91900);
#91920=CARTESIAN_POINT('',(1.75,0.649999999999999,-0.749999999999998));
#91930=VERTEX_POINT('',#91920);
#91940=EDGE_CURVE('',#91930,#91830,#91910,.T.);
#91950=ORIENTED_EDGE('',*,*,#91940,.T.);
#91960=CARTESIAN_POINT('',(1.75,0.789999999999998,-0.749999999999999));
#91970=DIRECTION('',(0.,-1.,0.));
#91980=VECTOR('',#91970,1.);
#91990=LINE('',#91960,#91980);
#92000=CARTESIAN_POINT('',(1.75,0.789999999999998,-0.749999999999999));
#92010=VERTEX_POINT('',#92000);
#92020=EDGE_CURVE('',#92010,#91930,#91990,.T.);
#92030=ORIENTED_EDGE('',*,*,#92020,.T.);
#92040=CARTESIAN_POINT('',(1.75,0.789999999999998,-0.750000000000003));
#92050=DIRECTION('',(0.,0.,1.));
#92060=VECTOR('',#92050,1.);
#92070=LINE('',#92040,#92060);
#92080=EDGE_CURVE('',#92010,#91850,#92070,.T.);
#92090=ORIENTED_EDGE('',*,*,#92080,.F.);
#92100=EDGE_LOOP('',(#92090,#92030,#91950,#91870));
#92110=FACE_OUTER_BOUND('',#92100,.T.);
#92120=ADVANCED_FACE('',(#92110),#91770,.F.);
#92130=COLOUR_RGB('',0.600000023841858,0.600000023841858,
0.600000023841858);
#92140=FILL_AREA_STYLE_COLOUR('',#92130);
#92150=FILL_AREA_STYLE('',(#92140));
#92160=SURFACE_STYLE_FILL_AREA(#92150);
#92170=SURFACE_SIDE_STYLE('',(#92160));
#92180=SURFACE_STYLE_USAGE(.BOTH.,#92170);
#92190=PRESENTATION_STYLE_ASSIGNMENT((#92180));
#92200=CARTESIAN_POINT('',(2.23,0.999999999999999,-1.23));
#92210=DIRECTION('',(0.707106781186549,-0.,0.707106781186546));
#92220=DIRECTION('',(0.,1.,0.));
#92230=AXIS2_PLACEMENT_3D('',#92200,#92210,#92220);
#92240=PLANE('',#92230);
#92250=CARTESIAN_POINT('',(2.23,0.649999999999999,-1.23));
#92260=DIRECTION('',(0.,1.,0.));
#92270=VECTOR('',#92260,1.);
#92280=LINE('',#92250,#92270);
#92290=CARTESIAN_POINT('',(2.23,0.649999999999999,-1.23));
#92300=VERTEX_POINT('',#92290);
#92310=CARTESIAN_POINT('',(2.23,0.789999999999998,-1.23));
#92320=VERTEX_POINT('',#92310);
#92330=EDGE_CURVE('',#92300,#92320,#92280,.T.);
#92340=ORIENTED_EDGE('',*,*,#92330,.F.);
#92350=CARTESIAN_POINT('',(2.23,0.789999999999998,-1.23));
#92360=DIRECTION('',(-0.707106781186546,0.,0.707106781186549));
#92370=VECTOR('',#92360,1.);
#92380=LINE('',#92350,#92370);
#92390=EDGE_CURVE('',#92320,#92010,#92380,.T.);
#92400=ORIENTED_EDGE('',*,*,#92390,.F.);
#92410=ORIENTED_EDGE('',*,*,#92020,.F.);
#92420=CARTESIAN_POINT('',(1.75,0.649999999999999,-0.750000000000003));
#92430=DIRECTION('',(0.707106781186546,0.,-0.707106781186549));
#92440=VECTOR('',#92430,1.);
#92450=LINE('',#92420,#92440);
#92460=EDGE_CURVE('',#91930,#92300,#92450,.T.);
#92470=ORIENTED_EDGE('',*,*,#92460,.F.);
#92480=EDGE_LOOP('',(#92470,#92410,#92400,#92340));
#92490=FACE_OUTER_BOUND('',#92480,.T.);
#92500=ADVANCED_FACE('',(#92490),#92240,.F.);
#92510=COLOUR_RGB('',0.600000023841858,0.600000023841858,
0.600000023841858);
#92520=FILL_AREA_STYLE_COLOUR('',#92510);
#92530=FILL_AREA_STYLE('',(#92520));
#92540=SURFACE_STYLE_FILL_AREA(#92530);
#92550=SURFACE_SIDE_STYLE('',(#92540));
#92560=SURFACE_STYLE_USAGE(.BOTH.,#92550);
#92570=PRESENTATION_STYLE_ASSIGNMENT((#92560));
#92580=CARTESIAN_POINT('',(-0.,6.27331887921531,-0.));
#92590=DIRECTION('',(-0.,-1.,-0.));
#92600=DIRECTION('',(0.,0.,-1.));
#92610=AXIS2_PLACEMENT_3D('',#92580,#92590,#92600);
#92620=CYLINDRICAL_SURFACE('',#92610,3.075);
#92630=ORIENTED_EDGE('',*,*,#91550,.T.);
#92640=CARTESIAN_POINT('',(0.,0.649999999999999,0.));
#92650=DIRECTION('',(0.,1.,0.));
#92660=DIRECTION('',(-0.544093808617455,0.,-0.839024390243902));
#92670=AXIS2_PLACEMENT_3D('',#92640,#92650,#92660);
#92680=CIRCLE('',#92670,3.075);
#92690=CARTESIAN_POINT('',(-2.81828405239784,0.649999999999999,-1.23));
#92700=VERTEX_POINT('',#92690);
#92710=EDGE_CURVE('',#91460,#92700,#92680,.T.);
#92720=ORIENTED_EDGE('',*,*,#92710,.F.);
#92730=CARTESIAN_POINT('',(-2.81828405239784,0.789999999999998,-1.23));
#92740=DIRECTION('',(0.,-1.,0.));
#92750=VECTOR('',#92740,1.);
#92760=LINE('',#92730,#92750);
#92770=CARTESIAN_POINT('',(-2.81828405239784,0.789999999999998,-1.23));
#92780=VERTEX_POINT('',#92770);
#92790=EDGE_CURVE('',#92780,#92700,#92760,.T.);
#92800=ORIENTED_EDGE('',*,*,#92790,.T.);
#92810=CARTESIAN_POINT('',(0.,0.789999999999998,0.));
#92820=DIRECTION('',(0.,-1.,-0.));
#92830=DIRECTION('',(-0.916515138991168,0.,-0.4));
#92840=AXIS2_PLACEMENT_3D('',#92810,#92820,#92830);
#92850=CIRCLE('',#92840,3.075);
#92860=EDGE_CURVE('',#92780,#91540,#92850,.T.);
#92870=ORIENTED_EDGE('',*,*,#92860,.F.);
#92880=EDGE_LOOP('',(#92870,#92800,#92720,#92630));
#92890=FACE_OUTER_BOUND('',#92880,.T.);
#92900=ADVANCED_FACE('',(#92890),#92620,.F.);
#92910=COLOUR_RGB('',0.600000023841858,0.600000023841858,
0.600000023841858);
#92920=FILL_AREA_STYLE_COLOUR('',#92910);
#92930=FILL_AREA_STYLE('',(#92920));
#92940=SURFACE_STYLE_FILL_AREA(#92930);
#92950=SURFACE_SIDE_STYLE('',(#92940));
#92960=SURFACE_STYLE_USAGE(.BOTH.,#92950);
#92970=PRESENTATION_STYLE_ASSIGNMENT((#92960));
#92980=CARTESIAN_POINT('',(-3.12,-1.38806280570546,-1.23));
#92990=DIRECTION('',(1.52704531335986E-16,-0.,-1.));
#93000=DIRECTION('',(-1.,0.,-1.52704531335986E-16));
#93010=AXIS2_PLACEMENT_3D('',#92980,#92990,#93000);
#93020=PLANE('',#93010);
#93030=ORIENTED_EDGE('',*,*,#92790,.F.);
#93040=CARTESIAN_POINT('',(-2.18,0.649999999999999,-1.23));
#93050=DIRECTION('',(-1.,0.,-3.47877413027753E-16));
#93060=VECTOR('',#93050,1.);
#93070=LINE('',#93040,#93060);
#93080=CARTESIAN_POINT('',(-2.18,0.649999999999999,-1.23));
#93090=VERTEX_POINT('',#93080);
#93100=EDGE_CURVE('',#93090,#92700,#93070,.T.);
#93110=ORIENTED_EDGE('',*,*,#93100,.T.);
#93120=CARTESIAN_POINT('',(-2.18,0.789999999999998,-1.23));
#93130=DIRECTION('',(0.,-1.,0.));
#93140=VECTOR('',#93130,1.);
#93150=LINE('',#93120,#93140);
#93160=CARTESIAN_POINT('',(-2.18,0.789999999999998,-1.23));
#93170=VERTEX_POINT('',#93160);
#93180=EDGE_CURVE('',#93170,#93090,#93150,.T.);
#93190=ORIENTED_EDGE('',*,*,#93180,.T.);
#93200=CARTESIAN_POINT('',(-2.81828405239784,0.789999999999998,-1.23));
#93210=DIRECTION('',(1.,0.,3.47877413027753E-16));
#93220=VECTOR('',#93210,1.);
#93230=LINE('',#93200,#93220);
#93240=EDGE_CURVE('',#92780,#93170,#93230,.T.);
#93250=ORIENTED_EDGE('',*,*,#93240,.T.);
#93260=EDGE_LOOP('',(#93250,#93190,#93110,#93030));
#93270=FACE_OUTER_BOUND('',#93260,.T.);
#93280=ADVANCED_FACE('',(#93270),#93020,.T.);
#93290=COLOUR_RGB('',0.600000023841858,0.600000023841858,
0.600000023841858);
#93300=FILL_AREA_STYLE_COLOUR('',#93290);
#93310=FILL_AREA_STYLE('',(#93300));
#93320=SURFACE_STYLE_FILL_AREA(#93310);
#93330=SURFACE_SIDE_STYLE('',(#93320));
#93340=SURFACE_STYLE_USAGE(.BOTH.,#93330);
#93350=PRESENTATION_STYLE_ASSIGNMENT((#93340));
#93360=CARTESIAN_POINT('',(9.88098491916389E-15,0.789999999999998,
4.30822579300383E-6));
#93370=DIRECTION('',(-0.,-1.,-0.));
#93380=DIRECTION('',(1.,0.,0.));
#93390=AXIS2_PLACEMENT_3D('',#93360,#93370,#93380);
#93400=PLANE('',#93390);
#93410=CARTESIAN_POINT('',(-1.7,0.789999999999998,-0.750000000000001));
#93420=DIRECTION('',(-0.707106781186549,0.,-0.707106781186546));
#93430=VECTOR('',#93420,1.);
#93440=LINE('',#93410,#93430);
#93450=CARTESIAN_POINT('',(-1.7,0.789999999999998,-0.750000000000001));
#93460=VERTEX_POINT('',#93450);
#93470=EDGE_CURVE('',#93460,#93170,#93440,.T.);
#93480=ORIENTED_EDGE('',*,*,#93470,.T.);
#93490=CARTESIAN_POINT('',(-1.7,0.789999999999998,-0.750000000000001));
#93500=DIRECTION('',(6.72862439166759E-16,0.,1.));
#93510=VECTOR('',#93500,1.);
#93520=LINE('',#93490,#93510);
#93530=CARTESIAN_POINT('',(-1.7,0.789999999999998,-0.42));
#93540=VERTEX_POINT('',#93530);
#93550=EDGE_CURVE('',#93460,#93540,#93520,.T.);
#93560=ORIENTED_EDGE('',*,*,#93550,.F.);
#93570=CARTESIAN_POINT('',(1.75,0.789999999999998,-0.42));
#93580=DIRECTION('',(-1.,0.,0.));
#93590=VECTOR('',#93580,1.);
#93600=LINE('',#93570,#93590);
#93610=EDGE_CURVE('',#91850,#93540,#93600,.T.);
#93620=ORIENTED_EDGE('',*,*,#93610,.T.);
#93630=ORIENTED_EDGE('',*,*,#92080,.T.);
#93640=ORIENTED_EDGE('',*,*,#92390,.T.);
#93650=CARTESIAN_POINT('',(2.81828405239784,0.789999999999998,-1.23));
#93660=DIRECTION('',(-1.,0.,0.));
#93670=VECTOR('',#93660,1.);
#93680=LINE('',#93650,#93670);
#93690=CARTESIAN_POINT('',(2.81828405239784,0.789999999999998,-1.23));
#93700=VERTEX_POINT('',#93690);
#93710=EDGE_CURVE('',#93700,#92320,#93680,.T.);
#93720=ORIENTED_EDGE('',*,*,#93710,.T.);
#93730=CARTESIAN_POINT('',(0.,0.789999999999998,0.));
#93740=DIRECTION('',(0.,-1.,-0.));
#93750=DIRECTION('',(0.544093808617455,0.,-0.839024390243902));
#93760=AXIS2_PLACEMENT_3D('',#93730,#93740,#93750);
#93770=CIRCLE('',#93760,3.075);
#93780=CARTESIAN_POINT('',(1.67308846149867,0.789999999999998,-2.58));
#93790=VERTEX_POINT('',#93780);
#93800=EDGE_CURVE('',#93790,#93700,#93770,.T.);
#93810=ORIENTED_EDGE('',*,*,#93800,.T.);
#93820=CARTESIAN_POINT('',(1.67308846149868,0.789999999999998,-2.58));
#93830=DIRECTION('',(-1.,0.,0.));
#93840=VECTOR('',#93830,1.);
#93850=LINE('',#93820,#93840);
#93860=CARTESIAN_POINT('',(1.05655099261703,0.789999999999998,-2.58));
#93870=VERTEX_POINT('',#93860);
#93880=EDGE_CURVE('',#93790,#93870,#93850,.T.);
#93890=ORIENTED_EDGE('',*,*,#93880,.F.);
#93900=CARTESIAN_POINT('',(0.802516874173592,0.789999999999998,-2.14));
#93910=DIRECTION('',(0.500000000000004,0.,-0.866025403784436));
#93920=VECTOR('',#93910,1.);
#93930=LINE('',#93900,#93920);
#93940=CARTESIAN_POINT('',(0.802516874173591,0.789999999999998,-2.14));
#93950=VERTEX_POINT('',#93940);
#93960=EDGE_CURVE('',#93950,#93870,#93930,.T.);
#93970=ORIENTED_EDGE('',*,*,#93960,.T.);
#93980=CARTESIAN_POINT('',(-0.802516874173572,0.789999999999998,-2.14));
#93990=DIRECTION('',(1.,0.,0.));
#94000=VECTOR('',#93990,1.);
#94010=LINE('',#93980,#94000);
#94020=CARTESIAN_POINT('',(-0.802516874173572,0.789999999999998,-2.14));
#94030=VERTEX_POINT('',#94020);
#94040=EDGE_CURVE('',#94030,#93950,#94010,.T.);
#94050=ORIENTED_EDGE('',*,*,#94040,.T.);
#94060=CARTESIAN_POINT('',(-1.05655099261701,0.789999999999998,-2.58));
#94070=DIRECTION('',(0.499999999999998,0.,0.86602540378444));
#94080=VECTOR('',#94070,1.);
#94090=LINE('',#94060,#94080);
#94100=EDGE_CURVE('',#91360,#94030,#94090,.T.);
#94110=ORIENTED_EDGE('',*,*,#94100,.T.);
#94120=ORIENTED_EDGE('',*,*,#91610,.F.);
#94130=ORIENTED_EDGE('',*,*,#92860,.T.);
#94140=ORIENTED_EDGE('',*,*,#93240,.F.);
#94150=EDGE_LOOP('',(#94140,#94130,#94120,#94110,#94050,#93970,#93890,
#93810,#93720,#93640,#93630,#93620,#93560,#93480));
#94160=FACE_OUTER_BOUND('',#94150,.T.);
#94170=ADVANCED_FACE('',(#94160),#93400,.T.);
#94180=COLOUR_RGB('',0.600000023841858,0.600000023841858,
0.600000023841858);
#94190=FILL_AREA_STYLE_COLOUR('',#94180);
#94200=FILL_AREA_STYLE('',(#94190));
#94210=SURFACE_STYLE_FILL_AREA(#94200);
#94220=SURFACE_SIDE_STYLE('',(#94210));
#94230=SURFACE_STYLE_USAGE(.BOTH.,#94220);
#94240=PRESENTATION_STYLE_ASSIGNMENT((#94230));
#94250=CARTESIAN_POINT('',(-1.7,-1.38806280570546,-0.750000000000001));
#94260=DIRECTION('',(-0.707106781186546,-0.,0.707106781186549));
#94270=DIRECTION('',(0.,1.,-0.));
#94280=AXIS2_PLACEMENT_3D('',#94250,#94260,#94270);
#94290=PLANE('',#94280);
#94300=CARTESIAN_POINT('',(-1.7,0.649999999999999,-0.750000000000001));
#94310=DIRECTION('',(0.,1.,0.));
#94320=VECTOR('',#94310,1.);
#94330=LINE('',#94300,#94320);
#94340=CARTESIAN_POINT('',(-1.7,0.649999999999999,-0.750000000000001));
#94350=VERTEX_POINT('',#94340);
#94360=EDGE_CURVE('',#94350,#93460,#94330,.T.);
#94370=ORIENTED_EDGE('',*,*,#94360,.F.);
#94380=ORIENTED_EDGE('',*,*,#93470,.F.);
#94390=ORIENTED_EDGE('',*,*,#93180,.F.);
#94400=CARTESIAN_POINT('',(-2.18,0.649999999999999,-1.23));
#94410=DIRECTION('',(0.707106781186549,0.,0.707106781186546));
#94420=VECTOR('',#94410,1.);
#94430=LINE('',#94400,#94420);
#94440=EDGE_CURVE('',#93090,#94350,#94430,.T.);
#94450=ORIENTED_EDGE('',*,*,#94440,.F.);
#94460=EDGE_LOOP('',(#94450,#94390,#94380,#94370));
#94470=FACE_OUTER_BOUND('',#94460,.T.);
#94480=ADVANCED_FACE('',(#94470),#94290,.F.);
#94490=COLOUR_RGB('',0.600000023841858,0.600000023841858,
0.600000023841858);
#94500=FILL_AREA_STYLE_COLOUR('',#94490);
#94510=FILL_AREA_STYLE('',(#94500));
#94520=SURFACE_STYLE_FILL_AREA(#94510);
#94530=SURFACE_SIDE_STYLE('',(#94520));
#94540=SURFACE_STYLE_USAGE(.BOTH.,#94530);
#94550=PRESENTATION_STYLE_ASSIGNMENT((#94540));
#94560=CARTESIAN_POINT('',(-0.,0.649999999999999,-0.));
#94570=DIRECTION('',(-0.,1.,-0.));
#94580=DIRECTION('',(0.,-0.,1.));
#94590=AXIS2_PLACEMENT_3D('',#94560,#94570,#94580);
#94600=PLANE('',#94590);
#94610=ORIENTED_EDGE('',*,*,#94440,.T.);
#94620=ORIENTED_EDGE('',*,*,#93100,.F.);
#94630=ORIENTED_EDGE('',*,*,#92710,.T.);
#94640=ORIENTED_EDGE('',*,*,#91470,.F.);
#94650=CARTESIAN_POINT('',(-0.802516874173572,0.649999999999999,-2.14));
#94660=DIRECTION('',(-0.499999999999998,0.,-0.86602540378444));
#94670=VECTOR('',#94660,1.);
#94680=LINE('',#94650,#94670);
#94690=CARTESIAN_POINT('',(-0.802516874173572,0.649999999999999,-2.14));
#94700=VERTEX_POINT('',#94690);
#94710=EDGE_CURVE('',#94700,#91380,#94680,.T.);
#94720=ORIENTED_EDGE('',*,*,#94710,.T.);
#94730=CARTESIAN_POINT('',(-0.802516874173574,0.649999999999999,-2.14));
#94740=DIRECTION('',(1.,0.,0.));
#94750=VECTOR('',#94740,1.);
#94760=LINE('',#94730,#94750);
#94770=CARTESIAN_POINT('',(0.802516874173592,0.649999999999999,-2.14));
#94780=VERTEX_POINT('',#94770);
#94790=EDGE_CURVE('',#94700,#94780,#94760,.T.);
#94800=ORIENTED_EDGE('',*,*,#94790,.F.);
#94810=CARTESIAN_POINT('',(1.05655099261703,0.649999999999999,-2.58));
#94820=DIRECTION('',(-0.500000000000004,0.,0.866025403784436));
#94830=VECTOR('',#94820,1.);
#94840=LINE('',#94810,#94830);
#94850=CARTESIAN_POINT('',(1.05655099261703,0.649999999999999,-2.58));
#94860=VERTEX_POINT('',#94850);
#94870=EDGE_CURVE('',#94860,#94780,#94840,.T.);
#94880=ORIENTED_EDGE('',*,*,#94870,.T.);
#94890=CARTESIAN_POINT('',(1.05655099261703,0.649999999999999,-2.58));
#94900=DIRECTION('',(1.,0.,0.));
#94910=VECTOR('',#94900,1.);
#94920=LINE('',#94890,#94910);
#94930=CARTESIAN_POINT('',(1.67308846149868,0.649999999999999,-2.58));
#94940=VERTEX_POINT('',#94930);
#94950=EDGE_CURVE('',#94860,#94940,#94920,.T.);
#94960=ORIENTED_EDGE('',*,*,#94950,.F.);
#94970=CARTESIAN_POINT('',(0.,0.649999999999999,0.));
#94980=DIRECTION('',(0.,1.,0.));
#94990=DIRECTION('',(0.916515138991168,0.,-0.4));
#95000=AXIS2_PLACEMENT_3D('',#94970,#94980,#94990);
#95010=CIRCLE('',#95000,3.075);
#95020=CARTESIAN_POINT('',(2.81828405239784,0.649999999999999,-1.23));
#95030=VERTEX_POINT('',#95020);
#95040=EDGE_CURVE('',#95030,#94940,#95010,.T.);
#95050=ORIENTED_EDGE('',*,*,#95040,.T.);
#95060=CARTESIAN_POINT('',(2.22999999999999,0.649999999999999,-1.23));
#95070=DIRECTION('',(1.,0.,0.));
#95080=VECTOR('',#95070,1.);
#95090=LINE('',#95060,#95080);
#95100=EDGE_CURVE('',#92300,#95030,#95090,.T.);
#95110=ORIENTED_EDGE('',*,*,#95100,.T.);
#95120=ORIENTED_EDGE('',*,*,#92460,.T.);
#95130=ORIENTED_EDGE('',*,*,#91940,.F.);
#95140=CARTESIAN_POINT('',(1.75,0.649999999999999,-0.42));
#95150=DIRECTION('',(-1.,0.,0.));
#95160=VECTOR('',#95150,1.);
#95170=LINE('',#95140,#95160);
#95180=CARTESIAN_POINT('',(-1.7,0.649999999999999,-0.42));
#95190=VERTEX_POINT('',#95180);
#95200=EDGE_CURVE('',#91830,#95190,#95170,.T.);
#95210=ORIENTED_EDGE('',*,*,#95200,.F.);
#95220=CARTESIAN_POINT('',(-1.7,0.649999999999999,-0.750000000000001));
#95230=DIRECTION('',(0.,0.,1.));
#95240=VECTOR('',#95230,1.);
#95250=LINE('',#95220,#95240);
#95260=EDGE_CURVE('',#94350,#95190,#95250,.T.);
#95270=ORIENTED_EDGE('',*,*,#95260,.T.);
#95280=EDGE_LOOP('',(#95270,#95210,#95130,#95120,#95110,#95050,#94960,
#94880,#94800,#94720,#94640,#94630,#94620,#94610));
#95290=FACE_OUTER_BOUND('',#95280,.T.);
#95300=ADVANCED_FACE('',(#95290),#94600,.T.);
#95310=COLOUR_RGB('',0.600000023841858,0.600000023841858,
0.600000023841858);
#95320=FILL_AREA_STYLE_COLOUR('',#95310);
#95330=FILL_AREA_STYLE('',(#95320));
#95340=SURFACE_STYLE_FILL_AREA(#95330);
#95350=SURFACE_SIDE_STYLE('',(#95340));
#95360=SURFACE_STYLE_USAGE(.BOTH.,#95350);
#95370=PRESENTATION_STYLE_ASSIGNMENT((#95360));
#95380=CARTESIAN_POINT('',(-1.75,-3.24979486640003,-0.42));
#95390=DIRECTION('',(-0.,-0.,1.));
#95400=DIRECTION('',(1.,0.,-0.));
#95410=AXIS2_PLACEMENT_3D('',#95380,#95390,#95400);
#95420=PLANE('',#95410);
#95430=CARTESIAN_POINT('',(-1.7,0.649999999999999,-0.42));
#95440=DIRECTION('',(0.,1.,0.));
#95450=VECTOR('',#95440,1.);
#95460=LINE('',#95430,#95450);
#95470=EDGE_CURVE('',#95190,#93540,#95460,.T.);
#95480=ORIENTED_EDGE('',*,*,#95470,.T.);
#95490=ORIENTED_EDGE('',*,*,#95200,.T.);
#95500=ORIENTED_EDGE('',*,*,#91860,.F.);
#95510=ORIENTED_EDGE('',*,*,#93610,.F.);
#95520=EDGE_LOOP('',(#95510,#95500,#95490,#95480));
#95530=FACE_OUTER_BOUND('',#95520,.T.);
#95540=ADVANCED_FACE('',(#95530),#95420,.F.);
#95550=COLOUR_RGB('',0.600000023841858,0.600000023841858,
0.600000023841858);
#95560=FILL_AREA_STYLE_COLOUR('',#95550);
#95570=FILL_AREA_STYLE('',(#95560));
#95580=SURFACE_STYLE_FILL_AREA(#95570);
#95590=SURFACE_SIDE_STYLE('',(#95580));
#95600=SURFACE_STYLE_USAGE(.BOTH.,#95590);
#95610=PRESENTATION_STYLE_ASSIGNMENT((#95600));
#95620=CARTESIAN_POINT('',(-1.7,-1.38806280570546,-0.42));
#95630=DIRECTION('',(1.,-0.,-8.03112720359633E-16));
#95640=DIRECTION('',(-8.03112720359633E-16,0.,-1.));
#95650=AXIS2_PLACEMENT_3D('',#95620,#95630,#95640);
#95660=PLANE('',#95650);
#95670=ORIENTED_EDGE('',*,*,#95470,.F.);
#95680=ORIENTED_EDGE('',*,*,#93550,.T.);
#95690=ORIENTED_EDGE('',*,*,#94360,.T.);
#95700=ORIENTED_EDGE('',*,*,#95260,.F.);
#95710=EDGE_LOOP('',(#95700,#95690,#95680,#95670));
#95720=FACE_OUTER_BOUND('',#95710,.T.);
#95730=ADVANCED_FACE('',(#95720),#95660,.T.);
#95740=COLOUR_RGB('',0.600000023841858,0.600000023841858,
0.600000023841858);
#95750=FILL_AREA_STYLE_COLOUR('',#95740);
#95760=FILL_AREA_STYLE('',(#95750));
#95770=SURFACE_STYLE_FILL_AREA(#95760);
#95780=SURFACE_SIDE_STYLE('',(#95770));
#95790=SURFACE_STYLE_USAGE(.BOTH.,#95780);
#95800=PRESENTATION_STYLE_ASSIGNMENT((#95790));
#95810=CARTESIAN_POINT('',(-0.775240473580831,0.649999999999999,
-2.09275588832577));
#95820=DIRECTION('',(0.86602540378444,-0.,-0.499999999999998));
#95830=DIRECTION('',(-0.499999999999998,0.,-0.86602540378444));
#95840=AXIS2_PLACEMENT_3D('',#95810,#95820,#95830);
#95850=PLANE('',#95840);
#95860=CARTESIAN_POINT('',(-0.802516874173573,0.649999999999999,-2.14));
#95870=DIRECTION('',(0.,1.,0.));
#95880=VECTOR('',#95870,1.);
#95890=LINE('',#95860,#95880);
#95900=EDGE_CURVE('',#94700,#94030,#95890,.T.);
#95910=ORIENTED_EDGE('',*,*,#95900,.T.);
#95920=ORIENTED_EDGE('',*,*,#94710,.F.);
#95930=ORIENTED_EDGE('',*,*,#91390,.T.);
#95940=ORIENTED_EDGE('',*,*,#94100,.F.);
#95950=EDGE_LOOP('',(#95940,#95930,#95920,#95910));
#95960=FACE_OUTER_BOUND('',#95950,.T.);
#95970=ADVANCED_FACE('',(#95960),#95850,.F.);
#95980=COLOUR_RGB('',0.600000023841858,0.600000023841858,
0.600000023841858);
#95990=FILL_AREA_STYLE_COLOUR('',#95980);
#96000=FILL_AREA_STYLE('',(#95990));
#96010=SURFACE_STYLE_FILL_AREA(#96000);
#96020=SURFACE_SIDE_STYLE('',(#96010));
#96030=SURFACE_STYLE_USAGE(.BOTH.,#96020);
#96040=PRESENTATION_STYLE_ASSIGNMENT((#96030));
#96050=CARTESIAN_POINT('',(-1.75,-3.24979486640003,-2.14));
#96060=DIRECTION('',(-0.,-0.,-1.));
#96070=DIRECTION('',(-1.,0.,0.));
#96080=AXIS2_PLACEMENT_3D('',#96050,#96060,#96070);
#96090=PLANE('',#96080);
#96100=ORIENTED_EDGE('',*,*,#95900,.F.);
#96110=ORIENTED_EDGE('',*,*,#94040,.F.);
#96120=CARTESIAN_POINT('',(0.802516874173591,0.789999999999998,-2.14));
#96130=DIRECTION('',(0.,-1.,0.));
#96140=VECTOR('',#96130,1.);
#96150=LINE('',#96120,#96140);
#96160=EDGE_CURVE('',#93950,#94780,#96150,.T.);
#96170=ORIENTED_EDGE('',*,*,#96160,.F.);
#96180=ORIENTED_EDGE('',*,*,#94790,.T.);
#96190=EDGE_LOOP('',(#96180,#96170,#96110,#96100));
#96200=FACE_OUTER_BOUND('',#96190,.T.);
#96210=ADVANCED_FACE('',(#96200),#96090,.F.);
#96220=COLOUR_RGB('',0.600000023841858,0.600000023841858,
0.600000023841858);
#96230=FILL_AREA_STYLE_COLOUR('',#96220);
#96240=FILL_AREA_STYLE('',(#96230));
#96250=SURFACE_STYLE_FILL_AREA(#96240);
#96260=SURFACE_SIDE_STYLE('',(#96250));
#96270=SURFACE_STYLE_USAGE(.BOTH.,#96260);
#96280=PRESENTATION_STYLE_ASSIGNMENT((#96270));
#96290=CARTESIAN_POINT('',(1.36486876110447,0.649999999999999,
-3.1140220398965));
#96300=DIRECTION('',(-0.866025403784436,-0.,-0.500000000000004));
#96310=DIRECTION('',(-0.500000000000004,0.,0.866025403784436));
#96320=AXIS2_PLACEMENT_3D('',#96290,#96300,#96310);
#96330=PLANE('',#96320);
#96340=ORIENTED_EDGE('',*,*,#96160,.T.);
#96350=ORIENTED_EDGE('',*,*,#93960,.F.);
#96360=CARTESIAN_POINT('',(1.05655099261703,0.649999999999999,-2.58));
#96370=DIRECTION('',(0.,1.,0.));
#96380=VECTOR('',#96370,1.);
#96390=LINE('',#96360,#96380);
#96400=EDGE_CURVE('',#94860,#93870,#96390,.T.);
#96410=ORIENTED_EDGE('',*,*,#96400,.T.);
#96420=ORIENTED_EDGE('',*,*,#94870,.F.);
#96430=EDGE_LOOP('',(#96420,#96410,#96350,#96340));
#96440=FACE_OUTER_BOUND('',#96430,.T.);
#96450=ADVANCED_FACE('',(#96440),#96330,.F.);
#96460=COLOUR_RGB('',0.600000023841858,0.600000023841858,
0.600000023841858);
#96470=FILL_AREA_STYLE_COLOUR('',#96460);
#96480=FILL_AREA_STYLE('',(#96470));
#96490=SURFACE_STYLE_FILL_AREA(#96480);
#96500=SURFACE_SIDE_STYLE('',(#96490));
#96510=SURFACE_STYLE_USAGE(.BOTH.,#96500);
#96520=PRESENTATION_STYLE_ASSIGNMENT((#96510));
#96530=CARTESIAN_POINT('',(-2.92,-5.88759129955369,-2.58));
#96540=DIRECTION('',(-0.,-0.,1.));
#96550=DIRECTION('',(1.,0.,-0.));
#96560=AXIS2_PLACEMENT_3D('',#96530,#96540,#96550);
#96570=PLANE('',#96560);
#96580=ORIENTED_EDGE('',*,*,#94950,.T.);
#96590=ORIENTED_EDGE('',*,*,#96400,.F.);
#96600=ORIENTED_EDGE('',*,*,#93880,.T.);
#96610=CARTESIAN_POINT('',(1.67308846149868,0.789999999999998,-2.58));
#96620=DIRECTION('',(0.,-1.,0.));
#96630=VECTOR('',#96620,1.);
#96640=LINE('',#96610,#96630);
#96650=EDGE_CURVE('',#93790,#94940,#96640,.T.);
#96660=ORIENTED_EDGE('',*,*,#96650,.F.);
#96670=EDGE_LOOP('',(#96660,#96600,#96590,#96580));
#96680=FACE_OUTER_BOUND('',#96670,.T.);
#96690=ADVANCED_FACE('',(#96680),#96570,.T.);
#96700=COLOUR_RGB('',0.600000023841858,0.600000023841858,
0.600000023841858);
#96710=FILL_AREA_STYLE_COLOUR('',#96700);
#96720=FILL_AREA_STYLE('',(#96710));
#96730=SURFACE_STYLE_FILL_AREA(#96720);
#96740=SURFACE_SIDE_STYLE('',(#96730));
#96750=SURFACE_STYLE_USAGE(.BOTH.,#96740);
#96760=PRESENTATION_STYLE_ASSIGNMENT((#96750));
#96770=CARTESIAN_POINT('',(-0.,3.15099029129976,-0.));
#96780=DIRECTION('',(-0.,-1.,-0.));
#96790=DIRECTION('',(0.,0.,-1.));
#96800=AXIS2_PLACEMENT_3D('',#96770,#96780,#96790);
#96810=CYLINDRICAL_SURFACE('',#96800,3.075);
#96820=CARTESIAN_POINT('',(2.81828405239784,0.649999999999999,-1.23));
#96830=DIRECTION('',(0.,1.,0.));
#96840=VECTOR('',#96830,1.);
#96850=LINE('',#96820,#96840);
#96860=EDGE_CURVE('',#95030,#93700,#96850,.T.);
#96870=ORIENTED_EDGE('',*,*,#96860,.T.);
#96880=ORIENTED_EDGE('',*,*,#95040,.F.);
#96890=ORIENTED_EDGE('',*,*,#96650,.T.);
#96900=ORIENTED_EDGE('',*,*,#93800,.F.);
#96910=EDGE_LOOP('',(#96900,#96890,#96880,#96870));
#96920=FACE_OUTER_BOUND('',#96910,.T.);
#96930=ADVANCED_FACE('',(#96920),#96810,.F.);
#96940=COLOUR_RGB('',0.600000023841858,0.600000023841858,
0.600000023841858);
#96950=FILL_AREA_STYLE_COLOUR('',#96940);
#96960=FILL_AREA_STYLE('',(#96950));
#96970=SURFACE_STYLE_FILL_AREA(#96960);
#96980=SURFACE_SIDE_STYLE('',(#96970));
#96990=SURFACE_STYLE_USAGE(.BOTH.,#96980);
#97000=PRESENTATION_STYLE_ASSIGNMENT((#96990));
#97010=CARTESIAN_POINT('',(3.12,0.999999999999999,-1.23));
#97020=DIRECTION('',(4.92819169311593E-17,-0.,1.));
#97030=DIRECTION('',(1.,0.,-4.92819169311593E-17));
#97040=AXIS2_PLACEMENT_3D('',#97010,#97020,#97030);
#97050=PLANE('',#97040);
#97060=ORIENTED_EDGE('',*,*,#96860,.F.);
#97070=ORIENTED_EDGE('',*,*,#93710,.F.);
#97080=ORIENTED_EDGE('',*,*,#92330,.T.);
#97090=ORIENTED_EDGE('',*,*,#95100,.F.);
#97100=EDGE_LOOP('',(#97090,#97080,#97070,#97060));
#97110=FACE_OUTER_BOUND('',#97100,.T.);
#97120=ADVANCED_FACE('',(#97110),#97050,.F.);
#97130=COLOUR_RGB('',0.600000023841858,0.600000023841858,
0.600000023841858);
#97140=FILL_AREA_STYLE_COLOUR('',#97130);
#97150=FILL_AREA_STYLE('',(#97140));
#97160=SURFACE_STYLE_FILL_AREA(#97150);
#97170=SURFACE_SIDE_STYLE('',(#97160));
#97180=SURFACE_STYLE_USAGE(.BOTH.,#97170);
#97190=PRESENTATION_STYLE_ASSIGNMENT((#97180));
#97200=CLOSED_SHELL('',(#91650,#92120,#92500,#92900,#93280,#94170,#94480
,#95300,#95540,#95730,#95970,#96210,#96450,#96690,#96930,#97120));
#97210=ORIENTED_CLOSED_SHELL('',*,#97200,.T.);
#97220=CARTESIAN_POINT('',(-3.80000000000001,0.65,-2.50000000000001));
#97230=DIRECTION('',(-0.,1.,-0.));
#97240=DIRECTION('',(1.,0.,0.));
#97250=AXIS2_PLACEMENT_3D('',#97220,#97230,#97240);
#97260=CYLINDRICAL_SURFACE('',#97250,0.149999999999999);
#97270=CARTESIAN_POINT('',(-3.80000000000001,0.399999999999999,
-2.50000000000001));
#97280=DIRECTION('',(0.,-1.,0.));
#97290=DIRECTION('',(0.666666666666645,0.,0.74535599249995));
#97300=AXIS2_PLACEMENT_3D('',#97270,#97280,#97290);
#97310=CIRCLE('',#97300,0.149999999999999);
#97320=CARTESIAN_POINT('',(-3.7,0.399999999999999,-2.38819660112502));
#97330=VERTEX_POINT('',#97320);
#97340=CARTESIAN_POINT('',(-3.80000000000033,0.399999999999999,
-2.35000000000002));
#97350=VERTEX_POINT('',#97340);
#97360=EDGE_CURVE('',#97330,#97350,#97310,.T.);
#97370=ORIENTED_EDGE('',*,*,#97360,.F.);
#97380=CARTESIAN_POINT('',(-3.80000000000001,0.65,-2.35000000000001));
#97390=DIRECTION('',(0.,-1.,0.));
#97400=VECTOR('',#97390,1.);
#97410=LINE('',#97380,#97400);
#97420=CARTESIAN_POINT('',(-3.80000000000042,0.65,-2.35000000000002));
#97430=VERTEX_POINT('',#97420);
#97440=EDGE_CURVE('',#97430,#97350,#97410,.T.);
#97450=ORIENTED_EDGE('',*,*,#97440,.T.);
#97460=CARTESIAN_POINT('',(-3.80000000000001,0.65,-2.50000000000001));
#97470=DIRECTION('',(0.,1.,0.));
#97480=DIRECTION('',(-5.48302144428214E-12,0.,1.));
#97490=AXIS2_PLACEMENT_3D('',#97460,#97470,#97480);
#97500=CIRCLE('',#97490,0.149999999999999);
#97510=CARTESIAN_POINT('',(-3.7,0.65,-2.388196601125));
#97520=VERTEX_POINT('',#97510);
#97530=EDGE_CURVE('',#97430,#97520,#97500,.T.);
#97540=ORIENTED_EDGE('',*,*,#97530,.F.);
#97550=CARTESIAN_POINT('',(-3.7,0.399999999999999,-2.38819660112503));
#97560=DIRECTION('',(0.,1.,0.));
#97570=VECTOR('',#97560,1.);
#97580=LINE('',#97550,#97570);
#97590=EDGE_CURVE('',#97330,#97520,#97580,.T.);
#97600=ORIENTED_EDGE('',*,*,#97590,.T.);
#97610=EDGE_LOOP('',(#97600,#97540,#97450,#97370));
#97620=FACE_OUTER_BOUND('',#97610,.T.);
#97630=ADVANCED_FACE('',(#97620),#97260,.T.);
#97640=COLOUR_RGB('',0.600000023841858,0.600000023841858,
0.600000023841858);
#97650=FILL_AREA_STYLE_COLOUR('',#97640);
#97660=FILL_AREA_STYLE('',(#97650));
#97670=SURFACE_STYLE_FILL_AREA(#97660);
#97680=SURFACE_SIDE_STYLE('',(#97670));
#97690=SURFACE_STYLE_USAGE(.BOTH.,#97680);
#97700=PRESENTATION_STYLE_ASSIGNMENT((#97690));
#97710=CARTESIAN_POINT('',(2.94902990916057E-14,0.399999999999999,-318.5
));
#97720=DIRECTION('',(-0.,1.,-0.));
#97730=DIRECTION('',(1.,0.,1.22464679914735E-16));
#97740=AXIS2_PLACEMENT_3D('',#97710,#97720,#97730);
#97750=PLANE('',#97740);
#97760=ORIENTED_EDGE('',*,*,#97360,.T.);
#97770=CARTESIAN_POINT('',(-3.7,0.399999999999999,-2.38819660112503));
#97780=DIRECTION('',(0.,0.,1.));
#97790=VECTOR('',#97780,1.);
#97800=LINE('',#97770,#97790);
#97810=CARTESIAN_POINT('',(-3.7,0.399999999999999,-2.34999999999999));
#97820=VERTEX_POINT('',#97810);
#97830=EDGE_CURVE('',#97330,#97820,#97800,.T.);
#97840=ORIENTED_EDGE('',*,*,#97830,.F.);
#97850=CARTESIAN_POINT('',(-3.80000000000065,0.399999999999999,
-2.34999999999997));
#97860=DIRECTION('',(1.,0.,0.));
#97870=VECTOR('',#97860,1.);
#97880=LINE('',#97850,#97870);
#97890=EDGE_CURVE('',#97350,#97820,#97880,.T.);
#97900=ORIENTED_EDGE('',*,*,#97890,.T.);
#97910=EDGE_LOOP('',(#97900,#97840,#97760));
#97920=FACE_OUTER_BOUND('',#97910,.T.);
#97930=ADVANCED_FACE('',(#97920),#97750,.T.);
#97940=COLOUR_RGB('',0.600000023841858,0.600000023841858,
0.600000023841858);
#97950=FILL_AREA_STYLE_COLOUR('',#97940);
#97960=FILL_AREA_STYLE('',(#97950));
#97970=SURFACE_STYLE_FILL_AREA(#97960);
#97980=SURFACE_SIDE_STYLE('',(#97970));
#97990=SURFACE_STYLE_USAGE(.BOTH.,#97980);
#98000=PRESENTATION_STYLE_ASSIGNMENT((#97990));
#98010=CARTESIAN_POINT('',(-5.41179267895584,3.05725881205135,
-2.34999999999999));
#98020=DIRECTION('',(-0.,-0.,-1.));
#98030=DIRECTION('',(-1.,0.,0.));
#98040=AXIS2_PLACEMENT_3D('',#98010,#98020,#98030);
#98050=PLANE('',#98040);
#98060=CARTESIAN_POINT('',(-3.7,0.399999999999999,-2.34999999999999));
#98070=DIRECTION('',(0.,1.,0.));
#98080=VECTOR('',#98070,1.);
#98090=LINE('',#98060,#98080);
#98100=CARTESIAN_POINT('',(-3.7,0.65,-2.34999999999999));
#98110=VERTEX_POINT('',#98100);
#98120=EDGE_CURVE('',#97820,#98110,#98090,.T.);
#98130=ORIENTED_EDGE('',*,*,#98120,.F.);
#98140=CARTESIAN_POINT('',(-3.80000000000001,0.65,-2.34999999999999));
#98150=DIRECTION('',(1.,0.,0.));
#98160=VECTOR('',#98150,1.);
#98170=LINE('',#98140,#98160);
#98180=EDGE_CURVE('',#97430,#98110,#98170,.T.);
#98190=ORIENTED_EDGE('',*,*,#98180,.T.);
#98200=ORIENTED_EDGE('',*,*,#97440,.F.);
#98210=ORIENTED_EDGE('',*,*,#97890,.F.);
#98220=EDGE_LOOP('',(#98210,#98200,#98190,#98130));
#98230=FACE_OUTER_BOUND('',#98220,.T.);
#98240=ADVANCED_FACE('',(#98230),#98050,.T.);
#98250=COLOUR_RGB('',0.600000023841858,0.600000023841858,
0.600000023841858);
#98260=FILL_AREA_STYLE_COLOUR('',#98250);
#98270=FILL_AREA_STYLE('',(#98260));
#98280=SURFACE_STYLE_FILL_AREA(#98270);
#98290=SURFACE_SIDE_STYLE('',(#98280));
#98300=SURFACE_STYLE_USAGE(.BOTH.,#98290);
#98310=PRESENTATION_STYLE_ASSIGNMENT((#98300));
#98320=CARTESIAN_POINT('',(-3.7,-1.99657082647116,2.6999975476481));
#98330=DIRECTION('',(1.,1.92592994438725E-34,-0.));
#98340=DIRECTION('',(-5.67472333619399E-54,2.94648481515741E-20,-1.));
#98350=AXIS2_PLACEMENT_3D('',#98320,#98330,#98340);
#98360=PLANE('',#98350);
#98370=ORIENTED_EDGE('',*,*,#97830,.T.);
#98380=ORIENTED_EDGE('',*,*,#97590,.F.);
#98390=CARTESIAN_POINT('',(-3.7,0.65,-2.388196601125));
#98400=DIRECTION('',(0.,0.,1.));
#98410=VECTOR('',#98400,1.);
#98420=LINE('',#98390,#98410);
#98430=EDGE_CURVE('',#97520,#98110,#98420,.T.);
#98440=ORIENTED_EDGE('',*,*,#98430,.F.);
#98450=ORIENTED_EDGE('',*,*,#98120,.T.);
#98460=EDGE_LOOP('',(#98450,#98440,#98380,#98370));
#98470=FACE_OUTER_BOUND('',#98460,.T.);
#98480=ADVANCED_FACE('',(#98470),#98360,.F.);
#98490=COLOUR_RGB('',0.600000023841858,0.600000023841858,
0.600000023841858);
#98500=FILL_AREA_STYLE_COLOUR('',#98490);
#98510=FILL_AREA_STYLE('',(#98500));
#98520=SURFACE_STYLE_FILL_AREA(#98510);
#98530=SURFACE_SIDE_STYLE('',(#98520));
#98540=SURFACE_STYLE_USAGE(.BOTH.,#98530);
#98550=PRESENTATION_STYLE_ASSIGNMENT((#98540));
#98560=CARTESIAN_POINT('',(2.94902990916057E-14,0.65,-318.5));
#98570=DIRECTION('',(-0.,1.,-0.));
#98580=DIRECTION('',(1.,0.,1.22464679914735E-16));
#98590=AXIS2_PLACEMENT_3D('',#98560,#98570,#98580);
#98600=PLANE('',#98590);
#98610=ORIENTED_EDGE('',*,*,#97530,.T.);
#98620=ORIENTED_EDGE('',*,*,#98180,.F.);
#98630=ORIENTED_EDGE('',*,*,#98430,.T.);
#98640=EDGE_LOOP('',(#98630,#98620,#98610));
#98650=FACE_OUTER_BOUND('',#98640,.T.);
#98660=ADVANCED_FACE('',(#98650),#98600,.F.);
#98670=COLOUR_RGB('',0.600000023841858,0.600000023841858,
0.600000023841858);
#98680=FILL_AREA_STYLE_COLOUR('',#98670);
#98690=FILL_AREA_STYLE('',(#98680));
#98700=SURFACE_STYLE_FILL_AREA(#98690);
#98710=SURFACE_SIDE_STYLE('',(#98700));
#98720=SURFACE_STYLE_USAGE(.BOTH.,#98710);
#98730=PRESENTATION_STYLE_ASSIGNMENT((#98720));
#98740=CLOSED_SHELL('',(#97630,#97930,#98240,#98480,#98660));
#98750=ORIENTED_CLOSED_SHELL('',*,#98740,.T.);
#98760=CARTESIAN_POINT('',(-3.69999999999114,3.05725881205135,
-1.14999999999999));
#98770=DIRECTION('',(-0.,-0.,1.));
#98780=DIRECTION('',(1.,0.,-0.));
#98790=AXIS2_PLACEMENT_3D('',#98760,#98770,#98780);
#98800=PLANE('',#98790);
#98810=CARTESIAN_POINT('',(-3.7,0.65,-1.14999999999999));
#98820=DIRECTION('',(-1.,0.,0.));
#98830=VECTOR('',#98820,1.);
#98840=LINE('',#98810,#98830);
#98850=CARTESIAN_POINT('',(-3.7,0.65,-1.14999999999999));
#98860=VERTEX_POINT('',#98850);
#98870=CARTESIAN_POINT('',(-3.85000000000001,0.65,-1.14999999999999));
#98880=VERTEX_POINT('',#98870);
#98890=EDGE_CURVE('',#98860,#98880,#98840,.T.);
#98900=ORIENTED_EDGE('',*,*,#98890,.T.);
#98910=CARTESIAN_POINT('',(-3.7,0.65,-1.14999999999999));
#98920=DIRECTION('',(0.,-1.,0.));
#98930=VECTOR('',#98920,1.);
#98940=LINE('',#98910,#98930);
#98950=CARTESIAN_POINT('',(-3.7,0.399999999999999,-1.14999999999998));
#98960=VERTEX_POINT('',#98950);
#98970=EDGE_CURVE('',#98860,#98960,#98940,.T.);
#98980=ORIENTED_EDGE('',*,*,#98970,.F.);
#98990=CARTESIAN_POINT('',(-3.7,0.399999999999999,-1.14999999999998));
#99000=DIRECTION('',(-1.,0.,0.));
#99010=VECTOR('',#99000,1.);
#99020=LINE('',#98990,#99010);
#99030=CARTESIAN_POINT('',(-3.85000000000001,0.399999999999999,
-1.14999999999998));
#99040=VERTEX_POINT('',#99030);
#99050=EDGE_CURVE('',#98960,#99040,#99020,.T.);
#99060=ORIENTED_EDGE('',*,*,#99050,.F.);
#99070=CARTESIAN_POINT('',(-3.85000000000001,0.399999999999999,
-1.14999999999999));
#99080=DIRECTION('',(0.,1.,0.));
#99090=VECTOR('',#99080,1.);
#99100=LINE('',#99070,#99090);
#99110=EDGE_CURVE('',#99040,#98880,#99100,.T.);
#99120=ORIENTED_EDGE('',*,*,#99110,.F.);
#99130=EDGE_LOOP('',(#99120,#99060,#98980,#98900));
#99140=FACE_OUTER_BOUND('',#99130,.T.);
#99150=ADVANCED_FACE('',(#99140),#98800,.T.);
#99160=COLOUR_RGB('',0.600000023841858,0.600000023841858,
0.600000023841858);
#99170=FILL_AREA_STYLE_COLOUR('',#99160);
#99180=FILL_AREA_STYLE('',(#99170));
#99190=SURFACE_STYLE_FILL_AREA(#99180);
#99200=SURFACE_SIDE_STYLE('',(#99190));
#99210=SURFACE_STYLE_USAGE(.BOTH.,#99200);
#99220=PRESENTATION_STYLE_ASSIGNMENT((#99210));
#99230=CARTESIAN_POINT('',(2.94902990916057E-14,0.399999999999999,-318.5
));
#99240=DIRECTION('',(-0.,1.,-0.));
#99250=DIRECTION('',(1.,0.,1.22464679914735E-16));
#99260=AXIS2_PLACEMENT_3D('',#99230,#99240,#99250);
#99270=PLANE('',#99260);
#99280=CARTESIAN_POINT('',(-3.85000000000001,0.399999999999999,
-0.95000000000001));
#99290=DIRECTION('',(0.,-1.,0.));
#99300=DIRECTION('',(0.,0.,-1.));
#99310=AXIS2_PLACEMENT_3D('',#99280,#99290,#99300);
#99320=CIRCLE('',#99310,0.199999999999975);
#99330=CARTESIAN_POINT('',(-3.7,0.399999999999999,-1.08228756555319));
#99340=VERTEX_POINT('',#99330);
#99350=EDGE_CURVE('',#99040,#99340,#99320,.T.);
#99360=ORIENTED_EDGE('',*,*,#99350,.T.);
#99370=ORIENTED_EDGE('',*,*,#99050,.T.);
#99380=CARTESIAN_POINT('',(-3.7,0.399999999999999,-1.14999999999999));
#99390=DIRECTION('',(0.,0.,1.));
#99400=VECTOR('',#99390,1.);
#99410=LINE('',#99380,#99400);
#99420=EDGE_CURVE('',#98960,#99340,#99410,.T.);
#99430=ORIENTED_EDGE('',*,*,#99420,.F.);
#99440=EDGE_LOOP('',(#99430,#99370,#99360));
#99450=FACE_OUTER_BOUND('',#99440,.T.);
#99460=ADVANCED_FACE('',(#99450),#99270,.T.);
#99470=COLOUR_RGB('',0.600000023841858,0.600000023841858,
0.600000023841858);
#99480=FILL_AREA_STYLE_COLOUR('',#99470);
#99490=FILL_AREA_STYLE('',(#99480));
#99500=SURFACE_STYLE_FILL_AREA(#99490);
#99510=SURFACE_SIDE_STYLE('',(#99500));
#99520=SURFACE_STYLE_USAGE(.BOTH.,#99510);
#99530=PRESENTATION_STYLE_ASSIGNMENT((#99520));
#99540=CARTESIAN_POINT('',(-3.7,-1.99657082647116,2.6999975476481));
#99550=DIRECTION('',(1.,1.92592994438725E-34,-0.));
#99560=DIRECTION('',(-5.67472333619399E-54,2.94648481515741E-20,-1.));
#99570=AXIS2_PLACEMENT_3D('',#99540,#99550,#99560);
#99580=PLANE('',#99570);
#99590=ORIENTED_EDGE('',*,*,#99420,.T.);
#99600=ORIENTED_EDGE('',*,*,#98970,.T.);
#99610=CARTESIAN_POINT('',(-3.7,0.65,-1.14999999999998));
#99620=DIRECTION('',(0.,0.,1.));
#99630=VECTOR('',#99620,1.);
#99640=LINE('',#99610,#99630);
#99650=CARTESIAN_POINT('',(-3.7,0.65,-1.0822875655532));
#99660=VERTEX_POINT('',#99650);
#99670=EDGE_CURVE('',#98860,#99660,#99640,.T.);
#99680=ORIENTED_EDGE('',*,*,#99670,.F.);
#99690=CARTESIAN_POINT('',(-3.7,0.65,-1.08228756555319));
#99700=DIRECTION('',(0.,-1.,0.));
#99710=VECTOR('',#99700,1.);
#99720=LINE('',#99690,#99710);
#99730=EDGE_CURVE('',#99660,#99340,#99720,.T.);
#99740=ORIENTED_EDGE('',*,*,#99730,.F.);
#99750=EDGE_LOOP('',(#99740,#99680,#99600,#99590));
#99760=FACE_OUTER_BOUND('',#99750,.T.);
#99770=ADVANCED_FACE('',(#99760),#99580,.F.);
#99780=COLOUR_RGB('',0.600000023841858,0.600000023841858,
0.600000023841858);
#99790=FILL_AREA_STYLE_COLOUR('',#99780);
#99800=FILL_AREA_STYLE('',(#99790));
#99810=SURFACE_STYLE_FILL_AREA(#99800);
#99820=SURFACE_SIDE_STYLE('',(#99810));
#99830=SURFACE_STYLE_USAGE(.BOTH.,#99820);
#99840=PRESENTATION_STYLE_ASSIGNMENT((#99830));
#99850=CARTESIAN_POINT('',(2.94902990916057E-14,0.65,-318.5));
#99860=DIRECTION('',(-0.,1.,-0.));
#99870=DIRECTION('',(1.,0.,1.22464679914735E-16));
#99880=AXIS2_PLACEMENT_3D('',#99850,#99860,#99870);
#99890=PLANE('',#99880);
#99900=ORIENTED_EDGE('',*,*,#98890,.F.);
#99910=CARTESIAN_POINT('',(-3.85000000000001,0.65,-0.95000000000001));
#99920=DIRECTION('',(0.,1.,0.));
#99930=DIRECTION('',(0.750000000000116,0.,-0.661437827766017));
#99940=AXIS2_PLACEMENT_3D('',#99910,#99920,#99930);
#99950=CIRCLE('',#99940,0.199999999999975);
#99960=EDGE_CURVE('',#99660,#98880,#99950,.T.);
#99970=ORIENTED_EDGE('',*,*,#99960,.T.);
#99980=ORIENTED_EDGE('',*,*,#99670,.T.);
#99990=EDGE_LOOP('',(#99980,#99970,#99900));
#100000=FACE_OUTER_BOUND('',#99990,.T.);
#100010=ADVANCED_FACE('',(#100000),#99890,.F.);
#100020=COLOUR_RGB('',0.600000023841858,0.600000023841858,
0.600000023841858);
#100030=FILL_AREA_STYLE_COLOUR('',#100020);
#100040=FILL_AREA_STYLE('',(#100030));
#100050=SURFACE_STYLE_FILL_AREA(#100040);
#100060=SURFACE_SIDE_STYLE('',(#100050));
#100070=SURFACE_STYLE_USAGE(.BOTH.,#100060);
#100080=PRESENTATION_STYLE_ASSIGNMENT((#100070));
#100090=CARTESIAN_POINT('',(-3.85000000000001,0.65,-0.95000000000001));
#100100=DIRECTION('',(-0.,1.,-0.));
#100110=DIRECTION('',(1.,0.,0.));
#100120=AXIS2_PLACEMENT_3D('',#100090,#100100,#100110);
#100130=CYLINDRICAL_SURFACE('',#100120,0.199999999999975);
#100140=ORIENTED_EDGE('',*,*,#99350,.F.);
#100150=ORIENTED_EDGE('',*,*,#99730,.T.);
#100160=ORIENTED_EDGE('',*,*,#99960,.F.);
#100170=ORIENTED_EDGE('',*,*,#99110,.T.);
#100180=EDGE_LOOP('',(#100170,#100160,#100150,#100140));
#100190=FACE_OUTER_BOUND('',#100180,.T.);
#100200=ADVANCED_FACE('',(#100190),#100130,.T.);
#100210=COLOUR_RGB('',0.600000023841858,0.600000023841858,
0.600000023841858);
#100220=FILL_AREA_STYLE_COLOUR('',#100210);
#100230=FILL_AREA_STYLE('',(#100220));
#100240=SURFACE_STYLE_FILL_AREA(#100230);
#100250=SURFACE_SIDE_STYLE('',(#100240));
#100260=SURFACE_STYLE_USAGE(.BOTH.,#100250);
#100270=PRESENTATION_STYLE_ASSIGNMENT((#100260));
#100280=CLOSED_SHELL('',(#99150,#99460,#99770,#100010,#100200));
#100290=ORIENTED_CLOSED_SHELL('',*,#100280,.T.);
#100300=CARTESIAN_POINT('',(2.94902990916057E-14,0.399999999999999,
-318.5));
#100310=DIRECTION('',(-0.,1.,-0.));
#100320=DIRECTION('',(1.,0.,1.22464679914735E-16));
#100330=AXIS2_PLACEMENT_3D('',#100300,#100310,#100320);
#100340=PLANE('',#100330);
#100350=CARTESIAN_POINT('',(3.84999999999999,0.399999999999999,
-0.95000000000001));
#100360=DIRECTION('',(0.,-1.,-0.));
#100370=DIRECTION('',(-0.749999999999931,0.,-0.661437827766226));
#100380=AXIS2_PLACEMENT_3D('',#100350,#100360,#100370);
#100390=CIRCLE('',#100380,0.199999999999975);
#100400=CARTESIAN_POINT('',(3.7,0.399999999999999,-1.08228756555323));
#100410=VERTEX_POINT('',#100400);
#100420=CARTESIAN_POINT('',(3.84999999999999,0.399999999999999,
-1.14999999999998));
#100430=VERTEX_POINT('',#100420);
#100440=EDGE_CURVE('',#100410,#100430,#100390,.T.);
#100450=ORIENTED_EDGE('',*,*,#100440,.T.);
#100460=CARTESIAN_POINT('',(3.7,0.399999999999999,-1.08228756555321));
#100470=DIRECTION('',(0.,0.,-1.));
#100480=VECTOR('',#100470,1.);
#100490=LINE('',#100460,#100480);
#100500=CARTESIAN_POINT('',(3.7,0.399999999999999,-1.14999999999999));
#100510=VERTEX_POINT('',#100500);
#100520=EDGE_CURVE('',#100410,#100510,#100490,.T.);
#100530=ORIENTED_EDGE('',*,*,#100520,.F.);
#100540=CARTESIAN_POINT('',(3.84999999999999,0.399999999999999,
-1.14999999999998));
#100550=DIRECTION('',(-1.,0.,0.));
#100560=VECTOR('',#100550,1.);
#100570=LINE('',#100540,#100560);
#100580=EDGE_CURVE('',#100430,#100510,#100570,.T.);
#100590=ORIENTED_EDGE('',*,*,#100580,.T.);
#100600=EDGE_LOOP('',(#100590,#100530,#100450));
#100610=FACE_OUTER_BOUND('',#100600,.T.);
#100620=ADVANCED_FACE('',(#100610),#100340,.T.);
#100630=COLOUR_RGB('',0.600000023841858,0.600000023841858,
0.600000023841858);
#100640=FILL_AREA_STYLE_COLOUR('',#100630);
#100650=FILL_AREA_STYLE('',(#100640));
#100660=SURFACE_STYLE_FILL_AREA(#100650);
#100670=SURFACE_SIDE_STYLE('',(#100660));
#100680=SURFACE_STYLE_USAGE(.BOTH.,#100670);
#100690=PRESENTATION_STYLE_ASSIGNMENT((#100680));
#100700=CARTESIAN_POINT('',(5.6,3.05725881205135,-1.14999999999999));
#100710=DIRECTION('',(-0.,-0.,1.));
#100720=DIRECTION('',(1.,0.,-0.));
#100730=AXIS2_PLACEMENT_3D('',#100700,#100710,#100720);
#100740=PLANE('',#100730);
#100750=CARTESIAN_POINT('',(3.7,0.399999999999999,-1.14999999999999));
#100760=DIRECTION('',(0.,1.,0.));
#100770=VECTOR('',#100760,1.);
#100780=LINE('',#100750,#100770);
#100790=CARTESIAN_POINT('',(3.7,0.65,-1.14999999999999));
#100800=VERTEX_POINT('',#100790);
#100810=EDGE_CURVE('',#100510,#100800,#100780,.T.);
#100820=ORIENTED_EDGE('',*,*,#100810,.F.);
#100830=CARTESIAN_POINT('',(3.84999999999999,0.65,-1.14999999999999));
#100840=DIRECTION('',(-1.,0.,0.));
#100850=VECTOR('',#100840,1.);
#100860=LINE('',#100830,#100850);
#100870=CARTESIAN_POINT('',(3.84999999999999,0.65,-1.14999999999999));
#100880=VERTEX_POINT('',#100870);
#100890=EDGE_CURVE('',#100880,#100800,#100860,.T.);
#100900=ORIENTED_EDGE('',*,*,#100890,.T.);
#100910=CARTESIAN_POINT('',(3.84999999999999,0.65,-1.14999999999999));
#100920=DIRECTION('',(0.,-1.,0.));
#100930=VECTOR('',#100920,1.);
#100940=LINE('',#100910,#100930);
#100950=EDGE_CURVE('',#100880,#100430,#100940,.T.);
#100960=ORIENTED_EDGE('',*,*,#100950,.F.);
#100970=ORIENTED_EDGE('',*,*,#100580,.F.);
#100980=EDGE_LOOP('',(#100970,#100960,#100900,#100820));
#100990=FACE_OUTER_BOUND('',#100980,.T.);
#101000=ADVANCED_FACE('',(#100990),#100740,.T.);
#101010=COLOUR_RGB('',0.600000023841858,0.600000023841858,
0.600000023841858);
#101020=FILL_AREA_STYLE_COLOUR('',#101010);
#101030=FILL_AREA_STYLE('',(#101020));
#101040=SURFACE_STYLE_FILL_AREA(#101030);
#101050=SURFACE_SIDE_STYLE('',(#101040));
#101060=SURFACE_STYLE_USAGE(.BOTH.,#101050);
#101070=PRESENTATION_STYLE_ASSIGNMENT((#101060));
#101080=CARTESIAN_POINT('',(3.84999999999999,0.65,-0.95000000000001));
#101090=DIRECTION('',(-0.,1.,-0.));
#101100=DIRECTION('',(1.,0.,0.));
#101110=AXIS2_PLACEMENT_3D('',#101080,#101090,#101100);
#101120=CYLINDRICAL_SURFACE('',#101110,0.199999999999975);
#101130=ORIENTED_EDGE('',*,*,#100440,.F.);
#101140=ORIENTED_EDGE('',*,*,#100950,.T.);
#101150=CARTESIAN_POINT('',(3.84999999999999,0.65,-0.95000000000001));
#101160=DIRECTION('',(0.,1.,0.));
#101170=DIRECTION('',(0.,0.,-1.));
#101180=AXIS2_PLACEMENT_3D('',#101150,#101160,#101170);
#101190=CIRCLE('',#101180,0.199999999999975);
#101200=CARTESIAN_POINT('',(3.7,0.65,-1.0822875655532));
#101210=VERTEX_POINT('',#101200);
#101220=EDGE_CURVE('',#100880,#101210,#101190,.T.);
#101230=ORIENTED_EDGE('',*,*,#101220,.F.);
#101240=CARTESIAN_POINT('',(3.7,0.399999999999999,-1.08228756555321));
#101250=DIRECTION('',(0.,1.,0.));
#101260=VECTOR('',#101250,1.);
#101270=LINE('',#101240,#101260);
#101280=EDGE_CURVE('',#100410,#101210,#101270,.T.);
#101290=ORIENTED_EDGE('',*,*,#101280,.T.);
#101300=EDGE_LOOP('',(#101290,#101230,#101140,#101130));
#101310=FACE_OUTER_BOUND('',#101300,.T.);
#101320=ADVANCED_FACE('',(#101310),#101120,.T.);
#101330=COLOUR_RGB('',0.600000023841858,0.600000023841858,
0.600000023841858);
#101340=FILL_AREA_STYLE_COLOUR('',#101330);
#101350=FILL_AREA_STYLE('',(#101340));
#101360=SURFACE_STYLE_FILL_AREA(#101350);
#101370=SURFACE_SIDE_STYLE('',(#101360));
#101380=SURFACE_STYLE_USAGE(.BOTH.,#101370);
#101390=PRESENTATION_STYLE_ASSIGNMENT((#101380));
#101400=CARTESIAN_POINT('',(3.7,-1.99657082647116,-3.00430699241645));
#101410=DIRECTION('',(-1.,-1.9673981657241E-34,1.4073794347601E-16));
#101420=DIRECTION('',(1.4073794347601E-16,-2.94648481515741E-20,1.));
#101430=AXIS2_PLACEMENT_3D('',#101400,#101410,#101420);
#101440=PLANE('',#101430);
#101450=ORIENTED_EDGE('',*,*,#100520,.T.);
#101460=ORIENTED_EDGE('',*,*,#101280,.F.);
#101470=CARTESIAN_POINT('',(3.7,0.65,-1.0822875655532));
#101480=DIRECTION('',(0.,0.,-1.));
#101490=VECTOR('',#101480,1.);
#101500=LINE('',#101470,#101490);
#101510=EDGE_CURVE('',#101210,#100800,#101500,.T.);
#101520=ORIENTED_EDGE('',*,*,#101510,.F.);
#101530=ORIENTED_EDGE('',*,*,#100810,.T.);
#101540=EDGE_LOOP('',(#101530,#101520,#101460,#101450));
#101550=FACE_OUTER_BOUND('',#101540,.T.);
#101560=ADVANCED_FACE('',(#101550),#101440,.F.);
#101570=COLOUR_RGB('',0.600000023841858,0.600000023841858,
0.600000023841858);
#101580=FILL_AREA_STYLE_COLOUR('',#101570);
#101590=FILL_AREA_STYLE('',(#101580));
#101600=SURFACE_STYLE_FILL_AREA(#101590);
#101610=SURFACE_SIDE_STYLE('',(#101600));
#101620=SURFACE_STYLE_USAGE(.BOTH.,#101610);
#101630=PRESENTATION_STYLE_ASSIGNMENT((#101620));
#101640=CARTESIAN_POINT('',(2.94902990916057E-14,0.65,-318.5));
#101650=DIRECTION('',(-0.,1.,-0.));
#101660=DIRECTION('',(1.,0.,1.22464679914735E-16));
#101670=AXIS2_PLACEMENT_3D('',#101640,#101650,#101660);
#101680=PLANE('',#101670);
#101690=ORIENTED_EDGE('',*,*,#101220,.T.);
#101700=ORIENTED_EDGE('',*,*,#100890,.F.);
#101710=ORIENTED_EDGE('',*,*,#101510,.T.);
#101720=EDGE_LOOP('',(#101710,#101700,#101690));
#101730=FACE_OUTER_BOUND('',#101720,.T.);
#101740=ADVANCED_FACE('',(#101730),#101680,.F.);
#101750=COLOUR_RGB('',0.600000023841858,0.600000023841858,
0.600000023841858);
#101760=FILL_AREA_STYLE_COLOUR('',#101750);
#101770=FILL_AREA_STYLE('',(#101760));
#101780=SURFACE_STYLE_FILL_AREA(#101770);
#101790=SURFACE_SIDE_STYLE('',(#101780));
#101800=SURFACE_STYLE_USAGE(.BOTH.,#101790);
#101810=PRESENTATION_STYLE_ASSIGNMENT((#101800));
#101820=CLOSED_SHELL('',(#100620,#101000,#101320,#101560,#101740));
#101830=ORIENTED_CLOSED_SHELL('',*,#101820,.T.);
#101840=CARTESIAN_POINT('',(-3.69999999999114,3.05725881205135,
1.14999999999861));
#101850=DIRECTION('',(2.07817167380934E-16,-0.,-1.));
#101860=DIRECTION('',(-1.,0.,-2.07817167380934E-16));
#101870=AXIS2_PLACEMENT_3D('',#101840,#101850,#101860);
#101880=PLANE('',#101870);
#101890=CARTESIAN_POINT('',(-3.7,0.399999999999999,1.14999999999861));
#101900=DIRECTION('',(0.,1.,0.));
#101910=VECTOR('',#101900,1.);
#101920=LINE('',#101890,#101910);
#101930=CARTESIAN_POINT('',(-3.7,0.399999999999999,1.14999999999861));
#101940=VERTEX_POINT('',#101930);
#101950=CARTESIAN_POINT('',(-3.7,0.65,1.14999999999861));
#101960=VERTEX_POINT('',#101950);
#101970=EDGE_CURVE('',#101940,#101960,#101920,.T.);
#101980=ORIENTED_EDGE('',*,*,#101970,.F.);
#101990=CARTESIAN_POINT('',(-3.79641016151379,0.65,1.14999999999861));
#102000=DIRECTION('',(1.,0.,0.));
#102010=VECTOR('',#102000,1.);
#102020=LINE('',#101990,#102010);
#102030=CARTESIAN_POINT('',(-3.79641016149994,0.65,1.15000000000003));
#102040=VERTEX_POINT('',#102030);
#102050=EDGE_CURVE('',#102040,#101960,#102020,.T.);
#102060=ORIENTED_EDGE('',*,*,#102050,.T.);
#102070=CARTESIAN_POINT('',(-3.79641016151379,0.65,1.15000000000001));
#102080=DIRECTION('',(0.,-1.,0.));
#102090=VECTOR('',#102080,1.);
#102100=LINE('',#102070,#102090);
#102110=CARTESIAN_POINT('',(-3.79641016151379,0.399999999999999,
1.15000000000001));
#102120=VERTEX_POINT('',#102110);
#102130=EDGE_CURVE('',#102040,#102120,#102100,.T.);
#102140=ORIENTED_EDGE('',*,*,#102130,.F.);
#102150=CARTESIAN_POINT('',(-3.79641016149148,0.399999999999999,
1.14999999999861));
#102160=DIRECTION('',(1.,0.,0.));
#102170=VECTOR('',#102160,1.);
#102180=LINE('',#102150,#102170);
#102190=EDGE_CURVE('',#102120,#101940,#102180,.T.);
#102200=ORIENTED_EDGE('',*,*,#102190,.F.);
#102210=EDGE_LOOP('',(#102200,#102140,#102060,#101980));
#102220=FACE_OUTER_BOUND('',#102210,.T.);
#102230=ADVANCED_FACE('',(#102220),#101880,.T.);
#102240=COLOUR_RGB('',0.600000023841858,0.600000023841858,
0.600000023841858);
#102250=FILL_AREA_STYLE_COLOUR('',#102240);
#102260=FILL_AREA_STYLE('',(#102250));
#102270=SURFACE_STYLE_FILL_AREA(#102260);
#102280=SURFACE_SIDE_STYLE('',(#102270));
#102290=SURFACE_STYLE_USAGE(.BOTH.,#102280);
#102300=PRESENTATION_STYLE_ASSIGNMENT((#102290));
#102310=CARTESIAN_POINT('',(-3.79641016151379,0.65,0.950000000000003));
#102320=DIRECTION('',(-0.,1.,-0.));
#102330=DIRECTION('',(1.,0.,0.));
#102340=AXIS2_PLACEMENT_3D('',#102310,#102320,#102330);
#102350=CYLINDRICAL_SURFACE('',#102340,0.200000000000007);
#102360=CARTESIAN_POINT('',(-3.79641016151379,0.399999999999999,
0.950000000000003));
#102370=DIRECTION('',(0.,-1.,0.));
#102380=DIRECTION('',(0.482050807568986,0.,0.876143263925534));
#102390=AXIS2_PLACEMENT_3D('',#102360,#102370,#102380);
#102400=CIRCLE('',#102390,0.200000000000007);
#102410=CARTESIAN_POINT('',(-3.69999999999999,0.399999999999999,
1.1252286527851));
#102420=VERTEX_POINT('',#102410);
#102430=EDGE_CURVE('',#102420,#102120,#102400,.T.);
#102440=ORIENTED_EDGE('',*,*,#102430,.F.);
#102450=ORIENTED_EDGE('',*,*,#102130,.T.);
#102460=CARTESIAN_POINT('',(-3.79641016151379,0.65,0.950000000000003));
#102470=DIRECTION('',(-0.,1.,0.));
#102480=DIRECTION('',(1.38531408566673E-10,0.,1.));
#102490=AXIS2_PLACEMENT_3D('',#102460,#102470,#102480);
#102500=CIRCLE('',#102490,0.200000000000007);
#102510=CARTESIAN_POINT('',(-3.7,0.65,1.1252286527851));
#102520=VERTEX_POINT('',#102510);
#102530=EDGE_CURVE('',#102040,#102520,#102500,.T.);
#102540=ORIENTED_EDGE('',*,*,#102530,.F.);
#102550=CARTESIAN_POINT('',(-3.7,0.399999999999999,1.12522865278512));
#102560=DIRECTION('',(0.,1.,0.));
#102570=VECTOR('',#102560,1.);
#102580=LINE('',#102550,#102570);
#102590=EDGE_CURVE('',#102420,#102520,#102580,.T.);
#102600=ORIENTED_EDGE('',*,*,#102590,.T.);
#102610=EDGE_LOOP('',(#102600,#102540,#102450,#102440));
#102620=FACE_OUTER_BOUND('',#102610,.T.);
#102630=ADVANCED_FACE('',(#102620),#102350,.T.);
#102640=COLOUR_RGB('',0.600000023841858,0.600000023841858,
0.600000023841858);
#102650=FILL_AREA_STYLE_COLOUR('',#102640);
#102660=FILL_AREA_STYLE('',(#102650));
#102670=SURFACE_STYLE_FILL_AREA(#102660);
#102680=SURFACE_SIDE_STYLE('',(#102670));
#102690=SURFACE_STYLE_USAGE(.BOTH.,#102680);
#102700=PRESENTATION_STYLE_ASSIGNMENT((#102690));
#102710=CARTESIAN_POINT('',(2.94902990916057E-14,0.399999999999999,
-318.5));
#102720=DIRECTION('',(-0.,1.,-0.));
#102730=DIRECTION('',(1.,0.,1.22464679914735E-16));
#102740=AXIS2_PLACEMENT_3D('',#102710,#102720,#102730);
#102750=PLANE('',#102740);
#102760=ORIENTED_EDGE('',*,*,#102190,.T.);
#102770=ORIENTED_EDGE('',*,*,#102430,.T.);
#102780=CARTESIAN_POINT('',(-3.7,0.399999999999999,1.12522865278512));
#102790=DIRECTION('',(0.,0.,1.));
#102800=VECTOR('',#102790,1.);
#102810=LINE('',#102780,#102800);
#102820=EDGE_CURVE('',#102420,#101940,#102810,.T.);
#102830=ORIENTED_EDGE('',*,*,#102820,.F.);
#102840=EDGE_LOOP('',(#102830,#102770,#102760));
#102850=FACE_OUTER_BOUND('',#102840,.T.);
#102860=ADVANCED_FACE('',(#102850),#102750,.T.);
#102870=COLOUR_RGB('',0.600000023841858,0.600000023841858,
0.600000023841858);
#102880=FILL_AREA_STYLE_COLOUR('',#102870);
#102890=FILL_AREA_STYLE('',(#102880));
#102900=SURFACE_STYLE_FILL_AREA(#102890);
#102910=SURFACE_SIDE_STYLE('',(#102900));
#102920=SURFACE_STYLE_USAGE(.BOTH.,#102910);
#102930=PRESENTATION_STYLE_ASSIGNMENT((#102920));
#102940=CARTESIAN_POINT('',(-3.7,-1.99657082647116,2.6999975476481));
#102950=DIRECTION('',(1.,1.92592994438725E-34,-0.));
#102960=DIRECTION('',(-5.67472333619399E-54,2.94648481515741E-20,-1.));
#102970=AXIS2_PLACEMENT_3D('',#102940,#102950,#102960);
#102980=PLANE('',#102970);
#102990=CARTESIAN_POINT('',(-3.7,0.65,1.1252286527851));
#103000=DIRECTION('',(0.,0.,1.));
#103010=VECTOR('',#103000,1.);
#103020=LINE('',#102990,#103010);
#103030=EDGE_CURVE('',#102520,#101960,#103020,.T.);
#103040=ORIENTED_EDGE('',*,*,#103030,.F.);
#103050=ORIENTED_EDGE('',*,*,#101970,.T.);
#103060=ORIENTED_EDGE('',*,*,#102820,.T.);
#103070=ORIENTED_EDGE('',*,*,#102590,.F.);
#103080=EDGE_LOOP('',(#103070,#103060,#103050,#103040));
#103090=FACE_OUTER_BOUND('',#103080,.T.);
#103100=ADVANCED_FACE('',(#103090),#102980,.F.);
#103110=COLOUR_RGB('',0.600000023841858,0.600000023841858,
0.600000023841858);
#103120=FILL_AREA_STYLE_COLOUR('',#103110);
#103130=FILL_AREA_STYLE('',(#103120));
#103140=SURFACE_STYLE_FILL_AREA(#103130);
#103150=SURFACE_SIDE_STYLE('',(#103140));
#103160=SURFACE_STYLE_USAGE(.BOTH.,#103150);
#103170=PRESENTATION_STYLE_ASSIGNMENT((#103160));
#103180=CARTESIAN_POINT('',(2.94902990916057E-14,0.65,-318.5));
#103190=DIRECTION('',(-0.,1.,-0.));
#103200=DIRECTION('',(1.,0.,1.22464679914735E-16));
#103210=AXIS2_PLACEMENT_3D('',#103180,#103190,#103200);
#103220=PLANE('',#103210);
#103230=ORIENTED_EDGE('',*,*,#102530,.T.);
#103240=ORIENTED_EDGE('',*,*,#102050,.F.);
#103250=ORIENTED_EDGE('',*,*,#103030,.T.);
#103260=EDGE_LOOP('',(#103250,#103240,#103230));
#103270=FACE_OUTER_BOUND('',#103260,.T.);
#103280=ADVANCED_FACE('',(#103270),#103220,.F.);
#103290=COLOUR_RGB('',0.600000023841858,0.600000023841858,
0.600000023841858);
#103300=FILL_AREA_STYLE_COLOUR('',#103290);
#103310=FILL_AREA_STYLE('',(#103300));
#103320=SURFACE_STYLE_FILL_AREA(#103310);
#103330=SURFACE_SIDE_STYLE('',(#103320));
#103340=SURFACE_STYLE_USAGE(.BOTH.,#103330);
#103350=PRESENTATION_STYLE_ASSIGNMENT((#103340));
#103360=CLOSED_SHELL('',(#102230,#102630,#102860,#103100,#103280));
#103370=ORIENTED_CLOSED_SHELL('',*,#103360,.T.);
#103380=CARTESIAN_POINT('',(-3.69999999999114,3.05725881205135,
2.34999999999861));
#103390=DIRECTION('',(-0.,-0.,1.));
#103400=DIRECTION('',(1.,0.,-0.));
#103410=AXIS2_PLACEMENT_3D('',#103380,#103390,#103400);
#103420=PLANE('',#103410);
#103430=CARTESIAN_POINT('',(-3.7,0.65,2.34999999999861));
#103440=DIRECTION('',(-1.,0.,0.));
#103450=VECTOR('',#103440,1.);
#103460=LINE('',#103430,#103450);
#103470=CARTESIAN_POINT('',(-3.7,0.65,2.34999999999861));
#103480=VERTEX_POINT('',#103470);
#103490=CARTESIAN_POINT('',(-3.85000000000724,0.65,2.34999999999861));
#103500=VERTEX_POINT('',#103490);
#103510=EDGE_CURVE('',#103480,#103500,#103460,.T.);
#103520=ORIENTED_EDGE('',*,*,#103510,.T.);
#103530=CARTESIAN_POINT('',(-3.7,0.65,2.34999999999861));
#103540=DIRECTION('',(0.,-1.,0.));
#103550=VECTOR('',#103540,1.);
#103560=LINE('',#103530,#103550);
#103570=CARTESIAN_POINT('',(-3.7,0.399999999999999,2.34999999999861));
#103580=VERTEX_POINT('',#103570);
#103590=EDGE_CURVE('',#103480,#103580,#103560,.T.);
#103600=ORIENTED_EDGE('',*,*,#103590,.F.);
#103610=CARTESIAN_POINT('',(-3.7,0.399999999999999,2.3499999999986));
#103620=DIRECTION('',(-1.,0.,0.));
#103630=VECTOR('',#103620,1.);
#103640=LINE('',#103610,#103630);
#103650=CARTESIAN_POINT('',(-3.85000000000001,0.399999999999999,
2.35000000000005));
#103660=VERTEX_POINT('',#103650);
#103670=EDGE_CURVE('',#103580,#103660,#103640,.T.);
#103680=ORIENTED_EDGE('',*,*,#103670,.F.);
#103690=CARTESIAN_POINT('',(-3.85000000000001,0.399999999999999,
2.35000000000005));
#103700=DIRECTION('',(0.,1.,0.));
#103710=VECTOR('',#103700,1.);
#103720=LINE('',#103690,#103710);
#103730=EDGE_CURVE('',#103660,#103500,#103720,.T.);
#103740=ORIENTED_EDGE('',*,*,#103730,.F.);
#103750=EDGE_LOOP('',(#103740,#103680,#103600,#103520));
#103760=FACE_OUTER_BOUND('',#103750,.T.);
#103770=ADVANCED_FACE('',(#103760),#103420,.T.);
#103780=COLOUR_RGB('',0.600000023841858,0.600000023841858,
0.600000023841858);
#103790=FILL_AREA_STYLE_COLOUR('',#103780);
#103800=FILL_AREA_STYLE('',(#103790));
#103810=SURFACE_STYLE_FILL_AREA(#103800);
#103820=SURFACE_SIDE_STYLE('',(#103810));
#103830=SURFACE_STYLE_USAGE(.BOTH.,#103820);
#103840=PRESENTATION_STYLE_ASSIGNMENT((#103830));
#103850=CARTESIAN_POINT('',(2.94902990916057E-14,0.399999999999999,
-318.5));
#103860=DIRECTION('',(-0.,1.,-0.));
#103870=DIRECTION('',(1.,0.,1.22464679914735E-16));
#103880=AXIS2_PLACEMENT_3D('',#103850,#103860,#103870);
#103890=PLANE('',#103880);
#103900=CARTESIAN_POINT('',(-3.7,0.399999999999999,2.34999999999861));
#103910=DIRECTION('',(0.,0.,1.));
#103920=VECTOR('',#103910,1.);
#103930=LINE('',#103900,#103920);
#103940=CARTESIAN_POINT('',(-3.69999999999999,0.399999999999999,
2.41771243444686));
#103950=VERTEX_POINT('',#103940);
#103960=EDGE_CURVE('',#103580,#103950,#103930,.T.);
#103970=ORIENTED_EDGE('',*,*,#103960,.F.);
#103980=CARTESIAN_POINT('',(-3.85000000000001,0.399999999999999,
2.55000000000005));
#103990=DIRECTION('',(0.,-1.,-0.));
#104000=DIRECTION('',(-9.46420719571948E-11,0.,-1.));
#104010=AXIS2_PLACEMENT_3D('',#103980,#103990,#104000);
#104020=CIRCLE('',#104010,0.200000000000003);
#104030=EDGE_CURVE('',#103660,#103950,#104020,.T.);
#104040=ORIENTED_EDGE('',*,*,#104030,.T.);
#104050=ORIENTED_EDGE('',*,*,#103670,.T.);
#104060=EDGE_LOOP('',(#104050,#104040,#103970));
#104070=FACE_OUTER_BOUND('',#104060,.T.);
#104080=ADVANCED_FACE('',(#104070),#103890,.T.);
#104090=COLOUR_RGB('',0.600000023841858,0.600000023841858,
0.600000023841858);
#104100=FILL_AREA_STYLE_COLOUR('',#104090);
#104110=FILL_AREA_STYLE('',(#104100));
#104120=SURFACE_STYLE_FILL_AREA(#104110);
#104130=SURFACE_SIDE_STYLE('',(#104120));
#104140=SURFACE_STYLE_USAGE(.BOTH.,#104130);
#104150=PRESENTATION_STYLE_ASSIGNMENT((#104140));
#104160=CARTESIAN_POINT('',(-3.85000000000001,0.65,2.55000000000005));
#104170=DIRECTION('',(-0.,1.,-0.));
#104180=DIRECTION('',(1.,0.,0.));
#104190=AXIS2_PLACEMENT_3D('',#104160,#104170,#104180);
#104200=CYLINDRICAL_SURFACE('',#104190,0.200000000000003);
#104210=ORIENTED_EDGE('',*,*,#104030,.F.);
#104220=CARTESIAN_POINT('',(-3.7,0.65,2.41771243444683));
#104230=DIRECTION('',(0.,-1.,0.));
#104240=VECTOR('',#104230,1.);
#104250=LINE('',#104220,#104240);
#104260=CARTESIAN_POINT('',(-3.69999999999999,0.65,2.41771243444686));
#104270=VERTEX_POINT('',#104260);
#104280=EDGE_CURVE('',#104270,#103950,#104250,.T.);
#104290=ORIENTED_EDGE('',*,*,#104280,.T.);
#104300=CARTESIAN_POINT('',(-3.85000000000001,0.65,2.55000000000005));
#104310=DIRECTION('',(0.,1.,0.));
#104320=DIRECTION('',(0.750000000000108,0.,-0.661437827766026));
#104330=AXIS2_PLACEMENT_3D('',#104300,#104310,#104320);
#104340=CIRCLE('',#104330,0.200000000000003);
#104350=EDGE_CURVE('',#104270,#103500,#104340,.T.);
#104360=ORIENTED_EDGE('',*,*,#104350,.F.);
#104370=ORIENTED_EDGE('',*,*,#103730,.T.);
#104380=EDGE_LOOP('',(#104370,#104360,#104290,#104210));
#104390=FACE_OUTER_BOUND('',#104380,.T.);
#104400=ADVANCED_FACE('',(#104390),#104200,.T.);
#104410=COLOUR_RGB('',0.600000023841858,0.600000023841858,
0.600000023841858);
#104420=FILL_AREA_STYLE_COLOUR('',#104410);
#104430=FILL_AREA_STYLE('',(#104420));
#104440=SURFACE_STYLE_FILL_AREA(#104430);
#104450=SURFACE_SIDE_STYLE('',(#104440));
#104460=SURFACE_STYLE_USAGE(.BOTH.,#104450);
#104470=PRESENTATION_STYLE_ASSIGNMENT((#104460));
#104480=CARTESIAN_POINT('',(-3.7,-1.99657082647116,2.6999975476481));
#104490=DIRECTION('',(1.,1.92592994438725E-34,-0.));
#104500=DIRECTION('',(-5.67472333619399E-54,2.94648481515741E-20,-1.));
#104510=AXIS2_PLACEMENT_3D('',#104480,#104490,#104500);
#104520=PLANE('',#104510);
#104530=CARTESIAN_POINT('',(-3.7,0.65,2.3499999999986));
#104540=DIRECTION('',(0.,0.,1.));
#104550=VECTOR('',#104540,1.);
#104560=LINE('',#104530,#104550);
#104570=EDGE_CURVE('',#103480,#104270,#104560,.T.);
#104580=ORIENTED_EDGE('',*,*,#104570,.F.);
#104590=ORIENTED_EDGE('',*,*,#104280,.F.);
#104600=ORIENTED_EDGE('',*,*,#103960,.T.);
#104610=ORIENTED_EDGE('',*,*,#103590,.T.);
#104620=EDGE_LOOP('',(#104610,#104600,#104590,#104580));
#104630=FACE_OUTER_BOUND('',#104620,.T.);
#104640=ADVANCED_FACE('',(#104630),#104520,.F.);
#104650=COLOUR_RGB('',0.600000023841858,0.600000023841858,
0.600000023841858);
#104660=FILL_AREA_STYLE_COLOUR('',#104650);
#104670=FILL_AREA_STYLE('',(#104660));
#104680=SURFACE_STYLE_FILL_AREA(#104670);
#104690=SURFACE_SIDE_STYLE('',(#104680));
#104700=SURFACE_STYLE_USAGE(.BOTH.,#104690);
#104710=PRESENTATION_STYLE_ASSIGNMENT((#104700));
#104720=CARTESIAN_POINT('',(2.94902990916057E-14,0.65,-318.5));
#104730=DIRECTION('',(-0.,1.,-0.));
#104740=DIRECTION('',(1.,0.,1.22464679914735E-16));
#104750=AXIS2_PLACEMENT_3D('',#104720,#104730,#104740);
#104760=PLANE('',#104750);
#104770=ORIENTED_EDGE('',*,*,#104570,.T.);
#104780=ORIENTED_EDGE('',*,*,#103510,.F.);
#104790=ORIENTED_EDGE('',*,*,#104350,.T.);
#104800=EDGE_LOOP('',(#104790,#104780,#104770));
#104810=FACE_OUTER_BOUND('',#104800,.T.);
#104820=ADVANCED_FACE('',(#104810),#104760,.F.);
#104830=COLOUR_RGB('',0.600000023841858,0.600000023841858,
0.600000023841858);
#104840=FILL_AREA_STYLE_COLOUR('',#104830);
#104850=FILL_AREA_STYLE('',(#104840));
#104860=SURFACE_STYLE_FILL_AREA(#104850);
#104870=SURFACE_SIDE_STYLE('',(#104860));
#104880=SURFACE_STYLE_USAGE(.BOTH.,#104870);
#104890=PRESENTATION_STYLE_ASSIGNMENT((#104880));
#104900=CLOSED_SHELL('',(#103770,#104080,#104400,#104640,#104820));
#104910=ORIENTED_CLOSED_SHELL('',*,#104900,.T.);
#104920=CARTESIAN_POINT('',(3.7,-1.99657082647116,-3.00430699241645));
#104930=DIRECTION('',(-1.,-1.9673981657241E-34,1.4073794347601E-16));
#104940=DIRECTION('',(1.4073794347601E-16,-2.94648481515741E-20,1.));
#104950=AXIS2_PLACEMENT_3D('',#104920,#104930,#104940);
#104960=PLANE('',#104950);
#104970=CARTESIAN_POINT('',(3.7,0.399999999999999,-2.34999999999998));
#104980=DIRECTION('',(0.,0.,-1.));
#104990=VECTOR('',#104980,1.);
#105000=LINE('',#104970,#104990);
#105010=CARTESIAN_POINT('',(3.7,0.399999999999999,-2.34999999999997));
#105020=VERTEX_POINT('',#105010);
#105030=CARTESIAN_POINT('',(3.7,0.399999999999999,-2.41771243444676));
#105040=VERTEX_POINT('',#105030);
#105050=EDGE_CURVE('',#105020,#105040,#105000,.T.);
#105060=ORIENTED_EDGE('',*,*,#105050,.T.);
#105070=CARTESIAN_POINT('',(3.7,0.65,-2.34999999999998));
#105080=DIRECTION('',(0.,-1.,0.));
#105090=VECTOR('',#105080,1.);
#105100=LINE('',#105070,#105090);
#105110=CARTESIAN_POINT('',(3.7,0.65,-2.34999999999999));
#105120=VERTEX_POINT('',#105110);
#105130=EDGE_CURVE('',#105120,#105020,#105100,.T.);
#105140=ORIENTED_EDGE('',*,*,#105130,.T.);
#105150=CARTESIAN_POINT('',(3.7,0.65,-2.34999999999997));
#105160=DIRECTION('',(0.,0.,-1.));
#105170=VECTOR('',#105160,1.);
#105180=LINE('',#105150,#105170);
#105190=CARTESIAN_POINT('',(3.69999999999999,0.65,-2.4177124344468));
#105200=VERTEX_POINT('',#105190);
#105210=EDGE_CURVE('',#105120,#105200,#105180,.T.);
#105220=ORIENTED_EDGE('',*,*,#105210,.F.);
#105230=CARTESIAN_POINT('',(3.7,0.65,-2.41771243444676));
#105240=DIRECTION('',(0.,-1.,0.));
#105250=VECTOR('',#105240,1.);
#105260=LINE('',#105230,#105250);
#105270=EDGE_CURVE('',#105200,#105040,#105260,.T.);
#105280=ORIENTED_EDGE('',*,*,#105270,.F.);
#105290=EDGE_LOOP('',(#105280,#105220,#105140,#105060));
#105300=FACE_OUTER_BOUND('',#105290,.T.);
#105310=ADVANCED_FACE('',(#105300),#104960,.F.);
#105320=COLOUR_RGB('',0.600000023841858,0.600000023841858,
0.600000023841858);
#105330=FILL_AREA_STYLE_COLOUR('',#105320);
#105340=FILL_AREA_STYLE('',(#105330));
#105350=SURFACE_STYLE_FILL_AREA(#105340);
#105360=SURFACE_SIDE_STYLE('',(#105350));
#105370=SURFACE_STYLE_USAGE(.BOTH.,#105360);
#105380=PRESENTATION_STYLE_ASSIGNMENT((#105370));
#105390=CARTESIAN_POINT('',(5.41179267895584,3.05725881205135,
-2.34999999999999));
#105400=DIRECTION('',(-5.06697889675167E-16,-0.,-1.));
#105410=DIRECTION('',(-1.,0.,5.06697889675167E-16));
#105420=AXIS2_PLACEMENT_3D('',#105390,#105400,#105410);
#105430=PLANE('',#105420);
#105440=CARTESIAN_POINT('',(3.7,0.65,-2.34999999999999));
#105450=DIRECTION('',(1.,0.,0.));
#105460=VECTOR('',#105450,1.);
#105470=LINE('',#105440,#105460);
#105480=CARTESIAN_POINT('',(3.85000000000028,0.65,-2.34999999999999));
#105490=VERTEX_POINT('',#105480);
#105500=EDGE_CURVE('',#105120,#105490,#105470,.T.);
#105510=ORIENTED_EDGE('',*,*,#105500,.T.);
#105520=ORIENTED_EDGE('',*,*,#105130,.F.);
#105530=CARTESIAN_POINT('',(3.7,0.399999999999999,-2.34999999999997));
#105540=DIRECTION('',(1.,0.,0.));
#105550=VECTOR('',#105540,1.);
#105560=LINE('',#105530,#105550);
#105570=CARTESIAN_POINT('',(3.85000000000037,0.399999999999999,
-2.35000000000002));
#105580=VERTEX_POINT('',#105570);
#105590=EDGE_CURVE('',#105020,#105580,#105560,.T.);
#105600=ORIENTED_EDGE('',*,*,#105590,.F.);
#105610=CARTESIAN_POINT('',(3.84999999999999,0.399999999999999,-2.35));
#105620=DIRECTION('',(0.,1.,0.));
#105630=VECTOR('',#105620,1.);
#105640=LINE('',#105610,#105630);
#105650=EDGE_CURVE('',#105580,#105490,#105640,.T.);
#105660=ORIENTED_EDGE('',*,*,#105650,.F.);
#105670=EDGE_LOOP('',(#105660,#105600,#105520,#105510));
#105680=FACE_OUTER_BOUND('',#105670,.T.);
#105690=ADVANCED_FACE('',(#105680),#105430,.T.);
#105700=COLOUR_RGB('',0.600000023841858,0.600000023841858,
0.600000023841858);
#105710=FILL_AREA_STYLE_COLOUR('',#105700);
#105720=FILL_AREA_STYLE('',(#105710));
#105730=SURFACE_STYLE_FILL_AREA(#105720);
#105740=SURFACE_SIDE_STYLE('',(#105730));
#105750=SURFACE_STYLE_USAGE(.BOTH.,#105740);
#105760=PRESENTATION_STYLE_ASSIGNMENT((#105750));
#105770=CARTESIAN_POINT('',(2.94902990916057E-14,0.65,-318.5));
#105780=DIRECTION('',(-0.,1.,-0.));
#105790=DIRECTION('',(1.,0.,1.22464679914735E-16));
#105800=AXIS2_PLACEMENT_3D('',#105770,#105780,#105790);
#105810=PLANE('',#105800);
#105820=ORIENTED_EDGE('',*,*,#105500,.F.);
#105830=CARTESIAN_POINT('',(3.84999999999999,0.65,-2.55));
#105840=DIRECTION('',(0.,1.,0.));
#105850=DIRECTION('',(-0.750000000000048,0.,0.661437827766094));
#105860=AXIS2_PLACEMENT_3D('',#105830,#105840,#105850);
#105870=CIRCLE('',#105860,0.199999999999996);
#105880=EDGE_CURVE('',#105200,#105490,#105870,.T.);
#105890=ORIENTED_EDGE('',*,*,#105880,.T.);
#105900=ORIENTED_EDGE('',*,*,#105210,.T.);
#105910=EDGE_LOOP('',(#105900,#105890,#105820));
#105920=FACE_OUTER_BOUND('',#105910,.T.);
#105930=ADVANCED_FACE('',(#105920),#105810,.F.);
#105940=COLOUR_RGB('',0.600000023841858,0.600000023841858,
0.600000023841858);
#105950=FILL_AREA_STYLE_COLOUR('',#105940);
#105960=FILL_AREA_STYLE('',(#105950));
#105970=SURFACE_STYLE_FILL_AREA(#105960);
#105980=SURFACE_SIDE_STYLE('',(#105970));
#105990=SURFACE_STYLE_USAGE(.BOTH.,#105980);
#106000=PRESENTATION_STYLE_ASSIGNMENT((#105990));
#106010=CARTESIAN_POINT('',(3.84999999999999,0.65,-2.55));
#106020=DIRECTION('',(-0.,1.,-0.));
#106030=DIRECTION('',(1.,0.,0.));
#106040=AXIS2_PLACEMENT_3D('',#106010,#106020,#106030);
#106050=CYLINDRICAL_SURFACE('',#106040,0.199999999999996);
#106060=CARTESIAN_POINT('',(3.84999999999999,0.399999999999999,-2.55));
#106070=DIRECTION('',(0.,-1.,0.));
#106080=DIRECTION('',(3.78586051397186E-12,0.,1.));
#106090=AXIS2_PLACEMENT_3D('',#106060,#106070,#106080);
#106100=CIRCLE('',#106090,0.199999999999996);
#106110=EDGE_CURVE('',#105580,#105040,#106100,.T.);
#106120=ORIENTED_EDGE('',*,*,#106110,.F.);
#106130=ORIENTED_EDGE('',*,*,#105270,.T.);
#106140=ORIENTED_EDGE('',*,*,#105880,.F.);
#106150=ORIENTED_EDGE('',*,*,#105650,.T.);
#106160=EDGE_LOOP('',(#106150,#106140,#106130,#106120));
#106170=FACE_OUTER_BOUND('',#106160,.T.);
#106180=ADVANCED_FACE('',(#106170),#106050,.T.);
#106190=COLOUR_RGB('',0.600000023841858,0.600000023841858,
0.600000023841858);
#106200=FILL_AREA_STYLE_COLOUR('',#106190);
#106210=FILL_AREA_STYLE('',(#106200));
#106220=SURFACE_STYLE_FILL_AREA(#106210);
#106230=SURFACE_SIDE_STYLE('',(#106220));
#106240=SURFACE_STYLE_USAGE(.BOTH.,#106230);
#106250=PRESENTATION_STYLE_ASSIGNMENT((#106240));
#106260=CARTESIAN_POINT('',(2.94902990916057E-14,0.399999999999999,
-318.5));
#106270=DIRECTION('',(-0.,1.,-0.));
#106280=DIRECTION('',(1.,0.,1.22464679914735E-16));
#106290=AXIS2_PLACEMENT_3D('',#106260,#106270,#106280);
#106300=PLANE('',#106290);
#106310=ORIENTED_EDGE('',*,*,#106110,.T.);
#106320=ORIENTED_EDGE('',*,*,#105590,.T.);
#106330=ORIENTED_EDGE('',*,*,#105050,.F.);
#106340=EDGE_LOOP('',(#106330,#106320,#106310));
#106350=FACE_OUTER_BOUND('',#106340,.T.);
#106360=ADVANCED_FACE('',(#106350),#106300,.T.);
#106370=COLOUR_RGB('',0.600000023841858,0.600000023841858,
0.600000023841858);
#106380=FILL_AREA_STYLE_COLOUR('',#106370);
#106390=FILL_AREA_STYLE('',(#106380));
#106400=SURFACE_STYLE_FILL_AREA(#106390);
#106410=SURFACE_SIDE_STYLE('',(#106400));
#106420=SURFACE_STYLE_USAGE(.BOTH.,#106410);
#106430=PRESENTATION_STYLE_ASSIGNMENT((#106420));
#106440=CLOSED_SHELL('',(#105310,#105690,#105930,#106180,#106360));
#106450=ORIENTED_CLOSED_SHELL('',*,#106440,.T.);
#106460=BREP_WITH_VOIDS('',#57040,(#67040,#69640,#71310,#85840,#89710,
#91250,#97210,#98750,#100290,#101830,#103370,#104910,#106450));
#106470=CARTESIAN_POINT('',(11.1356849320531,1.65,-1.40335937887831));
#106480=DIRECTION('',(1.,0.,0.));
#106490=DIRECTION('',(0.,1.,0.));
#106500=AXIS2_PLACEMENT_3D('',#106470,#106480,#106490);
#106510=CARTESIAN_POINT('',(11.1356849320531,1.65,-1.40335937887831));
#106520=CARTESIAN_POINT('',(11.1356849320531,1.22195958899558,
-1.40335937887831));
#106530=CARTESIAN_POINT('',(5.20928089602723,1.65,-1.4033593788783));
#106540=POLYLINE('',(#106510,#106520,#106530));
#106550=COLOUR_RGB('',0.,1.,1.);
#106560=DRAUGHTING_PRE_DEFINED_CURVE_FONT('continuous');
#106570=CURVE_STYLE('',#106560,POSITIVE_LENGTH_MEASURE(0.1),#106550);
#106580=PRESENTATION_STYLE_ASSIGNMENT((#106570));
#106590=(ANNOTATION_CURVE_OCCURRENCE() ANNOTATION_OCCURRENCE() 
DRAUGHTING_ANNOTATION_OCCURRENCE() GEOMETRIC_REPRESENTATION_ITEM() 
LEADER_CURVE() REPRESENTATION_ITEM('') STYLED_ITEM((#106580),#106540));
#106600=DRAUGHTING_PRE_DEFINED_TEXT_FONT('ISO 3098-1 font A');
#106610=TEXT_LITERAL('','Warning: void Shell found',#106500,
'baseline left',.RIGHT.,#106600);
#106620=DIMENSIONAL_EXPONENTS(1.,0.,0.,0.,0.,0.,0.);
#106630=DIMENSIONAL_EXPONENTS(0.,0.,0.,0.,0.,0.,0.);
#106640=DIMENSIONAL_EXPONENTS(0.,0.,0.,0.,0.,0.,0.);
#106650=(LENGTH_UNIT() NAMED_UNIT(*) SI_UNIT(.MILLI.,.METRE.));
#106660=(NAMED_UNIT(*) PLANE_ANGLE_UNIT() SI_UNIT($,.RADIAN.));
#106670=(NAMED_UNIT(*) SI_UNIT($,.STERADIAN.) SOLID_ANGLE_UNIT());
#106680=(GEOMETRIC_REPRESENTATION_CONTEXT(3) 
GLOBAL_UNCERTAINTY_ASSIGNED_CONTEXT((#106690)) 
GLOBAL_UNIT_ASSIGNED_CONTEXT((#106650,#106660,#106670)) 
REPRESENTATION_CONTEXT('',''));
#106690=UNCERTAINTY_MEASURE_WITH_UNIT(LENGTH_MEASURE(0.0021),#106650,
'distance_accuracy_value','maximum gap value');
#106700=SHAPE_REPRESENTATION('',(#86490),#106680);
#106710=TEXT_STYLE_FOR_DEFINED_FONT(#106550);
#106720=TEXT_STYLE_WITH_BOX_CHARACTERISTICS('',#106710,(BOX_HEIGHT(
0.428040411004422),BOX_WIDTH(0.285502954139949),BOX_SLANT_ANGLE(0.),
BOX_ROTATE_ANGLE(0.)));
#106730=PRESENTATION_STYLE_ASSIGNMENT((#106720));
#106740=(ANNOTATION_OCCURRENCE() ANNOTATION_TEXT_OCCURRENCE() 
DRAUGHTING_ANNOTATION_OCCURRENCE() GEOMETRIC_REPRESENTATION_ITEM() 
REPRESENTATION_ITEM('') STYLED_ITEM((#106730),#106610));
#106750=ANNOTATION_OCCURRENCE_ASSOCIATIVITY('','',#106740,#106590);
#106760=SYMBOL_COLOUR(#106550);
#106770=SYMBOL_STYLE('',#106760);
#106780=PRESENTATION_STYLE_ASSIGNMENT((#106770));
#106790=PRE_DEFINED_TERMINATOR_SYMBOL('filled arrow');
#106800=CARTESIAN_POINT('',(5.20928089602723,1.65,-1.4033593788783));
#106810=DIRECTION('',(0.,1.,0.));
#106820=DIRECTION('',(0.,0.,1.));
#106830=AXIS2_PLACEMENT_3D('',#106800,#106810,#106820);
#106840=SYMBOL_TARGET('',#106830,0.428040411004422,0.428040411004422);
#106850=DEFINED_SYMBOL('',#106790,#106840);
#106860=(ANNOTATION_OCCURRENCE() ANNOTATION_SYMBOL_OCCURRENCE() 
DRAUGHTING_ANNOTATION_OCCURRENCE() GEOMETRIC_REPRESENTATION_ITEM() 
LEADER_TERMINATOR() REPRESENTATION_ITEM('') STYLED_ITEM((#106780),
#106850) TERMINATOR_SYMBOL(#106590));
#106870=LEADER_DIRECTED_CALLOUT('',(#106740,#106590,#106860));
#106880=SHAPE_REPRESENTATION('',(#106870),#106680);
#106890=CARTESIAN_POINT('',(-12.8478465760708,6.19,1.37734715684164));
#106900=DIRECTION('',(1.,0.,0.));
#106910=DIRECTION('',(0.,1.,0.));
#106920=AXIS2_PLACEMENT_3D('',#106890,#106900,#106910);
#106930=CARTESIAN_POINT('',(-12.8478465760708,6.19,1.37734715684164));
#106940=CARTESIAN_POINT('',(-12.8478465760708,5.76195958899558,
1.37734715684164));
#106950=CARTESIAN_POINT('',(4.20297978792883,6.19,3.22055676898604));
#106960=POLYLINE('',(#106930,#106940,#106950));
#106970=COLOUR_RGB('',0.,1.,1.);
#106980=DRAUGHTING_PRE_DEFINED_CURVE_FONT('continuous');
#106990=CURVE_STYLE('',#106980,POSITIVE_LENGTH_MEASURE(0.1),#106970);
#107000=PRESENTATION_STYLE_ASSIGNMENT((#106990));
#107010=(ANNOTATION_CURVE_OCCURRENCE() ANNOTATION_OCCURRENCE() 
DRAUGHTING_ANNOTATION_OCCURRENCE() GEOMETRIC_REPRESENTATION_ITEM() 
LEADER_CURVE() REPRESENTATION_ITEM('') STYLED_ITEM((#107000),#106960));
#107020=DRAUGHTING_PRE_DEFINED_TEXT_FONT('ISO 3098-1 font A');
#107030=TEXT_LITERAL('','Warning: knife Edge found',#106920,
'baseline left',.RIGHT.,#107020);
#107040=DIMENSIONAL_EXPONENTS(1.,0.,0.,0.,0.,0.,0.);
#107050=DIMENSIONAL_EXPONENTS(0.,0.,0.,0.,0.,0.,0.);
#107060=DIMENSIONAL_EXPONENTS(0.,0.,0.,0.,0.,0.,0.);
#107070=(LENGTH_UNIT() NAMED_UNIT(*) SI_UNIT(.MILLI.,.METRE.));
#107080=(NAMED_UNIT(*) PLANE_ANGLE_UNIT() SI_UNIT($,.RADIAN.));
#107090=(NAMED_UNIT(*) SI_UNIT($,.STERADIAN.) SOLID_ANGLE_UNIT());
#107100=(GEOMETRIC_REPRESENTATION_CONTEXT(3) 
GLOBAL_UNCERTAINTY_ASSIGNED_CONTEXT((#107110)) 
GLOBAL_UNIT_ASSIGNED_CONTEXT((#107070,#107080,#107090)) 
REPRESENTATION_CONTEXT('',''));
#107110=UNCERTAINTY_MEASURE_WITH_UNIT(LENGTH_MEASURE(0.0021),#107070,
'distance_accuracy_value','maximum gap value');
#107120=SHAPE_REPRESENTATION('',(#70000),#107100);
#107130=TEXT_STYLE_FOR_DEFINED_FONT(#106970);
#107140=TEXT_STYLE_WITH_BOX_CHARACTERISTICS('',#107130,(BOX_HEIGHT(
0.428040411004422),BOX_WIDTH(0.285502954139949),BOX_SLANT_ANGLE(0.),
BOX_ROTATE_ANGLE(0.)));
#107150=PRESENTATION_STYLE_ASSIGNMENT((#107140));
#107160=(ANNOTATION_OCCURRENCE() ANNOTATION_TEXT_OCCURRENCE() 
DRAUGHTING_ANNOTATION_OCCURRENCE() GEOMETRIC_REPRESENTATION_ITEM() 
REPRESENTATION_ITEM('') STYLED_ITEM((#107150),#107030));
#107170=ANNOTATION_OCCURRENCE_ASSOCIATIVITY('','',#107160,#107010);
#107180=SYMBOL_COLOUR(#106970);
#107190=SYMBOL_STYLE('',#107180);
#107200=PRESENTATION_STYLE_ASSIGNMENT((#107190));
#107210=PRE_DEFINED_TERMINATOR_SYMBOL('filled arrow');
#107220=CARTESIAN_POINT('',(4.20297978792883,6.19,3.22055676898604));
#107230=DIRECTION('',(0.,1.,0.));
#107240=DIRECTION('',(0.,0.,1.));
#107250=AXIS2_PLACEMENT_3D('',#107220,#107230,#107240);
#107260=SYMBOL_TARGET('',#107250,0.428040411004422,0.428040411004422);
#107270=DEFINED_SYMBOL('',#107210,#107260);
#107280=(ANNOTATION_OCCURRENCE() ANNOTATION_SYMBOL_OCCURRENCE() 
DRAUGHTING_ANNOTATION_OCCURRENCE() GEOMETRIC_REPRESENTATION_ITEM() 
LEADER_TERMINATOR() REPRESENTATION_ITEM('') STYLED_ITEM((#107200),
#107270) TERMINATOR_SYMBOL(#107010));
#107290=LEADER_DIRECTED_CALLOUT('',(#107160,#107010,#107280));
#107300=SHAPE_REPRESENTATION('',(#107290),#107100);
#107310=CARTESIAN_POINT('',(-11.1356849320531,4.9,0.925));
#107320=DIRECTION('',(1.,0.,0.));
#107330=DIRECTION('',(0.,1.,0.));
#107340=AXIS2_PLACEMENT_3D('',#107310,#107320,#107330);
#107350=CARTESIAN_POINT('',(-11.1356849320531,4.9,0.925));
#107360=CARTESIAN_POINT('',(-11.1356849320531,4.47195958899558,0.925));
#107370=CARTESIAN_POINT('',(-5.06,4.9,0.925));
#107380=POLYLINE('',(#107350,#107360,#107370));
#107390=COLOUR_RGB('',0.,1.,1.);
#107400=DRAUGHTING_PRE_DEFINED_CURVE_FONT('continuous');
#107410=CURVE_STYLE('',#107400,POSITIVE_LENGTH_MEASURE(0.1),#107390);
#107420=PRESENTATION_STYLE_ASSIGNMENT((#107410));
#107430=(ANNOTATION_CURVE_OCCURRENCE() ANNOTATION_OCCURRENCE() 
DRAUGHTING_ANNOTATION_OCCURRENCE() GEOMETRIC_REPRESENTATION_ITEM() 
LEADER_CURVE() REPRESENTATION_ITEM('') STYLED_ITEM((#107420),#107380));
#107440=DRAUGHTING_PRE_DEFINED_TEXT_FONT('ISO 3098-1 font A');
#107450=TEXT_LITERAL('','Warning: void Shell found',#107340,
'baseline left',.RIGHT.,#107440);
#107460=DIMENSIONAL_EXPONENTS(1.,0.,0.,0.,0.,0.,0.);
#107470=DIMENSIONAL_EXPONENTS(0.,0.,0.,0.,0.,0.,0.);
#107480=DIMENSIONAL_EXPONENTS(0.,0.,0.,0.,0.,0.,0.);
#107490=(LENGTH_UNIT() NAMED_UNIT(*) SI_UNIT(.MILLI.,.METRE.));
#107500=(NAMED_UNIT(*) PLANE_ANGLE_UNIT() SI_UNIT($,.RADIAN.));
#107510=(NAMED_UNIT(*) SI_UNIT($,.STERADIAN.) SOLID_ANGLE_UNIT());
#107520=(GEOMETRIC_REPRESENTATION_CONTEXT(3) 
GLOBAL_UNCERTAINTY_ASSIGNED_CONTEXT((#107530)) 
GLOBAL_UNIT_ASSIGNED_CONTEXT((#107490,#107500,#107510)) 
REPRESENTATION_CONTEXT('',''));
#107530=UNCERTAINTY_MEASURE_WITH_UNIT(LENGTH_MEASURE(0.0021),#107490,
'distance_accuracy_value','maximum gap value');
#107540=SHAPE_REPRESENTATION('',(#74980),#107520);
#107550=TEXT_STYLE_FOR_DEFINED_FONT(#107390);
#107560=TEXT_STYLE_WITH_BOX_CHARACTERISTICS('',#107550,(BOX_HEIGHT(
0.428040411004422),BOX_WIDTH(0.285502954139949),BOX_SLANT_ANGLE(0.),
BOX_ROTATE_ANGLE(0.)));
#107570=PRESENTATION_STYLE_ASSIGNMENT((#107560));
#107580=(ANNOTATION_OCCURRENCE() ANNOTATION_TEXT_OCCURRENCE() 
DRAUGHTING_ANNOTATION_OCCURRENCE() GEOMETRIC_REPRESENTATION_ITEM() 
REPRESENTATION_ITEM('') STYLED_ITEM((#107570),#107450));
#107590=ANNOTATION_OCCURRENCE_ASSOCIATIVITY('','',#107580,#107430);
#107600=SYMBOL_COLOUR(#107390);
#107610=SYMBOL_STYLE('',#107600);
#107620=PRESENTATION_STYLE_ASSIGNMENT((#107610));
#107630=PRE_DEFINED_TERMINATOR_SYMBOL('filled arrow');
#107640=CARTESIAN_POINT('',(-5.06,4.9,0.925));
#107650=DIRECTION('',(0.,1.,0.));
#107660=DIRECTION('',(0.,0.,1.));
#107670=AXIS2_PLACEMENT_3D('',#107640,#107650,#107660);
#107680=SYMBOL_TARGET('',#107670,0.428040411004422,0.428040411004422);
#107690=DEFINED_SYMBOL('',#107630,#107680);
#107700=(ANNOTATION_OCCURRENCE() ANNOTATION_SYMBOL_OCCURRENCE() 
DRAUGHTING_ANNOTATION_OCCURRENCE() GEOMETRIC_REPRESENTATION_ITEM() 
LEADER_TERMINATOR() REPRESENTATION_ITEM('') STYLED_ITEM((#107620),
#107690) TERMINATOR_SYMBOL(#107430));
#107710=LEADER_DIRECTED_CALLOUT('',(#107580,#107430,#107700));
#107720=SHAPE_REPRESENTATION('',(#107710),#107520);
#107730=CARTESIAN_POINT('',(1.33200498876192,-8.56904627931132,
-5.35000000000009));
#107740=DIRECTION('',(0.,-1.,0.));
#107750=DIRECTION('',(1.,0.,0.));
#107760=AXIS2_PLACEMENT_3D('',#107730,#107740,#107750);
#107770=CARTESIAN_POINT('',(1.33200498876192,-8.56904627931132,
-5.35000000000009));
#107780=CARTESIAN_POINT('',(0.903964577757496,-8.56904627931132,
-5.35000000000009));
#107790=CARTESIAN_POINT('',(1.33200498876192,-0.00201902961144286,
-5.35000000000009));
#107800=POLYLINE('',(#107770,#107780,#107790));
#107810=COLOUR_RGB('',0.,1.,1.);
#107820=DRAUGHTING_PRE_DEFINED_CURVE_FONT('continuous');
#107830=CURVE_STYLE('',#107820,POSITIVE_LENGTH_MEASURE(0.1),#107810);
#107840=PRESENTATION_STYLE_ASSIGNMENT((#107830));
#107850=(ANNOTATION_CURVE_OCCURRENCE() ANNOTATION_OCCURRENCE() 
DRAUGHTING_ANNOTATION_OCCURRENCE() GEOMETRIC_REPRESENTATION_ITEM() 
LEADER_CURVE() REPRESENTATION_ITEM('') STYLED_ITEM((#107840),#107800));
#107860=DRAUGHTING_PRE_DEFINED_TEXT_FONT('ISO 3098-1 font A');
#107870=TEXT_LITERAL('',
'Warning: Edge is shorter than or equal to 2 times resolution',#107760,
'baseline left',.RIGHT.,#107860);
#107880=DIMENSIONAL_EXPONENTS(1.,0.,0.,0.,0.,0.,0.);
#107890=DIMENSIONAL_EXPONENTS(0.,0.,0.,0.,0.,0.,0.);
#107900=DIMENSIONAL_EXPONENTS(0.,0.,0.,0.,0.,0.,0.);
#107910=(LENGTH_UNIT() NAMED_UNIT(*) SI_UNIT(.MILLI.,.METRE.));
#107920=(NAMED_UNIT(*) PLANE_ANGLE_UNIT() SI_UNIT($,.RADIAN.));
#107930=(NAMED_UNIT(*) SI_UNIT($,.STERADIAN.) SOLID_ANGLE_UNIT());
#107940=(GEOMETRIC_REPRESENTATION_CONTEXT(3) 
GLOBAL_UNCERTAINTY_ASSIGNED_CONTEXT((#107950)) 
GLOBAL_UNIT_ASSIGNED_CONTEXT((#107910,#107920,#107930)) 
REPRESENTATION_CONTEXT('',''));
#107950=UNCERTAINTY_MEASURE_WITH_UNIT(LENGTH_MEASURE(0.0021),#107910,
'distance_accuracy_value','maximum gap value');
#107960=SHAPE_REPRESENTATION('',(#47680,#46020,#46470,#46690,#46950,
#47200,#47430,#43460,#42700,#42040,#41110,#41370,#41590,#39780,#39480,
#17760,#16040,#16350,#16580,#16830,#17060,#14870,#14570,#12870,#38970,
#37000,#37760,#38010,#38240,#38490,#38720,#35550,#33870,#4440,#4120,
#2340),#107940);
#107970=TEXT_STYLE_FOR_DEFINED_FONT(#107810);
#107980=TEXT_STYLE_WITH_BOX_CHARACTERISTICS('',#107970,(BOX_HEIGHT(
0.428040411004422),BOX_WIDTH(0.285502954139949),BOX_SLANT_ANGLE(0.),
BOX_ROTATE_ANGLE(0.)));
#107990=PRESENTATION_STYLE_ASSIGNMENT((#107980));
#108000=(ANNOTATION_OCCURRENCE() ANNOTATION_TEXT_OCCURRENCE() 
DRAUGHTING_ANNOTATION_OCCURRENCE() GEOMETRIC_REPRESENTATION_ITEM() 
REPRESENTATION_ITEM('') STYLED_ITEM((#107990),#107870));
#108010=ANNOTATION_OCCURRENCE_ASSOCIATIVITY('','',#108000,#107850);
#108020=SYMBOL_COLOUR(#107810);
#108030=SYMBOL_STYLE('',#108020);
#108040=PRESENTATION_STYLE_ASSIGNMENT((#108030));
#108050=PRE_DEFINED_TERMINATOR_SYMBOL('filled arrow');
#108060=CARTESIAN_POINT('',(1.33200498876192,-0.00201902961144286,
-5.35000000000009));
#108070=DIRECTION('',(1.,0.,0.));
#108080=DIRECTION('',(-0.,0.,1.));
#108090=AXIS2_PLACEMENT_3D('',#108060,#108070,#108080);
#108100=SYMBOL_TARGET('',#108090,0.428040411004422,0.428040411004422);
#108110=DEFINED_SYMBOL('',#108050,#108100);
#108120=(ANNOTATION_OCCURRENCE() ANNOTATION_SYMBOL_OCCURRENCE() 
DRAUGHTING_ANNOTATION_OCCURRENCE() GEOMETRIC_REPRESENTATION_ITEM() 
LEADER_TERMINATOR() REPRESENTATION_ITEM('') STYLED_ITEM((#108040),
#108110) TERMINATOR_SYMBOL(#107850));
#108130=LEADER_DIRECTED_CALLOUT('',(#108000,#107850,#108120));
#108140=SHAPE_REPRESENTATION('',(#108130),#107940);
#108150=CARTESIAN_POINT('',(3.84999999999999,-6.85688463529364,
1.15000000000001));
#108160=DIRECTION('',(0.,-1.,0.));
#108170=DIRECTION('',(1.,0.,0.));
#108180=AXIS2_PLACEMENT_3D('',#108150,#108160,#108170);
#108190=CARTESIAN_POINT('',(3.84999999999999,-6.85688463529364,
1.15000000000001));
#108200=CARTESIAN_POINT('',(3.42195958899557,-6.85688463529364,
1.15000000000001));
#108210=CARTESIAN_POINT('',(3.84999999999999,0.524999999999999,
1.15000000000001));
#108220=POLYLINE('',(#108190,#108200,#108210));
#108230=COLOUR_RGB('',0.,1.,1.);
#108240=DRAUGHTING_PRE_DEFINED_CURVE_FONT('continuous');
#108250=CURVE_STYLE('',#108240,POSITIVE_LENGTH_MEASURE(0.1),#108230);
#108260=PRESENTATION_STYLE_ASSIGNMENT((#108250));
#108270=(ANNOTATION_CURVE_OCCURRENCE() ANNOTATION_OCCURRENCE() 
DRAUGHTING_ANNOTATION_OCCURRENCE() GEOMETRIC_REPRESENTATION_ITEM() 
LEADER_CURVE() REPRESENTATION_ITEM('') STYLED_ITEM((#108260),#108220));
#108280=DRAUGHTING_PRE_DEFINED_TEXT_FONT('ISO 3098-1 font A');
#108290=TEXT_LITERAL('','Warning: knife Edge found',#108180,
'baseline left',.RIGHT.,#108280);
#108300=DIMENSIONAL_EXPONENTS(1.,0.,0.,0.,0.,0.,0.);
#108310=DIMENSIONAL_EXPONENTS(0.,0.,0.,0.,0.,0.,0.);
#108320=DIMENSIONAL_EXPONENTS(0.,0.,0.,0.,0.,0.,0.);
#108330=(LENGTH_UNIT() NAMED_UNIT(*) SI_UNIT(.MILLI.,.METRE.));
#108340=(NAMED_UNIT(*) PLANE_ANGLE_UNIT() SI_UNIT($,.RADIAN.));
#108350=(NAMED_UNIT(*) SI_UNIT($,.STERADIAN.) SOLID_ANGLE_UNIT());
#108360=(GEOMETRIC_REPRESENTATION_CONTEXT(3) 
GLOBAL_UNCERTAINTY_ASSIGNED_CONTEXT((#108370)) 
GLOBAL_UNIT_ASSIGNED_CONTEXT((#108330,#108340,#108350)) 
REPRESENTATION_CONTEXT('',''));
#108370=UNCERTAINTY_MEASURE_WITH_UNIT(LENGTH_MEASURE(0.0021),#108330,
'distance_accuracy_value','maximum gap value');
#108380=SHAPE_REPRESENTATION('',(#90690,#105650,#103730,#102130,#100950,
#99110,#97440),#108360);
#108390=TEXT_STYLE_FOR_DEFINED_FONT(#108230);
#108400=TEXT_STYLE_WITH_BOX_CHARACTERISTICS('',#108390,(BOX_HEIGHT(
0.428040411004422),BOX_WIDTH(0.285502954139949),BOX_SLANT_ANGLE(0.),
BOX_ROTATE_ANGLE(0.)));
#108410=PRESENTATION_STYLE_ASSIGNMENT((#108400));
#108420=(ANNOTATION_OCCURRENCE() ANNOTATION_TEXT_OCCURRENCE() 
DRAUGHTING_ANNOTATION_OCCURRENCE() GEOMETRIC_REPRESENTATION_ITEM() 
REPRESENTATION_ITEM('') STYLED_ITEM((#108410),#108290));
#108430=ANNOTATION_OCCURRENCE_ASSOCIATIVITY('','',#108420,#108270);
#108440=SYMBOL_COLOUR(#108230);
#108450=SYMBOL_STYLE('',#108440);
#108460=PRESENTATION_STYLE_ASSIGNMENT((#108450));
#108470=PRE_DEFINED_TERMINATOR_SYMBOL('filled arrow');
#108480=CARTESIAN_POINT('',(3.84999999999999,0.524999999999999,
1.15000000000001));
#108490=DIRECTION('',(1.,0.,0.));
#108500=DIRECTION('',(-0.,0.,1.));
#108510=AXIS2_PLACEMENT_3D('',#108480,#108490,#108500);
#108520=SYMBOL_TARGET('',#108510,0.428040411004422,0.428040411004422);
#108530=DEFINED_SYMBOL('',#108470,#108520);
#108540=(ANNOTATION_OCCURRENCE() ANNOTATION_SYMBOL_OCCURRENCE() 
DRAUGHTING_ANNOTATION_OCCURRENCE() GEOMETRIC_REPRESENTATION_ITEM() 
LEADER_TERMINATOR() REPRESENTATION_ITEM('') STYLED_ITEM((#108460),
#108530) TERMINATOR_SYMBOL(#108270));
#108550=LEADER_DIRECTED_CALLOUT('',(#108420,#108270,#108540));
#108560=SHAPE_REPRESENTATION('',(#108550),#108360);
#108570=CARTESIAN_POINT('',(3.7,-5.14472299127595,1.14999999999861));
#108580=DIRECTION('',(0.,-1.,0.));
#108590=DIRECTION('',(1.,0.,0.));
#108600=AXIS2_PLACEMENT_3D('',#108570,#108580,#108590);
#108610=CARTESIAN_POINT('',(3.7,-5.14472299127595,1.14999999999861));
#108620=CARTESIAN_POINT('',(3.27195958899558,-5.14472299127595,
1.14999999999861));
#108630=CARTESIAN_POINT('',(3.7,0.65,1.14999999999861));
#108640=POLYLINE('',(#108610,#108620,#108630));
#108650=COLOUR_RGB('',0.,1.,1.);
#108660=DRAUGHTING_PRE_DEFINED_CURVE_FONT('continuous');
#108670=CURVE_STYLE('',#108660,POSITIVE_LENGTH_MEASURE(0.1),#108650);
#108680=PRESENTATION_STYLE_ASSIGNMENT((#108670));
#108690=(ANNOTATION_CURVE_OCCURRENCE() ANNOTATION_OCCURRENCE() 
DRAUGHTING_ANNOTATION_OCCURRENCE() GEOMETRIC_REPRESENTATION_ITEM() 
LEADER_CURVE() REPRESENTATION_ITEM('') STYLED_ITEM((#108680),#108640));
#108700=DRAUGHTING_PRE_DEFINED_TEXT_FONT('ISO 3098-1 font A');
#108710=TEXT_LITERAL('','Warning: void Shell found',#108600,
'baseline left',.RIGHT.,#108700);
#108720=DIMENSIONAL_EXPONENTS(1.,0.,0.,0.,0.,0.,0.);
#108730=DIMENSIONAL_EXPONENTS(0.,0.,0.,0.,0.,0.,0.);
#108740=DIMENSIONAL_EXPONENTS(0.,0.,0.,0.,0.,0.,0.);
#108750=(LENGTH_UNIT() NAMED_UNIT(*) SI_UNIT(.MILLI.,.METRE.));
#108760=(NAMED_UNIT(*) PLANE_ANGLE_UNIT() SI_UNIT($,.RADIAN.));
#108770=(NAMED_UNIT(*) SI_UNIT($,.STERADIAN.) SOLID_ANGLE_UNIT());
#108780=(GEOMETRIC_REPRESENTATION_CONTEXT(3) 
GLOBAL_UNCERTAINTY_ASSIGNED_CONTEXT((#108790)) 
GLOBAL_UNIT_ASSIGNED_CONTEXT((#108750,#108760,#108770)) 
REPRESENTATION_CONTEXT('',''));
#108790=UNCERTAINTY_MEASURE_WITH_UNIT(LENGTH_MEASURE(0.0021),#108750,
'distance_accuracy_value','maximum gap value');
#108800=SHAPE_REPRESENTATION('',(#90330,#105580,#103480,#102040,#100880,
#99340,#97430,#93700,#59070),#108780);
#108810=TEXT_STYLE_FOR_DEFINED_FONT(#108650);
#108820=TEXT_STYLE_WITH_BOX_CHARACTERISTICS('',#108810,(BOX_HEIGHT(
0.428040411004422),BOX_WIDTH(0.285502954139949),BOX_SLANT_ANGLE(0.),
BOX_ROTATE_ANGLE(0.)));
#108830=PRESENTATION_STYLE_ASSIGNMENT((#108820));
#108840=(ANNOTATION_OCCURRENCE() ANNOTATION_TEXT_OCCURRENCE() 
DRAUGHTING_ANNOTATION_OCCURRENCE() GEOMETRIC_REPRESENTATION_ITEM() 
REPRESENTATION_ITEM('') STYLED_ITEM((#108830),#108710));
#108850=ANNOTATION_OCCURRENCE_ASSOCIATIVITY('','',#108840,#108690);
#108860=SYMBOL_COLOUR(#108650);
#108870=SYMBOL_STYLE('',#108860);
#108880=PRESENTATION_STYLE_ASSIGNMENT((#108870));
#108890=PRE_DEFINED_TERMINATOR_SYMBOL('filled arrow');
#108900=CARTESIAN_POINT('',(3.7,0.65,1.14999999999861));
#108910=DIRECTION('',(1.,0.,0.));
#108920=DIRECTION('',(-0.,0.,1.));
#108930=AXIS2_PLACEMENT_3D('',#108900,#108910,#108920);
#108940=SYMBOL_TARGET('',#108930,0.428040411004422,0.428040411004422);
#108950=DEFINED_SYMBOL('',#108890,#108940);
#108960=(ANNOTATION_OCCURRENCE() ANNOTATION_SYMBOL_OCCURRENCE() 
DRAUGHTING_ANNOTATION_OCCURRENCE() GEOMETRIC_REPRESENTATION_ITEM() 
LEADER_TERMINATOR() REPRESENTATION_ITEM('') STYLED_ITEM((#108880),
#108950) TERMINATOR_SYMBOL(#108690));
#108970=LEADER_DIRECTED_CALLOUT('',(#108840,#108690,#108960));
#108980=SHAPE_REPRESENTATION('',(#108970),#108780);
#108990=CARTESIAN_POINT('',(5.75583995599256E-16,1.85,-11.1406849320531)
);
#109000=DIRECTION('',(0.,0.,1.));
#109010=DIRECTION('',(1.,0.,0.));
#109020=AXIS2_PLACEMENT_3D('',#108990,#109000,#109010);
#109030=CARTESIAN_POINT('',(5.75583995599256E-16,1.85,-11.1406849320531)
);
#109040=CARTESIAN_POINT('',(-0.428040411004421,1.85,-11.1406849320531));
#109050=CARTESIAN_POINT('',(0.,1.85,-4.7));
#109060=POLYLINE('',(#109030,#109040,#109050));
#109070=COLOUR_RGB('',0.,1.,1.);
#109080=DRAUGHTING_PRE_DEFINED_CURVE_FONT('continuous');
#109090=CURVE_STYLE('',#109080,POSITIVE_LENGTH_MEASURE(0.1),#109070);
#109100=PRESENTATION_STYLE_ASSIGNMENT((#109090));
#109110=(ANNOTATION_CURVE_OCCURRENCE() ANNOTATION_OCCURRENCE() 
DRAUGHTING_ANNOTATION_OCCURRENCE() GEOMETRIC_REPRESENTATION_ITEM() 
LEADER_CURVE() REPRESENTATION_ITEM('') STYLED_ITEM((#109100),#109060));
#109120=DRAUGHTING_PRE_DEFINED_TEXT_FONT('ISO 3098-1 font A');
#109130=TEXT_LITERAL('','Warning: void Shell found',#109020,
'baseline left',.RIGHT.,#109120);
#109140=DIMENSIONAL_EXPONENTS(1.,0.,0.,0.,0.,0.,0.);
#109150=DIMENSIONAL_EXPONENTS(0.,0.,0.,0.,0.,0.,0.);
#109160=DIMENSIONAL_EXPONENTS(0.,0.,0.,0.,0.,0.,0.);
#109170=(LENGTH_UNIT() NAMED_UNIT(*) SI_UNIT(.MILLI.,.METRE.));
#109180=(NAMED_UNIT(*) PLANE_ANGLE_UNIT() SI_UNIT($,.RADIAN.));
#109190=(NAMED_UNIT(*) SI_UNIT($,.STERADIAN.) SOLID_ANGLE_UNIT());
#109200=(GEOMETRIC_REPRESENTATION_CONTEXT(3) 
GLOBAL_UNCERTAINTY_ASSIGNED_CONTEXT((#109210)) 
GLOBAL_UNIT_ASSIGNED_CONTEXT((#109170,#109180,#109190)) 
REPRESENTATION_CONTEXT('',''));
#109210=UNCERTAINTY_MEASURE_WITH_UNIT(LENGTH_MEASURE(0.0021),#109170,
'distance_accuracy_value','maximum gap value');
#109220=SHAPE_REPRESENTATION('',(#67880),#109200);
#109230=TEXT_STYLE_FOR_DEFINED_FONT(#109070);
#109240=TEXT_STYLE_WITH_BOX_CHARACTERISTICS('',#109230,(BOX_HEIGHT(
0.428040411004422),BOX_WIDTH(0.285502954139949),BOX_SLANT_ANGLE(0.),
BOX_ROTATE_ANGLE(0.)));
#109250=PRESENTATION_STYLE_ASSIGNMENT((#109240));
#109260=(ANNOTATION_OCCURRENCE() ANNOTATION_TEXT_OCCURRENCE() 
DRAUGHTING_ANNOTATION_OCCURRENCE() GEOMETRIC_REPRESENTATION_ITEM() 
REPRESENTATION_ITEM('') STYLED_ITEM((#109250),#109130));
#109270=ANNOTATION_OCCURRENCE_ASSOCIATIVITY('','',#109260,#109110);
#109280=SYMBOL_COLOUR(#109070);
#109290=SYMBOL_STYLE('',#109280);
#109300=PRESENTATION_STYLE_ASSIGNMENT((#109290));
#109310=PRE_DEFINED_TERMINATOR_SYMBOL('filled arrow');
#109320=CARTESIAN_POINT('',(0.,1.85,-4.7));
#109330=DIRECTION('',(1.,0.,0.));
#109340=DIRECTION('',(0.,1.,0.));
#109350=AXIS2_PLACEMENT_3D('',#109320,#109330,#109340);
#109360=SYMBOL_TARGET('',#109350,0.428040411004422,0.428040411004422);
#109370=DEFINED_SYMBOL('',#109310,#109360);
#109380=(ANNOTATION_OCCURRENCE() ANNOTATION_SYMBOL_OCCURRENCE() 
DRAUGHTING_ANNOTATION_OCCURRENCE() GEOMETRIC_REPRESENTATION_ITEM() 
LEADER_TERMINATOR() REPRESENTATION_ITEM('') STYLED_ITEM((#109300),
#109370) TERMINATOR_SYMBOL(#109110));
#109390=LEADER_DIRECTED_CALLOUT('',(#109260,#109110,#109380));
#109400=SHAPE_REPRESENTATION('',(#109390),#109200);
#109410=CARTESIAN_POINT('',(0.,0.,0.));
#109420=DIRECTION('',(0.,0.,1.));
#109430=DIRECTION('',(1.,0.,0.));
#109440=AXIS2_PLACEMENT_3D('',#109410,#109420,#109430);
#109450=APPLICATION_CONTEXT(' ');
#109460=APPLICATION_PROTOCOL_DEFINITION(' ','automotive_design',1998,
#109450);
#109470=PRODUCT_CONTEXT('',#109450,'mechanical');
#109480=PRODUCT_DEFINITION_CONTEXT('part definition',#109450,'design');
#109490=PRODUCT('229S.prt','229S.prt','',(#109470));
#109500=PRODUCT_RELATED_PRODUCT_CATEGORY('part',' ',(#109490));
#109510=PRODUCT_DEFINITION_FORMATION_WITH_SPECIFIED_SOURCE('','',#109490
,.BOUGHT.);
#109520=PRODUCT_DEFINITION('',' ',#109510,#109480);
#109530=PRODUCT_DEFINITION_SHAPE('','',#109520);
#109540=DIMENSIONAL_EXPONENTS(1.,0.,0.,0.,0.,0.,0.);
#109550=DIMENSIONAL_EXPONENTS(0.,0.,0.,0.,0.,0.,0.);
#109560=DIMENSIONAL_EXPONENTS(0.,0.,0.,0.,0.,0.,0.);
#109570=(LENGTH_UNIT() NAMED_UNIT(*) SI_UNIT(.MILLI.,.METRE.));
#109580=(NAMED_UNIT(*) PLANE_ANGLE_UNIT() SI_UNIT($,.RADIAN.));
#109590=(NAMED_UNIT(*) SI_UNIT($,.STERADIAN.) SOLID_ANGLE_UNIT());
#109600=(GEOMETRIC_REPRESENTATION_CONTEXT(3) 
GLOBAL_UNCERTAINTY_ASSIGNED_CONTEXT((#109610)) 
GLOBAL_UNIT_ASSIGNED_CONTEXT((#109570,#109580,#109590)) 
REPRESENTATION_CONTEXT('',''));
#109610=UNCERTAINTY_MEASURE_WITH_UNIT(LENGTH_MEASURE(0.0021),#109570,
'distance_accuracy_value','maximum gap value');
#109620=SHAPE_REPRESENTATION('',(#109440,#106460,#106610,#106590,#107030
,#107010,#107450,#107430,#107870,#107850,#108290,#108270,#108710,#108690
,#109130,#109110),#109600);
#109630=SHAPE_DEFINITION_REPRESENTATION(#109530,#109620);
#109640=SHAPE_ASPECT('','',#109530,.T.);
#109650=PROPERTY_DEFINITION('','',#109640);
#109660=SHAPE_DEFINITION_REPRESENTATION(#109650,#106700);
#109670=SHAPE_ASPECT('','',#109530,.F.);
#109680=PROPERTY_DEFINITION('','',#109670);
#109690=SHAPE_DEFINITION_REPRESENTATION(#109680,#106880);
#109700=SHAPE_ASPECT_ASSOCIATIVITY('','',#109640,#109670);
#109710=SHAPE_ASPECT('','',#109530,.T.);
#109720=PROPERTY_DEFINITION('','',#109710);
#109730=SHAPE_DEFINITION_REPRESENTATION(#109720,#107120);
#109740=SHAPE_ASPECT('','',#109530,.F.);
#109750=PROPERTY_DEFINITION('','',#109740);
#109760=SHAPE_DEFINITION_REPRESENTATION(#109750,#107300);
#109770=SHAPE_ASPECT_ASSOCIATIVITY('','',#109710,#109740);
#109780=SHAPE_ASPECT('','',#109530,.T.);
#109790=PROPERTY_DEFINITION('','',#109780);
#109800=SHAPE_DEFINITION_REPRESENTATION(#109790,#107540);
#109810=SHAPE_ASPECT('','',#109530,.F.);
#109820=PROPERTY_DEFINITION('','',#109810);
#109830=SHAPE_DEFINITION_REPRESENTATION(#109820,#107720);
#109840=SHAPE_ASPECT_ASSOCIATIVITY('','',#109780,#109810);
#109850=SHAPE_ASPECT('','',#109530,.T.);
#109860=PROPERTY_DEFINITION('','',#109850);
#109870=SHAPE_DEFINITION_REPRESENTATION(#109860,#107960);
#109880=SHAPE_ASPECT('','',#109530,.F.);
#109890=PROPERTY_DEFINITION('','',#109880);
#109900=SHAPE_DEFINITION_REPRESENTATION(#109890,#108140);
#109910=SHAPE_ASPECT_ASSOCIATIVITY('','',#109850,#109880);
#109920=SHAPE_ASPECT('','',#109530,.T.);
#109930=PROPERTY_DEFINITION('','',#109920);
#109940=SHAPE_DEFINITION_REPRESENTATION(#109930,#108380);
#109950=SHAPE_ASPECT('','',#109530,.F.);
#109960=PROPERTY_DEFINITION('','',#109950);
#109970=SHAPE_DEFINITION_REPRESENTATION(#109960,#108560);
#109980=SHAPE_ASPECT_ASSOCIATIVITY('','',#109920,#109950);
#109990=SHAPE_ASPECT('','',#109530,.T.);
#110000=PROPERTY_DEFINITION('','',#109990);
#110010=SHAPE_DEFINITION_REPRESENTATION(#110000,#108800);
#110020=SHAPE_ASPECT('','',#109530,.F.);
#110030=PROPERTY_DEFINITION('','',#110020);
#110040=SHAPE_DEFINITION_REPRESENTATION(#110030,#108980);
#110050=SHAPE_ASPECT_ASSOCIATIVITY('','',#109990,#110020);
#110060=SHAPE_ASPECT('','',#109530,.T.);
#110070=PROPERTY_DEFINITION('','',#110060);
#110080=SHAPE_DEFINITION_REPRESENTATION(#110070,#109220);
#110090=SHAPE_ASPECT('','',#109530,.F.);
#110100=PROPERTY_DEFINITION('','',#110090);
#110110=SHAPE_DEFINITION_REPRESENTATION(#110100,#109400);
#110120=SHAPE_ASPECT_ASSOCIATIVITY('','',#110060,#110090);
#110130=COLOUR_RGB('',0.600000023841858,0.600000023841858,
0.600000023841858);
#110140=FILL_AREA_STYLE_COLOUR('',#110130);
#110150=FILL_AREA_STYLE('',(#110140));
#110160=SURFACE_STYLE_FILL_AREA(#110150);
#110170=SURFACE_SIDE_STYLE('',(#110160));
#110180=SURFACE_STYLE_USAGE(.BOTH.,#110170);
#110190=PRESENTATION_STYLE_ASSIGNMENT((#110180));
#110200=STYLED_ITEM('',(#110190),#106460);
#110210=OVER_RIDING_STYLED_ITEM('',(#470),#400,#110200);
#110220=OVER_RIDING_STYLED_ITEM('',(#2050),#1980,#110200);
#110230=OVER_RIDING_STYLED_ITEM('',(#2590),#2520,#110200);
#110240=OVER_RIDING_STYLED_ITEM('',(#2990),#2920,#110200);
#110250=OVER_RIDING_STYLED_ITEM('',(#3370),#3300,#110200);
#110260=OVER_RIDING_STYLED_ITEM('',(#3750),#3680,#110200);
#110270=OVER_RIDING_STYLED_ITEM('',(#4230),#4160,#110200);
#110280=OVER_RIDING_STYLED_ITEM('',(#4610),#4540,#110200);
#110290=OVER_RIDING_STYLED_ITEM('',(#10510),#10440,#110200);
#110300=OVER_RIDING_STYLED_ITEM('',(#11050),#10980,#110200);
#110310=OVER_RIDING_STYLED_ITEM('',(#11370),#11300,#110200);
#110320=OVER_RIDING_STYLED_ITEM('',(#11840),#11770,#110200);
#110330=OVER_RIDING_STYLED_ITEM('',(#12650),#12580,#110200);
#110340=OVER_RIDING_STYLED_ITEM('',(#13120),#13050,#110200);
#110350=OVER_RIDING_STYLED_ITEM('',(#13520),#13450,#110200);
#110360=OVER_RIDING_STYLED_ITEM('',(#13900),#13830,#110200);
#110370=OVER_RIDING_STYLED_ITEM('',(#14280),#14210,#110200);
#110380=OVER_RIDING_STYLED_ITEM('',(#14680),#14610,#110200);
#110390=OVER_RIDING_STYLED_ITEM('',(#14990),#14920,#110200);
#110400=OVER_RIDING_STYLED_ITEM('',(#15940),#15870,#110200);
#110410=OVER_RIDING_STYLED_ITEM('',(#16240),#16170,#110200);
#110420=OVER_RIDING_STYLED_ITEM('',(#16480),#16410,#110200);
#110430=OVER_RIDING_STYLED_ITEM('',(#16720),#16650,#110200);
#110440=OVER_RIDING_STYLED_ITEM('',(#16960),#16890,#110200);
#110450=OVER_RIDING_STYLED_ITEM('',(#17200),#17130,#110200);
#110460=OVER_RIDING_STYLED_ITEM('',(#17390),#17320,#110200);
#110470=OVER_RIDING_STYLED_ITEM('',(#17640),#17570,#110200);
#110480=OVER_RIDING_STYLED_ITEM('',(#17880),#17810,#110200);
#110490=OVER_RIDING_STYLED_ITEM('',(#18070),#18000,#110200);
#110500=OVER_RIDING_STYLED_ITEM('',(#18280),#18210,#110200);
#110510=OVER_RIDING_STYLED_ITEM('',(#18590),#18520,#110200);
#110520=OVER_RIDING_STYLED_ITEM('',(#18900),#18830,#110200);
#110530=OVER_RIDING_STYLED_ITEM('',(#19140),#19070,#110200);
#110540=OVER_RIDING_STYLED_ITEM('',(#19560),#19490,#110200);
#110550=OVER_RIDING_STYLED_ITEM('',(#19870),#19800,#110200);
#110560=OVER_RIDING_STYLED_ITEM('',(#20400),#20330,#110200);
#110570=OVER_RIDING_STYLED_ITEM('',(#20640),#20570,#110200);
#110580=OVER_RIDING_STYLED_ITEM('',(#20830),#20760,#110200);
#110590=OVER_RIDING_STYLED_ITEM('',(#21140),#21070,#110200);
#110600=OVER_RIDING_STYLED_ITEM('',(#21460),#21390,#110200);
#110610=OVER_RIDING_STYLED_ITEM('',(#21770),#21700,#110200);
#110620=OVER_RIDING_STYLED_ITEM('',(#22250),#22180,#110200);
#110630=OVER_RIDING_STYLED_ITEM('',(#22560),#22490,#110200);
#110640=OVER_RIDING_STYLED_ITEM('',(#23130),#23060,#110200);
#110650=OVER_RIDING_STYLED_ITEM('',(#23370),#23300,#110200);
#110660=OVER_RIDING_STYLED_ITEM('',(#23610),#23540,#110200);
#110670=OVER_RIDING_STYLED_ITEM('',(#23850),#23780,#110200);
#110680=OVER_RIDING_STYLED_ITEM('',(#24490),#24420,#110200);
#110690=OVER_RIDING_STYLED_ITEM('',(#24810),#24740,#110200);
#110700=OVER_RIDING_STYLED_ITEM('',(#25320),#25250,#110200);
#110710=OVER_RIDING_STYLED_ITEM('',(#25510),#25440,#110200);
#110720=OVER_RIDING_STYLED_ITEM('',(#26000),#25930,#110200);
#110730=OVER_RIDING_STYLED_ITEM('',(#26390),#26320,#110200);
#110740=OVER_RIDING_STYLED_ITEM('',(#26880),#26810,#110200);
#110750=OVER_RIDING_STYLED_ITEM('',(#27290),#27220,#110200);
#110760=OVER_RIDING_STYLED_ITEM('',(#27570),#27500,#110200);
#110770=OVER_RIDING_STYLED_ITEM('',(#27960),#27890,#110200);
#110780=OVER_RIDING_STYLED_ITEM('',(#28370),#28300,#110200);
#110790=OVER_RIDING_STYLED_ITEM('',(#28780),#28710,#110200);
#110800=OVER_RIDING_STYLED_ITEM('',(#29110),#29040,#110200);
#110810=OVER_RIDING_STYLED_ITEM('',(#29520),#29450,#110200);
#110820=OVER_RIDING_STYLED_ITEM('',(#29850),#29780,#110200);
#110830=OVER_RIDING_STYLED_ITEM('',(#30240),#30170,#110200);
#110840=OVER_RIDING_STYLED_ITEM('',(#30650),#30580,#110200);
#110850=OVER_RIDING_STYLED_ITEM('',(#31140),#31070,#110200);
#110860=OVER_RIDING_STYLED_ITEM('',(#31320),#31250,#110200);
#110870=OVER_RIDING_STYLED_ITEM('',(#31810),#31740,#110200);
#110880=OVER_RIDING_STYLED_ITEM('',(#31990),#31920,#110200);
#110890=OVER_RIDING_STYLED_ITEM('',(#32270),#32200,#110200);
#110900=OVER_RIDING_STYLED_ITEM('',(#32660),#32590,#110200);
#110910=OVER_RIDING_STYLED_ITEM('',(#32840),#32770,#110200);
#110920=OVER_RIDING_STYLED_ITEM('',(#33020),#32950,#110200);
#110930=OVER_RIDING_STYLED_ITEM('',(#33260),#33190,#110200);
#110940=OVER_RIDING_STYLED_ITEM('',(#33450),#33380,#110200);
#110950=OVER_RIDING_STYLED_ITEM('',(#33640),#33570,#110200);
#110960=OVER_RIDING_STYLED_ITEM('',(#34130),#34060,#110200);
#110970=OVER_RIDING_STYLED_ITEM('',(#34510),#34440,#110200);
#110980=OVER_RIDING_STYLED_ITEM('',(#34890),#34820,#110200);
#110990=OVER_RIDING_STYLED_ITEM('',(#35290),#35220,#110200);
#111000=OVER_RIDING_STYLED_ITEM('',(#35670),#35600,#110200);
#111010=OVER_RIDING_STYLED_ITEM('',(#35880),#35810,#110200);
#111020=OVER_RIDING_STYLED_ITEM('',(#36900),#36830,#110200);
#111030=OVER_RIDING_STYLED_ITEM('',(#37200),#37130,#110200);
#111040=OVER_RIDING_STYLED_ITEM('',(#37390),#37320,#110200);
#111050=OVER_RIDING_STYLED_ITEM('',(#37640),#37570,#110200);
#111060=OVER_RIDING_STYLED_ITEM('',(#37880),#37810,#110200);
#111070=OVER_RIDING_STYLED_ITEM('',(#38120),#38050,#110200);
#111080=OVER_RIDING_STYLED_ITEM('',(#38360),#38290,#110200);
#111090=OVER_RIDING_STYLED_ITEM('',(#38600),#38530,#110200);
#111100=OVER_RIDING_STYLED_ITEM('',(#38840),#38770,#110200);
#111110=OVER_RIDING_STYLED_ITEM('',(#39080),#39010,#110200);
#111120=OVER_RIDING_STYLED_ITEM('',(#39270),#39200,#110200);
#111130=OVER_RIDING_STYLED_ITEM('',(#39590),#39520,#110200);
#111140=OVER_RIDING_STYLED_ITEM('',(#39900),#39830,#110200);
#111150=OVER_RIDING_STYLED_ITEM('',(#40700),#40630,#110200);
#111160=OVER_RIDING_STYLED_ITEM('',(#41010),#40940,#110200);
#111170=OVER_RIDING_STYLED_ITEM('',(#41250),#41180,#110200);
#111180=OVER_RIDING_STYLED_ITEM('',(#41490),#41420,#110200);
#111190=OVER_RIDING_STYLED_ITEM('',(#41730),#41660,#110200);
#111200=OVER_RIDING_STYLED_ITEM('',(#41920),#41850,#110200);
#111210=OVER_RIDING_STYLED_ITEM('',(#42160),#42090,#110200);
#111220=OVER_RIDING_STYLED_ITEM('',(#42350),#42280,#110200);
#111230=OVER_RIDING_STYLED_ITEM('',(#42820),#42750,#110200);
#111240=OVER_RIDING_STYLED_ITEM('',(#43310),#43240,#110200);
#111250=OVER_RIDING_STYLED_ITEM('',(#43720),#43650,#110200);
#111260=OVER_RIDING_STYLED_ITEM('',(#44030),#43960,#110200);
#111270=OVER_RIDING_STYLED_ITEM('',(#44340),#44270,#110200);
#111280=OVER_RIDING_STYLED_ITEM('',(#44590),#44520,#110200);
#111290=OVER_RIDING_STYLED_ITEM('',(#45610),#45540,#110200);
#111300=OVER_RIDING_STYLED_ITEM('',(#45920),#45850,#110200);
#111310=OVER_RIDING_STYLED_ITEM('',(#46160),#46090,#110200);
#111320=OVER_RIDING_STYLED_ITEM('',(#46350),#46280,#110200);
#111330=OVER_RIDING_STYLED_ITEM('',(#46590),#46520,#110200);
#111340=OVER_RIDING_STYLED_ITEM('',(#46830),#46760,#110200);
#111350=OVER_RIDING_STYLED_ITEM('',(#47070),#47000,#110200);
#111360=OVER_RIDING_STYLED_ITEM('',(#47310),#47240,#110200);
#111370=OVER_RIDING_STYLED_ITEM('',(#47550),#47480,#110200);
#111380=OVER_RIDING_STYLED_ITEM('',(#47790),#47720,#110200);
#111390=OVER_RIDING_STYLED_ITEM('',(#47980),#47910,#110200);
#111400=OVER_RIDING_STYLED_ITEM('',(#48360),#48290,#110200);
#111410=OVER_RIDING_STYLED_ITEM('',(#48680),#48610,#110200);
#111420=OVER_RIDING_STYLED_ITEM('',(#48990),#48920,#110200);
#111430=OVER_RIDING_STYLED_ITEM('',(#49310),#49240,#110200);
#111440=OVER_RIDING_STYLED_ITEM('',(#49620),#49550,#110200);
#111450=OVER_RIDING_STYLED_ITEM('',(#49940),#49870,#110200);
#111460=OVER_RIDING_STYLED_ITEM('',(#50250),#50180,#110200);
#111470=OVER_RIDING_STYLED_ITEM('',(#50570),#50500,#110200);
#111480=OVER_RIDING_STYLED_ITEM('',(#50880),#50810,#110200);
#111490=OVER_RIDING_STYLED_ITEM('',(#51490),#51420,#110200);
#111500=OVER_RIDING_STYLED_ITEM('',(#51680),#51610,#110200);
#111510=OVER_RIDING_STYLED_ITEM('',(#52070),#52000,#110200);
#111520=OVER_RIDING_STYLED_ITEM('',(#52400),#52330,#110200);
#111530=OVER_RIDING_STYLED_ITEM('',(#52800),#52730,#110200);
#111540=OVER_RIDING_STYLED_ITEM('',(#53190),#53120,#110200);
#111550=OVER_RIDING_STYLED_ITEM('',(#53400),#53330,#110200);
#111560=OVER_RIDING_STYLED_ITEM('',(#53720),#53650,#110200);
#111570=OVER_RIDING_STYLED_ITEM('',(#53950),#53880,#110200);
#111580=OVER_RIDING_STYLED_ITEM('',(#54140),#54070,#110200);
#111590=OVER_RIDING_STYLED_ITEM('',(#54340),#54270,#110200);
#111600=OVER_RIDING_STYLED_ITEM('',(#54530),#54460,#110200);
#111610=OVER_RIDING_STYLED_ITEM('',(#54720),#54650,#110200);
#111620=OVER_RIDING_STYLED_ITEM('',(#54930),#54860,#110200);
#111630=OVER_RIDING_STYLED_ITEM('',(#55120),#55050,#110200);
#111640=OVER_RIDING_STYLED_ITEM('',(#55310),#55240,#110200);
#111650=OVER_RIDING_STYLED_ITEM('',(#55500),#55430,#110200);
#111660=OVER_RIDING_STYLED_ITEM('',(#55700),#55630,#110200);
#111670=OVER_RIDING_STYLED_ITEM('',(#55890),#55820,#110200);
#111680=OVER_RIDING_STYLED_ITEM('',(#56080),#56010,#110200);
#111690=OVER_RIDING_STYLED_ITEM('',(#56270),#56200,#110200);
#111700=OVER_RIDING_STYLED_ITEM('',(#56460),#56390,#110200);
#111710=OVER_RIDING_STYLED_ITEM('',(#56650),#56580,#110200);
#111720=OVER_RIDING_STYLED_ITEM('',(#56840),#56770,#110200);
#111730=OVER_RIDING_STYLED_ITEM('',(#57030),#56960,#110200);
#111740=OVER_RIDING_STYLED_ITEM('',(#57510),#57440,#110200);
#111750=OVER_RIDING_STYLED_ITEM('',(#58860),#58790,#110200);
#111760=OVER_RIDING_STYLED_ITEM('',(#60290),#60220,#110200);
#111770=OVER_RIDING_STYLED_ITEM('',(#60530),#60460,#110200);
#111780=OVER_RIDING_STYLED_ITEM('',(#61090),#61020,#110200);
#111790=OVER_RIDING_STYLED_ITEM('',(#61470),#61400,#110200);
#111800=OVER_RIDING_STYLED_ITEM('',(#61780),#61710,#110200);
#111810=OVER_RIDING_STYLED_ITEM('',(#62090),#62020,#110200);
#111820=OVER_RIDING_STYLED_ITEM('',(#62360),#62290,#110200);
#111830=OVER_RIDING_STYLED_ITEM('',(#62550),#62480,#110200);
#111840=OVER_RIDING_STYLED_ITEM('',(#62840),#62770,#110200);
#111850=OVER_RIDING_STYLED_ITEM('',(#63240),#63170,#110200);
#111860=OVER_RIDING_STYLED_ITEM('',(#63560),#63490,#110200);
#111870=OVER_RIDING_STYLED_ITEM('',(#64010),#63940,#110200);
#111880=OVER_RIDING_STYLED_ITEM('',(#64250),#64180,#110200);
#111890=OVER_RIDING_STYLED_ITEM('',(#64440),#64370,#110200);
#111900=OVER_RIDING_STYLED_ITEM('',(#64680),#64610,#110200);
#111910=OVER_RIDING_STYLED_ITEM('',(#65350),#65280,#110200);
#111920=OVER_RIDING_STYLED_ITEM('',(#65740),#65670,#110200);
#111930=OVER_RIDING_STYLED_ITEM('',(#66030),#65960,#110200);
#111940=OVER_RIDING_STYLED_ITEM('',(#66230),#66160,#110200);
#111950=OVER_RIDING_STYLED_ITEM('',(#66430),#66360,#110200);
#111960=OVER_RIDING_STYLED_ITEM('',(#66620),#66550,#110200);
#111970=OVER_RIDING_STYLED_ITEM('',(#66810),#66740,#110200);
#111980=OVER_RIDING_STYLED_ITEM('',(#67020),#66950,#110200);
#111990=OVER_RIDING_STYLED_ITEM('',(#67570),#67500,#110200);
#112000=OVER_RIDING_STYLED_ITEM('',(#68100),#68030,#110200);
#112010=OVER_RIDING_STYLED_ITEM('',(#68490),#68420,#110200);
#112020=OVER_RIDING_STYLED_ITEM('',(#68790),#68720,#110200);
#112030=OVER_RIDING_STYLED_ITEM('',(#68990),#68920,#110200);
#112040=OVER_RIDING_STYLED_ITEM('',(#69200),#69130,#110200);
#112050=OVER_RIDING_STYLED_ITEM('',(#69410),#69340,#110200);
#112060=OVER_RIDING_STYLED_ITEM('',(#69620),#69550,#110200);
#112070=OVER_RIDING_STYLED_ITEM('',(#70210),#70140,#110200);
#112080=OVER_RIDING_STYLED_ITEM('',(#70700),#70630,#110200);
#112090=OVER_RIDING_STYLED_ITEM('',(#71090),#71020,#110200);
#112100=OVER_RIDING_STYLED_ITEM('',(#71290),#71220,#110200);
#112110=OVER_RIDING_STYLED_ITEM('',(#72860),#72790,#110200);
#112120=OVER_RIDING_STYLED_ITEM('',(#73710),#73640,#110200);
#112130=OVER_RIDING_STYLED_ITEM('',(#74240),#74170,#110200);
#112140=OVER_RIDING_STYLED_ITEM('',(#74550),#74480,#110200);
#112150=OVER_RIDING_STYLED_ITEM('',(#74870),#74800,#110200);
#112160=OVER_RIDING_STYLED_ITEM('',(#75250),#75180,#110200);
#112170=OVER_RIDING_STYLED_ITEM('',(#75700),#75630,#110200);
#112180=OVER_RIDING_STYLED_ITEM('',(#76000),#75930,#110200);
#112190=OVER_RIDING_STYLED_ITEM('',(#76390),#76320,#110200);
#112200=OVER_RIDING_STYLED_ITEM('',(#76720),#76650,#110200);
#112210=OVER_RIDING_STYLED_ITEM('',(#77020),#76950,#110200);
#112220=OVER_RIDING_STYLED_ITEM('',(#77400),#77330,#110200);
#112230=OVER_RIDING_STYLED_ITEM('',(#77720),#77650,#110200);
#112240=OVER_RIDING_STYLED_ITEM('',(#79100),#79030,#110200);
#112250=OVER_RIDING_STYLED_ITEM('',(#79400),#79330,#110200);
#112260=OVER_RIDING_STYLED_ITEM('',(#79720),#79650,#110200);
#112270=OVER_RIDING_STYLED_ITEM('',(#79950),#79880,#110200);
#112280=OVER_RIDING_STYLED_ITEM('',(#80140),#80070,#110200);
#112290=OVER_RIDING_STYLED_ITEM('',(#80440),#80370,#110200);
#112300=OVER_RIDING_STYLED_ITEM('',(#80750),#80680,#110200);
#112310=OVER_RIDING_STYLED_ITEM('',(#80990),#80920,#110200);
#112320=OVER_RIDING_STYLED_ITEM('',(#81180),#81110,#110200);
#112330=OVER_RIDING_STYLED_ITEM('',(#81420),#81350,#110200);
#112340=OVER_RIDING_STYLED_ITEM('',(#81610),#81540,#110200);
#112350=OVER_RIDING_STYLED_ITEM('',(#81850),#81780,#110200);
#112360=OVER_RIDING_STYLED_ITEM('',(#82240),#82170,#110200);
#112370=OVER_RIDING_STYLED_ITEM('',(#82430),#82360,#110200);
#112380=OVER_RIDING_STYLED_ITEM('',(#82740),#82670,#110200);
#112390=OVER_RIDING_STYLED_ITEM('',(#82920),#82850,#110200);
#112400=OVER_RIDING_STYLED_ITEM('',(#83310),#83240,#110200);
#112410=OVER_RIDING_STYLED_ITEM('',(#83620),#83550,#110200);
#112420=OVER_RIDING_STYLED_ITEM('',(#83940),#83870,#110200);
#112430=OVER_RIDING_STYLED_ITEM('',(#84180),#84110,#110200);
#112440=OVER_RIDING_STYLED_ITEM('',(#84360),#84290,#110200);
#112450=OVER_RIDING_STYLED_ITEM('',(#84610),#84540,#110200);
#112460=OVER_RIDING_STYLED_ITEM('',(#84810),#84740,#110200);
#112470=OVER_RIDING_STYLED_ITEM('',(#85020),#84950,#110200);
#112480=OVER_RIDING_STYLED_ITEM('',(#85240),#85170,#110200);
#112490=OVER_RIDING_STYLED_ITEM('',(#85440),#85370,#110200);
#112500=OVER_RIDING_STYLED_ITEM('',(#85630),#85560,#110200);
#112510=OVER_RIDING_STYLED_ITEM('',(#85820),#85750,#110200);
#112520=OVER_RIDING_STYLED_ITEM('',(#86370),#86300,#110200);
#112530=OVER_RIDING_STYLED_ITEM('',(#86800),#86730,#110200);
#112540=OVER_RIDING_STYLED_ITEM('',(#87350),#87280,#110200);
#112550=OVER_RIDING_STYLED_ITEM('',(#87700),#87630,#110200);
#112560=OVER_RIDING_STYLED_ITEM('',(#88130),#88060,#110200);
#112570=OVER_RIDING_STYLED_ITEM('',(#88360),#88290,#110200);
#112580=OVER_RIDING_STYLED_ITEM('',(#88670),#88600,#110200);
#112590=OVER_RIDING_STYLED_ITEM('',(#88880),#88810,#110200);
#112600=OVER_RIDING_STYLED_ITEM('',(#89100),#89030,#110200);
#112610=OVER_RIDING_STYLED_ITEM('',(#89290),#89220,#110200);
#112620=OVER_RIDING_STYLED_ITEM('',(#89490),#89420,#110200);
#112630=OVER_RIDING_STYLED_ITEM('',(#89690),#89620,#110200);
#112640=OVER_RIDING_STYLED_ITEM('',(#90110),#90040,#110200);
#112650=OVER_RIDING_STYLED_ITEM('',(#90510),#90440,#110200);
#112660=OVER_RIDING_STYLED_ITEM('',(#90800),#90730,#110200);
#112670=OVER_RIDING_STYLED_ITEM('',(#91040),#90970,#110200);
#112680=OVER_RIDING_STYLED_ITEM('',(#91230),#91160,#110200);
#112690=OVER_RIDING_STYLED_ITEM('',(#91720),#91650,#110200);
#112700=OVER_RIDING_STYLED_ITEM('',(#92190),#92120,#110200);
#112710=OVER_RIDING_STYLED_ITEM('',(#92570),#92500,#110200);
#112720=OVER_RIDING_STYLED_ITEM('',(#92970),#92900,#110200);
#112730=OVER_RIDING_STYLED_ITEM('',(#93350),#93280,#110200);
#112740=OVER_RIDING_STYLED_ITEM('',(#94240),#94170,#110200);
#112750=OVER_RIDING_STYLED_ITEM('',(#94550),#94480,#110200);
#112760=OVER_RIDING_STYLED_ITEM('',(#95370),#95300,#110200);
#112770=OVER_RIDING_STYLED_ITEM('',(#95610),#95540,#110200);
#112780=OVER_RIDING_STYLED_ITEM('',(#95800),#95730,#110200);
#112790=OVER_RIDING_STYLED_ITEM('',(#96040),#95970,#110200);
#112800=OVER_RIDING_STYLED_ITEM('',(#96280),#96210,#110200);
#112810=OVER_RIDING_STYLED_ITEM('',(#96520),#96450,#110200);
#112820=OVER_RIDING_STYLED_ITEM('',(#96760),#96690,#110200);
#112830=OVER_RIDING_STYLED_ITEM('',(#97000),#96930,#110200);
#112840=OVER_RIDING_STYLED_ITEM('',(#97190),#97120,#110200);
#112850=OVER_RIDING_STYLED_ITEM('',(#97700),#97630,#110200);
#112860=OVER_RIDING_STYLED_ITEM('',(#98000),#97930,#110200);
#112870=OVER_RIDING_STYLED_ITEM('',(#98310),#98240,#110200);
#112880=OVER_RIDING_STYLED_ITEM('',(#98550),#98480,#110200);
#112890=OVER_RIDING_STYLED_ITEM('',(#98730),#98660,#110200);
#112900=OVER_RIDING_STYLED_ITEM('',(#99220),#99150,#110200);
#112910=OVER_RIDING_STYLED_ITEM('',(#99530),#99460,#110200);
#112920=OVER_RIDING_STYLED_ITEM('',(#99840),#99770,#110200);
#112930=OVER_RIDING_STYLED_ITEM('',(#100080),#100010,#110200);
#112940=OVER_RIDING_STYLED_ITEM('',(#100270),#100200,#110200);
#112950=OVER_RIDING_STYLED_ITEM('',(#100690),#100620,#110200);
#112960=OVER_RIDING_STYLED_ITEM('',(#101070),#101000,#110200);
#112970=OVER_RIDING_STYLED_ITEM('',(#101390),#101320,#110200);
#112980=OVER_RIDING_STYLED_ITEM('',(#101630),#101560,#110200);
#112990=OVER_RIDING_STYLED_ITEM('',(#101810),#101740,#110200);
#113000=OVER_RIDING_STYLED_ITEM('',(#102300),#102230,#110200);
#113010=OVER_RIDING_STYLED_ITEM('',(#102700),#102630,#110200);
#113020=OVER_RIDING_STYLED_ITEM('',(#102930),#102860,#110200);
#113030=OVER_RIDING_STYLED_ITEM('',(#103170),#103100,#110200);
#113040=OVER_RIDING_STYLED_ITEM('',(#103350),#103280,#110200);
#113050=OVER_RIDING_STYLED_ITEM('',(#103840),#103770,#110200);
#113060=OVER_RIDING_STYLED_ITEM('',(#104150),#104080,#110200);
#113070=OVER_RIDING_STYLED_ITEM('',(#104470),#104400,#110200);
#113080=OVER_RIDING_STYLED_ITEM('',(#104710),#104640,#110200);
#113090=OVER_RIDING_STYLED_ITEM('',(#104890),#104820,#110200);
#113100=OVER_RIDING_STYLED_ITEM('',(#105380),#105310,#110200);
#113110=OVER_RIDING_STYLED_ITEM('',(#105760),#105690,#110200);
#113120=OVER_RIDING_STYLED_ITEM('',(#106000),#105930,#110200);
#113130=OVER_RIDING_STYLED_ITEM('',(#106250),#106180,#110200);
#113140=OVER_RIDING_STYLED_ITEM('',(#106430),#106360,#110200);
#113150=DRAUGHTING_MODEL('',(#106740,#106590,#106860,#107160,#107010,
#107280,#107580,#107430,#107700,#108000,#107850,#108120,#108420,#108270,
#108540,#108840,#108690,#108960,#109260,#109110,#109380,#110200,#110210,
#110220,#110230,#110240,#110250,#110260,#110270,#110280,#110290,#110300,
#110310,#110320,#110330,#110340,#110350,#110360,#110370,#110380,#110390,
#110400,#110410,#110420,#110430,#110440,#110450,#110460,#110470,#110480,
#110490,#110500,#110510,#110520,#110530,#110540,#110550,#110560,#110570,
#110580,#110590,#110600,#110610,#110620,#110630,#110640,#110650,#110660,
#110670,#110680,#110690,#110700,#110710,#110720,#110730,#110740,#110750,
#110760,#110770,#110780,#110790,#110800,#110810,#110820,#110830,#110840,
#110850,#110860,#110870,#110880,#110890,#110900,#110910,#110920,#110930,
#110940,#110950,#110960,#110970,#110980,#110990,#111000,#111010,#111020,
#111030,#111040,#111050,#111060,#111070,#111080,#111090,#111100,#111110,
#111120,#111130,#111140,#111150,#111160,#111170,#111180,#111190,#111200,
#111210,#111220,#111230,#111240,#111250,#111260,#111270,#111280,#111290,
#111300,#111310,#111320,#111330,#111340,#111350,#111360,#111370,#111380,
#111390,#111400,#111410,#111420,#111430,#111440,#111450,#111460,#111470,
#111480,#111490,#111500,#111510,#111520,#111530,#111540,#111550,#111560,
#111570,#111580,#111590,#111600,#111610,#111620,#111630,#111640,#111650,
#111660,#111670,#111680,#111690,#111700,#111710,#111720,#111730,#111740,
#111750,#111760,#111770,#111780,#111790,#111800,#111810,#111820,#111830,
#111840,#111850,#111860,#111870,#111880,#111890,#111900,#111910,#111920,
#111930,#111940,#111950,#111960,#111970,#111980,#111990,#112000,#112010,
#112020,#112030,#112040,#112050,#112060,#112070,#112080,#112090,#112100,
#112110,#112120,#112130,#112140,#112150,#112160,#112170,#112180,#112190,
#112200,#112210,#112220,#112230,#112240,#112250,#112260,#112270,#112280,
#112290,#112300,#112310,#112320,#112330,#112340,#112350,#112360,#112370,
#112380,#112390,#112400,#112410,#112420,#112430,#112440,#112450,#112460,
#112470,#112480,#112490,#112500,#112510,#112520,#112530,#112540,#112550,
#112560,#112570,#112580,#112590,#112600,#112610,#112620,#112630,#112640,
#112650,#112660,#112670,#112680,#112690,#112700,#112710,#112720,#112730,
#112740,#112750,#112760,#112770,#112780,#112790,#112800,#112810,#112820,
#112830,#112840,#112850,#112860,#112870,#112880,#112890,#112900,#112910,
#112920,#112930,#112940,#112950,#112960,#112970,#112980,#112990,#113000,
#113010,#113020,#113030,#113040,#113050,#113060,#113070,#113080,#113090,
#113100,#113110,#113120,#113130,#113140),#109600);
#113160=CARTESIAN_POINT('',(0.,0.,0.));
#113170=DIRECTION('',(0.,0.,1.));
#113180=DIRECTION('',(1.,0.,0.));
#113190=AXIS2_PLACEMENT_3D('',#113160,#113170,#113180);
#113200=ITEM_DEFINED_TRANSFORMATION('229S.prt','',#109440,#113190);
#113210=APPLICATION_CONTEXT(' ');
#113220=APPLICATION_PROTOCOL_DEFINITION(' ','automotive_design',1998,
#113210);
#113230=PRODUCT_CONTEXT('',#113210,'mechanical');
#113240=PRODUCT_DEFINITION_CONTEXT('part definition',#113210,'design');
#113250=PRODUCT('229S.stp','229S.stp','',(#113230));
#113260=PRODUCT_RELATED_PRODUCT_CATEGORY('part',' ',(#113250));
#113270=PRODUCT_DEFINITION_FORMATION_WITH_SPECIFIED_SOURCE('','',#113250
,.BOUGHT.);
#113280=PRODUCT_DEFINITION('',' ',#113270,#113240);
#113290=PRODUCT_DEFINITION_SHAPE('','',#113280);
#113300=DIMENSIONAL_EXPONENTS(1.,0.,0.,0.,0.,0.,0.);
#113310=DIMENSIONAL_EXPONENTS(0.,0.,0.,0.,0.,0.,0.);
#113320=DIMENSIONAL_EXPONENTS(0.,0.,0.,0.,0.,0.,0.);
#113330=(LENGTH_UNIT() NAMED_UNIT(*) SI_UNIT(.MILLI.,.METRE.));
#113340=(NAMED_UNIT(*) PLANE_ANGLE_UNIT() SI_UNIT($,.RADIAN.));
#113350=(NAMED_UNIT(*) SI_UNIT($,.STERADIAN.) SOLID_ANGLE_UNIT());
#113360=(GEOMETRIC_REPRESENTATION_CONTEXT(3) 
GLOBAL_UNCERTAINTY_ASSIGNED_CONTEXT((#113370)) 
GLOBAL_UNIT_ASSIGNED_CONTEXT((#113330,#113340,#113350)) 
REPRESENTATION_CONTEXT('',''));
#113370=UNCERTAINTY_MEASURE_WITH_UNIT(LENGTH_MEASURE(0.0021),#113330,
'distance_accuracy_value','maximum gap value');
#113380=SHAPE_REPRESENTATION('',(#109440,#113190),#113360);
#113390=SHAPE_DEFINITION_REPRESENTATION(#113290,#113380);
#113400=(REPRESENTATION_RELATIONSHIP('','',#109620,#113380) 
REPRESENTATION_RELATIONSHIP_WITH_TRANSFORMATION(#113200) 
SHAPE_REPRESENTATION_RELATIONSHIP());
#113410=NEXT_ASSEMBLY_USAGE_OCCURRENCE('1','','229S.prt',#113280,#109520
,'');
#113420=PRODUCT_DEFINITION_SHAPE('','',#113410);
#113430=CONTEXT_DEPENDENT_SHAPE_REPRESENTATION(#113400,#113420);
ENDSEC;
END-ISO-10303-21;
