ISO-10303-21;
HEADER;
FILE_DESCRIPTION(('Creo Elements/Direct Modeling STEP Export'),'2;1');
FILE_NAME('229SP.stp','2013-04-07T23:18:50',(''),(''),
'Creo Elements/Direct Modeling STEP processor for AP214 (Solid Model)',
'Creo Elements/Direct Modeling 18.1C  24-Feb-2013 (C) Parametric Technol
ogy GmbH','');
FILE_SCHEMA(('AUTOMOTIVE_DESIGN { 1 0 10303 214 1 1 1 1 }'));
ENDSEC;
DATA;
#10=CARTESIAN_POINT('',(-3.8,0.08,0.));
#20=DIRECTION('',(0.,-1.,0.));
#30=DIRECTION('',(0.,0.,-1.));
#40=AXIS2_PLACEMENT_3D('',#10,#20,#30);
#50=PLANE('',#40);
#60=CARTESIAN_POINT('',(-3.1,0.08,3.03000000000001));
#70=DIRECTION('',(0.,-1.,0.));
#80=DIRECTION('',(-1.0449157878825E-14,0.,1.));
#90=AXIS2_PLACEMENT_3D('',#60,#70,#80);
#100=CIRCLE('',#90,0.17);
#110=CARTESIAN_POINT('',(-3.1,0.08,3.20000000000001));
#120=VERTEX_POINT('',#110);
#130=CARTESIAN_POINT('',(-3.27,0.08,3.03000000000001));
#140=VERTEX_POINT('',#130);
#150=EDGE_CURVE('',#120,#140,#100,.T.);
#160=ORIENTED_EDGE('',*,*,#150,.T.);
#170=CARTESIAN_POINT('',(-3.1,0.08,3.20000000000001));
#180=DIRECTION('',(1.,0.,0.));
#190=VECTOR('',#180,1.);
#200=LINE('',#170,#190);
#210=CARTESIAN_POINT('',(3.09999999999999,0.08,3.20000000000001));
#220=VERTEX_POINT('',#210);
#230=EDGE_CURVE('',#120,#220,#200,.T.);
#240=ORIENTED_EDGE('',*,*,#230,.F.);
#250=CARTESIAN_POINT('',(3.1,0.0800000000000001,3.03000000000001));
#260=DIRECTION('',(0.,-1.,0.));
#270=DIRECTION('',(1.,0.,2.61228946970625E-15));
#280=AXIS2_PLACEMENT_3D('',#250,#260,#270);
#290=CIRCLE('',#280,0.17);
#300=CARTESIAN_POINT('',(3.27,0.08,3.03000000000001));
#310=VERTEX_POINT('',#300);
#320=EDGE_CURVE('',#310,#220,#290,.T.);
#330=ORIENTED_EDGE('',*,*,#320,.T.);
#340=CARTESIAN_POINT('',(3.27,0.08,-3.03));
#350=DIRECTION('',(0.,0.,1.));
#360=VECTOR('',#350,1.);
#370=LINE('',#340,#360);
#380=CARTESIAN_POINT('',(3.27,0.08,-3.03));
#390=VERTEX_POINT('',#380);
#400=EDGE_CURVE('',#390,#310,#370,.T.);
#410=ORIENTED_EDGE('',*,*,#400,.T.);
#420=CARTESIAN_POINT('',(3.1,0.0800000000000001,-3.02999999999999));
#430=DIRECTION('',(0.,-1.,-0.));
#440=DIRECTION('',(-5.48580788638311E-14,0.,-1.));
#450=AXIS2_PLACEMENT_3D('',#420,#430,#440);
#460=CIRCLE('',#450,0.17);
#470=CARTESIAN_POINT('',(3.1,0.08,-3.19999999999999));
#480=VERTEX_POINT('',#470);
#490=EDGE_CURVE('',#480,#390,#460,.T.);
#500=ORIENTED_EDGE('',*,*,#490,.T.);
#510=CARTESIAN_POINT('',(3.1,0.08,-3.19999999999999));
#520=DIRECTION('',(-1.,0.,0.));
#530=VECTOR('',#520,1.);
#540=LINE('',#510,#530);
#550=CARTESIAN_POINT('',(-3.1,0.08,-3.19999999999999));
#560=VERTEX_POINT('',#550);
#570=EDGE_CURVE('',#480,#560,#540,.T.);
#580=ORIENTED_EDGE('',*,*,#570,.F.);
#590=CARTESIAN_POINT('',(-3.1,0.080000000000001,-3.02999999999999));
#600=DIRECTION('',(0.,-1.,0.));
#610=DIRECTION('',(-1.,0.,7.83686840911876E-15));
#620=AXIS2_PLACEMENT_3D('',#590,#600,#610);
#630=CIRCLE('',#620,0.17);
#640=CARTESIAN_POINT('',(-3.27,0.08,-3.02999999999999));
#650=VERTEX_POINT('',#640);
#660=EDGE_CURVE('',#650,#560,#630,.T.);
#670=ORIENTED_EDGE('',*,*,#660,.T.);
#680=CARTESIAN_POINT('',(-3.27,0.08,-1.32404682696648));
#690=DIRECTION('',(0.,0.,-1.));
#700=VECTOR('',#690,1.);
#710=LINE('',#680,#700);
#720=CARTESIAN_POINT('',(-3.27,0.08,-1.32404682696648));
#730=VERTEX_POINT('',#720);
#740=EDGE_CURVE('',#730,#650,#710,.T.);
#750=ORIENTED_EDGE('',*,*,#740,.T.);
#760=CARTESIAN_POINT('',(-4.9,0.0799999999999996,0.));
#770=DIRECTION('',(-0.,1.,0.));
#780=DIRECTION('',(0.776190476190476,0.,0.630498489031657));
#790=AXIS2_PLACEMENT_3D('',#760,#770,#780);
#800=CIRCLE('',#790,2.1);
#810=CARTESIAN_POINT('',(-3.27,0.0800000000000001,1.32404682696648));
#820=VERTEX_POINT('',#810);
#830=EDGE_CURVE('',#820,#730,#800,.T.);
#840=ORIENTED_EDGE('',*,*,#830,.T.);
#850=CARTESIAN_POINT('',(-3.27,0.08,3.03000000000001));
#860=DIRECTION('',(0.,0.,-1.));
#870=VECTOR('',#860,1.);
#880=LINE('',#850,#870);
#890=EDGE_CURVE('',#140,#820,#880,.T.);
#900=ORIENTED_EDGE('',*,*,#890,.T.);
#910=EDGE_LOOP('',(#900,#840,#750,#670,#580,#500,#410,#330,#240,#160));
#920=FACE_OUTER_BOUND('',#910,.T.);
#930=CARTESIAN_POINT('',(0.,0.0800000000000018,-1.48));
#940=DIRECTION('',(-0.,1.,0.));
#950=DIRECTION('',(0.998715162543762,0.,0.0506756756756754));
#960=AXIS2_PLACEMENT_3D('',#930,#940,#950);
#970=CIRCLE('',#960,0.15);
#980=CARTESIAN_POINT('',(0.149807274381565,0.08,-1.47239864864865));
#990=VERTEX_POINT('',#980);
#1000=CARTESIAN_POINT('',(-0.149807274381564,0.08,-1.47239864864865));
#1010=VERTEX_POINT('',#1000);
#1020=EDGE_CURVE('',#990,#1010,#970,.T.);
#1030=ORIENTED_EDGE('',*,*,#1020,.T.);
#1040=CARTESIAN_POINT('',(0.,0.0799999999999841,0.));
#1050=DIRECTION('',(0.,1.,0.));
#1060=DIRECTION('',(0.994863951789628,0.,-0.101221131338895));
#1070=AXIS2_PLACEMENT_3D('',#1040,#1050,#1060);
#1080=CIRCLE('',#1070,1.48);
#1090=CARTESIAN_POINT('',(1.47239864864865,0.08,-0.149807274381564));
#1100=VERTEX_POINT('',#1090);
#1110=EDGE_CURVE('',#1100,#990,#1080,.T.);
#1120=ORIENTED_EDGE('',*,*,#1110,.T.);
#1130=CARTESIAN_POINT('',(1.48,0.0800000000000018,0.));
#1140=DIRECTION('',(0.,1.,0.));
#1150=DIRECTION('',(-0.0506756756756754,0.,0.998715162543762));
#1160=AXIS2_PLACEMENT_3D('',#1130,#1140,#1150);
#1170=CIRCLE('',#1160,0.15);
#1180=CARTESIAN_POINT('',(1.47239864864865,0.08,0.149807274381565));
#1190=VERTEX_POINT('',#1180);
#1200=EDGE_CURVE('',#1190,#1100,#1170,.T.);
#1210=ORIENTED_EDGE('',*,*,#1200,.T.);
#1220=CARTESIAN_POINT('',(0.,0.0799999999999841,0.));
#1230=DIRECTION('',(-0.,1.,0.));
#1240=DIRECTION('',(0.101221131338895,0.,0.994863951789628));
#1250=AXIS2_PLACEMENT_3D('',#1220,#1230,#1240);
#1260=CIRCLE('',#1250,1.48);
#1270=CARTESIAN_POINT('',(0.149807274381564,0.08,1.47239864864865));
#1280=VERTEX_POINT('',#1270);
#1290=EDGE_CURVE('',#1280,#1190,#1260,.T.);
#1300=ORIENTED_EDGE('',*,*,#1290,.T.);
#1310=CARTESIAN_POINT('',(0.,0.0800000000000018,1.48));
#1320=DIRECTION('',(0.,1.,0.));
#1330=DIRECTION('',(-0.998715162543762,0.,-0.0506756756756754));
#1340=AXIS2_PLACEMENT_3D('',#1310,#1320,#1330);
#1350=CIRCLE('',#1340,0.15);
#1360=CARTESIAN_POINT('',(-0.149807274381564,0.08,1.47239864864865));
#1370=VERTEX_POINT('',#1360);
#1380=EDGE_CURVE('',#1370,#1280,#1350,.T.);
#1390=ORIENTED_EDGE('',*,*,#1380,.T.);
#1400=CARTESIAN_POINT('',(0.,0.0799999999999841,0.));
#1410=DIRECTION('',(0.,1.,0.));
#1420=DIRECTION('',(-0.994863951789628,0.,0.101221131338895));
#1430=AXIS2_PLACEMENT_3D('',#1400,#1410,#1420);
#1440=CIRCLE('',#1430,1.48);
#1450=CARTESIAN_POINT('',(-1.47239864864865,0.08,0.149807274381564));
#1460=VERTEX_POINT('',#1450);
#1470=EDGE_CURVE('',#1460,#1370,#1440,.T.);
#1480=ORIENTED_EDGE('',*,*,#1470,.T.);
#1490=CARTESIAN_POINT('',(-1.48,0.0800000000000018,0.));
#1500=DIRECTION('',(0.,1.,0.));
#1510=DIRECTION('',(0.0506756756756754,0.,-0.998715162543762));
#1520=AXIS2_PLACEMENT_3D('',#1490,#1500,#1510);
#1530=CIRCLE('',#1520,0.15);
#1540=CARTESIAN_POINT('',(-1.47239864864865,0.079999999999993,
-0.149807274381564));
#1550=VERTEX_POINT('',#1540);
#1560=EDGE_CURVE('',#1550,#1460,#1530,.T.);
#1570=ORIENTED_EDGE('',*,*,#1560,.T.);
#1580=CARTESIAN_POINT('',(0.,0.0799999999999841,0.));
#1590=DIRECTION('',(0.,1.,0.));
#1600=DIRECTION('',(-0.101221131338895,0.,-0.994863951789628));
#1610=AXIS2_PLACEMENT_3D('',#1580,#1590,#1600);
#1620=CIRCLE('',#1610,1.48);
#1630=EDGE_CURVE('',#1010,#1550,#1620,.T.);
#1640=ORIENTED_EDGE('',*,*,#1630,.T.);
#1650=EDGE_LOOP('',(#1640,#1570,#1480,#1390,#1300,#1210,#1120,#1030));
#1660=FACE_BOUND('',#1650,.T.);
#1670=CARTESIAN_POINT('',(-2.3,0.0800000000000014,2.35000000000001));
#1680=DIRECTION('',(0.,1.,0.));
#1690=DIRECTION('',(0.,0.,1.));
#1700=AXIS2_PLACEMENT_3D('',#1670,#1680,#1690);
#1710=CIRCLE('',#1700,0.6);
#1720=CARTESIAN_POINT('',(-2.3,0.0800000000000014,1.75000000000001));
#1730=VERTEX_POINT('',#1720);
#1740=CARTESIAN_POINT('',(-2.3,0.0800000000000014,2.95000000000001));
#1750=VERTEX_POINT('',#1740);
#1760=EDGE_CURVE('',#1730,#1750,#1710,.T.);
#1770=ORIENTED_EDGE('',*,*,#1760,.T.);
#1780=EDGE_CURVE('',#1750,#1730,#1710,.T.);
#1790=ORIENTED_EDGE('',*,*,#1780,.T.);
#1800=EDGE_LOOP('',(#1790,#1770));
#1810=FACE_BOUND('',#1800,.T.);
#1820=CARTESIAN_POINT('',(2.3,0.0800000000000014,0.849999999999991));
#1830=DIRECTION('',(-0.,1.,0.));
#1840=DIRECTION('',(7.40148683083438E-16,0.,1.));
#1850=AXIS2_PLACEMENT_3D('',#1820,#1830,#1840);
#1860=CIRCLE('',#1850,0.6);
#1870=CARTESIAN_POINT('',(2.3,0.0800000000000001,1.44999999999999));
#1880=VERTEX_POINT('',#1870);
#1890=CARTESIAN_POINT('',(2.3,0.0800000000000014,0.249999999999992));
#1900=VERTEX_POINT('',#1890);
#1910=EDGE_CURVE('',#1880,#1900,#1860,.T.);
#1920=ORIENTED_EDGE('',*,*,#1910,.T.);
#1930=EDGE_CURVE('',#1900,#1880,#1860,.T.);
#1940=ORIENTED_EDGE('',*,*,#1930,.T.);
#1950=EDGE_LOOP('',(#1940,#1920));
#1960=FACE_BOUND('',#1950,.T.);
#1970=CARTESIAN_POINT('',(2.3,0.0800000000000014,-1.75000000000001));
#1980=DIRECTION('',(0.,1.,0.));
#1990=DIRECTION('',(-8.88178419700125E-16,0.,1.));
#2000=AXIS2_PLACEMENT_3D('',#1970,#1980,#1990);
#2010=CIRCLE('',#2000,0.5);
#2020=CARTESIAN_POINT('',(2.3,0.0800000000000014,-2.25000000000001));
#2030=VERTEX_POINT('',#2020);
#2040=CARTESIAN_POINT('',(2.3,0.0800000000000014,-1.25000000000001));
#2050=VERTEX_POINT('',#2040);
#2060=EDGE_CURVE('',#2030,#2050,#2010,.T.);
#2070=ORIENTED_EDGE('',*,*,#2060,.T.);
#2080=EDGE_CURVE('',#2050,#2030,#2010,.T.);
#2090=ORIENTED_EDGE('',*,*,#2080,.T.);
#2100=EDGE_LOOP('',(#2090,#2070));
#2110=FACE_BOUND('',#2100,.T.);
#2120=CARTESIAN_POINT('',(-2.3,0.0800000000000014,-1.75000000000001));
#2130=DIRECTION('',(0.,1.,0.));
#2140=DIRECTION('',(-8.88178419700125E-16,0.,1.));
#2150=AXIS2_PLACEMENT_3D('',#2120,#2130,#2140);
#2160=CIRCLE('',#2150,0.5);
#2170=CARTESIAN_POINT('',(-2.3,0.0800000000000001,-1.25000000000001));
#2180=VERTEX_POINT('',#2170);
#2190=CARTESIAN_POINT('',(-2.3,0.0800000000000014,-2.25000000000001));
#2200=VERTEX_POINT('',#2190);
#2210=EDGE_CURVE('',#2180,#2200,#2160,.T.);
#2220=ORIENTED_EDGE('',*,*,#2210,.T.);
#2230=EDGE_CURVE('',#2200,#2180,#2160,.T.);
#2240=ORIENTED_EDGE('',*,*,#2230,.T.);
#2250=EDGE_LOOP('',(#2240,#2220));
#2260=FACE_BOUND('',#2250,.T.);
#2270=ADVANCED_FACE('',(#920,#1660,#1810,#1960,#2110,#2260),#50,.T.);
#2280=CARTESIAN_POINT('',(-3.27,-6.91931354976778,-0.550000000000001));
#2290=DIRECTION('',(-1.,0.,-1.6365315811102E-16));
#2300=DIRECTION('',(-1.6365315811102E-16,0.,1.));
#2310=AXIS2_PLACEMENT_3D('',#2280,#2290,#2300);
#2320=PLANE('',#2310);
#2330=CARTESIAN_POINT('',(-3.27,-8.88178419700125E-16,3.03000000000001))
;
#2340=DIRECTION('',(0.,0.,-1.));
#2350=VECTOR('',#2340,1.);
#2360=LINE('',#2330,#2350);
#2370=CARTESIAN_POINT('',(-3.27,-6.80011602582908E-16,3.03000000000001))
;
#2380=VERTEX_POINT('',#2370);
#2390=CARTESIAN_POINT('',(-3.27,-8.88178419700125E-16,1.32404682696648))
;
#2400=VERTEX_POINT('',#2390);
#2410=EDGE_CURVE('',#2380,#2400,#2360,.T.);
#2420=ORIENTED_EDGE('',*,*,#2410,.T.);
#2430=CARTESIAN_POINT('',(-3.27,-4.71844785465692E-16,3.03000000000001))
;
#2440=DIRECTION('',(0.,1.,0.));
#2450=VECTOR('',#2440,1.);
#2460=LINE('',#2430,#2450);
#2470=EDGE_CURVE('',#2380,#140,#2460,.T.);
#2480=ORIENTED_EDGE('',*,*,#2470,.F.);
#2490=ORIENTED_EDGE('',*,*,#890,.F.);
#2500=CARTESIAN_POINT('',(-3.27,0.0800000000000005,1.32404682696648));
#2510=DIRECTION('',(0.,-1.,0.));
#2520=VECTOR('',#2510,1.);
#2530=LINE('',#2500,#2520);
#2540=EDGE_CURVE('',#820,#2400,#2530,.T.);
#2550=ORIENTED_EDGE('',*,*,#2540,.F.);
#2560=EDGE_LOOP('',(#2550,#2490,#2480,#2420));
#2570=FACE_OUTER_BOUND('',#2560,.T.);
#2580=ADVANCED_FACE('',(#2570),#2320,.F.);
#2590=CARTESIAN_POINT('',(-4.9,-2.68947950354711,0.));
#2600=DIRECTION('',(0.,1.,0.));
#2610=DIRECTION('',(0.,0.,1.));
#2620=AXIS2_PLACEMENT_3D('',#2590,#2600,#2610);
#2630=CYLINDRICAL_SURFACE('',#2620,2.1);
#2640=ORIENTED_EDGE('',*,*,#2540,.T.);
#2650=ORIENTED_EDGE('',*,*,#830,.F.);
#2660=CARTESIAN_POINT('',(-3.27,-4.44089209850063E-16,-1.32404682696648)
);
#2670=DIRECTION('',(0.,1.,0.));
#2680=VECTOR('',#2670,1.);
#2690=LINE('',#2660,#2680);
#2700=CARTESIAN_POINT('',(-3.27,-8.88178419700125E-16,-1.32404682696648)
);
#2710=VERTEX_POINT('',#2700);
#2720=EDGE_CURVE('',#2710,#730,#2690,.T.);
#2730=ORIENTED_EDGE('',*,*,#2720,.T.);
#2740=CARTESIAN_POINT('',(-4.9,4.44089209850063E-16,0.));
#2750=DIRECTION('',(0.,-1.,-0.));
#2760=DIRECTION('',(0.776190476190477,0.,-0.630498489031656));
#2770=AXIS2_PLACEMENT_3D('',#2740,#2750,#2760);
#2780=CIRCLE('',#2770,2.1);
#2790=EDGE_CURVE('',#2710,#2400,#2780,.T.);
#2800=ORIENTED_EDGE('',*,*,#2790,.F.);
#2810=EDGE_LOOP('',(#2800,#2730,#2650,#2640));
#2820=FACE_OUTER_BOUND('',#2810,.T.);
#2830=ADVANCED_FACE('',(#2820),#2630,.T.);
#2840=CARTESIAN_POINT('',(-1.5,-4.56138495840951E-16,0.));
#2850=DIRECTION('',(0.,-1.,0.));
#2860=DIRECTION('',(0.,0.,-1.));
#2870=AXIS2_PLACEMENT_3D('',#2840,#2850,#2860);
#2880=PLANE('',#2870);
#2890=CARTESIAN_POINT('',(0.,0.,0.));
#2900=DIRECTION('',(-0.,-1.,0.));
#2910=DIRECTION('',(-0.568136438773208,0.,0.822934375839348));
#2920=AXIS2_PLACEMENT_3D('',#2890,#2900,#2910);
#2930=CIRCLE('',#2920,5.9);
#2940=CARTESIAN_POINT('',(-3.35200498876191,-4.56138495840951E-16,
4.85531281745215));
#2950=VERTEX_POINT('',#2940);
#2960=CARTESIAN_POINT('',(-4.2,-4.56138495840951E-16,4.14366987102013));
#2970=VERTEX_POINT('',#2960);
#2980=EDGE_CURVE('',#2950,#2970,#2930,.T.);
#2990=ORIENTED_EDGE('',*,*,#2980,.T.);
#3000=CARTESIAN_POINT('',(-3.35200498876191,-4.56138495840951E-16,0.));
#3010=DIRECTION('',(-5.78241158658935E-16,0.,1.));
#3020=VECTOR('',#3010,1.);
#3030=LINE('',#3000,#3020);
#3040=CARTESIAN_POINT('',(-3.35200498876191,-4.56138495840951E-16,
4.34999999999995));
#3050=VERTEX_POINT('',#3040);
#3060=EDGE_CURVE('',#3050,#2950,#3030,.T.);
#3070=ORIENTED_EDGE('',*,*,#3060,.T.);
#3080=CARTESIAN_POINT('',(-3.15200498876191,-4.44089209850063E-16,
4.34999999999995));
#3090=DIRECTION('',(-1.92592994438725E-34,1.,2.94648481515741E-20));
#3100=DIRECTION('',(1.,1.92592994438725E-34,0.));
#3110=AXIS2_PLACEMENT_3D('',#3080,#3090,#3100);
#3120=CIRCLE('',#3110,0.200000000000003);
#3130=CARTESIAN_POINT('',(-3.15200498876191,-4.56138495840951E-16,
4.14999999999998));
#3140=VERTEX_POINT('',#3130);
#3150=EDGE_CURVE('',#3140,#3050,#3120,.T.);
#3160=ORIENTED_EDGE('',*,*,#3150,.T.);
#3170=CARTESIAN_POINT('',(0.,-4.56138495840951E-16,4.14999999999998));
#3180=DIRECTION('',(-1.,0.,0.));
#3190=VECTOR('',#3180,1.);
#3200=LINE('',#3170,#3190);
#3210=CARTESIAN_POINT('',(-1.44902156441323,-4.56138495840951E-16,
4.14999999999998));
#3220=VERTEX_POINT('',#3210);
#3230=EDGE_CURVE('',#3220,#3140,#3200,.T.);
#3240=ORIENTED_EDGE('',*,*,#3230,.T.);
#3250=CARTESIAN_POINT('',(-1.44902156441323,-4.44089209850063E-16,
3.74266801495931));
#3260=DIRECTION('',(5.67472333619398E-54,-2.94648481515741E-20,1.));
#3270=VECTOR('',#3260,1.);
#3280=LINE('',#3250,#3270);
#3290=CARTESIAN_POINT('',(-1.44902156441323,-4.56138495840951E-16,
4.64999999999998));
#3300=VERTEX_POINT('',#3290);
#3310=EDGE_CURVE('',#3220,#3300,#3280,.T.);
#3320=ORIENTED_EDGE('',*,*,#3310,.F.);
#3330=CARTESIAN_POINT('',(0.,-4.56138495840951E-16,4.64999999999998));
#3340=DIRECTION('',(-1.,0.,5.67472333619398E-54));
#3350=VECTOR('',#3340,1.);
#3360=LINE('',#3330,#3350);
#3370=CARTESIAN_POINT('',(-1.88200498876191,-4.56138495840951E-16,
4.64999999999998));
#3380=VERTEX_POINT('',#3370);
#3390=EDGE_CURVE('',#3300,#3380,#3360,.T.);
#3400=ORIENTED_EDGE('',*,*,#3390,.F.);
#3410=CARTESIAN_POINT('',(-1.88200498876191,-4.44089209850063E-16,
4.84999999999996));
#3420=DIRECTION('',(-1.92592994438725E-34,1.,2.94648481515741E-20));
#3430=DIRECTION('',(1.,1.92592994438725E-34,0.));
#3440=AXIS2_PLACEMENT_3D('',#3410,#3420,#3430);
#3450=CIRCLE('',#3440,0.199999999999992);
#3460=CARTESIAN_POINT('',(-1.88200498876193,-4.44095102819693E-16,
5.04999999999995));
#3470=VERTEX_POINT('',#3460);
#3480=EDGE_CURVE('',#3380,#3470,#3450,.T.);
#3490=ORIENTED_EDGE('',*,*,#3480,.F.);
#3500=CARTESIAN_POINT('',(0.,-4.56138495840951E-16,5.04999999999993));
#3510=DIRECTION('',(-1.,0.,5.67472333619398E-54));
#3520=VECTOR('',#3510,1.);
#3530=LINE('',#3500,#3520);
#3540=CARTESIAN_POINT('',(-1.63200498876191,-4.56138495840951E-16,
5.04999999999993));
#3550=VERTEX_POINT('',#3540);
#3560=EDGE_CURVE('',#3550,#3470,#3530,.T.);
#3570=ORIENTED_EDGE('',*,*,#3560,.T.);
#3580=CARTESIAN_POINT('',(-1.63200498876191,-4.44089209850063E-16,
5.24999999999997));
#3590=DIRECTION('',(-1.92592994438725E-34,1.,2.94648481515741E-20));
#3600=DIRECTION('',(1.,1.92592994438725E-34,0.));
#3610=AXIS2_PLACEMENT_3D('',#3580,#3590,#3600);
#3620=CIRCLE('',#3610,0.199999999999997);
#3630=CARTESIAN_POINT('',(-1.49058363252459,-4.44085042891276E-16,
5.10857864376268));
#3640=VERTEX_POINT('',#3630);
#3650=EDGE_CURVE('',#3640,#3550,#3620,.T.);
#3660=ORIENTED_EDGE('',*,*,#3650,.T.);
#3670=CARTESIAN_POINT('',(-6.59916227628537,-4.56138495840951E-16,0.));
#3680=DIRECTION('',(-0.707106781186416,0.,-0.707106781186679));
#3690=VECTOR('',#3680,1.);
#3700=LINE('',#3670,#3690);
#3710=CARTESIAN_POINT('',(-1.39058363252457,-4.56138495840951E-16,
5.20857864376275));
#3720=VERTEX_POINT('',#3710);
#3730=EDGE_CURVE('',#3720,#3640,#3700,.T.);
#3740=ORIENTED_EDGE('',*,*,#3730,.T.);
#3750=CARTESIAN_POINT('',(-1.53200498876192,-4.44089209850063E-16,
5.35000000000001));
#3760=DIRECTION('',(-1.92592994438725E-34,1.,2.94648481515741E-20));
#3770=DIRECTION('',(1.,1.92592994438725E-34,0.));
#3780=AXIS2_PLACEMENT_3D('',#3750,#3760,#3770);
#3790=CIRCLE('',#3780,0.199999999999997);
#3800=CARTESIAN_POINT('',(-1.33200498876192,-4.44089209850063E-16,
5.35000000000007));
#3810=VERTEX_POINT('',#3800);
#3820=EDGE_CURVE('',#3810,#3720,#3790,.T.);
#3830=ORIENTED_EDGE('',*,*,#3820,.T.);
#3840=CARTESIAN_POINT('',(-1.33200498876192,-4.56138495840951E-16,0.));
#3850=DIRECTION('',(-0.,0.,-1.));
#3860=VECTOR('',#3850,1.);
#3870=LINE('',#3840,#3860);
#3880=CARTESIAN_POINT('',(-1.33200498876192,-4.56138495840951E-16,
5.60000000000004));
#3890=VERTEX_POINT('',#3880);
#3900=EDGE_CURVE('',#3890,#3810,#3870,.T.);
#3910=ORIENTED_EDGE('',*,*,#3900,.T.);
#3920=CARTESIAN_POINT('',(-1.53200498876192,-4.44089209850063E-16,
5.59999999999998));
#3930=DIRECTION('',(-1.92592994438725E-34,1.,2.94648481515741E-20));
#3940=DIRECTION('',(1.,1.92592994438725E-34,0.));
#3950=AXIS2_PLACEMENT_3D('',#3920,#3930,#3940);
#3960=CIRCLE('',#3950,0.200000000000003);
#3970=CARTESIAN_POINT('',(-1.38464401439355,-4.44093194118952E-16,
5.73522109019381));
#3980=VERTEX_POINT('',#3970);
#3990=EDGE_CURVE('',#3980,#3890,#3960,.T.);
#4000=ORIENTED_EDGE('',*,*,#3990,.T.);
#4010=CARTESIAN_POINT('',(0.,0.,0.));
#4020=DIRECTION('',(-0.,-1.,0.));
#4030=DIRECTION('',(-0.177966101694915,0.,0.9840366185501));
#4040=AXIS2_PLACEMENT_3D('',#4010,#4020,#4030);
#4050=CIRCLE('',#4040,5.9);
#4060=CARTESIAN_POINT('',(-1.05,-4.56138495840951E-16,5.80581604944559))
;
#4070=VERTEX_POINT('',#4060);
#4080=EDGE_CURVE('',#4070,#3980,#4050,.T.);
#4090=ORIENTED_EDGE('',*,*,#4080,.T.);
#4100=CARTESIAN_POINT('',(-1.05,-4.56138495840951E-16,5.2));
#4110=DIRECTION('',(0.,0.,1.));
#4120=VECTOR('',#4110,1.);
#4130=LINE('',#4100,#4120);
#4140=CARTESIAN_POINT('',(-1.05,-4.44089209850063E-16,5.2));
#4150=VERTEX_POINT('',#4140);
#4160=EDGE_CURVE('',#4150,#4070,#4130,.T.);
#4170=ORIENTED_EDGE('',*,*,#4160,.T.);
#4180=CARTESIAN_POINT('',(1.05,-4.56138495840951E-16,5.2));
#4190=DIRECTION('',(-1.,0.,0.));
#4200=VECTOR('',#4190,1.);
#4210=LINE('',#4180,#4200);
#4220=CARTESIAN_POINT('',(1.05,-4.56138495840951E-16,5.2));
#4230=VERTEX_POINT('',#4220);
#4240=EDGE_CURVE('',#4230,#4150,#4210,.T.);
#4250=ORIENTED_EDGE('',*,*,#4240,.T.);
#4260=CARTESIAN_POINT('',(1.05,-4.56138495840951E-16,5.80581604944559));
#4270=DIRECTION('',(0.,0.,-1.));
#4280=VECTOR('',#4270,1.);
#4290=LINE('',#4260,#4280);
#4300=CARTESIAN_POINT('',(1.05,0.,5.80581604944559));
#4310=VERTEX_POINT('',#4300);
#4320=EDGE_CURVE('',#4310,#4230,#4290,.T.);
#4330=ORIENTED_EDGE('',*,*,#4320,.T.);
#4340=CARTESIAN_POINT('',(0.,0.,0.));
#4350=DIRECTION('',(0.,-1.,0.));
#4360=DIRECTION('',(0.234685426168392,0.,0.972071371219295));
#4370=AXIS2_PLACEMENT_3D('',#4340,#4350,#4360);
#4380=CIRCLE('',#4370,5.9);
#4390=CARTESIAN_POINT('',(1.38464401439355,-3.09506802214885E-16,
5.7352210901938));
#4400=VERTEX_POINT('',#4390);
#4410=EDGE_CURVE('',#4400,#4310,#4380,.T.);
#4420=ORIENTED_EDGE('',*,*,#4410,.T.);
#4430=CARTESIAN_POINT('',(1.53200498876192,-4.44089209850063E-16,
5.59999999999998));
#4440=DIRECTION('',(-1.92592994438725E-34,1.,-9.95276753369398E-16));
#4450=DIRECTION('',(1.,1.92592994438725E-34,0.));
#4460=AXIS2_PLACEMENT_3D('',#4430,#4440,#4450);
#4470=CIRCLE('',#4460,0.200000000000003);
#4480=CARTESIAN_POINT('',(1.33200498876191,-4.44089209849991E-16,
5.60000000000005));
#4490=VERTEX_POINT('',#4480);
#4500=EDGE_CURVE('',#4490,#4400,#4470,.T.);
#4510=ORIENTED_EDGE('',*,*,#4500,.T.);
#4520=CARTESIAN_POINT('',(1.33200498876191,-4.56138495840951E-16,0.));
#4530=DIRECTION('',(4.12269334299985E-16,0.,1.));
#4540=VECTOR('',#4530,1.);
#4550=LINE('',#4520,#4540);
#4560=CARTESIAN_POINT('',(1.33200498876192,-4.56138495840951E-16,
5.35000000000001));
#4570=VERTEX_POINT('',#4560);
#4580=EDGE_CURVE('',#4570,#4490,#4550,.T.);
#4590=ORIENTED_EDGE('',*,*,#4580,.T.);
#4600=CARTESIAN_POINT('',(1.53200498876192,-4.44089209850063E-16,
5.35000000000001));
#4610=DIRECTION('',(-1.92592994438725E-34,1.,-9.95276753369398E-16));
#4620=DIRECTION('',(1.,1.92592994438725E-34,0.));
#4630=AXIS2_PLACEMENT_3D('',#4600,#4610,#4620);
#4640=CIRCLE('',#4630,0.199999999999997);
#4650=CARTESIAN_POINT('',(1.39058363252455,-5.84842598142964E-16,
5.20857864376277));
#4660=VERTEX_POINT('',#4650);
#4670=EDGE_CURVE('',#4660,#4570,#4640,.T.);
#4680=ORIENTED_EDGE('',*,*,#4670,.T.);
#4690=CARTESIAN_POINT('',(6.59916227628537,-4.56138495840951E-16,0.));
#4700=DIRECTION('',(-0.707106781186415,0.,0.70710678118668));
#4710=VECTOR('',#4700,1.);
#4720=LINE('',#4690,#4710);
#4730=CARTESIAN_POINT('',(1.4905836325246,-4.56138495840951E-16,
5.10857864376268));
#4740=VERTEX_POINT('',#4730);
#4750=EDGE_CURVE('',#4740,#4660,#4720,.T.);
#4760=ORIENTED_EDGE('',*,*,#4750,.T.);
#4770=CARTESIAN_POINT('',(1.63200498876192,-4.44089209850063E-16,
5.24999999999997));
#4780=DIRECTION('',(-1.92592994438725E-34,1.,-9.95276753369398E-16));
#4790=DIRECTION('',(1.,1.92592994438725E-34,0.));
#4800=AXIS2_PLACEMENT_3D('',#4770,#4780,#4790);
#4810=CIRCLE('',#4800,0.199999999999997);
#4820=CARTESIAN_POINT('',(1.63200498876206,-6.4314456052394E-16,
5.04999999999997));
#4830=VERTEX_POINT('',#4820);
#4840=EDGE_CURVE('',#4830,#4740,#4810,.T.);
#4850=ORIENTED_EDGE('',*,*,#4840,.T.);
#4860=CARTESIAN_POINT('',(0.,-4.56138495840951E-16,5.04999999999993));
#4870=DIRECTION('',(-1.,0.,4.12269334299985E-16));
#4880=VECTOR('',#4870,1.);
#4890=LINE('',#4860,#4880);
#4900=CARTESIAN_POINT('',(1.88200498876191,-2.45033859176191E-16,
5.04999999999994));
#4910=VERTEX_POINT('',#4900);
#4920=EDGE_CURVE('',#4910,#4830,#4890,.T.);
#4930=ORIENTED_EDGE('',*,*,#4920,.T.);
#4940=CARTESIAN_POINT('',(1.88200498876192,-4.44089209850063E-16,
4.84999999999995));
#4950=DIRECTION('',(-1.92592994438725E-34,1.,-9.95276753369398E-16));
#4960=DIRECTION('',(1.,1.92592994438725E-34,0.));
#4970=AXIS2_PLACEMENT_3D('',#4940,#4950,#4960);
#4980=CIRCLE('',#4970,0.199999999999992);
#4990=CARTESIAN_POINT('',(1.88200498876192,-4.56138495840951E-16,
4.64999999999998));
#5000=VERTEX_POINT('',#4990);
#5010=EDGE_CURVE('',#4910,#5000,#4980,.T.);
#5020=ORIENTED_EDGE('',*,*,#5010,.F.);
#5030=CARTESIAN_POINT('',(0.,-4.56138495840951E-16,4.64999999999998));
#5040=DIRECTION('',(-1.,0.,1.74487528782151E-15));
#5050=VECTOR('',#5040,1.);
#5060=LINE('',#5030,#5050);
#5070=CARTESIAN_POINT('',(1.44902156441323,-4.56138495840951E-16,
4.64999999999998));
#5080=VERTEX_POINT('',#5070);
#5090=EDGE_CURVE('',#5000,#5080,#5060,.T.);
#5100=ORIENTED_EDGE('',*,*,#5090,.F.);
#5110=CARTESIAN_POINT('',(1.44902156441323,5.55111512312578E-17,
5.05733198504069));
#5120=DIRECTION('',(-9.95306218217533E-16,-7.78436318872315E-16,-1.));
#5130=VECTOR('',#5120,1.);
#5140=LINE('',#5110,#5130);
#5150=CARTESIAN_POINT('',(1.44902156441322,-4.56138495840951E-16,
4.14999999999992));
#5160=VERTEX_POINT('',#5150);
#5170=EDGE_CURVE('',#5080,#5160,#5140,.T.);
#5180=ORIENTED_EDGE('',*,*,#5170,.F.);
#5190=CARTESIAN_POINT('',(0.,-4.56138495840951E-16,4.14999999999992));
#5200=DIRECTION('',(1.,0.,-5.67472333619398E-54));
#5210=VECTOR('',#5200,1.);
#5220=LINE('',#5190,#5210);
#5230=CARTESIAN_POINT('',(3.1520049887619,-4.56138495840951E-16,
4.14999999999992));
#5240=VERTEX_POINT('',#5230);
#5250=EDGE_CURVE('',#5160,#5240,#5220,.T.);
#5260=ORIENTED_EDGE('',*,*,#5250,.F.);
#5270=CARTESIAN_POINT('',(3.15200498876192,-4.44089209850063E-16,
4.3499999999999));
#5280=DIRECTION('',(-1.92592994438725E-34,1.,-9.95276753369398E-16));
#5290=DIRECTION('',(1.,1.92592994438725E-34,0.));
#5300=AXIS2_PLACEMENT_3D('',#5270,#5280,#5290);
#5310=CIRCLE('',#5300,0.200000000000017);
#5320=CARTESIAN_POINT('',(3.35200498876193,-4.44089209850003E-16,
4.34999999999996));
#5330=VERTEX_POINT('',#5320);
#5340=EDGE_CURVE('',#5330,#5240,#5310,.T.);
#5350=ORIENTED_EDGE('',*,*,#5340,.T.);
#5360=CARTESIAN_POINT('',(3.35200498876192,-4.56138495840951E-16,0.));
#5370=DIRECTION('',(1.65971824358929E-16,0.,-1.));
#5380=VECTOR('',#5370,1.);
#5390=LINE('',#5360,#5380);
#5400=CARTESIAN_POINT('',(3.35200498876192,-4.56138495840951E-16,
4.85531281745216));
#5410=VERTEX_POINT('',#5400);
#5420=EDGE_CURVE('',#5410,#5330,#5390,.T.);
#5430=ORIENTED_EDGE('',*,*,#5420,.T.);
#5440=CARTESIAN_POINT('',(0.,2.1316282072803E-14,0.));
#5450=DIRECTION('',(0.,-1.,-0.));
#5460=DIRECTION('',(0.568136438773204,0.,-0.822934375839351));
#5470=AXIS2_PLACEMENT_3D('',#5440,#5450,#5460);
#5480=CIRCLE('',#5470,5.9);
#5490=CARTESIAN_POINT('',(3.35200498876191,-4.56138495840951E-16,
-4.85531281745217));
#5500=VERTEX_POINT('',#5490);
#5510=EDGE_CURVE('',#5500,#5410,#5480,.T.);
#5520=ORIENTED_EDGE('',*,*,#5510,.T.);
#5530=CARTESIAN_POINT('',(3.35200498876191,-4.56138495840951E-16,0.));
#5540=DIRECTION('',(1.6597182435895E-16,0.,-1.));
#5550=VECTOR('',#5540,1.);
#5560=LINE('',#5530,#5550);
#5570=CARTESIAN_POINT('',(3.35200498876191,-4.56138495840951E-16,
-4.34999999999997));
#5580=VERTEX_POINT('',#5570);
#5590=EDGE_CURVE('',#5580,#5500,#5560,.T.);
#5600=ORIENTED_EDGE('',*,*,#5590,.T.);
#5610=CARTESIAN_POINT('',(3.15200498876191,-4.44089209850063E-16,
-4.35000000000003));
#5620=DIRECTION('',(-1.92592994438725E-34,1.,-9.95276753369398E-16));
#5630=DIRECTION('',(1.,1.92592994438725E-34,0.));
#5640=AXIS2_PLACEMENT_3D('',#5610,#5620,#5630);
#5650=CIRCLE('',#5640,0.200000000000003);
#5660=CARTESIAN_POINT('',(3.15200498876197,-2.4503385917618E-16,
-4.15000000000003));
#5670=VERTEX_POINT('',#5660);
#5680=EDGE_CURVE('',#5670,#5580,#5650,.T.);
#5690=ORIENTED_EDGE('',*,*,#5680,.T.);
#5700=CARTESIAN_POINT('',(0.,-4.56138495840951E-16,-4.15000000000005));
#5710=DIRECTION('',(1.,0.,-4.12269334299985E-16));
#5720=VECTOR('',#5710,1.);
#5730=LINE('',#5700,#5720);
#5740=CARTESIAN_POINT('',(1.44902156441317,-1.83363450689746E-16,
-4.14999999999999));
#5750=VERTEX_POINT('',#5740);
#5760=EDGE_CURVE('',#5750,#5670,#5730,.T.);
#5770=ORIENTED_EDGE('',*,*,#5760,.T.);
#5780=CARTESIAN_POINT('',(1.44902156441317,2.22044604925031E-16,
-3.74266801495933));
#5790=DIRECTION('',(-7.78465783720452E-16,-9.95276753369398E-16,-1.));
#5800=VECTOR('',#5790,1.);
#5810=LINE('',#5780,#5800);
#5820=CARTESIAN_POINT('',(1.44902156441316,-4.56138495840951E-16,
-4.65000000000005));
#5830=VERTEX_POINT('',#5820);
#5840=EDGE_CURVE('',#5750,#5830,#5810,.T.);
#5850=ORIENTED_EDGE('',*,*,#5840,.F.);
#5860=CARTESIAN_POINT('',(0.,-4.56138495840951E-16,-4.65000000000005));
#5870=DIRECTION('',(1.,0.,-5.67472333619398E-54));
#5880=VECTOR('',#5870,1.);
#5890=LINE('',#5860,#5880);
#5900=CARTESIAN_POINT('',(1.8820049887619,-4.56138495840951E-16,
-4.65000000000005));
#5910=VERTEX_POINT('',#5900);
#5920=EDGE_CURVE('',#5830,#5910,#5890,.T.);
#5930=ORIENTED_EDGE('',*,*,#5920,.F.);
#5940=CARTESIAN_POINT('',(1.88200498876191,-4.44089209850063E-16,
-4.85000000000003));
#5950=DIRECTION('',(-1.92592994438725E-34,1.,-9.95276753369398E-16));
#5960=DIRECTION('',(1.,1.92592994438725E-34,0.));
#5970=AXIS2_PLACEMENT_3D('',#5940,#5950,#5960);
#5980=CIRCLE('',#5970,0.199999999999992);
#5990=CARTESIAN_POINT('',(1.8820049887619,-6.43144560523934E-16,
-5.05000000000003));
#6000=VERTEX_POINT('',#5990);
#6010=EDGE_CURVE('',#5910,#6000,#5980,.T.);
#6020=ORIENTED_EDGE('',*,*,#6010,.F.);
#6030=CARTESIAN_POINT('',(0.,-4.56138495840951E-16,-5.05000000000007));
#6040=DIRECTION('',(1.,0.,-4.12269334299985E-16));
#6050=VECTOR('',#6040,1.);
#6060=LINE('',#6030,#6050);
#6070=CARTESIAN_POINT('',(1.6320049887619,-4.56138495840951E-16,
-5.05000000000007));
#6080=VERTEX_POINT('',#6070);
#6090=EDGE_CURVE('',#6080,#6000,#6060,.T.);
#6100=ORIENTED_EDGE('',*,*,#6090,.T.);
#6110=CARTESIAN_POINT('',(1.63200498876191,-4.44089209850063E-16,
-5.25000000000004));
#6120=DIRECTION('',(-1.92592994438725E-34,1.,-9.95276753369398E-16));
#6130=DIRECTION('',(1.,1.92592994438725E-34,0.));
#6140=AXIS2_PLACEMENT_3D('',#6110,#6120,#6130);
#6150=CIRCLE('',#6140,0.200000000000004);
#6160=CARTESIAN_POINT('',(1.49058363252461,-3.03335821557083E-16,
-5.10857864376272));
#6170=VERTEX_POINT('',#6160);
#6180=EDGE_CURVE('',#6170,#6080,#6150,.T.);
#6190=ORIENTED_EDGE('',*,*,#6180,.T.);
#6200=CARTESIAN_POINT('',(6.59916227628616,-4.56138495840951E-16,0.));
#6210=DIRECTION('',(0.707106781186465,0.,0.70710678118663));
#6220=VECTOR('',#6210,1.);
#6230=LINE('',#6200,#6220);
#6240=CARTESIAN_POINT('',(1.39058363252458,-4.56138495840951E-16,
-5.20857864376279));
#6250=VERTEX_POINT('',#6240);
#6260=EDGE_CURVE('',#6250,#6170,#6230,.T.);
#6270=ORIENTED_EDGE('',*,*,#6260,.T.);
#6280=CARTESIAN_POINT('',(1.53200498876191,-4.44089209850063E-16,
-5.35000000000009));
#6290=DIRECTION('',(-1.92592994438725E-34,1.,-9.95276753369398E-16));
#6300=DIRECTION('',(1.,1.92592994438725E-34,0.));
#6310=AXIS2_PLACEMENT_3D('',#6280,#6290,#6300);
#6320=CIRCLE('',#6310,0.199999999999992);
#6330=CARTESIAN_POINT('',(1.33200498876192,-4.44089209849999E-16,
-5.35000000000002));
#6340=VERTEX_POINT('',#6330);
#6350=EDGE_CURVE('',#6340,#6250,#6320,.T.);
#6360=ORIENTED_EDGE('',*,*,#6350,.T.);
#6370=CARTESIAN_POINT('',(1.33200498876191,-4.56138495840951E-16,0.));
#6380=DIRECTION('',(4.12269334299985E-16,0.,1.));
#6390=VECTOR('',#6380,1.);
#6400=LINE('',#6370,#6390);
#6410=CARTESIAN_POINT('',(1.33200498876191,-4.56138495840951E-16,
-5.60000000000001));
#6420=VERTEX_POINT('',#6410);
#6430=EDGE_CURVE('',#6420,#6340,#6400,.T.);
#6440=ORIENTED_EDGE('',*,*,#6430,.T.);
#6450=CARTESIAN_POINT('',(1.53200498876191,-4.44089209850063E-16,
-5.60000000000001));
#6460=DIRECTION('',(-1.92592994438725E-34,1.,-9.95276753369398E-16));
#6470=DIRECTION('',(1.,1.92592994438725E-34,0.));
#6480=AXIS2_PLACEMENT_3D('',#6450,#6460,#6470);
#6490=CIRCLE('',#6480,0.20000000000001);
#6500=CARTESIAN_POINT('',(1.38464401439355,-5.78671617485259E-16,
-5.73522109019385));
#6510=VERTEX_POINT('',#6500);
#6520=EDGE_CURVE('',#6510,#6420,#6490,.T.);
#6530=ORIENTED_EDGE('',*,*,#6520,.T.);
#6540=CARTESIAN_POINT('',(0.,0.,0.));
#6550=DIRECTION('',(0.,-1.,-0.));
#6560=DIRECTION('',(0.177966101694915,0.,-0.9840366185501));
#6570=AXIS2_PLACEMENT_3D('',#6540,#6550,#6560);
#6580=CIRCLE('',#6570,5.9);
#6590=CARTESIAN_POINT('',(1.05,0.,-5.80581604944559));
#6600=VERTEX_POINT('',#6590);
#6610=EDGE_CURVE('',#6600,#6510,#6580,.T.);
#6620=ORIENTED_EDGE('',*,*,#6610,.T.);
#6630=CARTESIAN_POINT('',(1.05,-4.56138495840951E-16,-5.2));
#6640=DIRECTION('',(0.,0.,-1.));
#6650=VECTOR('',#6640,1.);
#6660=LINE('',#6630,#6650);
#6670=CARTESIAN_POINT('',(1.05,-4.56138495840951E-16,-5.2));
#6680=VERTEX_POINT('',#6670);
#6690=EDGE_CURVE('',#6680,#6600,#6660,.T.);
#6700=ORIENTED_EDGE('',*,*,#6690,.T.);
#6710=CARTESIAN_POINT('',(-1.05,-4.56138495840951E-16,-5.2));
#6720=DIRECTION('',(1.,0.,0.));
#6730=VECTOR('',#6720,1.);
#6740=LINE('',#6710,#6730);
#6750=CARTESIAN_POINT('',(-1.05,0.,-5.2));
#6760=VERTEX_POINT('',#6750);
#6770=EDGE_CURVE('',#6760,#6680,#6740,.T.);
#6780=ORIENTED_EDGE('',*,*,#6770,.T.);
#6790=CARTESIAN_POINT('',(-1.05,-4.56138495840951E-16,-5.80581604944559)
);
#6800=DIRECTION('',(0.,0.,1.));
#6810=VECTOR('',#6800,1.);
#6820=LINE('',#6790,#6810);
#6830=CARTESIAN_POINT('',(-1.05,0.,-5.80581604944559));
#6840=VERTEX_POINT('',#6830);
#6850=EDGE_CURVE('',#6840,#6760,#6820,.T.);
#6860=ORIENTED_EDGE('',*,*,#6850,.T.);
#6870=CARTESIAN_POINT('',(0.,0.,0.));
#6880=DIRECTION('',(0.,-1.,-0.));
#6890=DIRECTION('',(-0.234685426168406,0.,-0.972071371219292));
#6900=AXIS2_PLACEMENT_3D('',#6870,#6880,#6890);
#6910=CIRCLE('',#6900,5.9);
#6920=CARTESIAN_POINT('',(-1.38464401439356,-4.44085225581173E-16,
-5.73522109019385));
#6930=VERTEX_POINT('',#6920);
#6940=EDGE_CURVE('',#6930,#6840,#6910,.T.);
#6950=ORIENTED_EDGE('',*,*,#6940,.T.);
#6960=CARTESIAN_POINT('',(-1.53200498876192,-4.44089209850063E-16,
-5.60000000000001));
#6970=DIRECTION('',(-1.92592994438725E-34,1.,2.94648481515741E-20));
#6980=DIRECTION('',(1.,1.92592994438725E-34,0.));
#6990=AXIS2_PLACEMENT_3D('',#6960,#6970,#6980);
#7000=CIRCLE('',#6990,0.20000000000001);
#7010=CARTESIAN_POINT('',(-1.33200498876191,-4.44089209850063E-16,
-5.59999999999994));
#7020=VERTEX_POINT('',#7010);
#7030=EDGE_CURVE('',#7020,#6930,#7000,.T.);
#7040=ORIENTED_EDGE('',*,*,#7030,.T.);
#7050=CARTESIAN_POINT('',(-1.33200498876192,-4.56138495840951E-16,0.));
#7060=DIRECTION('',(-0.,0.,-1.));
#7070=VECTOR('',#7060,1.);
#7080=LINE('',#7050,#7070);
#7090=CARTESIAN_POINT('',(-1.33200498876192,-4.56138495840951E-16,
-5.35000000000002));
#7100=VERTEX_POINT('',#7090);
#7110=EDGE_CURVE('',#7100,#7020,#7080,.T.);
#7120=ORIENTED_EDGE('',*,*,#7110,.T.);
#7130=CARTESIAN_POINT('',(-1.53200498876192,-4.44089209850063E-16,
-5.35000000000009));
#7140=DIRECTION('',(-1.92592994438725E-34,1.,2.94648481515741E-20));
#7150=DIRECTION('',(1.,1.92592994438725E-34,0.));
#7160=AXIS2_PLACEMENT_3D('',#7130,#7140,#7150);
#7170=CIRCLE('',#7160,0.199999999999996);
#7180=CARTESIAN_POINT('',(-1.39058363252464,-4.4409337680885E-16,
-5.20857864376275));
#7190=VERTEX_POINT('',#7180);
#7200=EDGE_CURVE('',#7190,#7100,#7170,.T.);
#7210=ORIENTED_EDGE('',*,*,#7200,.T.);
#7220=CARTESIAN_POINT('',(-6.59916227628675,-4.56138495840951E-16,0.));
#7230=DIRECTION('',(0.707106781186505,0.,-0.70710678118659));
#7240=VECTOR('',#7230,1.);
#7250=LINE('',#7220,#7240);
#7260=CARTESIAN_POINT('',(-1.49058363252464,-4.56138495840951E-16,
-5.10857864376272));
#7270=VERTEX_POINT('',#7260);
#7280=EDGE_CURVE('',#7270,#7190,#7250,.T.);
#7290=ORIENTED_EDGE('',*,*,#7280,.T.);
#7300=CARTESIAN_POINT('',(-1.63200498876191,-4.44089209850063E-16,
-5.25000000000004));
#7310=DIRECTION('',(-1.92592994438725E-34,1.,2.94648481515741E-20));
#7320=DIRECTION('',(1.,1.92592994438725E-34,0.));
#7330=AXIS2_PLACEMENT_3D('',#7300,#7310,#7320);
#7340=CIRCLE('',#7330,0.200000000000004);
#7350=CARTESIAN_POINT('',(-1.63200498876192,-4.44095102819693E-16,
-5.05000000000004));
#7360=VERTEX_POINT('',#7350);
#7370=EDGE_CURVE('',#7360,#7270,#7340,.T.);
#7380=ORIENTED_EDGE('',*,*,#7370,.T.);
#7390=CARTESIAN_POINT('',(0.,-4.56138495840951E-16,-5.05000000000006));
#7400=DIRECTION('',(1.,0.,-5.67472333619398E-54));
#7410=VECTOR('',#7400,1.);
#7420=LINE('',#7390,#7410);
#7430=CARTESIAN_POINT('',(-1.88200498876192,-4.56138495840951E-16,
-5.05000000000006));
#7440=VERTEX_POINT('',#7430);
#7450=EDGE_CURVE('',#7440,#7360,#7420,.T.);
#7460=ORIENTED_EDGE('',*,*,#7450,.T.);
#7470=CARTESIAN_POINT('',(-1.88200498876191,-4.44089209850063E-16,
-4.85000000000003));
#7480=DIRECTION('',(-1.92592994438725E-34,1.,2.94648481515741E-20));
#7490=DIRECTION('',(1.,1.92592994438725E-34,0.));
#7500=AXIS2_PLACEMENT_3D('',#7470,#7480,#7490);
#7510=CIRCLE('',#7500,0.199999999999992);
#7520=CARTESIAN_POINT('',(-1.88200498876191,-4.56138495840951E-16,
-4.65000000000005));
#7530=VERTEX_POINT('',#7520);
#7540=EDGE_CURVE('',#7440,#7530,#7510,.T.);
#7550=ORIENTED_EDGE('',*,*,#7540,.F.);
#7560=CARTESIAN_POINT('',(0.,-4.56138495840951E-16,-4.65000000000005));
#7570=DIRECTION('',(-1.,0.,0.));
#7580=VECTOR('',#7570,1.);
#7590=LINE('',#7560,#7580);
#7600=CARTESIAN_POINT('',(-1.44902156441323,-4.56138495840951E-16,
-4.65000000000005));
#7610=VERTEX_POINT('',#7600);
#7620=EDGE_CURVE('',#7610,#7530,#7590,.T.);
#7630=ORIENTED_EDGE('',*,*,#7620,.T.);
#7640=CARTESIAN_POINT('',(-1.44902156441323,-4.44089209850063E-16,
-5.05733198504072));
#7650=DIRECTION('',(5.67472333619398E-54,-2.94648481515741E-20,1.));
#7660=VECTOR('',#7650,1.);
#7670=LINE('',#7640,#7660);
#7680=CARTESIAN_POINT('',(-1.44902156441323,-4.56138495840951E-16,
-4.15000000000005));
#7690=VERTEX_POINT('',#7680);
#7700=EDGE_CURVE('',#7610,#7690,#7670,.T.);
#7710=ORIENTED_EDGE('',*,*,#7700,.F.);
#7720=CARTESIAN_POINT('',(0.,-4.56138495840951E-16,-4.15000000000005));
#7730=DIRECTION('',(-1.,0.,5.67472333619398E-54));
#7740=VECTOR('',#7730,1.);
#7750=LINE('',#7720,#7740);
#7760=CARTESIAN_POINT('',(-3.15200498876191,-4.56138495840951E-16,
-4.15000000000005));
#7770=VERTEX_POINT('',#7760);
#7780=EDGE_CURVE('',#7690,#7770,#7750,.T.);
#7790=ORIENTED_EDGE('',*,*,#7780,.F.);
#7800=CARTESIAN_POINT('',(-3.15200498876191,-4.44089209850063E-16,
-4.35000000000003));
#7810=DIRECTION('',(-1.92592994438725E-34,1.,2.94648481515741E-20));
#7820=DIRECTION('',(1.,1.92592994438725E-34,0.));
#7830=AXIS2_PLACEMENT_3D('',#7800,#7810,#7820);
#7840=CIRCLE('',#7830,0.200000000000003);
#7850=CARTESIAN_POINT('',(-3.35200498876192,-4.44089209850063E-16,
-4.34999999999996));
#7860=VERTEX_POINT('',#7850);
#7870=EDGE_CURVE('',#7860,#7770,#7840,.T.);
#7880=ORIENTED_EDGE('',*,*,#7870,.T.);
#7890=CARTESIAN_POINT('',(-3.35200498876192,-4.56138495840951E-16,0.));
#7900=DIRECTION('',(-0.,0.,1.));
#7910=VECTOR('',#7900,1.);
#7920=LINE('',#7890,#7910);
#7930=CARTESIAN_POINT('',(-3.35200498876192,-4.56138495840951E-16,
-4.85531281745215));
#7940=VERTEX_POINT('',#7930);
#7950=EDGE_CURVE('',#7940,#7860,#7920,.T.);
#7960=ORIENTED_EDGE('',*,*,#7950,.T.);
#7970=CARTESIAN_POINT('',(0.,0.,0.));
#7980=DIRECTION('',(0.,-1.,-0.));
#7990=DIRECTION('',(-0.711864406779661,0.,-0.702316927291548));
#8000=AXIS2_PLACEMENT_3D('',#7970,#7980,#7990);
#8010=CIRCLE('',#8000,5.9);
#8020=CARTESIAN_POINT('',(-4.2,0.,-4.14366987102013));
#8030=VERTEX_POINT('',#8020);
#8040=EDGE_CURVE('',#8030,#7940,#8010,.T.);
#8050=ORIENTED_EDGE('',*,*,#8040,.T.);
#8060=CARTESIAN_POINT('',(-4.2,-8.88178419700125E-16,-4.14366987102013))
;
#8070=DIRECTION('',(0.,0.,1.));
#8080=VECTOR('',#8070,1.);
#8090=LINE('',#8060,#8080);
#8100=CARTESIAN_POINT('',(-4.2,-4.44089209850063E-16,-0.974679434480894)
);
#8110=VERTEX_POINT('',#8100);
#8120=EDGE_CURVE('',#8030,#8110,#8090,.T.);
#8130=ORIENTED_EDGE('',*,*,#8120,.F.);
#8140=CARTESIAN_POINT('',(-4.9,0.,0.));
#8150=DIRECTION('',(-0.,1.,0.));
#8160=DIRECTION('',(0.583333333333334,0.,0.812232862067413));
#8170=AXIS2_PLACEMENT_3D('',#8140,#8150,#8160);
#8180=CIRCLE('',#8170,1.2);
#8190=CARTESIAN_POINT('',(-4.2,0.,0.974679434480895));
#8200=VERTEX_POINT('',#8190);
#8210=EDGE_CURVE('',#8200,#8110,#8180,.T.);
#8220=ORIENTED_EDGE('',*,*,#8210,.T.);
#8230=CARTESIAN_POINT('',(-4.2,-8.88178419700125E-16,0.974679434480894))
;
#8240=DIRECTION('',(0.,0.,1.));
#8250=VECTOR('',#8240,1.);
#8260=LINE('',#8230,#8250);
#8270=EDGE_CURVE('',#8200,#2970,#8260,.T.);
#8280=ORIENTED_EDGE('',*,*,#8270,.F.);
#8290=EDGE_LOOP('',(#8280,#8220,#8130,#8050,#7960,#7880,#7790,#7710,
#7630,#7550,#7460,#7380,#7290,#7210,#7120,#7040,#6950,#6860,#6780,#6700,
#6620,#6530,#6440,#6360,#6270,#6190,#6100,#6020,#5930,#5850,#5770,#5690,
#5600,#5520,#5430,#5350,#5260,#5180,#5100,#5020,#4930,#4850,#4760,#4680,
#4590,#4510,#4420,#4330,#4250,#4170,#4090,#4000,#3910,#3830,#3740,#3660,
#3570,#3490,#3400,#3320,#3240,#3160,#3070,#2990));
#8300=FACE_OUTER_BOUND('',#8290,.T.);
#8310=CARTESIAN_POINT('',(-3.1,-8.88178419700125E-16,-3.02999999999999))
;
#8320=DIRECTION('',(0.,1.,0.));
#8330=DIRECTION('',(-1.0449157878825E-14,0.,-1.));
#8340=AXIS2_PLACEMENT_3D('',#8310,#8320,#8330);
#8350=CIRCLE('',#8340,0.17);
#8360=CARTESIAN_POINT('',(-3.1,-4.56138495840951E-16,-3.19999999999999))
;
#8370=VERTEX_POINT('',#8360);
#8380=CARTESIAN_POINT('',(-3.27,-8.88178419700125E-16,-3.02999999999999)
);
#8390=VERTEX_POINT('',#8380);
#8400=EDGE_CURVE('',#8370,#8390,#8350,.T.);
#8410=ORIENTED_EDGE('',*,*,#8400,.T.);
#8420=CARTESIAN_POINT('',(3.10000000000001,-4.56138495840951E-16,
-3.19999999999999));
#8430=DIRECTION('',(-1.,0.,0.));
#8440=VECTOR('',#8430,1.);
#8450=LINE('',#8420,#8440);
#8460=CARTESIAN_POINT('',(3.1,-4.44089209850063E-16,-3.19999999999999));
#8470=VERTEX_POINT('',#8460);
#8480=EDGE_CURVE('',#8470,#8370,#8450,.T.);
#8490=ORIENTED_EDGE('',*,*,#8480,.T.);
#8500=CARTESIAN_POINT('',(3.1,-8.88178419700125E-16,-3.02999999999999));
#8510=DIRECTION('',(-0.,1.,0.));
#8520=DIRECTION('',(1.,0.,0.));
#8530=AXIS2_PLACEMENT_3D('',#8500,#8510,#8520);
#8540=CIRCLE('',#8530,0.17);
#8550=CARTESIAN_POINT('',(3.27,-8.88178419700125E-16,-3.02999999999999))
;
#8560=VERTEX_POINT('',#8550);
#8570=EDGE_CURVE('',#8560,#8470,#8540,.T.);
#8580=ORIENTED_EDGE('',*,*,#8570,.T.);
#8590=CARTESIAN_POINT('',(3.27,-8.88178419700125E-16,-3.02999999999999))
;
#8600=DIRECTION('',(-2.1984614349013E-16,0.,1.));
#8610=VECTOR('',#8600,1.);
#8620=LINE('',#8590,#8610);
#8630=CARTESIAN_POINT('',(3.27,-4.56138495840951E-16,3.03));
#8640=VERTEX_POINT('',#8630);
#8650=EDGE_CURVE('',#8560,#8640,#8620,.T.);
#8660=ORIENTED_EDGE('',*,*,#8650,.F.);
#8670=CARTESIAN_POINT('',(3.1,-8.88178419700125E-16,3.03000000000001));
#8680=DIRECTION('',(0.,1.,0.));
#8690=DIRECTION('',(-8.62055525003063E-14,0.,1.));
#8700=AXIS2_PLACEMENT_3D('',#8670,#8680,#8690);
#8710=CIRCLE('',#8700,0.17);
#8720=CARTESIAN_POINT('',(3.1,-4.44089209850063E-16,3.20000000000001));
#8730=VERTEX_POINT('',#8720);
#8740=EDGE_CURVE('',#8730,#8640,#8710,.T.);
#8750=ORIENTED_EDGE('',*,*,#8740,.T.);
#8760=CARTESIAN_POINT('',(-3.1,-4.56138495840951E-16,3.20000000000001));
#8770=DIRECTION('',(1.,0.,0.));
#8780=VECTOR('',#8770,1.);
#8790=LINE('',#8760,#8780);
#8800=CARTESIAN_POINT('',(-3.1,-4.56138495840951E-16,3.20000000000001));
#8810=VERTEX_POINT('',#8800);
#8820=EDGE_CURVE('',#8810,#8730,#8790,.T.);
#8830=ORIENTED_EDGE('',*,*,#8820,.T.);
#8840=CARTESIAN_POINT('',(-3.1,-4.71844785465692E-16,3.03000000000001));
#8850=DIRECTION('',(0.,1.,0.));
#8860=DIRECTION('',(-1.,0.,0.));
#8870=AXIS2_PLACEMENT_3D('',#8840,#8850,#8860);
#8880=CIRCLE('',#8870,0.17);
#8890=EDGE_CURVE('',#2380,#8810,#8880,.T.);
#8900=ORIENTED_EDGE('',*,*,#8890,.T.);
#8910=ORIENTED_EDGE('',*,*,#2410,.F.);
#8920=ORIENTED_EDGE('',*,*,#2790,.T.);
#8930=CARTESIAN_POINT('',(-3.27,-8.88178419700125E-16,-1.32404682696648)
);
#8940=DIRECTION('',(2.60317350364539E-16,0.,-1.));
#8950=VECTOR('',#8940,1.);
#8960=LINE('',#8930,#8950);
#8970=EDGE_CURVE('',#2710,#8390,#8960,.T.);
#8980=ORIENTED_EDGE('',*,*,#8970,.F.);
#8990=EDGE_LOOP('',(#8980,#8920,#8910,#8900,#8830,#8750,#8660,#8580,
#8490,#8410));
#9000=FACE_BOUND('',#8990,.T.);
#9010=CARTESIAN_POINT('',(4.5,-2.22044604925031E-16,0.));
#9020=DIRECTION('',(0.,1.,0.));
#9030=DIRECTION('',(0.,0.,-1.));
#9040=AXIS2_PLACEMENT_3D('',#9010,#9020,#9030);
#9050=CIRCLE('',#9040,0.55);
#9060=CARTESIAN_POINT('',(4.5,-4.44089209850063E-16,-0.55));
#9070=VERTEX_POINT('',#9060);
#9080=CARTESIAN_POINT('',(4.5,-2.22044604925031E-16,0.55));
#9090=VERTEX_POINT('',#9080);
#9100=EDGE_CURVE('',#9070,#9090,#9050,.T.);
#9110=ORIENTED_EDGE('',*,*,#9100,.T.);
#9120=EDGE_CURVE('',#9090,#9070,#9050,.T.);
#9130=ORIENTED_EDGE('',*,*,#9120,.T.);
#9140=EDGE_LOOP('',(#9130,#9110));
#9150=FACE_BOUND('',#9140,.T.);
#9160=ADVANCED_FACE('',(#8300,#9000,#9150),#2880,.T.);
#9170=CARTESIAN_POINT('',(-4.2,3.38329144615195,2.55));
#9180=DIRECTION('',(1.,0.,0.));
#9190=DIRECTION('',(0.,0.,-1.));
#9200=AXIS2_PLACEMENT_3D('',#9170,#9180,#9190);
#9210=PLANE('',#9200);
#9220=CARTESIAN_POINT('',(-4.2,1.,3.55105618091293));
#9230=DIRECTION('',(0.,0.,-1.));
#9240=VECTOR('',#9230,1.);
#9250=LINE('',#9220,#9240);
#9260=CARTESIAN_POINT('',(-4.2,1.,3.55105618091293));
#9270=VERTEX_POINT('',#9260);
#9280=CARTESIAN_POINT('',(-4.2,1.,0.974679434480895));
#9290=VERTEX_POINT('',#9280);
#9300=EDGE_CURVE('',#9270,#9290,#9250,.T.);
#9310=ORIENTED_EDGE('',*,*,#9300,.T.);
#9320=CARTESIAN_POINT('',(-4.2,1.00000000000001,3.55105618091293));
#9330=DIRECTION('',(0.,-1.,0.));
#9340=VECTOR('',#9330,1.);
#9350=LINE('',#9320,#9340);
#9360=CARTESIAN_POINT('',(-4.2,0.799999999999999,3.55105618091293));
#9370=VERTEX_POINT('',#9360);
#9380=EDGE_CURVE('',#9270,#9370,#9350,.T.);
#9390=ORIENTED_EDGE('',*,*,#9380,.F.);
#9400=CARTESIAN_POINT('',(-4.2,0.799999999999999,3.55105618091294));
#9410=DIRECTION('',(0.,0.,1.));
#9420=VECTOR('',#9410,1.);
#9430=LINE('',#9400,#9420);
#9440=CARTESIAN_POINT('',(-4.2,0.800000000000001,4.14366987102013));
#9450=VERTEX_POINT('',#9440);
#9460=EDGE_CURVE('',#9370,#9450,#9430,.T.);
#9470=ORIENTED_EDGE('',*,*,#9460,.F.);
#9480=CARTESIAN_POINT('',(-4.2,0.800000000000001,4.14366987102013));
#9490=DIRECTION('',(0.,-1.,0.));
#9500=VECTOR('',#9490,1.);
#9510=LINE('',#9480,#9500);
#9520=EDGE_CURVE('',#9450,#2970,#9510,.T.);
#9530=ORIENTED_EDGE('',*,*,#9520,.F.);
#9540=ORIENTED_EDGE('',*,*,#8270,.T.);
#9550=CARTESIAN_POINT('',(-4.2,0.,0.974679434480895));
#9560=DIRECTION('',(0.,1.,0.));
#9570=VECTOR('',#9560,1.);
#9580=LINE('',#9550,#9570);
#9590=EDGE_CURVE('',#8200,#9290,#9580,.T.);
#9600=ORIENTED_EDGE('',*,*,#9590,.F.);
#9610=EDGE_LOOP('',(#9600,#9540,#9530,#9470,#9390,#9310));
#9620=FACE_OUTER_BOUND('',#9610,.T.);
#9630=ADVANCED_FACE('',(#9620),#9210,.F.);
#9640=CARTESIAN_POINT('',(-4.9,-9.,0.));
#9650=DIRECTION('',(0.,1.,0.));
#9660=DIRECTION('',(0.,0.,1.));
#9670=AXIS2_PLACEMENT_3D('',#9640,#9650,#9660);
#9680=CYLINDRICAL_SURFACE('',#9670,1.2);
#9690=CARTESIAN_POINT('',(-4.9,1.,0.));
#9700=DIRECTION('',(0.,-1.,-0.));
#9710=DIRECTION('',(0.583333333333334,0.,-0.812232862067413));
#9720=AXIS2_PLACEMENT_3D('',#9690,#9700,#9710);
#9730=CIRCLE('',#9720,1.2);
#9740=CARTESIAN_POINT('',(-4.2,1.,-0.974679434480895));
#9750=VERTEX_POINT('',#9740);
#9760=EDGE_CURVE('',#9750,#9290,#9730,.T.);
#9770=ORIENTED_EDGE('',*,*,#9760,.F.);
#9780=ORIENTED_EDGE('',*,*,#9590,.T.);
#9790=ORIENTED_EDGE('',*,*,#8210,.F.);
#9800=CARTESIAN_POINT('',(-4.2,1.,-0.974679434480895));
#9810=DIRECTION('',(0.,-1.,0.));
#9820=VECTOR('',#9810,1.);
#9830=LINE('',#9800,#9820);
#9840=EDGE_CURVE('',#9750,#8110,#9830,.T.);
#9850=ORIENTED_EDGE('',*,*,#9840,.T.);
#9860=EDGE_LOOP('',(#9850,#9790,#9780,#9770));
#9870=FACE_OUTER_BOUND('',#9860,.T.);
#9880=ADVANCED_FACE('',(#9870),#9680,.F.);
#9890=CARTESIAN_POINT('',(-4.2,3.38329144615195,2.55));
#9900=DIRECTION('',(1.,0.,0.));
#9910=DIRECTION('',(0.,0.,-1.));
#9920=AXIS2_PLACEMENT_3D('',#9890,#9900,#9910);
#9930=PLANE('',#9920);
#9940=ORIENTED_EDGE('',*,*,#8120,.T.);
#9950=CARTESIAN_POINT('',(-4.2,0.,-4.14366987102013));
#9960=DIRECTION('',(0.,1.,0.));
#9970=VECTOR('',#9960,1.);
#9980=LINE('',#9950,#9970);
#9990=CARTESIAN_POINT('',(-4.2,0.799999999999999,-4.14366987102013));
#10000=VERTEX_POINT('',#9990);
#10010=EDGE_CURVE('',#8030,#10000,#9980,.T.);
#10020=ORIENTED_EDGE('',*,*,#10010,.F.);
#10030=CARTESIAN_POINT('',(-4.2,0.799999999999999,-4.14366987102013));
#10040=DIRECTION('',(0.,0.,1.));
#10050=VECTOR('',#10040,1.);
#10060=LINE('',#10030,#10050);
#10070=CARTESIAN_POINT('',(-4.2,0.800000000000001,-3.55105618091294));
#10080=VERTEX_POINT('',#10070);
#10090=EDGE_CURVE('',#10000,#10080,#10060,.T.);
#10100=ORIENTED_EDGE('',*,*,#10090,.F.);
#10110=CARTESIAN_POINT('',(-4.2,0.800000000000001,-3.55105618091293));
#10120=DIRECTION('',(0.,1.,0.));
#10130=VECTOR('',#10120,1.);
#10140=LINE('',#10110,#10130);
#10150=CARTESIAN_POINT('',(-4.2,1.,-3.55105618091294));
#10160=VERTEX_POINT('',#10150);
#10170=EDGE_CURVE('',#10080,#10160,#10140,.T.);
#10180=ORIENTED_EDGE('',*,*,#10170,.F.);
#10190=CARTESIAN_POINT('',(-4.2,1.,-0.974679434480894));
#10200=DIRECTION('',(0.,0.,-1.));
#10210=VECTOR('',#10200,1.);
#10220=LINE('',#10190,#10210);
#10230=EDGE_CURVE('',#9750,#10160,#10220,.T.);
#10240=ORIENTED_EDGE('',*,*,#10230,.T.);
#10250=ORIENTED_EDGE('',*,*,#9840,.F.);
#10260=EDGE_LOOP('',(#10250,#10240,#10180,#10100,#10020,#9940));
#10270=FACE_OUTER_BOUND('',#10260,.T.);
#10280=ADVANCED_FACE('',(#10270),#9930,.F.);
#10290=CARTESIAN_POINT('',(0.,19.9068722891566,0.));
#10300=DIRECTION('',(0.,1.,0.));
#10310=DIRECTION('',(0.,0.,1.));
#10320=AXIS2_PLACEMENT_3D('',#10290,#10300,#10310);
#10330=CYLINDRICAL_SURFACE('',#10320,5.9);
#10340=ORIENTED_EDGE('',*,*,#8040,.F.);
#10350=CARTESIAN_POINT('',(-3.35200498876191,19.9068722891566,
-4.85531281745216));
#10360=DIRECTION('',(0.,1.,0.));
#10370=VECTOR('',#10360,1.);
#10380=LINE('',#10350,#10370);
#10390=CARTESIAN_POINT('',(-3.35200498876191,0.245961940777125,
-4.85531281745216));
#10400=VERTEX_POINT('',#10390);
#10410=EDGE_CURVE('',#7940,#10400,#10380,.T.);
#10420=ORIENTED_EDGE('',*,*,#10410,.F.);
#10430=CARTESIAN_POINT('',(0.,0.245961940777125,0.));
#10440=DIRECTION('',(0.,1.,0.));
#10450=DIRECTION('',(0.,0.,1.));
#10460=AXIS2_PLACEMENT_3D('',#10430,#10440,#10450);
#10470=CIRCLE('',#10460,5.9);
#10480=CARTESIAN_POINT('',(-1.38464401439359,0.245961940777125,
-5.73522109019382));
#10490=VERTEX_POINT('',#10480);
#10500=EDGE_CURVE('',#10490,#10400,#10470,.T.);
#10510=ORIENTED_EDGE('',*,*,#10500,.T.);
#10520=CARTESIAN_POINT('',(-1.38464401439355,19.9068722891566,
-5.73522109019383));
#10530=DIRECTION('',(0.,1.,0.));
#10540=VECTOR('',#10530,1.);
#10550=LINE('',#10520,#10540);
#10560=EDGE_CURVE('',#6930,#10490,#10550,.T.);
#10570=ORIENTED_EDGE('',*,*,#10560,.T.);
#10580=ORIENTED_EDGE('',*,*,#6940,.F.);
#10590=CARTESIAN_POINT('',(-1.05,0.399999999999999,-5.80581604944559));
#10600=DIRECTION('',(0.,-1.,0.));
#10610=VECTOR('',#10600,1.);
#10620=LINE('',#10590,#10610);
#10630=CARTESIAN_POINT('',(-1.05,0.399999999999999,-5.80581604944559));
#10640=VERTEX_POINT('',#10630);
#10650=EDGE_CURVE('',#10640,#6840,#10620,.T.);
#10660=ORIENTED_EDGE('',*,*,#10650,.T.);
#10670=CARTESIAN_POINT('',(0.,0.399999999999999,0.));
#10680=DIRECTION('',(0.,-1.,-0.));
#10690=DIRECTION('',(-0.177966101694915,0.,-0.9840366185501));
#10700=AXIS2_PLACEMENT_3D('',#10670,#10680,#10690);
#10710=CIRCLE('',#10700,5.9);
#10720=CARTESIAN_POINT('',(-0.85000000000001,0.399999999999999,
-5.83845013680857));
#10730=VERTEX_POINT('',#10720);
#10740=EDGE_CURVE('',#10640,#10730,#10710,.T.);
#10750=ORIENTED_EDGE('',*,*,#10740,.F.);
#10760=CARTESIAN_POINT('',(-0.849999999999999,19.9068722891566,
-5.83845013680857));
#10770=DIRECTION('',(0.,1.,0.));
#10780=VECTOR('',#10770,1.);
#10790=LINE('',#10760,#10780);
#10800=CARTESIAN_POINT('',(-0.849999999999999,0.649999999999999,
-5.83845013680857));
#10810=VERTEX_POINT('',#10800);
#10820=EDGE_CURVE('',#10730,#10810,#10790,.T.);
#10830=ORIENTED_EDGE('',*,*,#10820,.F.);
#10840=CARTESIAN_POINT('',(-0.850000000000007,0.800000000000001,
-5.83845013680857));
#10850=DIRECTION('',(0.,-1.,0.));
#10860=VECTOR('',#10850,1.);
#10870=LINE('',#10840,#10860);
#10880=CARTESIAN_POINT('',(-0.850000000000008,0.799999999999999,
-5.83845013680857));
#10890=VERTEX_POINT('',#10880);
#10900=EDGE_CURVE('',#10890,#10810,#10870,.T.);
#10910=ORIENTED_EDGE('',*,*,#10900,.T.);
#10920=CARTESIAN_POINT('',(0.,0.800000000000001,0.));
#10930=DIRECTION('',(0.,1.,0.));
#10940=DIRECTION('',(-0.144067796610171,0.,-0.989567819798062));
#10950=AXIS2_PLACEMENT_3D('',#10920,#10930,#10940);
#10960=CIRCLE('',#10950,5.9);
#10970=EDGE_CURVE('',#10890,#10000,#10960,.T.);
#10980=ORIENTED_EDGE('',*,*,#10970,.F.);
#10990=ORIENTED_EDGE('',*,*,#10010,.T.);
#11000=EDGE_LOOP('',(#10990,#10980,#10910,#10830,#10750,#10660,#10580,
#10570,#10510,#10420,#10340));
#11010=FACE_OUTER_BOUND('',#11000,.T.);
#11020=ADVANCED_FACE('',(#11010),#10330,.T.);
#11030=CARTESIAN_POINT('',(2.13949956224974E-16,8.35,
1.36939205608535E-16));
#11040=DIRECTION('',(0.,-1.,0.));
#11050=DIRECTION('',(-0.742191626210122,0.,-0.670187727419396));
#11060=AXIS2_PLACEMENT_3D('',#11030,#11040,#11050);
#11070=TOROIDAL_SURFACE('',#11060,3.075,0.3);
#11080=CARTESIAN_POINT('',(2.28223925059613,8.35,2.06082726181464));
#11090=DIRECTION('',(-0.670187727419396,0.,0.742191626210122));
#11100=DIRECTION('',(0.742191626210122,0.,0.670187727419396));
#11110=AXIS2_PLACEMENT_3D('',#11080,#11090,#11100);
#11120=CIRCLE('',#11110,0.3);
#11130=CARTESIAN_POINT('',(2.44819834344982,8.55,2.21068579343423));
#11140=VERTEX_POINT('',#11130);
#11150=CARTESIAN_POINT('',(2.3392480711338,8.64,2.11230535794205));
#11160=VERTEX_POINT('',#11150);
#11170=EDGE_CURVE('',#11140,#11160,#11120,.T.);
#11180=ORIENTED_EDGE('',*,*,#11170,.F.);
#11190=CARTESIAN_POINT('',(2.13949956224974E-16,8.64,
1.36939205608535E-16));
#11200=DIRECTION('',(0.,-1.,0.));
#11210=DIRECTION('',(-0.742191626210122,0.,-0.670187727419396));
#11220=AXIS2_PLACEMENT_3D('',#11190,#11200,#11210);
#11230=CIRCLE('',#11220,3.15181145747868);
#11240=CARTESIAN_POINT('',(-2.3392480711338,8.64,-2.11230535794205));
#11250=VERTEX_POINT('',#11240);
#11260=EDGE_CURVE('',#11250,#11160,#11230,.T.);
#11270=ORIENTED_EDGE('',*,*,#11260,.T.);
#11280=CARTESIAN_POINT('',(-2.28223925059613,8.35,-2.06082726181464));
#11290=DIRECTION('',(0.670187727419396,0.,-0.742191626210122));
#11300=DIRECTION('',(-0.742191626210122,0.,-0.670187727419396));
#11310=AXIS2_PLACEMENT_3D('',#11280,#11290,#11300);
#11320=CIRCLE('',#11310,0.3);
#11330=CARTESIAN_POINT('',(-2.44819834344982,8.55,-2.21068579343423));
#11340=VERTEX_POINT('',#11330);
#11350=EDGE_CURVE('',#11340,#11250,#11320,.T.);
#11360=ORIENTED_EDGE('',*,*,#11350,.T.);
#11370=CARTESIAN_POINT('',(2.13949956224974E-16,8.55,
1.36939205608535E-16));
#11380=DIRECTION('',(0.,-1.,-0.));
#11390=DIRECTION('',(-0.742191626210122,0.,-0.670187727419396));
#11400=AXIS2_PLACEMENT_3D('',#11370,#11380,#11390);
#11410=CIRCLE('',#11400,3.29860679774998);
#11420=EDGE_CURVE('',#11340,#11140,#11410,.T.);
#11430=ORIENTED_EDGE('',*,*,#11420,.F.);
#11440=EDGE_LOOP('',(#11430,#11360,#11270,#11180));
#11450=FACE_OUTER_BOUND('',#11440,.T.);
#11460=ADVANCED_FACE('',(#11450),#11070,.T.);
#11470=CARTESIAN_POINT('',(4.5,-1.05,0.));
#11480=DIRECTION('',(0.,-1.,0.));
#11490=DIRECTION('',(0.,0.,-1.));
#11500=AXIS2_PLACEMENT_3D('',#11470,#11480,#11490);
#11510=TOROIDAL_SURFACE('',#11500,0.35,0.2);
#11520=CARTESIAN_POINT('',(4.5,-1.05,-0.35));
#11530=DIRECTION('',(1.,0.,0.));
#11540=DIRECTION('',(0.,0.,-1.));
#11550=AXIS2_PLACEMENT_3D('',#11520,#11530,#11540);
#11560=CIRCLE('',#11550,0.2);
#11570=CARTESIAN_POINT('',(4.5,-1.25,-0.35));
#11580=VERTEX_POINT('',#11570);
#11590=CARTESIAN_POINT('',(4.5,-1.05,-0.55));
#11600=VERTEX_POINT('',#11590);
#11610=EDGE_CURVE('',#11580,#11600,#11560,.T.);
#11620=ORIENTED_EDGE('',*,*,#11610,.T.);
#11630=CARTESIAN_POINT('',(4.5,-1.25,0.));
#11640=DIRECTION('',(0.,-1.,0.));
#11650=DIRECTION('',(0.,0.,-1.));
#11660=AXIS2_PLACEMENT_3D('',#11630,#11640,#11650);
#11670=CIRCLE('',#11660,0.35);
#11680=CARTESIAN_POINT('',(4.5,-1.25,0.35));
#11690=VERTEX_POINT('',#11680);
#11700=EDGE_CURVE('',#11580,#11690,#11670,.T.);
#11710=ORIENTED_EDGE('',*,*,#11700,.F.);
#11720=CARTESIAN_POINT('',(4.5,-1.05,0.35));
#11730=DIRECTION('',(-1.,0.,0.));
#11740=DIRECTION('',(0.,0.,1.));
#11750=AXIS2_PLACEMENT_3D('',#11720,#11730,#11740);
#11760=CIRCLE('',#11750,0.2);
#11770=CARTESIAN_POINT('',(4.5,-1.05,0.55));
#11780=VERTEX_POINT('',#11770);
#11790=EDGE_CURVE('',#11690,#11780,#11760,.T.);
#11800=ORIENTED_EDGE('',*,*,#11790,.F.);
#11810=CARTESIAN_POINT('',(4.5,-1.05,0.));
#11820=DIRECTION('',(0.,-1.,0.));
#11830=DIRECTION('',(0.,0.,1.));
#11840=AXIS2_PLACEMENT_3D('',#11810,#11820,#11830);
#11850=CIRCLE('',#11840,0.55);
#11860=EDGE_CURVE('',#11600,#11780,#11850,.T.);
#11870=ORIENTED_EDGE('',*,*,#11860,.T.);
#11880=EDGE_LOOP('',(#11870,#11800,#11710,#11620));
#11890=FACE_OUTER_BOUND('',#11880,.T.);
#11900=ADVANCED_FACE('',(#11890),#11510,.T.);
#11910=CARTESIAN_POINT('',(-0.919999999999999,0.649999999999999,
1.78674337148166));
#11920=DIRECTION('',(0.,1.,0.));
#11930=DIRECTION('',(0.,0.,1.));
#11940=AXIS2_PLACEMENT_3D('',#11910,#11920,#11930);
#11950=PLANE('',#11940);
#11960=CARTESIAN_POINT('',(2.3,0.649999999999999,0.849999999999951));
#11970=DIRECTION('',(-1.92592994438725E-34,1.,2.94648481515741E-20));
#11980=DIRECTION('',(1.,1.92592994438725E-34,0.));
#11990=AXIS2_PLACEMENT_3D('',#11960,#11970,#11980);
#12000=CIRCLE('',#11990,0.278867513459499);
#12010=CARTESIAN_POINT('',(2.5788675134595,0.649999999999999,
0.849999999999951));
#12020=VERTEX_POINT('',#12010);
#12030=CARTESIAN_POINT('',(2.0211324865405,0.649999999999999,
0.849999999999951));
#12040=VERTEX_POINT('',#12030);
#12050=EDGE_CURVE('',#12020,#12040,#12000,.T.);
#12060=ORIENTED_EDGE('',*,*,#12050,.F.);
#12070=EDGE_CURVE('',#12040,#12020,#12000,.T.);
#12080=ORIENTED_EDGE('',*,*,#12070,.F.);
#12090=EDGE_LOOP('',(#12080,#12060));
#12100=FACE_OUTER_BOUND('',#12090,.T.);
#12110=ADVANCED_FACE('',(#12100),#11950,.F.);
#12120=CARTESIAN_POINT('',(0.147995011238086,0.245961940777124,-318.5));
#12130=DIRECTION('',(-1.92592994438725E-34,1.,2.94648481515741E-20));
#12140=DIRECTION('',(1.,1.92592994438725E-34,0.));
#12150=AXIS2_PLACEMENT_3D('',#12120,#12130,#12140);
#12160=PLANE('',#12150);
#12170=CARTESIAN_POINT('',(-1.53200498876192,0.245961940777124,
5.59999999999998));
#12180=DIRECTION('',(-1.92592994438725E-34,1.,2.94648481515741E-20));
#12190=DIRECTION('',(2.51021425867744E-12,-2.94648481515741E-20,1.));
#12200=AXIS2_PLACEMENT_3D('',#12170,#12180,#12190);
#12210=CIRCLE('',#12200,0.200000000000003);
#12220=CARTESIAN_POINT('',(-1.53200498876166,0.245961940777124,
5.79999999999994));
#12230=VERTEX_POINT('',#12220);
#12240=CARTESIAN_POINT('',(-1.38464401439357,0.245961940777125,
5.73522109019382));
#12250=VERTEX_POINT('',#12240);
#12260=EDGE_CURVE('',#12230,#12250,#12210,.T.);
#12270=ORIENTED_EDGE('',*,*,#12260,.T.);
#12280=CARTESIAN_POINT('',(-2.33956942346377,0.245961940777124,
5.79999999999994));
#12290=DIRECTION('',(1.,1.92592994438725E-34,0.));
#12300=VECTOR('',#12290,1.);
#12310=LINE('',#12280,#12300);
#12320=CARTESIAN_POINT('',(-2.33956942346378,0.245961940777124,
5.79999999999994));
#12330=VERTEX_POINT('',#12320);
#12340=EDGE_CURVE('',#12330,#12230,#12310,.T.);
#12350=ORIENTED_EDGE('',*,*,#12340,.T.);
#12360=CARTESIAN_POINT('',(-3.25200498876192,0.245961940777124,
5.27320508075688));
#12370=DIRECTION('',(0.866025403784444,-1.47324240757866E-20,
0.499999999999991));
#12380=VECTOR('',#12370,1.);
#12390=LINE('',#12360,#12380);
#12400=CARTESIAN_POINT('',(-3.25200498876193,0.245961940777124,
5.27320508075688));
#12410=VERTEX_POINT('',#12400);
#12420=EDGE_CURVE('',#12410,#12330,#12390,.T.);
#12430=ORIENTED_EDGE('',*,*,#12420,.T.);
#12440=CARTESIAN_POINT('',(-3.15200498876191,0.245961940777124,
5.09999999999998));
#12450=DIRECTION('',(-1.92592994438725E-34,1.,2.94648481515741E-20));
#12460=DIRECTION('',(-1.,-1.2885063494403E-32,4.30766533554534E-13));
#12470=AXIS2_PLACEMENT_3D('',#12440,#12450,#12460);
#12480=CIRCLE('',#12470,0.200000000000013);
#12490=CARTESIAN_POINT('',(-3.35200498876192,0.245961940777124,
5.10000000000001));
#12500=VERTEX_POINT('',#12490);
#12510=EDGE_CURVE('',#12500,#12410,#12480,.T.);
#12520=ORIENTED_EDGE('',*,*,#12510,.T.);
#12530=CARTESIAN_POINT('',(-3.35200498876191,0.245961940777124,
4.34999999999996));
#12540=DIRECTION('',(5.67472333619398E-54,-2.94648481515741E-20,1.));
#12550=VECTOR('',#12540,1.);
#12560=LINE('',#12530,#12550);
#12570=CARTESIAN_POINT('',(-3.35200498876193,0.245961940777124,
4.85531281745216));
#12580=VERTEX_POINT('',#12570);
#12590=EDGE_CURVE('',#12580,#12500,#12560,.T.);
#12600=ORIENTED_EDGE('',*,*,#12590,.T.);
#12610=CARTESIAN_POINT('',(0.,0.245961940777125,0.));
#12620=DIRECTION('',(0.,1.,0.));
#12630=DIRECTION('',(0.,0.,1.));
#12640=AXIS2_PLACEMENT_3D('',#12610,#12620,#12630);
#12650=CIRCLE('',#12640,5.9);
#12660=EDGE_CURVE('',#12580,#12250,#12650,.T.);
#12670=ORIENTED_EDGE('',*,*,#12660,.F.);
#12680=EDGE_LOOP('',(#12670,#12600,#12520,#12430,#12350,#12270));
#12690=FACE_OUTER_BOUND('',#12680,.T.);
#12700=ADVANCED_FACE('',(#12690),#12160,.T.);
#12710=CARTESIAN_POINT('',(2.13949956224974E-16,0.583981771313274,
1.36939205608535E-16));
#12720=DIRECTION('',(0.,-1.,0.));
#12730=DIRECTION('',(-0.742191626210122,0.,-0.670187727419396));
#12740=AXIS2_PLACEMENT_3D('',#12710,#12720,#12730);
#12750=CYLINDRICAL_SURFACE('',#12740,5.695);
#12760=CARTESIAN_POINT('',(-4.22678131126665,0.583981771313274,
-3.81671910765346));
#12770=DIRECTION('',(0.,-1.,0.));
#12780=VECTOR('',#12770,1.);
#12790=LINE('',#12760,#12780);
#12800=CARTESIAN_POINT('',(-4.22678131126665,7.55,-3.81671910765346));
#12810=VERTEX_POINT('',#12800);
#12820=CARTESIAN_POINT('',(-4.22678131126665,3.5,-3.81671910765346));
#12830=VERTEX_POINT('',#12820);
#12840=EDGE_CURVE('',#12810,#12830,#12790,.T.);
#12850=ORIENTED_EDGE('',*,*,#12840,.F.);
#12860=CARTESIAN_POINT('',(2.13949956224974E-16,3.5,1.36939205608535E-16
));
#12870=DIRECTION('',(0.,-1.,0.));
#12880=DIRECTION('',(0.742191626210122,0.,0.670187727419396));
#12890=AXIS2_PLACEMENT_3D('',#12860,#12870,#12880);
#12900=CIRCLE('',#12890,5.695);
#12910=CARTESIAN_POINT('',(4.22678131126665,3.5,3.81671910765346));
#12920=VERTEX_POINT('',#12910);
#12930=EDGE_CURVE('',#12830,#12920,#12900,.T.);
#12940=ORIENTED_EDGE('',*,*,#12930,.F.);
#12950=CARTESIAN_POINT('',(4.22678131126665,0.583981771313274,
3.81671910765346));
#12960=DIRECTION('',(0.,-1.,0.));
#12970=VECTOR('',#12960,1.);
#12980=LINE('',#12950,#12970);
#12990=CARTESIAN_POINT('',(4.22678131126665,7.55,3.81671910765346));
#13000=VERTEX_POINT('',#12990);
#13010=EDGE_CURVE('',#13000,#12920,#12980,.T.);
#13020=ORIENTED_EDGE('',*,*,#13010,.T.);
#13030=CARTESIAN_POINT('',(2.13949956224974E-16,7.55,
1.36939205608535E-16));
#13040=DIRECTION('',(0.,1.,0.));
#13050=DIRECTION('',(0.742191626210122,0.,0.670187727419396));
#13060=AXIS2_PLACEMENT_3D('',#13030,#13040,#13050);
#13070=CIRCLE('',#13060,5.695);
#13080=EDGE_CURVE('',#13000,#12810,#13070,.T.);
#13090=ORIENTED_EDGE('',*,*,#13080,.F.);
#13100=EDGE_LOOP('',(#13090,#13020,#12940,#12850));
#13110=FACE_OUTER_BOUND('',#13100,.T.);
#13120=ADVANCED_FACE('',(#13110),#12750,.T.);
#13130=CARTESIAN_POINT('',(1.63200498876192,0.245961940777125,
5.24999999999997));
#13140=DIRECTION('',(-1.92592994438725E-34,1.,-9.95276753369398E-16));
#13150=DIRECTION('',(1.,1.92592994438725E-34,0.));
#13160=AXIS2_PLACEMENT_3D('',#13130,#13140,#13150);
#13170=CYLINDRICAL_SURFACE('',#13160,0.199999999999997);
#13180=ORIENTED_EDGE('',*,*,#4840,.F.);
#13190=CARTESIAN_POINT('',(1.49058363252459,-0.00403805922287476,
5.10857864376267));
#13200=DIRECTION('',(-1.92592994438725E-34,1.,2.94648481515741E-20));
#13210=VECTOR('',#13200,1.);
#13220=LINE('',#13190,#13210);
#13230=CARTESIAN_POINT('',(1.49058363252464,-0.00403805922287487,
5.10857864376264));
#13240=VERTEX_POINT('',#13230);
#13250=EDGE_CURVE('',#13240,#4740,#13220,.T.);
#13260=ORIENTED_EDGE('',*,*,#13250,.T.);
#13270=CARTESIAN_POINT('',(1.63200498876192,-0.00403805922287459,
5.24999999999997));
#13280=DIRECTION('',(9.11315628974091E-17,-1.,1.08640831626688E-15));
#13290=DIRECTION('',(-0.70710678118626,-8.32646433674944E-16,
-0.707106781186835));
#13300=AXIS2_PLACEMENT_3D('',#13270,#13280,#13290);
#13310=CIRCLE('',#13300,0.199999999999997);
#13320=CARTESIAN_POINT('',(1.63200498876192,-0.00403805922287492,
5.04999999999994));
#13330=VERTEX_POINT('',#13320);
#13340=EDGE_CURVE('',#13240,#13330,#13310,.T.);
#13350=ORIENTED_EDGE('',*,*,#13340,.F.);
#13360=CARTESIAN_POINT('',(1.63200498876192,0.245961940777125,
5.04999999999997));
#13370=DIRECTION('',(1.92592994438725E-34,-1.,-2.94648481515741E-20));
#13380=VECTOR('',#13370,1.);
#13390=LINE('',#13360,#13380);
#13400=EDGE_CURVE('',#4830,#13330,#13390,.T.);
#13410=ORIENTED_EDGE('',*,*,#13400,.T.);
#13420=EDGE_LOOP('',(#13410,#13350,#13260,#13180));
#13430=FACE_OUTER_BOUND('',#13420,.T.);
#13440=ADVANCED_FACE('',(#13430),#13170,.T.);
#13450=CARTESIAN_POINT('',(-7.32476040639209,0.08,-3.19999999999999));
#13460=DIRECTION('',(0.,0.,-1.));
#13470=DIRECTION('',(-1.,0.,0.));
#13480=AXIS2_PLACEMENT_3D('',#13450,#13460,#13470);
#13490=PLANE('',#13480);
#13500=CARTESIAN_POINT('',(3.1,0.0800000000000001,-3.19999999999999));
#13510=DIRECTION('',(0.,-1.,0.));
#13520=VECTOR('',#13510,1.);
#13530=LINE('',#13500,#13520);
#13540=EDGE_CURVE('',#480,#8470,#13530,.T.);
#13550=ORIENTED_EDGE('',*,*,#13540,.F.);
#13560=ORIENTED_EDGE('',*,*,#8480,.F.);
#13570=CARTESIAN_POINT('',(-3.1,-8.88178419700125E-16,-3.19999999999999)
);
#13580=DIRECTION('',(0.,1.,0.));
#13590=VECTOR('',#13580,1.);
#13600=LINE('',#13570,#13590);
#13610=EDGE_CURVE('',#8370,#560,#13600,.T.);
#13620=ORIENTED_EDGE('',*,*,#13610,.F.);
#13630=ORIENTED_EDGE('',*,*,#570,.T.);
#13640=EDGE_LOOP('',(#13630,#13620,#13560,#13550));
#13650=FACE_OUTER_BOUND('',#13640,.T.);
#13660=ADVANCED_FACE('',(#13650),#13490,.F.);
#13670=CARTESIAN_POINT('',(1.88200498876192,0.245961940777125,
5.04999999999993));
#13680=DIRECTION('',(4.12269334299985E-16,9.95276753369398E-16,1.));
#13690=DIRECTION('',(1.,2.04740447771424E-34,-4.12269334299985E-16));
#13700=AXIS2_PLACEMENT_3D('',#13670,#13680,#13690);
#13710=PLANE('',#13700);
#13720=ORIENTED_EDGE('',*,*,#13400,.F.);
#13730=CARTESIAN_POINT('',(1.88200498876192,-0.00403805922287481,
5.04999999999993));
#13740=DIRECTION('',(-1.,-1.92592994438725E-34,0.));
#13750=VECTOR('',#13740,1.);
#13760=LINE('',#13730,#13750);
#13770=CARTESIAN_POINT('',(1.88200498876192,-0.00403805922287492,
5.04999999999993));
#13780=VERTEX_POINT('',#13770);
#13790=EDGE_CURVE('',#13780,#13330,#13760,.T.);
#13800=ORIENTED_EDGE('',*,*,#13790,.T.);
#13810=CARTESIAN_POINT('',(1.88200498876192,-0.00403805922287487,
5.04999999999995));
#13820=DIRECTION('',(-1.92592994438725E-34,1.,-3.55268421395235E-15));
#13830=VECTOR('',#13820,1.);
#13840=LINE('',#13810,#13830);
#13850=EDGE_CURVE('',#13780,#4910,#13840,.T.);
#13860=ORIENTED_EDGE('',*,*,#13850,.F.);
#13870=ORIENTED_EDGE('',*,*,#4920,.F.);
#13880=EDGE_LOOP('',(#13870,#13860,#13800,#13720));
#13890=FACE_OUTER_BOUND('',#13880,.T.);
#13900=ADVANCED_FACE('',(#13890),#13710,.F.);
#13910=CARTESIAN_POINT('',(0.849999999999991,0.65,-6.16715728752537));
#13920=DIRECTION('',(-1.,0.,-3.6940607015427E-16));
#13930=DIRECTION('',(-3.6940607015427E-16,0.,1.));
#13940=AXIS2_PLACEMENT_3D('',#13910,#13920,#13930);
#13950=PLANE('',#13940);
#13960=CARTESIAN_POINT('',(0.849999999999992,0.799999999999999,
-5.83845013680857));
#13970=DIRECTION('',(0.,0.,1.));
#13980=VECTOR('',#13970,1.);
#13990=LINE('',#13960,#13980);
#14000=CARTESIAN_POINT('',(0.849999999999992,0.799999999999999,
-5.83845013680857));
#14010=VERTEX_POINT('',#14000);
#14020=CARTESIAN_POINT('',(0.849999999999992,0.799999999999999,
-5.43392123608725));
#14030=VERTEX_POINT('',#14020);
#14040=EDGE_CURVE('',#14010,#14030,#13990,.T.);
#14050=ORIENTED_EDGE('',*,*,#14040,.F.);
#14060=CARTESIAN_POINT('',(0.849999999999991,0.799999999999987,
-5.43392123608725));
#14070=DIRECTION('',(0.,-1.,0.));
#14080=VECTOR('',#14070,1.);
#14090=LINE('',#14060,#14080);
#14100=CARTESIAN_POINT('',(0.850000000000001,0.649999999999999,
-5.43392123608725));
#14110=VERTEX_POINT('',#14100);
#14120=EDGE_CURVE('',#14030,#14110,#14090,.T.);
#14130=ORIENTED_EDGE('',*,*,#14120,.F.);
#14140=CARTESIAN_POINT('',(0.849999999999989,0.649999999999999,0.));
#14150=DIRECTION('',(3.6940607015427E-16,2.94648481515926E-20,-1.));
#14160=VECTOR('',#14150,1.);
#14170=LINE('',#14140,#14160);
#14180=CARTESIAN_POINT('',(0.850000000000001,0.649999999999999,
-5.83845013680857));
#14190=VERTEX_POINT('',#14180);
#14200=EDGE_CURVE('',#14110,#14190,#14170,.T.);
#14210=ORIENTED_EDGE('',*,*,#14200,.F.);
#14220=CARTESIAN_POINT('',(0.84999999999999,0.399999999999999,
-5.83845013680857));
#14230=DIRECTION('',(0.,1.,0.));
#14240=VECTOR('',#14230,1.);
#14250=LINE('',#14220,#14240);
#14260=EDGE_CURVE('',#14190,#14010,#14250,.T.);
#14270=ORIENTED_EDGE('',*,*,#14260,.F.);
#14280=EDGE_LOOP('',(#14270,#14210,#14130,#14050));
#14290=FACE_OUTER_BOUND('',#14280,.T.);
#14300=ADVANCED_FACE('',(#14290),#13950,.T.);
#14310=CARTESIAN_POINT('',(2.16840434497101E-16,0.399999999999999,-318.5
));
#14320=DIRECTION('',(-1.92592994438725E-34,1.,2.94648481515741E-20));
#14330=DIRECTION('',(1.,1.92592994438725E-34,0.));
#14340=AXIS2_PLACEMENT_3D('',#14310,#14320,#14330);
#14350=PLANE('',#14340);
#14360=CARTESIAN_POINT('',(-2.3,0.399999999999999,-1.75000000000001));
#14370=DIRECTION('',(0.,-1.,0.));
#14380=DIRECTION('',(0.,0.,-1.));
#14390=AXIS2_PLACEMENT_3D('',#14360,#14370,#14380);
#14400=CIRCLE('',#14390,0.5);
#14410=CARTESIAN_POINT('',(-2.3,0.4,-2.25000000000001));
#14420=VERTEX_POINT('',#14410);
#14430=CARTESIAN_POINT('',(-2.3,0.399999999999999,-1.25000000000001));
#14440=VERTEX_POINT('',#14430);
#14450=EDGE_CURVE('',#14420,#14440,#14400,.T.);
#14460=ORIENTED_EDGE('',*,*,#14450,.T.);
#14470=EDGE_CURVE('',#14440,#14420,#14400,.T.);
#14480=ORIENTED_EDGE('',*,*,#14470,.T.);
#14490=EDGE_LOOP('',(#14480,#14460));
#14500=FACE_OUTER_BOUND('',#14490,.T.);
#14510=ADVANCED_FACE('',(#14500),#14350,.F.);
#14520=CARTESIAN_POINT('',(3.1,-2.08832861614873,-3.02999999999999));
#14530=DIRECTION('',(0.,1.,0.));
#14540=DIRECTION('',(0.,0.,1.));
#14550=AXIS2_PLACEMENT_3D('',#14520,#14530,#14540);
#14560=CYLINDRICAL_SURFACE('',#14550,0.17);
#14570=ORIENTED_EDGE('',*,*,#13540,.T.);
#14580=ORIENTED_EDGE('',*,*,#490,.F.);
#14590=CARTESIAN_POINT('',(3.27,-8.88178419700125E-16,-3.02999999999999)
);
#14600=DIRECTION('',(0.,1.,0.));
#14610=VECTOR('',#14600,1.);
#14620=LINE('',#14590,#14610);
#14630=EDGE_CURVE('',#8560,#390,#14620,.T.);
#14640=ORIENTED_EDGE('',*,*,#14630,.T.);
#14650=ORIENTED_EDGE('',*,*,#8570,.F.);
#14660=EDGE_LOOP('',(#14650,#14640,#14580,#14570));
#14670=FACE_OUTER_BOUND('',#14660,.T.);
#14680=ADVANCED_FACE('',(#14670),#14560,.F.);
#14690=CARTESIAN_POINT('',(1.50203416229077,0.345961940777124,
5.05733198504069));
#14700=DIRECTION('',(-9.95306218217533E-16,-7.78436318872315E-16,-1.));
#14710=DIRECTION('',(-1.,7.74589915665543E-31,9.95306218217533E-16));
#14720=AXIS2_PLACEMENT_3D('',#14690,#14700,#14710);
#14730=CYLINDRICAL_SURFACE('',#14720,0.35);
#14740=CARTESIAN_POINT('',(1.50203416229077,0.345961940777124,
4.64999999999998));
#14750=DIRECTION('',(1.08420217248532E-16,-1.08449682096684E-16,1.));
#14760=DIRECTION('',(-0.707106781186549,-0.707106781186546,
-2.08347939346099E-20));
#14770=AXIS2_PLACEMENT_3D('',#14740,#14750,#14760);
#14780=CIRCLE('',#14770,0.35);
#14790=CARTESIAN_POINT('',(1.50203416229077,-0.00403805922287531,
4.64999999999998));
#14800=VERTEX_POINT('',#14790);
#14810=EDGE_CURVE('',#5080,#14800,#14780,.T.);
#14820=ORIENTED_EDGE('',*,*,#14810,.F.);
#14830=CARTESIAN_POINT('',(1.50203416229077,-0.00403805922287681,
4.14999999999991));
#14840=DIRECTION('',(8.88178419700013E-16,7.7712665238936E-16,1.));
#14850=VECTOR('',#14840,1.);
#14860=LINE('',#14830,#14850);
#14870=CARTESIAN_POINT('',(1.50203416229077,-0.00403805922287587,
4.14999999999991));
#14880=VERTEX_POINT('',#14870);
#14890=EDGE_CURVE('',#14880,#14800,#14860,.T.);
#14900=ORIENTED_EDGE('',*,*,#14890,.T.);
#14910=CARTESIAN_POINT('',(1.50203416229077,0.345961940777123,
4.14999999999991));
#14920=DIRECTION('',(-9.95306218217534E-16,2.94648481509427E-20,-1.));
#14930=DIRECTION('',(6.34413156928661E-16,-1.,-2.94648481515741E-20));
#14940=AXIS2_PLACEMENT_3D('',#14910,#14920,#14930);
#14950=CIRCLE('',#14940,0.35);
#14960=EDGE_CURVE('',#14880,#5160,#14950,.T.);
#14970=ORIENTED_EDGE('',*,*,#14960,.F.);
#14980=ORIENTED_EDGE('',*,*,#5170,.T.);
#14990=EDGE_LOOP('',(#14980,#14970,#14900,#14820));
#15000=FACE_OUTER_BOUND('',#14990,.T.);
#15010=ADVANCED_FACE('',(#15000),#14730,.T.);
#15020=CARTESIAN_POINT('',(3.35200498876192,0.245961940777124,
4.3499999999999));
#15030=DIRECTION('',(-1.,-1.87702659836909E-34,-1.65971824358929E-16));
#15040=DIRECTION('',(-1.65971824358929E-16,9.95276753369398E-16,1.));
#15050=AXIS2_PLACEMENT_3D('',#15020,#15030,#15040);
#15060=PLANE('',#15050);
#15070=CARTESIAN_POINT('',(3.35200498876192,0.245961940777125,
5.09999999999984));
#15080=DIRECTION('',(1.92433384403274E-49,-9.99171257314338E-16,-1.));
#15090=VECTOR('',#15080,1.);
#15100=LINE('',#15070,#15090);
#15110=CARTESIAN_POINT('',(3.35200498876191,0.245961940777125,
5.0999999999999));
#15120=VERTEX_POINT('',#15110);
#15130=CARTESIAN_POINT('',(3.35200498876191,0.245961940777118,
4.85531281745216));
#15140=VERTEX_POINT('',#15130);
#15150=EDGE_CURVE('',#15120,#15140,#15100,.T.);
#15160=ORIENTED_EDGE('',*,*,#15150,.F.);
#15170=CARTESIAN_POINT('',(3.35200498876192,19.9068722891566,
4.85531281745216));
#15180=DIRECTION('',(0.,1.,0.));
#15190=VECTOR('',#15180,1.);
#15200=LINE('',#15170,#15190);
#15210=EDGE_CURVE('',#5410,#15140,#15200,.T.);
#15220=ORIENTED_EDGE('',*,*,#15210,.T.);
#15230=ORIENTED_EDGE('',*,*,#5420,.F.);
#15240=CARTESIAN_POINT('',(3.35200498876193,0.245961940777125,
4.3499999999999));
#15250=DIRECTION('',(1.92592994438725E-34,-1.,-2.94648481515741E-20));
#15260=VECTOR('',#15250,1.);
#15270=LINE('',#15240,#15260);
#15280=CARTESIAN_POINT('',(3.35200498876193,-0.00403805922287559,
4.3499999999999));
#15290=VERTEX_POINT('',#15280);
#15300=EDGE_CURVE('',#5330,#15290,#15270,.T.);
#15310=ORIENTED_EDGE('',*,*,#15300,.F.);
#15320=CARTESIAN_POINT('',(3.35200498876192,-0.00403805922287503,
5.09999999999993));
#15330=DIRECTION('',(1.8530601184305E-49,-9.62163823160281E-16,-1.));
#15340=VECTOR('',#15330,1.);
#15350=LINE('',#15320,#15340);
#15360=CARTESIAN_POINT('',(3.35200498876192,-0.00403805922287487,
5.09999999999983));
#15370=VERTEX_POINT('',#15360);
#15380=EDGE_CURVE('',#15370,#15290,#15350,.T.);
#15390=ORIENTED_EDGE('',*,*,#15380,.T.);
#15400=CARTESIAN_POINT('',(3.35200498876191,-0.00403805922287448,
5.09999999999993));
#15410=DIRECTION('',(-1.92592994438725E-34,1.,2.94648481515741E-20));
#15420=VECTOR('',#15410,1.);
#15430=LINE('',#15400,#15420);
#15440=EDGE_CURVE('',#15370,#15120,#15430,.T.);
#15450=ORIENTED_EDGE('',*,*,#15440,.F.);
#15460=EDGE_LOOP('',(#15450,#15390,#15310,#15230,#15220,#15160));
#15470=FACE_OUTER_BOUND('',#15460,.T.);
#15480=ADVANCED_FACE('',(#15470),#15060,.F.);
#15490=CARTESIAN_POINT('',(-1.93977046885428E-19,9.09,
5.42976580892665E-20));
#15500=DIRECTION('',(0.,-1.,0.));
#15510=DIRECTION('',(0.,0.,-1.));
#15520=AXIS2_PLACEMENT_3D('',#15490,#15500,#15510);
#15530=PLANE('',#15520);
#15540=CARTESIAN_POINT('',(-1.93977046885428E-19,9.09,
5.42976580892665E-20));
#15550=DIRECTION('',(0.,1.,0.));
#15560=DIRECTION('',(1.22597197572568E-16,0.,-1.));
#15570=AXIS2_PLACEMENT_3D('',#15540,#15550,#15560);
#15580=CIRCLE('',#15570,3.25);
#15590=CARTESIAN_POINT('',(-1.93977046885428E-19,9.09,-3.25));
#15600=VERTEX_POINT('',#15590);
#15610=CARTESIAN_POINT('',(-1.93977046885428E-19,9.09,3.25));
#15620=VERTEX_POINT('',#15610);
#15630=EDGE_CURVE('',#15600,#15620,#15580,.T.);
#15640=ORIENTED_EDGE('',*,*,#15630,.T.);
#15650=EDGE_CURVE('',#15620,#15600,#15580,.T.);
#15660=ORIENTED_EDGE('',*,*,#15650,.T.);
#15670=EDGE_LOOP('',(#15660,#15640));
#15680=FACE_OUTER_BOUND('',#15670,.T.);
#15690=ADVANCED_FACE('',(#15680),#15530,.F.);
#15700=CARTESIAN_POINT('',(-2.3,0.599999999999999,2.34999999999995));
#15710=DIRECTION('',(-1.92592994438725E-34,1.,2.94648481515741E-20));
#15720=DIRECTION('',(1.,1.92592994438725E-34,5.67472333619398E-54));
#15730=AXIS2_PLACEMENT_3D('',#15700,#15710,#15720);
#15740=TOROIDAL_SURFACE('',#15730,0.19226497308103,0.0999999999999985);
#15750=CARTESIAN_POINT('',(-2.3,0.649999999999999,2.34999999999995));
#15760=DIRECTION('',(-1.92592994438725E-34,1.,2.94648481515741E-20));
#15770=DIRECTION('',(1.,1.92592994438725E-34,5.67472333619398E-54));
#15780=AXIS2_PLACEMENT_3D('',#15750,#15760,#15770);
#15790=CIRCLE('',#15780,0.278867513459472);
#15800=CARTESIAN_POINT('',(-2.55350983893943,0.649999999999999,
2.46618886187566));
#15810=VERTEX_POINT('',#15800);
#15820=CARTESIAN_POINT('',(-2.41071080317439,0.649999999999999,
2.60594962028401));
#15830=VERTEX_POINT('',#15820);
#15840=EDGE_CURVE('',#15810,#15830,#15790,.T.);
#15850=ORIENTED_EDGE('',*,*,#15840,.F.);
#15860=CARTESIAN_POINT('',(0.,0.649999999999999,0.));
#15870=DIRECTION('',(0.,1.,0.));
#15880=DIRECTION('',(0.,0.,1.));
#15890=AXIS2_PLACEMENT_3D('',#15860,#15870,#15880);
#15900=CYLINDRICAL_SURFACE('',#15890,3.55000000000001);
#15910=CARTESIAN_POINT('',(-2.55350983894936,0.650000000096451,
2.46618886182357));
#15920=CARTESIAN_POINT('',(-2.54312184652834,0.658594518222756,
2.476944664538));
#15930=CARTESIAN_POINT('',(-2.53133304782335,0.663824180277891,
2.48900268778593));
#15940=CARTESIAN_POINT('',(-2.5195158350429,0.667129628059971,
2.50090782655606));
#15950=CARTESIAN_POINT('',(-2.50763257065965,0.670453551444382,
2.51287950838604));
#15960=CARTESIAN_POINT('',(-2.49536174920531,0.67190273235764,
2.52506723513462));
#15970=CARTESIAN_POINT('',(-2.48309103047774,0.671902503234061,
2.53707684833571));
#15980=CARTESIAN_POINT('',(-2.47081648425684,0.671902274039013,
2.54909020758586));
#15990=CARTESIAN_POINT('',(-2.45837098820592,0.670452332938779,
2.5610928378056));
#16000=CARTESIAN_POINT('',(-2.44614854245277,0.667128494861002,
2.57271399659118));
#16010=CARTESIAN_POINT('',(-2.43398455518795,0.663820554301069,
2.5842795727717));
#16020=CARTESIAN_POINT('',(-2.42169527366955,0.658600611921217,
2.59578811083512));
#16030=CARTESIAN_POINT('',(-2.41071080317422,0.649999999999872,
2.60594962028416));
#16040=B_SPLINE_CURVE_WITH_KNOTS('',3,(#15910,#15920,#15930,#15940,
#15950,#15960,#15970,#15980,#15990,#16000,#16010,#16020,#16030),
.UNSPECIFIED.,.F.,.F.,(4,3,3,3,4),(0.,0.0517518398269572,
0.103387018285219,0.155020254065339,0.206766230865189),.UNSPECIFIED.);
#16050=SURFACE_CURVE('',#16040,(#15740,#15900),.CURVE_3D.);
#16060=EDGE_CURVE('',#15810,#15830,#16050,.T.);
#16070=ORIENTED_EDGE('',*,*,#16060,.T.);
#16080=EDGE_LOOP('',(#16070,#15850));
#16090=FACE_OUTER_BOUND('',#16080,.T.);
#16100=ADVANCED_FACE('',(#16090),#15740,.F.);
#16110=CARTESIAN_POINT('',(-3.15200498876191,0.245961940777124,
-5.10000000000006));
#16120=DIRECTION('',(-1.92592994438725E-34,1.,2.94648481515741E-20));
#16130=DIRECTION('',(1.,1.92592994438725E-34,0.));
#16140=AXIS2_PLACEMENT_3D('',#16110,#16120,#16130);
#16150=CYLINDRICAL_SURFACE('',#16140,0.200000000000005);
#16160=CARTESIAN_POINT('',(-3.15200498876191,0.245961940777124,
-5.10000000000006));
#16170=DIRECTION('',(-1.92592994438725E-34,1.,2.94648481515741E-20));
#16180=DIRECTION('',(-0.499999999999846,2.55173070179167E-20,
-0.866025403784528));
#16190=AXIS2_PLACEMENT_3D('',#16160,#16170,#16180);
#16200=CIRCLE('',#16190,0.200000000000005);
#16210=CARTESIAN_POINT('',(-3.25200498876191,0.245961940777124,
-5.27320508075695));
#16220=VERTEX_POINT('',#16210);
#16230=CARTESIAN_POINT('',(-3.35200498876192,0.245961940777124,
-5.10000000000009));
#16240=VERTEX_POINT('',#16230);
#16250=EDGE_CURVE('',#16220,#16240,#16200,.T.);
#16260=ORIENTED_EDGE('',*,*,#16250,.F.);
#16270=CARTESIAN_POINT('',(-3.35200498876192,-0.0040380592228762,
-5.10000000000006));
#16280=DIRECTION('',(-1.92592994438725E-34,1.,2.94648481515741E-20));
#16290=VECTOR('',#16280,1.);
#16300=LINE('',#16270,#16290);
#16310=CARTESIAN_POINT('',(-3.35200498876192,-0.0040380592228762,
-5.10000000000008));
#16320=VERTEX_POINT('',#16310);
#16330=EDGE_CURVE('',#16320,#16240,#16300,.T.);
#16340=ORIENTED_EDGE('',*,*,#16330,.T.);
#16350=CARTESIAN_POINT('',(-3.15200498876191,-0.0040380592228762,
-5.10000000000006));
#16360=DIRECTION('',(1.92592994438725E-34,-1.,-2.94648481515741E-20));
#16370=DIRECTION('',(-1.,4.25631419111594E-33,-1.50990331349017E-13));
#16380=AXIS2_PLACEMENT_3D('',#16350,#16360,#16370);
#16390=CIRCLE('',#16380,0.200000000000005);
#16400=CARTESIAN_POINT('',(-3.2520049887619,-0.0040380592228762,
-5.27320508075696));
#16410=VERTEX_POINT('',#16400);
#16420=EDGE_CURVE('',#16320,#16410,#16390,.T.);
#16430=ORIENTED_EDGE('',*,*,#16420,.F.);
#16440=CARTESIAN_POINT('',(-3.25200498876191,0.245961940777124,
-5.27320508075696));
#16450=DIRECTION('',(1.92592994438725E-34,-1.,-2.94648481515741E-20));
#16460=VECTOR('',#16450,1.);
#16470=LINE('',#16440,#16460);
#16480=EDGE_CURVE('',#16220,#16410,#16470,.T.);
#16490=ORIENTED_EDGE('',*,*,#16480,.T.);
#16500=EDGE_LOOP('',(#16490,#16430,#16340,#16260));
#16510=FACE_OUTER_BOUND('',#16500,.T.);
#16520=ADVANCED_FACE('',(#16510),#16150,.T.);
#16530=CARTESIAN_POINT('',(0.,-27.4191815827645,0.));
#16540=DIRECTION('',(0.,1.,0.));
#16550=DIRECTION('',(0.,0.,-1.));
#16560=AXIS2_PLACEMENT_3D('',#16530,#16540,#16550);
#16570=CONICAL_SURFACE('',#16560,1.,0.0174532925199433);
#16580=CARTESIAN_POINT('',(0.149807274381564,0.0799999999999841,
1.47239864864865));
#16590=CARTESIAN_POINT('',(0.147798526859556,-0.0299271658149407,
1.47067433436745));
#16600=CARTESIAN_POINT('',(0.143404342806139,-0.249849035142498,
1.46725540711357));
#16610=CARTESIAN_POINT('',(0.137018766999152,-0.579957200244844,
1.46207761660677));
#16620=CARTESIAN_POINT('',(0.132940026486914,-0.800180660660075,
1.45859216076135));
#16630=CARTESIAN_POINT('',(0.1306816752684,-0.910325321918194,
1.45686443485305));
#16640=B_SPLINE_CURVE_WITH_KNOTS('',3,(#16580,#16590,#16600,#16610,
#16620,#16630),.UNSPECIFIED.,.F.,.F.,(4,1,1,4),(0.,0.333333333333333,
0.666666666666667,1.),.UNSPECIFIED.);
#16650=CARTESIAN_POINT('',(0.130681675268398,-0.910325321918208,
1.45686443485305));
#16660=VERTEX_POINT('',#16650);
#16670=EDGE_CURVE('',#1280,#16660,#16640,.T.);
#16680=ORIENTED_EDGE('',*,*,#16670,.T.);
#16690=ORIENTED_EDGE('',*,*,#1290,.F.);
#16700=CARTESIAN_POINT('',(1.47239864864865,0.0800000000000018,
0.149807274381564));
#16710=CARTESIAN_POINT('',(1.47069068264895,-0.0288849426707255,
0.147817571862152));
#16720=CARTESIAN_POINT('',(1.46724093252687,-0.247422367665063,
0.143757728138361));
#16730=CARTESIAN_POINT('',(1.46203587995282,-0.577530875208908,
0.137395987779631));
#16740=CARTESIAN_POINT('',(1.45860850540706,-0.799138669357886,
0.13296139094747));
#16750=CARTESIAN_POINT('',(1.45686443485391,-0.910325321918212,
0.130681675258795));
#16760=B_SPLINE_CURVE_WITH_KNOTS('',3,(#16700,#16710,#16720,#16730,
#16740,#16750),.UNSPECIFIED.,.F.,.F.,(4,1,1,4),(0.,0.333333333333333,
0.666666666666667,1.),.UNSPECIFIED.);
#16770=CARTESIAN_POINT('',(1.45686443485391,-0.910325321918203,
0.130681675258796));
#16780=VERTEX_POINT('',#16770);
#16790=EDGE_CURVE('',#1190,#16780,#16760,.T.);
#16800=ORIENTED_EDGE('',*,*,#16790,.F.);
#16810=CARTESIAN_POINT('',(0.,-0.91032532191818,0.));
#16820=DIRECTION('',(-0.,1.,0.));
#16830=DIRECTION('',(0.0893419304751307,0.,0.996001013784111));
#16840=AXIS2_PLACEMENT_3D('',#16810,#16820,#16830);
#16850=CIRCLE('',#16840,1.46271380720586);
#16860=EDGE_CURVE('',#16660,#16780,#16850,.T.);
#16870=ORIENTED_EDGE('',*,*,#16860,.T.);
#16880=EDGE_LOOP('',(#16870,#16800,#16690,#16680));
#16890=FACE_OUTER_BOUND('',#16880,.T.);
#16900=ADVANCED_FACE('',(#16890),#16570,.T.);
#16910=CARTESIAN_POINT('',(0.,-1.4,-0.74));
#16920=DIRECTION('',(0.,-1.,0.));
#16930=DIRECTION('',(0.,0.,-1.));
#16940=AXIS2_PLACEMENT_3D('',#16910,#16920,#16930);
#16950=PLANE('',#16940);
#16960=CARTESIAN_POINT('',(0.,-1.4,0.));
#16970=DIRECTION('',(-0.,-1.,0.));
#16980=DIRECTION('',(-1.2216074330576E-16,0.,1.));
#16990=AXIS2_PLACEMENT_3D('',#16960,#16970,#16980);
#17000=CIRCLE('',#16990,1.18);
#17010=CARTESIAN_POINT('',(1.44508322299388E-16,-1.4,-1.18));
#17020=VERTEX_POINT('',#17010);
#17030=CARTESIAN_POINT('',(0.,-1.4,1.18));
#17040=VERTEX_POINT('',#17030);
#17050=EDGE_CURVE('',#17020,#17040,#17000,.T.);
#17060=ORIENTED_EDGE('',*,*,#17050,.T.);
#17070=EDGE_CURVE('',#17040,#17020,#17000,.T.);
#17080=ORIENTED_EDGE('',*,*,#17070,.T.);
#17090=EDGE_LOOP('',(#17080,#17060));
#17100=FACE_OUTER_BOUND('',#17090,.T.);
#17110=CARTESIAN_POINT('',(0.,-1.4,0.));
#17120=DIRECTION('',(0.,1.,0.));
#17130=DIRECTION('',(-1.22177244260659E-16,0.,-1.));
#17140=AXIS2_PLACEMENT_3D('',#17110,#17120,#17130);
#17150=CIRCLE('',#17140,0.98);
#17160=CARTESIAN_POINT('',(1.20015386316441E-16,-1.4,-0.98));
#17170=VERTEX_POINT('',#17160);
#17180=CARTESIAN_POINT('',(0.,-1.4,0.98));
#17190=VERTEX_POINT('',#17180);
#17200=EDGE_CURVE('',#17170,#17190,#17150,.T.);
#17210=ORIENTED_EDGE('',*,*,#17200,.T.);
#17220=EDGE_CURVE('',#17190,#17170,#17150,.T.);
#17230=ORIENTED_EDGE('',*,*,#17220,.T.);
#17240=EDGE_LOOP('',(#17230,#17210));
#17250=FACE_BOUND('',#17240,.T.);
#17260=ADVANCED_FACE('',(#17100,#17250),#16950,.T.);
#17270=CARTESIAN_POINT('',(1.53200498876192,0.245961940777126,
5.79999999999996));
#17280=DIRECTION('',(-4.12269334299985E-16,-9.95276753369398E-16,-1.));
#17290=DIRECTION('',(-1.,-2.04740447771424E-34,4.12269334299985E-16));
#17300=AXIS2_PLACEMENT_3D('',#17270,#17280,#17290);
#17310=PLANE('',#17300);
#17320=CARTESIAN_POINT('',(1.53200498876141,0.245961940777126,
5.79999999999994));
#17330=DIRECTION('',(1.,1.92592994438725E-34,0.));
#17340=VECTOR('',#17330,1.);
#17350=LINE('',#17320,#17340);
#17360=CARTESIAN_POINT('',(1.53200498876167,0.245961940777126,5.8));
#17370=VERTEX_POINT('',#17360);
#17380=CARTESIAN_POINT('',(2.33956942346367,0.245961940777126,
5.79999999999994));
#17390=VERTEX_POINT('',#17380);
#17400=EDGE_CURVE('',#17370,#17390,#17350,.T.);
#17410=ORIENTED_EDGE('',*,*,#17400,.F.);
#17420=CARTESIAN_POINT('',(2.33956942346367,0.245961940777126,
5.79999999999996));
#17430=DIRECTION('',(1.92592994438725E-34,-1.,3.55268421395235E-15));
#17440=VECTOR('',#17430,1.);
#17450=LINE('',#17420,#17440);
#17460=CARTESIAN_POINT('',(2.33956942346367,-0.00403805922287415,
5.79999999999994));
#17470=VERTEX_POINT('',#17460);
#17480=EDGE_CURVE('',#17390,#17470,#17450,.T.);
#17490=ORIENTED_EDGE('',*,*,#17480,.F.);
#17500=CARTESIAN_POINT('',(1.53200498876192,-0.0040380592228742,
5.79999999999996));
#17510=DIRECTION('',(1.,1.92592994438725E-34,0.));
#17520=VECTOR('',#17510,1.);
#17530=LINE('',#17500,#17520);
#17540=CARTESIAN_POINT('',(1.53200498876167,-0.00403805922287409,
5.79999999999996));
#17550=VERTEX_POINT('',#17540);
#17560=EDGE_CURVE('',#17550,#17470,#17530,.T.);
#17570=ORIENTED_EDGE('',*,*,#17560,.T.);
#17580=CARTESIAN_POINT('',(1.53200498876192,-0.00403805922287431,
5.79999999999999));
#17590=DIRECTION('',(-1.92592994438725E-34,1.,2.94648481515741E-20));
#17600=VECTOR('',#17590,1.);
#17610=LINE('',#17580,#17600);
#17620=EDGE_CURVE('',#17550,#17370,#17610,.T.);
#17630=ORIENTED_EDGE('',*,*,#17620,.F.);
#17640=EDGE_LOOP('',(#17630,#17570,#17490,#17410));
#17650=FACE_OUTER_BOUND('',#17640,.T.);
#17660=ADVANCED_FACE('',(#17650),#17310,.F.);
#17670=CARTESIAN_POINT('',(-0.147995011238218,0.245961940776803,-318.5))
;
#17680=DIRECTION('',(-4.10526825003624E-31,1.,-9.95276753369398E-16));
#17690=DIRECTION('',(1.,2.04740447771424E-34,-4.12269334299985E-16));
#17700=AXIS2_PLACEMENT_3D('',#17670,#17680,#17690);
#17710=PLANE('',#17700);
#17720=ORIENTED_EDGE('',*,*,#15150,.T.);
#17730=CARTESIAN_POINT('',(3.15200498876192,0.245961940777126,
5.09999999999993));
#17740=DIRECTION('',(1.46466005261134E-17,1.,-9.69908097099993E-16));
#17750=DIRECTION('',(0.499999999999825,8.32641751161861E-16,
0.866025403784539));
#17760=AXIS2_PLACEMENT_3D('',#17730,#17740,#17750);
#17770=CIRCLE('',#17760,0.199999999999997);
#17780=CARTESIAN_POINT('',(3.2520049887619,0.245961940777125,
5.27320508075683));
#17790=VERTEX_POINT('',#17780);
#17800=EDGE_CURVE('',#17790,#15120,#17770,.T.);
#17810=ORIENTED_EDGE('',*,*,#17800,.T.);
#17820=CARTESIAN_POINT('',(2.33956942346367,0.245961940777126,
5.79999999999994));
#17830=DIRECTION('',(0.866025403784435,-5.00517749414061E-16,
-0.500000000000006));
#17840=VECTOR('',#17830,1.);
#17850=LINE('',#17820,#17840);
#17860=EDGE_CURVE('',#17390,#17790,#17850,.T.);
#17870=ORIENTED_EDGE('',*,*,#17860,.T.);
#17880=ORIENTED_EDGE('',*,*,#17400,.T.);
#17890=CARTESIAN_POINT('',(1.53200498876192,0.245961940777126,
5.59999999999998));
#17900=DIRECTION('',(1.370212805292E-28,1.,-9.95276753369398E-16));
#17910=DIRECTION('',(-1.,3.86376355709645E-33,-1.37667655053517E-13));
#17920=AXIS2_PLACEMENT_3D('',#17890,#17900,#17910);
#17930=CIRCLE('',#17920,0.200000000000003);
#17940=CARTESIAN_POINT('',(1.38464401439351,0.245961940777118,
5.73522109019384));
#17950=VERTEX_POINT('',#17940);
#17960=EDGE_CURVE('',#17950,#17370,#17930,.T.);
#17970=ORIENTED_EDGE('',*,*,#17960,.T.);
#17980=CARTESIAN_POINT('',(0.,0.245961940777118,0.));
#17990=DIRECTION('',(0.,1.,0.));
#18000=DIRECTION('',(0.,0.,1.));
#18010=AXIS2_PLACEMENT_3D('',#17980,#17990,#18000);
#18020=CIRCLE('',#18010,5.9);
#18030=EDGE_CURVE('',#17950,#15140,#18020,.T.);
#18040=ORIENTED_EDGE('',*,*,#18030,.F.);
#18050=EDGE_LOOP('',(#18040,#17970,#17880,#17870,#17810,#17720));
#18060=FACE_OUTER_BOUND('',#18050,.T.);
#18070=ADVANCED_FACE('',(#18060),#17710,.T.);
#18080=CARTESIAN_POINT('',(-1.13199486929581,0.574579877534777,
-4.65000000000005));
#18090=DIRECTION('',(0.,-2.94648481515741E-20,1.));
#18100=DIRECTION('',(0.707106781186546,0.707106781186549,
2.083479393461E-20));
#18110=AXIS2_PLACEMENT_3D('',#18080,#18090,#18100);
#18120=PLANE('',#18110);
#18130=CARTESIAN_POINT('',(-1.88200498876191,0.245961940777124,
-4.65000000000004));
#18140=DIRECTION('',(1.92592994438725E-34,-1.,-2.94648481515741E-20));
#18150=VECTOR('',#18140,1.);
#18160=LINE('',#18130,#18150);
#18170=CARTESIAN_POINT('',(-1.88200498876191,-0.0040380592228762,
-4.65000000000004));
#18180=VERTEX_POINT('',#18170);
#18190=EDGE_CURVE('',#7530,#18180,#18160,.T.);
#18200=ORIENTED_EDGE('',*,*,#18190,.F.);
#18210=CARTESIAN_POINT('',(-1.50203416229077,-0.0040380592228762,
-4.65000000000005));
#18220=DIRECTION('',(-1.,-1.92592994438725E-34,0.));
#18230=VECTOR('',#18220,1.);
#18240=LINE('',#18210,#18230);
#18250=CARTESIAN_POINT('',(-1.50203416229077,-0.00403805922287609,
-4.65000000000005));
#18260=VERTEX_POINT('',#18250);
#18270=EDGE_CURVE('',#18260,#18180,#18240,.T.);
#18280=ORIENTED_EDGE('',*,*,#18270,.T.);
#18290=CARTESIAN_POINT('',(-1.50203416229077,0.345961940777124,
-4.65000000000005));
#18300=DIRECTION('',(-5.67472333619398E-54,2.94648481515741E-20,-1.));
#18310=DIRECTION('',(0.707106781186548,-0.707106781186547,
-2.083479393461E-20));
#18320=AXIS2_PLACEMENT_3D('',#18290,#18300,#18310);
#18330=CIRCLE('',#18320,0.35);
#18340=EDGE_CURVE('',#7610,#18260,#18330,.T.);
#18350=ORIENTED_EDGE('',*,*,#18340,.T.);
#18360=ORIENTED_EDGE('',*,*,#7620,.F.);
#18370=EDGE_LOOP('',(#18360,#18350,#18280,#18200));
#18380=FACE_OUTER_BOUND('',#18370,.T.);
#18390=ADVANCED_FACE('',(#18380),#18120,.F.);
#18400=CARTESIAN_POINT('',(2.16840434497101E-16,0.399999999999999,-318.5
));
#18410=DIRECTION('',(-1.92592994438725E-34,1.,2.94648481515741E-20));
#18420=DIRECTION('',(1.,1.92592994438725E-34,0.));
#18430=AXIS2_PLACEMENT_3D('',#18400,#18410,#18420);
#18440=PLANE('',#18430);
#18450=CARTESIAN_POINT('',(-2.3,0.399999999999999,2.35000000000001));
#18460=DIRECTION('',(0.,-1.,0.));
#18470=DIRECTION('',(0.,0.,-1.));
#18480=AXIS2_PLACEMENT_3D('',#18450,#18460,#18470);
#18490=CIRCLE('',#18480,0.6);
#18500=CARTESIAN_POINT('',(-2.3,0.4,1.75000000000001));
#18510=VERTEX_POINT('',#18500);
#18520=CARTESIAN_POINT('',(-2.3,0.399999999999999,2.95000000000001));
#18530=VERTEX_POINT('',#18520);
#18540=EDGE_CURVE('',#18510,#18530,#18490,.T.);
#18550=ORIENTED_EDGE('',*,*,#18540,.T.);
#18560=EDGE_CURVE('',#18530,#18510,#18490,.T.);
#18570=ORIENTED_EDGE('',*,*,#18560,.T.);
#18580=EDGE_LOOP('',(#18570,#18550));
#18590=FACE_OUTER_BOUND('',#18580,.T.);
#18600=CARTESIAN_POINT('',(-2.3,0.399999999999999,2.34999999999995));
#18610=DIRECTION('',(-1.92592994438725E-34,1.,2.94648481515741E-20));
#18620=DIRECTION('',(1.,-8.89389984060347E-35,9.55484282140171E-15));
#18630=AXIS2_PLACEMENT_3D('',#18600,#18610,#18620);
#18640=CIRCLE('',#18630,0.278867513459471);
#18650=CARTESIAN_POINT('',(-2.57886751345947,0.399999999999999,
2.34999999999995));
#18660=VERTEX_POINT('',#18650);
#18670=CARTESIAN_POINT('',(-2.02113248654053,0.399999999999999,
2.34999999999995));
#18680=VERTEX_POINT('',#18670);
#18690=EDGE_CURVE('',#18660,#18680,#18640,.T.);
#18700=ORIENTED_EDGE('',*,*,#18690,.T.);
#18710=EDGE_CURVE('',#18680,#18660,#18640,.T.);
#18720=ORIENTED_EDGE('',*,*,#18710,.T.);
#18730=EDGE_LOOP('',(#18720,#18700));
#18740=FACE_BOUND('',#18730,.T.);
#18750=ADVANCED_FACE('',(#18590,#18740),#18440,.F.);
#18760=CARTESIAN_POINT('',(0.9116,0.299999999999999,4.14999999999992));
#18770=DIRECTION('',(-5.67472333619398E-54,2.94648481515741E-20,-1.));
#18780=DIRECTION('',(-1.,-1.92592994438725E-34,0.));
#18790=AXIS2_PLACEMENT_3D('',#18760,#18770,#18780);
#18800=PLANE('',#18790);
#18810=ORIENTED_EDGE('',*,*,#14960,.T.);
#18820=CARTESIAN_POINT('',(3.15200498876192,-0.00403805922287565,
4.14999999999989));
#18830=DIRECTION('',(-1.,-5.73254885155036E-34,1.29191872552031E-14));
#18840=VECTOR('',#18830,1.);
#18850=LINE('',#18820,#18840);
#18860=CARTESIAN_POINT('',(3.15200498876217,-0.00403805922287581,
4.14999999999985));
#18870=VERTEX_POINT('',#18860);
#18880=EDGE_CURVE('',#18870,#14880,#18850,.T.);
#18890=ORIENTED_EDGE('',*,*,#18880,.T.);
#18900=CARTESIAN_POINT('',(3.15200498876192,-0.00403805922287542,
4.14999999999988));
#18910=DIRECTION('',(-1.92592994438725E-34,1.,2.94648481515741E-20));
#18920=VECTOR('',#18910,1.);
#18930=LINE('',#18900,#18920);
#18940=EDGE_CURVE('',#18870,#5240,#18930,.T.);
#18950=ORIENTED_EDGE('',*,*,#18940,.F.);
#18960=ORIENTED_EDGE('',*,*,#5250,.T.);
#18970=EDGE_LOOP('',(#18960,#18950,#18890,#18810));
#18980=FACE_OUTER_BOUND('',#18970,.T.);
#18990=ADVANCED_FACE('',(#18980),#18800,.T.);
#19000=CARTESIAN_POINT('',(0.,19.9068722891566,0.));
#19010=DIRECTION('',(0.,1.,0.));
#19020=DIRECTION('',(0.,0.,1.));
#19030=AXIS2_PLACEMENT_3D('',#19000,#19010,#19020);
#19040=CYLINDRICAL_SURFACE('',#19030,5.5);
#19050=ORIENTED_EDGE('',*,*,#14120,.T.);
#19060=CARTESIAN_POINT('',(0.,0.799999999999983,0.));
#19070=DIRECTION('',(0.,-1.,-0.));
#19080=DIRECTION('',(0.154545454545453,0.,-0.987985679288591));
#19090=AXIS2_PLACEMENT_3D('',#19060,#19070,#19080);
#19100=CIRCLE('',#19090,5.5);
#19110=CARTESIAN_POINT('',(0.84999999999999,0.799999999999999,
5.43392123608725));
#19120=VERTEX_POINT('',#19110);
#19130=EDGE_CURVE('',#14030,#19120,#19100,.T.);
#19140=ORIENTED_EDGE('',*,*,#19130,.F.);
#19150=CARTESIAN_POINT('',(0.849999999999991,0.649999999999999,
5.43392123608725));
#19160=DIRECTION('',(0.,1.,0.));
#19170=VECTOR('',#19160,1.);
#19180=LINE('',#19150,#19170);
#19190=CARTESIAN_POINT('',(0.84999999999999,0.649999999999999,
5.43392123608725));
#19200=VERTEX_POINT('',#19190);
#19210=EDGE_CURVE('',#19200,#19120,#19180,.T.);
#19220=ORIENTED_EDGE('',*,*,#19210,.T.);
#19230=CARTESIAN_POINT('',(0.,0.649999999999999,0.));
#19240=DIRECTION('',(-0.,-1.,0.));
#19250=DIRECTION('',(-1.08398138949765E-14,0.,1.));
#19260=AXIS2_PLACEMENT_3D('',#19230,#19240,#19250);
#19270=CIRCLE('',#19260,5.5);
#19280=CARTESIAN_POINT('',(-0.850000000000009,0.649999999999999,
5.43392123608725));
#19290=VERTEX_POINT('',#19280);
#19300=EDGE_CURVE('',#19200,#19290,#19270,.T.);
#19310=ORIENTED_EDGE('',*,*,#19300,.F.);
#19320=CARTESIAN_POINT('',(-0.850000000000009,0.800000000000001,
5.43392123608725));
#19330=DIRECTION('',(0.,-1.,0.));
#19340=VECTOR('',#19330,1.);
#19350=LINE('',#19320,#19340);
#19360=CARTESIAN_POINT('',(-0.850000000000009,0.799999999999999,
5.43392123608725));
#19370=VERTEX_POINT('',#19360);
#19380=EDGE_CURVE('',#19370,#19290,#19350,.T.);
#19390=ORIENTED_EDGE('',*,*,#19380,.T.);
#19400=CARTESIAN_POINT('',(0.,0.800000000000001,0.));
#19410=DIRECTION('',(-0.,-1.,0.));
#19420=DIRECTION('',(-0.154545454545456,0.,0.987985679288591));
#19430=AXIS2_PLACEMENT_3D('',#19400,#19410,#19420);
#19440=CIRCLE('',#19430,5.5);
#19450=EDGE_CURVE('',#19370,#9370,#19440,.T.);
#19460=ORIENTED_EDGE('',*,*,#19450,.F.);
#19470=ORIENTED_EDGE('',*,*,#9380,.T.);
#19480=CARTESIAN_POINT('',(0.,1.,0.));
#19490=DIRECTION('',(0.,1.,0.));
#19500=DIRECTION('',(0.,0.,1.));
#19510=AXIS2_PLACEMENT_3D('',#19480,#19490,#19500);
#19520=CIRCLE('',#19510,5.5);
#19530=EDGE_CURVE('',#9270,#10160,#19520,.T.);
#19540=ORIENTED_EDGE('',*,*,#19530,.F.);
#19550=ORIENTED_EDGE('',*,*,#10170,.T.);
#19560=CARTESIAN_POINT('',(0.,0.800000000000001,0.));
#19570=DIRECTION('',(0.,-1.,-0.));
#19580=DIRECTION('',(-0.763636363636364,0.,-0.645646578347807));
#19590=AXIS2_PLACEMENT_3D('',#19560,#19570,#19580);
#19600=CIRCLE('',#19590,5.5);
#19610=CARTESIAN_POINT('',(-0.850000000000009,0.800000000000001,
-5.43392123608725));
#19620=VERTEX_POINT('',#19610);
#19630=EDGE_CURVE('',#10080,#19620,#19600,.T.);
#19640=ORIENTED_EDGE('',*,*,#19630,.F.);
#19650=CARTESIAN_POINT('',(-0.850000000000006,0.649999999999999,
-5.43392123608725));
#19660=DIRECTION('',(0.,1.,0.));
#19670=VECTOR('',#19660,1.);
#19680=LINE('',#19650,#19670);
#19690=CARTESIAN_POINT('',(-0.849999999999997,0.649999999999999,
-5.43392123608725));
#19700=VERTEX_POINT('',#19690);
#19710=EDGE_CURVE('',#19700,#19620,#19680,.T.);
#19720=ORIENTED_EDGE('',*,*,#19710,.T.);
#19730=CARTESIAN_POINT('',(0.,0.649999999999999,0.));
#19740=DIRECTION('',(0.,-1.,-0.));
#19750=DIRECTION('',(-0.0454545454545474,0.,-0.998966407992541));
#19760=AXIS2_PLACEMENT_3D('',#19730,#19740,#19750);
#19770=CIRCLE('',#19760,5.5);
#19780=EDGE_CURVE('',#19700,#14110,#19770,.T.);
#19790=ORIENTED_EDGE('',*,*,#19780,.F.);
#19800=EDGE_LOOP('',(#19790,#19720,#19640,#19550,#19540,#19470,#19460,
#19390,#19310,#19220,#19140,#19050));
#19810=FACE_OUTER_BOUND('',#19800,.T.);
#19820=ADVANCED_FACE('',(#19810),#19040,.T.);
#19830=CARTESIAN_POINT('',(-3.35200498876192,0.245961940777124,
5.09999999999998));
#19840=DIRECTION('',(1.,1.75555206503849E-34,5.78241158658935E-16));
#19850=DIRECTION('',(5.78241158658935E-16,2.94648481515741E-20,-1.));
#19860=AXIS2_PLACEMENT_3D('',#19830,#19840,#19850);
#19870=PLANE('',#19860);
#19880=CARTESIAN_POINT('',(-3.35200498876192,19.9068722891566,
4.85531281745216));
#19890=DIRECTION('',(0.,1.,0.));
#19900=VECTOR('',#19890,1.);
#19910=LINE('',#19880,#19900);
#19920=EDGE_CURVE('',#2950,#12580,#19910,.T.);
#19930=ORIENTED_EDGE('',*,*,#19920,.F.);
#19940=ORIENTED_EDGE('',*,*,#12590,.F.);
#19950=CARTESIAN_POINT('',(-3.35200498876193,0.245961940777124,
5.09999999999998));
#19960=DIRECTION('',(1.92592994438725E-34,-1.,-2.94648481515741E-20));
#19970=VECTOR('',#19960,1.);
#19980=LINE('',#19950,#19970);
#19990=CARTESIAN_POINT('',(-3.35200498876193,-0.0040380592228762,
5.10000000000001));
#20000=VERTEX_POINT('',#19990);
#20010=EDGE_CURVE('',#12500,#20000,#19980,.T.);
#20020=ORIENTED_EDGE('',*,*,#20010,.F.);
#20030=CARTESIAN_POINT('',(-3.35200498876191,-0.0040380592228762,
4.34999999999995));
#20040=DIRECTION('',(-5.92118946466728E-16,-2.94648481515741E-20,1.));
#20050=VECTOR('',#20040,1.);
#20060=LINE('',#20030,#20050);
#20070=CARTESIAN_POINT('',(-3.35200498876191,-0.0040380592228762,
4.34999999999996));
#20080=VERTEX_POINT('',#20070);
#20090=EDGE_CURVE('',#20080,#20000,#20060,.T.);
#20100=ORIENTED_EDGE('',*,*,#20090,.T.);
#20110=CARTESIAN_POINT('',(-3.35200498876192,-0.0040380592228762,
4.34999999999995));
#20120=DIRECTION('',(-1.92592994438725E-34,1.,2.94648481515741E-20));
#20130=VECTOR('',#20120,1.);
#20140=LINE('',#20110,#20130);
#20150=EDGE_CURVE('',#20080,#3050,#20140,.T.);
#20160=ORIENTED_EDGE('',*,*,#20150,.F.);
#20170=ORIENTED_EDGE('',*,*,#3060,.F.);
#20180=EDGE_LOOP('',(#20170,#20160,#20100,#20020,#19940,#19930));
#20190=FACE_OUTER_BOUND('',#20180,.T.);
#20200=ADVANCED_FACE('',(#20190),#19870,.F.);
#20210=CARTESIAN_POINT('',(-0.850000000000011,0.65,6.16715728752542));
#20220=DIRECTION('',(1.,0.,3.69406070154265E-16));
#20230=DIRECTION('',(3.69406070154265E-16,0.,-1.));
#20240=AXIS2_PLACEMENT_3D('',#20210,#20220,#20230);
#20250=PLANE('',#20240);
#20260=CARTESIAN_POINT('',(-0.850000000000009,0.799999999999999,
5.83845013680857));
#20270=DIRECTION('',(0.,0.,-1.));
#20280=VECTOR('',#20270,1.);
#20290=LINE('',#20260,#20280);
#20300=CARTESIAN_POINT('',(-0.850000000000009,0.800000000000001,
5.83845013680857));
#20310=VERTEX_POINT('',#20300);
#20320=EDGE_CURVE('',#20310,#19370,#20290,.T.);
#20330=ORIENTED_EDGE('',*,*,#20320,.F.);
#20340=ORIENTED_EDGE('',*,*,#19380,.F.);
#20350=CARTESIAN_POINT('',(-0.850000000000008,0.649999999999999,0.));
#20360=DIRECTION('',(-3.69406070154265E-16,-2.94648481515926E-20,1.));
#20370=VECTOR('',#20360,1.);
#20380=LINE('',#20350,#20370);
#20390=CARTESIAN_POINT('',(-0.850000000000014,0.649999999999999,
5.83845013680856));
#20400=VERTEX_POINT('',#20390);
#20410=EDGE_CURVE('',#19290,#20400,#20380,.T.);
#20420=ORIENTED_EDGE('',*,*,#20410,.F.);
#20430=CARTESIAN_POINT('',(-0.850000000000014,0.399999999999999,
5.83845013680856));
#20440=DIRECTION('',(0.,1.,0.));
#20450=VECTOR('',#20440,1.);
#20460=LINE('',#20430,#20450);
#20470=EDGE_CURVE('',#20400,#20310,#20460,.T.);
#20480=ORIENTED_EDGE('',*,*,#20470,.F.);
#20490=EDGE_LOOP('',(#20480,#20420,#20340,#20330));
#20500=FACE_OUTER_BOUND('',#20490,.T.);
#20510=ADVANCED_FACE('',(#20500),#20250,.T.);
#20520=CARTESIAN_POINT('',(-1.95200498876192,0.245961940777124,
6.0237604307034));
#20530=DIRECTION('',(0.499999999999994,2.55173070179249E-20,
-0.866025403784442));
#20540=DIRECTION('',(-0.866025403784442,5.55258836553336E-17,
-0.499999999999994));
#20550=AXIS2_PLACEMENT_3D('',#20520,#20530,#20540);
#20560=PLANE('',#20550);
#20570=ORIENTED_EDGE('',*,*,#12420,.F.);
#20580=CARTESIAN_POINT('',(-2.33956942346377,0.245961940777124,
5.79999999999996));
#20590=DIRECTION('',(1.92592994438725E-34,-1.,-2.94648481515741E-20));
#20600=VECTOR('',#20590,1.);
#20610=LINE('',#20580,#20600);
#20620=CARTESIAN_POINT('',(-2.33956942346377,-0.0040380592228762,
5.79999999999996));
#20630=VERTEX_POINT('',#20620);
#20640=EDGE_CURVE('',#12330,#20630,#20610,.T.);
#20650=ORIENTED_EDGE('',*,*,#20640,.F.);
#20660=CARTESIAN_POINT('',(-2.33956942346377,-0.0040380592228762,
5.79999999999994));
#20670=DIRECTION('',(-0.866025403784444,1.47324240757866E-20,
-0.499999999999991));
#20680=VECTOR('',#20670,1.);
#20690=LINE('',#20660,#20680);
#20700=CARTESIAN_POINT('',(-3.25200498876193,-0.0040380592228762,
5.27320508075688));
#20710=VERTEX_POINT('',#20700);
#20720=EDGE_CURVE('',#20630,#20710,#20690,.T.);
#20730=ORIENTED_EDGE('',*,*,#20720,.F.);
#20740=CARTESIAN_POINT('',(-3.25200498876194,-0.0040380592228762,
5.27320508075687));
#20750=DIRECTION('',(-1.92592994438725E-34,1.,2.94648481515741E-20));
#20760=VECTOR('',#20750,1.);
#20770=LINE('',#20740,#20760);
#20780=EDGE_CURVE('',#20710,#12410,#20770,.T.);
#20790=ORIENTED_EDGE('',*,*,#20780,.F.);
#20800=EDGE_LOOP('',(#20790,#20730,#20650,#20570));
#20810=FACE_OUTER_BOUND('',#20800,.T.);
#20820=ADVANCED_FACE('',(#20810),#20560,.F.);
#20830=CARTESIAN_POINT('',(1.53200498876192,0.245961940777126,
5.59999999999998));
#20840=DIRECTION('',(-1.92592994438725E-34,1.,-9.95276753369398E-16));
#20850=DIRECTION('',(1.,1.92592994438725E-34,0.));
#20860=AXIS2_PLACEMENT_3D('',#20830,#20840,#20850);
#20870=CYLINDRICAL_SURFACE('',#20860,0.200000000000003);
#20880=ORIENTED_EDGE('',*,*,#4500,.F.);
#20890=CARTESIAN_POINT('',(1.3846440143936,19.9068722891566,
5.73522109019382));
#20900=DIRECTION('',(0.,1.,0.));
#20910=VECTOR('',#20900,1.);
#20920=LINE('',#20890,#20910);
#20930=EDGE_CURVE('',#4400,#17950,#20920,.T.);
#20940=ORIENTED_EDGE('',*,*,#20930,.F.);
#20950=ORIENTED_EDGE('',*,*,#17960,.F.);
#20960=ORIENTED_EDGE('',*,*,#17620,.T.);
#20970=CARTESIAN_POINT('',(1.53200498876192,-0.00403805922287453,
5.59999999999998));
#20980=DIRECTION('',(-2.88465613413017E-28,-1.,1.11019355977699E-15));
#20990=DIRECTION('',(-2.51021425867744E-12,1.11019355977699E-15,1.));
#21000=AXIS2_PLACEMENT_3D('',#20970,#20980,#20990);
#21010=CIRCLE('',#21000,0.200000000000003);
#21020=CARTESIAN_POINT('',(1.33200498876191,-0.00403805922287437,
5.59999999999996));
#21030=VERTEX_POINT('',#21020);
#21040=EDGE_CURVE('',#17550,#21030,#21010,.T.);
#21050=ORIENTED_EDGE('',*,*,#21040,.F.);
#21060=CARTESIAN_POINT('',(1.33200498876191,0.245961940777126,
5.59999999999998));
#21070=DIRECTION('',(1.92592994438725E-34,-1.,-2.94648481515741E-20));
#21080=VECTOR('',#21070,1.);
#21090=LINE('',#21060,#21080);
#21100=EDGE_CURVE('',#4490,#21030,#21090,.T.);
#21110=ORIENTED_EDGE('',*,*,#21100,.T.);
#21120=EDGE_LOOP('',(#21110,#21050,#20960,#20950,#20940,#20880));
#21130=FACE_OUTER_BOUND('',#21120,.T.);
#21140=ADVANCED_FACE('',(#21130),#20870,.T.);
#21150=CARTESIAN_POINT('',(-1.48,48.7764673861454,0.));
#21160=DIRECTION('',(0.,1.,0.));
#21170=DIRECTION('',(0.,0.,-1.));
#21180=AXIS2_PLACEMENT_3D('',#21150,#21160,#21170);
#21190=CONICAL_SURFACE('',#21180,1.,0.0174532925199433);
#21200=CARTESIAN_POINT('',(-1.48,-0.86998993147395,-0.133417864064969));
#21210=CARTESIAN_POINT('',(-1.49127327141083,-0.850489979989473,
-0.133758236984228));
#21220=CARTESIAN_POINT('',(-1.51306787731558,-0.813178921066166,
-0.131580886447302));
#21230=CARTESIAN_POINT('',(-1.54301906577639,-0.762946357152452,
-0.121086604428667));
#21240=CARTESIAN_POINT('',(-1.56957979329909,-0.719422648300447,
-0.103987847626057));
#21250=CARTESIAN_POINT('',(-1.59158129032467,-0.68347776025307,
-0.0810943412075795));
#21260=CARTESIAN_POINT('',(-1.60860908251528,-0.65664792380731,
-0.0518710711577144));
#21270=CARTESIAN_POINT('',(-1.61837771546268,-0.640873839470594,
-0.0155024366901436));
#21280=CARTESIAN_POINT('',(-1.61709621354182,-0.642996536843209,
0.0234684683048298));
#21290=CARTESIAN_POINT('',(-1.60599726436442,-0.660820559869791,
0.057303573752978));
#21300=CARTESIAN_POINT('',(-1.58895801524604,-0.687626579214472,
0.0842761394017354));
#21310=CARTESIAN_POINT('',(-1.5673065730237,-0.723184493609326,
0.105718320108009));
#21320=CARTESIAN_POINT('',(-1.54123373640186,-0.765905777061004,
0.121869343049338));
#21330=CARTESIAN_POINT('',(-1.51200686912462,-0.814999887691155,
0.131735670249015));
#21340=CARTESIAN_POINT('',(-1.49089453926578,-0.851145092262116,
0.133746801956974));
#21350=CARTESIAN_POINT('',(-1.48,-0.86998993147395,0.133417864064969));
#21360=B_SPLINE_CURVE_WITH_KNOTS('',3,(#21200,#21210,#21220,#21230,
#21240,#21250,#21260,#21270,#21280,#21290,#21300,#21310,#21320,#21330,
#21340,#21350),.UNSPECIFIED.,.F.,.F.,(4,1,1,1,1,1,1,1,1,1,1,1,1,4),(0.,
0.0769230769230769,0.153846153846154,0.230769230769231,0.307692307692308
,0.384615384615385,0.461538461538462,0.538461538461539,0.615384615384615
,0.692307692307692,0.769230769230769,0.846153846153846,0.923076923076923
,1.),.UNSPECIFIED.);
#21370=CARTESIAN_POINT('',(-1.48,-0.86998993147395,-0.133417864064969));
#21380=VERTEX_POINT('',#21370);
#21390=CARTESIAN_POINT('',(-1.48,-0.86998993147395,0.133417864064969));
#21400=VERTEX_POINT('',#21390);
#21410=EDGE_CURVE('',#21380,#21400,#21360,.T.);
#21420=ORIENTED_EDGE('',*,*,#21410,.T.);
#21430=CARTESIAN_POINT('',(-1.45686443485415,-0.91032532191819,
-0.130681675258838));
#21440=CARTESIAN_POINT('',(-1.45940051491942,-0.905868565643548,
-0.13120965935967));
#21450=CARTESIAN_POINT('',(-1.46449785950256,-0.896934571395481,
-0.132116625728185));
#21460=CARTESIAN_POINT('',(-1.47221274189564,-0.883483652470789,
-0.133030174627404));
#21470=CARTESIAN_POINT('',(-1.4773979561644,-0.874490819167117,
-0.13333930077805));
#21480=CARTESIAN_POINT('',(-1.48,-0.86998993147395,-0.133417864064969));
#21490=B_SPLINE_CURVE_WITH_KNOTS('',3,(#21430,#21440,#21450,#21460,
#21470,#21480),.UNSPECIFIED.,.F.,.F.,(4,1,1,4),(0.,0.333333333333333,
0.666666666666667,1.),.UNSPECIFIED.);
#21500=CARTESIAN_POINT('',(-1.45686443485399,-0.910325321918081,
-0.130681675258811));
#21510=VERTEX_POINT('',#21500);
#21520=EDGE_CURVE('',#21510,#21380,#21490,.T.);
#21530=ORIENTED_EDGE('',*,*,#21520,.T.);
#21540=CARTESIAN_POINT('',(-1.47239864864865,0.0800000000000018,
-0.149807274381564));
#21550=CARTESIAN_POINT('',(-1.47069068264896,-0.0288849426699426,
-0.147817571862166));
#21560=CARTESIAN_POINT('',(-1.46724093252688,-0.247422367663234,
-0.143757728138395));
#21570=CARTESIAN_POINT('',(-1.46203587995288,-0.577530875207062,
-0.137395987779668));
#21580=CARTESIAN_POINT('',(-1.45860850540731,-0.799138669357083,
-0.132961390947524));
#21590=CARTESIAN_POINT('',(-1.45686443485415,-0.91032532191819,
-0.130681675258838));
#21600=B_SPLINE_CURVE_WITH_KNOTS('',3,(#21540,#21550,#21560,#21570,
#21580,#21590),.UNSPECIFIED.,.F.,.F.,(4,1,1,4),(0.,0.333333333333333,
0.666666666666667,1.),.UNSPECIFIED.);
#21610=EDGE_CURVE('',#1550,#21510,#21600,.T.);
#21620=ORIENTED_EDGE('',*,*,#21610,.T.);
#21630=ORIENTED_EDGE('',*,*,#1560,.F.);
#21640=CARTESIAN_POINT('',(-1.47239864864865,0.0799999999999841,
0.149807274381564));
#21650=CARTESIAN_POINT('',(-1.47067433436746,-0.02992716581387,
0.147798526859576));
#21660=CARTESIAN_POINT('',(-1.46725540711399,-0.249849035139943,
0.143404342802359));
#21670=CARTESIAN_POINT('',(-1.46207761660736,-0.579957200242177,
0.137018766993438));
#21680=CARTESIAN_POINT('',(-1.45859216076224,-0.800180660658907,
0.13294002647735));
#21690=CARTESIAN_POINT('',(-1.45686443485391,-0.910325321918194,
0.130681675258796));
#21700=B_SPLINE_CURVE_WITH_KNOTS('',3,(#21640,#21650,#21660,#21670,
#21680,#21690),.UNSPECIFIED.,.F.,.F.,(4,1,1,4),(0.,0.333333333333333,
0.666666666666667,1.),.UNSPECIFIED.);
#21710=CARTESIAN_POINT('',(-1.45686443485391,-0.910325321918208,
0.130681675258795));
#21720=VERTEX_POINT('',#21710);
#21730=EDGE_CURVE('',#1460,#21720,#21700,.T.);
#21740=ORIENTED_EDGE('',*,*,#21730,.F.);
#21750=CARTESIAN_POINT('',(-1.48,-0.86998993147395,0.133417864064969));
#21760=CARTESIAN_POINT('',(-1.47739795617027,-0.87449081915695,
0.133339300778228));
#21770=CARTESIAN_POINT('',(-1.47221274146999,-0.88348365218973,
0.133030174597931));
#21780=CARTESIAN_POINT('',(-1.46449786017081,-0.896934571545191,
0.132116625798385));
#21790=CARTESIAN_POINT('',(-1.45940051496331,-0.905868565566006,
0.131209659368818));
#21800=CARTESIAN_POINT('',(-1.45686443485391,-0.910325321918183,
0.130681675258796));
#21810=B_SPLINE_CURVE_WITH_KNOTS('',3,(#21750,#21760,#21770,#21780,
#21790,#21800),.UNSPECIFIED.,.F.,.F.,(4,1,1,4),(0.,0.333333333333333,
0.666666666666667,1.),.UNSPECIFIED.);
#21820=EDGE_CURVE('',#21400,#21720,#21810,.T.);
#21830=ORIENTED_EDGE('',*,*,#21820,.T.);
#21840=EDGE_LOOP('',(#21830,#21740,#21630,#21620,#21530,#21420));
#21850=FACE_OUTER_BOUND('',#21840,.T.);
#21860=ADVANCED_FACE('',(#21850),#21190,.T.);
#21870=CARTESIAN_POINT('',(-3.25200498876192,0.245961940777124,
-5.27320508075697));
#21880=DIRECTION('',(0.49999999999999,-2.55173070179142E-20,
0.866025403784445));
#21890=DIRECTION('',(0.866025403784445,1.47324240757869E-20,
-0.49999999999999));
#21900=AXIS2_PLACEMENT_3D('',#21870,#21880,#21890);
#21910=PLANE('',#21900);
#21920=CARTESIAN_POINT('',(-2.33956942346376,0.245961940777124,
-5.80000000000002));
#21930=DIRECTION('',(-0.866025403784438,-1.47324240757873E-20,
0.500000000000002));
#21940=VECTOR('',#21930,1.);
#21950=LINE('',#21920,#21940);
#21960=CARTESIAN_POINT('',(-2.33956942346377,0.245961940777124,
-5.80000000000002));
#21970=VERTEX_POINT('',#21960);
#21980=EDGE_CURVE('',#21970,#16220,#21950,.T.);
#21990=ORIENTED_EDGE('',*,*,#21980,.F.);
#22000=ORIENTED_EDGE('',*,*,#16480,.F.);
#22010=CARTESIAN_POINT('',(-3.25200498876188,-0.0040380592228762,
-5.27320508075696));
#22020=DIRECTION('',(0.866025403784437,1.47324240757873E-20,
-0.500000000000003));
#22030=VECTOR('',#22020,1.);
#22040=LINE('',#22010,#22030);
#22050=CARTESIAN_POINT('',(-2.33956942346377,-0.00403805922287609,
-5.80000000000003));
#22060=VERTEX_POINT('',#22050);
#22070=EDGE_CURVE('',#16410,#22060,#22040,.T.);
#22080=ORIENTED_EDGE('',*,*,#22070,.F.);
#22090=CARTESIAN_POINT('',(-2.33956942346376,0.245961940777124,
-5.80000000000003));
#22100=DIRECTION('',(1.92592994438725E-34,-1.,-2.94648481515741E-20));
#22110=VECTOR('',#22100,1.);
#22120=LINE('',#22090,#22110);
#22130=EDGE_CURVE('',#21970,#22060,#22120,.T.);
#22140=ORIENTED_EDGE('',*,*,#22130,.T.);
#22150=EDGE_LOOP('',(#22140,#22080,#22000,#21990));
#22160=FACE_OUTER_BOUND('',#22150,.T.);
#22170=ADVANCED_FACE('',(#22160),#21910,.F.);
#22180=CARTESIAN_POINT('',(-0.850000000000001,0.649999999999999,
-6.16715728752544));
#22190=DIRECTION('',(1.,1.99869085004471E-34,-2.46941390239535E-16));
#22200=DIRECTION('',(-2.46941390239535E-16,2.94648481515741E-20,-1.));
#22210=AXIS2_PLACEMENT_3D('',#22180,#22190,#22200);
#22220=PLANE('',#22210);
#22230=CARTESIAN_POINT('',(-0.850000000000001,0.399999999999999,
-6.00000000000001));
#22240=DIRECTION('',(2.89623397728307E-16,-2.94648481515741E-20,1.));
#22250=VECTOR('',#22240,1.);
#22260=LINE('',#22230,#22250);
#22270=CARTESIAN_POINT('',(-0.850000000000001,0.399999999999999,
-6.00000000000001));
#22280=VERTEX_POINT('',#22270);
#22290=EDGE_CURVE('',#22280,#10730,#22260,.T.);
#22300=ORIENTED_EDGE('',*,*,#22290,.T.);
#22310=CARTESIAN_POINT('',(-0.85,0.399999999999999,-6.00000000000001));
#22320=DIRECTION('',(-1.92592994438725E-34,1.,2.94648481515741E-20));
#22330=VECTOR('',#22320,1.);
#22340=LINE('',#22310,#22330);
#22350=CARTESIAN_POINT('',(-0.85,0.649999999999999,-6.00000000000001));
#22360=VERTEX_POINT('',#22350);
#22370=EDGE_CURVE('',#22280,#22360,#22340,.T.);
#22380=ORIENTED_EDGE('',*,*,#22370,.F.);
#22390=CARTESIAN_POINT('',(-0.85,0.649999999999999,-6.00000000000001));
#22400=DIRECTION('',(5.67472333619398E-54,-2.94648481515741E-20,1.));
#22410=VECTOR('',#22400,1.);
#22420=LINE('',#22390,#22410);
#22430=EDGE_CURVE('',#22360,#10810,#22420,.T.);
#22440=ORIENTED_EDGE('',*,*,#22430,.F.);
#22450=ORIENTED_EDGE('',*,*,#10820,.T.);
#22460=EDGE_LOOP('',(#22450,#22440,#22380,#22300));
#22470=FACE_OUTER_BOUND('',#22460,.T.);
#22480=ADVANCED_FACE('',(#22470),#22220,.F.);
#22490=CARTESIAN_POINT('',(0.,-27.4191815827645,0.));
#22500=DIRECTION('',(0.,1.,0.));
#22510=DIRECTION('',(0.,0.,-1.));
#22520=AXIS2_PLACEMENT_3D('',#22490,#22500,#22510);
#22530=CONICAL_SURFACE('',#22520,1.,0.0174532925199433);
#22540=CARTESIAN_POINT('',(1.47239864864865,0.0799999999999841,
-0.149807274381564));
#22550=CARTESIAN_POINT('',(1.47067433436744,-0.0299271658153362,
-0.147798526859549));
#22560=CARTESIAN_POINT('',(1.46725540711356,-0.249849035143421,
-0.143404342806122));
#22570=CARTESIAN_POINT('',(1.46207761660676,-0.579957200245795,
-0.137018766999133));
#22580=CARTESIAN_POINT('',(1.45859216076134,-0.800180660660482,
-0.132940026486905));
#22590=CARTESIAN_POINT('',(1.45686443485305,-0.910325321918194,
-0.130681675268399));
#22600=B_SPLINE_CURVE_WITH_KNOTS('',3,(#22540,#22550,#22560,#22570,
#22580,#22590),.UNSPECIFIED.,.F.,.F.,(4,1,1,4),(0.,0.333333333333333,
0.666666666666667,1.),.UNSPECIFIED.);
#22610=CARTESIAN_POINT('',(1.45686443485305,-0.910325321918208,
-0.1306816752684));
#22620=VERTEX_POINT('',#22610);
#22630=EDGE_CURVE('',#1100,#22620,#22600,.T.);
#22640=ORIENTED_EDGE('',*,*,#22630,.T.);
#22650=ORIENTED_EDGE('',*,*,#1110,.F.);
#22660=CARTESIAN_POINT('',(0.149807274381564,0.0800000000000018,
-1.47239864864865));
#22670=CARTESIAN_POINT('',(0.147817571862152,-0.0288849426707277,
-1.47069068264895));
#22680=CARTESIAN_POINT('',(0.14375772813836,-0.247422367665068,
-1.46724093252687));
#22690=CARTESIAN_POINT('',(0.137395987779631,-0.577530875208909,
-1.46203587995282));
#22700=CARTESIAN_POINT('',(0.13296139094747,-0.799138669357886,
-1.45860850540706));
#22710=CARTESIAN_POINT('',(0.130681675258795,-0.910325321918212,
-1.45686443485391));
#22720=B_SPLINE_CURVE_WITH_KNOTS('',3,(#22660,#22670,#22680,#22690,
#22700,#22710),.UNSPECIFIED.,.F.,.F.,(4,1,1,4),(0.,0.333333333333333,
0.666666666666667,1.),.UNSPECIFIED.);
#22730=CARTESIAN_POINT('',(0.130681675258795,-0.910325321918212,
-1.45686443485391));
#22740=VERTEX_POINT('',#22730);
#22750=EDGE_CURVE('',#990,#22740,#22720,.T.);
#22760=ORIENTED_EDGE('',*,*,#22750,.F.);
#22770=CARTESIAN_POINT('',(0.,-0.91032532191818,0.));
#22780=DIRECTION('',(0.,1.,0.));
#22790=DIRECTION('',(0.996001013784111,0.,-0.0893419304751301));
#22800=AXIS2_PLACEMENT_3D('',#22770,#22780,#22790);
#22810=CIRCLE('',#22800,1.46271380720586);
#22820=EDGE_CURVE('',#22620,#22740,#22810,.T.);
#22830=ORIENTED_EDGE('',*,*,#22820,.T.);
#22840=EDGE_LOOP('',(#22830,#22760,#22650,#22640));
#22850=FACE_OUTER_BOUND('',#22840,.T.);
#22860=ADVANCED_FACE('',(#22850),#22530,.T.);
#22870=CARTESIAN_POINT('',(-1.53200498876192,0.245961940777124,
-5.80000000000004));
#22880=DIRECTION('',(8.89601782552209E-15,-2.94648481515741E-20,1.));
#22890=DIRECTION('',(1.,4.5471280882143E-34,-8.89601782552209E-15));
#22900=AXIS2_PLACEMENT_3D('',#22870,#22880,#22890);
#22910=PLANE('',#22900);
#22920=CARTESIAN_POINT('',(-1.53200498876192,0.245961940777124,
-5.80000000000002));
#22930=DIRECTION('',(-1.,-1.92592994438725E-34,0.));
#22940=VECTOR('',#22930,1.);
#22950=LINE('',#22920,#22940);
#22960=CARTESIAN_POINT('',(-1.53200498876192,0.245961940777124,
-5.80000000000001));
#22970=VERTEX_POINT('',#22960);
#22980=EDGE_CURVE('',#22970,#21970,#22950,.T.);
#22990=ORIENTED_EDGE('',*,*,#22980,.F.);
#23000=ORIENTED_EDGE('',*,*,#22130,.F.);
#23010=CARTESIAN_POINT('',(-1.53200498876192,-0.0040380592228762,
-5.80000000000004));
#23020=DIRECTION('',(-1.,-4.51842076180479E-34,8.79858875932828E-15));
#23030=VECTOR('',#23020,1.);
#23040=LINE('',#23010,#23030);
#23050=CARTESIAN_POINT('',(-1.53200498876191,-0.0040380592228762,
-5.80000000000004));
#23060=VERTEX_POINT('',#23050);
#23070=EDGE_CURVE('',#23060,#22060,#23040,.T.);
#23080=ORIENTED_EDGE('',*,*,#23070,.T.);
#23090=CARTESIAN_POINT('',(-1.53200498876192,-0.00403805922287614,
-5.80000000000001));
#23100=DIRECTION('',(-1.92592994438725E-34,1.,2.94648481515741E-20));
#23110=VECTOR('',#23100,1.);
#23120=LINE('',#23090,#23110);
#23130=EDGE_CURVE('',#23060,#22970,#23120,.T.);
#23140=ORIENTED_EDGE('',*,*,#23130,.F.);
#23150=EDGE_LOOP('',(#23140,#23080,#23000,#22990));
#23160=FACE_OUTER_BOUND('',#23150,.T.);
#23170=ADVANCED_FACE('',(#23160),#22910,.F.);
#23180=CARTESIAN_POINT('',(-1.50203416229077,0.345961940777124,
-5.05733198504072));
#23190=DIRECTION('',(5.67472333619398E-54,-2.94648481515741E-20,1.));
#23200=DIRECTION('',(1.,1.92592994438725E-34,0.));
#23210=AXIS2_PLACEMENT_3D('',#23180,#23190,#23200);
#23220=CYLINDRICAL_SURFACE('',#23210,0.35);
#23230=ORIENTED_EDGE('',*,*,#18340,.F.);
#23240=CARTESIAN_POINT('',(-1.50203416229077,-0.00403805922287609,
-4.15000000000005));
#23250=DIRECTION('',(-5.67472333619398E-54,2.94648481515741E-20,-1.));
#23260=VECTOR('',#23250,1.);
#23270=LINE('',#23240,#23260);
#23280=CARTESIAN_POINT('',(-1.50203416229077,-0.0040380592228762,
-4.15000000000005));
#23290=VERTEX_POINT('',#23280);
#23300=EDGE_CURVE('',#23290,#18260,#23270,.T.);
#23310=ORIENTED_EDGE('',*,*,#23300,.T.);
#23320=CARTESIAN_POINT('',(-1.50203416229077,0.345961940777124,
-4.15000000000005));
#23330=DIRECTION('',(5.67472333619398E-54,-2.94648481515741E-20,1.));
#23340=DIRECTION('',(1.92592994438725E-34,-1.,-2.94648481515741E-20));
#23350=AXIS2_PLACEMENT_3D('',#23320,#23330,#23340);
#23360=CIRCLE('',#23350,0.35);
#23370=EDGE_CURVE('',#23290,#7690,#23360,.T.);
#23380=ORIENTED_EDGE('',*,*,#23370,.F.);
#23390=ORIENTED_EDGE('',*,*,#7700,.T.);
#23400=EDGE_LOOP('',(#23390,#23380,#23310,#23230));
#23410=FACE_OUTER_BOUND('',#23400,.T.);
#23420=ADVANCED_FACE('',(#23410),#23220,.T.);
#23430=CARTESIAN_POINT('',(1.05,2.63647852397735,5.96930890298494));
#23440=DIRECTION('',(1.,0.,0.));
#23450=DIRECTION('',(0.,0.,-1.));
#23460=AXIS2_PLACEMENT_3D('',#23430,#23440,#23450);
#23470=PLANE('',#23460);
#23480=ORIENTED_EDGE('',*,*,#4320,.F.);
#23490=CARTESIAN_POINT('',(1.05,0.,5.2));
#23500=DIRECTION('',(0.,1.,0.));
#23510=VECTOR('',#23500,1.);
#23520=LINE('',#23490,#23510);
#23530=CARTESIAN_POINT('',(1.05,0.399999999999999,5.2));
#23540=VERTEX_POINT('',#23530);
#23550=EDGE_CURVE('',#4230,#23540,#23520,.T.);
#23560=ORIENTED_EDGE('',*,*,#23550,.F.);
#23570=CARTESIAN_POINT('',(1.05,0.399999999999999,5.80581604944559));
#23580=DIRECTION('',(0.,0.,-1.));
#23590=VECTOR('',#23580,1.);
#23600=LINE('',#23570,#23590);
#23610=CARTESIAN_POINT('',(1.05,0.399999999999999,5.80581604944558));
#23620=VERTEX_POINT('',#23610);
#23630=EDGE_CURVE('',#23620,#23540,#23600,.T.);
#23640=ORIENTED_EDGE('',*,*,#23630,.T.);
#23650=CARTESIAN_POINT('',(1.05,0.399999999999999,5.80581604944559));
#23660=DIRECTION('',(0.,-1.,0.));
#23670=VECTOR('',#23660,1.);
#23680=LINE('',#23650,#23670);
#23690=EDGE_CURVE('',#23620,#4310,#23680,.T.);
#23700=ORIENTED_EDGE('',*,*,#23690,.F.);
#23710=EDGE_LOOP('',(#23700,#23640,#23560,#23480));
#23720=FACE_OUTER_BOUND('',#23710,.T.);
#23730=ADVANCED_FACE('',(#23720),#23470,.F.);
#23740=CARTESIAN_POINT('',(1.50203416229076,0.345961940777116,
-3.74266801495933));
#23750=DIRECTION('',(-7.78465783720452E-16,-9.95276753369398E-16,-1.));
#23760=DIRECTION('',(1.89583336273677E-31,1.,-9.95276753369398E-16));
#23770=AXIS2_PLACEMENT_3D('',#23740,#23750,#23760);
#23780=CYLINDRICAL_SURFACE('',#23770,0.35);
#23790=CARTESIAN_POINT('',(1.50203416229076,0.345961940777116,
-4.15000000000005));
#23800=DIRECTION('',(-1.0842021724855E-16,1.08390752400399E-16,1.));
#23810=DIRECTION('',(-0.707106781186549,-0.707106781186546,
-2.08347939346099E-20));
#23820=AXIS2_PLACEMENT_3D('',#23790,#23800,#23810);
#23830=CIRCLE('',#23820,0.35);
#23840=CARTESIAN_POINT('',(1.50203416229076,-0.00403805922288408,
-4.15000000000005));
#23850=VERTEX_POINT('',#23840);
#23860=EDGE_CURVE('',#5750,#23850,#23830,.T.);
#23870=ORIENTED_EDGE('',*,*,#23860,.F.);
#23880=CARTESIAN_POINT('',(1.50203416229076,-0.00403805922288469,
-4.65000000000005));
#23890=DIRECTION('',(8.88178419700124E-16,9.99171257314488E-16,1.));
#23900=VECTOR('',#23890,1.);
#23910=LINE('',#23880,#23900);
#23920=CARTESIAN_POINT('',(1.50203416229076,-0.00403805922288469,
-4.65000000000005));
#23930=VERTEX_POINT('',#23920);
#23940=EDGE_CURVE('',#23930,#23850,#23910,.T.);
#23950=ORIENTED_EDGE('',*,*,#23940,.T.);
#23960=CARTESIAN_POINT('',(1.50203416229076,0.345961940777115,
-4.65000000000006));
#23970=DIRECTION('',(-7.78465783720452E-16,2.94648481515741E-20,-1.));
#23980=DIRECTION('',(1.92592994438725E-34,-1.,-2.94648481515741E-20));
#23990=AXIS2_PLACEMENT_3D('',#23960,#23970,#23980);
#24000=CIRCLE('',#23990,0.35);
#24010=EDGE_CURVE('',#23930,#5830,#24000,.T.);
#24020=ORIENTED_EDGE('',*,*,#24010,.F.);
#24030=ORIENTED_EDGE('',*,*,#5840,.T.);
#24040=EDGE_LOOP('',(#24030,#24020,#23950,#23870));
#24050=FACE_OUTER_BOUND('',#24040,.T.);
#24060=ADVANCED_FACE('',(#24050),#23780,.T.);
#24070=CARTESIAN_POINT('',(1.53200498876192,0.245961940777125,
5.35000000000001));
#24080=DIRECTION('',(-1.92592994438725E-34,1.,-9.95276753369398E-16));
#24090=DIRECTION('',(1.,1.92592994438725E-34,0.));
#24100=AXIS2_PLACEMENT_3D('',#24070,#24080,#24090);
#24110=CYLINDRICAL_SURFACE('',#24100,0.199999999999997);
#24120=ORIENTED_EDGE('',*,*,#4670,.F.);
#24130=CARTESIAN_POINT('',(1.33200498876192,-0.00403805922287459,
5.35000000000001));
#24140=DIRECTION('',(-1.92592994438725E-34,1.,2.94648481515741E-20));
#24150=VECTOR('',#24140,1.);
#24160=LINE('',#24130,#24150);
#24170=CARTESIAN_POINT('',(1.33200498876192,-0.00403805922287459,
5.35000000000001));
#24180=VERTEX_POINT('',#24170);
#24190=EDGE_CURVE('',#24180,#4570,#24160,.T.);
#24200=ORIENTED_EDGE('',*,*,#24190,.T.);
#24210=CARTESIAN_POINT('',(1.53200498876192,-0.00403805922287459,
5.35000000000001));
#24220=DIRECTION('',(8.84028763313627E-30,-1.,9.95276753369398E-16));
#24230=DIRECTION('',(-1.,-4.54293417118421E-34,8.88178419700137E-15));
#24240=AXIS2_PLACEMENT_3D('',#24210,#24220,#24230);
#24250=CIRCLE('',#24240,0.199999999999997);
#24260=CARTESIAN_POINT('',(1.39058363252459,-0.00403805922287476,
5.20857864376272));
#24270=VERTEX_POINT('',#24260);
#24280=EDGE_CURVE('',#24180,#24270,#24250,.T.);
#24290=ORIENTED_EDGE('',*,*,#24280,.F.);
#24300=CARTESIAN_POINT('',(1.3905836325246,0.245961940777125,
5.20857864376272));
#24310=DIRECTION('',(1.92592994438725E-34,-1.,-2.94648481515741E-20));
#24320=VECTOR('',#24310,1.);
#24330=LINE('',#24300,#24320);
#24340=EDGE_CURVE('',#4660,#24270,#24330,.T.);
#24350=ORIENTED_EDGE('',*,*,#24340,.T.);
#24360=EDGE_LOOP('',(#24350,#24290,#24200,#24120));
#24370=FACE_OUTER_BOUND('',#24360,.T.);
#24380=ADVANCED_FACE('',(#24370),#24110,.T.);
#24390=CARTESIAN_POINT('',(-3.15200498876191,0.245961940777124,
-4.35000000000003));
#24400=DIRECTION('',(-1.92592994438725E-34,1.,2.94648481515741E-20));
#24410=DIRECTION('',(1.,1.92592994438725E-34,0.));
#24420=AXIS2_PLACEMENT_3D('',#24390,#24400,#24410);
#24430=CYLINDRICAL_SURFACE('',#24420,0.200000000000003);
#24440=ORIENTED_EDGE('',*,*,#7870,.F.);
#24450=CARTESIAN_POINT('',(-3.15200498876191,-0.0040380592228762,
-4.15000000000003));
#24460=DIRECTION('',(-1.92592994438725E-34,1.,2.94648481515741E-20));
#24470=VECTOR('',#24460,1.);
#24480=LINE('',#24450,#24470);
#24490=CARTESIAN_POINT('',(-3.15200498876191,-0.0040380592228762,
-4.15000000000005));
#24500=VERTEX_POINT('',#24490);
#24510=EDGE_CURVE('',#24500,#7770,#24480,.T.);
#24520=ORIENTED_EDGE('',*,*,#24510,.T.);
#24530=CARTESIAN_POINT('',(-3.15200498876191,-0.0040380592228762,
-4.35000000000003));
#24540=DIRECTION('',(1.92592994438725E-34,-1.,-2.94648481515741E-20));
#24550=DIRECTION('',(5.67472333619398E-54,-2.94648481515741E-20,1.));
#24560=AXIS2_PLACEMENT_3D('',#24530,#24540,#24550);
#24570=CIRCLE('',#24560,0.200000000000003);
#24580=CARTESIAN_POINT('',(-3.35200498876192,-0.0040380592228762,
-4.35000000000003));
#24590=VERTEX_POINT('',#24580);
#24600=EDGE_CURVE('',#24500,#24590,#24570,.T.);
#24610=ORIENTED_EDGE('',*,*,#24600,.F.);
#24620=CARTESIAN_POINT('',(-3.35200498876192,0.245961940777124,
-4.35000000000003));
#24630=DIRECTION('',(1.92592994438725E-34,-1.,-2.94648481515741E-20));
#24640=VECTOR('',#24630,1.);
#24650=LINE('',#24620,#24640);
#24660=EDGE_CURVE('',#7860,#24590,#24650,.T.);
#24670=ORIENTED_EDGE('',*,*,#24660,.T.);
#24680=EDGE_LOOP('',(#24670,#24610,#24520,#24440));
#24690=FACE_OUTER_BOUND('',#24680,.T.);
#24700=ADVANCED_FACE('',(#24690),#24430,.T.);
#24710=CARTESIAN_POINT('',(3.25200498876191,0.245961940777125,
5.27320508075684));
#24720=DIRECTION('',(-0.499999999999997,-8.88152902393107E-16,
-0.86602540378444));
#24730=DIRECTION('',(-0.86602540378444,4.99585628657244E-16,
0.499999999999997));
#24740=AXIS2_PLACEMENT_3D('',#24710,#24720,#24730);
#24750=PLANE('',#24740);
#24760=ORIENTED_EDGE('',*,*,#17860,.F.);
#24770=CARTESIAN_POINT('',(3.2520049887619,0.245961940777126,
5.27320508075682));
#24780=DIRECTION('',(1.92592994438725E-34,-1.,-2.94648481515741E-20));
#24790=VECTOR('',#24780,1.);
#24800=LINE('',#24770,#24790);
#24810=CARTESIAN_POINT('',(3.25200498876189,-0.0040380592228747,
5.27320508075683));
#24820=VERTEX_POINT('',#24810);
#24830=EDGE_CURVE('',#17790,#24820,#24800,.T.);
#24840=ORIENTED_EDGE('',*,*,#24830,.F.);
#24850=CARTESIAN_POINT('',(3.25200498876187,-0.0040380592228747,
5.27320508075683));
#24860=DIRECTION('',(-0.866025403784434,5.26861564247649E-16,
0.500000000000008));
#24870=VECTOR('',#24860,1.);
#24880=LINE('',#24850,#24870);
#24890=EDGE_CURVE('',#24820,#17470,#24880,.T.);
#24900=ORIENTED_EDGE('',*,*,#24890,.F.);
#24910=ORIENTED_EDGE('',*,*,#17480,.T.);
#24920=EDGE_LOOP('',(#24910,#24900,#24840,#24760));
#24930=FACE_OUTER_BOUND('',#24920,.T.);
#24940=ADVANCED_FACE('',(#24930),#24750,.F.);
#24950=CARTESIAN_POINT('',(1.88200498876192,0.245961940777125,
4.84999999999995));
#24960=DIRECTION('',(-1.92592994438725E-34,1.,-9.95276753369398E-16));
#24970=DIRECTION('',(1.,1.92592994438725E-34,0.));
#24980=AXIS2_PLACEMENT_3D('',#24950,#24960,#24970);
#24990=CYLINDRICAL_SURFACE('',#24980,0.199999999999992);
#25000=CARTESIAN_POINT('',(1.88200498876192,0.245961940777125,
4.64999999999996));
#25010=DIRECTION('',(1.92592994438725E-34,-1.,-2.94648481515741E-20));
#25020=VECTOR('',#25010,1.);
#25030=LINE('',#25000,#25020);
#25040=CARTESIAN_POINT('',(1.88200498876192,-0.00403805922287531,
4.64999999999997));
#25050=VERTEX_POINT('',#25040);
#25060=EDGE_CURVE('',#5000,#25050,#25030,.T.);
#25070=ORIENTED_EDGE('',*,*,#25060,.T.);
#25080=ORIENTED_EDGE('',*,*,#5010,.T.);
#25090=ORIENTED_EDGE('',*,*,#13850,.T.);
#25100=CARTESIAN_POINT('',(1.88200498876192,-0.00403805922287498,
4.84999999999995));
#25110=DIRECTION('',(-1.92592994438725E-34,1.,-1.11019355977705E-15));
#25120=DIRECTION('',(-2.1381550208405E-49,1.11019355977705E-15,1.));
#25130=AXIS2_PLACEMENT_3D('',#25100,#25110,#25120);
#25140=CIRCLE('',#25130,0.199999999999992);
#25150=EDGE_CURVE('',#13780,#25050,#25140,.T.);
#25160=ORIENTED_EDGE('',*,*,#25150,.F.);
#25170=EDGE_LOOP('',(#25160,#25090,#25080,#25070));
#25180=FACE_OUTER_BOUND('',#25170,.T.);
#25190=ADVANCED_FACE('',(#25180),#24990,.F.);
#25200=CARTESIAN_POINT('',(0.911600000000001,0.299999999999999,
4.64999999999998));
#25210=DIRECTION('',(1.74487528782151E-15,1.75976591403518E-15,1.));
#25220=DIRECTION('',(1.92592994438725E-34,-1.,1.75976591403518E-15));
#25230=AXIS2_PLACEMENT_3D('',#25200,#25210,#25220);
#25240=PLANE('',#25230);
#25250=ORIENTED_EDGE('',*,*,#25060,.F.);
#25260=CARTESIAN_POINT('',(1.50203416229077,-0.00403805922287526,
4.64999999999998));
#25270=DIRECTION('',(1.,1.92592994438725E-34,0.));
#25280=VECTOR('',#25270,1.);
#25290=LINE('',#25260,#25280);
#25300=EDGE_CURVE('',#14800,#25050,#25290,.T.);
#25310=ORIENTED_EDGE('',*,*,#25300,.T.);
#25320=ORIENTED_EDGE('',*,*,#14810,.T.);
#25330=ORIENTED_EDGE('',*,*,#5090,.T.);
#25340=EDGE_LOOP('',(#25330,#25320,#25310,#25250));
#25350=FACE_OUTER_BOUND('',#25340,.T.);
#25360=ADVANCED_FACE('',(#25350),#25240,.T.);
#25370=CARTESIAN_POINT('',(3.25200498876191,0.245961940777115,
-5.27320508075697));
#25380=DIRECTION('',(-0.499999999999986,8.88152902393107E-16,
0.866025403784447));
#25390=DIRECTION('',(0.866025403784447,4.99585628657245E-16,
0.499999999999986));
#25400=AXIS2_PLACEMENT_3D('',#25370,#25380,#25390);
#25410=PLANE('',#25400);
#25420=CARTESIAN_POINT('',(3.25200498876187,0.245961940777115,
-5.27320508075696));
#25430=DIRECTION('',(-0.866025403784438,-5.0051774941411E-16,
-0.500000000000001));
#25440=VECTOR('',#25430,1.);
#25450=LINE('',#25420,#25440);
#25460=CARTESIAN_POINT('',(3.25200498876191,0.245961940777115,
-5.27320508075695));
#25470=VERTEX_POINT('',#25460);
#25480=CARTESIAN_POINT('',(2.33956942346375,0.245961940777114,
-5.80000000000002));
#25490=VERTEX_POINT('',#25480);
#25500=EDGE_CURVE('',#25470,#25490,#25450,.T.);
#25510=ORIENTED_EDGE('',*,*,#25500,.F.);
#25520=CARTESIAN_POINT('',(2.33956942346375,0.245961940777114,
-5.80000000000003));
#25530=DIRECTION('',(1.92592994438725E-34,-1.,-2.94648481515741E-20));
#25540=VECTOR('',#25530,1.);
#25550=LINE('',#25520,#25540);
#25560=CARTESIAN_POINT('',(2.33956942346376,-0.00403805922288553,
-5.80000000000003));
#25570=VERTEX_POINT('',#25560);
#25580=EDGE_CURVE('',#25490,#25570,#25550,.T.);
#25590=ORIENTED_EDGE('',*,*,#25580,.F.);
#25600=CARTESIAN_POINT('',(2.33956942346375,-0.00403805922288569,
-5.80000000000002));
#25610=DIRECTION('',(0.866025403784438,4.74173934580521E-16,
0.500000000000001));
#25620=VECTOR('',#25610,1.);
#25630=LINE('',#25600,#25620);
#25640=CARTESIAN_POINT('',(3.25200498876189,-0.00403805922288519,
-5.27320508075696));
#25650=VERTEX_POINT('',#25640);
#25660=EDGE_CURVE('',#25570,#25650,#25630,.T.);
#25670=ORIENTED_EDGE('',*,*,#25660,.F.);
#25680=CARTESIAN_POINT('',(3.25200498876191,-0.00403805922288508,
-5.27320508075696));
#25690=DIRECTION('',(-1.92592994438725E-34,1.,2.94648481515741E-20));
#25700=VECTOR('',#25690,1.);
#25710=LINE('',#25680,#25700);
#25720=EDGE_CURVE('',#25650,#25470,#25710,.T.);
#25730=ORIENTED_EDGE('',*,*,#25720,.F.);
#25740=EDGE_LOOP('',(#25730,#25670,#25590,#25510));
#25750=FACE_OUTER_BOUND('',#25740,.T.);
#25760=ADVANCED_FACE('',(#25750),#25410,.F.);
#25770=CARTESIAN_POINT('',(4.5,-1.25,0.));
#25780=DIRECTION('',(0.,-1.,0.));
#25790=DIRECTION('',(0.,0.,-1.));
#25800=AXIS2_PLACEMENT_3D('',#25770,#25780,#25790);
#25810=PLANE('',#25800);
#25820=ORIENTED_EDGE('',*,*,#11700,.T.);
#25830=EDGE_CURVE('',#11690,#11580,#11670,.T.);
#25840=ORIENTED_EDGE('',*,*,#25830,.T.);
#25850=EDGE_LOOP('',(#25840,#25820));
#25860=FACE_OUTER_BOUND('',#25850,.T.);
#25870=ADVANCED_FACE('',(#25860),#25810,.T.);
#25880=CARTESIAN_POINT('',(-2.3,2.34705627484771,2.35000000000001));
#25890=DIRECTION('',(0.,-1.,0.));
#25900=DIRECTION('',(0.,0.,-1.));
#25910=AXIS2_PLACEMENT_3D('',#25880,#25890,#25900);
#25920=CYLINDRICAL_SURFACE('',#25910,0.6);
#25930=CARTESIAN_POINT('',(-2.3,2.34705627484771,1.75000000000001));
#25940=DIRECTION('',(0.,-1.,0.));
#25950=VECTOR('',#25940,1.);
#25960=LINE('',#25930,#25950);
#25970=EDGE_CURVE('',#18510,#1730,#25960,.T.);
#25980=ORIENTED_EDGE('',*,*,#25970,.F.);
#25990=ORIENTED_EDGE('',*,*,#1760,.F.);
#26000=CARTESIAN_POINT('',(-2.3,2.34705627484771,2.95000000000001));
#26010=DIRECTION('',(0.,-1.,0.));
#26020=VECTOR('',#26010,1.);
#26030=LINE('',#26000,#26020);
#26040=EDGE_CURVE('',#18530,#1750,#26030,.T.);
#26050=ORIENTED_EDGE('',*,*,#26040,.T.);
#26060=ORIENTED_EDGE('',*,*,#18560,.F.);
#26070=EDGE_LOOP('',(#26060,#26050,#25990,#25980));
#26080=FACE_OUTER_BOUND('',#26070,.T.);
#26090=ADVANCED_FACE('',(#26080),#25920,.F.);
#26100=CARTESIAN_POINT('',(0.850000000000001,0.649999999999999,
6.16715728752536));
#26110=DIRECTION('',(-1.,-1.99869085004471E-34,2.4694139023953E-16));
#26120=DIRECTION('',(2.4694139023953E-16,-2.94648481515741E-20,1.));
#26130=AXIS2_PLACEMENT_3D('',#26100,#26110,#26120);
#26140=PLANE('',#26130);
#26150=CARTESIAN_POINT('',(0.850000000000001,0.399999999999999,
5.99999999999999));
#26160=DIRECTION('',(-2.89623397728293E-16,2.94648481515741E-20,-1.));
#26170=VECTOR('',#26160,1.);
#26180=LINE('',#26150,#26170);
#26190=CARTESIAN_POINT('',(0.850000000000001,0.399999999999999,
5.99999999999999));
#26200=VERTEX_POINT('',#26190);
#26210=CARTESIAN_POINT('',(0.84999999999999,0.399999999999999,
5.83845013680857));
#26220=VERTEX_POINT('',#26210);
#26230=EDGE_CURVE('',#26200,#26220,#26180,.T.);
#26240=ORIENTED_EDGE('',*,*,#26230,.T.);
#26250=CARTESIAN_POINT('',(0.850000000000001,0.399999999999999,
5.99999999999999));
#26260=DIRECTION('',(-1.92592994438725E-34,1.,2.94648481515741E-20));
#26270=VECTOR('',#26260,1.);
#26280=LINE('',#26250,#26270);
#26290=CARTESIAN_POINT('',(0.850000000000001,0.649999999999999,
5.99999999999999));
#26300=VERTEX_POINT('',#26290);
#26310=EDGE_CURVE('',#26200,#26300,#26280,.T.);
#26320=ORIENTED_EDGE('',*,*,#26310,.F.);
#26330=CARTESIAN_POINT('',(0.850000000000001,0.649999999999999,
5.99999999999999));
#26340=DIRECTION('',(-5.67472333619398E-54,2.94648481515741E-20,-1.));
#26350=VECTOR('',#26340,1.);
#26360=LINE('',#26330,#26350);
#26370=CARTESIAN_POINT('',(0.849999999999989,0.649999999999999,
5.83845013680857));
#26380=VERTEX_POINT('',#26370);
#26390=EDGE_CURVE('',#26300,#26380,#26360,.T.);
#26400=ORIENTED_EDGE('',*,*,#26390,.F.);
#26410=CARTESIAN_POINT('',(0.850000000000001,19.9068722891566,
5.83845013680857));
#26420=DIRECTION('',(0.,1.,0.));
#26430=VECTOR('',#26420,1.);
#26440=LINE('',#26410,#26430);
#26450=EDGE_CURVE('',#26220,#26380,#26440,.T.);
#26460=ORIENTED_EDGE('',*,*,#26450,.T.);
#26470=EDGE_LOOP('',(#26460,#26400,#26320,#26240));
#26480=FACE_OUTER_BOUND('',#26470,.T.);
#26490=ADVANCED_FACE('',(#26480),#26140,.F.);
#26500=CARTESIAN_POINT('',(-3.35200498876192,0.245961940777124,
-4.35000000000003));
#26510=DIRECTION('',(1.,1.92592994438725E-34,0.));
#26520=DIRECTION('',(-5.67472333619398E-54,2.94648481515741E-20,-1.));
#26530=AXIS2_PLACEMENT_3D('',#26500,#26510,#26520);
#26540=PLANE('',#26530);
#26550=CARTESIAN_POINT('',(-3.35200498876192,0.245961940777124,
-5.10000000000009));
#26560=DIRECTION('',(5.67472333619398E-54,-2.94648481515741E-20,1.));
#26570=VECTOR('',#26560,1.);
#26580=LINE('',#26550,#26570);
#26590=EDGE_CURVE('',#16240,#10400,#26580,.T.);
#26600=ORIENTED_EDGE('',*,*,#26590,.F.);
#26610=ORIENTED_EDGE('',*,*,#10410,.T.);
#26620=ORIENTED_EDGE('',*,*,#7950,.F.);
#26630=ORIENTED_EDGE('',*,*,#24660,.F.);
#26640=CARTESIAN_POINT('',(-3.35200498876192,-0.0040380592228762,
-5.10000000000006));
#26650=DIRECTION('',(5.67472333619398E-54,-2.94648481515741E-20,1.));
#26660=VECTOR('',#26650,1.);
#26670=LINE('',#26640,#26660);
#26680=EDGE_CURVE('',#16320,#24590,#26670,.T.);
#26690=ORIENTED_EDGE('',*,*,#26680,.T.);
#26700=ORIENTED_EDGE('',*,*,#16330,.F.);
#26710=EDGE_LOOP('',(#26700,#26690,#26630,#26620,#26610,#26600));
#26720=FACE_OUTER_BOUND('',#26710,.T.);
#26730=ADVANCED_FACE('',(#26720),#26540,.F.);
#26740=CARTESIAN_POINT('',(1.4905836325246,0.245961940777125,
5.10857864376267));
#26750=DIRECTION('',(0.70710678118668,7.21624131212417E-16,
0.707106781186415));
#26760=DIRECTION('',(0.707106781186415,-7.21624131212417E-16,
-0.70710678118668));
#26770=AXIS2_PLACEMENT_3D('',#26740,#26750,#26760);
#26780=PLANE('',#26770);
#26790=ORIENTED_EDGE('',*,*,#24340,.F.);
#26800=CARTESIAN_POINT('',(1.39058363252459,-0.00403805922287476,
5.20857864376272));
#26810=DIRECTION('',(0.707106781186299,-7.85025394547158E-16,
-0.707106781186796));
#26820=VECTOR('',#26810,1.);
#26830=LINE('',#26800,#26820);
#26840=EDGE_CURVE('',#24270,#13240,#26830,.T.);
#26850=ORIENTED_EDGE('',*,*,#26840,.F.);
#26860=ORIENTED_EDGE('',*,*,#13250,.F.);
#26870=ORIENTED_EDGE('',*,*,#4750,.F.);
#26880=EDGE_LOOP('',(#26870,#26860,#26850,#26790));
#26890=FACE_OUTER_BOUND('',#26880,.T.);
#26900=ADVANCED_FACE('',(#26890),#26780,.F.);
#26910=CARTESIAN_POINT('',(2.13949956224974E-16,7.55,
1.36939205608535E-16));
#26920=DIRECTION('',(0.,-1.,0.));
#26930=DIRECTION('',(-0.742191626210122,0.,-0.670187727419396));
#26940=AXIS2_PLACEMENT_3D('',#26910,#26920,#26930);
#26950=TOROIDAL_SURFACE('',#26940,4.695,1.);
#26960=CARTESIAN_POINT('',(3.48458968505652,7.55,3.14653138023406));
#26970=DIRECTION('',(-0.670187727419396,0.,0.742191626210122));
#26980=DIRECTION('',(0.742191626210122,0.,0.670187727419396));
#26990=AXIS2_PLACEMENT_3D('',#26960,#26970,#26980);
#27000=CIRCLE('',#26990,1.);
#27010=CARTESIAN_POINT('',(3.48458968505652,8.55,3.14653138023406));
#27020=VERTEX_POINT('',#27010);
#27030=EDGE_CURVE('',#13000,#27020,#27000,.T.);
#27040=ORIENTED_EDGE('',*,*,#27030,.T.);
#27050=EDGE_CURVE('',#12810,#13000,#13070,.T.);
#27060=ORIENTED_EDGE('',*,*,#27050,.T.);
#27070=CARTESIAN_POINT('',(-3.48458968505652,7.55,-3.14653138023406));
#27080=DIRECTION('',(0.670187727419396,0.,-0.742191626210122));
#27090=DIRECTION('',(-0.742191626210122,0.,-0.670187727419396));
#27100=AXIS2_PLACEMENT_3D('',#27070,#27080,#27090);
#27110=CIRCLE('',#27100,1.);
#27120=CARTESIAN_POINT('',(-3.48458968505652,8.55,-3.14653138023406));
#27130=VERTEX_POINT('',#27120);
#27140=EDGE_CURVE('',#12810,#27130,#27110,.T.);
#27150=ORIENTED_EDGE('',*,*,#27140,.F.);
#27160=CARTESIAN_POINT('',(2.13949956224974E-16,8.55,
1.36939205608535E-16));
#27170=DIRECTION('',(0.,1.,0.));
#27180=DIRECTION('',(0.742191626210122,0.,0.670187727419396));
#27190=AXIS2_PLACEMENT_3D('',#27160,#27170,#27180);
#27200=CIRCLE('',#27190,4.695);
#27210=EDGE_CURVE('',#27130,#27020,#27200,.T.);
#27220=ORIENTED_EDGE('',*,*,#27210,.F.);
#27230=EDGE_LOOP('',(#27220,#27150,#27060,#27040));
#27240=FACE_OUTER_BOUND('',#27230,.T.);
#27250=ADVANCED_FACE('',(#27240),#26950,.T.);
#27260=CARTESIAN_POINT('',(3.15200498876192,0.245961940777126,
5.09999999999993));
#27270=DIRECTION('',(-1.92592994438725E-34,1.,-9.95276753369398E-16));
#27280=DIRECTION('',(1.,1.92592994438725E-34,0.));
#27290=AXIS2_PLACEMENT_3D('',#27260,#27270,#27280);
#27300=CYLINDRICAL_SURFACE('',#27290,0.199999999999997);
#27310=ORIENTED_EDGE('',*,*,#17800,.F.);
#27320=ORIENTED_EDGE('',*,*,#15440,.T.);
#27330=CARTESIAN_POINT('',(3.15200498876192,-0.00403805922287448,
5.09999999999993));
#27340=DIRECTION('',(9.90090837088881E-28,-1.,9.95276753369398E-16));
#27350=DIRECTION('',(1.,2.95030403345647E-32,-9.94759830064155E-13));
#27360=AXIS2_PLACEMENT_3D('',#27330,#27340,#27350);
#27370=CIRCLE('',#27360,0.199999999999997);
#27380=EDGE_CURVE('',#15370,#24820,#27370,.T.);
#27390=ORIENTED_EDGE('',*,*,#27380,.F.);
#27400=ORIENTED_EDGE('',*,*,#24830,.T.);
#27410=EDGE_LOOP('',(#27400,#27390,#27320,#27310));
#27420=FACE_OUTER_BOUND('',#27410,.T.);
#27430=ADVANCED_FACE('',(#27420),#27300,.T.);
#27440=CARTESIAN_POINT('',(-1.93977046885428E-19,10.3035546458898,
5.42976580892665E-20));
#27450=DIRECTION('',(0.,1.,0.));
#27460=DIRECTION('',(0.,0.,1.));
#27470=AXIS2_PLACEMENT_3D('',#27440,#27450,#27460);
#27480=CYLINDRICAL_SURFACE('',#27470,3.35);
#27490=CARTESIAN_POINT('',(-1.93977046885428E-19,10.3035546458898,3.35))
;
#27500=DIRECTION('',(0.,1.,0.));
#27510=VECTOR('',#27500,1.);
#27520=LINE('',#27490,#27510);
#27530=CARTESIAN_POINT('',(-1.93977046885428E-19,8.64,3.35));
#27540=VERTEX_POINT('',#27530);
#27550=CARTESIAN_POINT('',(-1.93977046885428E-19,8.99,3.35));
#27560=VERTEX_POINT('',#27550);
#27570=EDGE_CURVE('',#27540,#27560,#27520,.T.);
#27580=ORIENTED_EDGE('',*,*,#27570,.T.);
#27590=CARTESIAN_POINT('',(-1.93977046885428E-19,8.64,
5.42976580892665E-20));
#27600=DIRECTION('',(0.,-1.,-0.));
#27610=DIRECTION('',(1.32563943238825E-16,0.,-1.));
#27620=AXIS2_PLACEMENT_3D('',#27590,#27600,#27610);
#27630=CIRCLE('',#27620,3.35);
#27640=CARTESIAN_POINT('',(4.10062700667478E-16,8.64,-3.35));
#27650=VERTEX_POINT('',#27640);
#27660=EDGE_CURVE('',#27540,#27650,#27630,.T.);
#27670=ORIENTED_EDGE('',*,*,#27660,.F.);
#27680=CARTESIAN_POINT('',(4.10062700667478E-16,10.3035546458898,-3.35))
;
#27690=DIRECTION('',(0.,1.,0.));
#27700=VECTOR('',#27690,1.);
#27710=LINE('',#27680,#27700);
#27720=CARTESIAN_POINT('',(-1.93977046885428E-19,8.99,-3.35));
#27730=VERTEX_POINT('',#27720);
#27740=EDGE_CURVE('',#27650,#27730,#27710,.T.);
#27750=ORIENTED_EDGE('',*,*,#27740,.F.);
#27760=CARTESIAN_POINT('',(-1.93977046885428E-19,8.99,
5.42976580892665E-20));
#27770=DIRECTION('',(0.,1.,0.));
#27780=DIRECTION('',(0.,0.,1.));
#27790=AXIS2_PLACEMENT_3D('',#27760,#27770,#27780);
#27800=CIRCLE('',#27790,3.35);
#27810=EDGE_CURVE('',#27730,#27560,#27800,.T.);
#27820=ORIENTED_EDGE('',*,*,#27810,.F.);
#27830=EDGE_LOOP('',(#27820,#27750,#27670,#27580));
#27840=FACE_OUTER_BOUND('',#27830,.T.);
#27850=ADVANCED_FACE('',(#27840),#27480,.T.);
#27860=CARTESIAN_POINT('',(3.15200498876191,0.245961940777116,
-4.35000000000003));
#27870=DIRECTION('',(-1.92592994438725E-34,1.,-9.95276753369398E-16));
#27880=DIRECTION('',(1.,1.92592994438725E-34,0.));
#27890=AXIS2_PLACEMENT_3D('',#27860,#27870,#27880);
#27900=CYLINDRICAL_SURFACE('',#27890,0.200000000000003);
#27910=ORIENTED_EDGE('',*,*,#5680,.F.);
#27920=CARTESIAN_POINT('',(3.35200498876191,-0.00403805922288403,
-4.35000000000003));
#27930=DIRECTION('',(-1.92592994438725E-34,1.,2.94648481515741E-20));
#27940=VECTOR('',#27930,1.);
#27950=LINE('',#27920,#27940);
#27960=CARTESIAN_POINT('',(3.35200498876191,-0.00403805922288425,
-4.35000000000003));
#27970=VERTEX_POINT('',#27960);
#27980=EDGE_CURVE('',#27970,#5580,#27950,.T.);
#27990=ORIENTED_EDGE('',*,*,#27980,.T.);
#28000=CARTESIAN_POINT('',(3.15200498876191,-0.00403805922288403,
-4.35000000000003));
#28010=DIRECTION('',(8.84028763313602E-30,-1.,9.95276753369398E-16));
#28020=DIRECTION('',(1.,4.54293417118414E-34,-8.88178419700113E-15));
#28030=AXIS2_PLACEMENT_3D('',#28000,#28010,#28020);
#28040=CIRCLE('',#28030,0.200000000000003);
#28050=CARTESIAN_POINT('',(3.15200498876191,-0.00403805922288408,
-4.15000000000004));
#28060=VERTEX_POINT('',#28050);
#28070=EDGE_CURVE('',#27970,#28060,#28040,.T.);
#28080=ORIENTED_EDGE('',*,*,#28070,.F.);
#28090=CARTESIAN_POINT('',(3.15200498876191,0.245961940777116,
-4.15000000000003));
#28100=DIRECTION('',(1.92592994438725E-34,-1.,-2.94648481515741E-20));
#28110=VECTOR('',#28100,1.);
#28120=LINE('',#28090,#28110);
#28130=EDGE_CURVE('',#5670,#28060,#28120,.T.);
#28140=ORIENTED_EDGE('',*,*,#28130,.T.);
#28150=EDGE_LOOP('',(#28140,#28080,#27990,#27910));
#28160=FACE_OUTER_BOUND('',#28150,.T.);
#28170=ADVANCED_FACE('',(#28160),#27900,.T.);
#28180=CARTESIAN_POINT('',(3.15200498876192,0.245961940777125,
4.3499999999999));
#28190=DIRECTION('',(-1.92592994438725E-34,1.,-9.95276753369398E-16));
#28200=DIRECTION('',(1.,1.92592994438725E-34,0.));
#28210=AXIS2_PLACEMENT_3D('',#28180,#28190,#28200);
#28220=CYLINDRICAL_SURFACE('',#28210,0.200000000000017);
#28230=ORIENTED_EDGE('',*,*,#5340,.F.);
#28240=ORIENTED_EDGE('',*,*,#18940,.T.);
#28250=CARTESIAN_POINT('',(3.15200498876192,-0.0040380592228752,
4.3499999999999));
#28260=DIRECTION('',(-2.88338030128408E-28,-1.,1.11019355977691E-15));
#28270=DIRECTION('',(2.50910403565264E-12,-1.11019355977691E-15,-1.));
#28280=AXIS2_PLACEMENT_3D('',#28250,#28260,#28270);
#28290=CIRCLE('',#28280,0.200000000000017);
#28300=EDGE_CURVE('',#18870,#15290,#28290,.T.);
#28310=ORIENTED_EDGE('',*,*,#28300,.F.);
#28320=ORIENTED_EDGE('',*,*,#15300,.T.);
#28330=EDGE_LOOP('',(#28320,#28310,#28240,#28230));
#28340=FACE_OUTER_BOUND('',#28330,.T.);
#28350=ADVANCED_FACE('',(#28340),#28220,.T.);
#28360=CARTESIAN_POINT('',(-1.88200498876191,0.245961940777124,
5.04999999999993));
#28370=DIRECTION('',(5.67472333619398E-54,-2.94648481515741E-20,1.));
#28380=DIRECTION('',(1.,1.92592994438725E-34,0.));
#28390=AXIS2_PLACEMENT_3D('',#28360,#28370,#28380);
#28400=PLANE('',#28390);
#28410=CARTESIAN_POINT('',(-1.88200498876191,0.245961940777124,
5.04999999999995));
#28420=DIRECTION('',(1.92592994438725E-34,-1.,-2.94648481515741E-20));
#28430=VECTOR('',#28420,1.);
#28440=LINE('',#28410,#28430);
#28450=CARTESIAN_POINT('',(-1.88200498876192,-0.0040380592228762,
5.04999999999994));
#28460=VERTEX_POINT('',#28450);
#28470=EDGE_CURVE('',#3470,#28460,#28440,.T.);
#28480=ORIENTED_EDGE('',*,*,#28470,.F.);
#28490=CARTESIAN_POINT('',(-1.63200498876191,-0.0040380592228762,
5.04999999999993));
#28500=DIRECTION('',(-1.,-1.92592994438725E-34,0.));
#28510=VECTOR('',#28500,1.);
#28520=LINE('',#28490,#28510);
#28530=CARTESIAN_POINT('',(-1.63200498876191,-0.0040380592228762,
5.04999999999993));
#28540=VERTEX_POINT('',#28530);
#28550=EDGE_CURVE('',#28540,#28460,#28520,.T.);
#28560=ORIENTED_EDGE('',*,*,#28550,.T.);
#28570=CARTESIAN_POINT('',(-1.63200498876191,-0.0040380592228762,
5.04999999999997));
#28580=DIRECTION('',(-1.92592994438725E-34,1.,2.94648481515741E-20));
#28590=VECTOR('',#28580,1.);
#28600=LINE('',#28570,#28590);
#28610=EDGE_CURVE('',#28540,#3550,#28600,.T.);
#28620=ORIENTED_EDGE('',*,*,#28610,.F.);
#28630=ORIENTED_EDGE('',*,*,#3560,.F.);
#28640=EDGE_LOOP('',(#28630,#28620,#28560,#28480));
#28650=FACE_OUTER_BOUND('',#28640,.T.);
#28660=ADVANCED_FACE('',(#28650),#28400,.F.);
#28670=CARTESIAN_POINT('',(-0.147995011238218,-0.00403805922319694,
-318.5));
#28680=DIRECTION('',(-4.10526825003624E-31,1.,-9.95276753369398E-16));
#28690=DIRECTION('',(1.,2.04740447771424E-34,-4.12269334299985E-16));
#28700=AXIS2_PLACEMENT_3D('',#28670,#28680,#28690);
#28710=PLANE('',#28700);
#28720=ORIENTED_EDGE('',*,*,#25300,.F.);
#28730=ORIENTED_EDGE('',*,*,#25150,.T.);
#28740=ORIENTED_EDGE('',*,*,#13790,.F.);
#28750=ORIENTED_EDGE('',*,*,#13340,.T.);
#28760=ORIENTED_EDGE('',*,*,#26840,.T.);
#28770=ORIENTED_EDGE('',*,*,#24280,.T.);
#28780=CARTESIAN_POINT('',(1.33200498876192,-0.00403805922287459,
5.35000000000001));
#28790=DIRECTION('',(-2.13815502084064E-49,1.11019355977713E-15,1.));
#28800=VECTOR('',#28790,1.);
#28810=LINE('',#28780,#28800);
#28820=EDGE_CURVE('',#24180,#21030,#28810,.T.);
#28830=ORIENTED_EDGE('',*,*,#28820,.F.);
#28840=ORIENTED_EDGE('',*,*,#21040,.T.);
#28850=ORIENTED_EDGE('',*,*,#17560,.F.);
#28860=ORIENTED_EDGE('',*,*,#24890,.T.);
#28870=ORIENTED_EDGE('',*,*,#27380,.T.);
#28880=ORIENTED_EDGE('',*,*,#15380,.F.);
#28890=ORIENTED_EDGE('',*,*,#28300,.T.);
#28900=ORIENTED_EDGE('',*,*,#18880,.F.);
#28910=ORIENTED_EDGE('',*,*,#14890,.F.);
#28920=EDGE_LOOP('',(#28910,#28900,#28890,#28880,#28870,#28860,#28850,
#28840,#28830,#28770,#28760,#28750,#28740,#28730,#28720));
#28930=FACE_OUTER_BOUND('',#28920,.T.);
#28940=ADVANCED_FACE('',(#28930),#28710,.F.);
#28950=CARTESIAN_POINT('',(2.94902990916057E-14,0.399999999999999,-318.5
));
#28960=DIRECTION('',(0.,1.,0.));
#28970=DIRECTION('',(1.,0.,1.22464679914735E-16));
#28980=AXIS2_PLACEMENT_3D('',#28950,#28960,#28970);
#28990=PLANE('',#28980);
#29000=CARTESIAN_POINT('',(-1.05,0.399999999999999,-5.80581604944559));
#29010=DIRECTION('',(0.,0.,1.));
#29020=VECTOR('',#29010,1.);
#29030=LINE('',#29000,#29020);
#29040=CARTESIAN_POINT('',(-1.05,0.399999999999999,-5.19999999999999));
#29050=VERTEX_POINT('',#29040);
#29060=EDGE_CURVE('',#10640,#29050,#29030,.T.);
#29070=ORIENTED_EDGE('',*,*,#29060,.F.);
#29080=CARTESIAN_POINT('',(-1.05,0.399999999999999,-5.2));
#29090=DIRECTION('',(1.,0.,0.));
#29100=VECTOR('',#29090,1.);
#29110=LINE('',#29080,#29100);
#29120=CARTESIAN_POINT('',(1.05,0.399999999999999,-5.2));
#29130=VERTEX_POINT('',#29120);
#29140=EDGE_CURVE('',#29050,#29130,#29110,.T.);
#29150=ORIENTED_EDGE('',*,*,#29140,.F.);
#29160=CARTESIAN_POINT('',(1.05,0.399999999999999,-5.2));
#29170=DIRECTION('',(0.,0.,-1.));
#29180=VECTOR('',#29170,1.);
#29190=LINE('',#29160,#29180);
#29200=CARTESIAN_POINT('',(1.05,0.399999999999999,-5.80581604944559));
#29210=VERTEX_POINT('',#29200);
#29220=EDGE_CURVE('',#29130,#29210,#29190,.T.);
#29230=ORIENTED_EDGE('',*,*,#29220,.F.);
#29240=CARTESIAN_POINT('',(0.,0.399999999999999,0.));
#29250=DIRECTION('',(0.,-1.,-0.));
#29260=DIRECTION('',(0.144067796610169,0.,-0.989567819798063));
#29270=AXIS2_PLACEMENT_3D('',#29240,#29250,#29260);
#29280=CIRCLE('',#29270,5.9);
#29290=CARTESIAN_POINT('',(0.850000000000001,0.399999999999999,
-5.83845013680857));
#29300=VERTEX_POINT('',#29290);
#29310=EDGE_CURVE('',#29300,#29210,#29280,.T.);
#29320=ORIENTED_EDGE('',*,*,#29310,.T.);
#29330=CARTESIAN_POINT('',(0.850000000000001,0.399999999999999,
-4.85000000000003));
#29340=DIRECTION('',(2.89623397728307E-16,2.94648481515741E-20,-1.));
#29350=VECTOR('',#29340,1.);
#29360=LINE('',#29330,#29350);
#29370=CARTESIAN_POINT('',(0.850000000000001,0.399999999999999,
-6.00000000000001));
#29380=VERTEX_POINT('',#29370);
#29390=EDGE_CURVE('',#29300,#29380,#29360,.T.);
#29400=ORIENTED_EDGE('',*,*,#29390,.F.);
#29410=CARTESIAN_POINT('',(-0.250000000000011,0.4,-6.));
#29420=DIRECTION('',(1.,0.,0.));
#29430=VECTOR('',#29420,1.);
#29440=LINE('',#29410,#29430);
#29450=EDGE_CURVE('',#22280,#29380,#29440,.T.);
#29460=ORIENTED_EDGE('',*,*,#29450,.T.);
#29470=ORIENTED_EDGE('',*,*,#22290,.F.);
#29480=ORIENTED_EDGE('',*,*,#10740,.T.);
#29490=EDGE_LOOP('',(#29480,#29470,#29460,#29400,#29320,#29230,#29150,
#29070));
#29500=FACE_OUTER_BOUND('',#29490,.T.);
#29510=ADVANCED_FACE('',(#29500),#28990,.F.);
#29520=CARTESIAN_POINT('',(-1.05,2.63647852397735,-5.96930890298494));
#29530=DIRECTION('',(-1.,0.,0.));
#29540=DIRECTION('',(0.,0.,1.));
#29550=AXIS2_PLACEMENT_3D('',#29520,#29530,#29540);
#29560=PLANE('',#29550);
#29570=ORIENTED_EDGE('',*,*,#6850,.F.);
#29580=CARTESIAN_POINT('',(-1.05,0.,-5.2));
#29590=DIRECTION('',(0.,1.,0.));
#29600=VECTOR('',#29590,1.);
#29610=LINE('',#29580,#29600);
#29620=EDGE_CURVE('',#6760,#29050,#29610,.T.);
#29630=ORIENTED_EDGE('',*,*,#29620,.F.);
#29640=ORIENTED_EDGE('',*,*,#29060,.T.);
#29650=ORIENTED_EDGE('',*,*,#10650,.F.);
#29660=EDGE_LOOP('',(#29650,#29640,#29630,#29570));
#29670=FACE_OUTER_BOUND('',#29660,.T.);
#29680=ADVANCED_FACE('',(#29670),#29560,.F.);
#29690=CARTESIAN_POINT('',(-1.05,2.63647852397735,-5.2));
#29700=DIRECTION('',(0.,0.,1.));
#29710=DIRECTION('',(1.,0.,0.));
#29720=AXIS2_PLACEMENT_3D('',#29690,#29700,#29710);
#29730=PLANE('',#29720);
#29740=ORIENTED_EDGE('',*,*,#29140,.T.);
#29750=ORIENTED_EDGE('',*,*,#29620,.T.);
#29760=ORIENTED_EDGE('',*,*,#6770,.F.);
#29770=CARTESIAN_POINT('',(1.05,-4.44089209850063E-16,-5.2));
#29780=DIRECTION('',(0.,1.,0.));
#29790=VECTOR('',#29780,1.);
#29800=LINE('',#29770,#29790);
#29810=EDGE_CURVE('',#6680,#29130,#29800,.T.);
#29820=ORIENTED_EDGE('',*,*,#29810,.F.);
#29830=EDGE_LOOP('',(#29820,#29760,#29750,#29740));
#29840=FACE_OUTER_BOUND('',#29830,.T.);
#29850=ADVANCED_FACE('',(#29840),#29730,.F.);
#29860=CARTESIAN_POINT('',(1.05,2.63647852397735,-5.96930890298494));
#29870=DIRECTION('',(1.,0.,0.));
#29880=DIRECTION('',(0.,0.,-1.));
#29890=AXIS2_PLACEMENT_3D('',#29860,#29870,#29880);
#29900=PLANE('',#29890);
#29910=ORIENTED_EDGE('',*,*,#29220,.T.);
#29920=ORIENTED_EDGE('',*,*,#29810,.T.);
#29930=ORIENTED_EDGE('',*,*,#6690,.F.);
#29940=CARTESIAN_POINT('',(1.05,0.,-5.80581604944559));
#29950=DIRECTION('',(0.,1.,0.));
#29960=VECTOR('',#29950,1.);
#29970=LINE('',#29940,#29960);
#29980=EDGE_CURVE('',#6600,#29210,#29970,.T.);
#29990=ORIENTED_EDGE('',*,*,#29980,.F.);
#30000=EDGE_LOOP('',(#29990,#29930,#29920,#29910));
#30010=FACE_OUTER_BOUND('',#30000,.T.);
#30020=ADVANCED_FACE('',(#30010),#29900,.F.);
#30030=CARTESIAN_POINT('',(0.,19.9068722891566,0.));
#30040=DIRECTION('',(0.,1.,0.));
#30050=DIRECTION('',(0.,0.,1.));
#30060=AXIS2_PLACEMENT_3D('',#30030,#30040,#30050);
#30070=CYLINDRICAL_SURFACE('',#30060,5.9);
#30080=ORIENTED_EDGE('',*,*,#18030,.T.);
#30090=ORIENTED_EDGE('',*,*,#20930,.T.);
#30100=ORIENTED_EDGE('',*,*,#4410,.F.);
#30110=ORIENTED_EDGE('',*,*,#23690,.T.);
#30120=CARTESIAN_POINT('',(0.,0.399999999999999,0.));
#30130=DIRECTION('',(0.,-1.,0.));
#30140=DIRECTION('',(0.177966101694916,0.,0.9840366185501));
#30150=AXIS2_PLACEMENT_3D('',#30120,#30130,#30140);
#30160=CIRCLE('',#30150,5.9);
#30170=EDGE_CURVE('',#23620,#26220,#30160,.T.);
#30180=ORIENTED_EDGE('',*,*,#30170,.F.);
#30190=ORIENTED_EDGE('',*,*,#26450,.F.);
#30200=CARTESIAN_POINT('',(0.84999999999999,0.799999999999987,
5.83845013680857));
#30210=DIRECTION('',(0.,-1.,0.));
#30220=VECTOR('',#30210,1.);
#30230=LINE('',#30200,#30220);
#30240=CARTESIAN_POINT('',(0.849999999999991,0.799999999999999,
5.83845013680857));
#30250=VERTEX_POINT('',#30240);
#30260=EDGE_CURVE('',#30250,#26380,#30230,.T.);
#30270=ORIENTED_EDGE('',*,*,#30260,.T.);
#30280=CARTESIAN_POINT('',(0.,0.799999999999983,0.));
#30290=DIRECTION('',(-0.,1.,0.));
#30300=DIRECTION('',(0.144067796610168,0.,0.989567819798063));
#30310=AXIS2_PLACEMENT_3D('',#30280,#30290,#30300);
#30320=CIRCLE('',#30310,5.9);
#30330=EDGE_CURVE('',#30250,#14010,#30320,.T.);
#30340=ORIENTED_EDGE('',*,*,#30330,.F.);
#30350=ORIENTED_EDGE('',*,*,#14260,.T.);
#30360=CARTESIAN_POINT('',(0.850000000000001,19.9068722891566,
-5.83845013680857));
#30370=DIRECTION('',(0.,1.,0.));
#30380=VECTOR('',#30370,1.);
#30390=LINE('',#30360,#30380);
#30400=EDGE_CURVE('',#29300,#14190,#30390,.T.);
#30410=ORIENTED_EDGE('',*,*,#30400,.T.);
#30420=ORIENTED_EDGE('',*,*,#29310,.F.);
#30430=ORIENTED_EDGE('',*,*,#29980,.T.);
#30440=ORIENTED_EDGE('',*,*,#6610,.F.);
#30450=CARTESIAN_POINT('',(1.38464401439357,19.9068722891566,
-5.73522109019382));
#30460=DIRECTION('',(0.,1.,0.));
#30470=VECTOR('',#30460,1.);
#30480=LINE('',#30450,#30470);
#30490=CARTESIAN_POINT('',(1.38464401439358,0.245961940777118,
-5.73522109019382));
#30500=VERTEX_POINT('',#30490);
#30510=EDGE_CURVE('',#6510,#30500,#30480,.T.);
#30520=ORIENTED_EDGE('',*,*,#30510,.F.);
#30530=CARTESIAN_POINT('',(0.,0.245961940777118,0.));
#30540=DIRECTION('',(0.,1.,0.));
#30550=DIRECTION('',(0.,0.,1.));
#30560=AXIS2_PLACEMENT_3D('',#30530,#30540,#30550);
#30570=CIRCLE('',#30560,5.9);
#30580=CARTESIAN_POINT('',(3.3520049887619,0.245961940777118,
-4.85531281745217));
#30590=VERTEX_POINT('',#30580);
#30600=EDGE_CURVE('',#30590,#30500,#30570,.T.);
#30610=ORIENTED_EDGE('',*,*,#30600,.T.);
#30620=CARTESIAN_POINT('',(3.35200498876191,19.9068722891566,
-4.85531281745216));
#30630=DIRECTION('',(0.,1.,0.));
#30640=VECTOR('',#30630,1.);
#30650=LINE('',#30620,#30640);
#30660=EDGE_CURVE('',#5500,#30590,#30650,.T.);
#30670=ORIENTED_EDGE('',*,*,#30660,.T.);
#30680=ORIENTED_EDGE('',*,*,#5510,.F.);
#30690=ORIENTED_EDGE('',*,*,#15210,.F.);
#30700=EDGE_LOOP('',(#30690,#30680,#30670,#30610,#30520,#30440,#30430,
#30420,#30410,#30350,#30340,#30270,#30190,#30180,#30110,#30100,#30090,
#30080));
#30710=FACE_OUTER_BOUND('',#30700,.T.);
#30720=ADVANCED_FACE('',(#30710),#30070,.T.);
#30730=CARTESIAN_POINT('',(0.,0.649999999999999,0.));
#30740=DIRECTION('',(0.,1.,0.));
#30750=DIRECTION('',(0.,0.,1.));
#30760=AXIS2_PLACEMENT_3D('',#30730,#30740,#30750);
#30770=CIRCLE('',#30760,3.55000000000001);
#30780=EDGE_CURVE('',#15810,#15830,#30770,.T.);
#30790=ORIENTED_EDGE('',*,*,#30780,.T.);
#30800=ORIENTED_EDGE('',*,*,#16060,.F.);
#30810=EDGE_LOOP('',(#30800,#30790));
#30820=FACE_OUTER_BOUND('',#30810,.T.);
#30830=ADVANCED_FACE('',(#30820),#15900,.T.);
#30840=CARTESIAN_POINT('',(-3.48458968505652,8.55,-3.14653138023406));
#30850=DIRECTION('',(-0.,1.,0.));
#30860=DIRECTION('',(0.742191626210122,0.,0.670187727419396));
#30870=AXIS2_PLACEMENT_3D('',#30840,#30850,#30860);
#30880=PLANE('',#30870);
#30890=EDGE_CURVE('',#27020,#27130,#27200,.T.);
#30900=ORIENTED_EDGE('',*,*,#30890,.T.);
#30910=ORIENTED_EDGE('',*,*,#27210,.T.);
#30920=EDGE_LOOP('',(#30910,#30900));
#30930=FACE_OUTER_BOUND('',#30920,.T.);
#30940=EDGE_CURVE('',#11140,#11340,#11410,.T.);
#30950=ORIENTED_EDGE('',*,*,#30940,.T.);
#30960=ORIENTED_EDGE('',*,*,#11420,.T.);
#30970=EDGE_LOOP('',(#30960,#30950));
#30980=FACE_BOUND('',#30970,.T.);
#30990=ADVANCED_FACE('',(#30930,#30980),#30880,.T.);
#31000=CARTESIAN_POINT('',(2.13949956224974E-16,3.2,1.36939205608535E-16
));
#31010=DIRECTION('',(0.,1.,0.));
#31020=DIRECTION('',(0.742191626210122,0.,0.670187727419396));
#31030=AXIS2_PLACEMENT_3D('',#31000,#31010,#31020);
#31040=TOROIDAL_SURFACE('',#31030,5.695,0.3);
#31050=CARTESIAN_POINT('',(4.22678131126665,3.2,3.81671910765346));
#31060=DIRECTION('',(0.670187727419396,0.,-0.742191626210122));
#31070=DIRECTION('',(0.742191626210122,0.,0.670187727419396));
#31080=AXIS2_PLACEMENT_3D('',#31050,#31060,#31070);
#31090=CIRCLE('',#31080,0.3);
#31100=CARTESIAN_POINT('',(4.44943879912968,3.2,4.01777542587928));
#31110=VERTEX_POINT('',#31100);
#31120=EDGE_CURVE('',#12920,#31110,#31090,.T.);
#31130=ORIENTED_EDGE('',*,*,#31120,.T.);
#31140=ORIENTED_EDGE('',*,*,#12930,.T.);
#31150=CARTESIAN_POINT('',(-4.22678131126665,3.2,-3.81671910765346));
#31160=DIRECTION('',(-0.670187727419396,0.,0.742191626210122));
#31170=DIRECTION('',(-0.742191626210122,0.,-0.670187727419396));
#31180=AXIS2_PLACEMENT_3D('',#31150,#31160,#31170);
#31190=CIRCLE('',#31180,0.3);
#31200=CARTESIAN_POINT('',(-4.44943879912968,3.2,-4.01777542587928));
#31210=VERTEX_POINT('',#31200);
#31220=EDGE_CURVE('',#12830,#31210,#31190,.T.);
#31230=ORIENTED_EDGE('',*,*,#31220,.F.);
#31240=CARTESIAN_POINT('',(2.13949956224974E-16,3.2,1.36939205608535E-16
));
#31250=DIRECTION('',(0.,1.,0.));
#31260=DIRECTION('',(-0.742191626210122,0.,-0.670187727419396));
#31270=AXIS2_PLACEMENT_3D('',#31240,#31250,#31260);
#31280=CIRCLE('',#31270,5.995);
#31290=EDGE_CURVE('',#31110,#31210,#31280,.T.);
#31300=ORIENTED_EDGE('',*,*,#31290,.T.);
#31310=EDGE_LOOP('',(#31300,#31230,#31140,#31130));
#31320=FACE_OUTER_BOUND('',#31310,.T.);
#31330=ADVANCED_FACE('',(#31320),#31040,.T.);
#31340=CARTESIAN_POINT('',(-1.4905836325246,0.245961940777124,
5.10857864376267));
#31350=DIRECTION('',(-0.707106781186679,5.54903164373232E-17,
0.707106781186416));
#31360=DIRECTION('',(0.707106781186416,-2.08347939346137E-20,
0.707106781186679));
#31370=AXIS2_PLACEMENT_3D('',#31340,#31350,#31360);
#31380=PLANE('',#31370);
#31390=CARTESIAN_POINT('',(-1.4905836325246,0.245961940777124,
5.10857864376267));
#31400=DIRECTION('',(1.92592994438725E-34,-1.,-2.94648481515741E-20));
#31410=VECTOR('',#31400,1.);
#31420=LINE('',#31390,#31410);
#31430=CARTESIAN_POINT('',(-1.49058363252458,-0.0040380592228762,
5.10857864376268));
#31440=VERTEX_POINT('',#31430);
#31450=EDGE_CURVE('',#3640,#31440,#31420,.T.);
#31460=ORIENTED_EDGE('',*,*,#31450,.F.);
#31470=CARTESIAN_POINT('',(-1.49058363252495,-0.0040380592228762,
5.10857864376236));
#31480=DIRECTION('',(0.707106781186551,-2.08347939346097E-20,
0.707106781186544));
#31490=VECTOR('',#31480,1.);
#31500=LINE('',#31470,#31490);
#31510=CARTESIAN_POINT('',(-1.39058363252459,-0.0040380592228762,
5.20857864376272));
#31520=VERTEX_POINT('',#31510);
#31530=EDGE_CURVE('',#31440,#31520,#31500,.T.);
#31540=ORIENTED_EDGE('',*,*,#31530,.F.);
#31550=CARTESIAN_POINT('',(-1.39058363252459,-0.0040380592228762,
5.20857864376272));
#31560=DIRECTION('',(-1.92592994438725E-34,1.,2.94648481515741E-20));
#31570=VECTOR('',#31560,1.);
#31580=LINE('',#31550,#31570);
#31590=EDGE_CURVE('',#31520,#3720,#31580,.T.);
#31600=ORIENTED_EDGE('',*,*,#31590,.F.);
#31610=ORIENTED_EDGE('',*,*,#3730,.F.);
#31620=EDGE_LOOP('',(#31610,#31600,#31540,#31460));
#31630=FACE_OUTER_BOUND('',#31620,.T.);
#31640=ADVANCED_FACE('',(#31630),#31380,.F.);
#31650=CARTESIAN_POINT('',(0.,48.7764673861454,-1.48));
#31660=DIRECTION('',(0.,1.,0.));
#31670=DIRECTION('',(0.,0.,-1.));
#31680=AXIS2_PLACEMENT_3D('',#31650,#31660,#31670);
#31690=CONICAL_SURFACE('',#31680,1.,0.0174532925199433);
#31700=ORIENTED_EDGE('',*,*,#22750,.T.);
#31710=ORIENTED_EDGE('',*,*,#1020,.F.);
#31720=CARTESIAN_POINT('',(-0.149807274381564,0.0799999999999841,
-1.47239864864865));
#31730=CARTESIAN_POINT('',(-0.147798526859559,-0.0299271658147607,
-1.47067433436745));
#31740=CARTESIAN_POINT('',(-0.143404342806149,-0.249849035142078,
-1.46725540711358));
#31750=CARTESIAN_POINT('',(-0.137018766999159,-0.579957200244452,
-1.46207761660678));
#31760=CARTESIAN_POINT('',(-0.132940026486918,-0.800180660659906,
-1.45859216076135));
#31770=CARTESIAN_POINT('',(-0.1306816752684,-0.910325321918194,
-1.45686443485305));
#31780=B_SPLINE_CURVE_WITH_KNOTS('',3,(#31720,#31730,#31740,#31750,
#31760,#31770),.UNSPECIFIED.,.F.,.F.,(4,1,1,4),(0.,0.333333333333333,
0.666666666666667,1.),.UNSPECIFIED.);
#31790=CARTESIAN_POINT('',(-0.130681675258798,-0.910325321918094,
-1.45686443485392));
#31800=VERTEX_POINT('',#31790);
#31810=EDGE_CURVE('',#1010,#31800,#31780,.T.);
#31820=ORIENTED_EDGE('',*,*,#31810,.F.);
#31830=CARTESIAN_POINT('',(0.,-0.642418044132777,-1.61739014613435));
#31840=CARTESIAN_POINT('',(-0.0104171216528275,-0.642418044132777,
-1.61739014613435));
#31850=CARTESIAN_POINT('',(-0.0311982852181481,-0.646504608215912,
-1.61497221867165));
#31860=CARTESIAN_POINT('',(-0.0610699121712129,-0.664175831514282,
-1.60397421738248));
#31870=CARTESIAN_POINT('',(-0.0861995840274142,-0.690504397562183,
-1.58718725439862));
#31880=CARTESIAN_POINT('',(-0.10554992681199,-0.723268349693391,
-1.56722028660396));
#31890=CARTESIAN_POINT('',(-0.120707748268909,-0.762706022844004,
-1.5432423509453));
#31900=CARTESIAN_POINT('',(-0.130395176114972,-0.806683336587487,
-1.51685022407044));
#31910=CARTESIAN_POINT('',(-0.134517961440974,-0.855659328643288,
-1.48822106820424));
#31920=CARTESIAN_POINT('',(-0.132894705574539,-0.891644954972124,
-1.46749434219193));
#31930=CARTESIAN_POINT('',(-0.13068167525894,-0.910325321918198,
-1.45686443485473));
#31940=B_SPLINE_CURVE_WITH_KNOTS('',3,(#31830,#31840,#31850,#31860,
#31870,#31880,#31890,#31900,#31910,#31920,#31930),.UNSPECIFIED.,.F.,.F.,
(4,1,1,1,1,1,1,1,4),(0.,0.125,0.25,0.375,0.5,0.625,0.75,0.875,1.),
.UNSPECIFIED.);
#31950=CARTESIAN_POINT('',(1.98073166543518E-16,-0.64241804416634,
-1.61739014613376));
#31960=VERTEX_POINT('',#31950);
#31970=EDGE_CURVE('',#31960,#31800,#31940,.T.);
#31980=ORIENTED_EDGE('',*,*,#31970,.T.);
#31990=CARTESIAN_POINT('',(0.130681675258795,-0.910325321918212,
-1.45686443485391));
#32000=CARTESIAN_POINT('',(0.132860527286955,-0.891933456646842,
-1.46733017271427));
#32010=CARTESIAN_POINT('',(0.134516989421601,-0.856379616871323,
-1.48780639988422));
#32020=CARTESIAN_POINT('',(0.130506771949552,-0.807447095713695,
-1.51641662890946));
#32030=CARTESIAN_POINT('',(0.120890811357589,-0.763334050343291,
-1.54286185415264));
#32040=CARTESIAN_POINT('',(0.105837280512874,-0.723849190485858,
-1.56686569610345));
#32050=CARTESIAN_POINT('',(0.0863704019441237,-0.690694756742145,
-1.58707313948709));
#32060=CARTESIAN_POINT('',(0.0610115759899066,-0.66408389888405,
-1.60402716425038));
#32070=CARTESIAN_POINT('',(0.0309503183131716,-0.646407842639892,
-1.61503194727174));
#32080=CARTESIAN_POINT('',(0.0103005033887575,-0.642418044132777,
-1.61739014613435));
#32090=CARTESIAN_POINT('',(3.36508805395629E-17,-0.642418044132777,
-1.61739014613435));
#32100=B_SPLINE_CURVE_WITH_KNOTS('',3,(#31990,#32000,#32010,#32020,
#32030,#32040,#32050,#32060,#32070,#32080,#32090),.UNSPECIFIED.,.F.,.F.,
(4,1,1,1,1,1,1,1,4),(0.,0.125,0.25,0.375,0.5,0.625,0.75,0.875,1.),
.UNSPECIFIED.);
#32110=EDGE_CURVE('',#22740,#31960,#32100,.T.);
#32120=ORIENTED_EDGE('',*,*,#32110,.T.);
#32130=EDGE_LOOP('',(#32120,#31980,#31820,#31710,#31700));
#32140=FACE_OUTER_BOUND('',#32130,.T.);
#32150=ADVANCED_FACE('',(#32140),#31690,.T.);
#32160=CARTESIAN_POINT('',(-3.1,0.08,3.03000000000001));
#32170=DIRECTION('',(0.,-1.,0.));
#32180=DIRECTION('',(0.,0.,-1.));
#32190=AXIS2_PLACEMENT_3D('',#32160,#32170,#32180);
#32200=CYLINDRICAL_SURFACE('',#32190,0.17);
#32210=CARTESIAN_POINT('',(-3.1,0.08,3.20000000000001));
#32220=DIRECTION('',(0.,-1.,0.));
#32230=VECTOR('',#32220,1.);
#32240=LINE('',#32210,#32230);
#32250=EDGE_CURVE('',#120,#8810,#32240,.T.);
#32260=ORIENTED_EDGE('',*,*,#32250,.T.);
#32270=ORIENTED_EDGE('',*,*,#150,.F.);
#32280=ORIENTED_EDGE('',*,*,#2470,.T.);
#32290=ORIENTED_EDGE('',*,*,#8890,.F.);
#32300=EDGE_LOOP('',(#32290,#32280,#32270,#32260));
#32310=FACE_OUTER_BOUND('',#32300,.T.);
#32320=ADVANCED_FACE('',(#32310),#32200,.F.);
#32330=CARTESIAN_POINT('',(0.147995011238086,0.245961940777124,-318.5));
#32340=DIRECTION('',(-1.92592994438725E-34,1.,2.94648481515741E-20));
#32350=DIRECTION('',(1.,1.92592994438725E-34,0.));
#32360=AXIS2_PLACEMENT_3D('',#32330,#32340,#32350);
#32370=PLANE('',#32360);
#32380=ORIENTED_EDGE('',*,*,#26590,.T.);
#32390=ORIENTED_EDGE('',*,*,#16250,.T.);
#32400=ORIENTED_EDGE('',*,*,#21980,.T.);
#32410=ORIENTED_EDGE('',*,*,#22980,.T.);
#32420=CARTESIAN_POINT('',(-1.53200498876192,0.245961940777124,
-5.60000000000001));
#32430=DIRECTION('',(-1.92592994438725E-34,1.,2.94648481515741E-20));
#32440=DIRECTION('',(1.,4.3797997573136E-33,-1.42108547152013E-13));
#32450=AXIS2_PLACEMENT_3D('',#32420,#32430,#32440);
#32460=CIRCLE('',#32450,0.20000000000001);
#32470=EDGE_CURVE('',#10490,#22970,#32460,.T.);
#32480=ORIENTED_EDGE('',*,*,#32470,.T.);
#32490=ORIENTED_EDGE('',*,*,#10500,.F.);
#32500=EDGE_LOOP('',(#32490,#32480,#32410,#32400,#32390,#32380));
#32510=FACE_OUTER_BOUND('',#32500,.T.);
#32520=ADVANCED_FACE('',(#32510),#32370,.T.);
#32530=CARTESIAN_POINT('',(3.35200498876191,0.245961940777116,
-4.35000000000003));
#32540=DIRECTION('',(-1.,-1.8770265983715E-34,-1.6597182435895E-16));
#32550=DIRECTION('',(-1.6597182435895E-16,9.95276753369398E-16,1.));
#32560=AXIS2_PLACEMENT_3D('',#32530,#32540,#32550);
#32570=PLANE('',#32560);
#32580=ORIENTED_EDGE('',*,*,#30660,.F.);
#32590=CARTESIAN_POINT('',(3.35200498876191,0.245961940777116,
-4.35000000000003));
#32600=DIRECTION('',(-5.9211894646666E-16,-9.99171257314338E-16,-1.));
#32610=VECTOR('',#32600,1.);
#32620=LINE('',#32590,#32610);
#32630=CARTESIAN_POINT('',(3.35200498876191,0.245961940777115,
-5.10000000000009));
#32640=VERTEX_POINT('',#32630);
#32650=EDGE_CURVE('',#30590,#32640,#32620,.T.);
#32660=ORIENTED_EDGE('',*,*,#32650,.F.);
#32670=CARTESIAN_POINT('',(3.35200498876192,0.245961940777115,
-5.10000000000006));
#32680=DIRECTION('',(1.92592994438725E-34,-1.,-2.94648481515741E-20));
#32690=VECTOR('',#32680,1.);
#32700=LINE('',#32670,#32690);
#32710=CARTESIAN_POINT('',(3.35200498876192,-0.00403805922288486,
-5.10000000000006));
#32720=VERTEX_POINT('',#32710);
#32730=EDGE_CURVE('',#32640,#32720,#32700,.T.);
#32740=ORIENTED_EDGE('',*,*,#32730,.F.);
#32750=CARTESIAN_POINT('',(3.35200498876191,-0.00403805922288403,
-4.35000000000003));
#32760=DIRECTION('',(1.8530601184305E-49,-9.62163823160281E-16,-1.));
#32770=VECTOR('',#32760,1.);
#32780=LINE('',#32750,#32770);
#32790=EDGE_CURVE('',#27970,#32720,#32780,.T.);
#32800=ORIENTED_EDGE('',*,*,#32790,.T.);
#32810=ORIENTED_EDGE('',*,*,#27980,.F.);
#32820=ORIENTED_EDGE('',*,*,#5590,.F.);
#32830=EDGE_LOOP('',(#32820,#32810,#32800,#32740,#32660,#32580));
#32840=FACE_OUTER_BOUND('',#32830,.T.);
#32850=ADVANCED_FACE('',(#32840),#32570,.F.);
#32860=CARTESIAN_POINT('',(2.94,8.64,5.42976580892665E-20));
#32870=DIRECTION('',(0.,-1.,0.));
#32880=DIRECTION('',(0.,0.,-1.));
#32890=AXIS2_PLACEMENT_3D('',#32860,#32870,#32880);
#32900=PLANE('',#32890);
#32910=EDGE_CURVE('',#27650,#27540,#27630,.T.);
#32920=ORIENTED_EDGE('',*,*,#32910,.T.);
#32930=ORIENTED_EDGE('',*,*,#27660,.T.);
#32940=EDGE_LOOP('',(#32930,#32920));
#32950=FACE_OUTER_BOUND('',#32940,.T.);
#32960=ORIENTED_EDGE('',*,*,#11260,.F.);
#32970=EDGE_CURVE('',#11160,#11250,#11230,.T.);
#32980=ORIENTED_EDGE('',*,*,#32970,.F.);
#32990=EDGE_LOOP('',(#32980,#32960));
#33000=FACE_BOUND('',#32990,.T.);
#33010=ADVANCED_FACE('',(#32950,#33000),#32900,.T.);
#33020=CARTESIAN_POINT('',(0.,-1.4,0.));
#33030=DIRECTION('',(0.,1.,0.));
#33040=DIRECTION('',(0.,0.,1.));
#33050=AXIS2_PLACEMENT_3D('',#33020,#33030,#33040);
#33060=CYLINDRICAL_SURFACE('',#33050,0.98);
#33070=CARTESIAN_POINT('',(1.20015386316441E-16,-1.4,-0.98));
#33080=DIRECTION('',(0.,1.,0.));
#33090=VECTOR('',#33080,1.);
#33100=LINE('',#33070,#33090);
#33110=CARTESIAN_POINT('',(1.20015386316441E-16,0.0800000000000001,-0.98
));
#33120=VERTEX_POINT('',#33110);
#33130=EDGE_CURVE('',#17170,#33120,#33100,.T.);
#33140=ORIENTED_EDGE('',*,*,#33130,.F.);
#33150=CARTESIAN_POINT('',(0.,0.0799999999999994,0.));
#33160=DIRECTION('',(-0.,-1.,0.));
#33170=DIRECTION('',(-7.6571373978539E-16,0.,1.));
#33180=AXIS2_PLACEMENT_3D('',#33150,#33160,#33170);
#33190=CIRCLE('',#33180,0.98);
#33200=CARTESIAN_POINT('',(0.,0.0799999999999994,0.98));
#33210=VERTEX_POINT('',#33200);
#33220=EDGE_CURVE('',#33120,#33210,#33190,.T.);
#33230=ORIENTED_EDGE('',*,*,#33220,.F.);
#33240=CARTESIAN_POINT('',(0.,-1.4,0.98));
#33250=DIRECTION('',(0.,1.,0.));
#33260=VECTOR('',#33250,1.);
#33270=LINE('',#33240,#33260);
#33280=EDGE_CURVE('',#17190,#33210,#33270,.T.);
#33290=ORIENTED_EDGE('',*,*,#33280,.T.);
#33300=ORIENTED_EDGE('',*,*,#17220,.F.);
#33310=EDGE_LOOP('',(#33300,#33290,#33230,#33140));
#33320=FACE_OUTER_BOUND('',#33310,.T.);
#33330=ADVANCED_FACE('',(#33320),#33060,.F.);
#33340=CARTESIAN_POINT('',(0.,48.7764673861454,1.48));
#33350=DIRECTION('',(0.,1.,0.));
#33360=DIRECTION('',(0.,0.,-1.));
#33370=AXIS2_PLACEMENT_3D('',#33340,#33350,#33360);
#33380=CONICAL_SURFACE('',#33370,1.,0.0174532925199433);
#33390=CARTESIAN_POINT('',(-0.130681675258795,-0.910325321918212,
1.45686443485391));
#33400=CARTESIAN_POINT('',(-0.132860527286939,-0.891933456646975,
1.4673301727142));
#33410=CARTESIAN_POINT('',(-0.134516989421606,-0.856379616871599,
1.48780639988407));
#33420=CARTESIAN_POINT('',(-0.130506771949574,-0.807447095713755,
1.51641662890942));
#33430=CARTESIAN_POINT('',(-0.120890811357505,-0.763334050342846,
1.54286185415291));
#33440=CARTESIAN_POINT('',(-0.105837280512329,-0.723849190484652,
1.56686569610418));
#33450=CARTESIAN_POINT('',(-0.0863704019430113,-0.690694756740339,
1.58707313948821));
#33460=CARTESIAN_POINT('',(-0.0610115759865927,-0.664083898881377,
1.60402716425209));
#33470=CARTESIAN_POINT('',(-0.0309503183103819,-0.646407842638721,
1.61503194727244));
#33480=CARTESIAN_POINT('',(-0.0103005033835234,-0.642418044131873,
1.61739014613487));
#33490=CARTESIAN_POINT('',(6.74538962841777E-12,-0.642418044132777,
1.61739014613435));
#33500=B_SPLINE_CURVE_WITH_KNOTS('',3,(#33390,#33400,#33410,#33420,
#33430,#33440,#33450,#33460,#33470,#33480,#33490),.UNSPECIFIED.,.F.,.F.,
(4,1,1,1,1,1,1,1,4),(0.,0.125,0.25,0.375,0.5,0.625,0.75,0.875,1.),
.UNSPECIFIED.);
#33510=CARTESIAN_POINT('',(-0.130681675258795,-0.910325321918212,
1.45686443485391));
#33520=VERTEX_POINT('',#33510);
#33530=CARTESIAN_POINT('',(0.,-0.642418044132384,1.61739014615336));
#33540=VERTEX_POINT('',#33530);
#33550=EDGE_CURVE('',#33520,#33540,#33500,.T.);
#33560=ORIENTED_EDGE('',*,*,#33550,.T.);
#33570=CARTESIAN_POINT('',(-0.149807274381564,0.0800000000000018,
1.47239864864865));
#33580=CARTESIAN_POINT('',(-0.147817571862153,-0.0288849426707019,
1.47069068264895));
#33590=CARTESIAN_POINT('',(-0.143757728138362,-0.247422367665008,
1.46724093252687));
#33600=CARTESIAN_POINT('',(-0.137395987779632,-0.577530875208848,
1.46203587995282));
#33610=CARTESIAN_POINT('',(-0.13296139094747,-0.79913866935786,
1.45860850540706));
#33620=CARTESIAN_POINT('',(-0.130681675258795,-0.910325321918212,
1.45686443485391));
#33630=B_SPLINE_CURVE_WITH_KNOTS('',3,(#33570,#33580,#33590,#33600,
#33610,#33620),.UNSPECIFIED.,.F.,.F.,(4,1,1,4),(0.,0.333333333333333,
0.666666666666667,1.),.UNSPECIFIED.);
#33640=EDGE_CURVE('',#1370,#33520,#33630,.T.);
#33650=ORIENTED_EDGE('',*,*,#33640,.T.);
#33660=ORIENTED_EDGE('',*,*,#1380,.F.);
#33670=ORIENTED_EDGE('',*,*,#16670,.F.);
#33680=CARTESIAN_POINT('',(6.74538962841777E-12,-0.642418044132777,
1.61739014613435));
#33690=CARTESIAN_POINT('',(0.0104171216578859,-0.64241804413369,
1.61739014613382));
#33700=CARTESIAN_POINT('',(0.0311982852205193,-0.64650460821694,
1.61497221867102));
#33710=CARTESIAN_POINT('',(0.0610699121741835,-0.664175831516666,
1.60397421738095));
#33720=CARTESIAN_POINT('',(0.0861995840284286,-0.690504397563804,
1.58718725439761));
#33730=CARTESIAN_POINT('',(0.1055499268126,-0.723268349694689,
1.56722028660318));
#33740=CARTESIAN_POINT('',(0.120707748269117,-0.762706022844821,
1.5432423509448));
#33750=CARTESIAN_POINT('',(0.130395176115033,-0.806683336587973,
1.51685022407015));
#33760=CARTESIAN_POINT('',(0.134517961440966,-0.855659328643509,
1.48822106820411));
#33770=CARTESIAN_POINT('',(0.132894705574531,-0.891644954972191,
1.46749434219189));
#33780=CARTESIAN_POINT('',(0.13068167525894,-0.910325321918198,
1.45686443485473));
#33790=B_SPLINE_CURVE_WITH_KNOTS('',3,(#33680,#33690,#33700,#33710,
#33720,#33730,#33740,#33750,#33760,#33770,#33780),.UNSPECIFIED.,.F.,.F.,
(4,1,1,1,1,1,1,1,4),(0.,0.125,0.25,0.375,0.5,0.625,0.75,0.875,1.),
.UNSPECIFIED.);
#33800=EDGE_CURVE('',#33540,#16660,#33790,.T.);
#33810=ORIENTED_EDGE('',*,*,#33800,.T.);
#33820=EDGE_LOOP('',(#33810,#33670,#33660,#33650,#33560));
#33830=FACE_OUTER_BOUND('',#33820,.T.);
#33840=ADVANCED_FACE('',(#33830),#33380,.T.);
#33850=CARTESIAN_POINT('',(0.147995011238086,-0.0040380592228762,-318.5)
);
#33860=DIRECTION('',(-1.92592994438725E-34,1.,2.94648481515741E-20));
#33870=DIRECTION('',(1.,1.92592994438725E-34,0.));
#33880=AXIS2_PLACEMENT_3D('',#33850,#33860,#33870);
#33890=PLANE('',#33880);
#33900=CARTESIAN_POINT('',(-3.15200498876191,-0.0040380592228762,
4.34999999999995));
#33910=DIRECTION('',(1.92592994438725E-34,-1.,-2.94648481515741E-20));
#33920=DIRECTION('',(-1.,-3.23443205778569E-34,4.44089209850056E-15));
#33930=AXIS2_PLACEMENT_3D('',#33900,#33910,#33920);
#33940=CIRCLE('',#33930,0.200000000000003);
#33950=CARTESIAN_POINT('',(-3.15200498876191,-0.0040380592228762,
4.14999999999997));
#33960=VERTEX_POINT('',#33950);
#33970=EDGE_CURVE('',#20080,#33960,#33940,.T.);
#33980=ORIENTED_EDGE('',*,*,#33970,.T.);
#33990=ORIENTED_EDGE('',*,*,#20090,.F.);
#34000=CARTESIAN_POINT('',(-3.15200498876191,-0.0040380592228762,
5.09999999999998));
#34010=DIRECTION('',(1.92592994438725E-34,-1.,-2.94648481515741E-20));
#34020=DIRECTION('',(-0.499999999999978,-2.55173070179146E-20,
0.866025403784451));
#34030=AXIS2_PLACEMENT_3D('',#34000,#34010,#34020);
#34040=CIRCLE('',#34030,0.200000000000013);
#34050=EDGE_CURVE('',#20710,#20000,#34040,.T.);
#34060=ORIENTED_EDGE('',*,*,#34050,.T.);
#34070=ORIENTED_EDGE('',*,*,#20720,.T.);
#34080=CARTESIAN_POINT('',(-2.33956942346377,-0.0040380592228762,
5.79999999999996));
#34090=DIRECTION('',(1.,1.92592994438725E-34,0.));
#34100=VECTOR('',#34090,1.);
#34110=LINE('',#34080,#34100);
#34120=CARTESIAN_POINT('',(-1.53200498876166,-0.0040380592228762,5.8));
#34130=VERTEX_POINT('',#34120);
#34140=EDGE_CURVE('',#20630,#34130,#34110,.T.);
#34150=ORIENTED_EDGE('',*,*,#34140,.F.);
#34160=CARTESIAN_POINT('',(-1.53200498876192,-0.00403805922287614,
5.59999999999998));
#34170=DIRECTION('',(1.92592994438725E-34,-1.,-2.94648481515741E-20));
#34180=DIRECTION('',(1.,4.37979975731375E-33,-1.42108547152018E-13));
#34190=AXIS2_PLACEMENT_3D('',#34160,#34170,#34180);
#34200=CIRCLE('',#34190,0.200000000000003);
#34210=CARTESIAN_POINT('',(-1.33200498876192,-0.0040380592228762,
5.59999999999997));
#34220=VERTEX_POINT('',#34210);
#34230=EDGE_CURVE('',#34220,#34130,#34200,.T.);
#34240=ORIENTED_EDGE('',*,*,#34230,.T.);
#34250=CARTESIAN_POINT('',(-1.33200498876192,-0.0040380592228762,
5.59999999999998));
#34260=DIRECTION('',(-5.67472333619398E-54,2.94648481515741E-20,-1.));
#34270=VECTOR('',#34260,1.);
#34280=LINE('',#34250,#34270);
#34290=CARTESIAN_POINT('',(-1.33200498876192,-0.0040380592228762,
5.35000000000001));
#34300=VERTEX_POINT('',#34290);
#34310=EDGE_CURVE('',#34220,#34300,#34280,.T.);
#34320=ORIENTED_EDGE('',*,*,#34310,.F.);
#34330=CARTESIAN_POINT('',(-1.53200498876192,-0.0040380592228762,
5.35000000000001));
#34340=DIRECTION('',(1.92592994438725E-34,-1.,-2.94648481515741E-20));
#34350=DIRECTION('',(0.707106781186664,2.08347939346067E-20,
-0.707106781186431));
#34360=AXIS2_PLACEMENT_3D('',#34330,#34340,#34350);
#34370=CIRCLE('',#34360,0.199999999999997);
#34380=EDGE_CURVE('',#31520,#34300,#34370,.T.);
#34390=ORIENTED_EDGE('',*,*,#34380,.T.);
#34400=ORIENTED_EDGE('',*,*,#31530,.T.);
#34410=CARTESIAN_POINT('',(-1.63200498876191,-0.0040380592228762,
5.24999999999997));
#34420=DIRECTION('',(1.92592994438725E-34,-1.,-2.94648481515741E-20));
#34430=DIRECTION('',(1.11022302462517E-15,2.94648481515741E-20,-1.));
#34440=AXIS2_PLACEMENT_3D('',#34410,#34420,#34430);
#34450=CIRCLE('',#34440,0.199999999999997);
#34460=EDGE_CURVE('',#28540,#31440,#34450,.T.);
#34470=ORIENTED_EDGE('',*,*,#34460,.T.);
#34480=ORIENTED_EDGE('',*,*,#28550,.F.);
#34490=CARTESIAN_POINT('',(-1.88200498876191,-0.00403805922287626,
4.84999999999996));
#34500=DIRECTION('',(-1.92592994438725E-34,1.,2.94648481515741E-20));
#34510=DIRECTION('',(-5.67472333619398E-54,2.94648481515741E-20,-1.));
#34520=AXIS2_PLACEMENT_3D('',#34490,#34500,#34510);
#34530=CIRCLE('',#34520,0.199999999999992);
#34540=CARTESIAN_POINT('',(-1.88200498876191,-0.0040380592228762,
4.64999999999997));
#34550=VERTEX_POINT('',#34540);
#34560=EDGE_CURVE('',#34550,#28460,#34530,.T.);
#34570=ORIENTED_EDGE('',*,*,#34560,.T.);
#34580=CARTESIAN_POINT('',(-1.88200498876191,-0.0040380592228762,
4.64999999999998));
#34590=DIRECTION('',(1.,1.92592994438725E-34,0.));
#34600=VECTOR('',#34590,1.);
#34610=LINE('',#34580,#34600);
#34620=CARTESIAN_POINT('',(-1.50203416229077,-0.0040380592228762,
4.64999999999998));
#34630=VERTEX_POINT('',#34620);
#34640=EDGE_CURVE('',#34550,#34630,#34610,.T.);
#34650=ORIENTED_EDGE('',*,*,#34640,.F.);
#34660=CARTESIAN_POINT('',(-1.50203416229077,-0.00403805922287609,
4.64999999999998));
#34670=DIRECTION('',(-5.67472333619398E-54,2.94648481515741E-20,-1.));
#34680=VECTOR('',#34670,1.);
#34690=LINE('',#34660,#34680);
#34700=CARTESIAN_POINT('',(-1.50203416229077,-0.0040380592228762,
4.14999999999998));
#34710=VERTEX_POINT('',#34700);
#34720=EDGE_CURVE('',#34630,#34710,#34690,.T.);
#34730=ORIENTED_EDGE('',*,*,#34720,.F.);
#34740=CARTESIAN_POINT('',(-1.50203416229077,-0.0040380592228762,
4.14999999999998));
#34750=DIRECTION('',(-1.,-1.92592994438725E-34,0.));
#34760=VECTOR('',#34750,1.);
#34770=LINE('',#34740,#34760);
#34780=EDGE_CURVE('',#34710,#33960,#34770,.T.);
#34790=ORIENTED_EDGE('',*,*,#34780,.F.);
#34800=EDGE_LOOP('',(#34790,#34730,#34650,#34570,#34480,#34470,#34400,
#34390,#34320,#34240,#34150,#34070,#34060,#33990,#33980));
#34810=FACE_OUTER_BOUND('',#34800,.T.);
#34820=ADVANCED_FACE('',(#34810),#33890,.F.);
#34830=CARTESIAN_POINT('',(-2.3,0.649999999999999,2.34999999999995));
#34840=DIRECTION('',(-1.92592994438725E-34,1.,2.94648481515741E-20));
#34850=DIRECTION('',(1.,1.92592994438725E-34,0.));
#34860=AXIS2_PLACEMENT_3D('',#34830,#34840,#34850);
#34870=CYLINDRICAL_SURFACE('',#34860,0.278867513459471);
#34880=CARTESIAN_POINT('',(-2.57886751345947,0.649999999999999,
2.34999999999995));
#34890=DIRECTION('',(-1.92592994438725E-34,1.,2.94648481515741E-20));
#34900=VECTOR('',#34890,1.);
#34910=LINE('',#34880,#34900);
#34920=CARTESIAN_POINT('',(-2.57886751345947,0.649999999999999,
2.34999999999995));
#34930=VERTEX_POINT('',#34920);
#34940=EDGE_CURVE('',#18660,#34930,#34910,.T.);
#34950=ORIENTED_EDGE('',*,*,#34940,.T.);
#34960=ORIENTED_EDGE('',*,*,#18690,.F.);
#34970=CARTESIAN_POINT('',(-2.02113248654053,0.649999999999999,
2.34999999999995));
#34980=DIRECTION('',(-1.92592994438725E-34,1.,2.94648481515741E-20));
#34990=VECTOR('',#34980,1.);
#35000=LINE('',#34970,#34990);
#35010=CARTESIAN_POINT('',(-2.02113248654053,0.649999999999999,
2.34999999999995));
#35020=VERTEX_POINT('',#35010);
#35030=EDGE_CURVE('',#18680,#35020,#35000,.T.);
#35040=ORIENTED_EDGE('',*,*,#35030,.F.);
#35050=CARTESIAN_POINT('',(-2.3,0.649999999999999,2.34999999999995));
#35060=DIRECTION('',(-1.92592994438725E-34,1.,2.94648481515741E-20));
#35070=DIRECTION('',(1.,1.92592994438725E-34,0.));
#35080=AXIS2_PLACEMENT_3D('',#35050,#35060,#35070);
#35090=CIRCLE('',#35080,0.278867513459471);
#35100=EDGE_CURVE('',#15830,#35020,#35090,.T.);
#35110=ORIENTED_EDGE('',*,*,#35100,.T.);
#35120=ORIENTED_EDGE('',*,*,#15840,.T.);
#35130=EDGE_CURVE('',#34930,#15810,#35090,.T.);
#35140=ORIENTED_EDGE('',*,*,#35130,.T.);
#35150=EDGE_LOOP('',(#35140,#35120,#35110,#35040,#34960,#34950));
#35160=FACE_OUTER_BOUND('',#35150,.T.);
#35170=ADVANCED_FACE('',(#35160),#34870,.F.);
#35180=CARTESIAN_POINT('',(-1.33200498876192,0.245961940777124,
-5.35000000000009));
#35190=DIRECTION('',(-1.,-1.92592994438725E-34,0.));
#35200=DIRECTION('',(5.67472333619398E-54,-2.94648481515741E-20,1.));
#35210=AXIS2_PLACEMENT_3D('',#35180,#35190,#35200);
#35220=PLANE('',#35210);
#35230=CARTESIAN_POINT('',(-1.33200498876191,0.245961940777124,
-5.60000000000001));
#35240=DIRECTION('',(1.92592994438725E-34,-1.,-2.94648481515741E-20));
#35250=VECTOR('',#35240,1.);
#35260=LINE('',#35230,#35250);
#35270=CARTESIAN_POINT('',(-1.33200498876191,-0.0040380592228762,
-5.59999999999998));
#35280=VERTEX_POINT('',#35270);
#35290=EDGE_CURVE('',#7020,#35280,#35260,.T.);
#35300=ORIENTED_EDGE('',*,*,#35290,.F.);
#35310=CARTESIAN_POINT('',(-1.33200498876192,-0.00403805922287631,
-5.35000000000009));
#35320=DIRECTION('',(-5.67472333619398E-54,2.94648481515741E-20,-1.));
#35330=VECTOR('',#35320,1.);
#35340=LINE('',#35310,#35330);
#35350=CARTESIAN_POINT('',(-1.33200498876192,-0.0040380592228762,
-5.35000000000015));
#35360=VERTEX_POINT('',#35350);
#35370=EDGE_CURVE('',#35360,#35280,#35340,.T.);
#35380=ORIENTED_EDGE('',*,*,#35370,.T.);
#35390=CARTESIAN_POINT('',(-1.33200498876192,-0.0040380592228762,
-5.35000000000009));
#35400=DIRECTION('',(-1.92592994438725E-34,1.,2.94648481515741E-20));
#35410=VECTOR('',#35400,1.);
#35420=LINE('',#35390,#35410);
#35430=EDGE_CURVE('',#35360,#7100,#35420,.T.);
#35440=ORIENTED_EDGE('',*,*,#35430,.F.);
#35450=ORIENTED_EDGE('',*,*,#7110,.F.);
#35460=EDGE_LOOP('',(#35450,#35440,#35380,#35300));
#35470=FACE_OUTER_BOUND('',#35460,.T.);
#35480=ADVANCED_FACE('',(#35470),#35220,.F.);
#35490=CARTESIAN_POINT('',(-1.63200498876191,0.245961940777124,
-5.25000000000004));
#35500=DIRECTION('',(-1.92592994438725E-34,1.,2.94648481515741E-20));
#35510=DIRECTION('',(1.,1.92592994438725E-34,0.));
#35520=AXIS2_PLACEMENT_3D('',#35490,#35500,#35510);
#35530=CYLINDRICAL_SURFACE('',#35520,0.200000000000004);
#35540=ORIENTED_EDGE('',*,*,#7370,.F.);
#35550=CARTESIAN_POINT('',(-1.49058363252459,-0.0040380592228762,
-5.10857864376274));
#35560=DIRECTION('',(-1.92592994438725E-34,1.,2.94648481515741E-20));
#35570=VECTOR('',#35560,1.);
#35580=LINE('',#35550,#35570);
#35590=CARTESIAN_POINT('',(-1.49058363252477,-0.0040380592228762,
-5.10857864376261));
#35600=VERTEX_POINT('',#35590);
#35610=EDGE_CURVE('',#35600,#7270,#35580,.T.);
#35620=ORIENTED_EDGE('',*,*,#35610,.T.);
#35630=CARTESIAN_POINT('',(-1.63200498876191,-0.0040380592228762,
-5.25000000000004));
#35640=DIRECTION('',(1.92592994438725E-34,-1.,-2.94648481515741E-20));
#35650=DIRECTION('',(0.707106781184894,-2.08347939346586E-20,
0.707106781188201));
#35660=AXIS2_PLACEMENT_3D('',#35630,#35640,#35650);
#35670=CIRCLE('',#35660,0.200000000000004);
#35680=CARTESIAN_POINT('',(-1.63200498876163,-0.0040380592228762,
-5.05000000000002));
#35690=VERTEX_POINT('',#35680);
#35700=EDGE_CURVE('',#35600,#35690,#35670,.T.);
#35710=ORIENTED_EDGE('',*,*,#35700,.F.);
#35720=CARTESIAN_POINT('',(-1.63200498876191,0.245961940777124,
-5.05000000000004));
#35730=DIRECTION('',(1.92592994438725E-34,-1.,-2.94648481515741E-20));
#35740=VECTOR('',#35730,1.);
#35750=LINE('',#35720,#35740);
#35760=EDGE_CURVE('',#7360,#35690,#35750,.T.);
#35770=ORIENTED_EDGE('',*,*,#35760,.T.);
#35780=EDGE_LOOP('',(#35770,#35710,#35620,#35540));
#35790=FACE_OUTER_BOUND('',#35780,.T.);
#35800=ADVANCED_FACE('',(#35790),#35530,.T.);
#35810=CARTESIAN_POINT('',(0.44999999999999,0.65,6.24641016151378));
#35820=DIRECTION('',(0.,-1.,0.));
#35830=DIRECTION('',(0.,0.,-1.));
#35840=AXIS2_PLACEMENT_3D('',#35810,#35820,#35830);
#35850=PLANE('',#35840);
#35860=CARTESIAN_POINT('',(-0.85,0.649999999999999,4.85000000000007));
#35870=DIRECTION('',(5.67472333619398E-54,-2.94648481515741E-20,1.));
#35880=VECTOR('',#35870,1.);
#35890=LINE('',#35860,#35880);
#35900=CARTESIAN_POINT('',(-0.850000000000001,0.649999999999999,
5.99999999999999));
#35910=VERTEX_POINT('',#35900);
#35920=EDGE_CURVE('',#20400,#35910,#35890,.T.);
#35930=ORIENTED_EDGE('',*,*,#35920,.T.);
#35940=ORIENTED_EDGE('',*,*,#20410,.T.);
#35950=ORIENTED_EDGE('',*,*,#19300,.T.);
#35960=CARTESIAN_POINT('',(0.849999999999989,0.649999999999999,0.));
#35970=DIRECTION('',(-1.24476710324794E-16,2.9464848151568E-20,-1.));
#35980=VECTOR('',#35970,1.);
#35990=LINE('',#35960,#35980);
#36000=EDGE_CURVE('',#26380,#19200,#35990,.T.);
#36010=ORIENTED_EDGE('',*,*,#36000,.T.);
#36020=ORIENTED_EDGE('',*,*,#26390,.T.);
#36030=CARTESIAN_POINT('',(-0.250000000000012,0.65,6.));
#36040=DIRECTION('',(1.,0.,0.));
#36050=VECTOR('',#36040,1.);
#36060=LINE('',#36030,#36050);
#36070=EDGE_CURVE('',#35910,#26300,#36060,.T.);
#36080=ORIENTED_EDGE('',*,*,#36070,.T.);
#36090=EDGE_LOOP('',(#36080,#36020,#36010,#35950,#35940,#35930));
#36100=FACE_OUTER_BOUND('',#36090,.T.);
#36110=ADVANCED_FACE('',(#36100),#35850,.F.);
#36120=CARTESIAN_POINT('',(-0.147995011238218,-0.00403805922319694,
-318.5));
#36130=DIRECTION('',(-4.10526825003624E-31,1.,-9.95276753369398E-16));
#36140=DIRECTION('',(1.,2.04740447771424E-34,-4.12269334299985E-16));
#36150=AXIS2_PLACEMENT_3D('',#36120,#36130,#36140);
#36160=PLANE('',#36150);
#36170=CARTESIAN_POINT('',(1.50203416229076,-0.00403805922288403,
-4.15000000000005));
#36180=DIRECTION('',(1.,2.08453906551904E-34,-5.38299468966795E-16));
#36190=VECTOR('',#36180,1.);
#36200=LINE('',#36170,#36190);
#36210=EDGE_CURVE('',#23850,#28060,#36200,.T.);
#36220=ORIENTED_EDGE('',*,*,#36210,.F.);
#36230=ORIENTED_EDGE('',*,*,#28070,.T.);
#36240=ORIENTED_EDGE('',*,*,#32790,.F.);
#36250=CARTESIAN_POINT('',(3.15200498876191,-0.00403805922288486,
-5.10000000000006));
#36260=DIRECTION('',(1.46466005261325E-17,-1.,9.69908097099959E-16));
#36270=DIRECTION('',(0.499999999999816,-8.32641751161828E-16,
-0.866025403784545));
#36280=AXIS2_PLACEMENT_3D('',#36250,#36260,#36270);
#36290=CIRCLE('',#36280,0.200000000000005);
#36300=EDGE_CURVE('',#25650,#32720,#36290,.T.);
#36310=ORIENTED_EDGE('',*,*,#36300,.T.);
#36320=ORIENTED_EDGE('',*,*,#25660,.T.);
#36330=CARTESIAN_POINT('',(2.33956942346375,-0.00403805922288564,
-5.80000000000003));
#36340=DIRECTION('',(-1.,6.66560873030327E-35,-8.79858875932838E-15));
#36350=VECTOR('',#36340,1.);
#36360=LINE('',#36330,#36350);
#36370=CARTESIAN_POINT('',(1.53200498876191,-0.00403805922288575,
-5.80000000000004));
#36380=VERTEX_POINT('',#36370);
#36390=EDGE_CURVE('',#25570,#36380,#36360,.T.);
#36400=ORIENTED_EDGE('',*,*,#36390,.F.);
#36410=CARTESIAN_POINT('',(1.53200498876191,-0.00403805922288553,
-5.60000000000001));
#36420=DIRECTION('',(-4.24324369333787E-28,-1.,9.95276753369398E-16));
#36430=DIRECTION('',(-1.,1.23690272941859E-32,-4.26325641456039E-13));
#36440=AXIS2_PLACEMENT_3D('',#36410,#36420,#36430);
#36450=CIRCLE('',#36440,0.20000000000001);
#36460=CARTESIAN_POINT('',(1.3320049887619,-0.00403805922288553,
-5.60000000000001));
#36470=VERTEX_POINT('',#36460);
#36480=EDGE_CURVE('',#36470,#36380,#36450,.T.);
#36490=ORIENTED_EDGE('',*,*,#36480,.T.);
#36500=CARTESIAN_POINT('',(1.33200498876191,-0.00403805922288553,
-5.60000000000001));
#36510=DIRECTION('',(-1.71051266722623E-49,8.8814895485227E-16,1.));
#36520=VECTOR('',#36510,1.);
#36530=LINE('',#36500,#36520);
#36540=CARTESIAN_POINT('',(1.33200498876192,-0.00403805922288525,
-5.35000000000009));
#36550=VERTEX_POINT('',#36540);
#36560=EDGE_CURVE('',#36470,#36550,#36530,.T.);
#36570=ORIENTED_EDGE('',*,*,#36560,.F.);
#36580=CARTESIAN_POINT('',(1.53200498876191,-0.00403805922288542,
-5.35000000000009));
#36590=DIRECTION('',(-9.11315628975349E-17,-1.,1.08640831626697E-15));
#36600=DIRECTION('',(-0.707106781186394,8.32646433674964E-16,
0.707106781186701));
#36610=AXIS2_PLACEMENT_3D('',#36580,#36590,#36600);
#36620=CIRCLE('',#36610,0.199999999999992);
#36630=CARTESIAN_POINT('',(1.39058363252461,-0.00403805922288514,
-5.20857864376275));
#36640=VERTEX_POINT('',#36630);
#36650=EDGE_CURVE('',#36640,#36550,#36620,.T.);
#36660=ORIENTED_EDGE('',*,*,#36650,.T.);
#36670=CARTESIAN_POINT('',(1.49058363252497,-0.00403805922288503,
-5.10857864376244));
#36680=DIRECTION('',(-0.70710678118665,-7.85025394545429E-16,
-0.707106781186445));
#36690=VECTOR('',#36680,1.);
#36700=LINE('',#36670,#36690);
#36710=CARTESIAN_POINT('',(1.49058363252476,-0.00403805922288503,
-5.10857864376255));
#36720=VERTEX_POINT('',#36710);
#36730=EDGE_CURVE('',#36720,#36640,#36700,.T.);
#36740=ORIENTED_EDGE('',*,*,#36730,.T.);
#36750=CARTESIAN_POINT('',(1.63200498876191,-0.0040380592228853,
-5.25000000000004));
#36760=DIRECTION('',(-3.31588763536838E-28,-1.,1.11019355977698E-15));
#36770=DIRECTION('',(-2.88546964100072E-12,1.11019355977698E-15,1.));
#36780=AXIS2_PLACEMENT_3D('',#36750,#36760,#36770);
#36790=CIRCLE('',#36780,0.200000000000004);
#36800=CARTESIAN_POINT('',(1.63200498876162,-0.00403805922288497,
-5.05000000000002));
#36810=VERTEX_POINT('',#36800);
#36820=EDGE_CURVE('',#36810,#36720,#36790,.T.);
#36830=ORIENTED_EDGE('',*,*,#36820,.T.);
#36840=CARTESIAN_POINT('',(1.63200498876191,-0.00403805922288486,
-5.05000000000007));
#36850=DIRECTION('',(1.,1.92592994438725E-34,0.));
#36860=VECTOR('',#36850,1.);
#36870=LINE('',#36840,#36860);
#36880=CARTESIAN_POINT('',(1.88200498876191,-0.00403805922288497,
-5.05000000000002));
#36890=VERTEX_POINT('',#36880);
#36900=EDGE_CURVE('',#36810,#36890,#36870,.T.);
#36910=ORIENTED_EDGE('',*,*,#36900,.F.);
#36920=CARTESIAN_POINT('',(1.88200498876191,-0.00403805922288475,
-4.85000000000003));
#36930=DIRECTION('',(-1.92592994438725E-34,1.,-1.11019355977705E-15));
#36940=DIRECTION('',(-2.13815502084049E-49,1.11019355977705E-15,1.));
#36950=AXIS2_PLACEMENT_3D('',#36920,#36930,#36940);
#36960=CIRCLE('',#36950,0.199999999999992);
#36970=CARTESIAN_POINT('',(1.88200498876191,-0.00403805922288458,
-4.65000000000004));
#36980=VERTEX_POINT('',#36970);
#36990=EDGE_CURVE('',#36980,#36890,#36960,.T.);
#37000=ORIENTED_EDGE('',*,*,#36990,.T.);
#37010=CARTESIAN_POINT('',(1.88200498876191,-0.00403805922288458,
-4.65000000000005));
#37020=DIRECTION('',(-1.,-1.92592994438725E-34,0.));
#37030=VECTOR('',#37020,1.);
#37040=LINE('',#37010,#37030);
#37050=EDGE_CURVE('',#36980,#23930,#37040,.T.);
#37060=ORIENTED_EDGE('',*,*,#37050,.F.);
#37070=ORIENTED_EDGE('',*,*,#23940,.F.);
#37080=EDGE_LOOP('',(#37070,#37060,#37000,#36910,#36830,#36740,#36660,
#36570,#36490,#36400,#36320,#36310,#36240,#36230,#36220));
#37090=FACE_OUTER_BOUND('',#37080,.T.);
#37100=ADVANCED_FACE('',(#37090),#36160,.F.);
#37110=CARTESIAN_POINT('',(-3.15200498876191,0.245961940777124,
4.34999999999995));
#37120=DIRECTION('',(-1.92592994438725E-34,1.,2.94648481515741E-20));
#37130=DIRECTION('',(1.,1.92592994438725E-34,0.));
#37140=AXIS2_PLACEMENT_3D('',#37110,#37120,#37130);
#37150=CYLINDRICAL_SURFACE('',#37140,0.200000000000003);
#37160=ORIENTED_EDGE('',*,*,#3150,.F.);
#37170=ORIENTED_EDGE('',*,*,#20150,.T.);
#37180=ORIENTED_EDGE('',*,*,#33970,.F.);
#37190=CARTESIAN_POINT('',(-3.15200498876191,0.245961940777124,
4.14999999999995));
#37200=DIRECTION('',(1.92592994438725E-34,-1.,-2.94648481515741E-20));
#37210=VECTOR('',#37200,1.);
#37220=LINE('',#37190,#37210);
#37230=EDGE_CURVE('',#3140,#33960,#37220,.T.);
#37240=ORIENTED_EDGE('',*,*,#37230,.T.);
#37250=EDGE_LOOP('',(#37240,#37180,#37170,#37160));
#37260=FACE_OUTER_BOUND('',#37250,.T.);
#37270=ADVANCED_FACE('',(#37260),#37150,.T.);
#37280=CARTESIAN_POINT('',(-1.88200498876191,0.245961940777124,
4.84999999999996));
#37290=DIRECTION('',(-1.92592994438725E-34,1.,2.94648481515741E-20));
#37300=DIRECTION('',(1.,1.92592994438725E-34,0.));
#37310=AXIS2_PLACEMENT_3D('',#37280,#37290,#37300);
#37320=CYLINDRICAL_SURFACE('',#37310,0.199999999999992);
#37330=ORIENTED_EDGE('',*,*,#3480,.T.);
#37340=CARTESIAN_POINT('',(-1.88200498876191,-0.00403805922287626,
4.64999999999996));
#37350=DIRECTION('',(-1.92592994438725E-34,1.,2.94648481515741E-20));
#37360=VECTOR('',#37350,1.);
#37370=LINE('',#37340,#37360);
#37380=EDGE_CURVE('',#34550,#3380,#37370,.T.);
#37390=ORIENTED_EDGE('',*,*,#37380,.T.);
#37400=ORIENTED_EDGE('',*,*,#34560,.F.);
#37410=ORIENTED_EDGE('',*,*,#28470,.T.);
#37420=EDGE_LOOP('',(#37410,#37400,#37390,#37330));
#37430=FACE_OUTER_BOUND('',#37420,.T.);
#37440=ADVANCED_FACE('',(#37430),#37320,.F.);
#37450=CARTESIAN_POINT('',(1.88200498876191,0.245961940777115,
-4.85000000000003));
#37460=DIRECTION('',(-1.92592994438725E-34,1.,-9.95276753369398E-16));
#37470=DIRECTION('',(1.,1.92592994438725E-34,0.));
#37480=AXIS2_PLACEMENT_3D('',#37450,#37460,#37470);
#37490=CYLINDRICAL_SURFACE('',#37480,0.199999999999992);
#37500=CARTESIAN_POINT('',(1.88200498876191,0.245961940777115,
-5.05000000000003));
#37510=DIRECTION('',(1.92592994438725E-34,-1.,3.55268421395235E-15));
#37520=VECTOR('',#37510,1.);
#37530=LINE('',#37500,#37520);
#37540=EDGE_CURVE('',#6000,#36890,#37530,.T.);
#37550=ORIENTED_EDGE('',*,*,#37540,.T.);
#37560=ORIENTED_EDGE('',*,*,#6010,.T.);
#37570=CARTESIAN_POINT('',(1.88200498876191,-0.00403805922288458,
-4.65000000000004));
#37580=DIRECTION('',(-1.92592994438725E-34,1.,2.94648481515741E-20));
#37590=VECTOR('',#37580,1.);
#37600=LINE('',#37570,#37590);
#37610=EDGE_CURVE('',#36980,#5910,#37600,.T.);
#37620=ORIENTED_EDGE('',*,*,#37610,.T.);
#37630=ORIENTED_EDGE('',*,*,#36990,.F.);
#37640=EDGE_LOOP('',(#37630,#37620,#37560,#37550));
#37650=FACE_OUTER_BOUND('',#37640,.T.);
#37660=ADVANCED_FACE('',(#37650),#37490,.F.);
#37670=CARTESIAN_POINT('',(-2.72298512696554,-1.01641038013496,
4.14999999999998));
#37680=DIRECTION('',(0.,-2.94648481515741E-20,1.));
#37690=DIRECTION('',(0.707106781186546,0.707106781186549,
2.083479393461E-20));
#37700=AXIS2_PLACEMENT_3D('',#37670,#37680,#37690);
#37710=PLANE('',#37700);
#37720=ORIENTED_EDGE('',*,*,#37230,.F.);
#37730=ORIENTED_EDGE('',*,*,#34780,.T.);
#37740=CARTESIAN_POINT('',(-1.50203416229077,0.345961940777124,
4.14999999999998));
#37750=DIRECTION('',(-5.67472333619398E-54,2.94648481515741E-20,-1.));
#37760=DIRECTION('',(0.707106781186549,-0.707106781186547,
-2.08347939346099E-20));
#37770=AXIS2_PLACEMENT_3D('',#37740,#37750,#37760);
#37780=CIRCLE('',#37770,0.35);
#37790=EDGE_CURVE('',#3220,#34710,#37780,.T.);
#37800=ORIENTED_EDGE('',*,*,#37790,.T.);
#37810=ORIENTED_EDGE('',*,*,#3230,.F.);
#37820=EDGE_LOOP('',(#37810,#37800,#37730,#37720));
#37830=FACE_OUTER_BOUND('',#37820,.T.);
#37840=ADVANCED_FACE('',(#37830),#37710,.F.);
#37850=CARTESIAN_POINT('',(0.,-1.7117691453624,0.));
#37860=DIRECTION('',(0.,1.,0.));
#37870=DIRECTION('',(0.,0.,1.));
#37880=AXIS2_PLACEMENT_3D('',#37850,#37860,#37870);
#37890=CONICAL_SURFACE('',#37880,1.,0.523598775598293);
#37900=CARTESIAN_POINT('',(0.,-0.91032532191818,0.));
#37910=DIRECTION('',(0.,1.,0.));
#37920=DIRECTION('',(-0.0893419304751308,0.,-0.996001013784111));
#37930=AXIS2_PLACEMENT_3D('',#37900,#37910,#37920);
#37940=CIRCLE('',#37930,1.46271380720586);
#37950=EDGE_CURVE('',#31800,#21510,#37940,.T.);
#37960=ORIENTED_EDGE('',*,*,#37950,.F.);
#37970=ORIENTED_EDGE('',*,*,#21520,.F.);
#37980=ORIENTED_EDGE('',*,*,#21410,.F.);
#37990=ORIENTED_EDGE('',*,*,#21820,.F.);
#38000=CARTESIAN_POINT('',(0.,-0.91032532191818,0.));
#38010=DIRECTION('',(0.,1.,0.));
#38020=DIRECTION('',(-0.9960010137847,0.,0.089341930468565));
#38030=AXIS2_PLACEMENT_3D('',#38000,#38010,#38020);
#38040=CIRCLE('',#38030,1.46271380720586);
#38050=EDGE_CURVE('',#21720,#33520,#38040,.T.);
#38060=ORIENTED_EDGE('',*,*,#38050,.F.);
#38070=ORIENTED_EDGE('',*,*,#33550,.F.);
#38080=CARTESIAN_POINT('',(0.,-1.7117691453624,1.));
#38090=DIRECTION('',(0.,0.866025403784442,0.499999999999995));
#38100=VECTOR('',#38090,2.00000000000002);
#38110=LINE('',#38080,#38100);
#38120=EDGE_CURVE('',#17040,#33540,#38110,.T.);
#38130=ORIENTED_EDGE('',*,*,#38120,.T.);
#38140=ORIENTED_EDGE('',*,*,#17070,.F.);
#38150=CARTESIAN_POINT('',(1.22464679914735E-16,-1.7117691453624,-1.));
#38160=DIRECTION('',(6.1232339957367E-17,0.866025403784442,
-0.499999999999995));
#38170=VECTOR('',#38160,2.00000000000002);
#38180=LINE('',#38150,#38170);
#38190=EDGE_CURVE('',#17020,#31960,#38180,.T.);
#38200=ORIENTED_EDGE('',*,*,#38190,.F.);
#38210=ORIENTED_EDGE('',*,*,#31970,.F.);
#38220=EDGE_LOOP('',(#38210,#38200,#38140,#38130,#38070,#38060,#37990,
#37980,#37970,#37960));
#38230=FACE_OUTER_BOUND('',#38220,.T.);
#38240=ADVANCED_FACE('',(#38230),#37890,.T.);
#38250=CARTESIAN_POINT('',(4.5,-1.25,0.));
#38260=DIRECTION('',(0.,1.,0.));
#38270=DIRECTION('',(0.,0.,1.));
#38280=AXIS2_PLACEMENT_3D('',#38250,#38260,#38270);
#38290=CYLINDRICAL_SURFACE('',#38280,0.55);
#38300=CARTESIAN_POINT('',(4.5,-1.25,0.55));
#38310=DIRECTION('',(0.,1.,0.));
#38320=VECTOR('',#38310,1.);
#38330=LINE('',#38300,#38320);
#38340=EDGE_CURVE('',#11780,#9090,#38330,.T.);
#38350=ORIENTED_EDGE('',*,*,#38340,.F.);
#38360=ORIENTED_EDGE('',*,*,#9120,.F.);
#38370=CARTESIAN_POINT('',(4.5,-1.25,-0.55));
#38380=DIRECTION('',(0.,1.,0.));
#38390=VECTOR('',#38380,1.);
#38400=LINE('',#38370,#38390);
#38410=EDGE_CURVE('',#11600,#9070,#38400,.T.);
#38420=ORIENTED_EDGE('',*,*,#38410,.T.);
#38430=ORIENTED_EDGE('',*,*,#11860,.F.);
#38440=EDGE_LOOP('',(#38430,#38420,#38360,#38350));
#38450=FACE_OUTER_BOUND('',#38440,.T.);
#38460=ADVANCED_FACE('',(#38450),#38290,.T.);
#38470=CARTESIAN_POINT('',(1.53200498876191,0.245961940777114,
-5.60000000000001));
#38480=DIRECTION('',(-1.92592994438725E-34,1.,-9.95276753369398E-16));
#38490=DIRECTION('',(1.,1.92592994438725E-34,0.));
#38500=AXIS2_PLACEMENT_3D('',#38470,#38480,#38490);
#38510=CYLINDRICAL_SURFACE('',#38500,0.20000000000001);
#38520=CARTESIAN_POINT('',(1.53200498876191,0.245961940777114,
-5.60000000000001));
#38530=DIRECTION('',(-2.66837041553528E-32,1.,-9.71415681698812E-16));
#38540=DIRECTION('',(1.1102230246251E-15,-9.71415681698812E-16,-1.));
#38550=AXIS2_PLACEMENT_3D('',#38520,#38530,#38540);
#38560=CIRCLE('',#38550,0.20000000000001);
#38570=CARTESIAN_POINT('',(1.53200498876191,0.245961940777114,
-5.80000000000002));
#38580=VERTEX_POINT('',#38570);
#38590=EDGE_CURVE('',#38580,#30500,#38560,.T.);
#38600=ORIENTED_EDGE('',*,*,#38590,.F.);
#38610=ORIENTED_EDGE('',*,*,#30510,.T.);
#38620=ORIENTED_EDGE('',*,*,#6520,.F.);
#38630=CARTESIAN_POINT('',(1.3320049887619,-0.00403805922288553,
-5.60000000000001));
#38640=DIRECTION('',(-1.92592994438725E-34,1.,2.94648481515741E-20));
#38650=VECTOR('',#38640,1.);
#38660=LINE('',#38630,#38650);
#38670=EDGE_CURVE('',#36470,#6420,#38660,.T.);
#38680=ORIENTED_EDGE('',*,*,#38670,.T.);
#38690=ORIENTED_EDGE('',*,*,#36480,.F.);
#38700=CARTESIAN_POINT('',(1.53200498876191,0.245961940777114,
-5.80000000000001));
#38710=DIRECTION('',(1.92592994438725E-34,-1.,-2.94648481515741E-20));
#38720=VECTOR('',#38710,1.);
#38730=LINE('',#38700,#38720);
#38740=EDGE_CURVE('',#38580,#36380,#38730,.T.);
#38750=ORIENTED_EDGE('',*,*,#38740,.T.);
#38760=EDGE_LOOP('',(#38750,#38690,#38680,#38620,#38610,#38600));
#38770=FACE_OUTER_BOUND('',#38760,.T.);
#38780=ADVANCED_FACE('',(#38770),#38510,.T.);
#38790=CARTESIAN_POINT('',(3.1,-2.08832861614873,3.03000000000001));
#38800=DIRECTION('',(0.,1.,0.));
#38810=DIRECTION('',(0.,0.,1.));
#38820=AXIS2_PLACEMENT_3D('',#38790,#38800,#38810);
#38830=CYLINDRICAL_SURFACE('',#38820,0.17);
#38840=CARTESIAN_POINT('',(3.27,0.0800000000000001,3.03000000000001));
#38850=DIRECTION('',(0.,-1.,0.));
#38860=VECTOR('',#38850,1.);
#38870=LINE('',#38840,#38860);
#38880=EDGE_CURVE('',#310,#8640,#38870,.T.);
#38890=ORIENTED_EDGE('',*,*,#38880,.T.);
#38900=ORIENTED_EDGE('',*,*,#320,.F.);
#38910=CARTESIAN_POINT('',(3.1,-8.88178419700125E-16,3.20000000000001));
#38920=DIRECTION('',(0.,1.,0.));
#38930=VECTOR('',#38920,1.);
#38940=LINE('',#38910,#38930);
#38950=EDGE_CURVE('',#8730,#220,#38940,.T.);
#38960=ORIENTED_EDGE('',*,*,#38950,.T.);
#38970=ORIENTED_EDGE('',*,*,#8740,.F.);
#38980=EDGE_LOOP('',(#38970,#38960,#38900,#38890));
#38990=FACE_OUTER_BOUND('',#38980,.T.);
#39000=ADVANCED_FACE('',(#38990),#38830,.F.);
#39010=CARTESIAN_POINT('',(-1.53200498876192,0.245961940777124,
-5.60000000000001));
#39020=DIRECTION('',(-1.92592994438725E-34,1.,2.94648481515741E-20));
#39030=DIRECTION('',(1.,1.92592994438725E-34,0.));
#39040=AXIS2_PLACEMENT_3D('',#39010,#39020,#39030);
#39050=CYLINDRICAL_SURFACE('',#39040,0.20000000000001);
#39060=ORIENTED_EDGE('',*,*,#7030,.F.);
#39070=ORIENTED_EDGE('',*,*,#10560,.F.);
#39080=ORIENTED_EDGE('',*,*,#32470,.F.);
#39090=ORIENTED_EDGE('',*,*,#23130,.T.);
#39100=CARTESIAN_POINT('',(-1.53200498876192,-0.00403805922287614,
-5.60000000000001));
#39110=DIRECTION('',(1.92592994438725E-34,-1.,-2.94648481515741E-20));
#39120=DIRECTION('',(1.1102230246251E-15,2.94648481515741E-20,-1.));
#39130=AXIS2_PLACEMENT_3D('',#39100,#39110,#39120);
#39140=CIRCLE('',#39130,0.20000000000001);
#39150=EDGE_CURVE('',#23060,#35280,#39140,.T.);
#39160=ORIENTED_EDGE('',*,*,#39150,.F.);
#39170=ORIENTED_EDGE('',*,*,#35290,.T.);
#39180=EDGE_LOOP('',(#39170,#39160,#39090,#39080,#39070,#39060));
#39190=FACE_OUTER_BOUND('',#39180,.T.);
#39200=ADVANCED_FACE('',(#39190),#39050,.T.);
#39210=CARTESIAN_POINT('',(-1.53200498876192,0.245961940777124,
5.35000000000001));
#39220=DIRECTION('',(-1.92592994438725E-34,1.,2.94648481515741E-20));
#39230=DIRECTION('',(1.,1.92592994438725E-34,0.));
#39240=AXIS2_PLACEMENT_3D('',#39210,#39220,#39230);
#39250=CYLINDRICAL_SURFACE('',#39240,0.199999999999997);
#39260=ORIENTED_EDGE('',*,*,#3820,.F.);
#39270=ORIENTED_EDGE('',*,*,#31590,.T.);
#39280=ORIENTED_EDGE('',*,*,#34380,.F.);
#39290=CARTESIAN_POINT('',(-1.33200498876192,0.245961940777124,
5.35000000000001));
#39300=DIRECTION('',(1.92592994438725E-34,-1.,-2.94648481515741E-20));
#39310=VECTOR('',#39300,1.);
#39320=LINE('',#39290,#39310);
#39330=EDGE_CURVE('',#3810,#34300,#39320,.T.);
#39340=ORIENTED_EDGE('',*,*,#39330,.T.);
#39350=EDGE_LOOP('',(#39340,#39280,#39270,#39260));
#39360=FACE_OUTER_BOUND('',#39350,.T.);
#39370=ADVANCED_FACE('',(#39360),#39250,.T.);
#39380=CARTESIAN_POINT('',(0.,0.08,0.));
#39390=DIRECTION('',(0.,1.,0.));
#39400=DIRECTION('',(0.,0.,1.));
#39410=AXIS2_PLACEMENT_3D('',#39380,#39390,#39400);
#39420=PLANE('',#39410);
#39430=ORIENTED_EDGE('',*,*,#33220,.T.);
#39440=EDGE_CURVE('',#33210,#33120,#33190,.T.);
#39450=ORIENTED_EDGE('',*,*,#39440,.T.);
#39460=EDGE_LOOP('',(#39450,#39430));
#39470=FACE_OUTER_BOUND('',#39460,.T.);
#39480=ADVANCED_FACE('',(#39470),#39420,.F.);
#39490=CARTESIAN_POINT('',(2.16840434497101E-16,0.399999999999999,-318.5
));
#39500=DIRECTION('',(-1.92592994438725E-34,1.,2.94648481515741E-20));
#39510=DIRECTION('',(1.,1.92592994438725E-34,0.));
#39520=AXIS2_PLACEMENT_3D('',#39490,#39500,#39510);
#39530=PLANE('',#39520);
#39540=CARTESIAN_POINT('',(2.3,0.399999999999999,0.849999999999991));
#39550=DIRECTION('',(0.,-1.,0.));
#39560=DIRECTION('',(0.,0.,-1.));
#39570=AXIS2_PLACEMENT_3D('',#39540,#39550,#39560);
#39580=CIRCLE('',#39570,0.6);
#39590=CARTESIAN_POINT('',(2.3,0.4,0.249999999999992));
#39600=VERTEX_POINT('',#39590);
#39610=CARTESIAN_POINT('',(2.3,0.399999999999999,1.44999999999999));
#39620=VERTEX_POINT('',#39610);
#39630=EDGE_CURVE('',#39600,#39620,#39580,.T.);
#39640=ORIENTED_EDGE('',*,*,#39630,.T.);
#39650=EDGE_CURVE('',#39620,#39600,#39580,.T.);
#39660=ORIENTED_EDGE('',*,*,#39650,.T.);
#39670=EDGE_LOOP('',(#39660,#39640));
#39680=FACE_OUTER_BOUND('',#39670,.T.);
#39690=CARTESIAN_POINT('',(2.3,0.399999999999999,0.849999999999951));
#39700=DIRECTION('',(-1.92592994438725E-34,1.,2.94648481515741E-20));
#39710=DIRECTION('',(1.,-2.29704994828372E-34,1.43322642321011E-14));
#39720=AXIS2_PLACEMENT_3D('',#39690,#39700,#39710);
#39730=CIRCLE('',#39720,0.278867513459499);
#39740=CARTESIAN_POINT('',(2.0211324865405,0.399999999999999,
0.849999999999951));
#39750=VERTEX_POINT('',#39740);
#39760=CARTESIAN_POINT('',(2.5788675134595,0.399999999999999,
0.849999999999951));
#39770=VERTEX_POINT('',#39760);
#39780=EDGE_CURVE('',#39750,#39770,#39730,.T.);
#39790=ORIENTED_EDGE('',*,*,#39780,.T.);
#39800=EDGE_CURVE('',#39770,#39750,#39730,.T.);
#39810=ORIENTED_EDGE('',*,*,#39800,.T.);
#39820=EDGE_LOOP('',(#39810,#39790));
#39830=FACE_BOUND('',#39820,.T.);
#39840=ADVANCED_FACE('',(#39680,#39830),#39530,.F.);
#39850=CARTESIAN_POINT('',(2.3,0.649999999999999,0.849999999999951));
#39860=DIRECTION('',(-1.92592994438725E-34,1.,2.94648481515741E-20));
#39870=DIRECTION('',(1.,1.92592994438725E-34,0.));
#39880=AXIS2_PLACEMENT_3D('',#39850,#39860,#39870);
#39890=CYLINDRICAL_SURFACE('',#39880,0.278867513459499);
#39900=CARTESIAN_POINT('',(2.0211324865405,0.649999999999999,
0.849999999999951));
#39910=DIRECTION('',(-1.92592994438725E-34,1.,2.94648481515741E-20));
#39920=VECTOR('',#39910,1.);
#39930=LINE('',#39900,#39920);
#39940=EDGE_CURVE('',#39750,#12040,#39930,.T.);
#39950=ORIENTED_EDGE('',*,*,#39940,.F.);
#39960=ORIENTED_EDGE('',*,*,#12050,.T.);
#39970=CARTESIAN_POINT('',(2.5788675134595,0.649999999999999,
0.849999999999951));
#39980=DIRECTION('',(-1.92592994438725E-34,1.,2.94648481515741E-20));
#39990=VECTOR('',#39980,1.);
#40000=LINE('',#39970,#39990);
#40010=EDGE_CURVE('',#39770,#12020,#40000,.T.);
#40020=ORIENTED_EDGE('',*,*,#40010,.T.);
#40030=ORIENTED_EDGE('',*,*,#39800,.F.);
#40040=EDGE_LOOP('',(#40030,#40020,#39960,#39950));
#40050=FACE_OUTER_BOUND('',#40040,.T.);
#40060=ADVANCED_FACE('',(#40050),#39890,.F.);
#40070=CARTESIAN_POINT('',(-0.147995011238218,0.245961940776803,-318.5))
;
#40080=DIRECTION('',(-4.10526825003624E-31,1.,-9.95276753369398E-16));
#40090=DIRECTION('',(1.,2.04740447771424E-34,-4.12269334299985E-16));
#40100=AXIS2_PLACEMENT_3D('',#40070,#40080,#40090);
#40110=PLANE('',#40100);
#40120=ORIENTED_EDGE('',*,*,#38590,.T.);
#40130=CARTESIAN_POINT('',(2.33956942346375,0.245961940777114,
-5.80000000000002));
#40140=DIRECTION('',(-1.,-1.92592994438725E-34,0.));
#40150=VECTOR('',#40140,1.);
#40160=LINE('',#40130,#40150);
#40170=EDGE_CURVE('',#25490,#38580,#40160,.T.);
#40180=ORIENTED_EDGE('',*,*,#40170,.T.);
#40190=ORIENTED_EDGE('',*,*,#25500,.T.);
#40200=CARTESIAN_POINT('',(3.15200498876191,0.245961940777115,
-5.10000000000006));
#40210=DIRECTION('',(-4.33164849559927E-28,1.,-9.95276753369398E-16));
#40220=DIRECTION('',(1.,1.30159137057433E-32,-4.3520742565305E-13));
#40230=AXIS2_PLACEMENT_3D('',#40200,#40210,#40220);
#40240=CIRCLE('',#40230,0.200000000000005);
#40250=EDGE_CURVE('',#32640,#25470,#40240,.T.);
#40260=ORIENTED_EDGE('',*,*,#40250,.T.);
#40270=ORIENTED_EDGE('',*,*,#32650,.T.);
#40280=ORIENTED_EDGE('',*,*,#30600,.F.);
#40290=EDGE_LOOP('',(#40280,#40270,#40260,#40190,#40180,#40120));
#40300=FACE_OUTER_BOUND('',#40290,.T.);
#40310=ADVANCED_FACE('',(#40300),#40110,.T.);
#40320=CARTESIAN_POINT('',(0.84999999999999,0.65,6.16715728752542));
#40330=DIRECTION('',(-1.,0.,1.24476710324794E-16));
#40340=DIRECTION('',(1.24476710324794E-16,0.,1.));
#40350=AXIS2_PLACEMENT_3D('',#40320,#40330,#40340);
#40360=PLANE('',#40350);
#40370=ORIENTED_EDGE('',*,*,#19210,.F.);
#40380=CARTESIAN_POINT('',(0.849999999999992,0.799999999999999,
5.43392123608725));
#40390=DIRECTION('',(0.,0.,1.));
#40400=VECTOR('',#40390,1.);
#40410=LINE('',#40380,#40400);
#40420=EDGE_CURVE('',#19120,#30250,#40410,.T.);
#40430=ORIENTED_EDGE('',*,*,#40420,.F.);
#40440=ORIENTED_EDGE('',*,*,#30260,.F.);
#40450=ORIENTED_EDGE('',*,*,#36000,.F.);
#40460=EDGE_LOOP('',(#40450,#40440,#40430,#40370));
#40470=FACE_OUTER_BOUND('',#40460,.T.);
#40480=ADVANCED_FACE('',(#40470),#40360,.T.);
#40490=CARTESIAN_POINT('',(-1.88200498876191,0.245961940777124,
-4.85000000000003));
#40500=DIRECTION('',(-1.92592994438725E-34,1.,2.94648481515741E-20));
#40510=DIRECTION('',(1.,1.92592994438725E-34,0.));
#40520=AXIS2_PLACEMENT_3D('',#40490,#40500,#40510);
#40530=CYLINDRICAL_SURFACE('',#40520,0.199999999999992);
#40540=ORIENTED_EDGE('',*,*,#7540,.T.);
#40550=CARTESIAN_POINT('',(-1.88200498876191,-0.00403805922287626,
-5.05000000000002));
#40560=DIRECTION('',(-1.92592994438725E-34,1.,2.94648481515741E-20));
#40570=VECTOR('',#40560,1.);
#40580=LINE('',#40550,#40570);
#40590=CARTESIAN_POINT('',(-1.88200498876166,-0.0040380592228762,
-5.05000000000006));
#40600=VERTEX_POINT('',#40590);
#40610=EDGE_CURVE('',#40600,#7440,#40580,.T.);
#40620=ORIENTED_EDGE('',*,*,#40610,.T.);
#40630=CARTESIAN_POINT('',(-1.88200498876191,-0.00403805922287626,
-4.85000000000003));
#40640=DIRECTION('',(-1.92592994438725E-34,1.,2.94648481515741E-20));
#40650=DIRECTION('',(2.50910403565295E-12,2.94648481515741E-20,-1.));
#40660=AXIS2_PLACEMENT_3D('',#40630,#40640,#40650);
#40670=CIRCLE('',#40660,0.199999999999992);
#40680=EDGE_CURVE('',#40600,#18180,#40670,.T.);
#40690=ORIENTED_EDGE('',*,*,#40680,.F.);
#40700=ORIENTED_EDGE('',*,*,#18190,.T.);
#40710=EDGE_LOOP('',(#40700,#40690,#40620,#40540));
#40720=FACE_OUTER_BOUND('',#40710,.T.);
#40730=ADVANCED_FACE('',(#40720),#40530,.F.);
#40740=CARTESIAN_POINT('',(-3.15200498876191,0.245961940777124,
5.09999999999998));
#40750=DIRECTION('',(-1.92592994438725E-34,1.,2.94648481515741E-20));
#40760=DIRECTION('',(1.,1.92592994438725E-34,0.));
#40770=AXIS2_PLACEMENT_3D('',#40740,#40750,#40760);
#40780=CYLINDRICAL_SURFACE('',#40770,0.200000000000013);
#40790=ORIENTED_EDGE('',*,*,#12510,.F.);
#40800=ORIENTED_EDGE('',*,*,#20780,.T.);
#40810=ORIENTED_EDGE('',*,*,#34050,.F.);
#40820=ORIENTED_EDGE('',*,*,#20010,.T.);
#40830=EDGE_LOOP('',(#40820,#40810,#40800,#40790));
#40840=FACE_OUTER_BOUND('',#40830,.T.);
#40850=ADVANCED_FACE('',(#40840),#40780,.T.);
#40860=CARTESIAN_POINT('',(-1.33200498876192,0.245961940777124,
5.35000000000001));
#40870=DIRECTION('',(-1.,-1.92592994438725E-34,0.));
#40880=DIRECTION('',(5.67472333619398E-54,-2.94648481515741E-20,1.));
#40890=AXIS2_PLACEMENT_3D('',#40860,#40870,#40880);
#40900=PLANE('',#40890);
#40910=ORIENTED_EDGE('',*,*,#39330,.F.);
#40920=ORIENTED_EDGE('',*,*,#34310,.T.);
#40930=CARTESIAN_POINT('',(-1.33200498876191,-0.00403805922287614,
5.59999999999998));
#40940=DIRECTION('',(-1.92592994438725E-34,1.,2.94648481515741E-20));
#40950=VECTOR('',#40940,1.);
#40960=LINE('',#40930,#40950);
#40970=EDGE_CURVE('',#34220,#3890,#40960,.T.);
#40980=ORIENTED_EDGE('',*,*,#40970,.F.);
#40990=ORIENTED_EDGE('',*,*,#3900,.F.);
#41000=EDGE_LOOP('',(#40990,#40980,#40920,#40910));
#41010=FACE_OUTER_BOUND('',#41000,.T.);
#41020=ADVANCED_FACE('',(#41010),#40900,.F.);
#41030=CARTESIAN_POINT('',(-1.93977046885428E-19,8.99,
5.42976580892665E-20));
#41040=DIRECTION('',(0.,-1.,0.));
#41050=DIRECTION('',(0.,0.,-1.));
#41060=AXIS2_PLACEMENT_3D('',#41030,#41040,#41050);
#41070=TOROIDAL_SURFACE('',#41060,3.25,0.1);
#41080=CARTESIAN_POINT('',(-1.93977046885428E-19,8.99,-3.25));
#41090=DIRECTION('',(1.,0.,0.));
#41100=DIRECTION('',(0.,0.,-1.));
#41110=AXIS2_PLACEMENT_3D('',#41080,#41090,#41100);
#41120=CIRCLE('',#41110,0.1);
#41130=EDGE_CURVE('',#27730,#15600,#41120,.T.);
#41140=ORIENTED_EDGE('',*,*,#41130,.F.);
#41150=ORIENTED_EDGE('',*,*,#15630,.F.);
#41160=CARTESIAN_POINT('',(-1.93977046885428E-19,8.99,3.25));
#41170=DIRECTION('',(-1.,0.,0.));
#41180=DIRECTION('',(0.,0.,1.));
#41190=AXIS2_PLACEMENT_3D('',#41160,#41170,#41180);
#41200=CIRCLE('',#41190,0.1);
#41210=EDGE_CURVE('',#27560,#15620,#41200,.T.);
#41220=ORIENTED_EDGE('',*,*,#41210,.T.);
#41230=ORIENTED_EDGE('',*,*,#27810,.T.);
#41240=EDGE_LOOP('',(#41230,#41220,#41150,#41140));
#41250=FACE_OUTER_BOUND('',#41240,.T.);
#41260=ADVANCED_FACE('',(#41250),#41070,.T.);
#41270=CARTESIAN_POINT('',(-0.911600000000001,0.299999999999999,
-4.15000000000005));
#41280=DIRECTION('',(5.67472333619398E-54,-2.94648481515741E-20,1.));
#41290=DIRECTION('',(1.,1.92592994438725E-34,0.));
#41300=AXIS2_PLACEMENT_3D('',#41270,#41280,#41290);
#41310=PLANE('',#41300);
#41320=ORIENTED_EDGE('',*,*,#23370,.T.);
#41330=CARTESIAN_POINT('',(-3.15200498876191,-0.0040380592228762,
-4.15000000000005));
#41340=DIRECTION('',(1.,1.92592994438725E-34,0.));
#41350=VECTOR('',#41340,1.);
#41360=LINE('',#41330,#41350);
#41370=EDGE_CURVE('',#24500,#23290,#41360,.T.);
#41380=ORIENTED_EDGE('',*,*,#41370,.T.);
#41390=ORIENTED_EDGE('',*,*,#24510,.F.);
#41400=ORIENTED_EDGE('',*,*,#7780,.T.);
#41410=EDGE_LOOP('',(#41400,#41390,#41380,#41320));
#41420=FACE_OUTER_BOUND('',#41410,.T.);
#41430=ADVANCED_FACE('',(#41420),#41310,.T.);
#41440=CARTESIAN_POINT('',(1.4905836325246,0.245961940777115,
-5.10857864376275));
#41450=DIRECTION('',(0.70710678118663,-7.21624131212417E-16,
-0.707106781186465));
#41460=DIRECTION('',(-0.707106781186465,-7.77135282443675E-16,
-0.70710678118663));
#41470=AXIS2_PLACEMENT_3D('',#41440,#41450,#41460);
#41480=PLANE('',#41470);
#41490=CARTESIAN_POINT('',(1.49058363252459,0.245961940777115,
-5.10857864376274));
#41500=DIRECTION('',(1.92592994438725E-34,-1.,-2.94648481515741E-20));
#41510=VECTOR('',#41500,1.);
#41520=LINE('',#41490,#41510);
#41530=EDGE_CURVE('',#6170,#36720,#41520,.T.);
#41540=ORIENTED_EDGE('',*,*,#41530,.F.);
#41550=ORIENTED_EDGE('',*,*,#36730,.F.);
#41560=CARTESIAN_POINT('',(1.39058363252459,-0.00403805922288519,
-5.2085786437628));
#41570=DIRECTION('',(-1.92592994438725E-34,1.,2.94648481515741E-20));
#41580=VECTOR('',#41570,1.);
#41590=LINE('',#41560,#41580);
#41600=EDGE_CURVE('',#36640,#6250,#41590,.T.);
#41610=ORIENTED_EDGE('',*,*,#41600,.F.);
#41620=ORIENTED_EDGE('',*,*,#6260,.F.);
#41630=EDGE_LOOP('',(#41620,#41610,#41550,#41540));
#41640=FACE_OUTER_BOUND('',#41630,.T.);
#41650=ADVANCED_FACE('',(#41640),#41480,.F.);
#41660=CARTESIAN_POINT('',(1.63200498876191,0.245961940777115,
-5.25000000000004));
#41670=DIRECTION('',(-1.92592994438725E-34,1.,-9.95276753369398E-16));
#41680=DIRECTION('',(1.,1.92592994438725E-34,0.));
#41690=AXIS2_PLACEMENT_3D('',#41660,#41670,#41680);
#41700=CYLINDRICAL_SURFACE('',#41690,0.200000000000004);
#41710=ORIENTED_EDGE('',*,*,#6180,.F.);
#41720=CARTESIAN_POINT('',(1.63200498876191,-0.00403805922288508,
-5.05000000000004));
#41730=DIRECTION('',(-1.92592994438725E-34,1.,2.94648481515741E-20));
#41740=VECTOR('',#41730,1.);
#41750=LINE('',#41720,#41740);
#41760=EDGE_CURVE('',#36810,#6080,#41750,.T.);
#41770=ORIENTED_EDGE('',*,*,#41760,.T.);
#41780=ORIENTED_EDGE('',*,*,#36820,.F.);
#41790=ORIENTED_EDGE('',*,*,#41530,.T.);
#41800=EDGE_LOOP('',(#41790,#41780,#41770,#41710));
#41810=FACE_OUTER_BOUND('',#41800,.T.);
#41820=ADVANCED_FACE('',(#41810),#41700,.T.);
#41830=CARTESIAN_POINT('',(-1.4905836325246,0.245961940777124,
-5.10857864376275));
#41840=DIRECTION('',(-0.70710678118659,5.55319860251924E-17,
-0.707106781186505));
#41850=DIRECTION('',(-0.707106781186505,-2.08347939346113E-20,
0.70710678118659));
#41860=AXIS2_PLACEMENT_3D('',#41830,#41840,#41850);
#41870=PLANE('',#41860);
#41880=CARTESIAN_POINT('',(-1.39058363252459,0.245961940777124,
-5.20857864376279));
#41890=DIRECTION('',(1.92592994438725E-34,-1.,-2.94648481515741E-20));
#41900=VECTOR('',#41890,1.);
#41910=LINE('',#41880,#41900);
#41920=CARTESIAN_POINT('',(-1.39058363252462,-0.0040380592228762,
-5.20857864376275));
#41930=VERTEX_POINT('',#41920);
#41940=EDGE_CURVE('',#7190,#41930,#41910,.T.);
#41950=ORIENTED_EDGE('',*,*,#41940,.F.);
#41960=CARTESIAN_POINT('',(-1.39058363252465,-0.0040380592228762,
-5.20857864376275));
#41970=DIRECTION('',(-0.707106781186615,-2.08347939346081E-20,
0.70710678118648));
#41980=VECTOR('',#41970,1.);
#41990=LINE('',#41960,#41980);
#42000=EDGE_CURVE('',#41930,#35600,#41990,.T.);
#42010=ORIENTED_EDGE('',*,*,#42000,.F.);
#42020=ORIENTED_EDGE('',*,*,#35610,.F.);
#42030=ORIENTED_EDGE('',*,*,#7280,.F.);
#42040=EDGE_LOOP('',(#42030,#42020,#42010,#41950));
#42050=FACE_OUTER_BOUND('',#42040,.T.);
#42060=ADVANCED_FACE('',(#42050),#41870,.F.);
#42070=CARTESIAN_POINT('',(1.88200498876191,0.245961940777115,
-5.05000000000007));
#42080=DIRECTION('',(-4.12269334299985E-16,-9.95276753369398E-16,-1.));
#42090=DIRECTION('',(-1.,-2.04740447771424E-34,4.12269334299985E-16));
#42100=AXIS2_PLACEMENT_3D('',#42070,#42080,#42090);
#42110=PLANE('',#42100);
#42120=ORIENTED_EDGE('',*,*,#37540,.F.);
#42130=ORIENTED_EDGE('',*,*,#36900,.T.);
#42140=ORIENTED_EDGE('',*,*,#41760,.F.);
#42150=ORIENTED_EDGE('',*,*,#6090,.F.);
#42160=EDGE_LOOP('',(#42150,#42140,#42130,#42120));
#42170=FACE_OUTER_BOUND('',#42160,.T.);
#42180=ADVANCED_FACE('',(#42170),#42110,.F.);
#42190=CARTESIAN_POINT('',(1.33200498876191,0.245961940777115,
-5.35000000000009));
#42200=DIRECTION('',(1.,2.04740447771879E-34,-4.12269334299985E-16));
#42210=DIRECTION('',(-4.12269334299985E-16,-9.95276753369398E-16,-1.));
#42220=AXIS2_PLACEMENT_3D('',#42190,#42200,#42210);
#42230=PLANE('',#42220);
#42240=CARTESIAN_POINT('',(1.33200498876192,0.245961940777115,
-5.35000000000009));
#42250=DIRECTION('',(1.92592994438725E-34,-1.,-2.94648481515741E-20));
#42260=VECTOR('',#42250,1.);
#42270=LINE('',#42240,#42260);
#42280=EDGE_CURVE('',#6340,#36550,#42270,.T.);
#42290=ORIENTED_EDGE('',*,*,#42280,.F.);
#42300=ORIENTED_EDGE('',*,*,#36560,.T.);
#42310=ORIENTED_EDGE('',*,*,#38670,.F.);
#42320=ORIENTED_EDGE('',*,*,#6430,.F.);
#42330=EDGE_LOOP('',(#42320,#42310,#42300,#42290));
#42340=FACE_OUTER_BOUND('',#42330,.T.);
#42350=ADVANCED_FACE('',(#42340),#42230,.F.);
#42360=CARTESIAN_POINT('',(0.147995011238086,-0.0040380592228762,-318.5)
);
#42370=DIRECTION('',(-1.92592994438725E-34,1.,2.94648481515741E-20));
#42380=DIRECTION('',(1.,1.92592994438725E-34,0.));
#42390=AXIS2_PLACEMENT_3D('',#42360,#42370,#42380);
#42400=PLANE('',#42390);
#42410=ORIENTED_EDGE('',*,*,#40680,.T.);
#42420=CARTESIAN_POINT('',(-1.88200498876191,-0.0040380592228762,
-5.05000000000006));
#42430=DIRECTION('',(1.,1.92592994438725E-34,0.));
#42440=VECTOR('',#42430,1.);
#42450=LINE('',#42420,#42440);
#42460=EDGE_CURVE('',#40600,#35690,#42450,.T.);
#42470=ORIENTED_EDGE('',*,*,#42460,.F.);
#42480=ORIENTED_EDGE('',*,*,#35700,.T.);
#42490=ORIENTED_EDGE('',*,*,#42000,.T.);
#42500=CARTESIAN_POINT('',(-1.53200498876192,-0.0040380592228762,
-5.35000000000009));
#42510=DIRECTION('',(1.92592994438725E-34,-1.,-2.94648481515741E-20));
#42520=DIRECTION('',(1.,1.73339706799589E-32,-5.81756864903593E-13));
#42530=AXIS2_PLACEMENT_3D('',#42500,#42510,#42520);
#42540=CIRCLE('',#42530,0.199999999999996);
#42550=EDGE_CURVE('',#35360,#41930,#42540,.T.);
#42560=ORIENTED_EDGE('',*,*,#42550,.T.);
#42570=ORIENTED_EDGE('',*,*,#35370,.F.);
#42580=ORIENTED_EDGE('',*,*,#39150,.T.);
#42590=ORIENTED_EDGE('',*,*,#23070,.F.);
#42600=ORIENTED_EDGE('',*,*,#22070,.T.);
#42610=ORIENTED_EDGE('',*,*,#16420,.T.);
#42620=ORIENTED_EDGE('',*,*,#26680,.F.);
#42630=ORIENTED_EDGE('',*,*,#24600,.T.);
#42640=ORIENTED_EDGE('',*,*,#41370,.F.);
#42650=ORIENTED_EDGE('',*,*,#23300,.F.);
#42660=ORIENTED_EDGE('',*,*,#18270,.F.);
#42670=EDGE_LOOP('',(#42660,#42650,#42640,#42630,#42620,#42610,#42600,
#42590,#42580,#42570,#42560,#42490,#42480,#42470,#42410));
#42680=FACE_OUTER_BOUND('',#42670,.T.);
#42690=ADVANCED_FACE('',(#42680),#42400,.F.);
#42700=CARTESIAN_POINT('',(-1.22814175355079,-1.4,6.));
#42710=DIRECTION('',(0.,0.,-1.));
#42720=DIRECTION('',(-1.,0.,0.));
#42730=AXIS2_PLACEMENT_3D('',#42700,#42710,#42720);
#42740=PLANE('',#42730);
#42750=ORIENTED_EDGE('',*,*,#26310,.T.);
#42760=CARTESIAN_POINT('',(0.24999999999999,0.4,6.));
#42770=DIRECTION('',(-1.,0.,0.));
#42780=VECTOR('',#42770,1.);
#42790=LINE('',#42760,#42780);
#42800=CARTESIAN_POINT('',(-0.85,0.399999999999999,5.99999999999999));
#42810=VERTEX_POINT('',#42800);
#42820=EDGE_CURVE('',#26200,#42810,#42790,.T.);
#42830=ORIENTED_EDGE('',*,*,#42820,.F.);
#42840=CARTESIAN_POINT('',(-0.85,0.649999999999999,5.99999999999999));
#42850=DIRECTION('',(1.92592994438725E-34,-1.,-2.94648481515741E-20));
#42860=VECTOR('',#42850,1.);
#42870=LINE('',#42840,#42860);
#42880=EDGE_CURVE('',#35910,#42810,#42870,.T.);
#42890=ORIENTED_EDGE('',*,*,#42880,.T.);
#42900=ORIENTED_EDGE('',*,*,#36070,.F.);
#42910=EDGE_LOOP('',(#42900,#42890,#42830,#42750));
#42920=FACE_OUTER_BOUND('',#42910,.T.);
#42930=ADVANCED_FACE('',(#42920),#42740,.F.);
#42940=CARTESIAN_POINT('',(0.44999999999999,0.4,6.24641016151378));
#42950=DIRECTION('',(0.,-1.,0.));
#42960=DIRECTION('',(0.,0.,-1.));
#42970=AXIS2_PLACEMENT_3D('',#42940,#42950,#42960);
#42980=PLANE('',#42970);
#42990=ORIENTED_EDGE('',*,*,#26230,.F.);
#43000=ORIENTED_EDGE('',*,*,#30170,.T.);
#43010=ORIENTED_EDGE('',*,*,#23630,.F.);
#43020=CARTESIAN_POINT('',(0.24999999999999,0.399999999999999,5.2));
#43030=DIRECTION('',(-1.,0.,0.));
#43040=VECTOR('',#43030,1.);
#43050=LINE('',#43020,#43040);
#43060=CARTESIAN_POINT('',(-1.05,0.399999999999999,5.2));
#43070=VERTEX_POINT('',#43060);
#43080=EDGE_CURVE('',#23540,#43070,#43050,.T.);
#43090=ORIENTED_EDGE('',*,*,#43080,.F.);
#43100=CARTESIAN_POINT('',(-1.05,0.399999999999999,5.2));
#43110=DIRECTION('',(0.,0.,1.));
#43120=VECTOR('',#43110,1.);
#43130=LINE('',#43100,#43120);
#43140=CARTESIAN_POINT('',(-1.05,0.399999999999999,5.80581604944559));
#43150=VERTEX_POINT('',#43140);
#43160=EDGE_CURVE('',#43070,#43150,#43130,.T.);
#43170=ORIENTED_EDGE('',*,*,#43160,.F.);
#43180=CARTESIAN_POINT('',(0.,0.399999999999999,0.));
#43190=DIRECTION('',(-0.,-1.,0.));
#43200=DIRECTION('',(-0.144067796610172,0.,0.989567819798062));
#43210=AXIS2_PLACEMENT_3D('',#43180,#43190,#43200);
#43220=CIRCLE('',#43210,5.9);
#43230=CARTESIAN_POINT('',(-0.850000000000019,0.399999999999999,
5.83845013680856));
#43240=VERTEX_POINT('',#43230);
#43250=EDGE_CURVE('',#43240,#43150,#43220,.T.);
#43260=ORIENTED_EDGE('',*,*,#43250,.T.);
#43270=CARTESIAN_POINT('',(-0.85,0.399999999999999,4.84999999999996));
#43280=DIRECTION('',(-2.89623397728293E-16,-2.94648481515741E-20,1.));
#43290=VECTOR('',#43280,1.);
#43300=LINE('',#43270,#43290);
#43310=EDGE_CURVE('',#43240,#42810,#43300,.T.);
#43320=ORIENTED_EDGE('',*,*,#43310,.F.);
#43330=ORIENTED_EDGE('',*,*,#42820,.T.);
#43340=EDGE_LOOP('',(#43330,#43320,#43260,#43170,#43090,#43010,#43000,
#42990));
#43350=FACE_OUTER_BOUND('',#43340,.T.);
#43360=ADVANCED_FACE('',(#43350),#42980,.T.);
#43370=CARTESIAN_POINT('',(-1.05,2.63647852397735,5.2));
#43380=DIRECTION('',(0.,0.,-1.));
#43390=DIRECTION('',(-1.,0.,0.));
#43400=AXIS2_PLACEMENT_3D('',#43370,#43380,#43390);
#43410=PLANE('',#43400);
#43420=ORIENTED_EDGE('',*,*,#43080,.T.);
#43430=ORIENTED_EDGE('',*,*,#23550,.T.);
#43440=ORIENTED_EDGE('',*,*,#4240,.F.);
#43450=CARTESIAN_POINT('',(-1.05,-4.44089209850063E-16,5.2));
#43460=DIRECTION('',(0.,1.,0.));
#43470=VECTOR('',#43460,1.);
#43480=LINE('',#43450,#43470);
#43490=EDGE_CURVE('',#4150,#43070,#43480,.T.);
#43500=ORIENTED_EDGE('',*,*,#43490,.F.);
#43510=EDGE_LOOP('',(#43500,#43440,#43430,#43420));
#43520=FACE_OUTER_BOUND('',#43510,.T.);
#43530=ADVANCED_FACE('',(#43520),#43410,.F.);
#43540=CARTESIAN_POINT('',(-1.05,2.63647852397735,5.96930890298494));
#43550=DIRECTION('',(-1.,0.,0.));
#43560=DIRECTION('',(0.,0.,1.));
#43570=AXIS2_PLACEMENT_3D('',#43540,#43550,#43560);
#43580=PLANE('',#43570);
#43590=ORIENTED_EDGE('',*,*,#43160,.T.);
#43600=ORIENTED_EDGE('',*,*,#43490,.T.);
#43610=ORIENTED_EDGE('',*,*,#4160,.F.);
#43620=CARTESIAN_POINT('',(-1.05,0.,5.80581604944559));
#43630=DIRECTION('',(0.,1.,0.));
#43640=VECTOR('',#43630,1.);
#43650=LINE('',#43620,#43640);
#43660=EDGE_CURVE('',#4070,#43150,#43650,.T.);
#43670=ORIENTED_EDGE('',*,*,#43660,.F.);
#43680=EDGE_LOOP('',(#43670,#43610,#43600,#43590));
#43690=FACE_OUTER_BOUND('',#43680,.T.);
#43700=ADVANCED_FACE('',(#43690),#43580,.F.);
#43710=CARTESIAN_POINT('',(0.,19.9068722891566,0.));
#43720=DIRECTION('',(0.,1.,0.));
#43730=DIRECTION('',(0.,0.,1.));
#43740=AXIS2_PLACEMENT_3D('',#43710,#43720,#43730);
#43750=CYLINDRICAL_SURFACE('',#43740,5.9);
#43760=CARTESIAN_POINT('',(0.,0.800000000000001,0.));
#43770=DIRECTION('',(0.,1.,0.));
#43780=DIRECTION('',(-0.711864406779661,0.,0.702316927291548));
#43790=AXIS2_PLACEMENT_3D('',#43760,#43770,#43780);
#43800=CIRCLE('',#43790,5.9);
#43810=EDGE_CURVE('',#9450,#20310,#43800,.T.);
#43820=ORIENTED_EDGE('',*,*,#43810,.F.);
#43830=ORIENTED_EDGE('',*,*,#20470,.T.);
#43840=CARTESIAN_POINT('',(-0.850000000000004,19.9068722891566,
5.83845013680857));
#43850=DIRECTION('',(0.,1.,0.));
#43860=VECTOR('',#43850,1.);
#43870=LINE('',#43840,#43860);
#43880=EDGE_CURVE('',#43240,#20400,#43870,.T.);
#43890=ORIENTED_EDGE('',*,*,#43880,.T.);
#43900=ORIENTED_EDGE('',*,*,#43250,.F.);
#43910=ORIENTED_EDGE('',*,*,#43660,.T.);
#43920=ORIENTED_EDGE('',*,*,#4080,.F.);
#43930=CARTESIAN_POINT('',(-1.38464401439358,19.9068722891566,
5.73522109019382));
#43940=DIRECTION('',(0.,1.,0.));
#43950=VECTOR('',#43940,1.);
#43960=LINE('',#43930,#43950);
#43970=EDGE_CURVE('',#3980,#12250,#43960,.T.);
#43980=ORIENTED_EDGE('',*,*,#43970,.F.);
#43990=ORIENTED_EDGE('',*,*,#12660,.T.);
#44000=ORIENTED_EDGE('',*,*,#19920,.T.);
#44010=ORIENTED_EDGE('',*,*,#2980,.F.);
#44020=ORIENTED_EDGE('',*,*,#9520,.T.);
#44030=EDGE_LOOP('',(#44020,#44010,#44000,#43990,#43980,#43920,#43910,
#43900,#43890,#43830,#43820));
#44040=FACE_OUTER_BOUND('',#44030,.T.);
#44050=ADVANCED_FACE('',(#44040),#43750,.T.);
#44060=CARTESIAN_POINT('',(-5.9,0.799999999999999,0.));
#44070=DIRECTION('',(0.,1.,0.));
#44080=DIRECTION('',(0.,0.,1.));
#44090=AXIS2_PLACEMENT_3D('',#44060,#44070,#44080);
#44100=PLANE('',#44090);
#44110=ORIENTED_EDGE('',*,*,#19450,.T.);
#44120=ORIENTED_EDGE('',*,*,#20320,.T.);
#44130=ORIENTED_EDGE('',*,*,#43810,.T.);
#44140=ORIENTED_EDGE('',*,*,#9460,.T.);
#44150=EDGE_LOOP('',(#44140,#44130,#44120,#44110));
#44160=FACE_OUTER_BOUND('',#44150,.T.);
#44170=ADVANCED_FACE('',(#44160),#44100,.T.);
#44180=CARTESIAN_POINT('',(-1.53200498876192,0.245961940777124,
5.59999999999998));
#44190=DIRECTION('',(-1.92592994438725E-34,1.,2.94648481515741E-20));
#44200=DIRECTION('',(1.,1.92592994438725E-34,0.));
#44210=AXIS2_PLACEMENT_3D('',#44180,#44190,#44200);
#44220=CYLINDRICAL_SURFACE('',#44210,0.200000000000003);
#44230=ORIENTED_EDGE('',*,*,#12260,.F.);
#44240=ORIENTED_EDGE('',*,*,#43970,.T.);
#44250=ORIENTED_EDGE('',*,*,#3990,.F.);
#44260=ORIENTED_EDGE('',*,*,#40970,.T.);
#44270=ORIENTED_EDGE('',*,*,#34230,.F.);
#44280=CARTESIAN_POINT('',(-1.53200498876192,0.245961940777124,
5.79999999999999));
#44290=DIRECTION('',(1.92592994438725E-34,-1.,-2.94648481515741E-20));
#44300=VECTOR('',#44290,1.);
#44310=LINE('',#44280,#44300);
#44320=EDGE_CURVE('',#12230,#34130,#44310,.T.);
#44330=ORIENTED_EDGE('',*,*,#44320,.T.);
#44340=EDGE_LOOP('',(#44330,#44270,#44260,#44250,#44240,#44230));
#44350=FACE_OUTER_BOUND('',#44340,.T.);
#44360=ADVANCED_FACE('',(#44350),#44220,.T.);
#44370=CARTESIAN_POINT('',(0.,-27.4191815827645,0.));
#44380=DIRECTION('',(0.,1.,0.));
#44390=DIRECTION('',(0.,0.,-1.));
#44400=AXIS2_PLACEMENT_3D('',#44370,#44380,#44390);
#44410=CONICAL_SURFACE('',#44400,1.,0.0174532925199433);
#44420=ORIENTED_EDGE('',*,*,#21730,.T.);
#44430=ORIENTED_EDGE('',*,*,#1470,.F.);
#44440=ORIENTED_EDGE('',*,*,#33640,.F.);
#44450=ORIENTED_EDGE('',*,*,#38050,.T.);
#44460=EDGE_LOOP('',(#44450,#44440,#44430,#44420));
#44470=FACE_OUTER_BOUND('',#44460,.T.);
#44480=ADVANCED_FACE('',(#44470),#44410,.T.);
#44490=CARTESIAN_POINT('',(-0.450000000000011,0.65,-6.24641016151379));
#44500=DIRECTION('',(0.,-1.,0.));
#44510=DIRECTION('',(0.,0.,-1.));
#44520=AXIS2_PLACEMENT_3D('',#44490,#44500,#44510);
#44530=PLANE('',#44520);
#44540=CARTESIAN_POINT('',(0.850000000000001,0.649999999999999,
-4.85000000000009));
#44550=DIRECTION('',(-5.67472333619398E-54,2.94648481515741E-20,-1.));
#44560=VECTOR('',#44550,1.);
#44570=LINE('',#44540,#44560);
#44580=CARTESIAN_POINT('',(0.850000000000001,0.649999999999999,
-6.00000000000001));
#44590=VERTEX_POINT('',#44580);
#44600=EDGE_CURVE('',#14190,#44590,#44570,.T.);
#44610=ORIENTED_EDGE('',*,*,#44600,.T.);
#44620=ORIENTED_EDGE('',*,*,#14200,.T.);
#44630=ORIENTED_EDGE('',*,*,#19780,.T.);
#44640=CARTESIAN_POINT('',(-0.850000000000008,0.649999999999999,0.));
#44650=DIRECTION('',(1.24476710324799E-16,-2.9464848151568E-20,1.));
#44660=VECTOR('',#44650,1.);
#44670=LINE('',#44640,#44660);
#44680=EDGE_CURVE('',#10810,#19700,#44670,.T.);
#44690=ORIENTED_EDGE('',*,*,#44680,.T.);
#44700=ORIENTED_EDGE('',*,*,#22430,.T.);
#44710=CARTESIAN_POINT('',(0.249999999999996,0.65,-6.));
#44720=DIRECTION('',(-1.,0.,0.));
#44730=VECTOR('',#44720,1.);
#44740=LINE('',#44710,#44730);
#44750=EDGE_CURVE('',#44590,#22360,#44740,.T.);
#44760=ORIENTED_EDGE('',*,*,#44750,.T.);
#44770=EDGE_LOOP('',(#44760,#44700,#44690,#44630,#44620,#44610));
#44780=FACE_OUTER_BOUND('',#44770,.T.);
#44790=ADVANCED_FACE('',(#44780),#44530,.F.);
#44800=CARTESIAN_POINT('',(0.911600000000001,0.299999999999999,
-4.65000000000005));
#44810=DIRECTION('',(-5.67472333619398E-54,2.94648481515741E-20,-1.));
#44820=DIRECTION('',(-1.,-1.92592994438725E-34,0.));
#44830=AXIS2_PLACEMENT_3D('',#44800,#44810,#44820);
#44840=PLANE('',#44830);
#44850=ORIENTED_EDGE('',*,*,#24010,.T.);
#44860=ORIENTED_EDGE('',*,*,#37050,.T.);
#44870=ORIENTED_EDGE('',*,*,#37610,.F.);
#44880=ORIENTED_EDGE('',*,*,#5920,.T.);
#44890=EDGE_LOOP('',(#44880,#44870,#44860,#44850));
#44900=FACE_OUTER_BOUND('',#44890,.T.);
#44910=ADVANCED_FACE('',(#44900),#44840,.T.);
#44920=CARTESIAN_POINT('',(-2.265709786723,-1.4,-6.));
#44930=DIRECTION('',(0.,0.,1.));
#44940=DIRECTION('',(1.,0.,0.));
#44950=AXIS2_PLACEMENT_3D('',#44920,#44930,#44940);
#44960=PLANE('',#44950);
#44970=ORIENTED_EDGE('',*,*,#22370,.T.);
#44980=ORIENTED_EDGE('',*,*,#29450,.F.);
#44990=CARTESIAN_POINT('',(0.850000000000001,0.649999999999999,
-6.00000000000001));
#45000=DIRECTION('',(1.92592994438725E-34,-1.,-2.94648481515741E-20));
#45010=VECTOR('',#45000,1.);
#45020=LINE('',#44990,#45010);
#45030=EDGE_CURVE('',#44590,#29380,#45020,.T.);
#45040=ORIENTED_EDGE('',*,*,#45030,.T.);
#45050=ORIENTED_EDGE('',*,*,#44750,.F.);
#45060=EDGE_LOOP('',(#45050,#45040,#44980,#44970));
#45070=FACE_OUTER_BOUND('',#45060,.T.);
#45080=ADVANCED_FACE('',(#45070),#44960,.F.);
#45090=CARTESIAN_POINT('',(1.33200498876192,0.245961940777125,
5.35000000000001));
#45100=DIRECTION('',(1.,2.04740447771879E-34,-4.12269334299985E-16));
#45110=DIRECTION('',(-4.12269334299985E-16,-9.95276753369398E-16,-1.));
#45120=AXIS2_PLACEMENT_3D('',#45090,#45100,#45110);
#45130=PLANE('',#45120);
#45140=ORIENTED_EDGE('',*,*,#21100,.F.);
#45150=ORIENTED_EDGE('',*,*,#28820,.T.);
#45160=ORIENTED_EDGE('',*,*,#24190,.F.);
#45170=ORIENTED_EDGE('',*,*,#4580,.F.);
#45180=EDGE_LOOP('',(#45170,#45160,#45150,#45140));
#45190=FACE_OUTER_BOUND('',#45180,.T.);
#45200=ADVANCED_FACE('',(#45190),#45130,.F.);
#45210=CARTESIAN_POINT('',(-1.53200498876192,0.245961940777124,
-5.35000000000009));
#45220=DIRECTION('',(-1.92592994438725E-34,1.,2.94648481515741E-20));
#45230=DIRECTION('',(1.,1.92592994438725E-34,0.));
#45240=AXIS2_PLACEMENT_3D('',#45210,#45220,#45230);
#45250=CYLINDRICAL_SURFACE('',#45240,0.199999999999996);
#45260=ORIENTED_EDGE('',*,*,#7200,.F.);
#45270=ORIENTED_EDGE('',*,*,#35430,.T.);
#45280=ORIENTED_EDGE('',*,*,#42550,.F.);
#45290=ORIENTED_EDGE('',*,*,#41940,.T.);
#45300=EDGE_LOOP('',(#45290,#45280,#45270,#45260));
#45310=FACE_OUTER_BOUND('',#45300,.T.);
#45320=ADVANCED_FACE('',(#45310),#45250,.T.);
#45330=CARTESIAN_POINT('',(-5.9,0.799999999999999,0.));
#45340=DIRECTION('',(0.,1.,0.));
#45350=DIRECTION('',(0.,0.,1.));
#45360=AXIS2_PLACEMENT_3D('',#45330,#45340,#45350);
#45370=PLANE('',#45360);
#45380=ORIENTED_EDGE('',*,*,#10970,.T.);
#45390=CARTESIAN_POINT('',(-0.850000000000009,0.799999999999999,
-5.43392123608725));
#45400=DIRECTION('',(0.,0.,-1.));
#45410=VECTOR('',#45400,1.);
#45420=LINE('',#45390,#45410);
#45430=EDGE_CURVE('',#19620,#10890,#45420,.T.);
#45440=ORIENTED_EDGE('',*,*,#45430,.T.);
#45450=ORIENTED_EDGE('',*,*,#19630,.T.);
#45460=ORIENTED_EDGE('',*,*,#10090,.T.);
#45470=EDGE_LOOP('',(#45460,#45450,#45440,#45380));
#45480=FACE_OUTER_BOUND('',#45470,.T.);
#45490=ADVANCED_FACE('',(#45480),#45370,.T.);
#45500=CARTESIAN_POINT('',(-0.850000000000001,0.649999999999999,
6.16715728752536));
#45510=DIRECTION('',(1.,1.85316903872978E-34,2.4694139023953E-16));
#45520=DIRECTION('',(2.4694139023953E-16,2.94648481515741E-20,-1.));
#45530=AXIS2_PLACEMENT_3D('',#45500,#45510,#45520);
#45540=PLANE('',#45530);
#45550=ORIENTED_EDGE('',*,*,#43880,.F.);
#45560=ORIENTED_EDGE('',*,*,#35920,.F.);
#45570=ORIENTED_EDGE('',*,*,#42880,.F.);
#45580=ORIENTED_EDGE('',*,*,#43310,.T.);
#45590=EDGE_LOOP('',(#45580,#45570,#45560,#45550));
#45600=FACE_OUTER_BOUND('',#45590,.T.);
#45610=ADVANCED_FACE('',(#45600),#45540,.F.);
#45620=ORIENTED_EDGE('',*,*,#30780,.F.);
#45630=ORIENTED_EDGE('',*,*,#35100,.F.);
#45640=EDGE_CURVE('',#35020,#34930,#35090,.T.);
#45650=ORIENTED_EDGE('',*,*,#45640,.F.);
#45660=ORIENTED_EDGE('',*,*,#35130,.F.);
#45670=EDGE_LOOP('',(#45660,#45650,#45630,#45620));
#45680=FACE_OUTER_BOUND('',#45670,.T.);
#45690=ADVANCED_FACE('',(#45680),#11950,.F.);
#45700=CARTESIAN_POINT('',(-0.850000000000009,0.65,-6.16715728752537));
#45710=DIRECTION('',(1.,0.,-1.24476710324799E-16));
#45720=DIRECTION('',(-1.24476710324799E-16,0.,-1.));
#45730=AXIS2_PLACEMENT_3D('',#45700,#45710,#45720);
#45740=PLANE('',#45730);
#45750=ORIENTED_EDGE('',*,*,#19710,.F.);
#45760=ORIENTED_EDGE('',*,*,#45430,.F.);
#45770=ORIENTED_EDGE('',*,*,#10900,.F.);
#45780=ORIENTED_EDGE('',*,*,#44680,.F.);
#45790=EDGE_LOOP('',(#45780,#45770,#45760,#45750));
#45800=FACE_OUTER_BOUND('',#45790,.T.);
#45810=ADVANCED_FACE('',(#45800),#45740,.T.);
#45820=CARTESIAN_POINT('',(-1.88200498876191,0.245961940777124,
-5.05000000000006));
#45830=DIRECTION('',(-5.67472333619398E-54,2.94648481515741E-20,-1.));
#45840=DIRECTION('',(-1.,-1.92592994438725E-34,0.));
#45850=AXIS2_PLACEMENT_3D('',#45820,#45830,#45840);
#45860=PLANE('',#45850);
#45870=ORIENTED_EDGE('',*,*,#35760,.F.);
#45880=ORIENTED_EDGE('',*,*,#42460,.T.);
#45890=ORIENTED_EDGE('',*,*,#40610,.F.);
#45900=ORIENTED_EDGE('',*,*,#7450,.F.);
#45910=EDGE_LOOP('',(#45900,#45890,#45880,#45870));
#45920=FACE_OUTER_BOUND('',#45910,.T.);
#45930=ADVANCED_FACE('',(#45920),#45860,.F.);
#45940=CARTESIAN_POINT('',(2.16840434497101E-16,0.399999999999999,-318.5
));
#45950=DIRECTION('',(-1.92592994438725E-34,1.,2.94648481515741E-20));
#45960=DIRECTION('',(1.,1.92592994438725E-34,0.));
#45970=AXIS2_PLACEMENT_3D('',#45940,#45950,#45960);
#45980=PLANE('',#45970);
#45990=CARTESIAN_POINT('',(2.3,0.399999999999999,-1.75000000000001));
#46000=DIRECTION('',(0.,-1.,0.));
#46010=DIRECTION('',(0.,0.,-1.));
#46020=AXIS2_PLACEMENT_3D('',#45990,#46000,#46010);
#46030=CIRCLE('',#46020,0.5);
#46040=CARTESIAN_POINT('',(2.3,0.4,-2.25000000000001));
#46050=VERTEX_POINT('',#46040);
#46060=CARTESIAN_POINT('',(2.3,0.399999999999999,-1.25000000000001));
#46070=VERTEX_POINT('',#46060);
#46080=EDGE_CURVE('',#46050,#46070,#46030,.T.);
#46090=ORIENTED_EDGE('',*,*,#46080,.T.);
#46100=EDGE_CURVE('',#46070,#46050,#46030,.T.);
#46110=ORIENTED_EDGE('',*,*,#46100,.T.);
#46120=EDGE_LOOP('',(#46110,#46090));
#46130=FACE_OUTER_BOUND('',#46120,.T.);
#46140=ADVANCED_FACE('',(#46130),#45980,.F.);
#46150=CARTESIAN_POINT('',(0.850000000000001,0.649999999999999,
-6.16715728752544));
#46160=DIRECTION('',(-1.,-1.85316903872978E-34,-2.46941390239535E-16));
#46170=DIRECTION('',(-2.46941390239535E-16,-2.94648481515741E-20,1.));
#46180=AXIS2_PLACEMENT_3D('',#46150,#46160,#46170);
#46190=PLANE('',#46180);
#46200=ORIENTED_EDGE('',*,*,#30400,.F.);
#46210=ORIENTED_EDGE('',*,*,#44600,.F.);
#46220=ORIENTED_EDGE('',*,*,#45030,.F.);
#46230=ORIENTED_EDGE('',*,*,#29390,.T.);
#46240=EDGE_LOOP('',(#46230,#46220,#46210,#46200));
#46250=FACE_OUTER_BOUND('',#46240,.T.);
#46260=ADVANCED_FACE('',(#46250),#46190,.F.);
#46270=CARTESIAN_POINT('',(-2.3,2.34705627484771,-1.75000000000001));
#46280=DIRECTION('',(0.,-1.,0.));
#46290=DIRECTION('',(0.,0.,-1.));
#46300=AXIS2_PLACEMENT_3D('',#46270,#46280,#46290);
#46310=CYLINDRICAL_SURFACE('',#46300,0.5);
#46320=CARTESIAN_POINT('',(-2.3,2.34705627484771,-1.25000000000001));
#46330=DIRECTION('',(0.,-1.,0.));
#46340=VECTOR('',#46330,1.);
#46350=LINE('',#46320,#46340);
#46360=EDGE_CURVE('',#14440,#2180,#46350,.T.);
#46370=ORIENTED_EDGE('',*,*,#46360,.T.);
#46380=ORIENTED_EDGE('',*,*,#14470,.F.);
#46390=CARTESIAN_POINT('',(-2.3,2.34705627484771,-2.25000000000001));
#46400=DIRECTION('',(0.,-1.,0.));
#46410=VECTOR('',#46400,1.);
#46420=LINE('',#46390,#46410);
#46430=EDGE_CURVE('',#14420,#2200,#46420,.T.);
#46440=ORIENTED_EDGE('',*,*,#46430,.F.);
#46450=ORIENTED_EDGE('',*,*,#2230,.F.);
#46460=EDGE_LOOP('',(#46450,#46440,#46380,#46370));
#46470=FACE_OUTER_BOUND('',#46460,.T.);
#46480=ADVANCED_FACE('',(#46470),#46310,.F.);
#46490=CARTESIAN_POINT('',(1.53200498876191,0.245961940777114,
-5.80000000000004));
#46500=DIRECTION('',(-8.4837484912221E-15,9.95276753369399E-16,1.));
#46510=DIRECTION('',(1.,-5.73793666112804E-35,8.4837484912221E-15));
#46520=AXIS2_PLACEMENT_3D('',#46490,#46500,#46510);
#46530=PLANE('',#46520);
#46540=ORIENTED_EDGE('',*,*,#40170,.F.);
#46550=ORIENTED_EDGE('',*,*,#38740,.F.);
#46560=ORIENTED_EDGE('',*,*,#36390,.T.);
#46570=ORIENTED_EDGE('',*,*,#25580,.T.);
#46580=EDGE_LOOP('',(#46570,#46560,#46550,#46540));
#46590=FACE_OUTER_BOUND('',#46580,.T.);
#46600=ADVANCED_FACE('',(#46590),#46530,.F.);
#46610=CARTESIAN_POINT('',(0.902004988761912,0.245961940777116,
-4.15000000000005));
#46620=DIRECTION('',(-4.12269334299985E-16,-9.95276753369398E-16,-1.));
#46630=DIRECTION('',(-1.,-2.04740447771424E-34,4.12269334299985E-16));
#46640=AXIS2_PLACEMENT_3D('',#46610,#46620,#46630);
#46650=PLANE('',#46640);
#46660=ORIENTED_EDGE('',*,*,#28130,.F.);
#46670=ORIENTED_EDGE('',*,*,#36210,.T.);
#46680=ORIENTED_EDGE('',*,*,#23860,.T.);
#46690=ORIENTED_EDGE('',*,*,#5760,.F.);
#46700=EDGE_LOOP('',(#46690,#46680,#46670,#46660));
#46710=FACE_OUTER_BOUND('',#46700,.T.);
#46720=ADVANCED_FACE('',(#46710),#46650,.F.);
#46730=CARTESIAN_POINT('',(-4.9,1.15,0.));
#46740=DIRECTION('',(0.,-1.,0.));
#46750=DIRECTION('',(0.,0.,-1.));
#46760=AXIS2_PLACEMENT_3D('',#46730,#46740,#46750);
#46770=PLANE('',#46760);
#46780=CARTESIAN_POINT('',(-4.9,1.15,0.));
#46790=DIRECTION('',(0.,-1.,0.));
#46800=DIRECTION('',(0.,0.,-1.));
#46810=AXIS2_PLACEMENT_3D('',#46780,#46790,#46800);
#46820=CIRCLE('',#46810,0.4);
#46830=CARTESIAN_POINT('',(-4.9,1.15,-0.4));
#46840=VERTEX_POINT('',#46830);
#46850=CARTESIAN_POINT('',(-4.9,1.15,0.4));
#46860=VERTEX_POINT('',#46850);
#46870=EDGE_CURVE('',#46840,#46860,#46820,.T.);
#46880=ORIENTED_EDGE('',*,*,#46870,.T.);
#46890=EDGE_CURVE('',#46860,#46840,#46820,.T.);
#46900=ORIENTED_EDGE('',*,*,#46890,.T.);
#46910=EDGE_LOOP('',(#46900,#46880));
#46920=FACE_OUTER_BOUND('',#46910,.T.);
#46930=ADVANCED_FACE('',(#46920),#46770,.T.);
#46940=CARTESIAN_POINT('',(3.27,-6.91931354976778,3.03000000000001));
#46950=DIRECTION('',(1.,0.,2.1469349950208E-16));
#46960=DIRECTION('',(2.1469349950208E-16,0.,-1.));
#46970=AXIS2_PLACEMENT_3D('',#46940,#46950,#46960);
#46980=PLANE('',#46970);
#46990=ORIENTED_EDGE('',*,*,#14630,.F.);
#47000=ORIENTED_EDGE('',*,*,#400,.F.);
#47010=ORIENTED_EDGE('',*,*,#38880,.F.);
#47020=ORIENTED_EDGE('',*,*,#8650,.T.);
#47030=EDGE_LOOP('',(#47020,#47010,#47000,#46990));
#47040=FACE_OUTER_BOUND('',#47030,.T.);
#47050=ADVANCED_FACE('',(#47040),#46980,.F.);
#47060=CARTESIAN_POINT('',(-0.911600000000001,0.299999999999999,
4.64999999999998));
#47070=DIRECTION('',(5.67472333619398E-54,-2.94648481515741E-20,1.));
#47080=DIRECTION('',(1.,1.92592994438725E-34,0.));
#47090=AXIS2_PLACEMENT_3D('',#47060,#47070,#47080);
#47100=PLANE('',#47090);
#47110=CARTESIAN_POINT('',(-1.50203416229077,0.345961940777124,
4.64999999999998));
#47120=DIRECTION('',(5.67472333619398E-54,-2.94648481515741E-20,1.));
#47130=DIRECTION('',(1.92592994438725E-34,-1.,-2.94648481515741E-20));
#47140=AXIS2_PLACEMENT_3D('',#47110,#47120,#47130);
#47150=CIRCLE('',#47140,0.35);
#47160=EDGE_CURVE('',#34630,#3300,#47150,.T.);
#47170=ORIENTED_EDGE('',*,*,#47160,.T.);
#47180=ORIENTED_EDGE('',*,*,#34640,.T.);
#47190=ORIENTED_EDGE('',*,*,#37380,.F.);
#47200=ORIENTED_EDGE('',*,*,#3390,.T.);
#47210=EDGE_LOOP('',(#47200,#47190,#47180,#47170));
#47220=FACE_OUTER_BOUND('',#47210,.T.);
#47230=ADVANCED_FACE('',(#47220),#47100,.T.);
#47240=CARTESIAN_POINT('',(-1.53200498876192,0.245961940777124,
5.79999999999996));
#47250=DIRECTION('',(-5.67472333619398E-54,2.94648481515741E-20,-1.));
#47260=DIRECTION('',(-1.,-1.92592994438725E-34,0.));
#47270=AXIS2_PLACEMENT_3D('',#47240,#47250,#47260);
#47280=PLANE('',#47270);
#47290=ORIENTED_EDGE('',*,*,#12340,.F.);
#47300=ORIENTED_EDGE('',*,*,#44320,.F.);
#47310=ORIENTED_EDGE('',*,*,#34140,.T.);
#47320=ORIENTED_EDGE('',*,*,#20640,.T.);
#47330=EDGE_LOOP('',(#47320,#47310,#47300,#47290));
#47340=FACE_OUTER_BOUND('',#47330,.T.);
#47350=ADVANCED_FACE('',(#47340),#47280,.F.);
#47360=CARTESIAN_POINT('',(2.3,2.34705627484771,0.849999999999991));
#47370=DIRECTION('',(0.,-1.,0.));
#47380=DIRECTION('',(0.,0.,-1.));
#47390=AXIS2_PLACEMENT_3D('',#47360,#47370,#47380);
#47400=CYLINDRICAL_SURFACE('',#47390,0.6);
#47410=CARTESIAN_POINT('',(2.3,2.34705627484771,1.44999999999999));
#47420=DIRECTION('',(0.,-1.,0.));
#47430=VECTOR('',#47420,1.);
#47440=LINE('',#47410,#47430);
#47450=EDGE_CURVE('',#39620,#1880,#47440,.T.);
#47460=ORIENTED_EDGE('',*,*,#47450,.T.);
#47470=ORIENTED_EDGE('',*,*,#39650,.F.);
#47480=CARTESIAN_POINT('',(2.3,2.34705627484771,0.249999999999992));
#47490=DIRECTION('',(0.,-1.,0.));
#47500=VECTOR('',#47490,1.);
#47510=LINE('',#47480,#47500);
#47520=EDGE_CURVE('',#39600,#1900,#47510,.T.);
#47530=ORIENTED_EDGE('',*,*,#47520,.F.);
#47540=ORIENTED_EDGE('',*,*,#1930,.F.);
#47550=EDGE_LOOP('',(#47540,#47530,#47470,#47460));
#47560=FACE_OUTER_BOUND('',#47550,.T.);
#47570=ADVANCED_FACE('',(#47560),#47400,.F.);
#47580=CARTESIAN_POINT('',(-7.32476040639209,0.08,3.20000000000001));
#47590=DIRECTION('',(0.,0.,1.));
#47600=DIRECTION('',(1.,0.,0.));
#47610=AXIS2_PLACEMENT_3D('',#47580,#47590,#47600);
#47620=PLANE('',#47610);
#47630=ORIENTED_EDGE('',*,*,#38950,.F.);
#47640=ORIENTED_EDGE('',*,*,#230,.T.);
#47650=ORIENTED_EDGE('',*,*,#32250,.F.);
#47660=ORIENTED_EDGE('',*,*,#8820,.F.);
#47670=EDGE_LOOP('',(#47660,#47650,#47640,#47630));
#47680=FACE_OUTER_BOUND('',#47670,.T.);
#47690=ADVANCED_FACE('',(#47680),#47620,.F.);
#47700=CARTESIAN_POINT('',(-5.9,0.799999999999999,0.));
#47710=DIRECTION('',(0.,1.,0.));
#47720=DIRECTION('',(0.,0.,1.));
#47730=AXIS2_PLACEMENT_3D('',#47700,#47710,#47720);
#47740=PLANE('',#47730);
#47750=ORIENTED_EDGE('',*,*,#40420,.T.);
#47760=ORIENTED_EDGE('',*,*,#19130,.T.);
#47770=ORIENTED_EDGE('',*,*,#14040,.T.);
#47780=ORIENTED_EDGE('',*,*,#30330,.T.);
#47790=EDGE_LOOP('',(#47780,#47770,#47760,#47750));
#47800=FACE_OUTER_BOUND('',#47790,.T.);
#47810=ADVANCED_FACE('',(#47800),#47740,.T.);
#47820=CARTESIAN_POINT('',(3.15200498876191,0.245961940777115,
-5.10000000000006));
#47830=DIRECTION('',(-1.92592994438725E-34,1.,-9.95276753369398E-16));
#47840=DIRECTION('',(1.,1.92592994438725E-34,0.));
#47850=AXIS2_PLACEMENT_3D('',#47820,#47830,#47840);
#47860=CYLINDRICAL_SURFACE('',#47850,0.200000000000005);
#47870=ORIENTED_EDGE('',*,*,#40250,.F.);
#47880=ORIENTED_EDGE('',*,*,#25720,.T.);
#47890=ORIENTED_EDGE('',*,*,#36300,.F.);
#47900=ORIENTED_EDGE('',*,*,#32730,.T.);
#47910=EDGE_LOOP('',(#47900,#47890,#47880,#47870));
#47920=FACE_OUTER_BOUND('',#47910,.T.);
#47930=ADVANCED_FACE('',(#47920),#47860,.T.);
#47940=CARTESIAN_POINT('',(-1.63200498876191,0.245961940777124,
5.24999999999997));
#47950=DIRECTION('',(-1.92592994438725E-34,1.,2.94648481515741E-20));
#47960=DIRECTION('',(1.,1.92592994438725E-34,0.));
#47970=AXIS2_PLACEMENT_3D('',#47940,#47950,#47960);
#47980=CYLINDRICAL_SURFACE('',#47970,0.199999999999997);
#47990=ORIENTED_EDGE('',*,*,#3650,.F.);
#48000=ORIENTED_EDGE('',*,*,#28610,.T.);
#48010=ORIENTED_EDGE('',*,*,#34460,.F.);
#48020=ORIENTED_EDGE('',*,*,#31450,.T.);
#48030=EDGE_LOOP('',(#48020,#48010,#48000,#47990));
#48040=FACE_OUTER_BOUND('',#48030,.T.);
#48050=ADVANCED_FACE('',(#48040),#47980,.T.);
#48060=CARTESIAN_POINT('',(2.3,2.34705627484771,-1.75000000000001));
#48070=DIRECTION('',(0.,-1.,0.));
#48080=DIRECTION('',(0.,0.,-1.));
#48090=AXIS2_PLACEMENT_3D('',#48060,#48070,#48080);
#48100=CYLINDRICAL_SURFACE('',#48090,0.5);
#48110=CARTESIAN_POINT('',(2.3,2.34705627484771,-2.25000000000001));
#48120=DIRECTION('',(0.,-1.,0.));
#48130=VECTOR('',#48120,1.);
#48140=LINE('',#48110,#48130);
#48150=EDGE_CURVE('',#46050,#2030,#48140,.T.);
#48160=ORIENTED_EDGE('',*,*,#48150,.F.);
#48170=ORIENTED_EDGE('',*,*,#2060,.F.);
#48180=CARTESIAN_POINT('',(2.3,2.34705627484771,-1.25000000000001));
#48190=DIRECTION('',(0.,-1.,0.));
#48200=VECTOR('',#48190,1.);
#48210=LINE('',#48180,#48200);
#48220=EDGE_CURVE('',#46070,#2050,#48210,.T.);
#48230=ORIENTED_EDGE('',*,*,#48220,.T.);
#48240=ORIENTED_EDGE('',*,*,#46100,.F.);
#48250=EDGE_LOOP('',(#48240,#48230,#48170,#48160));
#48260=FACE_OUTER_BOUND('',#48250,.T.);
#48270=ADVANCED_FACE('',(#48260),#48100,.F.);
#48280=CARTESIAN_POINT('',(-3.27,-6.91931354976778,-0.550000000000001));
#48290=DIRECTION('',(-1.,0.,-1.6365315811102E-16));
#48300=DIRECTION('',(-1.6365315811102E-16,0.,1.));
#48310=AXIS2_PLACEMENT_3D('',#48280,#48290,#48300);
#48320=PLANE('',#48310);
#48330=ORIENTED_EDGE('',*,*,#740,.F.);
#48340=CARTESIAN_POINT('',(-3.27,0.080000000000001,-3.02999999999999));
#48350=DIRECTION('',(0.,-1.,0.));
#48360=VECTOR('',#48350,1.);
#48370=LINE('',#48340,#48360);
#48380=EDGE_CURVE('',#650,#8390,#48370,.T.);
#48390=ORIENTED_EDGE('',*,*,#48380,.F.);
#48400=ORIENTED_EDGE('',*,*,#8970,.T.);
#48410=ORIENTED_EDGE('',*,*,#2720,.F.);
#48420=EDGE_LOOP('',(#48410,#48400,#48390,#48330));
#48430=FACE_OUTER_BOUND('',#48420,.T.);
#48440=ADVANCED_FACE('',(#48430),#48320,.F.);
#48450=CARTESIAN_POINT('',(1.53200498876191,0.245961940777115,
-5.35000000000009));
#48460=DIRECTION('',(-1.92592994438725E-34,1.,-9.95276753369398E-16));
#48470=DIRECTION('',(1.,1.92592994438725E-34,0.));
#48480=AXIS2_PLACEMENT_3D('',#48450,#48460,#48470);
#48490=CYLINDRICAL_SURFACE('',#48480,0.199999999999992);
#48500=ORIENTED_EDGE('',*,*,#6350,.F.);
#48510=ORIENTED_EDGE('',*,*,#41600,.T.);
#48520=ORIENTED_EDGE('',*,*,#36650,.F.);
#48530=ORIENTED_EDGE('',*,*,#42280,.T.);
#48540=EDGE_LOOP('',(#48530,#48520,#48510,#48500));
#48550=FACE_OUTER_BOUND('',#48540,.T.);
#48560=ADVANCED_FACE('',(#48550),#48490,.T.);
#48570=CARTESIAN_POINT('',(0.,1.,0.));
#48580=DIRECTION('',(0.,1.,0.));
#48590=DIRECTION('',(0.,0.,1.));
#48600=AXIS2_PLACEMENT_3D('',#48570,#48580,#48590);
#48610=PLANE('',#48600);
#48620=ORIENTED_EDGE('',*,*,#19530,.T.);
#48630=ORIENTED_EDGE('',*,*,#9300,.F.);
#48640=ORIENTED_EDGE('',*,*,#9760,.T.);
#48650=ORIENTED_EDGE('',*,*,#10230,.F.);
#48660=EDGE_LOOP('',(#48650,#48640,#48630,#48620));
#48670=FACE_BOUND('',#48660,.T.);
#48680=CARTESIAN_POINT('',(-4.9,1.,0.));
#48690=DIRECTION('',(-0.,1.,0.));
#48700=DIRECTION('',(2.22044604925031E-15,0.,1.));
#48710=AXIS2_PLACEMENT_3D('',#48680,#48690,#48700);
#48720=CIRCLE('',#48710,0.4);
#48730=CARTESIAN_POINT('',(-4.9,1.,0.4));
#48740=VERTEX_POINT('',#48730);
#48750=CARTESIAN_POINT('',(-4.9,1.,-0.4));
#48760=VERTEX_POINT('',#48750);
#48770=EDGE_CURVE('',#48740,#48760,#48720,.T.);
#48780=ORIENTED_EDGE('',*,*,#48770,.T.);
#48790=EDGE_CURVE('',#48760,#48740,#48720,.T.);
#48800=ORIENTED_EDGE('',*,*,#48790,.T.);
#48810=EDGE_LOOP('',(#48800,#48780));
#48820=FACE_BOUND('',#48810,.T.);
#48830=CARTESIAN_POINT('',(2.13949956224974E-16,1.,1.36939205608535E-16)
);
#48840=DIRECTION('',(0.,-1.,-0.));
#48850=DIRECTION('',(-0.742191626210122,0.,-0.670187727419396));
#48860=AXIS2_PLACEMENT_3D('',#48830,#48840,#48850);
#48870=CIRCLE('',#48860,5.995);
#48880=CARTESIAN_POINT('',(-4.44943879912968,1.,-4.01777542587928));
#48890=VERTEX_POINT('',#48880);
#48900=CARTESIAN_POINT('',(4.44943879912968,1.,4.01777542587928));
#48910=VERTEX_POINT('',#48900);
#48920=EDGE_CURVE('',#48890,#48910,#48870,.T.);
#48930=ORIENTED_EDGE('',*,*,#48920,.T.);
#48940=EDGE_CURVE('',#48910,#48890,#48870,.T.);
#48950=ORIENTED_EDGE('',*,*,#48940,.T.);
#48960=EDGE_LOOP('',(#48950,#48930));
#48970=FACE_OUTER_BOUND('',#48960,.T.);
#48980=ADVANCED_FACE('',(#48670,#48820,#48970),#48610,.F.);
#48990=CARTESIAN_POINT('',(-1.50203416229077,0.345961940777124,
3.74266801495931));
#49000=DIRECTION('',(5.67472333619398E-54,-2.94648481515741E-20,1.));
#49010=DIRECTION('',(1.,1.92592994438725E-34,0.));
#49020=AXIS2_PLACEMENT_3D('',#48990,#49000,#49010);
#49030=CYLINDRICAL_SURFACE('',#49020,0.35);
#49040=ORIENTED_EDGE('',*,*,#37790,.F.);
#49050=ORIENTED_EDGE('',*,*,#34720,.T.);
#49060=ORIENTED_EDGE('',*,*,#47160,.F.);
#49070=ORIENTED_EDGE('',*,*,#3310,.T.);
#49080=EDGE_LOOP('',(#49070,#49060,#49050,#49040));
#49090=FACE_OUTER_BOUND('',#49080,.T.);
#49100=ADVANCED_FACE('',(#49090),#49030,.T.);
#49110=CARTESIAN_POINT('',(-3.1,-6.91931354976778,-3.02999999999999));
#49120=DIRECTION('',(0.,-1.,0.));
#49130=DIRECTION('',(0.,0.,-1.));
#49140=AXIS2_PLACEMENT_3D('',#49110,#49120,#49130);
#49150=CYLINDRICAL_SURFACE('',#49140,0.17);
#49160=ORIENTED_EDGE('',*,*,#48380,.T.);
#49170=ORIENTED_EDGE('',*,*,#660,.F.);
#49180=ORIENTED_EDGE('',*,*,#13610,.T.);
#49190=ORIENTED_EDGE('',*,*,#8400,.F.);
#49200=EDGE_LOOP('',(#49190,#49180,#49170,#49160));
#49210=FACE_OUTER_BOUND('',#49200,.T.);
#49220=ADVANCED_FACE('',(#49210),#49150,.F.);
#49230=CARTESIAN_POINT('',(0.,-27.4191815827645,0.));
#49240=DIRECTION('',(0.,1.,0.));
#49250=DIRECTION('',(0.,0.,-1.));
#49260=AXIS2_PLACEMENT_3D('',#49230,#49240,#49250);
#49270=CONICAL_SURFACE('',#49260,1.,0.0174532925199433);
#49280=ORIENTED_EDGE('',*,*,#31810,.T.);
#49290=ORIENTED_EDGE('',*,*,#1630,.F.);
#49300=ORIENTED_EDGE('',*,*,#21610,.F.);
#49310=ORIENTED_EDGE('',*,*,#37950,.T.);
#49320=EDGE_LOOP('',(#49310,#49300,#49290,#49280));
#49330=FACE_OUTER_BOUND('',#49320,.T.);
#49340=ADVANCED_FACE('',(#49330),#49270,.T.);
#49350=CARTESIAN_POINT('',(-4.9,1.15,0.));
#49360=DIRECTION('',(0.,-1.,0.));
#49370=DIRECTION('',(0.,0.,-1.));
#49380=AXIS2_PLACEMENT_3D('',#49350,#49360,#49370);
#49390=CYLINDRICAL_SURFACE('',#49380,0.4);
#49400=CARTESIAN_POINT('',(-4.9,1.15,-0.4));
#49410=DIRECTION('',(0.,-1.,0.));
#49420=VECTOR('',#49410,1.);
#49430=LINE('',#49400,#49420);
#49440=EDGE_CURVE('',#46840,#48760,#49430,.T.);
#49450=ORIENTED_EDGE('',*,*,#49440,.F.);
#49460=ORIENTED_EDGE('',*,*,#48790,.F.);
#49470=CARTESIAN_POINT('',(-4.9,1.15,0.4));
#49480=DIRECTION('',(0.,-1.,0.));
#49490=VECTOR('',#49480,1.);
#49500=LINE('',#49470,#49490);
#49510=EDGE_CURVE('',#46860,#48740,#49500,.T.);
#49520=ORIENTED_EDGE('',*,*,#49510,.T.);
#49530=ORIENTED_EDGE('',*,*,#46890,.F.);
#49540=EDGE_LOOP('',(#49530,#49520,#49460,#49450));
#49550=FACE_OUTER_BOUND('',#49540,.T.);
#49560=ADVANCED_FACE('',(#49550),#49390,.F.);
#49570=CARTESIAN_POINT('',(2.13949956224974E-16,-6.5,
1.36939205608535E-16));
#49580=DIRECTION('',(0.,1.,0.));
#49590=DIRECTION('',(0.742191626210122,0.,0.670187727419396));
#49600=AXIS2_PLACEMENT_3D('',#49570,#49580,#49590);
#49610=CYLINDRICAL_SURFACE('',#49600,5.995);
#49620=CARTESIAN_POINT('',(-4.44943879912968,-6.5,-4.01777542587928));
#49630=DIRECTION('',(0.,1.,0.));
#49640=VECTOR('',#49630,1.);
#49650=LINE('',#49620,#49640);
#49660=EDGE_CURVE('',#48890,#31210,#49650,.T.);
#49670=ORIENTED_EDGE('',*,*,#49660,.F.);
#49680=EDGE_CURVE('',#31210,#31110,#31280,.T.);
#49690=ORIENTED_EDGE('',*,*,#49680,.F.);
#49700=CARTESIAN_POINT('',(4.44943879912968,-6.5,4.01777542587928));
#49710=DIRECTION('',(0.,1.,0.));
#49720=VECTOR('',#49710,1.);
#49730=LINE('',#49700,#49720);
#49740=EDGE_CURVE('',#48910,#31110,#49730,.T.);
#49750=ORIENTED_EDGE('',*,*,#49740,.T.);
#49760=ORIENTED_EDGE('',*,*,#48940,.F.);
#49770=EDGE_LOOP('',(#49760,#49750,#49690,#49670));
#49780=FACE_OUTER_BOUND('',#49770,.T.);
#49790=ADVANCED_FACE('',(#49780),#49610,.T.);
#49800=CARTESIAN_POINT('',(1.48,48.7764673861454,0.));
#49810=DIRECTION('',(0.,1.,0.));
#49820=DIRECTION('',(0.,0.,-1.));
#49830=AXIS2_PLACEMENT_3D('',#49800,#49810,#49820);
#49840=CONICAL_SURFACE('',#49830,1.,0.0174532925199433);
#49850=ORIENTED_EDGE('',*,*,#16790,.T.);
#49860=ORIENTED_EDGE('',*,*,#1200,.F.);
#49870=ORIENTED_EDGE('',*,*,#22630,.F.);
#49880=CARTESIAN_POINT('',(1.48,-0.86998993147395,-0.133417864064969));
#49890=CARTESIAN_POINT('',(1.47739795617057,-0.874490819156444,
-0.133339300778237));
#49900=CARTESIAN_POINT('',(1.47221274147073,-0.883483652188552,
-0.133030174597995));
#49910=CARTESIAN_POINT('',(1.46449786017138,-0.896934571543827,
-0.132116625798468));
#49920=CARTESIAN_POINT('',(1.45940051496435,-0.905868565565614,
-0.131209659368994));
#49930=CARTESIAN_POINT('',(1.45686443485473,-0.910325321918198,
-0.13068167525894));
#49940=B_SPLINE_CURVE_WITH_KNOTS('',3,(#49880,#49890,#49900,#49910,
#49920,#49930),.UNSPECIFIED.,.F.,.F.,(4,1,1,4),(0.,0.333333333333333,
0.666666666666667,1.),.UNSPECIFIED.);
#49950=CARTESIAN_POINT('',(1.48,-0.86998993147395,-0.133417864064969));
#49960=VERTEX_POINT('',#49950);
#49970=EDGE_CURVE('',#49960,#22620,#49940,.T.);
#49980=ORIENTED_EDGE('',*,*,#49970,.T.);
#49990=CARTESIAN_POINT('',(1.48,-0.86998993147395,0.133417864064969));
#50000=CARTESIAN_POINT('',(1.49127327141083,-0.850489979989472,
0.133758236984228));
#50010=CARTESIAN_POINT('',(1.51306787731558,-0.813178921066165,
0.131580886447302));
#50020=CARTESIAN_POINT('',(1.54301906577639,-0.762946357152451,
0.121086604428667));
#50030=CARTESIAN_POINT('',(1.56957979329909,-0.719422648300446,
0.103987847626057));
#50040=CARTESIAN_POINT('',(1.59158129032468,-0.683477760253071,
0.0810943412075791));
#50050=CARTESIAN_POINT('',(1.60860908251528,-0.656647923807309,
0.0518710711577144));
#50060=CARTESIAN_POINT('',(1.61837771546268,-0.640873839470594,
0.0155024366901428));
#50070=CARTESIAN_POINT('',(1.61709621354182,-0.64299653684321,
-0.0234684683048298));
#50080=CARTESIAN_POINT('',(1.60599726436442,-0.660820559869792,
-0.0573035737529785));
#50090=CARTESIAN_POINT('',(1.58895801524604,-0.687626579214472,
-0.0842761394017355));
#50100=CARTESIAN_POINT('',(1.5673065730237,-0.723184493609327,
-0.105718320108009));
#50110=CARTESIAN_POINT('',(1.54123373640186,-0.765905777061003,
-0.121869343049338));
#50120=CARTESIAN_POINT('',(1.51200686912461,-0.814999887691155,
-0.131735670249015));
#50130=CARTESIAN_POINT('',(1.49089453926578,-0.851145092262116,
-0.133746801956974));
#50140=CARTESIAN_POINT('',(1.48,-0.86998993147395,-0.133417864064969));
#50150=B_SPLINE_CURVE_WITH_KNOTS('',3,(#49990,#50000,#50010,#50020,
#50030,#50040,#50050,#50060,#50070,#50080,#50090,#50100,#50110,#50120,
#50130,#50140),.UNSPECIFIED.,.F.,.F.,(4,1,1,1,1,1,1,1,1,1,1,1,1,4),(0.,
0.0769230769230769,0.153846153846154,0.230769230769231,0.307692307692308
,0.384615384615385,0.461538461538462,0.538461538461539,0.615384615384615
,0.692307692307692,0.769230769230769,0.846153846153846,0.923076923076923
,1.),.UNSPECIFIED.);
#50160=CARTESIAN_POINT('',(1.48,-0.869989931473948,0.133417864064969));
#50170=VERTEX_POINT('',#50160);
#50180=EDGE_CURVE('',#50170,#49960,#50150,.T.);
#50190=ORIENTED_EDGE('',*,*,#50180,.T.);
#50200=CARTESIAN_POINT('',(1.45686443485391,-0.910325321918212,
0.130681675258795));
#50210=CARTESIAN_POINT('',(1.45940051491913,-0.905868565643676,
0.13120965935962));
#50220=CARTESIAN_POINT('',(1.46449785950241,-0.896934571395867,
0.132116625728162));
#50230=CARTESIAN_POINT('',(1.47221274189544,-0.883483652471115,
0.133030174627386));
#50240=CARTESIAN_POINT('',(1.47739795616432,-0.874490819167257,
0.133339300778048));
#50250=CARTESIAN_POINT('',(1.48,-0.86998993147395,0.133417864064969));
#50260=B_SPLINE_CURVE_WITH_KNOTS('',3,(#50200,#50210,#50220,#50230,
#50240,#50250),.UNSPECIFIED.,.F.,.F.,(4,1,1,4),(0.,0.333333333333333,
0.666666666666667,1.),.UNSPECIFIED.);
#50270=EDGE_CURVE('',#16780,#50170,#50260,.T.);
#50280=ORIENTED_EDGE('',*,*,#50270,.T.);
#50290=EDGE_LOOP('',(#50280,#50190,#49980,#49870,#49860,#49850));
#50300=FACE_OUTER_BOUND('',#50290,.T.);
#50310=ADVANCED_FACE('',(#50300),#49840,.T.);
#50320=CARTESIAN_POINT('',(2.13949956224974E-16,-6.5,
1.36939205608535E-16));
#50330=DIRECTION('',(0.,1.,0.));
#50340=DIRECTION('',(0.742191626210122,0.,0.670187727419396));
#50350=AXIS2_PLACEMENT_3D('',#50320,#50330,#50340);
#50360=CYLINDRICAL_SURFACE('',#50350,5.995);
#50370=ORIENTED_EDGE('',*,*,#49660,.T.);
#50380=ORIENTED_EDGE('',*,*,#48920,.F.);
#50390=ORIENTED_EDGE('',*,*,#49740,.F.);
#50400=ORIENTED_EDGE('',*,*,#31290,.F.);
#50410=EDGE_LOOP('',(#50400,#50390,#50380,#50370));
#50420=FACE_OUTER_BOUND('',#50410,.T.);
#50430=ADVANCED_FACE('',(#50420),#50360,.T.);
#50440=CARTESIAN_POINT('',(-1.93977046885428E-19,10.3035546458898,
5.42976580892665E-20));
#50450=DIRECTION('',(0.,1.,0.));
#50460=DIRECTION('',(0.,0.,1.));
#50470=AXIS2_PLACEMENT_3D('',#50440,#50450,#50460);
#50480=CYLINDRICAL_SURFACE('',#50470,3.35);
#50490=EDGE_CURVE('',#27560,#27730,#27800,.T.);
#50500=ORIENTED_EDGE('',*,*,#50490,.F.);
#50510=ORIENTED_EDGE('',*,*,#27740,.T.);
#50520=ORIENTED_EDGE('',*,*,#32910,.F.);
#50530=ORIENTED_EDGE('',*,*,#27570,.F.);
#50540=EDGE_LOOP('',(#50530,#50520,#50510,#50500));
#50550=FACE_OUTER_BOUND('',#50540,.T.);
#50560=ADVANCED_FACE('',(#50550),#50480,.T.);
#50570=CARTESIAN_POINT('',(2.3,2.34705627484771,-1.75000000000001));
#50580=DIRECTION('',(0.,-1.,0.));
#50590=DIRECTION('',(0.,0.,-1.));
#50600=AXIS2_PLACEMENT_3D('',#50570,#50580,#50590);
#50610=CYLINDRICAL_SURFACE('',#50600,0.5);
#50620=ORIENTED_EDGE('',*,*,#48150,.T.);
#50630=ORIENTED_EDGE('',*,*,#46080,.F.);
#50640=ORIENTED_EDGE('',*,*,#48220,.F.);
#50650=ORIENTED_EDGE('',*,*,#2080,.F.);
#50660=EDGE_LOOP('',(#50650,#50640,#50630,#50620));
#50670=FACE_OUTER_BOUND('',#50660,.T.);
#50680=ADVANCED_FACE('',(#50670),#50610,.F.);
#50690=CARTESIAN_POINT('',(2.13949956224974E-16,0.583981771313274,
1.36939205608535E-16));
#50700=DIRECTION('',(0.,-1.,0.));
#50710=DIRECTION('',(-0.742191626210122,0.,-0.670187727419396));
#50720=AXIS2_PLACEMENT_3D('',#50690,#50700,#50710);
#50730=CYLINDRICAL_SURFACE('',#50720,5.695);
#50740=ORIENTED_EDGE('',*,*,#12840,.T.);
#50750=ORIENTED_EDGE('',*,*,#27050,.F.);
#50760=ORIENTED_EDGE('',*,*,#13010,.F.);
#50770=EDGE_CURVE('',#12920,#12830,#12900,.T.);
#50780=ORIENTED_EDGE('',*,*,#50770,.F.);
#50790=EDGE_LOOP('',(#50780,#50760,#50750,#50740));
#50800=FACE_OUTER_BOUND('',#50790,.T.);
#50810=ADVANCED_FACE('',(#50800),#50730,.T.);
#50820=CARTESIAN_POINT('',(-2.3,0.649999999999999,2.34999999999995));
#50830=DIRECTION('',(-1.92592994438725E-34,1.,2.94648481515741E-20));
#50840=DIRECTION('',(1.,1.92592994438725E-34,0.));
#50850=AXIS2_PLACEMENT_3D('',#50820,#50830,#50840);
#50860=CYLINDRICAL_SURFACE('',#50850,0.278867513459471);
#50870=ORIENTED_EDGE('',*,*,#34940,.F.);
#50880=ORIENTED_EDGE('',*,*,#45640,.T.);
#50890=ORIENTED_EDGE('',*,*,#35030,.T.);
#50900=ORIENTED_EDGE('',*,*,#18710,.F.);
#50910=EDGE_LOOP('',(#50900,#50890,#50880,#50870));
#50920=FACE_OUTER_BOUND('',#50910,.T.);
#50930=ADVANCED_FACE('',(#50920),#50860,.F.);
#50940=CARTESIAN_POINT('',(0.,-1.4,0.));
#50950=DIRECTION('',(0.,1.,0.));
#50960=DIRECTION('',(0.,0.,1.));
#50970=AXIS2_PLACEMENT_3D('',#50940,#50950,#50960);
#50980=CYLINDRICAL_SURFACE('',#50970,0.98);
#50990=ORIENTED_EDGE('',*,*,#33130,.T.);
#51000=ORIENTED_EDGE('',*,*,#17200,.F.);
#51010=ORIENTED_EDGE('',*,*,#33280,.F.);
#51020=ORIENTED_EDGE('',*,*,#39440,.F.);
#51030=EDGE_LOOP('',(#51020,#51010,#51000,#50990));
#51040=FACE_OUTER_BOUND('',#51030,.T.);
#51050=ADVANCED_FACE('',(#51040),#50980,.F.);
#51060=CARTESIAN_POINT('',(-2.3,2.34705627484771,2.35000000000001));
#51070=DIRECTION('',(0.,-1.,0.));
#51080=DIRECTION('',(0.,0.,-1.));
#51090=AXIS2_PLACEMENT_3D('',#51060,#51070,#51080);
#51100=CYLINDRICAL_SURFACE('',#51090,0.6);
#51110=ORIENTED_EDGE('',*,*,#25970,.T.);
#51120=ORIENTED_EDGE('',*,*,#18540,.F.);
#51130=ORIENTED_EDGE('',*,*,#26040,.F.);
#51140=ORIENTED_EDGE('',*,*,#1780,.F.);
#51150=EDGE_LOOP('',(#51140,#51130,#51120,#51110));
#51160=FACE_OUTER_BOUND('',#51150,.T.);
#51170=ADVANCED_FACE('',(#51160),#51100,.F.);
#51180=CARTESIAN_POINT('',(0.,-1.7117691453624,0.));
#51190=DIRECTION('',(0.,1.,0.));
#51200=DIRECTION('',(0.,0.,1.));
#51210=AXIS2_PLACEMENT_3D('',#51180,#51190,#51200);
#51220=CONICAL_SURFACE('',#51210,1.,0.523598775598293);
#51230=ORIENTED_EDGE('',*,*,#33800,.F.);
#51240=ORIENTED_EDGE('',*,*,#16860,.F.);
#51250=ORIENTED_EDGE('',*,*,#50270,.F.);
#51260=ORIENTED_EDGE('',*,*,#50180,.F.);
#51270=ORIENTED_EDGE('',*,*,#49970,.F.);
#51280=ORIENTED_EDGE('',*,*,#22820,.F.);
#51290=ORIENTED_EDGE('',*,*,#32110,.F.);
#51300=ORIENTED_EDGE('',*,*,#38190,.T.);
#51310=ORIENTED_EDGE('',*,*,#17050,.F.);
#51320=ORIENTED_EDGE('',*,*,#38120,.F.);
#51330=EDGE_LOOP('',(#51320,#51310,#51300,#51290,#51280,#51270,#51260,
#51250,#51240,#51230));
#51340=FACE_OUTER_BOUND('',#51330,.T.);
#51350=ADVANCED_FACE('',(#51340),#51220,.T.);
#51360=CARTESIAN_POINT('',(4.5,-1.25,0.));
#51370=DIRECTION('',(0.,1.,0.));
#51380=DIRECTION('',(0.,0.,1.));
#51390=AXIS2_PLACEMENT_3D('',#51360,#51370,#51380);
#51400=CYLINDRICAL_SURFACE('',#51390,0.55);
#51410=EDGE_CURVE('',#11780,#11600,#11850,.T.);
#51420=ORIENTED_EDGE('',*,*,#51410,.F.);
#51430=ORIENTED_EDGE('',*,*,#38410,.F.);
#51440=ORIENTED_EDGE('',*,*,#9100,.F.);
#51450=ORIENTED_EDGE('',*,*,#38340,.T.);
#51460=EDGE_LOOP('',(#51450,#51440,#51430,#51420));
#51470=FACE_OUTER_BOUND('',#51460,.T.);
#51480=ADVANCED_FACE('',(#51470),#51400,.T.);
#51490=CARTESIAN_POINT('',(2.3,2.34705627484771,0.849999999999991));
#51500=DIRECTION('',(0.,-1.,0.));
#51510=DIRECTION('',(0.,0.,-1.));
#51520=AXIS2_PLACEMENT_3D('',#51490,#51500,#51510);
#51530=CYLINDRICAL_SURFACE('',#51520,0.6);
#51540=ORIENTED_EDGE('',*,*,#39630,.F.);
#51550=ORIENTED_EDGE('',*,*,#47450,.F.);
#51560=ORIENTED_EDGE('',*,*,#1910,.F.);
#51570=ORIENTED_EDGE('',*,*,#47520,.T.);
#51580=EDGE_LOOP('',(#51570,#51560,#51550,#51540));
#51590=FACE_OUTER_BOUND('',#51580,.T.);
#51600=ADVANCED_FACE('',(#51590),#51530,.F.);
#51610=CARTESIAN_POINT('',(2.3,0.649999999999999,0.849999999999951));
#51620=DIRECTION('',(-1.92592994438725E-34,1.,2.94648481515741E-20));
#51630=DIRECTION('',(1.,1.92592994438725E-34,0.));
#51640=AXIS2_PLACEMENT_3D('',#51610,#51620,#51630);
#51650=CYLINDRICAL_SURFACE('',#51640,0.278867513459499);
#51660=ORIENTED_EDGE('',*,*,#39940,.T.);
#51670=ORIENTED_EDGE('',*,*,#39780,.F.);
#51680=ORIENTED_EDGE('',*,*,#40010,.F.);
#51690=ORIENTED_EDGE('',*,*,#12070,.T.);
#51700=EDGE_LOOP('',(#51690,#51680,#51670,#51660));
#51710=FACE_OUTER_BOUND('',#51700,.T.);
#51720=ADVANCED_FACE('',(#51710),#51650,.F.);
#51730=CARTESIAN_POINT('',(-2.3,2.34705627484771,-1.75000000000001));
#51740=DIRECTION('',(0.,-1.,0.));
#51750=DIRECTION('',(0.,0.,-1.));
#51760=AXIS2_PLACEMENT_3D('',#51730,#51740,#51750);
#51770=CYLINDRICAL_SURFACE('',#51760,0.5);
#51780=ORIENTED_EDGE('',*,*,#14450,.F.);
#51790=ORIENTED_EDGE('',*,*,#46360,.F.);
#51800=ORIENTED_EDGE('',*,*,#2210,.F.);
#51810=ORIENTED_EDGE('',*,*,#46430,.T.);
#51820=EDGE_LOOP('',(#51810,#51800,#51790,#51780));
#51830=FACE_OUTER_BOUND('',#51820,.T.);
#51840=ADVANCED_FACE('',(#51830),#51770,.F.);
#51850=CARTESIAN_POINT('',(-4.9,1.15,0.));
#51860=DIRECTION('',(0.,-1.,0.));
#51870=DIRECTION('',(0.,0.,-1.));
#51880=AXIS2_PLACEMENT_3D('',#51850,#51860,#51870);
#51890=CYLINDRICAL_SURFACE('',#51880,0.4);
#51900=ORIENTED_EDGE('',*,*,#46870,.F.);
#51910=ORIENTED_EDGE('',*,*,#49510,.F.);
#51920=ORIENTED_EDGE('',*,*,#48770,.F.);
#51930=ORIENTED_EDGE('',*,*,#49440,.T.);
#51940=EDGE_LOOP('',(#51930,#51920,#51910,#51900));
#51950=FACE_OUTER_BOUND('',#51940,.T.);
#51960=ADVANCED_FACE('',(#51950),#51890,.F.);
#51970=CARTESIAN_POINT('',(2.13949956224974E-16,8.35,
1.36939205608535E-16));
#51980=DIRECTION('',(0.,-1.,0.));
#51990=DIRECTION('',(-0.742191626210122,0.,-0.670187727419396));
#52000=AXIS2_PLACEMENT_3D('',#51970,#51980,#51990);
#52010=TOROIDAL_SURFACE('',#52000,3.075,0.3);
#52020=ORIENTED_EDGE('',*,*,#11170,.T.);
#52030=ORIENTED_EDGE('',*,*,#30940,.F.);
#52040=ORIENTED_EDGE('',*,*,#11350,.F.);
#52050=ORIENTED_EDGE('',*,*,#32970,.T.);
#52060=EDGE_LOOP('',(#52050,#52040,#52030,#52020));
#52070=FACE_OUTER_BOUND('',#52060,.T.);
#52080=ADVANCED_FACE('',(#52070),#52010,.T.);
#52090=CARTESIAN_POINT('',(4.5,-1.05,0.));
#52100=DIRECTION('',(0.,-1.,0.));
#52110=DIRECTION('',(0.,0.,-1.));
#52120=AXIS2_PLACEMENT_3D('',#52090,#52100,#52110);
#52130=TOROIDAL_SURFACE('',#52120,0.35,0.2);
#52140=ORIENTED_EDGE('',*,*,#11610,.F.);
#52150=ORIENTED_EDGE('',*,*,#51410,.T.);
#52160=ORIENTED_EDGE('',*,*,#11790,.T.);
#52170=ORIENTED_EDGE('',*,*,#25830,.F.);
#52180=EDGE_LOOP('',(#52170,#52160,#52150,#52140));
#52190=FACE_OUTER_BOUND('',#52180,.T.);
#52200=ADVANCED_FACE('',(#52190),#52130,.T.);
#52210=CARTESIAN_POINT('',(-1.93977046885428E-19,8.99,
5.42976580892665E-20));
#52220=DIRECTION('',(0.,-1.,0.));
#52230=DIRECTION('',(0.,0.,-1.));
#52240=AXIS2_PLACEMENT_3D('',#52210,#52220,#52230);
#52250=TOROIDAL_SURFACE('',#52240,3.25,0.1);
#52260=ORIENTED_EDGE('',*,*,#41130,.T.);
#52270=ORIENTED_EDGE('',*,*,#50490,.T.);
#52280=ORIENTED_EDGE('',*,*,#41210,.F.);
#52290=ORIENTED_EDGE('',*,*,#15650,.F.);
#52300=EDGE_LOOP('',(#52290,#52280,#52270,#52260));
#52310=FACE_OUTER_BOUND('',#52300,.T.);
#52320=ADVANCED_FACE('',(#52310),#52250,.T.);
#52330=CARTESIAN_POINT('',(2.13949956224974E-16,3.2,1.36939205608535E-16
));
#52340=DIRECTION('',(0.,1.,0.));
#52350=DIRECTION('',(0.742191626210122,0.,0.670187727419396));
#52360=AXIS2_PLACEMENT_3D('',#52330,#52340,#52350);
#52370=TOROIDAL_SURFACE('',#52360,5.695,0.3);
#52380=ORIENTED_EDGE('',*,*,#31120,.F.);
#52390=ORIENTED_EDGE('',*,*,#49680,.T.);
#52400=ORIENTED_EDGE('',*,*,#31220,.T.);
#52410=ORIENTED_EDGE('',*,*,#50770,.T.);
#52420=EDGE_LOOP('',(#52410,#52400,#52390,#52380));
#52430=FACE_OUTER_BOUND('',#52420,.T.);
#52440=ADVANCED_FACE('',(#52430),#52370,.T.);
#52450=CARTESIAN_POINT('',(2.13949956224974E-16,7.55,
1.36939205608535E-16));
#52460=DIRECTION('',(0.,-1.,0.));
#52470=DIRECTION('',(-0.742191626210122,0.,-0.670187727419396));
#52480=AXIS2_PLACEMENT_3D('',#52450,#52460,#52470);
#52490=TOROIDAL_SURFACE('',#52480,4.695,1.);
#52500=ORIENTED_EDGE('',*,*,#27030,.F.);
#52510=ORIENTED_EDGE('',*,*,#30890,.F.);
#52520=ORIENTED_EDGE('',*,*,#27140,.T.);
#52530=ORIENTED_EDGE('',*,*,#13080,.T.);
#52540=EDGE_LOOP('',(#52530,#52520,#52510,#52500));
#52550=FACE_OUTER_BOUND('',#52540,.T.);
#52560=ADVANCED_FACE('',(#52550),#52490,.T.);
#52570=CLOSED_SHELL('',(#2270,#2580,#2830,#9160,#9630,#9880,#10280,
#11020,#11460,#11900,#12110,#12700,#13120,#13440,#13660,#13900,#14300,
#14510,#14680,#15010,#15480,#15690,#16100,#16520,#16900,#17260,#17660,
#18070,#18390,#18750,#18990,#19820,#20200,#20510,#20820,#21140,#21860,
#22170,#22480,#22860,#23170,#23420,#23730,#24060,#24380,#24700,#24940,
#25190,#25360,#25760,#25870,#26090,#26490,#26730,#26900,#27250,#27430,
#27850,#28170,#28350,#28660,#28940,#29510,#29680,#29850,#30020,#30720,
#30830,#30990,#31330,#31640,#32150,#32320,#32520,#32850,#33010,#33330,
#33840,#34820,#35170,#35480,#35800,#36110,#37100,#37270,#37440,#37660,
#37840,#38240,#38460,#38780,#39000,#39200,#39370,#39480,#39840,#40060,
#40310,#40480,#40730,#40850,#41020,#41260,#41430,#41650,#41820,#42060,
#42180,#42350,#42690,#42930,#43360,#43530,#43700,#44050,#44170,#44360,
#44480,#44790,#44910,#45080,#45200,#45320,#45490,#45610,#45690,#45810,
#45930,#46140,#46260,#46480,#46600,#46720,#46930,#47050,#47230,#47350,
#47570,#47690,#47810,#47930,#48050,#48270,#48440,#48560,#48980,#49100,
#49220,#49340,#49560,#49790,#50310,#50430,#50560,#50680,#50810,#50930,
#51050,#51170,#51350,#51480,#51600,#51720,#51840,#51960,#52080,#52200,
#52320,#52440,#52560));
#52580=CARTESIAN_POINT('',(2.94902990916057E-14,0.65,-318.5));
#52590=DIRECTION('',(0.,1.,0.));
#52600=DIRECTION('',(1.,0.,1.22464679914735E-16));
#52610=AXIS2_PLACEMENT_3D('',#52580,#52590,#52600);
#52620=PLANE('',#52610);
#52630=CARTESIAN_POINT('',(3.84999999999999,0.65,0.950000000000003));
#52640=DIRECTION('',(0.,1.,0.));
#52650=DIRECTION('',(-1.,0.,-7.16093850883214E-14));
#52660=AXIS2_PLACEMENT_3D('',#52630,#52640,#52650);
#52670=CIRCLE('',#52660,0.200000000000003);
#52680=CARTESIAN_POINT('',(3.69999999999997,0.649999999999999,
1.08228756555322));
#52690=VERTEX_POINT('',#52680);
#52700=CARTESIAN_POINT('',(3.84999999999999,0.649999999999999,
1.15000000000001));
#52710=VERTEX_POINT('',#52700);
#52720=EDGE_CURVE('',#52690,#52710,#52670,.T.);
#52730=ORIENTED_EDGE('',*,*,#52720,.T.);
#52740=CARTESIAN_POINT('',(3.7,0.65,0.));
#52750=DIRECTION('',(1.4073794347601E-16,0.,1.));
#52760=VECTOR('',#52750,1.);
#52770=LINE('',#52740,#52760);
#52780=CARTESIAN_POINT('',(3.69999999999985,0.649999999999999,
1.14999999999861));
#52790=VERTEX_POINT('',#52780);
#52800=EDGE_CURVE('',#52690,#52790,#52770,.T.);
#52810=ORIENTED_EDGE('',*,*,#52800,.F.);
#52820=CARTESIAN_POINT('',(3.84999999999105,0.65,1.14999999999861));
#52830=DIRECTION('',(-1.,0.,0.));
#52840=VECTOR('',#52830,1.);
#52850=LINE('',#52820,#52840);
#52860=EDGE_CURVE('',#52710,#52790,#52850,.T.);
#52870=ORIENTED_EDGE('',*,*,#52860,.T.);
#52880=EDGE_LOOP('',(#52870,#52810,#52730));
#52890=FACE_OUTER_BOUND('',#52880,.T.);
#52900=ADVANCED_FACE('',(#52890),#52620,.F.);
#52910=CARTESIAN_POINT('',(2.94902990916057E-14,0.399999999999999,-318.5
));
#52920=DIRECTION('',(0.,1.,0.));
#52930=DIRECTION('',(1.,0.,1.22464679914735E-16));
#52940=AXIS2_PLACEMENT_3D('',#52910,#52920,#52930);
#52950=PLANE('',#52940);
#52960=CARTESIAN_POINT('',(3.84999999999999,0.399999999999999,
0.950000000000003));
#52970=DIRECTION('',(-0.,-1.,0.));
#52980=DIRECTION('',(-4.47086812016543E-11,0.,1.));
#52990=AXIS2_PLACEMENT_3D('',#52960,#52970,#52980);
#53000=CIRCLE('',#52990,0.200000000000003);
#53010=CARTESIAN_POINT('',(3.84999999999552,0.399999999999999,
1.14999999999861));
#53020=VERTEX_POINT('',#53010);
#53030=CARTESIAN_POINT('',(3.69999999999997,0.399999999999999,
1.08228756555321));
#53040=VERTEX_POINT('',#53030);
#53050=EDGE_CURVE('',#53020,#53040,#53000,.T.);
#53060=ORIENTED_EDGE('',*,*,#53050,.T.);
#53070=CARTESIAN_POINT('',(3.84999999999999,0.399999999999999,
1.14999999999861));
#53080=DIRECTION('',(-1.,0.,0.));
#53090=VECTOR('',#53080,1.);
#53100=LINE('',#53070,#53090);
#53110=CARTESIAN_POINT('',(3.69999999999985,0.399999999999999,
1.14999999999861));
#53120=VERTEX_POINT('',#53110);
#53130=EDGE_CURVE('',#53020,#53120,#53100,.T.);
#53140=ORIENTED_EDGE('',*,*,#53130,.F.);
#53150=CARTESIAN_POINT('',(3.7,0.399999999999999,0.));
#53160=DIRECTION('',(1.4073794347601E-16,0.,1.));
#53170=VECTOR('',#53160,1.);
#53180=LINE('',#53150,#53170);
#53190=EDGE_CURVE('',#53040,#53120,#53180,.T.);
#53200=ORIENTED_EDGE('',*,*,#53190,.T.);
#53210=EDGE_LOOP('',(#53200,#53140,#53060));
#53220=FACE_OUTER_BOUND('',#53210,.T.);
#53230=ADVANCED_FACE('',(#53220),#52950,.T.);
#53240=CARTESIAN_POINT('',(3.7,-1.99657082647116,-3.00430699241645));
#53250=DIRECTION('',(-1.,-1.9673981657241E-34,1.4073794347601E-16));
#53260=DIRECTION('',(1.4073794347601E-16,-2.94648481515741E-20,1.));
#53270=AXIS2_PLACEMENT_3D('',#53240,#53250,#53260);
#53280=PLANE('',#53270);
#53290=ORIENTED_EDGE('',*,*,#52800,.T.);
#53300=CARTESIAN_POINT('',(3.7,0.65,1.08228756555325));
#53310=DIRECTION('',(0.,1.,0.));
#53320=VECTOR('',#53310,1.);
#53330=LINE('',#53300,#53320);
#53340=EDGE_CURVE('',#53040,#52690,#53330,.T.);
#53350=ORIENTED_EDGE('',*,*,#53340,.T.);
#53360=ORIENTED_EDGE('',*,*,#53190,.F.);
#53370=CARTESIAN_POINT('',(3.7,0.,1.14999999999861));
#53380=DIRECTION('',(-1.9673981657241E-34,1.,0.));
#53390=VECTOR('',#53380,1.);
#53400=LINE('',#53370,#53390);
#53410=EDGE_CURVE('',#53120,#52790,#53400,.T.);
#53420=ORIENTED_EDGE('',*,*,#53410,.F.);
#53430=EDGE_LOOP('',(#53420,#53360,#53350,#53290));
#53440=FACE_OUTER_BOUND('',#53430,.T.);
#53450=ADVANCED_FACE('',(#53440),#53280,.F.);
#53460=CARTESIAN_POINT('',(3.84999999999999,0.65,0.950000000000003));
#53470=DIRECTION('',(0.,1.,0.));
#53480=DIRECTION('',(1.,0.,0.));
#53490=AXIS2_PLACEMENT_3D('',#53460,#53470,#53480);
#53500=CYLINDRICAL_SURFACE('',#53490,0.200000000000003);
#53510=ORIENTED_EDGE('',*,*,#53050,.F.);
#53520=ORIENTED_EDGE('',*,*,#53340,.F.);
#53530=ORIENTED_EDGE('',*,*,#52720,.F.);
#53540=CARTESIAN_POINT('',(3.84999999999999,0.399999999999999,
1.15000000000001));
#53550=DIRECTION('',(0.,1.,0.));
#53560=VECTOR('',#53550,1.);
#53570=LINE('',#53540,#53560);
#53580=EDGE_CURVE('',#53020,#52710,#53570,.T.);
#53590=ORIENTED_EDGE('',*,*,#53580,.T.);
#53600=EDGE_LOOP('',(#53590,#53530,#53520,#53510));
#53610=FACE_OUTER_BOUND('',#53600,.T.);
#53620=ADVANCED_FACE('',(#53610),#53500,.T.);
#53630=CARTESIAN_POINT('',(3.69999999999985,3.05725881205135,
1.14999999999861));
#53640=DIRECTION('',(0.,0.,-1.));
#53650=DIRECTION('',(-1.,0.,0.));
#53660=AXIS2_PLACEMENT_3D('',#53630,#53640,#53650);
#53670=PLANE('',#53660);
#53680=ORIENTED_EDGE('',*,*,#52860,.F.);
#53690=ORIENTED_EDGE('',*,*,#53410,.T.);
#53700=ORIENTED_EDGE('',*,*,#53130,.T.);
#53710=ORIENTED_EDGE('',*,*,#53580,.F.);
#53720=EDGE_LOOP('',(#53710,#53700,#53690,#53680));
#53730=FACE_OUTER_BOUND('',#53720,.T.);
#53740=ADVANCED_FACE('',(#53730),#53670,.T.);
#53750=CLOSED_SHELL('',(#52900,#53230,#53450,#53620,#53740));
#53760=ORIENTED_CLOSED_SHELL('',*,#53750,.T.);
#53770=CARTESIAN_POINT('',(5.41179267895584,3.05725881205135,
-2.34999999999999));
#53780=DIRECTION('',(-5.06697889675167E-16,0.,-1.));
#53790=DIRECTION('',(-1.,0.,5.06697889675167E-16));
#53800=AXIS2_PLACEMENT_3D('',#53770,#53780,#53790);
#53810=PLANE('',#53800);
#53820=CARTESIAN_POINT('',(3.85000000000035,0.65,-2.34999999999997));
#53830=DIRECTION('',(-1.,0.,0.));
#53840=VECTOR('',#53830,1.);
#53850=LINE('',#53820,#53840);
#53860=CARTESIAN_POINT('',(3.85000000000017,0.65,-2.34999999999997));
#53870=VERTEX_POINT('',#53860);
#53880=CARTESIAN_POINT('',(3.7,0.649999999999999,-2.34999999999998));
#53890=VERTEX_POINT('',#53880);
#53900=EDGE_CURVE('',#53870,#53890,#53850,.T.);
#53910=ORIENTED_EDGE('',*,*,#53900,.F.);
#53920=CARTESIAN_POINT('',(3.7,0.,-2.34999999999998));
#53930=DIRECTION('',(-1.9673981657241E-34,1.,1.06910588403688E-49));
#53940=VECTOR('',#53930,1.);
#53950=LINE('',#53920,#53940);
#53960=CARTESIAN_POINT('',(3.7,0.399999999999999,-2.34999999999998));
#53970=VERTEX_POINT('',#53960);
#53980=EDGE_CURVE('',#53970,#53890,#53950,.T.);
#53990=ORIENTED_EDGE('',*,*,#53980,.T.);
#54000=CARTESIAN_POINT('',(3.84999999999999,0.399999999999999,
-2.34999999999998));
#54010=DIRECTION('',(-1.,0.,0.));
#54020=VECTOR('',#54010,1.);
#54030=LINE('',#54000,#54020);
#54040=CARTESIAN_POINT('',(3.85000000000017,0.399999999999999,
-2.35000000000002));
#54050=VERTEX_POINT('',#54040);
#54060=EDGE_CURVE('',#54050,#53970,#54030,.T.);
#54070=ORIENTED_EDGE('',*,*,#54060,.T.);
#54080=CARTESIAN_POINT('',(3.84999999999999,0.399999999999999,-2.35));
#54090=DIRECTION('',(0.,1.,0.));
#54100=VECTOR('',#54090,1.);
#54110=LINE('',#54080,#54100);
#54120=EDGE_CURVE('',#54050,#53870,#54110,.T.);
#54130=ORIENTED_EDGE('',*,*,#54120,.F.);
#54140=EDGE_LOOP('',(#54130,#54070,#53990,#53910));
#54150=FACE_OUTER_BOUND('',#54140,.T.);
#54160=ADVANCED_FACE('',(#54150),#53810,.T.);
#54170=CARTESIAN_POINT('',(2.94902990916057E-14,0.65,-318.5));
#54180=DIRECTION('',(0.,1.,0.));
#54190=DIRECTION('',(1.,0.,1.22464679914735E-16));
#54200=AXIS2_PLACEMENT_3D('',#54170,#54180,#54190);
#54210=PLANE('',#54200);
#54220=ORIENTED_EDGE('',*,*,#53900,.T.);
#54230=CARTESIAN_POINT('',(3.84999999999999,0.65,-2.55));
#54240=DIRECTION('',(0.,1.,0.));
#54250=DIRECTION('',(-1.,0.,-5.55111512312589E-14));
#54260=AXIS2_PLACEMENT_3D('',#54230,#54240,#54250);
#54270=CIRCLE('',#54260,0.199999999999996);
#54280=CARTESIAN_POINT('',(3.69999999999999,0.65,-2.41771243444685));
#54290=VERTEX_POINT('',#54280);
#54300=EDGE_CURVE('',#54290,#53870,#54270,.T.);
#54310=ORIENTED_EDGE('',*,*,#54300,.T.);
#54320=CARTESIAN_POINT('',(3.7,0.65,0.));
#54330=DIRECTION('',(1.4073794347601E-16,0.,1.));
#54340=VECTOR('',#54330,1.);
#54350=LINE('',#54320,#54340);
#54360=EDGE_CURVE('',#54290,#53890,#54350,.T.);
#54370=ORIENTED_EDGE('',*,*,#54360,.F.);
#54380=EDGE_LOOP('',(#54370,#54310,#54220));
#54390=FACE_OUTER_BOUND('',#54380,.T.);
#54400=ADVANCED_FACE('',(#54390),#54210,.F.);
#54410=CARTESIAN_POINT('',(3.84999999999999,0.65,-2.55));
#54420=DIRECTION('',(0.,1.,0.));
#54430=DIRECTION('',(1.,0.,0.));
#54440=AXIS2_PLACEMENT_3D('',#54410,#54420,#54430);
#54450=CYLINDRICAL_SURFACE('',#54440,0.199999999999996);
#54460=CARTESIAN_POINT('',(3.84999999999999,0.399999999999999,-2.55));
#54470=DIRECTION('',(0.,-1.,0.));
#54480=DIRECTION('',(1.78745906964654E-12,0.,1.));
#54490=AXIS2_PLACEMENT_3D('',#54460,#54470,#54480);
#54500=CIRCLE('',#54490,0.199999999999996);
#54510=CARTESIAN_POINT('',(3.7,0.399999999999999,-2.41771243444684));
#54520=VERTEX_POINT('',#54510);
#54530=EDGE_CURVE('',#54050,#54520,#54500,.T.);
#54540=ORIENTED_EDGE('',*,*,#54530,.F.);
#54550=CARTESIAN_POINT('',(3.7,0.65,-2.41771243444676));
#54560=DIRECTION('',(0.,1.,0.));
#54570=VECTOR('',#54560,1.);
#54580=LINE('',#54550,#54570);
#54590=EDGE_CURVE('',#54520,#54290,#54580,.T.);
#54600=ORIENTED_EDGE('',*,*,#54590,.F.);
#54610=ORIENTED_EDGE('',*,*,#54300,.F.);
#54620=ORIENTED_EDGE('',*,*,#54120,.T.);
#54630=EDGE_LOOP('',(#54620,#54610,#54600,#54540));
#54640=FACE_OUTER_BOUND('',#54630,.T.);
#54650=ADVANCED_FACE('',(#54640),#54450,.T.);
#54660=CARTESIAN_POINT('',(2.94902990916057E-14,0.399999999999999,-318.5
));
#54670=DIRECTION('',(0.,1.,0.));
#54680=DIRECTION('',(1.,0.,1.22464679914735E-16));
#54690=AXIS2_PLACEMENT_3D('',#54660,#54670,#54680);
#54700=PLANE('',#54690);
#54710=ORIENTED_EDGE('',*,*,#54530,.T.);
#54720=ORIENTED_EDGE('',*,*,#54060,.F.);
#54730=CARTESIAN_POINT('',(3.7,0.399999999999999,0.));
#54740=DIRECTION('',(1.4073794347601E-16,0.,1.));
#54750=VECTOR('',#54740,1.);
#54760=LINE('',#54730,#54750);
#54770=EDGE_CURVE('',#54520,#53970,#54760,.T.);
#54780=ORIENTED_EDGE('',*,*,#54770,.T.);
#54790=EDGE_LOOP('',(#54780,#54720,#54710));
#54800=FACE_OUTER_BOUND('',#54790,.T.);
#54810=ADVANCED_FACE('',(#54800),#54700,.T.);
#54820=CARTESIAN_POINT('',(3.7,-1.99657082647116,-3.00430699241645));
#54830=DIRECTION('',(-1.,-1.9673981657241E-34,1.4073794347601E-16));
#54840=DIRECTION('',(1.4073794347601E-16,-2.94648481515741E-20,1.));
#54850=AXIS2_PLACEMENT_3D('',#54820,#54830,#54840);
#54860=PLANE('',#54850);
#54870=ORIENTED_EDGE('',*,*,#54770,.F.);
#54880=ORIENTED_EDGE('',*,*,#53980,.F.);
#54890=ORIENTED_EDGE('',*,*,#54360,.T.);
#54900=ORIENTED_EDGE('',*,*,#54590,.T.);
#54910=EDGE_LOOP('',(#54900,#54890,#54880,#54870));
#54920=FACE_OUTER_BOUND('',#54910,.T.);
#54930=ADVANCED_FACE('',(#54920),#54860,.F.);
#54940=CLOSED_SHELL('',(#54160,#54400,#54650,#54810,#54930));
#54950=ORIENTED_CLOSED_SHELL('',*,#54940,.T.);
#54960=CARTESIAN_POINT('',(3.84999999999999,0.399999999999999,
-0.95000000000001));
#54970=DIRECTION('',(-0.,-1.,0.));
#54980=DIRECTION('',(-1.,0.,5.68899538588922E-9));
#54990=AXIS2_PLACEMENT_3D('',#54960,#54970,#54980);
#55000=CIRCLE('',#54990,0.199999999999975);
#55010=CARTESIAN_POINT('',(3.7,0.399999999999999,-1.08228756555326));
#55020=VERTEX_POINT('',#55010);
#55030=CARTESIAN_POINT('',(3.84999999999999,0.399999999999999,
-1.14999999999998));
#55040=VERTEX_POINT('',#55030);
#55050=EDGE_CURVE('',#55020,#55040,#55000,.T.);
#55060=ORIENTED_EDGE('',*,*,#55050,.T.);
#55070=CARTESIAN_POINT('',(3.7,0.399999999999999,-1.14999999999999));
#55080=VERTEX_POINT('',#55070);
#55090=EDGE_CURVE('',#55080,#55020,#54760,.T.);
#55100=ORIENTED_EDGE('',*,*,#55090,.T.);
#55110=CARTESIAN_POINT('',(3.69999999999985,0.399999999999999,
-1.14999999999999));
#55120=DIRECTION('',(1.,0.,0.));
#55130=VECTOR('',#55120,1.);
#55140=LINE('',#55110,#55130);
#55150=EDGE_CURVE('',#55080,#55040,#55140,.T.);
#55160=ORIENTED_EDGE('',*,*,#55150,.F.);
#55170=EDGE_LOOP('',(#55160,#55100,#55060));
#55180=FACE_OUTER_BOUND('',#55170,.T.);
#55190=ADVANCED_FACE('',(#55180),#54700,.T.);
#55200=CARTESIAN_POINT('',(3.84999999999999,0.65,-0.95000000000001));
#55210=DIRECTION('',(0.,1.,0.));
#55220=DIRECTION('',(1.,0.,0.));
#55230=AXIS2_PLACEMENT_3D('',#55200,#55210,#55220);
#55240=CYLINDRICAL_SURFACE('',#55230,0.199999999999975);
#55250=ORIENTED_EDGE('',*,*,#55050,.F.);
#55260=CARTESIAN_POINT('',(3.84999999999999,0.65,-1.14999999999999));
#55270=DIRECTION('',(0.,-1.,0.));
#55280=VECTOR('',#55270,1.);
#55290=LINE('',#55260,#55280);
#55300=CARTESIAN_POINT('',(3.84999999999999,0.649999999999999,
-1.14999999999999));
#55310=VERTEX_POINT('',#55300);
#55320=EDGE_CURVE('',#55310,#55040,#55290,.T.);
#55330=ORIENTED_EDGE('',*,*,#55320,.T.);
#55340=CARTESIAN_POINT('',(3.84999999999999,0.65,-0.95000000000001));
#55350=DIRECTION('',(0.,1.,0.));
#55360=DIRECTION('',(0.,0.,-1.));
#55370=AXIS2_PLACEMENT_3D('',#55340,#55350,#55360);
#55380=CIRCLE('',#55370,0.199999999999975);
#55390=CARTESIAN_POINT('',(3.7,0.65,-1.08228756555327));
#55400=VERTEX_POINT('',#55390);
#55410=EDGE_CURVE('',#55310,#55400,#55380,.T.);
#55420=ORIENTED_EDGE('',*,*,#55410,.F.);
#55430=CARTESIAN_POINT('',(3.7,0.65,-1.08228756555321));
#55440=DIRECTION('',(0.,1.,0.));
#55450=VECTOR('',#55440,1.);
#55460=LINE('',#55430,#55450);
#55470=EDGE_CURVE('',#55020,#55400,#55460,.T.);
#55480=ORIENTED_EDGE('',*,*,#55470,.T.);
#55490=EDGE_LOOP('',(#55480,#55420,#55330,#55250));
#55500=FACE_OUTER_BOUND('',#55490,.T.);
#55510=ADVANCED_FACE('',(#55500),#55240,.T.);
#55520=ORIENTED_EDGE('',*,*,#55410,.T.);
#55530=CARTESIAN_POINT('',(3.69999999999985,0.65,-1.14999999999998));
#55540=DIRECTION('',(1.,0.,0.));
#55550=VECTOR('',#55540,1.);
#55560=LINE('',#55530,#55550);
#55570=CARTESIAN_POINT('',(3.7,0.65,-1.14999999999998));
#55580=VERTEX_POINT('',#55570);
#55590=EDGE_CURVE('',#55580,#55310,#55560,.T.);
#55600=ORIENTED_EDGE('',*,*,#55590,.T.);
#55610=EDGE_CURVE('',#55580,#55400,#54350,.T.);
#55620=ORIENTED_EDGE('',*,*,#55610,.F.);
#55630=EDGE_LOOP('',(#55620,#55600,#55520));
#55640=FACE_OUTER_BOUND('',#55630,.T.);
#55650=ADVANCED_FACE('',(#55640),#54210,.F.);
#55660=CARTESIAN_POINT('',(5.6,3.05725881205135,-1.14999999999999));
#55670=DIRECTION('',(0.,0.,1.));
#55680=DIRECTION('',(1.,0.,0.));
#55690=AXIS2_PLACEMENT_3D('',#55660,#55670,#55680);
#55700=PLANE('',#55690);
#55710=CARTESIAN_POINT('',(3.7,0.,-1.14999999999999));
#55720=DIRECTION('',(1.9673981657241E-34,-1.,0.));
#55730=VECTOR('',#55720,1.);
#55740=LINE('',#55710,#55730);
#55750=EDGE_CURVE('',#55580,#55080,#55740,.T.);
#55760=ORIENTED_EDGE('',*,*,#55750,.T.);
#55770=ORIENTED_EDGE('',*,*,#55590,.F.);
#55780=ORIENTED_EDGE('',*,*,#55320,.F.);
#55790=ORIENTED_EDGE('',*,*,#55150,.T.);
#55800=EDGE_LOOP('',(#55790,#55780,#55770,#55760));
#55810=FACE_OUTER_BOUND('',#55800,.T.);
#55820=ADVANCED_FACE('',(#55810),#55700,.T.);
#55830=ORIENTED_EDGE('',*,*,#55090,.F.);
#55840=ORIENTED_EDGE('',*,*,#55470,.F.);
#55850=ORIENTED_EDGE('',*,*,#55610,.T.);
#55860=ORIENTED_EDGE('',*,*,#55750,.F.);
#55870=EDGE_LOOP('',(#55860,#55850,#55840,#55830));
#55880=FACE_OUTER_BOUND('',#55870,.T.);
#55890=ADVANCED_FACE('',(#55880),#54860,.F.);
#55900=CLOSED_SHELL('',(#55190,#55510,#55650,#55820,#55890));
#55910=ORIENTED_CLOSED_SHELL('',*,#55900,.T.);
#55920=CARTESIAN_POINT('',(2.94902990916057E-14,0.65,-318.5));
#55930=DIRECTION('',(0.,1.,0.));
#55940=DIRECTION('',(1.,0.,1.22464679914735E-16));
#55950=AXIS2_PLACEMENT_3D('',#55920,#55930,#55940);
#55960=PLANE('',#55950);
#55970=CARTESIAN_POINT('',(-3.7,0.65,0.));
#55980=DIRECTION('',(0.,0.,-1.));
#55990=VECTOR('',#55980,1.);
#56000=LINE('',#55970,#55990);
#56010=CARTESIAN_POINT('',(-3.70000000000005,0.649999999999999,
2.41771243444677));
#56020=VERTEX_POINT('',#56010);
#56030=CARTESIAN_POINT('',(-3.69999999999114,0.649999999999999,
2.3499999999986));
#56040=VERTEX_POINT('',#56030);
#56050=EDGE_CURVE('',#56020,#56040,#56000,.T.);
#56060=ORIENTED_EDGE('',*,*,#56050,.F.);
#56070=CARTESIAN_POINT('',(-3.85000000000895,0.65,2.3499999999986));
#56080=DIRECTION('',(1.,0.,0.));
#56090=VECTOR('',#56080,1.);
#56100=LINE('',#56070,#56090);
#56110=CARTESIAN_POINT('',(-3.85000000000001,0.649999999999999,
2.35000000000005));
#56120=VERTEX_POINT('',#56110);
#56130=EDGE_CURVE('',#56120,#56040,#56100,.T.);
#56140=ORIENTED_EDGE('',*,*,#56130,.T.);
#56150=CARTESIAN_POINT('',(-3.85000000000001,0.65,2.55000000000005));
#56160=DIRECTION('',(-0.,1.,0.));
#56170=DIRECTION('',(1.,0.,9.76996261670122E-14));
#56180=AXIS2_PLACEMENT_3D('',#56150,#56160,#56170);
#56190=CIRCLE('',#56180,0.200000000000003);
#56200=EDGE_CURVE('',#56020,#56120,#56190,.T.);
#56210=ORIENTED_EDGE('',*,*,#56200,.T.);
#56220=EDGE_LOOP('',(#56210,#56140,#56060));
#56230=FACE_OUTER_BOUND('',#56220,.T.);
#56240=ADVANCED_FACE('',(#56230),#55960,.F.);
#56250=CARTESIAN_POINT('',(-3.69999999999114,3.05725881205135,
2.34999999999861));
#56260=DIRECTION('',(0.,0.,1.));
#56270=DIRECTION('',(1.,0.,0.));
#56280=AXIS2_PLACEMENT_3D('',#56250,#56260,#56270);
#56290=PLANE('',#56280);
#56300=ORIENTED_EDGE('',*,*,#56130,.F.);
#56310=CARTESIAN_POINT('',(-3.7,0.,2.34999999999861));
#56320=DIRECTION('',(-1.92592994438725E-34,1.,0.));
#56330=VECTOR('',#56320,1.);
#56340=LINE('',#56310,#56330);
#56350=CARTESIAN_POINT('',(-3.69999999999114,0.399999999999999,
2.34999999999861));
#56360=VERTEX_POINT('',#56350);
#56370=EDGE_CURVE('',#56360,#56040,#56340,.T.);
#56380=ORIENTED_EDGE('',*,*,#56370,.T.);
#56390=CARTESIAN_POINT('',(-3.85000000000001,0.399999999999999,
2.34999999999861));
#56400=DIRECTION('',(1.,0.,0.));
#56410=VECTOR('',#56400,1.);
#56420=LINE('',#56390,#56410);
#56430=CARTESIAN_POINT('',(-3.85000000000448,0.399999999999999,
2.35000000000002));
#56440=VERTEX_POINT('',#56430);
#56450=EDGE_CURVE('',#56440,#56360,#56420,.T.);
#56460=ORIENTED_EDGE('',*,*,#56450,.T.);
#56470=CARTESIAN_POINT('',(-3.85000000000001,0.399999999999999,
2.35000000000005));
#56480=DIRECTION('',(0.,1.,0.));
#56490=VECTOR('',#56480,1.);
#56500=LINE('',#56470,#56490);
#56510=EDGE_CURVE('',#56440,#56120,#56500,.T.);
#56520=ORIENTED_EDGE('',*,*,#56510,.F.);
#56530=EDGE_LOOP('',(#56520,#56460,#56380,#56300));
#56540=FACE_OUTER_BOUND('',#56530,.T.);
#56550=ADVANCED_FACE('',(#56540),#56290,.T.);
#56560=CARTESIAN_POINT('',(-3.7,-1.99657082647116,2.6999975476481));
#56570=DIRECTION('',(1.,1.92592994438725E-34,0.));
#56580=DIRECTION('',(-5.67472333619398E-54,2.94648481515741E-20,-1.));
#56590=AXIS2_PLACEMENT_3D('',#56560,#56570,#56580);
#56600=PLANE('',#56590);
#56610=ORIENTED_EDGE('',*,*,#56050,.T.);
#56620=CARTESIAN_POINT('',(-3.7,0.65,2.41771243444683));
#56630=DIRECTION('',(0.,1.,0.));
#56640=VECTOR('',#56630,1.);
#56650=LINE('',#56620,#56640);
#56660=CARTESIAN_POINT('',(-3.70000000000005,0.399999999999999,
2.41771243444677));
#56670=VERTEX_POINT('',#56660);
#56680=EDGE_CURVE('',#56670,#56020,#56650,.T.);
#56690=ORIENTED_EDGE('',*,*,#56680,.T.);
#56700=CARTESIAN_POINT('',(-3.7,0.399999999999999,0.));
#56710=DIRECTION('',(0.,0.,-1.));
#56720=VECTOR('',#56710,1.);
#56730=LINE('',#56700,#56720);
#56740=EDGE_CURVE('',#56670,#56360,#56730,.T.);
#56750=ORIENTED_EDGE('',*,*,#56740,.F.);
#56760=ORIENTED_EDGE('',*,*,#56370,.F.);
#56770=EDGE_LOOP('',(#56760,#56750,#56690,#56610));
#56780=FACE_OUTER_BOUND('',#56770,.T.);
#56790=ADVANCED_FACE('',(#56780),#56600,.F.);
#56800=CARTESIAN_POINT('',(-3.85000000000001,0.65,2.55000000000005));
#56810=DIRECTION('',(0.,1.,0.));
#56820=DIRECTION('',(1.,0.,0.));
#56830=AXIS2_PLACEMENT_3D('',#56800,#56810,#56820);
#56840=CYLINDRICAL_SURFACE('',#56830,0.200000000000003);
#56850=CARTESIAN_POINT('',(-3.85000000000001,0.399999999999999,
2.55000000000005));
#56860=DIRECTION('',(0.,-1.,-0.));
#56870=DIRECTION('',(-4.47086812016543E-11,0.,-1.));
#56880=AXIS2_PLACEMENT_3D('',#56850,#56860,#56870);
#56890=CIRCLE('',#56880,0.200000000000003);
#56900=EDGE_CURVE('',#56440,#56670,#56890,.T.);
#56910=ORIENTED_EDGE('',*,*,#56900,.F.);
#56920=ORIENTED_EDGE('',*,*,#56680,.F.);
#56930=ORIENTED_EDGE('',*,*,#56200,.F.);
#56940=ORIENTED_EDGE('',*,*,#56510,.T.);
#56950=EDGE_LOOP('',(#56940,#56930,#56920,#56910));
#56960=FACE_OUTER_BOUND('',#56950,.T.);
#56970=ADVANCED_FACE('',(#56960),#56840,.T.);
#56980=CARTESIAN_POINT('',(2.94902990916057E-14,0.399999999999999,-318.5
));
#56990=DIRECTION('',(0.,1.,0.));
#57000=DIRECTION('',(1.,0.,1.22464679914735E-16));
#57010=AXIS2_PLACEMENT_3D('',#56980,#56990,#57000);
#57020=PLANE('',#57010);
#57030=ORIENTED_EDGE('',*,*,#56740,.T.);
#57040=ORIENTED_EDGE('',*,*,#56900,.T.);
#57050=ORIENTED_EDGE('',*,*,#56450,.F.);
#57060=EDGE_LOOP('',(#57050,#57040,#57030));
#57070=FACE_OUTER_BOUND('',#57060,.T.);
#57080=ADVANCED_FACE('',(#57070),#57020,.T.);
#57090=CLOSED_SHELL('',(#56240,#56550,#56790,#56970,#57080));
#57100=ORIENTED_CLOSED_SHELL('',*,#57090,.T.);
#57110=CARTESIAN_POINT('',(2.94902990916057E-14,0.399999999999999,-318.5
));
#57120=DIRECTION('',(0.,1.,0.));
#57130=DIRECTION('',(1.,0.,1.22464679914735E-16));
#57140=AXIS2_PLACEMENT_3D('',#57110,#57120,#57130);
#57150=PLANE('',#57140);
#57160=CARTESIAN_POINT('',(-3.85000000000001,0.399999999999999,
-0.95000000000001));
#57170=DIRECTION('',(0.,-1.,-0.));
#57180=DIRECTION('',(0.,0.,-1.));
#57190=AXIS2_PLACEMENT_3D('',#57160,#57170,#57180);
#57200=CIRCLE('',#57190,0.199999999999975);
#57210=CARTESIAN_POINT('',(-3.85000000000001,0.399999999999999,
-1.14999999999999));
#57220=VERTEX_POINT('',#57210);
#57230=CARTESIAN_POINT('',(-3.70000000000004,0.399999999999999,
-1.08228756555323));
#57240=VERTEX_POINT('',#57230);
#57250=EDGE_CURVE('',#57220,#57240,#57200,.T.);
#57260=ORIENTED_EDGE('',*,*,#57250,.T.);
#57270=CARTESIAN_POINT('',(-3.85000000000001,0.399999999999999,
-1.14999999999999));
#57280=DIRECTION('',(1.,0.,0.));
#57290=VECTOR('',#57280,1.);
#57300=LINE('',#57270,#57290);
#57310=CARTESIAN_POINT('',(-3.69999999999114,0.399999999999999,
-1.14999999999999));
#57320=VERTEX_POINT('',#57310);
#57330=EDGE_CURVE('',#57220,#57320,#57300,.T.);
#57340=ORIENTED_EDGE('',*,*,#57330,.F.);
#57350=CARTESIAN_POINT('',(-3.7,0.399999999999999,0.));
#57360=DIRECTION('',(0.,0.,-1.));
#57370=VECTOR('',#57360,1.);
#57380=LINE('',#57350,#57370);
#57390=EDGE_CURVE('',#57240,#57320,#57380,.T.);
#57400=ORIENTED_EDGE('',*,*,#57390,.T.);
#57410=EDGE_LOOP('',(#57400,#57340,#57260));
#57420=FACE_OUTER_BOUND('',#57410,.T.);
#57430=ADVANCED_FACE('',(#57420),#57150,.T.);
#57440=CARTESIAN_POINT('',(2.94902990916057E-14,0.65,-318.5));
#57450=DIRECTION('',(0.,1.,0.));
#57460=DIRECTION('',(1.,0.,1.22464679914735E-16));
#57470=AXIS2_PLACEMENT_3D('',#57440,#57450,#57460);
#57480=PLANE('',#57470);
#57490=CARTESIAN_POINT('',(-3.85000000000001,0.65,-1.14999999999998));
#57500=DIRECTION('',(1.,0.,0.));
#57510=VECTOR('',#57500,1.);
#57520=LINE('',#57490,#57510);
#57530=CARTESIAN_POINT('',(-3.85000000000001,0.649999999999999,
-1.14999999999999));
#57540=VERTEX_POINT('',#57530);
#57550=CARTESIAN_POINT('',(-3.7,0.65,-1.14999999999998));
#57560=VERTEX_POINT('',#57550);
#57570=EDGE_CURVE('',#57540,#57560,#57520,.T.);
#57580=ORIENTED_EDGE('',*,*,#57570,.T.);
#57590=CARTESIAN_POINT('',(-3.85000000000001,0.65,-0.95000000000001));
#57600=DIRECTION('',(-0.,1.,0.));
#57610=DIRECTION('',(1.,0.,3.30839300399829E-9));
#57620=AXIS2_PLACEMENT_3D('',#57590,#57600,#57610);
#57630=CIRCLE('',#57620,0.199999999999975);
#57640=CARTESIAN_POINT('',(-3.7,0.65,-1.08228756555327));
#57650=VERTEX_POINT('',#57640);
#57660=EDGE_CURVE('',#57650,#57540,#57630,.T.);
#57670=ORIENTED_EDGE('',*,*,#57660,.T.);
#57680=CARTESIAN_POINT('',(-3.7,0.65,0.));
#57690=DIRECTION('',(0.,0.,-1.));
#57700=VECTOR('',#57690,1.);
#57710=LINE('',#57680,#57700);
#57720=EDGE_CURVE('',#57650,#57560,#57710,.T.);
#57730=ORIENTED_EDGE('',*,*,#57720,.F.);
#57740=EDGE_LOOP('',(#57730,#57670,#57580));
#57750=FACE_OUTER_BOUND('',#57740,.T.);
#57760=ADVANCED_FACE('',(#57750),#57480,.F.);
#57770=CARTESIAN_POINT('',(-3.69999999999114,3.05725881205135,
-1.14999999999999));
#57780=DIRECTION('',(0.,0.,1.));
#57790=DIRECTION('',(1.,0.,0.));
#57800=AXIS2_PLACEMENT_3D('',#57770,#57780,#57790);
#57810=PLANE('',#57800);
#57820=ORIENTED_EDGE('',*,*,#57570,.F.);
#57830=CARTESIAN_POINT('',(-3.7,0.,-1.14999999999999));
#57840=DIRECTION('',(-1.92592994438725E-34,1.,0.));
#57850=VECTOR('',#57840,1.);
#57860=LINE('',#57830,#57850);
#57870=EDGE_CURVE('',#57320,#57560,#57860,.T.);
#57880=ORIENTED_EDGE('',*,*,#57870,.T.);
#57890=ORIENTED_EDGE('',*,*,#57330,.T.);
#57900=CARTESIAN_POINT('',(-3.85000000000001,0.399999999999999,
-1.14999999999999));
#57910=DIRECTION('',(0.,1.,0.));
#57920=VECTOR('',#57910,1.);
#57930=LINE('',#57900,#57920);
#57940=EDGE_CURVE('',#57220,#57540,#57930,.T.);
#57950=ORIENTED_EDGE('',*,*,#57940,.F.);
#57960=EDGE_LOOP('',(#57950,#57890,#57880,#57820));
#57970=FACE_OUTER_BOUND('',#57960,.T.);
#57980=ADVANCED_FACE('',(#57970),#57810,.T.);
#57990=CARTESIAN_POINT('',(-3.7,-1.99657082647116,2.6999975476481));
#58000=DIRECTION('',(1.,1.92592994438725E-34,0.));
#58010=DIRECTION('',(-5.67472333619398E-54,2.94648481515741E-20,-1.));
#58020=AXIS2_PLACEMENT_3D('',#57990,#58000,#58010);
#58030=PLANE('',#58020);
#58040=ORIENTED_EDGE('',*,*,#57390,.F.);
#58050=ORIENTED_EDGE('',*,*,#57870,.F.);
#58060=ORIENTED_EDGE('',*,*,#57720,.T.);
#58070=CARTESIAN_POINT('',(-3.7,0.65,-1.08228756555319));
#58080=DIRECTION('',(0.,1.,0.));
#58090=VECTOR('',#58080,1.);
#58100=LINE('',#58070,#58090);
#58110=EDGE_CURVE('',#57240,#57650,#58100,.T.);
#58120=ORIENTED_EDGE('',*,*,#58110,.T.);
#58130=EDGE_LOOP('',(#58120,#58060,#58050,#58040));
#58140=FACE_OUTER_BOUND('',#58130,.T.);
#58150=ADVANCED_FACE('',(#58140),#58030,.F.);
#58160=CARTESIAN_POINT('',(-3.85000000000001,0.65,-0.95000000000001));
#58170=DIRECTION('',(0.,1.,0.));
#58180=DIRECTION('',(1.,0.,0.));
#58190=AXIS2_PLACEMENT_3D('',#58160,#58170,#58180);
#58200=CYLINDRICAL_SURFACE('',#58190,0.199999999999975);
#58210=ORIENTED_EDGE('',*,*,#57250,.F.);
#58220=ORIENTED_EDGE('',*,*,#58110,.F.);
#58230=ORIENTED_EDGE('',*,*,#57660,.F.);
#58240=ORIENTED_EDGE('',*,*,#57940,.T.);
#58250=EDGE_LOOP('',(#58240,#58230,#58220,#58210));
#58260=FACE_OUTER_BOUND('',#58250,.T.);
#58270=ADVANCED_FACE('',(#58260),#58200,.T.);
#58280=CLOSED_SHELL('',(#57430,#57760,#57980,#58150,#58270));
#58290=ORIENTED_CLOSED_SHELL('',*,#58280,.T.);
#58300=CARTESIAN_POINT('',(-3.80000000000001,0.65,-2.50000000000001));
#58310=DIRECTION('',(0.,1.,0.));
#58320=DIRECTION('',(1.,0.,0.));
#58330=AXIS2_PLACEMENT_3D('',#58300,#58310,#58320);
#58340=CYLINDRICAL_SURFACE('',#58330,0.149999999999999);
#58350=CARTESIAN_POINT('',(-3.80000000000001,0.399999999999999,
-2.50000000000001));
#58360=DIRECTION('',(0.,-1.,-0.));
#58370=DIRECTION('',(1.,0.,-3.76868018274008E-9));
#58380=AXIS2_PLACEMENT_3D('',#58350,#58360,#58370);
#58390=CIRCLE('',#58380,0.149999999999999);
#58400=CARTESIAN_POINT('',(-3.69999999999998,0.399999999999999,
-2.38819660112505));
#58410=VERTEX_POINT('',#58400);
#58420=CARTESIAN_POINT('',(-3.80000000000019,0.399999999999999,
-2.35000000000002));
#58430=VERTEX_POINT('',#58420);
#58440=EDGE_CURVE('',#58410,#58430,#58390,.T.);
#58450=ORIENTED_EDGE('',*,*,#58440,.F.);
#58460=CARTESIAN_POINT('',(-3.80000000000001,0.65,-2.35000000000001));
#58470=DIRECTION('',(0.,-1.,0.));
#58480=VECTOR('',#58470,1.);
#58490=LINE('',#58460,#58480);
#58500=CARTESIAN_POINT('',(-3.80000000000019,0.65,-2.34999999999997));
#58510=VERTEX_POINT('',#58500);
#58520=EDGE_CURVE('',#58510,#58430,#58490,.T.);
#58530=ORIENTED_EDGE('',*,*,#58520,.T.);
#58540=CARTESIAN_POINT('',(-3.80000000000001,0.65,-2.50000000000001));
#58550=DIRECTION('',(0.,1.,0.));
#58560=DIRECTION('',(-2.38327875952868E-12,0.,1.));
#58570=AXIS2_PLACEMENT_3D('',#58540,#58550,#58560);
#58580=CIRCLE('',#58570,0.149999999999999);
#58590=CARTESIAN_POINT('',(-3.7,0.65,-2.38819660112503));
#58600=VERTEX_POINT('',#58590);
#58610=EDGE_CURVE('',#58510,#58600,#58580,.T.);
#58620=ORIENTED_EDGE('',*,*,#58610,.F.);
#58630=CARTESIAN_POINT('',(-3.7,0.65,-2.38819660112503));
#58640=DIRECTION('',(0.,1.,0.));
#58650=VECTOR('',#58640,1.);
#58660=LINE('',#58630,#58650);
#58670=EDGE_CURVE('',#58410,#58600,#58660,.T.);
#58680=ORIENTED_EDGE('',*,*,#58670,.T.);
#58690=EDGE_LOOP('',(#58680,#58620,#58530,#58450));
#58700=FACE_OUTER_BOUND('',#58690,.T.);
#58710=ADVANCED_FACE('',(#58700),#58340,.T.);
#58720=ORIENTED_EDGE('',*,*,#58440,.T.);
#58730=CARTESIAN_POINT('',(-3.69999999999114,0.399999999999999,
-2.34999999999998));
#58740=VERTEX_POINT('',#58730);
#58750=EDGE_CURVE('',#58740,#58410,#57380,.T.);
#58760=ORIENTED_EDGE('',*,*,#58750,.T.);
#58770=CARTESIAN_POINT('',(-3.69999999999114,0.399999999999999,
-2.34999999999999));
#58780=DIRECTION('',(-1.,0.,0.));
#58790=VECTOR('',#58780,1.);
#58800=LINE('',#58770,#58790);
#58810=EDGE_CURVE('',#58740,#58430,#58800,.T.);
#58820=ORIENTED_EDGE('',*,*,#58810,.F.);
#58830=EDGE_LOOP('',(#58820,#58760,#58720));
#58840=FACE_OUTER_BOUND('',#58830,.T.);
#58850=ADVANCED_FACE('',(#58840),#57150,.T.);
#58860=ORIENTED_EDGE('',*,*,#58750,.F.);
#58870=ORIENTED_EDGE('',*,*,#58670,.F.);
#58880=CARTESIAN_POINT('',(-3.7,0.65,-2.34999999999997));
#58890=VERTEX_POINT('',#58880);
#58900=EDGE_CURVE('',#58890,#58600,#57710,.T.);
#58910=ORIENTED_EDGE('',*,*,#58900,.T.);
#58920=CARTESIAN_POINT('',(-3.7,0.,-2.34999999999999));
#58930=DIRECTION('',(1.92592994438725E-34,-1.,0.));
#58940=VECTOR('',#58930,1.);
#58950=LINE('',#58920,#58940);
#58960=EDGE_CURVE('',#58890,#58740,#58950,.T.);
#58970=ORIENTED_EDGE('',*,*,#58960,.F.);
#58980=EDGE_LOOP('',(#58970,#58910,#58870,#58860));
#58990=FACE_OUTER_BOUND('',#58980,.T.);
#59000=ADVANCED_FACE('',(#58990),#58030,.F.);
#59010=ORIENTED_EDGE('',*,*,#58610,.T.);
#59020=CARTESIAN_POINT('',(-3.69999999999114,0.65,-2.34999999999997));
#59030=DIRECTION('',(-1.,0.,0.));
#59040=VECTOR('',#59030,1.);
#59050=LINE('',#59020,#59040);
#59060=EDGE_CURVE('',#58890,#58510,#59050,.T.);
#59070=ORIENTED_EDGE('',*,*,#59060,.T.);
#59080=ORIENTED_EDGE('',*,*,#58900,.F.);
#59090=EDGE_LOOP('',(#59080,#59070,#59010));
#59100=FACE_OUTER_BOUND('',#59090,.T.);
#59110=ADVANCED_FACE('',(#59100),#57480,.F.);
#59120=CARTESIAN_POINT('',(-5.41179267895584,3.05725881205135,
-2.34999999999999));
#59130=DIRECTION('',(0.,0.,-1.));
#59140=DIRECTION('',(-1.,0.,0.));
#59150=AXIS2_PLACEMENT_3D('',#59120,#59130,#59140);
#59160=PLANE('',#59150);
#59170=ORIENTED_EDGE('',*,*,#58960,.T.);
#59180=ORIENTED_EDGE('',*,*,#59060,.F.);
#59190=ORIENTED_EDGE('',*,*,#58520,.F.);
#59200=ORIENTED_EDGE('',*,*,#58810,.T.);
#59210=EDGE_LOOP('',(#59200,#59190,#59180,#59170));
#59220=FACE_OUTER_BOUND('',#59210,.T.);
#59230=ADVANCED_FACE('',(#59220),#59160,.T.);
#59240=CLOSED_SHELL('',(#58710,#58850,#59000,#59110,#59230));
#59250=ORIENTED_CLOSED_SHELL('',*,#59240,.T.);
#59260=CARTESIAN_POINT('',(-3.69999999999114,0.399999999999999,
1.14999999999861));
#59270=DIRECTION('',(-1.,0.,0.));
#59280=VECTOR('',#59270,1.);
#59290=LINE('',#59260,#59280);
#59300=CARTESIAN_POINT('',(-3.7,0.399999999999999,1.14999999999861));
#59310=VERTEX_POINT('',#59300);
#59320=CARTESIAN_POINT('',(-3.79641016150839,0.399999999999999,
1.15000000000003));
#59330=VERTEX_POINT('',#59320);
#59340=EDGE_CURVE('',#59310,#59330,#59290,.T.);
#59350=ORIENTED_EDGE('',*,*,#59340,.F.);
#59360=CARTESIAN_POINT('',(-3.79641016151379,0.399999999999999,
0.950000000000003));
#59370=DIRECTION('',(0.,-1.,0.));
#59380=DIRECTION('',(0.866025403784293,0.,0.500000000000252));
#59390=AXIS2_PLACEMENT_3D('',#59360,#59370,#59380);
#59400=CIRCLE('',#59390,0.200000000000007);
#59410=CARTESIAN_POINT('',(-3.69999999999998,0.399999999999999,
1.12522865278511));
#59420=VERTEX_POINT('',#59410);
#59430=EDGE_CURVE('',#59420,#59330,#59400,.T.);
#59440=ORIENTED_EDGE('',*,*,#59430,.T.);
#59450=EDGE_CURVE('',#59310,#59420,#56730,.T.);
#59460=ORIENTED_EDGE('',*,*,#59450,.T.);
#59470=EDGE_LOOP('',(#59460,#59440,#59350));
#59480=FACE_OUTER_BOUND('',#59470,.T.);
#59490=ADVANCED_FACE('',(#59480),#57020,.T.);
#59500=CARTESIAN_POINT('',(-3.7,0.649999999999999,1.14999999999861));
#59510=VERTEX_POINT('',#59500);
#59520=CARTESIAN_POINT('',(-3.69999999999999,0.649999999999999,
1.12522865278512));
#59530=VERTEX_POINT('',#59520);
#59540=EDGE_CURVE('',#59510,#59530,#56000,.T.);
#59550=ORIENTED_EDGE('',*,*,#59540,.T.);
#59560=CARTESIAN_POINT('',(-3.7,0.,1.14999999999861));
#59570=DIRECTION('',(1.92592994438725E-34,-1.,4.27642353614751E-50));
#59580=VECTOR('',#59570,1.);
#59590=LINE('',#59560,#59580);
#59600=EDGE_CURVE('',#59510,#59310,#59590,.T.);
#59610=ORIENTED_EDGE('',*,*,#59600,.F.);
#59620=ORIENTED_EDGE('',*,*,#59450,.F.);
#59630=CARTESIAN_POINT('',(-3.7,0.65,1.12522865278512));
#59640=DIRECTION('',(0.,1.,0.));
#59650=VECTOR('',#59640,1.);
#59660=LINE('',#59630,#59650);
#59670=EDGE_CURVE('',#59420,#59530,#59660,.T.);
#59680=ORIENTED_EDGE('',*,*,#59670,.F.);
#59690=EDGE_LOOP('',(#59680,#59620,#59610,#59550));
#59700=FACE_OUTER_BOUND('',#59690,.T.);
#59710=ADVANCED_FACE('',(#59700),#56600,.F.);
#59720=CARTESIAN_POINT('',(-3.79641016151379,0.65,0.950000000000003));
#59730=DIRECTION('',(0.,1.,0.));
#59740=DIRECTION('',(1.,0.,0.));
#59750=AXIS2_PLACEMENT_3D('',#59720,#59730,#59740);
#59760=CYLINDRICAL_SURFACE('',#59750,0.200000000000007);
#59770=ORIENTED_EDGE('',*,*,#59430,.F.);
#59780=CARTESIAN_POINT('',(-3.79641016151379,0.65,1.15000000000001));
#59790=DIRECTION('',(0.,-1.,0.));
#59800=VECTOR('',#59790,1.);
#59810=LINE('',#59780,#59800);
#59820=CARTESIAN_POINT('',(-3.79641016151379,0.649999999999999,
1.15000000000001));
#59830=VERTEX_POINT('',#59820);
#59840=EDGE_CURVE('',#59830,#59330,#59810,.T.);
#59850=ORIENTED_EDGE('',*,*,#59840,.T.);
#59860=CARTESIAN_POINT('',(-3.79641016151379,0.65,0.950000000000003));
#59870=DIRECTION('',(-0.,1.,0.));
#59880=DIRECTION('',(5.39723821191255E-11,0.,1.));
#59890=AXIS2_PLACEMENT_3D('',#59860,#59870,#59880);
#59900=CIRCLE('',#59890,0.200000000000007);
#59910=EDGE_CURVE('',#59830,#59530,#59900,.T.);
#59920=ORIENTED_EDGE('',*,*,#59910,.F.);
#59930=ORIENTED_EDGE('',*,*,#59670,.T.);
#59940=EDGE_LOOP('',(#59930,#59920,#59850,#59770));
#59950=FACE_OUTER_BOUND('',#59940,.T.);
#59960=ADVANCED_FACE('',(#59950),#59760,.T.);
#59970=ORIENTED_EDGE('',*,*,#59910,.T.);
#59980=CARTESIAN_POINT('',(-3.69999999999114,0.65,1.14999999999861));
#59990=DIRECTION('',(-1.,0.,0.));
#60000=VECTOR('',#59990,1.);
#60010=LINE('',#59980,#60000);
#60020=EDGE_CURVE('',#59510,#59830,#60010,.T.);
#60030=ORIENTED_EDGE('',*,*,#60020,.T.);
#60040=ORIENTED_EDGE('',*,*,#59540,.F.);
#60050=EDGE_LOOP('',(#60040,#60030,#59970));
#60060=FACE_OUTER_BOUND('',#60050,.T.);
#60070=ADVANCED_FACE('',(#60060),#55960,.F.);
#60080=CARTESIAN_POINT('',(-3.69999999999114,3.05725881205135,
1.14999999999861));
#60090=DIRECTION('',(2.07817167380934E-16,0.,-1.));
#60100=DIRECTION('',(-1.,0.,-2.07817167380934E-16));
#60110=AXIS2_PLACEMENT_3D('',#60080,#60090,#60100);
#60120=PLANE('',#60110);
#60130=ORIENTED_EDGE('',*,*,#59600,.T.);
#60140=ORIENTED_EDGE('',*,*,#60020,.F.);
#60150=ORIENTED_EDGE('',*,*,#59840,.F.);
#60160=ORIENTED_EDGE('',*,*,#59340,.T.);
#60170=EDGE_LOOP('',(#60160,#60150,#60140,#60130));
#60180=FACE_OUTER_BOUND('',#60170,.T.);
#60190=ADVANCED_FACE('',(#60180),#60120,.T.);
#60200=CLOSED_SHELL('',(#59490,#59710,#59960,#60070,#60190));
#60210=ORIENTED_CLOSED_SHELL('',*,#60200,.T.);
#60220=CARTESIAN_POINT('',(-2.3,0.699999999999999,2.34999999999995));
#60230=DIRECTION('',(-1.92592994438725E-34,1.,2.94648481515741E-20));
#60240=DIRECTION('',(1.,0.,-6.54251056699231E-36));
#60250=AXIS2_PLACEMENT_3D('',#60220,#60230,#60240);
#60260=TOROIDAL_SURFACE('',#60250,0.25,0.25);
#60270=CARTESIAN_POINT('',(-2.72372403113831,0.873493515728965,
2.2768020120774));
#60280=CARTESIAN_POINT('',(-2.6922056151406,0.912375888673531,
2.31450729634059));
#60290=CARTESIAN_POINT('',(-2.65267582254479,0.932051185270598,
2.35998359124026));
#60300=CARTESIAN_POINT('',(-2.6114063196109,0.941078287983882,
2.40479875122562));
#60310=CARTESIAN_POINT('',(-2.57027397044217,0.950075390308559,
2.44946497392094));
#60320=CARTESIAN_POINT('',(-2.52679723445236,0.949723953284893,
2.49430260039689));
#60330=CARTESIAN_POINT('',(-2.48303346695629,0.949723091337001,
2.53713318569898));
#60340=CARTESIAN_POINT('',(-2.43928411349063,0.949722229672999,
2.57994966432346));
#60350=CARTESIAN_POINT('',(-2.39348937146459,0.95006803049723,
2.62247879494882));
#60360=CARTESIAN_POINT('',(-2.34795024189351,0.941050656300308,
2.66263584847651));
#60370=CARTESIAN_POINT('',(-2.30223041002273,0.931997500561882,
2.70295224786765));
#60380=CARTESIAN_POINT('',(-2.25597235547204,0.912264844673391,
2.74143941306582));
#60390=CARTESIAN_POINT('',(-2.21770764516232,0.873493515728977,
2.7720520919688));
#60400=B_SPLINE_CURVE_WITH_KNOTS('',3,(#60270,#60280,#60290,#60300,
#60310,#60320,#60330,#60340,#60350,#60360,#60370,#60380,#60390),
.UNSPECIFIED.,.F.,.F.,(4,3,3,3,4),(0.,0.18532387096456,0.370082782410332
,0.554861061469913,0.739996788595186),.UNSPECIFIED.);
#60410=SURFACE_CURVE('',#60400,(#60260,#15900),.CURVE_3D.);
#60420=CARTESIAN_POINT('',(-2.72372403113832,0.87349351572896,
2.27680201207739));
#60430=VERTEX_POINT('',#60420);
#60440=CARTESIAN_POINT('',(-2.21770764516232,0.87349351572896,
2.77205209196881));
#60450=VERTEX_POINT('',#60440);
#60460=EDGE_CURVE('',#60430,#60450,#60410,.T.);
#60470=ORIENTED_EDGE('',*,*,#60460,.T.);
#60480=CARTESIAN_POINT('',(-2.72372403113832,0.649999999999999,
2.27680201207739));
#60490=DIRECTION('',(0.,1.,0.));
#60500=VECTOR('',#60490,1.);
#60510=LINE('',#60480,#60500);
#60520=CARTESIAN_POINT('',(-2.72372403113832,3.05,2.27680201207739));
#60530=VERTEX_POINT('',#60520);
#60540=EDGE_CURVE('',#60430,#60530,#60510,.T.);
#60550=ORIENTED_EDGE('',*,*,#60540,.F.);
#60560=CARTESIAN_POINT('',(0.,3.05,0.));
#60570=DIRECTION('',(0.,1.,0.));
#60580=DIRECTION('',(0.,0.,1.));
#60590=AXIS2_PLACEMENT_3D('',#60560,#60570,#60580);
#60600=CIRCLE('',#60590,3.55000000000001);
#60610=CARTESIAN_POINT('',(-2.21770764516232,3.05,2.77205209196881));
#60620=VERTEX_POINT('',#60610);
#60630=EDGE_CURVE('',#60530,#60620,#60600,.T.);
#60640=ORIENTED_EDGE('',*,*,#60630,.F.);
#60650=CARTESIAN_POINT('',(-2.21770764516232,0.649999999999999,
2.77205209196881));
#60660=DIRECTION('',(0.,1.,0.));
#60670=VECTOR('',#60660,1.);
#60680=LINE('',#60650,#60670);
#60690=EDGE_CURVE('',#60450,#60620,#60680,.T.);
#60700=ORIENTED_EDGE('',*,*,#60690,.T.);
#60710=EDGE_LOOP('',(#60700,#60640,#60550,#60470));
#60720=FACE_OUTER_BOUND('',#60710,.T.);
#60730=ADVANCED_FACE('',(#60720),#15900,.T.);
#60740=CARTESIAN_POINT('',(-4.6,3.05,0.));
#60750=DIRECTION('',(0.,1.,0.));
#60760=DIRECTION('',(0.,0.,1.));
#60770=AXIS2_PLACEMENT_3D('',#60740,#60750,#60760);
#60780=PLANE('',#60770);
#60790=CARTESIAN_POINT('',(-2.3,3.05,2.34999999999995));
#60800=DIRECTION('',(0.,1.,0.));
#60810=DIRECTION('',(1.,0.,0.));
#60820=AXIS2_PLACEMENT_3D('',#60790,#60800,#60810);
#60830=CIRCLE('',#60820,0.430000000000021);
#60840=EDGE_CURVE('',#60530,#60620,#60830,.T.);
#60850=ORIENTED_EDGE('',*,*,#60840,.F.);
#60860=ORIENTED_EDGE('',*,*,#60630,.T.);
#60870=EDGE_LOOP('',(#60860,#60850));
#60880=FACE_OUTER_BOUND('',#60870,.T.);
#60890=ADVANCED_FACE('',(#60880),#60780,.F.);
#60900=CARTESIAN_POINT('',(-2.3,0.649999999999999,2.34999999999995));
#60910=DIRECTION('',(0.,1.,0.));
#60920=DIRECTION('',(1.,0.,0.));
#60930=AXIS2_PLACEMENT_3D('',#60900,#60910,#60920);
#60940=CYLINDRICAL_SURFACE('',#60930,0.430000000000021);
#60950=ORIENTED_EDGE('',*,*,#60690,.F.);
#60960=ORIENTED_EDGE('',*,*,#60840,.T.);
#60970=ORIENTED_EDGE('',*,*,#60540,.T.);
#60980=CARTESIAN_POINT('',(-2.3,0.873493515728953,2.34999999999995));
#60990=DIRECTION('',(-9.62964972193624E-35,1.,1.47324240757871E-20));
#61000=DIRECTION('',(1.,9.62964972193624E-35,4.25604250214549E-54));
#61010=AXIS2_PLACEMENT_3D('',#60980,#60990,#61000);
#61020=CIRCLE('',#61010,0.430000000000021);
#61030=EDGE_CURVE('',#60430,#60450,#61020,.T.);
#61040=ORIENTED_EDGE('',*,*,#61030,.F.);
#61050=EDGE_LOOP('',(#61040,#60970,#60960,#60950));
#61060=FACE_OUTER_BOUND('',#61050,.T.);
#61070=ADVANCED_FACE('',(#61060),#60940,.F.);
#61080=ORIENTED_EDGE('',*,*,#61030,.T.);
#61090=ORIENTED_EDGE('',*,*,#60460,.F.);
#61100=EDGE_LOOP('',(#61090,#61080));
#61110=FACE_OUTER_BOUND('',#61100,.T.);
#61120=ADVANCED_FACE('',(#61110),#60260,.T.);
#61130=CLOSED_SHELL('',(#60730,#60890,#61070,#61120));
#61140=ORIENTED_CLOSED_SHELL('',*,#61130,.T.);
#61150=CARTESIAN_POINT('',(0.,3.05,0.));
#61160=DIRECTION('',(0.,1.,0.));
#61170=DIRECTION('',(0.,0.,1.));
#61180=AXIS2_PLACEMENT_3D('',#61150,#61160,#61170);
#61190=CIRCLE('',#61180,3.55000000000001);
#61200=CARTESIAN_POINT('',(2.65196153818264,3.05,2.36));
#61210=VERTEX_POINT('',#61200);
#61220=CARTESIAN_POINT('',(3.12,3.05,1.69354657449981));
#61230=VERTEX_POINT('',#61220);
#61240=EDGE_CURVE('',#61210,#61230,#61190,.T.);
#61250=ORIENTED_EDGE('',*,*,#61240,.F.);
#61260=CARTESIAN_POINT('',(3.12,0.649999999999999,1.69354657449981));
#61270=DIRECTION('',(0.,1.,0.));
#61280=VECTOR('',#61270,1.);
#61290=LINE('',#61260,#61280);
#61300=CARTESIAN_POINT('',(3.12,0.649999999999999,1.69354657449981));
#61310=VERTEX_POINT('',#61300);
#61320=EDGE_CURVE('',#61310,#61230,#61290,.T.);
#61330=ORIENTED_EDGE('',*,*,#61320,.T.);
#61340=CARTESIAN_POINT('',(0.,0.649999999999999,0.));
#61350=DIRECTION('',(0.,1.,0.));
#61360=DIRECTION('',(0.,0.,1.));
#61370=AXIS2_PLACEMENT_3D('',#61340,#61350,#61360);
#61380=CIRCLE('',#61370,3.55000000000001);
#61390=CARTESIAN_POINT('',(2.95323551380515,0.649999999999999,
1.97000000000002));
#61400=VERTEX_POINT('',#61390);
#61410=EDGE_CURVE('',#61400,#61310,#61380,.T.);
#61420=ORIENTED_EDGE('',*,*,#61410,.T.);
#61430=CARTESIAN_POINT('',(2.95323551380515,0.649999999999999,
1.97000000000002));
#61440=DIRECTION('',(0.,1.,0.));
#61450=VECTOR('',#61440,1.);
#61460=LINE('',#61430,#61450);
#61470=CARTESIAN_POINT('',(2.95323551380515,0.999999999999999,
1.97000000000002));
#61480=VERTEX_POINT('',#61470);
#61490=EDGE_CURVE('',#61400,#61480,#61460,.T.);
#61500=ORIENTED_EDGE('',*,*,#61490,.F.);
#61510=CARTESIAN_POINT('',(0.,0.999999999999999,0.));
#61520=DIRECTION('',(0.,1.,0.));
#61530=DIRECTION('',(0.,0.,1.));
#61540=AXIS2_PLACEMENT_3D('',#61510,#61520,#61530);
#61550=CIRCLE('',#61540,3.55000000000001);
#61560=CARTESIAN_POINT('',(2.65196153818264,0.999999999999999,2.36));
#61570=VERTEX_POINT('',#61560);
#61580=EDGE_CURVE('',#61570,#61480,#61550,.T.);
#61590=ORIENTED_EDGE('',*,*,#61580,.T.);
#61600=CARTESIAN_POINT('',(2.65196153818264,0.649999999999999,2.36));
#61610=DIRECTION('',(0.,1.,0.));
#61620=VECTOR('',#61610,1.);
#61630=LINE('',#61600,#61620);
#61640=EDGE_CURVE('',#61570,#61210,#61630,.T.);
#61650=ORIENTED_EDGE('',*,*,#61640,.F.);
#61660=EDGE_LOOP('',(#61650,#61590,#61500,#61420,#61330,#61250));
#61670=FACE_OUTER_BOUND('',#61660,.T.);
#61680=ADVANCED_FACE('',(#61670),#15900,.T.);
#61690=CARTESIAN_POINT('',(0.,0.649999999999999,0.));
#61700=DIRECTION('',(0.,1.,0.));
#61710=DIRECTION('',(0.,0.,1.));
#61720=AXIS2_PLACEMENT_3D('',#61690,#61700,#61710);
#61730=PLANE('',#61720);
#61740=CARTESIAN_POINT('',(3.12,0.649999999999999,0.));
#61750=DIRECTION('',(0.,-2.94648481515741E-20,1.));
#61760=VECTOR('',#61750,1.);
#61770=LINE('',#61740,#61760);
#61780=CARTESIAN_POINT('',(3.12,0.649999999999999,1.97000000000002));
#61790=VERTEX_POINT('',#61780);
#61800=EDGE_CURVE('',#61310,#61790,#61770,.T.);
#61810=ORIENTED_EDGE('',*,*,#61800,.F.);
#61820=CARTESIAN_POINT('',(-0.449818700338769,0.649999999999999,
1.97000000000002));
#61830=DIRECTION('',(1.,0.,0.));
#61840=VECTOR('',#61830,1.);
#61850=LINE('',#61820,#61840);
#61860=EDGE_CURVE('',#61400,#61790,#61850,.T.);
#61870=ORIENTED_EDGE('',*,*,#61860,.T.);
#61880=ORIENTED_EDGE('',*,*,#61410,.F.);
#61890=EDGE_LOOP('',(#61880,#61870,#61810));
#61900=FACE_OUTER_BOUND('',#61890,.T.);
#61910=ADVANCED_FACE('',(#61900),#61730,.T.);
#61920=CARTESIAN_POINT('',(3.12,0.649999999999999,0.375000000000021));
#61930=DIRECTION('',(1.,0.,0.));
#61940=DIRECTION('',(0.,0.,-1.));
#61950=AXIS2_PLACEMENT_3D('',#61920,#61930,#61940);
#61960=PLANE('',#61950);
#61970=CARTESIAN_POINT('',(3.12,3.05,2.36));
#61980=DIRECTION('',(0.,-1.,0.));
#61990=VECTOR('',#61980,1.);
#62000=LINE('',#61970,#61990);
#62010=CARTESIAN_POINT('',(3.12,3.05,2.36));
#62020=VERTEX_POINT('',#62010);
#62030=CARTESIAN_POINT('',(3.12,0.999999999999999,2.36));
#62040=VERTEX_POINT('',#62030);
#62050=EDGE_CURVE('',#62020,#62040,#62000,.T.);
#62060=ORIENTED_EDGE('',*,*,#62050,.F.);
#62070=CARTESIAN_POINT('',(3.12,0.999999999999999,1.97000000000002));
#62080=DIRECTION('',(0.,0.,1.));
#62090=VECTOR('',#62080,1.);
#62100=LINE('',#62070,#62090);
#62110=CARTESIAN_POINT('',(3.12,0.999999999999999,1.97000000000002));
#62120=VERTEX_POINT('',#62110);
#62130=EDGE_CURVE('',#62120,#62040,#62100,.T.);
#62140=ORIENTED_EDGE('',*,*,#62130,.T.);
#62150=CARTESIAN_POINT('',(3.12,0.649999999999999,1.97000000000002));
#62160=DIRECTION('',(0.,1.,0.));
#62170=VECTOR('',#62160,1.);
#62180=LINE('',#62150,#62170);
#62190=EDGE_CURVE('',#61790,#62120,#62180,.T.);
#62200=ORIENTED_EDGE('',*,*,#62190,.T.);
#62210=ORIENTED_EDGE('',*,*,#61800,.T.);
#62220=ORIENTED_EDGE('',*,*,#61320,.F.);
#62230=CARTESIAN_POINT('',(3.12,3.05,0.));
#62240=DIRECTION('',(0.,-0.,1.));
#62250=VECTOR('',#62240,1.);
#62260=LINE('',#62230,#62250);
#62270=EDGE_CURVE('',#61230,#62020,#62260,.T.);
#62280=ORIENTED_EDGE('',*,*,#62270,.F.);
#62290=EDGE_LOOP('',(#62280,#62220,#62210,#62200,#62140,#62060));
#62300=FACE_OUTER_BOUND('',#62290,.T.);
#62310=ADVANCED_FACE('',(#62300),#61960,.F.);
#62320=CARTESIAN_POINT('',(0.704367328411362,0.999999999999999,
1.97000000000002));
#62330=DIRECTION('',(0.,0.,1.));
#62340=DIRECTION('',(1.,0.,0.));
#62350=AXIS2_PLACEMENT_3D('',#62320,#62330,#62340);
#62360=PLANE('',#62350);
#62370=ORIENTED_EDGE('',*,*,#62190,.F.);
#62380=CARTESIAN_POINT('',(-0.7043673284114,0.999999999999999,
1.97000000000002));
#62390=DIRECTION('',(1.,0.,0.));
#62400=VECTOR('',#62390,1.);
#62410=LINE('',#62380,#62400);
#62420=EDGE_CURVE('',#61480,#62120,#62410,.T.);
#62430=ORIENTED_EDGE('',*,*,#62420,.T.);
#62440=ORIENTED_EDGE('',*,*,#61490,.T.);
#62450=ORIENTED_EDGE('',*,*,#61860,.F.);
#62460=EDGE_LOOP('',(#62450,#62440,#62430,#62370));
#62470=FACE_OUTER_BOUND('',#62460,.T.);
#62480=ADVANCED_FACE('',(#62470),#62360,.F.);
#62490=CARTESIAN_POINT('',(0.,0.999999999999999,0.));
#62500=DIRECTION('',(0.,1.,0.));
#62510=DIRECTION('',(0.,0.,1.));
#62520=AXIS2_PLACEMENT_3D('',#62490,#62500,#62510);
#62530=PLANE('',#62520);
#62540=ORIENTED_EDGE('',*,*,#62420,.F.);
#62550=ORIENTED_EDGE('',*,*,#62130,.F.);
#62560=CARTESIAN_POINT('',(3.12,0.999999999999999,2.36));
#62570=DIRECTION('',(-1.,0.,3.86601669979484E-16));
#62580=VECTOR('',#62570,1.);
#62590=LINE('',#62560,#62580);
#62600=EDGE_CURVE('',#62040,#61570,#62590,.T.);
#62610=ORIENTED_EDGE('',*,*,#62600,.F.);
#62620=ORIENTED_EDGE('',*,*,#61580,.F.);
#62630=EDGE_LOOP('',(#62620,#62610,#62550,#62540));
#62640=FACE_OUTER_BOUND('',#62630,.T.);
#62650=ADVANCED_FACE('',(#62640),#62530,.T.);
#62660=CARTESIAN_POINT('',(1.97130033226802,0.649999999999999,2.36));
#62670=DIRECTION('',(3.7754069333934E-16,0.,1.));
#62680=DIRECTION('',(1.,0.,-3.7754069333934E-16));
#62690=AXIS2_PLACEMENT_3D('',#62660,#62670,#62680);
#62700=PLANE('',#62690);
#62710=ORIENTED_EDGE('',*,*,#62600,.T.);
#62720=ORIENTED_EDGE('',*,*,#62050,.T.);
#62730=CARTESIAN_POINT('',(0.,3.05,2.36));
#62740=DIRECTION('',(-1.,0.,3.7754069333934E-16));
#62750=VECTOR('',#62740,1.);
#62760=LINE('',#62730,#62750);
#62770=EDGE_CURVE('',#62020,#61210,#62760,.T.);
#62780=ORIENTED_EDGE('',*,*,#62770,.F.);
#62790=ORIENTED_EDGE('',*,*,#61640,.T.);
#62800=EDGE_LOOP('',(#62790,#62780,#62720,#62710));
#62810=FACE_OUTER_BOUND('',#62800,.T.);
#62820=ADVANCED_FACE('',(#62810),#62700,.F.);
#62830=ORIENTED_EDGE('',*,*,#62770,.T.);
#62840=ORIENTED_EDGE('',*,*,#62270,.T.);
#62850=ORIENTED_EDGE('',*,*,#61240,.T.);
#62860=EDGE_LOOP('',(#62850,#62840,#62830));
#62870=FACE_OUTER_BOUND('',#62860,.T.);
#62880=ADVANCED_FACE('',(#62870),#60780,.F.);
#62890=CLOSED_SHELL('',(#61680,#61910,#62310,#62480,#62650,#62820,#62880
));
#62900=ORIENTED_CLOSED_SHELL('',*,#62890,.T.);
#62910=CARTESIAN_POINT('',(2.13888888888889,7.61,2.13888888888889));
#62920=DIRECTION('',(0.,-1.,0.));
#62930=DIRECTION('',(0.,0.,-1.));
#62940=AXIS2_PLACEMENT_3D('',#62910,#62920,#62930);
#62950=CYLINDRICAL_SURFACE('',#62940,0.4);
#62960=CARTESIAN_POINT('',(2.13888888888889,7.61,2.53888888888889));
#62970=DIRECTION('',(0.,-1.,0.));
#62980=VECTOR('',#62970,1.);
#62990=LINE('',#62960,#62980);
#63000=CARTESIAN_POINT('',(2.13888888888889,7.61,2.53888888888889));
#63010=VERTEX_POINT('',#63000);
#63020=CARTESIAN_POINT('',(2.13888888888889,7.56,2.53888888888889));
#63030=VERTEX_POINT('',#63020);
#63040=EDGE_CURVE('',#63010,#63030,#62990,.T.);
#63050=ORIENTED_EDGE('',*,*,#63040,.F.);
#63060=CARTESIAN_POINT('',(2.13888888888889,7.56,2.13888888888889));
#63070=DIRECTION('',(0.,-1.,0.));
#63080=DIRECTION('',(0.,0.,-1.));
#63090=AXIS2_PLACEMENT_3D('',#63060,#63070,#63080);
#63100=CIRCLE('',#63090,0.4);
#63110=CARTESIAN_POINT('',(2.13888888888889,7.56,1.73888888888889));
#63120=VERTEX_POINT('',#63110);
#63130=EDGE_CURVE('',#63120,#63030,#63100,.T.);
#63140=ORIENTED_EDGE('',*,*,#63130,.T.);
#63150=CARTESIAN_POINT('',(2.13888888888889,7.61,1.73888888888889));
#63160=DIRECTION('',(0.,-1.,0.));
#63170=VECTOR('',#63160,1.);
#63180=LINE('',#63150,#63170);
#63190=CARTESIAN_POINT('',(2.13888888888889,7.61,1.73888888888889));
#63200=VERTEX_POINT('',#63190);
#63210=EDGE_CURVE('',#63200,#63120,#63180,.T.);
#63220=ORIENTED_EDGE('',*,*,#63210,.T.);
#63230=CARTESIAN_POINT('',(2.13888888888889,7.61,2.13888888888889));
#63240=DIRECTION('',(0.,-1.,0.));
#63250=DIRECTION('',(0.,0.,-1.));
#63260=AXIS2_PLACEMENT_3D('',#63230,#63240,#63250);
#63270=CIRCLE('',#63260,0.4);
#63280=EDGE_CURVE('',#63200,#63010,#63270,.T.);
#63290=ORIENTED_EDGE('',*,*,#63280,.F.);
#63300=EDGE_LOOP('',(#63290,#63220,#63140,#63050));
#63310=FACE_OUTER_BOUND('',#63300,.T.);
#63320=ADVANCED_FACE('',(#63310),#62950,.F.);
#63330=CARTESIAN_POINT('',(2.13888888888889,7.61,2.13888888888889));
#63340=DIRECTION('',(0.,-1.,0.));
#63350=DIRECTION('',(0.,0.,-1.));
#63360=AXIS2_PLACEMENT_3D('',#63330,#63340,#63350);
#63370=PLANE('',#63360);
#63380=EDGE_CURVE('',#63010,#63200,#63270,.T.);
#63390=ORIENTED_EDGE('',*,*,#63380,.T.);
#63400=ORIENTED_EDGE('',*,*,#63280,.T.);
#63410=EDGE_LOOP('',(#63400,#63390));
#63420=FACE_OUTER_BOUND('',#63410,.T.);
#63430=ADVANCED_FACE('',(#63420),#63370,.T.);
#63440=CARTESIAN_POINT('',(-3.93,7.56,5.42976580892665E-20));
#63450=DIRECTION('',(0.,1.,0.));
#63460=DIRECTION('',(0.,0.,1.));
#63470=AXIS2_PLACEMENT_3D('',#63440,#63450,#63460);
#63480=PLANE('',#63470);
#63490=EDGE_CURVE('',#63030,#63120,#63100,.T.);
#63500=ORIENTED_EDGE('',*,*,#63490,.F.);
#63510=ORIENTED_EDGE('',*,*,#63130,.F.);
#63520=EDGE_LOOP('',(#63510,#63500));
#63530=FACE_OUTER_BOUND('',#63520,.T.);
#63540=ADVANCED_FACE('',(#63530),#63480,.T.);
#63550=CARTESIAN_POINT('',(2.13888888888889,7.61,2.13888888888889));
#63560=DIRECTION('',(0.,-1.,0.));
#63570=DIRECTION('',(0.,0.,-1.));
#63580=AXIS2_PLACEMENT_3D('',#63550,#63560,#63570);
#63590=CYLINDRICAL_SURFACE('',#63580,0.4);
#63600=ORIENTED_EDGE('',*,*,#63490,.T.);
#63610=ORIENTED_EDGE('',*,*,#63040,.T.);
#63620=ORIENTED_EDGE('',*,*,#63380,.F.);
#63630=ORIENTED_EDGE('',*,*,#63210,.F.);
#63640=EDGE_LOOP('',(#63630,#63620,#63610,#63600));
#63650=FACE_OUTER_BOUND('',#63640,.T.);
#63660=ADVANCED_FACE('',(#63650),#63590,.F.);
#63670=CLOSED_SHELL('',(#63320,#63430,#63540,#63660));
#63680=ORIENTED_CLOSED_SHELL('',*,#63670,.T.);
#63690=CARTESIAN_POINT('',(-2.13888888888889,7.61,-2.13888888888889));
#63700=DIRECTION('',(0.,-1.,0.));
#63710=DIRECTION('',(0.,0.,-1.));
#63720=AXIS2_PLACEMENT_3D('',#63690,#63700,#63710);
#63730=CYLINDRICAL_SURFACE('',#63720,0.4);
#63740=CARTESIAN_POINT('',(-2.13888888888889,7.61,-1.73888888888889));
#63750=DIRECTION('',(0.,-1.,0.));
#63760=VECTOR('',#63750,1.);
#63770=LINE('',#63740,#63760);
#63780=CARTESIAN_POINT('',(-2.13888888888889,7.61,-1.73888888888889));
#63790=VERTEX_POINT('',#63780);
#63800=CARTESIAN_POINT('',(-2.13888888888889,7.56,-1.73888888888889));
#63810=VERTEX_POINT('',#63800);
#63820=EDGE_CURVE('',#63790,#63810,#63770,.T.);
#63830=ORIENTED_EDGE('',*,*,#63820,.T.);
#63840=CARTESIAN_POINT('',(-2.13888888888889,7.61,-2.13888888888889));
#63850=DIRECTION('',(0.,-1.,0.));
#63860=DIRECTION('',(0.,0.,-1.));
#63870=AXIS2_PLACEMENT_3D('',#63840,#63850,#63860);
#63880=CIRCLE('',#63870,0.4);
#63890=CARTESIAN_POINT('',(-2.13888888888889,7.61,-2.53888888888889));
#63900=VERTEX_POINT('',#63890);
#63910=EDGE_CURVE('',#63790,#63900,#63880,.T.);
#63920=ORIENTED_EDGE('',*,*,#63910,.F.);
#63930=CARTESIAN_POINT('',(-2.13888888888889,7.61,-2.53888888888889));
#63940=DIRECTION('',(0.,-1.,0.));
#63950=VECTOR('',#63940,1.);
#63960=LINE('',#63930,#63950);
#63970=CARTESIAN_POINT('',(-2.13888888888889,7.56,-2.53888888888889));
#63980=VERTEX_POINT('',#63970);
#63990=EDGE_CURVE('',#63900,#63980,#63960,.T.);
#64000=ORIENTED_EDGE('',*,*,#63990,.F.);
#64010=CARTESIAN_POINT('',(-2.13888888888889,7.56,-2.13888888888889));
#64020=DIRECTION('',(0.,-1.,0.));
#64030=DIRECTION('',(0.,0.,-1.));
#64040=AXIS2_PLACEMENT_3D('',#64010,#64020,#64030);
#64050=CIRCLE('',#64040,0.4);
#64060=EDGE_CURVE('',#63810,#63980,#64050,.T.);
#64070=ORIENTED_EDGE('',*,*,#64060,.T.);
#64080=EDGE_LOOP('',(#64070,#64000,#63920,#63830));
#64090=FACE_OUTER_BOUND('',#64080,.T.);
#64100=ADVANCED_FACE('',(#64090),#63730,.F.);
#64110=EDGE_CURVE('',#63980,#63810,#64050,.T.);
#64120=ORIENTED_EDGE('',*,*,#64110,.F.);
#64130=ORIENTED_EDGE('',*,*,#64060,.F.);
#64140=EDGE_LOOP('',(#64130,#64120));
#64150=FACE_OUTER_BOUND('',#64140,.T.);
#64160=ADVANCED_FACE('',(#64150),#63480,.T.);
#64170=CARTESIAN_POINT('',(-2.13888888888889,7.61,-2.13888888888889));
#64180=DIRECTION('',(0.,-1.,0.));
#64190=DIRECTION('',(0.,0.,-1.));
#64200=AXIS2_PLACEMENT_3D('',#64170,#64180,#64190);
#64210=PLANE('',#64200);
#64220=EDGE_CURVE('',#63900,#63790,#63880,.T.);
#64230=ORIENTED_EDGE('',*,*,#64220,.T.);
#64240=ORIENTED_EDGE('',*,*,#63910,.T.);
#64250=EDGE_LOOP('',(#64240,#64230));
#64260=FACE_OUTER_BOUND('',#64250,.T.);
#64270=ADVANCED_FACE('',(#64260),#64210,.T.);
#64280=CARTESIAN_POINT('',(-2.13888888888889,7.61,-2.13888888888889));
#64290=DIRECTION('',(0.,-1.,0.));
#64300=DIRECTION('',(0.,0.,-1.));
#64310=AXIS2_PLACEMENT_3D('',#64280,#64290,#64300);
#64320=CYLINDRICAL_SURFACE('',#64310,0.4);
#64330=ORIENTED_EDGE('',*,*,#64220,.F.);
#64340=ORIENTED_EDGE('',*,*,#63820,.F.);
#64350=ORIENTED_EDGE('',*,*,#64110,.T.);
#64360=ORIENTED_EDGE('',*,*,#63990,.T.);
#64370=EDGE_LOOP('',(#64360,#64350,#64340,#64330));
#64380=FACE_OUTER_BOUND('',#64370,.T.);
#64390=ADVANCED_FACE('',(#64380),#64320,.F.);
#64400=CLOSED_SHELL('',(#64100,#64160,#64270,#64390));
#64410=ORIENTED_CLOSED_SHELL('',*,#64400,.T.);
#64420=CARTESIAN_POINT('',(-2.13888888888889,7.61,2.13888888888889));
#64430=DIRECTION('',(0.,-1.,0.));
#64440=DIRECTION('',(0.,0.,-1.));
#64450=AXIS2_PLACEMENT_3D('',#64420,#64430,#64440);
#64460=CYLINDRICAL_SURFACE('',#64450,0.4);
#64470=CARTESIAN_POINT('',(-2.13888888888889,7.61,2.53888888888889));
#64480=DIRECTION('',(0.,-1.,0.));
#64490=VECTOR('',#64480,1.);
#64500=LINE('',#64470,#64490);
#64510=CARTESIAN_POINT('',(-2.13888888888889,7.61,2.53888888888889));
#64520=VERTEX_POINT('',#64510);
#64530=CARTESIAN_POINT('',(-2.13888888888889,7.56,2.53888888888889));
#64540=VERTEX_POINT('',#64530);
#64550=EDGE_CURVE('',#64520,#64540,#64500,.T.);
#64560=ORIENTED_EDGE('',*,*,#64550,.T.);
#64570=CARTESIAN_POINT('',(-2.13888888888889,7.61,2.13888888888889));
#64580=DIRECTION('',(0.,-1.,0.));
#64590=DIRECTION('',(0.,0.,-1.));
#64600=AXIS2_PLACEMENT_3D('',#64570,#64580,#64590);
#64610=CIRCLE('',#64600,0.4);
#64620=CARTESIAN_POINT('',(-2.13888888888889,7.61,1.73888888888889));
#64630=VERTEX_POINT('',#64620);
#64640=EDGE_CURVE('',#64520,#64630,#64610,.T.);
#64650=ORIENTED_EDGE('',*,*,#64640,.F.);
#64660=CARTESIAN_POINT('',(-2.13888888888889,7.61,1.73888888888889));
#64670=DIRECTION('',(0.,-1.,0.));
#64680=VECTOR('',#64670,1.);
#64690=LINE('',#64660,#64680);
#64700=CARTESIAN_POINT('',(-2.13888888888889,7.56,1.73888888888889));
#64710=VERTEX_POINT('',#64700);
#64720=EDGE_CURVE('',#64630,#64710,#64690,.T.);
#64730=ORIENTED_EDGE('',*,*,#64720,.F.);
#64740=CARTESIAN_POINT('',(-2.13888888888889,7.56,2.13888888888889));
#64750=DIRECTION('',(0.,-1.,0.));
#64760=DIRECTION('',(0.,0.,-1.));
#64770=AXIS2_PLACEMENT_3D('',#64740,#64750,#64760);
#64780=CIRCLE('',#64770,0.4);
#64790=EDGE_CURVE('',#64540,#64710,#64780,.T.);
#64800=ORIENTED_EDGE('',*,*,#64790,.T.);
#64810=EDGE_LOOP('',(#64800,#64730,#64650,#64560));
#64820=FACE_OUTER_BOUND('',#64810,.T.);
#64830=ADVANCED_FACE('',(#64820),#64460,.F.);
#64840=EDGE_CURVE('',#64710,#64540,#64780,.T.);
#64850=ORIENTED_EDGE('',*,*,#64840,.F.);
#64860=ORIENTED_EDGE('',*,*,#64790,.F.);
#64870=EDGE_LOOP('',(#64860,#64850));
#64880=FACE_OUTER_BOUND('',#64870,.T.);
#64890=CARTESIAN_POINT('',(-2.13888888888889,7.56,2.13888888888889));
#64900=DIRECTION('',(0.,-1.,0.));
#64910=DIRECTION('',(0.,0.,-1.));
#64920=AXIS2_PLACEMENT_3D('',#64890,#64900,#64910);
#64930=CIRCLE('',#64920,0.15);
#64940=CARTESIAN_POINT('',(-2.13888888888889,7.56,1.98888888888889));
#64950=VERTEX_POINT('',#64940);
#64960=CARTESIAN_POINT('',(-2.13888888888889,7.56,2.28888888888889));
#64970=VERTEX_POINT('',#64960);
#64980=EDGE_CURVE('',#64950,#64970,#64930,.T.);
#64990=ORIENTED_EDGE('',*,*,#64980,.T.);
#65000=EDGE_CURVE('',#64970,#64950,#64930,.T.);
#65010=ORIENTED_EDGE('',*,*,#65000,.T.);
#65020=EDGE_LOOP('',(#65010,#64990));
#65030=FACE_BOUND('',#65020,.T.);
#65040=ADVANCED_FACE('',(#64880,#65030),#63480,.T.);
#65050=CARTESIAN_POINT('',(-2.13888888888889,7.61,2.13888888888889));
#65060=DIRECTION('',(0.,-1.,0.));
#65070=DIRECTION('',(0.,0.,-1.));
#65080=AXIS2_PLACEMENT_3D('',#65050,#65060,#65070);
#65090=CYLINDRICAL_SURFACE('',#65080,0.15);
#65100=CARTESIAN_POINT('',(-2.13888888888889,7.61,1.98888888888889));
#65110=DIRECTION('',(0.,-1.,0.));
#65120=VECTOR('',#65110,1.);
#65130=LINE('',#65100,#65120);
#65140=CARTESIAN_POINT('',(-2.13888888888889,7.61,1.98888888888889));
#65150=VERTEX_POINT('',#65140);
#65160=EDGE_CURVE('',#65150,#64950,#65130,.T.);
#65170=ORIENTED_EDGE('',*,*,#65160,.T.);
#65180=CARTESIAN_POINT('',(-2.13888888888889,7.61,2.13888888888889));
#65190=DIRECTION('',(0.,1.,0.));
#65200=DIRECTION('',(0.,0.,1.));
#65210=AXIS2_PLACEMENT_3D('',#65180,#65190,#65200);
#65220=CIRCLE('',#65210,0.15);
#65230=CARTESIAN_POINT('',(-2.13888888888889,7.61,2.28888888888889));
#65240=VERTEX_POINT('',#65230);
#65250=EDGE_CURVE('',#65150,#65240,#65220,.T.);
#65260=ORIENTED_EDGE('',*,*,#65250,.F.);
#65270=CARTESIAN_POINT('',(-2.13888888888889,7.61,2.28888888888889));
#65280=DIRECTION('',(0.,-1.,0.));
#65290=VECTOR('',#65280,1.);
#65300=LINE('',#65270,#65290);
#65310=EDGE_CURVE('',#65240,#64970,#65300,.T.);
#65320=ORIENTED_EDGE('',*,*,#65310,.F.);
#65330=ORIENTED_EDGE('',*,*,#65000,.F.);
#65340=EDGE_LOOP('',(#65330,#65320,#65260,#65170));
#65350=FACE_OUTER_BOUND('',#65340,.T.);
#65360=ADVANCED_FACE('',(#65350),#65090,.T.);
#65370=CARTESIAN_POINT('',(-2.13888888888889,7.61,2.13888888888889));
#65380=DIRECTION('',(0.,-1.,0.));
#65390=DIRECTION('',(0.,0.,-1.));
#65400=AXIS2_PLACEMENT_3D('',#65370,#65380,#65390);
#65410=PLANE('',#65400);
#65420=ORIENTED_EDGE('',*,*,#64640,.T.);
#65430=EDGE_CURVE('',#64630,#64520,#64610,.T.);
#65440=ORIENTED_EDGE('',*,*,#65430,.T.);
#65450=EDGE_LOOP('',(#65440,#65420));
#65460=FACE_OUTER_BOUND('',#65450,.T.);
#65470=ORIENTED_EDGE('',*,*,#65250,.T.);
#65480=EDGE_CURVE('',#65240,#65150,#65220,.T.);
#65490=ORIENTED_EDGE('',*,*,#65480,.T.);
#65500=EDGE_LOOP('',(#65490,#65470));
#65510=FACE_BOUND('',#65500,.T.);
#65520=ADVANCED_FACE('',(#65460,#65510),#65410,.T.);
#65530=CARTESIAN_POINT('',(-2.13888888888889,7.61,2.13888888888889));
#65540=DIRECTION('',(0.,-1.,0.));
#65550=DIRECTION('',(0.,0.,-1.));
#65560=AXIS2_PLACEMENT_3D('',#65530,#65540,#65550);
#65570=CYLINDRICAL_SURFACE('',#65560,0.15);
#65580=ORIENTED_EDGE('',*,*,#65160,.F.);
#65590=ORIENTED_EDGE('',*,*,#64980,.F.);
#65600=ORIENTED_EDGE('',*,*,#65310,.T.);
#65610=ORIENTED_EDGE('',*,*,#65480,.F.);
#65620=EDGE_LOOP('',(#65610,#65600,#65590,#65580));
#65630=FACE_OUTER_BOUND('',#65620,.T.);
#65640=ADVANCED_FACE('',(#65630),#65570,.T.);
#65650=CARTESIAN_POINT('',(-2.13888888888889,7.61,2.13888888888889));
#65660=DIRECTION('',(0.,-1.,0.));
#65670=DIRECTION('',(0.,0.,-1.));
#65680=AXIS2_PLACEMENT_3D('',#65650,#65660,#65670);
#65690=CYLINDRICAL_SURFACE('',#65680,0.4);
#65700=ORIENTED_EDGE('',*,*,#64550,.F.);
#65710=ORIENTED_EDGE('',*,*,#64840,.T.);
#65720=ORIENTED_EDGE('',*,*,#64720,.T.);
#65730=ORIENTED_EDGE('',*,*,#65430,.F.);
#65740=EDGE_LOOP('',(#65730,#65720,#65710,#65700));
#65750=FACE_OUTER_BOUND('',#65740,.T.);
#65760=ADVANCED_FACE('',(#65750),#65690,.F.);
#65770=CLOSED_SHELL('',(#64830,#65040,#65360,#65520,#65640,#65760));
#65780=ORIENTED_CLOSED_SHELL('',*,#65770,.T.);
#65790=CARTESIAN_POINT('',(2.13888888888889,7.61,-2.13888888888889));
#65800=DIRECTION('',(0.,-1.,0.));
#65810=DIRECTION('',(0.,0.,-1.));
#65820=AXIS2_PLACEMENT_3D('',#65790,#65800,#65810);
#65830=CYLINDRICAL_SURFACE('',#65820,0.400000000000001);
#65840=CARTESIAN_POINT('',(2.13888888888889,7.61,-1.73888888888889));
#65850=DIRECTION('',(0.,-1.,0.));
#65860=VECTOR('',#65850,1.);
#65870=LINE('',#65840,#65860);
#65880=CARTESIAN_POINT('',(2.13888888888889,7.61,-1.73888888888889));
#65890=VERTEX_POINT('',#65880);
#65900=CARTESIAN_POINT('',(2.13888888888889,7.56,-1.73888888888889));
#65910=VERTEX_POINT('',#65900);
#65920=EDGE_CURVE('',#65890,#65910,#65870,.T.);
#65930=ORIENTED_EDGE('',*,*,#65920,.F.);
#65940=CARTESIAN_POINT('',(2.13888888888889,7.56,-2.13888888888889));
#65950=DIRECTION('',(0.,-1.,0.));
#65960=DIRECTION('',(0.,0.,-1.));
#65970=AXIS2_PLACEMENT_3D('',#65940,#65950,#65960);
#65980=CIRCLE('',#65970,0.400000000000001);
#65990=CARTESIAN_POINT('',(2.13888888888889,7.56,-2.53888888888889));
#66000=VERTEX_POINT('',#65990);
#66010=EDGE_CURVE('',#66000,#65910,#65980,.T.);
#66020=ORIENTED_EDGE('',*,*,#66010,.T.);
#66030=CARTESIAN_POINT('',(2.13888888888889,7.61,-2.53888888888889));
#66040=DIRECTION('',(0.,-1.,0.));
#66050=VECTOR('',#66040,1.);
#66060=LINE('',#66030,#66050);
#66070=CARTESIAN_POINT('',(2.13888888888889,7.61,-2.53888888888889));
#66080=VERTEX_POINT('',#66070);
#66090=EDGE_CURVE('',#66080,#66000,#66060,.T.);
#66100=ORIENTED_EDGE('',*,*,#66090,.T.);
#66110=CARTESIAN_POINT('',(2.13888888888889,7.61,-2.13888888888889));
#66120=DIRECTION('',(0.,-1.,0.));
#66130=DIRECTION('',(0.,0.,-1.));
#66140=AXIS2_PLACEMENT_3D('',#66110,#66120,#66130);
#66150=CIRCLE('',#66140,0.400000000000001);
#66160=EDGE_CURVE('',#66080,#65890,#66150,.T.);
#66170=ORIENTED_EDGE('',*,*,#66160,.F.);
#66180=EDGE_LOOP('',(#66170,#66100,#66020,#65930));
#66190=FACE_OUTER_BOUND('',#66180,.T.);
#66200=ADVANCED_FACE('',(#66190),#65830,.F.);
#66210=CARTESIAN_POINT('',(2.13888888888889,7.61,-2.13888888888889));
#66220=DIRECTION('',(0.,-1.,0.));
#66230=DIRECTION('',(0.,0.,-1.));
#66240=AXIS2_PLACEMENT_3D('',#66210,#66220,#66230);
#66250=PLANE('',#66240);
#66260=EDGE_CURVE('',#65890,#66080,#66150,.T.);
#66270=ORIENTED_EDGE('',*,*,#66260,.T.);
#66280=ORIENTED_EDGE('',*,*,#66160,.T.);
#66290=EDGE_LOOP('',(#66280,#66270));
#66300=FACE_OUTER_BOUND('',#66290,.T.);
#66310=ADVANCED_FACE('',(#66300),#66250,.T.);
#66320=EDGE_CURVE('',#65910,#66000,#65980,.T.);
#66330=ORIENTED_EDGE('',*,*,#66320,.F.);
#66340=ORIENTED_EDGE('',*,*,#66010,.F.);
#66350=EDGE_LOOP('',(#66340,#66330));
#66360=FACE_OUTER_BOUND('',#66350,.T.);
#66370=ADVANCED_FACE('',(#66360),#63480,.T.);
#66380=CARTESIAN_POINT('',(2.13888888888889,7.61,-2.13888888888889));
#66390=DIRECTION('',(0.,-1.,0.));
#66400=DIRECTION('',(0.,0.,-1.));
#66410=AXIS2_PLACEMENT_3D('',#66380,#66390,#66400);
#66420=CYLINDRICAL_SURFACE('',#66410,0.400000000000001);
#66430=ORIENTED_EDGE('',*,*,#66320,.T.);
#66440=ORIENTED_EDGE('',*,*,#65920,.T.);
#66450=ORIENTED_EDGE('',*,*,#66260,.F.);
#66460=ORIENTED_EDGE('',*,*,#66090,.F.);
#66470=EDGE_LOOP('',(#66460,#66450,#66440,#66430));
#66480=FACE_OUTER_BOUND('',#66470,.T.);
#66490=ADVANCED_FACE('',(#66480),#66420,.F.);
#66500=CLOSED_SHELL('',(#66200,#66310,#66370,#66490));
#66510=ORIENTED_CLOSED_SHELL('',*,#66500,.T.);
#66520=CARTESIAN_POINT('',(0.,1.55,-5.5));
#66530=DIRECTION('',(0.,1.,0.));
#66540=DIRECTION('',(0.,0.,1.));
#66550=AXIS2_PLACEMENT_3D('',#66520,#66530,#66540);
#66560=PLANE('',#66550);
#66570=CARTESIAN_POINT('',(0.,1.55,0.));
#66580=DIRECTION('',(0.,1.,0.));
#66590=DIRECTION('',(-1.22594281638559E-16,0.,1.));
#66600=AXIS2_PLACEMENT_3D('',#66570,#66580,#66590);
#66610=CIRCLE('',#66600,5.4);
#66620=CARTESIAN_POINT('',(0.,1.55,5.4));
#66630=VERTEX_POINT('',#66620);
#66640=CARTESIAN_POINT('',(0.,1.55,-5.4));
#66650=VERTEX_POINT('',#66640);
#66660=EDGE_CURVE('',#66630,#66650,#66610,.T.);
#66670=ORIENTED_EDGE('',*,*,#66660,.T.);
#66680=EDGE_CURVE('',#66650,#66630,#66610,.T.);
#66690=ORIENTED_EDGE('',*,*,#66680,.T.);
#66700=EDGE_LOOP('',(#66690,#66670));
#66710=FACE_OUTER_BOUND('',#66700,.T.);
#66720=CARTESIAN_POINT('',(0.,1.55,0.));
#66730=DIRECTION('',(0.,-1.,0.));
#66740=DIRECTION('',(1.22464679914735E-16,0.,-1.));
#66750=AXIS2_PLACEMENT_3D('',#66720,#66730,#66740);
#66760=CIRCLE('',#66750,5.);
#66770=CARTESIAN_POINT('',(6.12323399573677E-16,1.54999999999999,5.));
#66780=VERTEX_POINT('',#66770);
#66790=CARTESIAN_POINT('',(0.,1.55,-5.));
#66800=VERTEX_POINT('',#66790);
#66810=EDGE_CURVE('',#66780,#66800,#66760,.T.);
#66820=ORIENTED_EDGE('',*,*,#66810,.T.);
#66830=EDGE_CURVE('',#66800,#66780,#66760,.T.);
#66840=ORIENTED_EDGE('',*,*,#66830,.T.);
#66850=EDGE_LOOP('',(#66840,#66820));
#66860=FACE_BOUND('',#66850,.T.);
#66870=ADVANCED_FACE('',(#66710,#66860),#66560,.T.);
#66880=CARTESIAN_POINT('',(0.,1.45,0.));
#66890=DIRECTION('',(0.,1.,0.));
#66900=DIRECTION('',(0.,0.,1.));
#66910=AXIS2_PLACEMENT_3D('',#66880,#66890,#66900);
#66920=TOROIDAL_SURFACE('',#66910,5.4,0.1);
#66930=CARTESIAN_POINT('',(1.06974978112487E-16,1.48122498999198,
6.84696028042673E-17));
#66940=DIRECTION('',(0.,1.,0.));
#66950=DIRECTION('',(0.,0.,1.));
#66960=AXIS2_PLACEMENT_3D('',#66930,#66940,#66950);
#66970=CIRCLE('',#66960,5.495);
#66980=CARTESIAN_POINT('',(0.,1.48122498999198,-5.495));
#66990=VERTEX_POINT('',#66980);
#67000=CARTESIAN_POINT('',(-4.07834298602462,1.48122498999198,
-3.68268156216958));
#67010=VERTEX_POINT('',#67000);
#67020=EDGE_CURVE('',#66990,#67010,#66970,.T.);
#67030=ORIENTED_EDGE('',*,*,#67020,.T.);
#67040=CARTESIAN_POINT('',(0.,1.45,-5.4));
#67050=DIRECTION('',(-1.,0.,0.));
#67060=DIRECTION('',(0.,0.,-1.));
#67070=AXIS2_PLACEMENT_3D('',#67040,#67050,#67060);
#67080=CIRCLE('',#67070,0.1);
#67090=EDGE_CURVE('',#66650,#66990,#67080,.T.);
#67100=ORIENTED_EDGE('',*,*,#67090,.T.);
#67110=ORIENTED_EDGE('',*,*,#66680,.F.);
#67120=CARTESIAN_POINT('',(0.,1.45,5.4));
#67130=DIRECTION('',(1.,0.,0.));
#67140=DIRECTION('',(0.,0.,1.));
#67150=AXIS2_PLACEMENT_3D('',#67120,#67130,#67140);
#67160=CIRCLE('',#67150,0.1);
#67170=CARTESIAN_POINT('',(0.,1.48122498999198,5.495));
#67180=VERTEX_POINT('',#67170);
#67190=EDGE_CURVE('',#66630,#67180,#67160,.T.);
#67200=ORIENTED_EDGE('',*,*,#67190,.F.);
#67210=EDGE_CURVE('',#67010,#67180,#66970,.T.);
#67220=ORIENTED_EDGE('',*,*,#67210,.T.);
#67230=EDGE_LOOP('',(#67220,#67200,#67110,#67100,#67030));
#67240=FACE_OUTER_BOUND('',#67230,.T.);
#67250=ADVANCED_FACE('',(#67240),#66920,.T.);
#67260=CARTESIAN_POINT('',(2.13949956224974E-16,0.583981771313274,
1.36939205608535E-16));
#67270=DIRECTION('',(0.,-1.,0.));
#67280=DIRECTION('',(-0.742191626210122,0.,-0.670187727419396));
#67290=AXIS2_PLACEMENT_3D('',#67260,#67270,#67280);
#67300=CYLINDRICAL_SURFACE('',#67290,5.495);
#67310=CARTESIAN_POINT('',(4.07834298602462,1.48122498999198,
3.68268156216958));
#67320=VERTEX_POINT('',#67310);
#67330=EDGE_CURVE('',#67180,#67320,#66970,.T.);
#67340=ORIENTED_EDGE('',*,*,#67330,.F.);
#67350=CARTESIAN_POINT('',(4.07834298602462,0.583981771313274,
3.68268156216958));
#67360=DIRECTION('',(0.,-1.,0.));
#67370=VECTOR('',#67360,1.);
#67380=LINE('',#67350,#67370);
#67390=CARTESIAN_POINT('',(4.07834298602462,1.55,3.68268156216958));
#67400=VERTEX_POINT('',#67390);
#67410=EDGE_CURVE('',#67400,#67320,#67380,.T.);
#67420=ORIENTED_EDGE('',*,*,#67410,.T.);
#67430=CARTESIAN_POINT('',(2.13949956224974E-16,1.55,
1.36939205608535E-16));
#67440=DIRECTION('',(0.,-1.,0.));
#67450=DIRECTION('',(-0.742191626210122,0.,-0.670187727419396));
#67460=AXIS2_PLACEMENT_3D('',#67430,#67440,#67450);
#67470=CIRCLE('',#67460,5.495);
#67480=CARTESIAN_POINT('',(-4.07834298602462,1.55,-3.68268156216958));
#67490=VERTEX_POINT('',#67480);
#67500=EDGE_CURVE('',#67400,#67490,#67470,.T.);
#67510=ORIENTED_EDGE('',*,*,#67500,.F.);
#67520=CARTESIAN_POINT('',(-4.07834298602462,0.583981771313274,
-3.68268156216958));
#67530=DIRECTION('',(0.,-1.,0.));
#67540=VECTOR('',#67530,1.);
#67550=LINE('',#67520,#67540);
#67560=EDGE_CURVE('',#67490,#67010,#67550,.T.);
#67570=ORIENTED_EDGE('',*,*,#67560,.F.);
#67580=ORIENTED_EDGE('',*,*,#67210,.F.);
#67590=EDGE_LOOP('',(#67580,#67570,#67510,#67420,#67340));
#67600=FACE_OUTER_BOUND('',#67590,.T.);
#67610=ADVANCED_FACE('',(#67600),#67300,.F.);
#67620=CARTESIAN_POINT('',(2.13949956224974E-16,1.55,
1.36939205608535E-16));
#67630=DIRECTION('',(0.,-1.,0.));
#67640=DIRECTION('',(-0.742191626210122,0.,-0.670187727419396));
#67650=AXIS2_PLACEMENT_3D('',#67620,#67630,#67640);
#67660=TOROIDAL_SURFACE('',#67650,5.395,0.1);
#67670=CARTESIAN_POINT('',(4.00412382340361,1.55,3.61566278942764));
#67680=DIRECTION('',(-0.670187727419396,0.,0.742191626210122));
#67690=DIRECTION('',(0.742191626210122,0.,0.670187727419396));
#67700=AXIS2_PLACEMENT_3D('',#67670,#67680,#67690);
#67710=CIRCLE('',#67700,0.1);
#67720=CARTESIAN_POINT('',(4.00412382340361,1.65,3.61566278942764));
#67730=VERTEX_POINT('',#67720);
#67740=EDGE_CURVE('',#67400,#67730,#67710,.T.);
#67750=ORIENTED_EDGE('',*,*,#67740,.T.);
#67760=EDGE_CURVE('',#67490,#67400,#67470,.T.);
#67770=ORIENTED_EDGE('',*,*,#67760,.T.);
#67780=CARTESIAN_POINT('',(-4.00412382340361,1.55,-3.61566278942764));
#67790=DIRECTION('',(0.670187727419396,0.,-0.742191626210122));
#67800=DIRECTION('',(-0.742191626210122,0.,-0.670187727419396));
#67810=AXIS2_PLACEMENT_3D('',#67780,#67790,#67800);
#67820=CIRCLE('',#67810,0.1);
#67830=CARTESIAN_POINT('',(-4.00412382340361,1.65,-3.61566278942764));
#67840=VERTEX_POINT('',#67830);
#67850=EDGE_CURVE('',#67490,#67840,#67820,.T.);
#67860=ORIENTED_EDGE('',*,*,#67850,.F.);
#67870=CARTESIAN_POINT('',(2.13949956224974E-16,1.65,
1.36939205608535E-16));
#67880=DIRECTION('',(0.,-1.,0.));
#67890=DIRECTION('',(0.742191626210122,0.,0.670187727419396));
#67900=AXIS2_PLACEMENT_3D('',#67870,#67880,#67890);
#67910=CIRCLE('',#67900,5.395);
#67920=EDGE_CURVE('',#67840,#67730,#67910,.T.);
#67930=ORIENTED_EDGE('',*,*,#67920,.F.);
#67940=EDGE_LOOP('',(#67930,#67860,#67770,#67750));
#67950=FACE_OUTER_BOUND('',#67940,.T.);
#67960=ADVANCED_FACE('',(#67950),#67660,.F.);
#67970=CARTESIAN_POINT('',(-3.8451695627779,1.65,-3.47212951455583));
#67980=DIRECTION('',(0.,-1.,-0.));
#67990=DIRECTION('',(-0.742191626210122,0.,-0.670187727419396));
#68000=AXIS2_PLACEMENT_3D('',#67970,#67980,#67990);
#68010=PLANE('',#68000);
#68020=EDGE_CURVE('',#67730,#67840,#67910,.T.);
#68030=ORIENTED_EDGE('',*,*,#68020,.T.);
#68040=ORIENTED_EDGE('',*,*,#67920,.T.);
#68050=EDGE_LOOP('',(#68040,#68030));
#68060=FACE_OUTER_BOUND('',#68050,.T.);
#68070=CARTESIAN_POINT('',(2.13949956224974E-16,1.65,
1.36939205608535E-16));
#68080=DIRECTION('',(0.,1.,0.));
#68090=DIRECTION('',(0.742191626210122,0.,0.670187727419396));
#68100=AXIS2_PLACEMENT_3D('',#68070,#68080,#68090);
#68110=CIRCLE('',#68100,5.18083123951777);
#68120=CARTESIAN_POINT('',(-3.8451695627779,1.65,-3.47212951455583));
#68130=VERTEX_POINT('',#68120);
#68140=CARTESIAN_POINT('',(3.8451695627779,1.65,3.47212951455583));
#68150=VERTEX_POINT('',#68140);
#68160=EDGE_CURVE('',#68130,#68150,#68110,.T.);
#68170=ORIENTED_EDGE('',*,*,#68160,.T.);
#68180=EDGE_CURVE('',#68150,#68130,#68110,.T.);
#68190=ORIENTED_EDGE('',*,*,#68180,.T.);
#68200=EDGE_LOOP('',(#68190,#68170));
#68210=FACE_BOUND('',#68200,.T.);
#68220=ADVANCED_FACE('',(#68060,#68210),#68010,.T.);
#68230=CARTESIAN_POINT('',(2.13949956224974E-16,1.9,1.36939205608535E-16
));
#68240=DIRECTION('',(0.,-1.,0.));
#68250=DIRECTION('',(-0.742191626210122,0.,-0.670187727419396));
#68260=AXIS2_PLACEMENT_3D('',#68230,#68240,#68250);
#68270=TOROIDAL_SURFACE('',#68260,5.015,0.3);
#68280=CARTESIAN_POINT('',(-3.72209100544376,1.9,-3.36099145300827));
#68290=DIRECTION('',(0.670187727419396,0.,-0.742191626210122));
#68300=DIRECTION('',(-0.742191626210122,0.,-0.670187727419396));
#68310=AXIS2_PLACEMENT_3D('',#68280,#68290,#68300);
#68320=CIRCLE('',#68310,0.3);
#68330=CARTESIAN_POINT('',(-3.66689988734416,1.60936235623059,
-3.31115471448054));
#68340=VERTEX_POINT('',#68330);
#68350=EDGE_CURVE('',#68340,#68130,#68320,.T.);
#68360=ORIENTED_EDGE('',*,*,#68350,.F.);
#68370=ORIENTED_EDGE('',*,*,#68160,.F.);
#68380=CARTESIAN_POINT('',(3.72209100544376,1.9,3.36099145300827));
#68390=DIRECTION('',(-0.670187727419396,0.,0.742191626210122));
#68400=DIRECTION('',(0.742191626210122,0.,0.670187727419396));
#68410=AXIS2_PLACEMENT_3D('',#68380,#68390,#68400);
#68420=CIRCLE('',#68410,0.3);
#68430=CARTESIAN_POINT('',(3.66689988734416,1.60936235623059,
3.31115471448054));
#68440=VERTEX_POINT('',#68430);
#68450=EDGE_CURVE('',#68440,#68150,#68420,.T.);
#68460=ORIENTED_EDGE('',*,*,#68450,.T.);
#68470=CARTESIAN_POINT('',(1.06974978112487E-16,1.60936235623059,
6.84696028042673E-17));
#68480=DIRECTION('',(0.,-1.,0.));
#68490=DIRECTION('',(-0.742191626210122,0.,-0.670187727419396));
#68500=AXIS2_PLACEMENT_3D('',#68470,#68480,#68490);
#68510=CIRCLE('',#68500,4.94063764376941);
#68520=CARTESIAN_POINT('',(6.05053607618912E-16,1.60936235623059,
4.94063764376941));
#68530=VERTEX_POINT('',#68520);
#68540=EDGE_CURVE('',#68440,#68530,#68510,.T.);
#68550=ORIENTED_EDGE('',*,*,#68540,.F.);
#68560=EDGE_CURVE('',#68530,#68340,#68510,.T.);
#68570=ORIENTED_EDGE('',*,*,#68560,.F.);
#68580=EDGE_LOOP('',(#68570,#68550,#68460,#68370,#68360));
#68590=FACE_OUTER_BOUND('',#68580,.T.);
#68600=ADVANCED_FACE('',(#68590),#68270,.T.);
#68610=CARTESIAN_POINT('',(0.,5.55000000000001,0.));
#68620=DIRECTION('',(0.,-1.,0.));
#68630=DIRECTION('',(0.,0.,-1.));
#68640=AXIS2_PLACEMENT_3D('',#68610,#68620,#68630);
#68650=CONICAL_SURFACE('',#68640,1.,0.785398163397447);
#68660=CARTESIAN_POINT('',(1.22464679914735E-16,5.55000000000001,1.));
#68670=DIRECTION('',(8.65956056235492E-17,-0.707106781186549,
0.707106781186546));
#68680=VECTOR('',#68670,1.4142135623731);
#68690=LINE('',#68660,#68680);
#68700=EDGE_CURVE('',#68530,#66780,#68690,.T.);
#68710=ORIENTED_EDGE('',*,*,#68700,.F.);
#68720=ORIENTED_EDGE('',*,*,#66810,.F.);
#68730=CARTESIAN_POINT('',(0.,5.55000000000001,-1.));
#68740=DIRECTION('',(0.,-0.707106781186549,-0.707106781186546));
#68750=VECTOR('',#68740,1.4142135623731);
#68760=LINE('',#68730,#68750);
#68770=CARTESIAN_POINT('',(0.,1.60936235623059,-4.94063764376941));
#68780=VERTEX_POINT('',#68770);
#68790=EDGE_CURVE('',#68780,#66800,#68760,.T.);
#68800=ORIENTED_EDGE('',*,*,#68790,.T.);
#68810=EDGE_CURVE('',#68340,#68780,#68510,.T.);
#68820=ORIENTED_EDGE('',*,*,#68810,.T.);
#68830=ORIENTED_EDGE('',*,*,#68560,.T.);
#68840=EDGE_LOOP('',(#68830,#68820,#68800,#68720,#68710));
#68850=FACE_OUTER_BOUND('',#68840,.T.);
#68860=ADVANCED_FACE('',(#68850),#68650,.T.);
#68870=CARTESIAN_POINT('',(0.,5.55000000000001,0.));
#68880=DIRECTION('',(0.,-1.,0.));
#68890=DIRECTION('',(0.,0.,-1.));
#68900=AXIS2_PLACEMENT_3D('',#68870,#68880,#68890);
#68910=CONICAL_SURFACE('',#68900,1.,0.785398163397447);
#68920=ORIENTED_EDGE('',*,*,#68700,.T.);
#68930=ORIENTED_EDGE('',*,*,#68540,.T.);
#68940=EDGE_CURVE('',#68780,#68440,#68510,.T.);
#68950=ORIENTED_EDGE('',*,*,#68940,.T.);
#68960=ORIENTED_EDGE('',*,*,#68790,.F.);
#68970=ORIENTED_EDGE('',*,*,#66830,.F.);
#68980=EDGE_LOOP('',(#68970,#68960,#68950,#68930,#68920));
#68990=FACE_OUTER_BOUND('',#68980,.T.);
#69000=ADVANCED_FACE('',(#68990),#68910,.T.);
#69010=CARTESIAN_POINT('',(2.13949956224974E-16,0.583981771313274,
1.36939205608535E-16));
#69020=DIRECTION('',(0.,-1.,0.));
#69030=DIRECTION('',(-0.742191626210122,0.,-0.670187727419396));
#69040=AXIS2_PLACEMENT_3D('',#69010,#69020,#69030);
#69050=CYLINDRICAL_SURFACE('',#69040,5.495);
#69060=ORIENTED_EDGE('',*,*,#67760,.F.);
#69070=ORIENTED_EDGE('',*,*,#67410,.F.);
#69080=EDGE_CURVE('',#67320,#66990,#66970,.T.);
#69090=ORIENTED_EDGE('',*,*,#69080,.F.);
#69100=ORIENTED_EDGE('',*,*,#67020,.F.);
#69110=ORIENTED_EDGE('',*,*,#67560,.T.);
#69120=EDGE_LOOP('',(#69110,#69100,#69090,#69070,#69060));
#69130=FACE_OUTER_BOUND('',#69120,.T.);
#69140=ADVANCED_FACE('',(#69130),#69050,.F.);
#69150=CARTESIAN_POINT('',(2.13949956224974E-16,1.55,
1.36939205608535E-16));
#69160=DIRECTION('',(0.,-1.,0.));
#69170=DIRECTION('',(-0.742191626210122,0.,-0.670187727419396));
#69180=AXIS2_PLACEMENT_3D('',#69150,#69160,#69170);
#69190=TOROIDAL_SURFACE('',#69180,5.395,0.1);
#69200=ORIENTED_EDGE('',*,*,#67740,.F.);
#69210=ORIENTED_EDGE('',*,*,#68020,.F.);
#69220=ORIENTED_EDGE('',*,*,#67850,.T.);
#69230=ORIENTED_EDGE('',*,*,#67500,.T.);
#69240=EDGE_LOOP('',(#69230,#69220,#69210,#69200));
#69250=FACE_OUTER_BOUND('',#69240,.T.);
#69260=ADVANCED_FACE('',(#69250),#69190,.F.);
#69270=CARTESIAN_POINT('',(0.,1.45,0.));
#69280=DIRECTION('',(0.,1.,0.));
#69290=DIRECTION('',(0.,0.,1.));
#69300=AXIS2_PLACEMENT_3D('',#69270,#69280,#69290);
#69310=TOROIDAL_SURFACE('',#69300,5.4,0.1);
#69320=ORIENTED_EDGE('',*,*,#66660,.F.);
#69330=ORIENTED_EDGE('',*,*,#67090,.F.);
#69340=ORIENTED_EDGE('',*,*,#69080,.T.);
#69350=ORIENTED_EDGE('',*,*,#67330,.T.);
#69360=ORIENTED_EDGE('',*,*,#67190,.T.);
#69370=EDGE_LOOP('',(#69360,#69350,#69340,#69330,#69320));
#69380=FACE_OUTER_BOUND('',#69370,.T.);
#69390=ADVANCED_FACE('',(#69380),#69310,.T.);
#69400=CARTESIAN_POINT('',(2.13949956224974E-16,1.9,1.36939205608535E-16
));
#69410=DIRECTION('',(0.,-1.,0.));
#69420=DIRECTION('',(-0.742191626210122,0.,-0.670187727419396));
#69430=AXIS2_PLACEMENT_3D('',#69400,#69410,#69420);
#69440=TOROIDAL_SURFACE('',#69430,5.015,0.3);
#69450=ORIENTED_EDGE('',*,*,#68350,.T.);
#69460=ORIENTED_EDGE('',*,*,#68810,.F.);
#69470=ORIENTED_EDGE('',*,*,#68940,.F.);
#69480=ORIENTED_EDGE('',*,*,#68450,.F.);
#69490=ORIENTED_EDGE('',*,*,#68180,.F.);
#69500=EDGE_LOOP('',(#69490,#69480,#69470,#69460,#69450));
#69510=FACE_OUTER_BOUND('',#69500,.T.);
#69520=ADVANCED_FACE('',(#69510),#69440,.T.);
#69530=CLOSED_SHELL('',(#66870,#67250,#67610,#67960,#68220,#68600,#68860
,#69000,#69140,#69260,#69390,#69520));
#69540=ORIENTED_CLOSED_SHELL('',*,#69530,.T.);
#69550=CARTESIAN_POINT('',(0.,6.39,0.));
#69560=DIRECTION('',(0.,1.,0.));
#69570=DIRECTION('',(0.,0.,1.));
#69580=AXIS2_PLACEMENT_3D('',#69550,#69560,#69570);
#69590=CYLINDRICAL_SURFACE('',#69580,5.095);
#69600=CARTESIAN_POINT('',(-5.00083992945185,6.39,0.974999999999997));
#69610=DIRECTION('',(0.,1.,0.));
#69620=VECTOR('',#69610,1.);
#69630=LINE('',#69600,#69620);
#69640=CARTESIAN_POINT('',(-5.00083992945185,3.05,0.975));
#69650=VERTEX_POINT('',#69640);
#69660=CARTESIAN_POINT('',(-5.00083992945185,5.18,0.974999999999997));
#69670=VERTEX_POINT('',#69660);
#69680=EDGE_CURVE('',#69650,#69670,#69630,.T.);
#69690=ORIENTED_EDGE('',*,*,#69680,.T.);
#69700=CARTESIAN_POINT('',(0.,3.05,0.));
#69710=DIRECTION('',(0.,1.,0.));
#69720=DIRECTION('',(0.,0.,1.));
#69730=AXIS2_PLACEMENT_3D('',#69700,#69710,#69720);
#69740=CIRCLE('',#69730,5.095);
#69750=CARTESIAN_POINT('',(-5.00083992945185,3.05,-0.975));
#69760=VERTEX_POINT('',#69750);
#69770=EDGE_CURVE('',#69760,#69650,#69740,.T.);
#69780=ORIENTED_EDGE('',*,*,#69770,.T.);
#69790=CARTESIAN_POINT('',(-5.00083992945185,6.39,-0.974999999999999));
#69800=DIRECTION('',(0.,1.,0.));
#69810=VECTOR('',#69800,1.);
#69820=LINE('',#69790,#69810);
#69830=CARTESIAN_POINT('',(-5.00083992945185,5.18,-0.974999999999999));
#69840=VERTEX_POINT('',#69830);
#69850=EDGE_CURVE('',#69760,#69840,#69820,.T.);
#69860=ORIENTED_EDGE('',*,*,#69850,.F.);
#69870=CARTESIAN_POINT('',(0.,5.18,0.));
#69880=DIRECTION('',(0.,1.,0.));
#69890=DIRECTION('',(0.,0.,1.));
#69900=AXIS2_PLACEMENT_3D('',#69870,#69880,#69890);
#69910=CIRCLE('',#69900,5.095);
#69920=EDGE_CURVE('',#69840,#69670,#69910,.T.);
#69930=ORIENTED_EDGE('',*,*,#69920,.F.);
#69940=EDGE_LOOP('',(#69930,#69860,#69780,#69690));
#69950=FACE_OUTER_BOUND('',#69940,.T.);
#69960=CARTESIAN_POINT('',(-5.01032933049316,6.39,0.925000000000001));
#69970=DIRECTION('',(0.,1.,0.));
#69980=VECTOR('',#69970,1.);
#69990=LINE('',#69960,#69980);
#70000=CARTESIAN_POINT('',(-5.01032933049316,4.85817206778371,
0.925000000000001));
#70010=VERTEX_POINT('',#70000);
#70020=CARTESIAN_POINT('',(-5.01032933049316,5.16641156457391,
0.925000000000001));
#70030=VERTEX_POINT('',#70020);
#70040=EDGE_CURVE('',#70010,#70030,#69990,.T.);
#70050=ORIENTED_EDGE('',*,*,#70040,.F.);
#70060=CARTESIAN_POINT('',(-4.96,5.08,5.42976580892665E-20));
#70070=DIRECTION('',(0.,0.,-1.));
#70080=DIRECTION('',(-1.,0.,0.));
#70090=AXIS2_PLACEMENT_3D('',#70060,#70070,#70080);
#70100=CYLINDRICAL_SURFACE('',#70090,0.1);
#70110=CARTESIAN_POINT('',(-5.01032933049297,5.16641156457459,
0.924999999999657));
#70120=CARTESIAN_POINT('',(-5.01561136668407,5.16333510893527,
0.896389469347787));
#70130=CARTESIAN_POINT('',(-5.02063973899131,5.1597658499922,
0.867778943927309));
#70140=CARTESIAN_POINT('',(-5.02540984478778,5.15564094264915,
0.839214449297401));
#70150=CARTESIAN_POINT('',(-5.03017833580458,5.15151743167273,
0.810659624340987));
#70160=CARTESIAN_POINT('',(-5.03469543861842,5.14684752567385,
0.782108194737236));
#70170=CARTESIAN_POINT('',(-5.03894783108856,5.14137784589689,
0.753677487753736));
#70180=CARTESIAN_POINT('',(-5.04319610882003,5.13591345874122,
0.725274291149478));
#70190=CARTESIAN_POINT('',(-5.04719206377244,5.12976218185275,
0.69690121761925));
#70200=CARTESIAN_POINT('',(-5.05089188056559,5.12169731462876,
0.668966524451377));
#70210=CARTESIAN_POINT('',(-5.05273672239947,5.11767592511914,
0.655037431889805));
#70220=CARTESIAN_POINT('',(-5.05452112659286,5.11319615964768,
0.641108734034817));
#70230=CARTESIAN_POINT('',(-5.05617079290195,5.10740763748683,
0.627823154244265));
#70240=CARTESIAN_POINT('',(-5.05704035816442,5.10435641569467,
0.620820114530164));
#70250=CARTESIAN_POINT('',(-5.05790509411597,5.10086228988437,
0.613726334377467));
#70260=CARTESIAN_POINT('',(-5.0586493161399,5.09638024496549,
0.607529502425418));
#70270=CARTESIAN_POINT('',(-5.05910493104739,5.0936363239105,
0.603735783715502));
#70280=CARTESIAN_POINT('',(-5.05956921782613,5.09020699369704,
0.599824149820632));
#70290=CARTESIAN_POINT('',(-5.05982300864655,5.0859470114139,
0.597675598607367));
#70300=CARTESIAN_POINT('',(-5.05993276119764,5.08410477014441,
0.596746451617635));
#70310=CARTESIAN_POINT('',(-5.06,5.0820847455433,0.596175309787302));
#70320=CARTESIAN_POINT('',(-5.06,5.08,0.596175309787302));
#70330=B_SPLINE_CURVE_WITH_KNOTS('',3,(#70110,#70120,#70130,#70140,
#70150,#70160,#70170,#70180,#70190,#70200,#70210,#70220,#70230,#70240,
#70250,#70260,#70270,#70280,#70290,#70300,#70310,#70320),.UNSPECIFIED.,
.F.,.F.,(4,3,3,3,3,3,3,4),(0.,0.0877702212688328,0.175547529433949,
0.263362054490525,0.307265746639145,0.330539259626716,0.345076249909848,
0.35126896107103),.UNSPECIFIED.);
#70340=SURFACE_CURVE('',#70330,(#69590,#70100),.CURVE_3D.);
#70350=CARTESIAN_POINT('',(-5.06,5.08,0.596175309787301));
#70360=VERTEX_POINT('',#70350);
#70370=EDGE_CURVE('',#70030,#70360,#70340,.T.);
#70380=ORIENTED_EDGE('',*,*,#70370,.F.);
#70390=CARTESIAN_POINT('',(-5.06,6.39,0.596175309787301));
#70400=DIRECTION('',(0.,1.,0.));
#70410=VECTOR('',#70400,1.);
#70420=LINE('',#70390,#70410);
#70430=CARTESIAN_POINT('',(-5.06,4.9,0.596175309787303));
#70440=VERTEX_POINT('',#70430);
#70450=EDGE_CURVE('',#70440,#70360,#70420,.T.);
#70460=ORIENTED_EDGE('',*,*,#70450,.T.);
#70470=CARTESIAN_POINT('',(8.88178419700125E-16,0.638947368421082,
-1.20370621524202E-35));
#70480=DIRECTION('',(0.644135745782777,0.764911198117053,0.));
#70490=DIRECTION('',(-0.764911198117053,0.644135745782777,0.));
#70500=AXIS2_PLACEMENT_3D('',#70470,#70480,#70490);
#70510=ELLIPSE('',#70500,6.66090392262805,5.095);
#70520=EDGE_CURVE('',#70440,#70010,#70510,.T.);
#70530=ORIENTED_EDGE('',*,*,#70520,.F.);
#70540=EDGE_LOOP('',(#70530,#70460,#70380,#70050));
#70550=FACE_BOUND('',#70540,.T.);
#70560=CARTESIAN_POINT('',(-5.06,5.08,-0.596175309787303));
#70570=CARTESIAN_POINT('',(-5.06,5.08208474554331,-0.596175309787303));
#70580=CARTESIAN_POINT('',(-5.05993276119764,5.0841047701444,
-0.596746451617638));
#70590=CARTESIAN_POINT('',(-5.05982300864655,5.0859470114139,
-0.597675598607375));
#70600=CARTESIAN_POINT('',(-5.05956921782662,5.09020699368889,
-0.599824149816528));
#70610=CARTESIAN_POINT('',(-5.0591049310486,5.09363632390324,
-0.603735783705453));
#70620=CARTESIAN_POINT('',(-5.0586493161399,5.09638024496549,
-0.607529502425417));
#70630=CARTESIAN_POINT('',(-5.05790509411177,5.10086228990964,
-0.613726334412401));
#70640=CARTESIAN_POINT('',(-5.05704035816202,5.1043564157031,
-0.620820114549521));
#70650=CARTESIAN_POINT('',(-5.05617079290195,5.10740763748683,
-0.627823154244266));
#70660=CARTESIAN_POINT('',(-5.05452112659238,5.11319615964937,
-0.641108734038705));
#70670=CARTESIAN_POINT('',(-5.05273672239979,5.11767592511846,
-0.655037431887443));
#70680=CARTESIAN_POINT('',(-5.05089188056559,5.12169731462876,
-0.668966524451377));
#70690=CARTESIAN_POINT('',(-5.04719206377244,5.12976218185275,
-0.696901217619251));
#70700=CARTESIAN_POINT('',(-5.04319610882003,5.13591345874123,
-0.725274291149479));
#70710=CARTESIAN_POINT('',(-5.03894783108856,5.14137784589689,
-0.753677487753736));
#70720=CARTESIAN_POINT('',(-5.03469543861842,5.14684752567385,
-0.782108194737235));
#70730=CARTESIAN_POINT('',(-5.03017833580458,5.15151743167273,
-0.810659624340988));
#70740=CARTESIAN_POINT('',(-5.02540984478778,5.15564094264915,
-0.839214449297401));
#70750=CARTESIAN_POINT('',(-5.02063973899131,5.1597658499922,
-0.867778943927308));
#70760=CARTESIAN_POINT('',(-5.01561136668407,5.16333510893527,
-0.896389469347788));
#70770=CARTESIAN_POINT('',(-5.01032933049297,5.16641156457459,
-0.924999999999657));
#70780=B_SPLINE_CURVE_WITH_KNOTS('',3,(#70560,#70570,#70580,#70590,
#70600,#70610,#70620,#70630,#70640,#70650,#70660,#70670,#70680,#70690,
#70700,#70710,#70720,#70730,#70740,#70750,#70760,#70770),.UNSPECIFIED.,
.F.,.F.,(4,3,3,3,3,3,3,4),(0.,0.006192711161184,0.0207297014443158,
0.0440032144318828,0.0879069065805045,0.175721431637081,
0.263498739802197,0.351268961071026),.UNSPECIFIED.);
#70790=SURFACE_CURVE('',#70780,(#69590,#70100),.CURVE_3D.);
#70800=CARTESIAN_POINT('',(-5.06,5.08,-0.596175309787303));
#70810=VERTEX_POINT('',#70800);
#70820=CARTESIAN_POINT('',(-5.01032933049316,5.16641156457391,
-0.925000000000003));
#70830=VERTEX_POINT('',#70820);
#70840=EDGE_CURVE('',#70810,#70830,#70790,.T.);
#70850=ORIENTED_EDGE('',*,*,#70840,.F.);
#70860=CARTESIAN_POINT('',(-5.01032933049316,6.39,-0.925000000000003));
#70870=DIRECTION('',(0.,1.,0.));
#70880=VECTOR('',#70870,1.);
#70890=LINE('',#70860,#70880);
#70900=CARTESIAN_POINT('',(-5.01032933049316,4.85817206778371,
-0.925000000000003));
#70910=VERTEX_POINT('',#70900);
#70920=EDGE_CURVE('',#70910,#70830,#70890,.T.);
#70930=ORIENTED_EDGE('',*,*,#70920,.T.);
#70940=CARTESIAN_POINT('',(-5.06,4.9,-0.596175309787303));
#70950=VERTEX_POINT('',#70940);
#70960=EDGE_CURVE('',#70910,#70950,#70510,.T.);
#70970=ORIENTED_EDGE('',*,*,#70960,.F.);
#70980=CARTESIAN_POINT('',(-5.06,6.39,-0.596175309787303));
#70990=DIRECTION('',(0.,1.,0.));
#71000=VECTOR('',#70990,1.);
#71010=LINE('',#70980,#71000);
#71020=EDGE_CURVE('',#70950,#70810,#71010,.T.);
#71030=ORIENTED_EDGE('',*,*,#71020,.F.);
#71040=EDGE_LOOP('',(#71030,#70970,#70930,#70850));
#71050=FACE_BOUND('',#71040,.T.);
#71060=ADVANCED_FACE('',(#69950,#70550,#71050),#69590,.T.);
#71070=CARTESIAN_POINT('',(0.,3.05,0.));
#71080=DIRECTION('',(0.,1.,0.));
#71090=DIRECTION('',(-0.982536736223174,0.,-0.186068702290076));
#71100=AXIS2_PLACEMENT_3D('',#71070,#71080,#71090);
#71110=CIRCLE('',#71100,5.24);
#71120=CARTESIAN_POINT('',(-5.14849249780943,3.05,-0.975));
#71130=VERTEX_POINT('',#71120);
#71140=CARTESIAN_POINT('',(-5.14849249780943,3.05,0.975000000000001));
#71150=VERTEX_POINT('',#71140);
#71160=EDGE_CURVE('',#71130,#71150,#71110,.T.);
#71170=ORIENTED_EDGE('',*,*,#71160,.T.);
#71180=CARTESIAN_POINT('',(-4.49548384492704,3.05,-0.975));
#71190=DIRECTION('',(-1.,0.,0.));
#71200=VECTOR('',#71190,1.);
#71210=LINE('',#71180,#71200);
#71220=EDGE_CURVE('',#69760,#71130,#71210,.T.);
#71230=ORIENTED_EDGE('',*,*,#71220,.T.);
#71240=ORIENTED_EDGE('',*,*,#69770,.F.);
#71250=CARTESIAN_POINT('',(-4.49548384492704,3.05,0.975));
#71260=DIRECTION('',(-1.,0.,0.));
#71270=VECTOR('',#71260,1.);
#71280=LINE('',#71250,#71270);
#71290=EDGE_CURVE('',#69650,#71150,#71280,.T.);
#71300=ORIENTED_EDGE('',*,*,#71290,.F.);
#71310=EDGE_LOOP('',(#71300,#71240,#71230,#71170));
#71320=FACE_OUTER_BOUND('',#71310,.T.);
#71330=ADVANCED_FACE('',(#71320),#60780,.T.);
#71340=CARTESIAN_POINT('',(-5.9,4.83,0.975));
#71350=DIRECTION('',(0.,-1.01803020890658E-16,1.));
#71360=DIRECTION('',(0.,-1.,-1.01803020890658E-16));
#71370=AXIS2_PLACEMENT_3D('',#71340,#71350,#71360);
#71380=PLANE('',#71370);
#71390=CARTESIAN_POINT('',(-4.525,5.18,0.975));
#71400=DIRECTION('',(-1.,0.,0.));
#71410=VECTOR('',#71400,1.);
#71420=LINE('',#71390,#71410);
#71430=CARTESIAN_POINT('',(-5.14849249780943,5.18,0.975000000000001));
#71440=VERTEX_POINT('',#71430);
#71450=EDGE_CURVE('',#69670,#71440,#71420,.T.);
#71460=ORIENTED_EDGE('',*,*,#71450,.F.);
#71470=CARTESIAN_POINT('',(-5.14849249780943,5.18,0.975000000000001));
#71480=DIRECTION('',(0.,-1.,0.));
#71490=VECTOR('',#71480,1.);
#71500=LINE('',#71470,#71490);
#71510=EDGE_CURVE('',#71440,#71150,#71500,.T.);
#71520=ORIENTED_EDGE('',*,*,#71510,.F.);
#71530=ORIENTED_EDGE('',*,*,#71290,.T.);
#71540=ORIENTED_EDGE('',*,*,#69680,.F.);
#71550=EDGE_LOOP('',(#71540,#71530,#71520,#71460));
#71560=FACE_OUTER_BOUND('',#71550,.T.);
#71570=ADVANCED_FACE('',(#71560),#71380,.F.);
#71580=CARTESIAN_POINT('',(0.,19.9068722891566,0.));
#71590=DIRECTION('',(0.,1.,0.));
#71600=DIRECTION('',(0.,0.,1.));
#71610=AXIS2_PLACEMENT_3D('',#71580,#71590,#71600);
#71620=CYLINDRICAL_SURFACE('',#71610,5.24);
#71630=CARTESIAN_POINT('',(0.,19.9068722891566,5.24));
#71640=DIRECTION('',(0.,1.,0.));
#71650=VECTOR('',#71640,1.);
#71660=LINE('',#71630,#71650);
#71670=CARTESIAN_POINT('',(0.,2.53142135623731,5.24));
#71680=VERTEX_POINT('',#71670);
#71690=CARTESIAN_POINT('',(0.,5.29,5.24));
#71700=VERTEX_POINT('',#71690);
#71710=EDGE_CURVE('',#71680,#71700,#71660,.T.);
#71720=ORIENTED_EDGE('',*,*,#71710,.T.);
#71730=CARTESIAN_POINT('',(0.,2.53142135623731,0.));
#71740=DIRECTION('',(0.,-1.,-0.));
#71750=DIRECTION('',(1.22464679914735E-16,0.,-1.));
#71760=AXIS2_PLACEMENT_3D('',#71730,#71740,#71750);
#71770=CIRCLE('',#71760,5.24);
#71780=CARTESIAN_POINT('',(0.,2.53142135623731,-5.24));
#71790=VERTEX_POINT('',#71780);
#71800=EDGE_CURVE('',#71680,#71790,#71770,.T.);
#71810=ORIENTED_EDGE('',*,*,#71800,.F.);
#71820=CARTESIAN_POINT('',(6.41714922753213E-16,19.9068722891566,-5.24))
;
#71830=DIRECTION('',(0.,1.,0.));
#71840=VECTOR('',#71830,1.);
#71850=LINE('',#71820,#71840);
#71860=CARTESIAN_POINT('',(6.41714922753213E-16,5.28999999999999,-5.24))
;
#71870=VERTEX_POINT('',#71860);
#71880=EDGE_CURVE('',#71790,#71870,#71850,.T.);
#71890=ORIENTED_EDGE('',*,*,#71880,.F.);
#71900=CARTESIAN_POINT('',(0.,5.28999999999999,0.));
#71910=DIRECTION('',(0.,1.,0.));
#71920=DIRECTION('',(-1.69499698416055E-16,0.,1.));
#71930=AXIS2_PLACEMENT_3D('',#71900,#71910,#71920);
#71940=CIRCLE('',#71930,5.24);
#71950=EDGE_CURVE('',#71870,#71700,#71940,.T.);
#71960=ORIENTED_EDGE('',*,*,#71950,.F.);
#71970=EDGE_LOOP('',(#71960,#71890,#71810,#71720));
#71980=FACE_OUTER_BOUND('',#71970,.T.);
#71990=ORIENTED_EDGE('',*,*,#71160,.F.);
#72000=ORIENTED_EDGE('',*,*,#71510,.T.);
#72010=CARTESIAN_POINT('',(0.,5.18,0.));
#72020=DIRECTION('',(-0.,-1.,0.));
#72030=DIRECTION('',(-0.982536736223174,0.,0.186068702290076));
#72040=AXIS2_PLACEMENT_3D('',#72010,#72020,#72030);
#72050=CIRCLE('',#72040,5.24);
#72060=CARTESIAN_POINT('',(-5.14849249780943,5.18,-0.975));
#72070=VERTEX_POINT('',#72060);
#72080=EDGE_CURVE('',#71440,#72070,#72050,.T.);
#72090=ORIENTED_EDGE('',*,*,#72080,.F.);
#72100=CARTESIAN_POINT('',(-5.14849249780943,3.05,-0.975000000000003));
#72110=DIRECTION('',(0.,1.,0.));
#72120=VECTOR('',#72110,1.);
#72130=LINE('',#72100,#72120);
#72140=EDGE_CURVE('',#71130,#72070,#72130,.T.);
#72150=ORIENTED_EDGE('',*,*,#72140,.T.);
#72160=EDGE_LOOP('',(#72150,#72090,#72000,#71990));
#72170=FACE_BOUND('',#72160,.T.);
#72180=ADVANCED_FACE('',(#71980,#72170),#71620,.T.);
#72190=CARTESIAN_POINT('',(-5.24,5.29,0.));
#72200=DIRECTION('',(0.,-1.,0.));
#72210=DIRECTION('',(0.,0.,-1.));
#72220=AXIS2_PLACEMENT_3D('',#72190,#72200,#72210);
#72230=PLANE('',#72220);
#72240=CARTESIAN_POINT('',(2.13949956224974E-16,5.29,
1.36939205608535E-16));
#72250=DIRECTION('',(0.,-1.,0.));
#72260=DIRECTION('',(-0.742191626210122,0.,-0.670187727419396));
#72270=AXIS2_PLACEMENT_3D('',#72240,#72250,#72260);
#72280=CIRCLE('',#72270,5.295);
#72290=CARTESIAN_POINT('',(-3.9299046607826,5.29,-3.5486440166857));
#72300=VERTEX_POINT('',#72290);
#72310=CARTESIAN_POINT('',(3.9299046607826,5.29,3.5486440166857));
#72320=VERTEX_POINT('',#72310);
#72330=EDGE_CURVE('',#72300,#72320,#72280,.T.);
#72340=ORIENTED_EDGE('',*,*,#72330,.T.);
#72350=CARTESIAN_POINT('',(-6.48450480148523E-16,5.28999999999999,5.295)
);
#72360=VERTEX_POINT('',#72350);
#72370=EDGE_CURVE('',#72360,#72300,#72280,.T.);
#72380=ORIENTED_EDGE('',*,*,#72370,.T.);
#72390=EDGE_CURVE('',#72320,#72360,#72280,.T.);
#72400=ORIENTED_EDGE('',*,*,#72390,.T.);
#72410=EDGE_LOOP('',(#72400,#72380,#72340));
#72420=FACE_OUTER_BOUND('',#72410,.T.);
#72430=EDGE_CURVE('',#71700,#71870,#71940,.T.);
#72440=ORIENTED_EDGE('',*,*,#72430,.T.);
#72450=ORIENTED_EDGE('',*,*,#71950,.T.);
#72460=EDGE_LOOP('',(#72450,#72440));
#72470=FACE_BOUND('',#72460,.T.);
#72480=ADVANCED_FACE('',(#72420,#72470),#72230,.T.);
#72490=CARTESIAN_POINT('',(2.13949956224974E-16,0.583981771313274,
1.36939205608535E-16));
#72500=DIRECTION('',(0.,-1.,0.));
#72510=DIRECTION('',(-0.742191626210122,0.,-0.670187727419396));
#72520=AXIS2_PLACEMENT_3D('',#72490,#72500,#72510);
#72530=CYLINDRICAL_SURFACE('',#72520,5.295);
#72540=ORIENTED_EDGE('',*,*,#72370,.F.);
#72550=CARTESIAN_POINT('',(-3.9299046607826,0.583981771313274,
-3.5486440166857));
#72560=DIRECTION('',(0.,-1.,0.));
#72570=VECTOR('',#72560,1.);
#72580=LINE('',#72550,#72570);
#72590=CARTESIAN_POINT('',(-3.9299046607826,2.25162158967274,
-3.5486440166857));
#72600=VERTEX_POINT('',#72590);
#72610=EDGE_CURVE('',#72300,#72600,#72580,.T.);
#72620=ORIENTED_EDGE('',*,*,#72610,.F.);
#72630=CARTESIAN_POINT('',(2.13949956224974E-16,2.25162158967274,
1.36939205608535E-16));
#72640=DIRECTION('',(0.,1.,0.));
#72650=DIRECTION('',(0.742191626210122,0.,0.670187727419396));
#72660=AXIS2_PLACEMENT_3D('',#72630,#72640,#72650);
#72670=CIRCLE('',#72660,5.295);
#72680=CARTESIAN_POINT('',(3.9299046607826,2.25162158967274,
3.5486440166857));
#72690=VERTEX_POINT('',#72680);
#72700=EDGE_CURVE('',#72600,#72690,#72670,.T.);
#72710=ORIENTED_EDGE('',*,*,#72700,.F.);
#72720=CARTESIAN_POINT('',(3.9299046607826,0.583981771313274,
3.5486440166857));
#72730=DIRECTION('',(0.,-1.,0.));
#72740=VECTOR('',#72730,1.);
#72750=LINE('',#72720,#72740);
#72760=EDGE_CURVE('',#72320,#72690,#72750,.T.);
#72770=ORIENTED_EDGE('',*,*,#72760,.T.);
#72780=ORIENTED_EDGE('',*,*,#72390,.F.);
#72790=EDGE_LOOP('',(#72780,#72770,#72710,#72620,#72540));
#72800=FACE_OUTER_BOUND('',#72790,.T.);
#72810=ADVANCED_FACE('',(#72800),#72530,.F.);
#72820=CARTESIAN_POINT('',(2.13949956224974E-16,2.25162158967274,
1.36939205608535E-16));
#72830=DIRECTION('',(0.,-1.,0.));
#72840=DIRECTION('',(-0.742191626210122,0.,-0.670187727419396));
#72850=AXIS2_PLACEMENT_3D('',#72820,#72830,#72840);
#72860=TOROIDAL_SURFACE('',#72850,5.195,0.1);
#72870=CARTESIAN_POINT('',(3.85568549816158,2.25162158967274,
3.48162524394376));
#72880=DIRECTION('',(-0.670187727419396,0.,0.742191626210122));
#72890=DIRECTION('',(0.742191626210122,0.,0.670187727419396));
#72900=AXIS2_PLACEMENT_3D('',#72870,#72880,#72890);
#72910=CIRCLE('',#72900,0.1);
#72920=CARTESIAN_POINT('',(3.86215412440593,2.15200211986357,
3.48746631486012));
#72930=VERTEX_POINT('',#72920);
#72940=EDGE_CURVE('',#72930,#72690,#72910,.T.);
#72950=ORIENTED_EDGE('',*,*,#72940,.T.);
#72960=CARTESIAN_POINT('',(2.13949956224974E-16,2.15200211986357,
1.36939205608535E-16));
#72970=DIRECTION('',(0.,-1.,0.));
#72980=DIRECTION('',(0.742191626210122,0.,0.670187727419396));
#72990=AXIS2_PLACEMENT_3D('',#72960,#72970,#72980);
#73000=CIRCLE('',#72990,5.20371557427477);
#73010=CARTESIAN_POINT('',(-3.86215412440593,2.15200211986357,
-3.48746631486012));
#73020=VERTEX_POINT('',#73010);
#73030=EDGE_CURVE('',#73020,#72930,#73000,.T.);
#73040=ORIENTED_EDGE('',*,*,#73030,.T.);
#73050=CARTESIAN_POINT('',(-3.85568549816158,2.25162158967274,
-3.48162524394376));
#73060=DIRECTION('',(0.670187727419396,0.,-0.742191626210122));
#73070=DIRECTION('',(-0.742191626210122,0.,-0.670187727419396));
#73080=AXIS2_PLACEMENT_3D('',#73050,#73060,#73070);
#73090=CIRCLE('',#73080,0.1);
#73100=EDGE_CURVE('',#73020,#72600,#73090,.T.);
#73110=ORIENTED_EDGE('',*,*,#73100,.F.);
#73120=EDGE_CURVE('',#72690,#72600,#72670,.T.);
#73130=ORIENTED_EDGE('',*,*,#73120,.T.);
#73140=EDGE_LOOP('',(#73130,#73110,#73040,#72950));
#73150=FACE_OUTER_BOUND('',#73140,.T.);
#73160=ADVANCED_FACE('',(#73150),#72860,.F.);
#73170=CARTESIAN_POINT('',(2.13949956224974E-16,2.69673599890126,
1.36939205608535E-16));
#73180=DIRECTION('',(0.,1.,0.));
#73190=DIRECTION('',(0.742191626210122,0.,0.670187727419396));
#73200=AXIS2_PLACEMENT_3D('',#73170,#73180,#73190);
#73210=CONICAL_SURFACE('',#73200,11.4300523027619,1.48352986419518);
#73220=CARTESIAN_POINT('',(8.48328910625363,2.69673599890126,
7.66028077707285));
#73230=DIRECTION('',(0.739367362998615,0.0871557427476537,
0.667637460781358));
#73240=VECTOR('',#73230,11.4737132456704);
#73250=LINE('',#73220,#73240);
#73260=CARTESIAN_POINT('',(3.8451695627779,2.15,3.47212951455583));
#73270=VERTEX_POINT('',#73260);
#73280=EDGE_CURVE('',#73270,#72930,#73250,.T.);
#73290=ORIENTED_EDGE('',*,*,#73280,.F.);
#73300=EDGE_CURVE('',#72930,#73020,#73000,.T.);
#73310=ORIENTED_EDGE('',*,*,#73300,.F.);
#73320=CARTESIAN_POINT('',(-8.48328910625363,2.69673599890126,
-7.66028077707285));
#73330=DIRECTION('',(-0.739367362998614,0.0871557427476537,
-0.667637460781359));
#73340=VECTOR('',#73330,11.4737132456704);
#73350=LINE('',#73320,#73340);
#73360=CARTESIAN_POINT('',(-3.8451695627779,2.15,-3.47212951455583));
#73370=VERTEX_POINT('',#73360);
#73380=EDGE_CURVE('',#73370,#73020,#73350,.T.);
#73390=ORIENTED_EDGE('',*,*,#73380,.T.);
#73400=CARTESIAN_POINT('',(2.13949956224974E-16,2.15,
1.36939205608535E-16));
#73410=DIRECTION('',(0.,1.,0.));
#73420=DIRECTION('',(0.742191626210122,0.,0.670187727419396));
#73430=AXIS2_PLACEMENT_3D('',#73400,#73410,#73420);
#73440=CIRCLE('',#73430,5.18083123951777);
#73450=EDGE_CURVE('',#73370,#73270,#73440,.T.);
#73460=ORIENTED_EDGE('',*,*,#73450,.F.);
#73470=EDGE_LOOP('',(#73460,#73390,#73310,#73290));
#73480=FACE_OUTER_BOUND('',#73470,.T.);
#73490=ADVANCED_FACE('',(#73480),#73210,.F.);
#73500=CARTESIAN_POINT('',(1.06974978112487E-16,2.19063764376941,
6.84696028042673E-17));
#73510=DIRECTION('',(0.,-1.,0.));
#73520=DIRECTION('',(-0.742191626210122,0.,-0.670187727419396));
#73530=AXIS2_PLACEMENT_3D('',#73500,#73510,#73520);
#73540=CIRCLE('',#73530,4.94063764376941);
#73550=CARTESIAN_POINT('',(3.66689988734417,2.19063764376941,
3.31115471448054));
#73560=VERTEX_POINT('',#73550);
#73570=CARTESIAN_POINT('',(0.,2.19063764376941,4.94063764376941));
#73580=VERTEX_POINT('',#73570);
#73590=EDGE_CURVE('',#73560,#73580,#73540,.T.);
#73600=ORIENTED_EDGE('',*,*,#73590,.T.);
#73610=CARTESIAN_POINT('',(3.72209100544376,1.9,3.36099145300827));
#73620=DIRECTION('',(-0.670187727419396,0.,0.742191626210122));
#73630=DIRECTION('',(0.742191626210122,0.,0.670187727419396));
#73640=AXIS2_PLACEMENT_3D('',#73610,#73620,#73630);
#73650=CIRCLE('',#73640,0.3);
#73660=EDGE_CURVE('',#73270,#73560,#73650,.T.);
#73670=ORIENTED_EDGE('',*,*,#73660,.T.);
#73680=ORIENTED_EDGE('',*,*,#73450,.T.);
#73690=CARTESIAN_POINT('',(-3.72209100544376,1.9,-3.36099145300827));
#73700=DIRECTION('',(0.670187727419396,0.,-0.742191626210122));
#73710=DIRECTION('',(-0.742191626210122,0.,-0.670187727419396));
#73720=AXIS2_PLACEMENT_3D('',#73690,#73700,#73710);
#73730=CIRCLE('',#73720,0.3);
#73740=CARTESIAN_POINT('',(-3.66689988734417,2.19063764376941,
-3.31115471448054));
#73750=VERTEX_POINT('',#73740);
#73760=EDGE_CURVE('',#73370,#73750,#73730,.T.);
#73770=ORIENTED_EDGE('',*,*,#73760,.F.);
#73780=EDGE_CURVE('',#73580,#73750,#73540,.T.);
#73790=ORIENTED_EDGE('',*,*,#73780,.T.);
#73800=EDGE_LOOP('',(#73790,#73770,#73680,#73670,#73600));
#73810=FACE_OUTER_BOUND('',#73800,.T.);
#73820=ADVANCED_FACE('',(#73810),#68270,.T.);
#73830=CARTESIAN_POINT('',(0.,-1.74999999999999,0.));
#73840=DIRECTION('',(0.,1.,0.));
#73850=DIRECTION('',(0.,0.,1.));
#73860=AXIS2_PLACEMENT_3D('',#73830,#73840,#73850);
#73870=CONICAL_SURFACE('',#73860,1.,0.78539816339745);
#73880=CARTESIAN_POINT('',(6.05053607618913E-16,2.19063764376941,
-4.94063764376941));
#73890=VERTEX_POINT('',#73880);
#73900=EDGE_CURVE('',#73750,#73890,#73540,.T.);
#73910=ORIENTED_EDGE('',*,*,#73900,.F.);
#73920=CARTESIAN_POINT('',(1.22464679914736E-16,-1.74999999999999,-1.));
#73930=DIRECTION('',(8.65956056235495E-17,0.707106781186546,
-0.707106781186549));
#73940=VECTOR('',#73930,1.4142135623731);
#73950=LINE('',#73920,#73940);
#73960=CARTESIAN_POINT('',(0.,2.46071067811865,-5.21071067811865));
#73970=VERTEX_POINT('',#73960);
#73980=EDGE_CURVE('',#73890,#73970,#73950,.T.);
#73990=ORIENTED_EDGE('',*,*,#73980,.F.);
#74000=CARTESIAN_POINT('',(0.,2.46071067811865,0.));
#74010=DIRECTION('',(0.,1.,0.));
#74020=DIRECTION('',(0.,0.,1.));
#74030=AXIS2_PLACEMENT_3D('',#74000,#74010,#74020);
#74040=CIRCLE('',#74030,5.21071067811865);
#74050=CARTESIAN_POINT('',(0.,2.46071067811865,5.21071067811865));
#74060=VERTEX_POINT('',#74050);
#74070=EDGE_CURVE('',#73970,#74060,#74040,.T.);
#74080=ORIENTED_EDGE('',*,*,#74070,.F.);
#74090=CARTESIAN_POINT('',(0.,-1.74999999999999,1.));
#74100=DIRECTION('',(0.,0.707106781186546,0.707106781186549));
#74110=VECTOR('',#74100,1.4142135623731);
#74120=LINE('',#74090,#74110);
#74130=EDGE_CURVE('',#73580,#74060,#74120,.T.);
#74140=ORIENTED_EDGE('',*,*,#74130,.T.);
#74150=ORIENTED_EDGE('',*,*,#73780,.F.);
#74160=EDGE_LOOP('',(#74150,#74140,#74080,#73990,#73910));
#74170=FACE_OUTER_BOUND('',#74160,.T.);
#74180=ADVANCED_FACE('',(#74170),#73870,.T.);
#74190=CARTESIAN_POINT('',(0.,2.53142135623731,0.));
#74200=DIRECTION('',(0.,1.,0.));
#74210=DIRECTION('',(0.,0.,1.));
#74220=AXIS2_PLACEMENT_3D('',#74190,#74200,#74210);
#74230=TOROIDAL_SURFACE('',#74220,5.14,0.1);
#74240=CARTESIAN_POINT('',(0.,2.53142135623731,5.14));
#74250=DIRECTION('',(1.,0.,0.));
#74260=DIRECTION('',(0.,0.,1.));
#74270=AXIS2_PLACEMENT_3D('',#74240,#74250,#74260);
#74280=CIRCLE('',#74270,0.1);
#74290=EDGE_CURVE('',#71680,#74060,#74280,.T.);
#74300=ORIENTED_EDGE('',*,*,#74290,.F.);
#74310=ORIENTED_EDGE('',*,*,#74070,.T.);
#74320=CARTESIAN_POINT('',(0.,2.53142135623731,-5.14));
#74330=DIRECTION('',(-1.,0.,0.));
#74340=DIRECTION('',(0.,0.,-1.));
#74350=AXIS2_PLACEMENT_3D('',#74320,#74330,#74340);
#74360=CIRCLE('',#74350,0.1);
#74370=EDGE_CURVE('',#71790,#73970,#74360,.T.);
#74380=ORIENTED_EDGE('',*,*,#74370,.T.);
#74390=ORIENTED_EDGE('',*,*,#71800,.T.);
#74400=EDGE_LOOP('',(#74390,#74380,#74310,#74300));
#74410=FACE_OUTER_BOUND('',#74400,.T.);
#74420=ADVANCED_FACE('',(#74410),#74230,.T.);
#74430=CARTESIAN_POINT('',(5.14849249780943,3.05,-0.975));
#74440=DIRECTION('',(-1.,0.,0.));
#74450=VECTOR('',#74440,1.);
#74460=LINE('',#74430,#74450);
#74470=CARTESIAN_POINT('',(5.14849249780943,3.05,-0.975));
#74480=VERTEX_POINT('',#74470);
#74490=CARTESIAN_POINT('',(5.00083992945185,3.05,-0.975));
#74500=VERTEX_POINT('',#74490);
#74510=EDGE_CURVE('',#74480,#74500,#74460,.T.);
#74520=ORIENTED_EDGE('',*,*,#74510,.T.);
#74530=CARTESIAN_POINT('',(0.,3.05,0.));
#74540=DIRECTION('',(-0.,1.,0.));
#74550=DIRECTION('',(0.982536736223174,0.,0.186068702290076));
#74560=AXIS2_PLACEMENT_3D('',#74530,#74540,#74550);
#74570=CIRCLE('',#74560,5.24);
#74580=CARTESIAN_POINT('',(5.14849249780943,3.05,0.975));
#74590=VERTEX_POINT('',#74580);
#74600=EDGE_CURVE('',#74590,#74480,#74570,.T.);
#74610=ORIENTED_EDGE('',*,*,#74600,.T.);
#74620=CARTESIAN_POINT('',(5.14849249780943,3.05,0.975));
#74630=DIRECTION('',(-1.,0.,0.));
#74640=VECTOR('',#74630,1.);
#74650=LINE('',#74620,#74640);
#74660=CARTESIAN_POINT('',(5.00083992945185,3.05,0.975));
#74670=VERTEX_POINT('',#74660);
#74680=EDGE_CURVE('',#74590,#74670,#74650,.T.);
#74690=ORIENTED_EDGE('',*,*,#74680,.F.);
#74700=EDGE_CURVE('',#74670,#74500,#69740,.T.);
#74710=ORIENTED_EDGE('',*,*,#74700,.F.);
#74720=EDGE_LOOP('',(#74710,#74690,#74610,#74520));
#74730=FACE_OUTER_BOUND('',#74720,.T.);
#74740=ADVANCED_FACE('',(#74730),#60780,.T.);
#74750=ORIENTED_EDGE('',*,*,#74700,.T.);
#74760=CARTESIAN_POINT('',(5.00083992945185,6.39,0.975000000000001));
#74770=DIRECTION('',(0.,1.,0.));
#74780=VECTOR('',#74770,1.);
#74790=LINE('',#74760,#74780);
#74800=CARTESIAN_POINT('',(5.00083992945185,5.18,0.975000000000001));
#74810=VERTEX_POINT('',#74800);
#74820=EDGE_CURVE('',#74670,#74810,#74790,.T.);
#74830=ORIENTED_EDGE('',*,*,#74820,.F.);
#74840=CARTESIAN_POINT('',(0.,5.18,0.));
#74850=DIRECTION('',(0.,1.,0.));
#74860=DIRECTION('',(0.,0.,1.));
#74870=AXIS2_PLACEMENT_3D('',#74840,#74850,#74860);
#74880=CIRCLE('',#74870,5.095);
#74890=CARTESIAN_POINT('',(5.00083992945185,5.18,-0.975));
#74900=VERTEX_POINT('',#74890);
#74910=EDGE_CURVE('',#74810,#74900,#74880,.T.);
#74920=ORIENTED_EDGE('',*,*,#74910,.F.);
#74930=CARTESIAN_POINT('',(5.00083992945185,6.39,-0.975));
#74940=DIRECTION('',(0.,1.,0.));
#74950=VECTOR('',#74940,1.);
#74960=LINE('',#74930,#74950);
#74970=EDGE_CURVE('',#74500,#74900,#74960,.T.);
#74980=ORIENTED_EDGE('',*,*,#74970,.T.);
#74990=EDGE_LOOP('',(#74980,#74920,#74830,#74750));
#75000=FACE_OUTER_BOUND('',#74990,.T.);
#75010=CARTESIAN_POINT('',(4.96,5.08,0.925));
#75020=DIRECTION('',(0.,0.,1.));
#75030=DIRECTION('',(1.,0.,0.));
#75040=AXIS2_PLACEMENT_3D('',#75010,#75020,#75030);
#75050=CYLINDRICAL_SURFACE('',#75040,0.1);
#75060=CARTESIAN_POINT('',(5.01032933049297,5.16641156457459,
-0.924999999999657));
#75070=CARTESIAN_POINT('',(5.01561136668407,5.16333510893527,
-0.89638946934779));
#75080=CARTESIAN_POINT('',(5.02063973899131,5.1597658499922,
-0.867778943927308));
#75090=CARTESIAN_POINT('',(5.02540984478778,5.15564094264915,
-0.839214449297401));
#75100=CARTESIAN_POINT('',(5.03017833580458,5.15151743167273,
-0.810659624340985));
#75110=CARTESIAN_POINT('',(5.03469543861842,5.14684752567385,
-0.782108194737238));
#75120=CARTESIAN_POINT('',(5.03894783108856,5.14137784589689,
-0.753677487753735));
#75130=CARTESIAN_POINT('',(5.04319610881938,5.13591345874206,
-0.725274291153835));
#75140=CARTESIAN_POINT('',(5.04719206377342,5.1297621818506,
-0.696901217611803));
#75150=CARTESIAN_POINT('',(5.05089188056559,5.12169731462876,
-0.668966524451377));
#75160=CARTESIAN_POINT('',(5.05273672239979,5.11767592511846,
-0.655037431887447));
#75170=CARTESIAN_POINT('',(5.05452112659238,5.11319615964937,
-0.641108734038699));
#75180=CARTESIAN_POINT('',(5.05617079290195,5.10740763748683,
-0.627823154244266));
#75190=CARTESIAN_POINT('',(5.05704035815224,5.10435641573741,
-0.620820114628256));
#75200=CARTESIAN_POINT('',(5.05790509412169,5.1008622898499,
-0.61372633432982));
#75210=CARTESIAN_POINT('',(5.0586493161399,5.09638024496549,
-0.607529502425423));
#75220=CARTESIAN_POINT('',(5.05910493104739,5.0936363239105,
-0.603735783715497));
#75230=CARTESIAN_POINT('',(5.05956921782613,5.09020699369704,
-0.599824149820642));
#75240=CARTESIAN_POINT('',(5.05982300864655,5.0859470114139,
-0.597675598607374));
#75250=CARTESIAN_POINT('',(5.05993276119667,5.08410477016078,
-0.596746451625898));
#75260=CARTESIAN_POINT('',(5.06,5.08208474551433,-0.596175309787303));
#75270=CARTESIAN_POINT('',(5.06,5.08,-0.596175309787303));
#75280=B_SPLINE_CURVE_WITH_KNOTS('',3,(#75060,#75070,#75080,#75090,
#75100,#75110,#75120,#75130,#75140,#75150,#75160,#75170,#75180,#75190,
#75200,#75210,#75220,#75230,#75240,#75250,#75260,#75270),.UNSPECIFIED.,
.F.,.F.,(4,3,3,3,3,3,3,4),(0.,0.0877702212688395,0.175547529433956,
0.263362054490532,0.307265746639152,0.330539259626716,0.345076249909851,
0.351268961071034),.UNSPECIFIED.);
#75290=SURFACE_CURVE('',#75280,(#69590,#75050),.CURVE_3D.);
#75300=CARTESIAN_POINT('',(5.01032933049316,5.16641156457391,
-0.924999999999999));
#75310=VERTEX_POINT('',#75300);
#75320=CARTESIAN_POINT('',(5.06,5.08,-0.596175309787303));
#75330=VERTEX_POINT('',#75320);
#75340=EDGE_CURVE('',#75310,#75330,#75290,.T.);
#75350=ORIENTED_EDGE('',*,*,#75340,.F.);
#75360=CARTESIAN_POINT('',(5.06,6.39,-0.596175309787302));
#75370=DIRECTION('',(0.,1.,0.));
#75380=VECTOR('',#75370,1.);
#75390=LINE('',#75360,#75380);
#75400=CARTESIAN_POINT('',(5.06,4.9,-0.596175309787302));
#75410=VERTEX_POINT('',#75400);
#75420=EDGE_CURVE('',#75410,#75330,#75390,.T.);
#75430=ORIENTED_EDGE('',*,*,#75420,.T.);
#75440=CARTESIAN_POINT('',(0.,0.63894736842108,0.));
#75450=DIRECTION('',(0.644135745782777,-0.764911198117053,0.));
#75460=DIRECTION('',(-0.764911198117053,-0.644135745782777,0.));
#75470=AXIS2_PLACEMENT_3D('',#75440,#75450,#75460);
#75480=ELLIPSE('',#75470,6.66090392262805,5.095);
#75490=CARTESIAN_POINT('',(5.01032933049316,4.85817206778371,
-0.924999999999999));
#75500=VERTEX_POINT('',#75490);
#75510=EDGE_CURVE('',#75500,#75410,#75480,.T.);
#75520=ORIENTED_EDGE('',*,*,#75510,.T.);
#75530=CARTESIAN_POINT('',(5.01032933049316,6.39,-0.924999999999999));
#75540=DIRECTION('',(0.,1.,0.));
#75550=VECTOR('',#75540,1.);
#75560=LINE('',#75530,#75550);
#75570=EDGE_CURVE('',#75500,#75310,#75560,.T.);
#75580=ORIENTED_EDGE('',*,*,#75570,.F.);
#75590=EDGE_LOOP('',(#75580,#75520,#75430,#75350));
#75600=FACE_BOUND('',#75590,.T.);
#75610=CARTESIAN_POINT('',(5.06,5.08,0.596175309787302));
#75620=CARTESIAN_POINT('',(5.06,5.08208474553326,0.596175309787302));
#75630=CARTESIAN_POINT('',(5.05993276119703,5.08410477015473,
0.596746451622851));
#75640=CARTESIAN_POINT('',(5.05982300864655,5.0859470114139,
0.597675598607374));
#75650=CARTESIAN_POINT('',(5.05956921782662,5.09020699368888,
0.599824149816524));
#75660=CARTESIAN_POINT('',(5.0591049310486,5.09363632390324,
0.603735783705459));
#75670=CARTESIAN_POINT('',(5.0586493161399,5.09638024496549,
0.607529502425421));
#75680=CARTESIAN_POINT('',(5.05790509412169,5.10086228984991,
0.613726334329822));
#75690=CARTESIAN_POINT('',(5.05704035815224,5.10435641573741,
0.620820114628255));
#75700=CARTESIAN_POINT('',(5.05617079290195,5.10740763748683,
0.627823154244265));
#75710=CARTESIAN_POINT('',(5.05452112659238,5.11319615964937,
0.641108734038697));
#75720=CARTESIAN_POINT('',(5.05273672239979,5.11767592511846,
0.655037431887445));
#75730=CARTESIAN_POINT('',(5.05089188056559,5.12169731462876,
0.668966524451376));
#75740=CARTESIAN_POINT('',(5.04719206377272,5.12976218185214,
0.69690121761711));
#75750=CARTESIAN_POINT('',(5.04319610881985,5.13591345874147,
0.725274291150737));
#75760=CARTESIAN_POINT('',(5.03894783108856,5.14137784589689,
0.753677487753736));
#75770=CARTESIAN_POINT('',(5.03469543861842,5.14684752567385,
0.782108194737236));
#75780=CARTESIAN_POINT('',(5.03017833580458,5.15151743167273,
0.810659624340986));
#75790=CARTESIAN_POINT('',(5.02540984478778,5.15564094264915,
0.839214449297401));
#75800=CARTESIAN_POINT('',(5.02063973899131,5.1597658499922,
0.867778943927308));
#75810=CARTESIAN_POINT('',(5.01561136668407,5.16333510893527,
0.896389469347788));
#75820=CARTESIAN_POINT('',(5.01032933049297,5.16641156457459,
0.924999999999657));
#75830=B_SPLINE_CURVE_WITH_KNOTS('',3,(#75610,#75620,#75630,#75640,
#75650,#75660,#75670,#75680,#75690,#75700,#75710,#75720,#75730,#75740,
#75750,#75760,#75770,#75780,#75790,#75800,#75810,#75820),.UNSPECIFIED.,
.F.,.F.,(4,3,3,3,3,3,3,4),(0.,0.00619271116118403,0.0207297014443175,
0.0440032144318819,0.0879069065805026,0.175721431637079,
0.263498739802192,0.35126896107102),.UNSPECIFIED.);
#75840=SURFACE_CURVE('',#75830,(#69590,#75050),.CURVE_3D.);
#75850=CARTESIAN_POINT('',(5.06,5.08,0.596175309787302));
#75860=VERTEX_POINT('',#75850);
#75870=CARTESIAN_POINT('',(5.01032933049297,5.16641156457459,
0.924999999999657));
#75880=VERTEX_POINT('',#75870);
#75890=EDGE_CURVE('',#75860,#75880,#75840,.T.);
#75900=ORIENTED_EDGE('',*,*,#75890,.F.);
#75910=CARTESIAN_POINT('',(5.01032933049316,6.39,0.925));
#75920=DIRECTION('',(0.,1.,0.));
#75930=VECTOR('',#75920,1.);
#75940=LINE('',#75910,#75930);
#75950=CARTESIAN_POINT('',(5.01032933049316,4.85817206778371,
0.925000000000001));
#75960=VERTEX_POINT('',#75950);
#75970=EDGE_CURVE('',#75960,#75880,#75940,.T.);
#75980=ORIENTED_EDGE('',*,*,#75970,.T.);
#75990=CARTESIAN_POINT('',(5.06,4.9,0.596175309787302));
#76000=VERTEX_POINT('',#75990);
#76010=EDGE_CURVE('',#76000,#75960,#75480,.T.);
#76020=ORIENTED_EDGE('',*,*,#76010,.T.);
#76030=CARTESIAN_POINT('',(5.06,6.39,0.596175309787302));
#76040=DIRECTION('',(0.,1.,0.));
#76050=VECTOR('',#76040,1.);
#76060=LINE('',#76030,#76050);
#76070=EDGE_CURVE('',#76000,#75860,#76060,.T.);
#76080=ORIENTED_EDGE('',*,*,#76070,.F.);
#76090=EDGE_LOOP('',(#76080,#76020,#75980,#75900));
#76100=FACE_BOUND('',#76090,.T.);
#76110=ADVANCED_FACE('',(#75000,#75600,#76100),#69590,.T.);
#76120=CARTESIAN_POINT('',(-5.9,5.18,1.045));
#76130=DIRECTION('',(0.,1.,0.));
#76140=DIRECTION('',(0.,0.,1.));
#76150=AXIS2_PLACEMENT_3D('',#76120,#76130,#76140);
#76160=PLANE('',#76150);
#76170=CARTESIAN_POINT('',(5.14849249780943,5.18,0.975));
#76180=DIRECTION('',(-1.,0.,0.));
#76190=VECTOR('',#76180,1.);
#76200=LINE('',#76170,#76190);
#76210=CARTESIAN_POINT('',(5.14849249780943,5.18,0.975));
#76220=VERTEX_POINT('',#76210);
#76230=EDGE_CURVE('',#76220,#74810,#76200,.T.);
#76240=ORIENTED_EDGE('',*,*,#76230,.T.);
#76250=CARTESIAN_POINT('',(0.,5.18,0.));
#76260=DIRECTION('',(0.,-1.,-0.));
#76270=DIRECTION('',(0.982536736223174,0.,-0.186068702290076));
#76280=AXIS2_PLACEMENT_3D('',#76250,#76260,#76270);
#76290=CIRCLE('',#76280,5.24);
#76300=CARTESIAN_POINT('',(5.14849249780943,5.18,-0.975));
#76310=VERTEX_POINT('',#76300);
#76320=EDGE_CURVE('',#76310,#76220,#76290,.T.);
#76330=ORIENTED_EDGE('',*,*,#76320,.T.);
#76340=CARTESIAN_POINT('',(5.14849249780943,5.18,-0.975));
#76350=DIRECTION('',(-1.,0.,0.));
#76360=VECTOR('',#76350,1.);
#76370=LINE('',#76340,#76360);
#76380=EDGE_CURVE('',#76310,#74900,#76370,.T.);
#76390=ORIENTED_EDGE('',*,*,#76380,.F.);
#76400=ORIENTED_EDGE('',*,*,#74910,.T.);
#76410=EDGE_LOOP('',(#76400,#76390,#76330,#76240));
#76420=FACE_OUTER_BOUND('',#76410,.T.);
#76430=ADVANCED_FACE('',(#76420),#76160,.F.);
#76440=CARTESIAN_POINT('',(-5.9,4.83,-0.975));
#76450=DIRECTION('',(0.,0.,-1.));
#76460=DIRECTION('',(-1.,0.,0.));
#76470=AXIS2_PLACEMENT_3D('',#76440,#76450,#76460);
#76480=PLANE('',#76470);
#76490=ORIENTED_EDGE('',*,*,#76380,.T.);
#76500=CARTESIAN_POINT('',(5.14849249780943,5.18,-0.975));
#76510=DIRECTION('',(0.,-1.,0.));
#76520=VECTOR('',#76510,1.);
#76530=LINE('',#76500,#76520);
#76540=EDGE_CURVE('',#76310,#74480,#76530,.T.);
#76550=ORIENTED_EDGE('',*,*,#76540,.F.);
#76560=ORIENTED_EDGE('',*,*,#74510,.F.);
#76570=ORIENTED_EDGE('',*,*,#74970,.F.);
#76580=EDGE_LOOP('',(#76570,#76560,#76550,#76490));
#76590=FACE_OUTER_BOUND('',#76580,.T.);
#76600=ADVANCED_FACE('',(#76590),#76480,.F.);
#76610=CARTESIAN_POINT('',(4.95,7.39,-0.925));
#76620=DIRECTION('',(4.79561875989165E-16,0.,1.));
#76630=DIRECTION('',(1.,0.,-4.79561875989165E-16));
#76640=AXIS2_PLACEMENT_3D('',#76610,#76620,#76630);
#76650=PLANE('',#76640);
#76660=CARTESIAN_POINT('',(5.06,4.9,-0.925));
#76670=DIRECTION('',(-0.764911198117053,-0.644135745782777,
2.23479479985042E-16));
#76680=VECTOR('',#76670,1.);
#76690=LINE('',#76660,#76680);
#76700=CARTESIAN_POINT('',(5.06,4.9,-0.925));
#76710=VERTEX_POINT('',#76700);
#76720=EDGE_CURVE('',#76710,#75500,#76690,.T.);
#76730=ORIENTED_EDGE('',*,*,#76720,.T.);
#76740=CARTESIAN_POINT('',(5.06,4.9,-0.925));
#76750=DIRECTION('',(0.,1.,0.));
#76760=VECTOR('',#76750,1.);
#76770=LINE('',#76740,#76760);
#76780=CARTESIAN_POINT('',(5.06,5.08,-0.925));
#76790=VERTEX_POINT('',#76780);
#76800=EDGE_CURVE('',#76710,#76790,#76770,.T.);
#76810=ORIENTED_EDGE('',*,*,#76800,.F.);
#76820=CARTESIAN_POINT('',(4.96,5.08,-0.925));
#76830=DIRECTION('',(-0.,0.,-1.));
#76840=DIRECTION('',(-2.66453525910037E-14,1.,0.));
#76850=AXIS2_PLACEMENT_3D('',#76820,#76830,#76840);
#76860=CIRCLE('',#76850,0.1);
#76870=EDGE_CURVE('',#75310,#76790,#76860,.T.);
#76880=ORIENTED_EDGE('',*,*,#76870,.T.);
#76890=ORIENTED_EDGE('',*,*,#75570,.T.);
#76900=EDGE_LOOP('',(#76890,#76880,#76810,#76730));
#76910=FACE_OUTER_BOUND('',#76900,.T.);
#76920=ADVANCED_FACE('',(#76910),#76650,.F.);
#76930=CARTESIAN_POINT('',(5.06,4.9,0.925));
#76940=DIRECTION('',(0.644135745782777,-0.764911198117053,0.));
#76950=DIRECTION('',(0.,0.,1.));
#76960=AXIS2_PLACEMENT_3D('',#76930,#76940,#76950);
#76970=PLANE('',#76960);
#76980=CARTESIAN_POINT('',(5.06,4.9,-0.925));
#76990=DIRECTION('',(0.,0.,1.));
#77000=VECTOR('',#76990,1.);
#77010=LINE('',#76980,#77000);
#77020=EDGE_CURVE('',#76710,#75410,#77010,.T.);
#77030=ORIENTED_EDGE('',*,*,#77020,.T.);
#77040=ORIENTED_EDGE('',*,*,#76720,.F.);
#77050=ORIENTED_EDGE('',*,*,#75510,.F.);
#77060=EDGE_LOOP('',(#77050,#77040,#77030));
#77070=FACE_OUTER_BOUND('',#77060,.T.);
#77080=ADVANCED_FACE('',(#77070),#76970,.T.);
#77090=CARTESIAN_POINT('',(5.06,7.39,0.925));
#77100=DIRECTION('',(-1.,0.,0.));
#77110=DIRECTION('',(0.,0.,1.));
#77120=AXIS2_PLACEMENT_3D('',#77090,#77100,#77110);
#77130=PLANE('',#77120);
#77140=ORIENTED_EDGE('',*,*,#77020,.F.);
#77150=ORIENTED_EDGE('',*,*,#75420,.F.);
#77160=CARTESIAN_POINT('',(5.06,5.08,0.925));
#77170=DIRECTION('',(0.,0.,-1.));
#77180=VECTOR('',#77170,1.);
#77190=LINE('',#77160,#77180);
#77200=EDGE_CURVE('',#75330,#76790,#77190,.T.);
#77210=ORIENTED_EDGE('',*,*,#77200,.F.);
#77220=ORIENTED_EDGE('',*,*,#76800,.T.);
#77230=EDGE_LOOP('',(#77220,#77210,#77150,#77140));
#77240=FACE_OUTER_BOUND('',#77230,.T.);
#77250=ADVANCED_FACE('',(#77240),#77130,.F.);
#77260=ORIENTED_EDGE('',*,*,#77200,.T.);
#77270=ORIENTED_EDGE('',*,*,#75340,.T.);
#77280=ORIENTED_EDGE('',*,*,#76870,.F.);
#77290=EDGE_LOOP('',(#77280,#77270,#77260));
#77300=FACE_OUTER_BOUND('',#77290,.T.);
#77310=ADVANCED_FACE('',(#77300),#75050,.T.);
#77320=CARTESIAN_POINT('',(5.06,4.9,0.925));
#77330=VERTEX_POINT('',#77320);
#77340=EDGE_CURVE('',#76000,#77330,#77010,.T.);
#77350=ORIENTED_EDGE('',*,*,#77340,.T.);
#77360=ORIENTED_EDGE('',*,*,#76010,.F.);
#77370=CARTESIAN_POINT('',(4.68,4.58,0.925));
#77380=DIRECTION('',(0.764911198117053,0.644135745782777,
-2.23479479985042E-16));
#77390=VECTOR('',#77380,1.);
#77400=LINE('',#77370,#77390);
#77410=EDGE_CURVE('',#75960,#77330,#77400,.T.);
#77420=ORIENTED_EDGE('',*,*,#77410,.F.);
#77430=EDGE_LOOP('',(#77420,#77360,#77350));
#77440=FACE_OUTER_BOUND('',#77430,.T.);
#77450=ADVANCED_FACE('',(#77440),#76970,.T.);
#77460=ORIENTED_EDGE('',*,*,#77340,.F.);
#77470=CARTESIAN_POINT('',(5.06,4.9,0.925));
#77480=DIRECTION('',(0.,1.,0.));
#77490=VECTOR('',#77480,1.);
#77500=LINE('',#77470,#77490);
#77510=CARTESIAN_POINT('',(5.06,5.08,0.925));
#77520=VERTEX_POINT('',#77510);
#77530=EDGE_CURVE('',#77330,#77520,#77500,.T.);
#77540=ORIENTED_EDGE('',*,*,#77530,.F.);
#77550=EDGE_CURVE('',#77520,#75860,#77190,.T.);
#77560=ORIENTED_EDGE('',*,*,#77550,.F.);
#77570=ORIENTED_EDGE('',*,*,#76070,.T.);
#77580=EDGE_LOOP('',(#77570,#77560,#77540,#77460));
#77590=FACE_OUTER_BOUND('',#77580,.T.);
#77600=ADVANCED_FACE('',(#77590),#77130,.F.);
#77610=CARTESIAN_POINT('',(4.95,7.39,0.925));
#77620=DIRECTION('',(-4.79561875989164E-16,0.,-1.));
#77630=DIRECTION('',(-1.,0.,4.79561875989164E-16));
#77640=AXIS2_PLACEMENT_3D('',#77610,#77620,#77630);
#77650=PLANE('',#77640);
#77660=CARTESIAN_POINT('',(4.96,5.08,0.925));
#77670=DIRECTION('',(0.,0.,1.));
#77680=DIRECTION('',(1.,0.,0.));
#77690=AXIS2_PLACEMENT_3D('',#77660,#77670,#77680);
#77700=CIRCLE('',#77690,0.1);
#77710=EDGE_CURVE('',#77520,#75880,#77700,.T.);
#77720=ORIENTED_EDGE('',*,*,#77710,.T.);
#77730=ORIENTED_EDGE('',*,*,#77530,.T.);
#77740=ORIENTED_EDGE('',*,*,#77410,.T.);
#77750=ORIENTED_EDGE('',*,*,#75970,.F.);
#77760=EDGE_LOOP('',(#77750,#77740,#77730,#77720));
#77770=FACE_OUTER_BOUND('',#77760,.T.);
#77780=ADVANCED_FACE('',(#77770),#77650,.F.);
#77790=ORIENTED_EDGE('',*,*,#77550,.T.);
#77800=ORIENTED_EDGE('',*,*,#77710,.F.);
#77810=ORIENTED_EDGE('',*,*,#75890,.T.);
#77820=EDGE_LOOP('',(#77810,#77800,#77790));
#77830=FACE_OUTER_BOUND('',#77820,.T.);
#77840=ADVANCED_FACE('',(#77830),#75050,.T.);
#77850=CARTESIAN_POINT('',(-5.9,4.83,0.975));
#77860=DIRECTION('',(0.,-1.01803020890658E-16,1.));
#77870=DIRECTION('',(0.,-1.,-1.01803020890658E-16));
#77880=AXIS2_PLACEMENT_3D('',#77850,#77860,#77870);
#77890=PLANE('',#77880);
#77900=ORIENTED_EDGE('',*,*,#74680,.T.);
#77910=CARTESIAN_POINT('',(5.14849249780943,3.05,0.975000000000002));
#77920=DIRECTION('',(0.,1.,0.));
#77930=VECTOR('',#77920,1.);
#77940=LINE('',#77910,#77930);
#77950=EDGE_CURVE('',#74590,#76220,#77940,.T.);
#77960=ORIENTED_EDGE('',*,*,#77950,.F.);
#77970=ORIENTED_EDGE('',*,*,#76230,.F.);
#77980=ORIENTED_EDGE('',*,*,#74820,.T.);
#77990=EDGE_LOOP('',(#77980,#77970,#77960,#77900));
#78000=FACE_OUTER_BOUND('',#77990,.T.);
#78010=ADVANCED_FACE('',(#78000),#77890,.F.);
#78020=CARTESIAN_POINT('',(-5.9,5.18,1.045));
#78030=DIRECTION('',(0.,1.,0.));
#78040=DIRECTION('',(0.,0.,1.));
#78050=AXIS2_PLACEMENT_3D('',#78020,#78030,#78040);
#78060=PLANE('',#78050);
#78070=ORIENTED_EDGE('',*,*,#72080,.T.);
#78080=ORIENTED_EDGE('',*,*,#71450,.T.);
#78090=ORIENTED_EDGE('',*,*,#69920,.T.);
#78100=CARTESIAN_POINT('',(-4.525,5.18,-0.975));
#78110=DIRECTION('',(-1.,0.,0.));
#78120=VECTOR('',#78110,1.);
#78130=LINE('',#78100,#78120);
#78140=EDGE_CURVE('',#69840,#72070,#78130,.T.);
#78150=ORIENTED_EDGE('',*,*,#78140,.F.);
#78160=EDGE_LOOP('',(#78150,#78090,#78080,#78070));
#78170=FACE_OUTER_BOUND('',#78160,.T.);
#78180=ADVANCED_FACE('',(#78170),#78060,.F.);
#78190=CARTESIAN_POINT('',(-5.9,4.83,-0.975));
#78200=DIRECTION('',(0.,0.,-1.));
#78210=DIRECTION('',(-1.,0.,0.));
#78220=AXIS2_PLACEMENT_3D('',#78190,#78200,#78210);
#78230=PLANE('',#78220);
#78240=ORIENTED_EDGE('',*,*,#71220,.F.);
#78250=ORIENTED_EDGE('',*,*,#72140,.F.);
#78260=ORIENTED_EDGE('',*,*,#78140,.T.);
#78270=ORIENTED_EDGE('',*,*,#69850,.T.);
#78280=EDGE_LOOP('',(#78270,#78260,#78250,#78240));
#78290=FACE_OUTER_BOUND('',#78280,.T.);
#78300=ADVANCED_FACE('',(#78290),#78230,.F.);
#78310=CARTESIAN_POINT('',(-4.95,7.39,0.925));
#78320=DIRECTION('',(-4.79561875989164E-16,0.,1.));
#78330=DIRECTION('',(1.,0.,4.79561875989164E-16));
#78340=AXIS2_PLACEMENT_3D('',#78310,#78320,#78330);
#78350=PLANE('',#78340);
#78360=CARTESIAN_POINT('',(-5.06,4.9,0.925));
#78370=DIRECTION('',(0.764911198117054,-0.644135745782776,
2.23479479985043E-16));
#78380=VECTOR('',#78370,1.);
#78390=LINE('',#78360,#78380);
#78400=CARTESIAN_POINT('',(-5.06,4.9,0.925));
#78410=VERTEX_POINT('',#78400);
#78420=EDGE_CURVE('',#78410,#70010,#78390,.T.);
#78430=ORIENTED_EDGE('',*,*,#78420,.T.);
#78440=CARTESIAN_POINT('',(-5.06,4.9,0.925));
#78450=DIRECTION('',(0.,1.,0.));
#78460=VECTOR('',#78450,1.);
#78470=LINE('',#78440,#78460);
#78480=CARTESIAN_POINT('',(-5.06,5.08,0.925));
#78490=VERTEX_POINT('',#78480);
#78500=EDGE_CURVE('',#78410,#78490,#78470,.T.);
#78510=ORIENTED_EDGE('',*,*,#78500,.F.);
#78520=CARTESIAN_POINT('',(-4.96,5.08,0.925));
#78530=DIRECTION('',(0.,-0.,1.));
#78540=DIRECTION('',(2.66453525910037E-14,1.,0.));
#78550=AXIS2_PLACEMENT_3D('',#78520,#78530,#78540);
#78560=CIRCLE('',#78550,0.1);
#78570=EDGE_CURVE('',#70030,#78490,#78560,.T.);
#78580=ORIENTED_EDGE('',*,*,#78570,.T.);
#78590=ORIENTED_EDGE('',*,*,#70040,.T.);
#78600=EDGE_LOOP('',(#78590,#78580,#78510,#78430));
#78610=FACE_OUTER_BOUND('',#78600,.T.);
#78620=ADVANCED_FACE('',(#78610),#78350,.T.);
#78630=ORIENTED_EDGE('',*,*,#78570,.F.);
#78640=CARTESIAN_POINT('',(-5.06,5.08,-0.925));
#78650=DIRECTION('',(0.,0.,1.));
#78660=VECTOR('',#78650,1.);
#78670=LINE('',#78640,#78660);
#78680=EDGE_CURVE('',#70360,#78490,#78670,.T.);
#78690=ORIENTED_EDGE('',*,*,#78680,.T.);
#78700=ORIENTED_EDGE('',*,*,#70370,.T.);
#78710=EDGE_LOOP('',(#78700,#78690,#78630));
#78720=FACE_OUTER_BOUND('',#78710,.T.);
#78730=ADVANCED_FACE('',(#78720),#70100,.T.);
#78740=CARTESIAN_POINT('',(-5.06,7.39,0.925));
#78750=DIRECTION('',(-1.,0.,0.));
#78760=DIRECTION('',(0.,0.,1.));
#78770=AXIS2_PLACEMENT_3D('',#78740,#78750,#78760);
#78780=PLANE('',#78770);
#78790=CARTESIAN_POINT('',(-5.06,4.9,0.925));
#78800=DIRECTION('',(0.,0.,-1.));
#78810=VECTOR('',#78800,1.);
#78820=LINE('',#78790,#78810);
#78830=EDGE_CURVE('',#78410,#70440,#78820,.T.);
#78840=ORIENTED_EDGE('',*,*,#78830,.F.);
#78850=ORIENTED_EDGE('',*,*,#70450,.F.);
#78860=ORIENTED_EDGE('',*,*,#78680,.F.);
#78870=ORIENTED_EDGE('',*,*,#78500,.T.);
#78880=EDGE_LOOP('',(#78870,#78860,#78850,#78840));
#78890=FACE_OUTER_BOUND('',#78880,.T.);
#78900=ADVANCED_FACE('',(#78890),#78780,.T.);
#78910=CARTESIAN_POINT('',(-4.68,4.58,5.42976580892665E-20));
#78920=DIRECTION('',(0.644135745782777,0.764911198117053,0.));
#78930=DIRECTION('',(0.,0.,-1.));
#78940=AXIS2_PLACEMENT_3D('',#78910,#78920,#78930);
#78950=PLANE('',#78940);
#78960=ORIENTED_EDGE('',*,*,#78830,.T.);
#78970=ORIENTED_EDGE('',*,*,#78420,.F.);
#78980=ORIENTED_EDGE('',*,*,#70520,.T.);
#78990=EDGE_LOOP('',(#78980,#78970,#78960));
#79000=FACE_OUTER_BOUND('',#78990,.T.);
#79010=ADVANCED_FACE('',(#79000),#78950,.F.);
#79020=CARTESIAN_POINT('',(-4.95,7.39,-0.925));
#79030=DIRECTION('',(4.79561875989165E-16,0.,-1.));
#79040=DIRECTION('',(-1.,0.,-4.79561875989165E-16));
#79050=AXIS2_PLACEMENT_3D('',#79020,#79030,#79040);
#79060=PLANE('',#79050);
#79070=CARTESIAN_POINT('',(-4.96,5.08,-0.925));
#79080=DIRECTION('',(0.,0.,-1.));
#79090=DIRECTION('',(-1.,0.,0.));
#79100=AXIS2_PLACEMENT_3D('',#79070,#79080,#79090);
#79110=CIRCLE('',#79100,0.1);
#79120=CARTESIAN_POINT('',(-5.06,5.08,-0.925));
#79130=VERTEX_POINT('',#79120);
#79140=EDGE_CURVE('',#79130,#70830,#79110,.T.);
#79150=ORIENTED_EDGE('',*,*,#79140,.T.);
#79160=CARTESIAN_POINT('',(-5.06,4.9,-0.925));
#79170=DIRECTION('',(0.,1.,0.));
#79180=VECTOR('',#79170,1.);
#79190=LINE('',#79160,#79180);
#79200=CARTESIAN_POINT('',(-5.06,4.9,-0.925));
#79210=VERTEX_POINT('',#79200);
#79220=EDGE_CURVE('',#79210,#79130,#79190,.T.);
#79230=ORIENTED_EDGE('',*,*,#79220,.T.);
#79240=CARTESIAN_POINT('',(-4.68,4.58,-0.925));
#79250=DIRECTION('',(-0.764911198117054,0.644135745782776,
-2.23479479985043E-16));
#79260=VECTOR('',#79250,1.);
#79270=LINE('',#79240,#79260);
#79280=EDGE_CURVE('',#70910,#79210,#79270,.T.);
#79290=ORIENTED_EDGE('',*,*,#79280,.T.);
#79300=ORIENTED_EDGE('',*,*,#70920,.F.);
#79310=EDGE_LOOP('',(#79300,#79290,#79230,#79150));
#79320=FACE_OUTER_BOUND('',#79310,.T.);
#79330=ADVANCED_FACE('',(#79320),#79060,.T.);
#79340=EDGE_CURVE('',#79130,#70810,#78670,.T.);
#79350=ORIENTED_EDGE('',*,*,#79340,.T.);
#79360=ORIENTED_EDGE('',*,*,#79140,.F.);
#79370=ORIENTED_EDGE('',*,*,#70840,.T.);
#79380=EDGE_LOOP('',(#79370,#79360,#79350));
#79390=FACE_OUTER_BOUND('',#79380,.T.);
#79400=ADVANCED_FACE('',(#79390),#70100,.T.);
#79410=ORIENTED_EDGE('',*,*,#79280,.F.);
#79420=EDGE_CURVE('',#70950,#79210,#78820,.T.);
#79430=ORIENTED_EDGE('',*,*,#79420,.T.);
#79440=ORIENTED_EDGE('',*,*,#70960,.T.);
#79450=EDGE_LOOP('',(#79440,#79430,#79410));
#79460=FACE_OUTER_BOUND('',#79450,.T.);
#79470=ADVANCED_FACE('',(#79460),#78950,.F.);
#79480=ORIENTED_EDGE('',*,*,#79420,.F.);
#79490=ORIENTED_EDGE('',*,*,#79220,.F.);
#79500=ORIENTED_EDGE('',*,*,#79340,.F.);
#79510=ORIENTED_EDGE('',*,*,#71020,.T.);
#79520=EDGE_LOOP('',(#79510,#79500,#79490,#79480));
#79530=FACE_OUTER_BOUND('',#79520,.T.);
#79540=ADVANCED_FACE('',(#79530),#78780,.T.);
#79550=CARTESIAN_POINT('',(0.,-1.74999999999999,0.));
#79560=DIRECTION('',(0.,1.,0.));
#79570=DIRECTION('',(0.,0.,1.));
#79580=AXIS2_PLACEMENT_3D('',#79550,#79560,#79570);
#79590=CONICAL_SURFACE('',#79580,1.,0.78539816339745);
#79600=EDGE_CURVE('',#74060,#73970,#74040,.T.);
#79610=ORIENTED_EDGE('',*,*,#79600,.F.);
#79620=ORIENTED_EDGE('',*,*,#73980,.T.);
#79630=EDGE_CURVE('',#73890,#73560,#73540,.T.);
#79640=ORIENTED_EDGE('',*,*,#79630,.F.);
#79650=ORIENTED_EDGE('',*,*,#73590,.F.);
#79660=ORIENTED_EDGE('',*,*,#74130,.F.);
#79670=EDGE_LOOP('',(#79660,#79650,#79640,#79620,#79610));
#79680=FACE_OUTER_BOUND('',#79670,.T.);
#79690=ADVANCED_FACE('',(#79680),#79590,.T.);
#79700=CARTESIAN_POINT('',(0.,19.9068722891566,0.));
#79710=DIRECTION('',(0.,1.,0.));
#79720=DIRECTION('',(0.,0.,1.));
#79730=AXIS2_PLACEMENT_3D('',#79700,#79710,#79720);
#79740=CYLINDRICAL_SURFACE('',#79730,5.24);
#79750=ORIENTED_EDGE('',*,*,#72430,.F.);
#79760=ORIENTED_EDGE('',*,*,#71880,.T.);
#79770=EDGE_CURVE('',#71790,#71680,#71770,.T.);
#79780=ORIENTED_EDGE('',*,*,#79770,.F.);
#79790=ORIENTED_EDGE('',*,*,#71710,.F.);
#79800=EDGE_LOOP('',(#79790,#79780,#79760,#79750));
#79810=FACE_OUTER_BOUND('',#79800,.T.);
#79820=ORIENTED_EDGE('',*,*,#76320,.F.);
#79830=ORIENTED_EDGE('',*,*,#77950,.T.);
#79840=ORIENTED_EDGE('',*,*,#74600,.F.);
#79850=ORIENTED_EDGE('',*,*,#76540,.T.);
#79860=EDGE_LOOP('',(#79850,#79840,#79830,#79820));
#79870=FACE_BOUND('',#79860,.T.);
#79880=ADVANCED_FACE('',(#79810,#79870),#79740,.T.);
#79890=CARTESIAN_POINT('',(2.13949956224974E-16,2.69673599890126,
1.36939205608535E-16));
#79900=DIRECTION('',(0.,1.,0.));
#79910=DIRECTION('',(0.742191626210122,0.,0.670187727419396));
#79920=AXIS2_PLACEMENT_3D('',#79890,#79900,#79910);
#79930=CONICAL_SURFACE('',#79920,11.4300523027619,1.48352986419518);
#79940=ORIENTED_EDGE('',*,*,#73280,.T.);
#79950=EDGE_CURVE('',#73270,#73370,#73440,.T.);
#79960=ORIENTED_EDGE('',*,*,#79950,.F.);
#79970=ORIENTED_EDGE('',*,*,#73380,.F.);
#79980=ORIENTED_EDGE('',*,*,#73030,.F.);
#79990=EDGE_LOOP('',(#79980,#79970,#79960,#79940));
#80000=FACE_OUTER_BOUND('',#79990,.T.);
#80010=ADVANCED_FACE('',(#80000),#79930,.F.);
#80020=CARTESIAN_POINT('',(2.13949956224974E-16,0.583981771313274,
1.36939205608535E-16));
#80030=DIRECTION('',(0.,-1.,0.));
#80040=DIRECTION('',(-0.742191626210122,0.,-0.670187727419396));
#80050=AXIS2_PLACEMENT_3D('',#80020,#80030,#80040);
#80060=CYLINDRICAL_SURFACE('',#80050,5.295);
#80070=ORIENTED_EDGE('',*,*,#72610,.T.);
#80080=ORIENTED_EDGE('',*,*,#72330,.F.);
#80090=ORIENTED_EDGE('',*,*,#72760,.F.);
#80100=ORIENTED_EDGE('',*,*,#73120,.F.);
#80110=EDGE_LOOP('',(#80100,#80090,#80080,#80070));
#80120=FACE_OUTER_BOUND('',#80110,.T.);
#80130=ADVANCED_FACE('',(#80120),#80060,.F.);
#80140=CARTESIAN_POINT('',(0.,2.53142135623731,0.));
#80150=DIRECTION('',(0.,1.,0.));
#80160=DIRECTION('',(0.,0.,1.));
#80170=AXIS2_PLACEMENT_3D('',#80140,#80150,#80160);
#80180=TOROIDAL_SURFACE('',#80170,5.14,0.1);
#80190=ORIENTED_EDGE('',*,*,#79770,.T.);
#80200=ORIENTED_EDGE('',*,*,#74370,.F.);
#80210=ORIENTED_EDGE('',*,*,#79600,.T.);
#80220=ORIENTED_EDGE('',*,*,#74290,.T.);
#80230=EDGE_LOOP('',(#80220,#80210,#80200,#80190));
#80240=FACE_OUTER_BOUND('',#80230,.T.);
#80250=ADVANCED_FACE('',(#80240),#80180,.T.);
#80260=CARTESIAN_POINT('',(2.13949956224974E-16,2.25162158967274,
1.36939205608535E-16));
#80270=DIRECTION('',(0.,-1.,0.));
#80280=DIRECTION('',(-0.742191626210122,0.,-0.670187727419396));
#80290=AXIS2_PLACEMENT_3D('',#80260,#80270,#80280);
#80300=TOROIDAL_SURFACE('',#80290,5.195,0.1);
#80310=ORIENTED_EDGE('',*,*,#73300,.T.);
#80320=ORIENTED_EDGE('',*,*,#72940,.F.);
#80330=ORIENTED_EDGE('',*,*,#72700,.T.);
#80340=ORIENTED_EDGE('',*,*,#73100,.T.);
#80350=EDGE_LOOP('',(#80340,#80330,#80320,#80310));
#80360=FACE_OUTER_BOUND('',#80350,.T.);
#80370=ADVANCED_FACE('',(#80360),#80300,.F.);
#80380=ORIENTED_EDGE('',*,*,#79950,.T.);
#80390=ORIENTED_EDGE('',*,*,#73660,.F.);
#80400=ORIENTED_EDGE('',*,*,#79630,.T.);
#80410=ORIENTED_EDGE('',*,*,#73900,.T.);
#80420=ORIENTED_EDGE('',*,*,#73760,.T.);
#80430=EDGE_LOOP('',(#80420,#80410,#80400,#80390,#80380));
#80440=FACE_OUTER_BOUND('',#80430,.T.);
#80450=ADVANCED_FACE('',(#80440),#69440,.T.);
#80460=CLOSED_SHELL('',(#71060,#71330,#71570,#72180,#72480,#72810,#73160
,#73490,#73820,#74180,#74420,#74740,#76110,#76430,#76600,#76920,#77080,
#77250,#77310,#77450,#77600,#77780,#77840,#78010,#78180,#78300,#78620,
#78730,#78900,#79010,#79330,#79400,#79470,#79540,#79690,#79880,#80010,
#80130,#80250,#80370,#80450));
#80470=ORIENTED_CLOSED_SHELL('',*,#80460,.T.);
#80480=CARTESIAN_POINT('',(0.,6.19,0.));
#80490=DIRECTION('',(0.,1.,0.));
#80500=DIRECTION('',(0.,0.,1.));
#80510=AXIS2_PLACEMENT_3D('',#80480,#80490,#80500);
#80520=TOROIDAL_SURFACE('',#80510,5.095,0.2);
#80530=CARTESIAN_POINT('',(0.,6.19,-5.095));
#80540=DIRECTION('',(-1.,0.,0.));
#80550=DIRECTION('',(0.,0.,-1.));
#80560=AXIS2_PLACEMENT_3D('',#80530,#80540,#80550);
#80570=CIRCLE('',#80560,0.2);
#80580=CARTESIAN_POINT('',(0.,6.39,-5.095));
#80590=VERTEX_POINT('',#80580);
#80600=CARTESIAN_POINT('',(0.,6.19,-5.295));
#80610=VERTEX_POINT('',#80600);
#80620=EDGE_CURVE('',#80590,#80610,#80570,.T.);
#80630=ORIENTED_EDGE('',*,*,#80620,.F.);
#80640=CARTESIAN_POINT('',(1.06974978112487E-16,6.19,
6.84696028042673E-17));
#80650=DIRECTION('',(0.,1.,0.));
#80660=DIRECTION('',(0.,0.,1.));
#80670=AXIS2_PLACEMENT_3D('',#80640,#80650,#80660);
#80680=CIRCLE('',#80670,5.295);
#80690=CARTESIAN_POINT('',(3.9299046607826,6.19,3.5486440166857));
#80700=VERTEX_POINT('',#80690);
#80710=EDGE_CURVE('',#80700,#80610,#80680,.T.);
#80720=ORIENTED_EDGE('',*,*,#80710,.T.);
#80730=CARTESIAN_POINT('',(0.,6.19,5.295));
#80740=VERTEX_POINT('',#80730);
#80750=EDGE_CURVE('',#80740,#80700,#80680,.T.);
#80760=ORIENTED_EDGE('',*,*,#80750,.T.);
#80770=CARTESIAN_POINT('',(0.,6.19,5.095));
#80780=DIRECTION('',(1.,0.,0.));
#80790=DIRECTION('',(0.,0.,1.));
#80800=AXIS2_PLACEMENT_3D('',#80770,#80780,#80790);
#80810=CIRCLE('',#80800,0.2);
#80820=CARTESIAN_POINT('',(0.,6.39,5.095));
#80830=VERTEX_POINT('',#80820);
#80840=EDGE_CURVE('',#80830,#80740,#80810,.T.);
#80850=ORIENTED_EDGE('',*,*,#80840,.T.);
#80860=CARTESIAN_POINT('',(0.,6.39,0.));
#80870=DIRECTION('',(0.,1.,0.));
#80880=DIRECTION('',(0.,0.,1.));
#80890=AXIS2_PLACEMENT_3D('',#80860,#80870,#80880);
#80900=CIRCLE('',#80890,5.095);
#80910=EDGE_CURVE('',#80830,#80590,#80900,.T.);
#80920=ORIENTED_EDGE('',*,*,#80910,.F.);
#80930=EDGE_LOOP('',(#80920,#80850,#80760,#80720,#80630));
#80940=FACE_OUTER_BOUND('',#80930,.T.);
#80950=ADVANCED_FACE('',(#80940),#80520,.T.);
#80960=CARTESIAN_POINT('',(2.13949956224974E-16,6.39,
1.36939205608535E-16));
#80970=DIRECTION('',(0.,-1.,0.));
#80980=DIRECTION('',(-0.742191626210122,0.,-0.670187727419396));
#80990=AXIS2_PLACEMENT_3D('',#80960,#80970,#80980);
#81000=CIRCLE('',#80990,5.295);
#81010=CARTESIAN_POINT('',(1.11022302462516E-16,6.39,-5.295));
#81020=VERTEX_POINT('',#81010);
#81030=CARTESIAN_POINT('',(3.9299046607826,6.39,3.5486440166857));
#81040=VERTEX_POINT('',#81030);
#81050=EDGE_CURVE('',#81020,#81040,#81000,.T.);
#81060=ORIENTED_EDGE('',*,*,#81050,.F.);
#81070=CARTESIAN_POINT('',(3.9299046607826,0.583981771313274,
3.5486440166857));
#81080=DIRECTION('',(0.,-1.,0.));
#81090=VECTOR('',#81080,1.);
#81100=LINE('',#81070,#81090);
#81110=EDGE_CURVE('',#81040,#80700,#81100,.T.);
#81120=ORIENTED_EDGE('',*,*,#81110,.F.);
#81130=ORIENTED_EDGE('',*,*,#80710,.F.);
#81140=CARTESIAN_POINT('',(-3.9299046607826,6.19,-3.5486440166857));
#81150=VERTEX_POINT('',#81140);
#81160=EDGE_CURVE('',#80610,#81150,#80680,.T.);
#81170=ORIENTED_EDGE('',*,*,#81160,.F.);
#81180=CARTESIAN_POINT('',(-3.9299046607826,0.583981771313274,
-3.5486440166857));
#81190=DIRECTION('',(0.,-1.,0.));
#81200=VECTOR('',#81190,1.);
#81210=LINE('',#81180,#81200);
#81220=CARTESIAN_POINT('',(-3.9299046607826,6.39,-3.5486440166857));
#81230=VERTEX_POINT('',#81220);
#81240=EDGE_CURVE('',#81230,#81150,#81210,.T.);
#81250=ORIENTED_EDGE('',*,*,#81240,.T.);
#81260=EDGE_CURVE('',#81230,#81020,#81000,.T.);
#81270=ORIENTED_EDGE('',*,*,#81260,.F.);
#81280=EDGE_LOOP('',(#81270,#81250,#81170,#81130,#81120,#81060));
#81290=FACE_OUTER_BOUND('',#81280,.T.);
#81300=ADVANCED_FACE('',(#81290),#80060,.F.);
#81310=CARTESIAN_POINT('',(-8.88178419700125E-16,6.39,-4.7975));
#81320=DIRECTION('',(0.,1.,0.));
#81330=DIRECTION('',(0.,0.,-1.));
#81340=AXIS2_PLACEMENT_3D('',#81310,#81320,#81330);
#81350=PLANE('',#81340);
#81360=EDGE_CURVE('',#81040,#81230,#81000,.T.);
#81370=ORIENTED_EDGE('',*,*,#81360,.T.);
#81380=ORIENTED_EDGE('',*,*,#81050,.T.);
#81390=ORIENTED_EDGE('',*,*,#81260,.T.);
#81400=EDGE_LOOP('',(#81390,#81380,#81370));
#81410=FACE_OUTER_BOUND('',#81400,.T.);
#81420=EDGE_CURVE('',#80590,#80830,#80900,.T.);
#81430=ORIENTED_EDGE('',*,*,#81420,.T.);
#81440=ORIENTED_EDGE('',*,*,#80910,.T.);
#81450=EDGE_LOOP('',(#81440,#81430));
#81460=FACE_BOUND('',#81450,.T.);
#81470=ADVANCED_FACE('',(#81410,#81460),#81350,.F.);
#81480=ORIENTED_EDGE('',*,*,#80750,.F.);
#81490=ORIENTED_EDGE('',*,*,#81110,.T.);
#81500=ORIENTED_EDGE('',*,*,#81360,.F.);
#81510=ORIENTED_EDGE('',*,*,#81240,.F.);
#81520=EDGE_CURVE('',#81150,#80740,#80680,.T.);
#81530=ORIENTED_EDGE('',*,*,#81520,.F.);
#81540=EDGE_LOOP('',(#81530,#81510,#81500,#81490,#81480));
#81550=FACE_OUTER_BOUND('',#81540,.T.);
#81560=ADVANCED_FACE('',(#81550),#72530,.F.);
#81570=CARTESIAN_POINT('',(0.,6.19,0.));
#81580=DIRECTION('',(0.,1.,0.));
#81590=DIRECTION('',(0.,0.,1.));
#81600=AXIS2_PLACEMENT_3D('',#81570,#81580,#81590);
#81610=TOROIDAL_SURFACE('',#81600,5.095,0.2);
#81620=ORIENTED_EDGE('',*,*,#81160,.T.);
#81630=ORIENTED_EDGE('',*,*,#80620,.T.);
#81640=ORIENTED_EDGE('',*,*,#81420,.F.);
#81650=ORIENTED_EDGE('',*,*,#80840,.F.);
#81660=ORIENTED_EDGE('',*,*,#81520,.T.);
#81670=EDGE_LOOP('',(#81660,#81650,#81640,#81630,#81620));
#81680=FACE_OUTER_BOUND('',#81670,.T.);
#81690=ADVANCED_FACE('',(#81680),#81610,.T.);
#81700=CLOSED_SHELL('',(#80950,#81300,#81470,#81560,#81690));
#81710=ORIENTED_CLOSED_SHELL('',*,#81700,.T.);
#81720=CARTESIAN_POINT('',(0.,-1.74999999999999,1.));
#81730=DIRECTION('',(0.,0.707106781186546,0.707106781186549));
#81740=VECTOR('',#81730,1.4142135623731);
#81750=LINE('',#81720,#81740);
#81760=CARTESIAN_POINT('',(0.,1.95,4.7));
#81770=VERTEX_POINT('',#81760);
#81780=CARTESIAN_POINT('',(0.,1.97436235623059,4.72436235623059));
#81790=VERTEX_POINT('',#81780);
#81800=EDGE_CURVE('',#81770,#81790,#81750,.T.);
#81810=ORIENTED_EDGE('',*,*,#81800,.T.);
#81820=CARTESIAN_POINT('',(0.,1.95,0.));
#81830=DIRECTION('',(0.,1.,0.));
#81840=DIRECTION('',(0.,0.,1.));
#81850=AXIS2_PLACEMENT_3D('',#81820,#81830,#81840);
#81860=CIRCLE('',#81850,4.7);
#81870=CARTESIAN_POINT('',(5.75583995599256E-16,1.95,-4.7));
#81880=VERTEX_POINT('',#81870);
#81890=EDGE_CURVE('',#81880,#81770,#81860,.T.);
#81900=ORIENTED_EDGE('',*,*,#81890,.T.);
#81910=CARTESIAN_POINT('',(1.22464679914736E-16,-1.74999999999999,-1.));
#81920=DIRECTION('',(8.65956056235495E-17,0.707106781186546,
-0.707106781186549));
#81930=VECTOR('',#81920,1.4142135623731);
#81940=LINE('',#81910,#81930);
#81950=CARTESIAN_POINT('',(5.78567523757004E-16,1.97436235623059,
-4.72436235623059));
#81960=VERTEX_POINT('',#81950);
#81970=EDGE_CURVE('',#81880,#81960,#81940,.T.);
#81980=ORIENTED_EDGE('',*,*,#81970,.F.);
#81990=CARTESIAN_POINT('',(1.06974978112487E-16,1.97436235623059,
6.84696028042673E-17));
#82000=DIRECTION('',(0.,-1.,0.));
#82010=DIRECTION('',(-0.742191626210122,0.,-0.670187727419396));
#82020=AXIS2_PLACEMENT_3D('',#81990,#82000,#82010);
#82030=CIRCLE('',#82020,4.72436235623059);
#82040=CARTESIAN_POINT('',(-3.50638217997667,1.97436235623059,
-3.16620967102792));
#82050=VERTEX_POINT('',#82040);
#82060=EDGE_CURVE('',#82050,#81960,#82030,.T.);
#82070=ORIENTED_EDGE('',*,*,#82060,.T.);
#82080=EDGE_CURVE('',#81790,#82050,#82030,.T.);
#82090=ORIENTED_EDGE('',*,*,#82080,.T.);
#82100=EDGE_LOOP('',(#82090,#82070,#81980,#81900,#81810));
#82110=FACE_OUTER_BOUND('',#82100,.T.);
#82120=ADVANCED_FACE('',(#82110),#73870,.T.);
#82130=CARTESIAN_POINT('',(-3.72209100544376,1.9,-3.36099145300827));
#82140=DIRECTION('',(0.670187727419396,0.,-0.742191626210122));
#82150=DIRECTION('',(-0.742191626210122,0.,-0.670187727419396));
#82160=AXIS2_PLACEMENT_3D('',#82130,#82140,#82150);
#82170=CIRCLE('',#82160,0.3);
#82180=CARTESIAN_POINT('',(-3.50638217997667,1.82563764376941,
-3.16620967102792));
#82190=VERTEX_POINT('',#82180);
#82200=EDGE_CURVE('',#82050,#82190,#82170,.T.);
#82210=ORIENTED_EDGE('',*,*,#82200,.F.);
#82220=CARTESIAN_POINT('',(1.06974978112487E-16,1.82563764376941,
6.84696028042673E-17));
#82230=DIRECTION('',(0.,-1.,0.));
#82240=DIRECTION('',(-0.742191626210122,0.,-0.670187727419396));
#82250=AXIS2_PLACEMENT_3D('',#82220,#82230,#82240);
#82260=CIRCLE('',#82250,4.72436235623059);
#82270=CARTESIAN_POINT('',(5.78567523757004E-16,1.8256376437694,
4.72436235623059));
#82280=VERTEX_POINT('',#82270);
#82290=EDGE_CURVE('',#82280,#82190,#82260,.T.);
#82300=ORIENTED_EDGE('',*,*,#82290,.T.);
#82310=CARTESIAN_POINT('',(3.50638217997667,1.82563764376941,
3.16620967102792));
#82320=VERTEX_POINT('',#82310);
#82330=EDGE_CURVE('',#82320,#82280,#82260,.T.);
#82340=ORIENTED_EDGE('',*,*,#82330,.T.);
#82350=CARTESIAN_POINT('',(3.72209100544376,1.9,3.36099145300827));
#82360=DIRECTION('',(-0.670187727419396,0.,0.742191626210122));
#82370=DIRECTION('',(0.742191626210122,0.,0.670187727419396));
#82380=AXIS2_PLACEMENT_3D('',#82350,#82360,#82370);
#82390=CIRCLE('',#82380,0.3);
#82400=CARTESIAN_POINT('',(3.50638217997667,1.97436235623059,
3.16620967102792));
#82410=VERTEX_POINT('',#82400);
#82420=EDGE_CURVE('',#82410,#82320,#82390,.T.);
#82430=ORIENTED_EDGE('',*,*,#82420,.T.);
#82440=EDGE_CURVE('',#82410,#81790,#82030,.T.);
#82450=ORIENTED_EDGE('',*,*,#82440,.F.);
#82460=ORIENTED_EDGE('',*,*,#82080,.F.);
#82470=EDGE_LOOP('',(#82460,#82450,#82430,#82340,#82300,#82210));
#82480=FACE_OUTER_BOUND('',#82470,.T.);
#82490=ADVANCED_FACE('',(#82480),#68270,.T.);
#82500=CARTESIAN_POINT('',(0.,1.82563764376941,-4.72436235623059));
#82510=VERTEX_POINT('',#82500);
#82520=EDGE_CURVE('',#82190,#82510,#82260,.T.);
#82530=ORIENTED_EDGE('',*,*,#82520,.F.);
#82540=CARTESIAN_POINT('',(0.,5.55000000000001,-1.));
#82550=DIRECTION('',(0.,-0.707106781186549,-0.707106781186546));
#82560=VECTOR('',#82550,1.4142135623731);
#82570=LINE('',#82540,#82560);
#82580=CARTESIAN_POINT('',(0.,1.85,-4.7));
#82590=VERTEX_POINT('',#82580);
#82600=EDGE_CURVE('',#82590,#82510,#82570,.T.);
#82610=ORIENTED_EDGE('',*,*,#82600,.T.);
#82620=CARTESIAN_POINT('',(0.,1.85,0.));
#82630=DIRECTION('',(0.,-1.,0.));
#82640=DIRECTION('',(1.22464679914735E-16,0.,-1.));
#82650=AXIS2_PLACEMENT_3D('',#82620,#82630,#82640);
#82660=CIRCLE('',#82650,4.7);
#82670=CARTESIAN_POINT('',(5.75583995599256E-16,1.85,4.7));
#82680=VERTEX_POINT('',#82670);
#82690=EDGE_CURVE('',#82680,#82590,#82660,.T.);
#82700=ORIENTED_EDGE('',*,*,#82690,.T.);
#82710=CARTESIAN_POINT('',(1.22464679914735E-16,5.55000000000001,1.));
#82720=DIRECTION('',(8.65956056235492E-17,-0.707106781186549,
0.707106781186546));
#82730=VECTOR('',#82720,1.4142135623731);
#82740=LINE('',#82710,#82730);
#82750=EDGE_CURVE('',#82680,#82280,#82740,.T.);
#82760=ORIENTED_EDGE('',*,*,#82750,.F.);
#82770=ORIENTED_EDGE('',*,*,#82290,.F.);
#82780=EDGE_LOOP('',(#82770,#82760,#82700,#82610,#82530));
#82790=FACE_OUTER_BOUND('',#82780,.T.);
#82800=ADVANCED_FACE('',(#82790),#68650,.T.);
#82810=CARTESIAN_POINT('',(0.,7.95021501815331,0.));
#82820=DIRECTION('',(0.,1.,0.));
#82830=DIRECTION('',(0.,0.,1.));
#82840=AXIS2_PLACEMENT_3D('',#82810,#82820,#82830);
#82850=CYLINDRICAL_SURFACE('',#82840,4.7);
#82860=CARTESIAN_POINT('',(0.,7.95021501815331,4.7));
#82870=DIRECTION('',(0.,1.,0.));
#82880=VECTOR('',#82870,1.);
#82890=LINE('',#82860,#82880);
#82900=EDGE_CURVE('',#82680,#81770,#82890,.T.);
#82910=ORIENTED_EDGE('',*,*,#82900,.T.);
#82920=ORIENTED_EDGE('',*,*,#82690,.F.);
#82930=CARTESIAN_POINT('',(5.75583995599256E-16,7.95021501815331,-4.7));
#82940=DIRECTION('',(0.,1.,0.));
#82950=VECTOR('',#82940,1.);
#82960=LINE('',#82930,#82950);
#82970=EDGE_CURVE('',#82590,#81880,#82960,.T.);
#82980=ORIENTED_EDGE('',*,*,#82970,.F.);
#82990=ORIENTED_EDGE('',*,*,#81890,.F.);
#83000=EDGE_LOOP('',(#82990,#82980,#82920,#82910));
#83010=FACE_OUTER_BOUND('',#83000,.T.);
#83020=ADVANCED_FACE('',(#83010),#82850,.T.);
#83030=ORIENTED_EDGE('',*,*,#82440,.T.);
#83040=EDGE_CURVE('',#81960,#82410,#82030,.T.);
#83050=ORIENTED_EDGE('',*,*,#83040,.T.);
#83060=ORIENTED_EDGE('',*,*,#81970,.T.);
#83070=EDGE_CURVE('',#81770,#81880,#81860,.T.);
#83080=ORIENTED_EDGE('',*,*,#83070,.T.);
#83090=ORIENTED_EDGE('',*,*,#81800,.F.);
#83100=EDGE_LOOP('',(#83090,#83080,#83060,#83050,#83030));
#83110=FACE_OUTER_BOUND('',#83100,.T.);
#83120=ADVANCED_FACE('',(#83110),#79590,.T.);
#83130=ORIENTED_EDGE('',*,*,#82600,.F.);
#83140=EDGE_CURVE('',#82510,#82320,#82260,.T.);
#83150=ORIENTED_EDGE('',*,*,#83140,.F.);
#83160=ORIENTED_EDGE('',*,*,#82330,.F.);
#83170=ORIENTED_EDGE('',*,*,#82750,.T.);
#83180=EDGE_CURVE('',#82590,#82680,#82660,.T.);
#83190=ORIENTED_EDGE('',*,*,#83180,.T.);
#83200=EDGE_LOOP('',(#83190,#83170,#83160,#83150,#83130));
#83210=FACE_OUTER_BOUND('',#83200,.T.);
#83220=ADVANCED_FACE('',(#83210),#68910,.T.);
#83230=CARTESIAN_POINT('',(0.,7.95021501815331,0.));
#83240=DIRECTION('',(0.,1.,0.));
#83250=DIRECTION('',(0.,0.,1.));
#83260=AXIS2_PLACEMENT_3D('',#83230,#83240,#83250);
#83270=CYLINDRICAL_SURFACE('',#83260,4.7);
#83280=ORIENTED_EDGE('',*,*,#82900,.F.);
#83290=ORIENTED_EDGE('',*,*,#83070,.F.);
#83300=ORIENTED_EDGE('',*,*,#82970,.T.);
#83310=ORIENTED_EDGE('',*,*,#83180,.F.);
#83320=EDGE_LOOP('',(#83310,#83300,#83290,#83280));
#83330=FACE_OUTER_BOUND('',#83320,.T.);
#83340=ADVANCED_FACE('',(#83330),#83270,.T.);
#83350=ORIENTED_EDGE('',*,*,#82060,.F.);
#83360=ORIENTED_EDGE('',*,*,#83040,.F.);
#83370=ORIENTED_EDGE('',*,*,#82420,.F.);
#83380=ORIENTED_EDGE('',*,*,#83140,.T.);
#83390=ORIENTED_EDGE('',*,*,#82520,.T.);
#83400=ORIENTED_EDGE('',*,*,#82200,.T.);
#83410=EDGE_LOOP('',(#83400,#83390,#83380,#83370,#83360,#83350));
#83420=FACE_OUTER_BOUND('',#83410,.T.);
#83430=ADVANCED_FACE('',(#83420),#69440,.T.);
#83440=CLOSED_SHELL('',(#82120,#82490,#82800,#83020,#83120,#83220,#83340
,#83430));
#83450=ORIENTED_CLOSED_SHELL('',*,#83440,.T.);
#83460=CARTESIAN_POINT('',(-1.93977046885428E-19,6.70000000000002,
5.42976580892665E-20));
#83470=DIRECTION('',(0.,1.,0.));
#83480=DIRECTION('',(0.,0.,1.));
#83490=AXIS2_PLACEMENT_3D('',#83460,#83470,#83480);
#83500=CONICAL_SURFACE('',#83490,1.00000000000001,0.785398163397453);
#83510=CARTESIAN_POINT('',(1.06877989589044E-16,8.56231601717798,
6.84967516333119E-17));
#83520=DIRECTION('',(0.,-1.,0.));
#83530=DIRECTION('',(-0.742191626210122,0.,-0.670187727419396));
#83540=AXIS2_PLACEMENT_3D('',#83510,#83520,#83530);
#83550=CIRCLE('',#83540,2.86268398282202);
#83560=CARTESIAN_POINT('',(-2.12479663104621,8.56213203435597,
-1.91865897579677));
#83570=VERTEX_POINT('',#83560);
#83580=CARTESIAN_POINT('',(3.50361169209045E-16,8.5625,-2.8625));
#83590=VERTEX_POINT('',#83580);
#83600=EDGE_CURVE('',#83570,#83590,#83550,.T.);
#83610=ORIENTED_EDGE('',*,*,#83600,.F.);
#83620=CARTESIAN_POINT('',(1.22270702867851E-16,6.70000000000002,
-1.00000000000001));
#83630=DIRECTION('',(8.65956056235498E-17,0.707106781186544,
-0.707106781186551));
#83640=VECTOR('',#83630,1.4142135623731);
#83650=LINE('',#83620,#83640);
#83660=CARTESIAN_POINT('',(3.59852181902436E-16,8.64,-2.94));
#83670=VERTEX_POINT('',#83660);
#83680=EDGE_CURVE('',#83590,#83670,#83650,.T.);
#83690=ORIENTED_EDGE('',*,*,#83680,.F.);
#83700=CARTESIAN_POINT('',(-1.93977046885428E-19,8.64,
5.42976580892665E-20));
#83710=DIRECTION('',(0.,1.,0.));
#83720=DIRECTION('',(-1.51050751649681E-16,0.,1.));
#83730=AXIS2_PLACEMENT_3D('',#83700,#83710,#83720);
#83740=CIRCLE('',#83730,2.94);
#83750=CARTESIAN_POINT('',(-1.93977046885428E-19,8.64,2.94));
#83760=VERTEX_POINT('',#83750);
#83770=EDGE_CURVE('',#83670,#83760,#83740,.T.);
#83780=ORIENTED_EDGE('',*,*,#83770,.F.);
#83790=CARTESIAN_POINT('',(-1.93977046885428E-19,6.70000000000002,
1.00000000000001));
#83800=DIRECTION('',(0.,0.707106781186544,0.707106781186551));
#83810=VECTOR('',#83800,1.4142135623731);
#83820=LINE('',#83790,#83810);
#83830=CARTESIAN_POINT('',(-1.93977046885428E-19,8.5625,2.8625));
#83840=VERTEX_POINT('',#83830);
#83850=EDGE_CURVE('',#83840,#83760,#83820,.T.);
#83860=ORIENTED_EDGE('',*,*,#83850,.T.);
#83870=EDGE_CURVE('',#83840,#83570,#83550,.T.);
#83880=ORIENTED_EDGE('',*,*,#83870,.F.);
#83890=EDGE_LOOP('',(#83880,#83860,#83780,#83690,#83610));
#83900=FACE_OUTER_BOUND('',#83890,.T.);
#83910=ADVANCED_FACE('',(#83900),#83500,.T.);
#83920=CARTESIAN_POINT('',(-1.93977046885428E-19,6.70000000000002,
1.00000000000001));
#83930=DIRECTION('',(0.,0.707106781186544,0.707106781186551));
#83940=VECTOR('',#83930,1.4142135623731);
#83950=LINE('',#83920,#83940);
#83960=CARTESIAN_POINT('',(-1.93977046885428E-19,8.35,2.65));
#83970=VERTEX_POINT('',#83960);
#83980=EDGE_CURVE('',#83970,#83840,#83950,.T.);
#83990=ORIENTED_EDGE('',*,*,#83980,.T.);
#84000=CARTESIAN_POINT('',(-1.93977046885428E-19,8.35,
5.42976580892665E-20));
#84010=DIRECTION('',(0.,-1.,0.));
#84020=DIRECTION('',(1.22464679914735E-16,0.,1.));
#84030=AXIS2_PLACEMENT_3D('',#84000,#84010,#84020);
#84040=CIRCLE('',#84030,2.65);
#84050=CARTESIAN_POINT('',(3.24337424727163E-16,8.35,-2.65));
#84060=VERTEX_POINT('',#84050);
#84070=EDGE_CURVE('',#83970,#84060,#84040,.T.);
#84080=ORIENTED_EDGE('',*,*,#84070,.F.);
#84090=CARTESIAN_POINT('',(1.22270702867851E-16,6.70000000000002,
-1.00000000000001));
#84100=DIRECTION('',(8.65956056235498E-17,0.707106781186544,
-0.707106781186551));
#84110=VECTOR('',#84100,1.4142135623731);
#84120=LINE('',#84090,#84110);
#84130=EDGE_CURVE('',#84060,#83590,#84120,.T.);
#84140=ORIENTED_EDGE('',*,*,#84130,.F.);
#84150=ORIENTED_EDGE('',*,*,#83600,.T.);
#84160=ORIENTED_EDGE('',*,*,#83870,.T.);
#84170=EDGE_LOOP('',(#84160,#84150,#84140,#84080,#83990));
#84180=FACE_OUTER_BOUND('',#84170,.T.);
#84190=ADVANCED_FACE('',(#84180),#83500,.T.);
#84200=CARTESIAN_POINT('',(-1.93977046885428E-19,9.99999999999997,
5.42976580892665E-20));
#84210=DIRECTION('',(0.,-1.,0.));
#84220=DIRECTION('',(0.,0.,-1.));
#84230=AXIS2_PLACEMENT_3D('',#84200,#84210,#84220);
#84240=CONICAL_SURFACE('',#84230,1.00000000000001,0.785398163397453);
#84250=CARTESIAN_POINT('',(1.22270702867851E-16,9.99999999999997,
1.00000000000001));
#84260=DIRECTION('',(8.65956056235498E-17,-0.707106781186544,
0.707106781186551));
#84270=VECTOR('',#84260,1.4142135623731);
#84280=LINE('',#84250,#84270);
#84290=CARTESIAN_POINT('',(3.43931773513521E-16,8.19,2.81));
#84300=VERTEX_POINT('',#84290);
#84310=EDGE_CURVE('',#83970,#84300,#84280,.T.);
#84320=ORIENTED_EDGE('',*,*,#84310,.F.);
#84330=CARTESIAN_POINT('',(-1.93977046885428E-19,8.19,
5.42976580892665E-20));
#84340=DIRECTION('',(0.,-1.,0.));
#84350=DIRECTION('',(0.,0.,-1.));
#84360=AXIS2_PLACEMENT_3D('',#84330,#84340,#84350);
#84370=CIRCLE('',#84360,2.81);
#84380=CARTESIAN_POINT('',(-1.93977046885428E-19,8.19,-2.81));
#84390=VERTEX_POINT('',#84380);
#84400=EDGE_CURVE('',#84300,#84390,#84370,.T.);
#84410=ORIENTED_EDGE('',*,*,#84400,.F.);
#84420=CARTESIAN_POINT('',(-1.93977046885428E-19,9.99999999999997,
-1.00000000000001));
#84430=DIRECTION('',(0.,-0.707106781186544,-0.707106781186551));
#84440=VECTOR('',#84430,1.4142135623731);
#84450=LINE('',#84420,#84440);
#84460=EDGE_CURVE('',#84060,#84390,#84450,.T.);
#84470=ORIENTED_EDGE('',*,*,#84460,.T.);
#84480=ORIENTED_EDGE('',*,*,#84070,.T.);
#84490=EDGE_LOOP('',(#84480,#84470,#84410,#84320));
#84500=FACE_OUTER_BOUND('',#84490,.T.);
#84510=ADVANCED_FACE('',(#84500),#84240,.T.);
#84520=CARTESIAN_POINT('',(-2.28223925059613,8.35,-2.06082726181464));
#84530=DIRECTION('',(0.670187727419396,0.,-0.742191626210122));
#84540=DIRECTION('',(-0.742191626210122,0.,-0.670187727419396));
#84550=AXIS2_PLACEMENT_3D('',#84520,#84530,#84540);
#84560=CIRCLE('',#84550,0.3);
#84570=CARTESIAN_POINT('',(-2.22523043005845,8.64,-2.00934916568723));
#84580=VERTEX_POINT('',#84570);
#84590=EDGE_CURVE('',#84580,#83570,#84560,.T.);
#84600=ORIENTED_EDGE('',*,*,#84590,.F.);
#84610=ORIENTED_EDGE('',*,*,#83870,.T.);
#84620=CARTESIAN_POINT('',(2.12479663104621,8.56213203435597,
1.91865897579677));
#84630=VERTEX_POINT('',#84620);
#84640=EDGE_CURVE('',#84630,#83840,#83550,.T.);
#84650=ORIENTED_EDGE('',*,*,#84640,.T.);
#84660=CARTESIAN_POINT('',(2.28223925059613,8.35,2.06082726181464));
#84670=DIRECTION('',(-0.670187727419396,0.,0.742191626210122));
#84680=DIRECTION('',(0.742191626210122,0.,0.670187727419396));
#84690=AXIS2_PLACEMENT_3D('',#84660,#84670,#84680);
#84700=CIRCLE('',#84690,0.3);
#84710=CARTESIAN_POINT('',(2.22523043005845,8.64,2.00934916568723));
#84720=VERTEX_POINT('',#84710);
#84730=EDGE_CURVE('',#84720,#84630,#84700,.T.);
#84740=ORIENTED_EDGE('',*,*,#84730,.T.);
#84750=CARTESIAN_POINT('',(2.13949956224974E-16,8.64,
1.36939205608535E-16));
#84760=DIRECTION('',(0.,-1.,0.));
#84770=DIRECTION('',(-0.742191626210122,0.,-0.670187727419396));
#84780=AXIS2_PLACEMENT_3D('',#84750,#84760,#84770);
#84790=CIRCLE('',#84780,2.99818854252132);
#84800=EDGE_CURVE('',#84720,#84580,#84790,.T.);
#84810=ORIENTED_EDGE('',*,*,#84800,.F.);
#84820=EDGE_LOOP('',(#84810,#84740,#84650,#84610,#84600));
#84830=FACE_OUTER_BOUND('',#84820,.T.);
#84840=ADVANCED_FACE('',(#84830),#52010,.T.);
#84850=CARTESIAN_POINT('',(-2.28223925059613,8.35,-2.06082726181464));
#84860=DIRECTION('',(0.670187727419396,0.,-0.742191626210122));
#84870=DIRECTION('',(-0.742191626210122,0.,-0.670187727419396));
#84880=AXIS2_PLACEMENT_3D('',#84850,#84860,#84870);
#84890=CIRCLE('',#84880,0.3);
#84900=CARTESIAN_POINT('',(-2.09389213061534,8.19,-1.89075268289427));
#84910=VERTEX_POINT('',#84900);
#84920=EDGE_CURVE('',#83570,#84910,#84890,.T.);
#84930=ORIENTED_EDGE('',*,*,#84920,.F.);
#84940=CARTESIAN_POINT('',(2.13949956224974E-16,8.19,
1.36939205608535E-16));
#84950=DIRECTION('',(0.,-1.,0.));
#84960=DIRECTION('',(-0.742191626210122,0.,-0.670187727419396));
#84970=AXIS2_PLACEMENT_3D('',#84940,#84950,#84960);
#84980=CIRCLE('',#84970,2.82122844919101);
#84990=CARTESIAN_POINT('',(2.09389213061534,8.19,1.89075268289427));
#85000=VERTEX_POINT('',#84990);
#85010=EDGE_CURVE('',#85000,#84910,#84980,.T.);
#85020=ORIENTED_EDGE('',*,*,#85010,.T.);
#85030=CARTESIAN_POINT('',(2.28223925059613,8.35,2.06082726181464));
#85040=DIRECTION('',(-0.670187727419396,0.,0.742191626210122));
#85050=DIRECTION('',(0.742191626210122,0.,0.670187727419396));
#85060=AXIS2_PLACEMENT_3D('',#85030,#85040,#85050);
#85070=CIRCLE('',#85060,0.3);
#85080=EDGE_CURVE('',#84630,#85000,#85070,.T.);
#85090=ORIENTED_EDGE('',*,*,#85080,.T.);
#85100=ORIENTED_EDGE('',*,*,#84640,.F.);
#85110=ORIENTED_EDGE('',*,*,#83870,.F.);
#85120=EDGE_LOOP('',(#85110,#85100,#85090,#85020,#84930));
#85130=FACE_OUTER_BOUND('',#85120,.T.);
#85140=ADVANCED_FACE('',(#85130),#52010,.T.);
#85150=EDGE_CURVE('',#84580,#84720,#84790,.T.);
#85160=ORIENTED_EDGE('',*,*,#85150,.T.);
#85170=ORIENTED_EDGE('',*,*,#84800,.T.);
#85180=EDGE_LOOP('',(#85170,#85160));
#85190=FACE_OUTER_BOUND('',#85180,.T.);
#85200=EDGE_CURVE('',#83760,#83670,#83740,.T.);
#85210=ORIENTED_EDGE('',*,*,#85200,.T.);
#85220=ORIENTED_EDGE('',*,*,#83770,.T.);
#85230=EDGE_LOOP('',(#85220,#85210));
#85240=FACE_BOUND('',#85230,.T.);
#85250=ADVANCED_FACE('',(#85190,#85240),#32900,.T.);
#85260=CARTESIAN_POINT('',(-8.88178419700125E-16,8.19,-4.7975));
#85270=DIRECTION('',(0.,1.,0.));
#85280=DIRECTION('',(0.,0.,-1.));
#85290=AXIS2_PLACEMENT_3D('',#85260,#85270,#85280);
#85300=PLANE('',#85290);
#85310=EDGE_CURVE('',#84910,#85000,#84980,.T.);
#85320=ORIENTED_EDGE('',*,*,#85310,.F.);
#85330=ORIENTED_EDGE('',*,*,#85010,.F.);
#85340=EDGE_LOOP('',(#85330,#85320));
#85350=FACE_OUTER_BOUND('',#85340,.T.);
#85360=EDGE_CURVE('',#84390,#84300,#84370,.T.);
#85370=ORIENTED_EDGE('',*,*,#85360,.T.);
#85380=ORIENTED_EDGE('',*,*,#84400,.T.);
#85390=EDGE_LOOP('',(#85380,#85370));
#85400=FACE_BOUND('',#85390,.T.);
#85410=ADVANCED_FACE('',(#85350,#85400),#85300,.T.);
#85420=CARTESIAN_POINT('',(-1.93977046885428E-19,9.99999999999997,
5.42976580892665E-20));
#85430=DIRECTION('',(0.,-1.,0.));
#85440=DIRECTION('',(0.,0.,-1.));
#85450=AXIS2_PLACEMENT_3D('',#85420,#85430,#85440);
#85460=CONICAL_SURFACE('',#85450,1.00000000000001,0.785398163397453);
#85470=ORIENTED_EDGE('',*,*,#85360,.F.);
#85480=ORIENTED_EDGE('',*,*,#84310,.T.);
#85490=EDGE_CURVE('',#84060,#83970,#84040,.T.);
#85500=ORIENTED_EDGE('',*,*,#85490,.T.);
#85510=ORIENTED_EDGE('',*,*,#84460,.F.);
#85520=EDGE_LOOP('',(#85510,#85500,#85480,#85470));
#85530=FACE_OUTER_BOUND('',#85520,.T.);
#85540=ADVANCED_FACE('',(#85530),#85460,.T.);
#85550=CARTESIAN_POINT('',(-1.93977046885428E-19,6.70000000000002,
5.42976580892665E-20));
#85560=DIRECTION('',(0.,1.,0.));
#85570=DIRECTION('',(0.,0.,1.));
#85580=AXIS2_PLACEMENT_3D('',#85550,#85560,#85570);
#85590=CONICAL_SURFACE('',#85580,1.00000000000001,0.785398163397453);
#85600=ORIENTED_EDGE('',*,*,#84640,.T.);
#85610=EDGE_CURVE('',#83590,#84630,#83550,.T.);
#85620=ORIENTED_EDGE('',*,*,#85610,.T.);
#85630=ORIENTED_EDGE('',*,*,#84130,.T.);
#85640=ORIENTED_EDGE('',*,*,#85490,.F.);
#85650=ORIENTED_EDGE('',*,*,#83980,.F.);
#85660=EDGE_LOOP('',(#85650,#85640,#85630,#85620,#85600));
#85670=FACE_OUTER_BOUND('',#85660,.T.);
#85680=ADVANCED_FACE('',(#85670),#85590,.T.);
#85690=ORIENTED_EDGE('',*,*,#85200,.F.);
#85700=ORIENTED_EDGE('',*,*,#83680,.T.);
#85710=ORIENTED_EDGE('',*,*,#85610,.F.);
#85720=ORIENTED_EDGE('',*,*,#84640,.F.);
#85730=ORIENTED_EDGE('',*,*,#83850,.F.);
#85740=EDGE_LOOP('',(#85730,#85720,#85710,#85700,#85690));
#85750=FACE_OUTER_BOUND('',#85740,.T.);
#85760=ADVANCED_FACE('',(#85750),#85590,.T.);
#85770=ORIENTED_EDGE('',*,*,#85150,.F.);
#85780=ORIENTED_EDGE('',*,*,#84730,.F.);
#85790=ORIENTED_EDGE('',*,*,#85610,.T.);
#85800=ORIENTED_EDGE('',*,*,#83600,.T.);
#85810=ORIENTED_EDGE('',*,*,#84590,.T.);
#85820=EDGE_LOOP('',(#85810,#85800,#85790,#85780,#85770));
#85830=FACE_OUTER_BOUND('',#85820,.T.);
#85840=ADVANCED_FACE('',(#85830),#11070,.T.);
#85850=ORIENTED_EDGE('',*,*,#83600,.F.);
#85860=ORIENTED_EDGE('',*,*,#85610,.F.);
#85870=ORIENTED_EDGE('',*,*,#85080,.F.);
#85880=ORIENTED_EDGE('',*,*,#85310,.T.);
#85890=ORIENTED_EDGE('',*,*,#84920,.T.);
#85900=EDGE_LOOP('',(#85890,#85880,#85870,#85860,#85850));
#85910=FACE_OUTER_BOUND('',#85900,.T.);
#85920=ADVANCED_FACE('',(#85910),#11070,.T.);
#85930=CLOSED_SHELL('',(#83910,#84190,#84510,#84840,#85140,#85250,#85410
,#85540,#85680,#85760,#85840,#85920));
#85940=ORIENTED_CLOSED_SHELL('',*,#85930,.T.);
#85950=BREP_WITH_VOIDS('',#52570,(#53760,#54950,#55910,#57100,#58290,
#59250,#60210,#61140,#62900,#63680,#64410,#65780,#66510,#69540,#80470,
#81710,#83450,#85940));
#85960=CARTESIAN_POINT('',(-10.3850816804919,0.524999999999999,
2.35000000000005));
#85970=DIRECTION('',(1.,0.,0.));
#85980=DIRECTION('',(0.,1.,0.));
#85990=AXIS2_PLACEMENT_3D('',#85960,#85970,#85980);
#86000=CARTESIAN_POINT('',(-10.3850816804919,0.524999999999999,
2.35000000000005));
#86010=CARTESIAN_POINT('',(-10.3850816804919,0.11820985995901,
2.35000000000005));
#86020=CARTESIAN_POINT('',(-3.85000000000001,0.524999999999999,
2.35000000000005));
#86030=POLYLINE('',(#86000,#86010,#86020));
#86040=COLOUR_RGB('',0.,1.,1.);
#86050=DRAUGHTING_PRE_DEFINED_CURVE_FONT('continuous');
#86060=CURVE_STYLE('',#86050,POSITIVE_LENGTH_MEASURE(0.1),#86040);
#86070=PRESENTATION_STYLE_ASSIGNMENT((#86060));
#86080=(ANNOTATION_CURVE_OCCURRENCE() ANNOTATION_OCCURRENCE() 
DRAUGHTING_ANNOTATION_OCCURRENCE() GEOMETRIC_REPRESENTATION_ITEM() 
LEADER_CURVE() REPRESENTATION_ITEM('') STYLED_ITEM((#86070),#86030));
#86090=DRAUGHTING_PRE_DEFINED_TEXT_FONT('ISO 3098-1 font A');
#86100=TEXT_LITERAL('','Warning: knife Edge found',#85990,
'baseline left',.RIGHT.,#86090);
#86110=DIMENSIONAL_EXPONENTS(1.,0.,0.,0.,0.,0.,0.);
#86120=DIMENSIONAL_EXPONENTS(0.,0.,0.,0.,0.,0.,0.);
#86130=DIMENSIONAL_EXPONENTS(0.,0.,0.,0.,0.,0.,0.);
#86140=(LENGTH_UNIT() NAMED_UNIT(*) SI_UNIT(.MILLI.,.METRE.));
#86150=(NAMED_UNIT(*) PLANE_ANGLE_UNIT() SI_UNIT($,.RADIAN.));
#86160=(NAMED_UNIT(*) SI_UNIT($,.STERADIAN.) SOLID_ANGLE_UNIT());
#86170=(GEOMETRIC_REPRESENTATION_CONTEXT(3) 
GLOBAL_UNCERTAINTY_ASSIGNED_CONTEXT((#86180)) 
GLOBAL_UNIT_ASSIGNED_CONTEXT((#86140,#86150,#86160)) 
REPRESENTATION_CONTEXT('',''));
#86180=UNCERTAINTY_MEASURE_WITH_UNIT(LENGTH_MEASURE(0.0019),#86140,
'distance_accuracy_value','maximum gap value');
#86190=SHAPE_REPRESENTATION('',(#56510,#59840,#57940,#58520),#86170);
#86200=TEXT_STYLE_FOR_DEFINED_FONT(#86040);
#86210=TEXT_STYLE_WITH_BOX_CHARACTERISTICS('',#86200,(BOX_HEIGHT(
0.40679014004099),BOX_WIDTH(0.27132902340734),BOX_SLANT_ANGLE(0.),
BOX_ROTATE_ANGLE(0.)));
#86220=PRESENTATION_STYLE_ASSIGNMENT((#86210));
#86230=(ANNOTATION_OCCURRENCE() ANNOTATION_TEXT_OCCURRENCE() 
DRAUGHTING_ANNOTATION_OCCURRENCE() GEOMETRIC_REPRESENTATION_ITEM() 
REPRESENTATION_ITEM('') STYLED_ITEM((#86220),#86100));
#86240=ANNOTATION_OCCURRENCE_ASSOCIATIVITY('','',#86230,#86080);
#86250=SYMBOL_COLOUR(#86040);
#86260=SYMBOL_STYLE('',#86250);
#86270=PRESENTATION_STYLE_ASSIGNMENT((#86260));
#86280=PRE_DEFINED_TERMINATOR_SYMBOL('filled arrow');
#86290=CARTESIAN_POINT('',(-3.85000000000001,0.524999999999999,
2.35000000000005));
#86300=DIRECTION('',(0.,1.,0.));
#86310=DIRECTION('',(0.,0.,1.));
#86320=AXIS2_PLACEMENT_3D('',#86290,#86300,#86310);
#86330=SYMBOL_TARGET('',#86320,0.40679014004099,0.40679014004099);
#86340=DEFINED_SYMBOL('',#86280,#86330);
#86350=(ANNOTATION_OCCURRENCE() ANNOTATION_SYMBOL_OCCURRENCE() 
DRAUGHTING_ANNOTATION_OCCURRENCE() GEOMETRIC_REPRESENTATION_ITEM() 
LEADER_TERMINATOR() REPRESENTATION_ITEM('') STYLED_ITEM((#86270),#86340)
 TERMINATOR_SYMBOL(#86080));
#86360=LEADER_DIRECTED_CALLOUT('',(#86230,#86080,#86350));
#86370=SHAPE_REPRESENTATION('',(#86360),#86170);
#86380=CARTESIAN_POINT('',(3.84999999999999,-7.91224224065584,
-1.14999999999999));
#86390=DIRECTION('',(0.,-1.,0.));
#86400=DIRECTION('',(1.,0.,0.));
#86410=AXIS2_PLACEMENT_3D('',#86380,#86390,#86400);
#86420=CARTESIAN_POINT('',(3.84999999999999,-7.91224224065584,
-1.14999999999999));
#86430=CARTESIAN_POINT('',(3.443209859959,-7.91224224065584,
-1.14999999999999));
#86440=CARTESIAN_POINT('',(3.84999999999999,0.524999999999999,
-1.14999999999999));
#86450=POLYLINE('',(#86420,#86430,#86440));
#86460=COLOUR_RGB('',0.,1.,1.);
#86470=DRAUGHTING_PRE_DEFINED_CURVE_FONT('continuous');
#86480=CURVE_STYLE('',#86470,POSITIVE_LENGTH_MEASURE(0.1),#86460);
#86490=PRESENTATION_STYLE_ASSIGNMENT((#86480));
#86500=(ANNOTATION_CURVE_OCCURRENCE() ANNOTATION_OCCURRENCE() 
DRAUGHTING_ANNOTATION_OCCURRENCE() GEOMETRIC_REPRESENTATION_ITEM() 
LEADER_CURVE() REPRESENTATION_ITEM('') STYLED_ITEM((#86490),#86450));
#86510=DRAUGHTING_PRE_DEFINED_TEXT_FONT('ISO 3098-1 font A');
#86520=TEXT_LITERAL('','Warning: knife Edge found',#86410,
'baseline left',.RIGHT.,#86510);
#86530=DIMENSIONAL_EXPONENTS(1.,0.,0.,0.,0.,0.,0.);
#86540=DIMENSIONAL_EXPONENTS(0.,0.,0.,0.,0.,0.,0.);
#86550=DIMENSIONAL_EXPONENTS(0.,0.,0.,0.,0.,0.,0.);
#86560=(LENGTH_UNIT() NAMED_UNIT(*) SI_UNIT(.MILLI.,.METRE.));
#86570=(NAMED_UNIT(*) PLANE_ANGLE_UNIT() SI_UNIT($,.RADIAN.));
#86580=(NAMED_UNIT(*) SI_UNIT($,.STERADIAN.) SOLID_ANGLE_UNIT());
#86590=(GEOMETRIC_REPRESENTATION_CONTEXT(3) 
GLOBAL_UNCERTAINTY_ASSIGNED_CONTEXT((#86600)) 
GLOBAL_UNIT_ASSIGNED_CONTEXT((#86560,#86570,#86580)) 
REPRESENTATION_CONTEXT('',''));
#86600=UNCERTAINTY_MEASURE_WITH_UNIT(LENGTH_MEASURE(0.0019),#86560,
'distance_accuracy_value','maximum gap value');
#86610=SHAPE_REPRESENTATION('',(#55320,#54120,#53580),#86590);
#86620=TEXT_STYLE_FOR_DEFINED_FONT(#86460);
#86630=TEXT_STYLE_WITH_BOX_CHARACTERISTICS('',#86620,(BOX_HEIGHT(
0.40679014004099),BOX_WIDTH(0.27132902340734),BOX_SLANT_ANGLE(0.),
BOX_ROTATE_ANGLE(0.)));
#86640=PRESENTATION_STYLE_ASSIGNMENT((#86630));
#86650=(ANNOTATION_OCCURRENCE() ANNOTATION_TEXT_OCCURRENCE() 
DRAUGHTING_ANNOTATION_OCCURRENCE() GEOMETRIC_REPRESENTATION_ITEM() 
REPRESENTATION_ITEM('') STYLED_ITEM((#86640),#86520));
#86660=ANNOTATION_OCCURRENCE_ASSOCIATIVITY('','',#86650,#86500);
#86670=SYMBOL_COLOUR(#86460);
#86680=SYMBOL_STYLE('',#86670);
#86690=PRESENTATION_STYLE_ASSIGNMENT((#86680));
#86700=PRE_DEFINED_TERMINATOR_SYMBOL('filled arrow');
#86710=CARTESIAN_POINT('',(3.84999999999999,0.524999999999999,
-1.14999999999999));
#86720=DIRECTION('',(1.,0.,0.));
#86730=DIRECTION('',(-0.,0.,1.));
#86740=AXIS2_PLACEMENT_3D('',#86710,#86720,#86730);
#86750=SYMBOL_TARGET('',#86740,0.40679014004099,0.40679014004099);
#86760=DEFINED_SYMBOL('',#86700,#86750);
#86770=(ANNOTATION_OCCURRENCE() ANNOTATION_SYMBOL_OCCURRENCE() 
DRAUGHTING_ANNOTATION_OCCURRENCE() GEOMETRIC_REPRESENTATION_ITEM() 
LEADER_TERMINATOR() REPRESENTATION_ITEM('') STYLED_ITEM((#86690),#86760)
 TERMINATOR_SYMBOL(#86500));
#86780=LEADER_DIRECTED_CALLOUT('',(#86650,#86500,#86770));
#86790=SHAPE_REPRESENTATION('',(#86780),#86590);
#86800=CARTESIAN_POINT('',(0.,0.,0.));
#86810=DIRECTION('',(0.,0.,1.));
#86820=DIRECTION('',(1.,0.,0.));
#86830=AXIS2_PLACEMENT_3D('',#86800,#86810,#86820);
#86840=APPLICATION_CONTEXT(' ');
#86850=APPLICATION_PROTOCOL_DEFINITION(' ','automotive_design',1998,
#86840);
#86860=PRODUCT_CONTEXT('',#86840,'mechanical');
#86870=PRODUCT_DEFINITION_CONTEXT('part definition',#86840,'design');
#86880=PRODUCT('13M229-01-101_HOUSING_CUT.PRT',
'13M229-01-101_HOUSING_CUT.PRT','',(#86860));
#86890=PRODUCT_RELATED_PRODUCT_CATEGORY('part',' ',(#86880));
#86900=PRODUCT_DEFINITION_FORMATION_WITH_SPECIFIED_SOURCE('','',#86880,
.BOUGHT.);
#86910=PRODUCT_DEFINITION('',' ',#86900,#86870);
#86920=PRODUCT_DEFINITION_SHAPE('','',#86910);
#86930=DIMENSIONAL_EXPONENTS(1.,0.,0.,0.,0.,0.,0.);
#86940=DIMENSIONAL_EXPONENTS(0.,0.,0.,0.,0.,0.,0.);
#86950=DIMENSIONAL_EXPONENTS(0.,0.,0.,0.,0.,0.,0.);
#86960=(LENGTH_UNIT() NAMED_UNIT(*) SI_UNIT(.MILLI.,.METRE.));
#86970=(NAMED_UNIT(*) PLANE_ANGLE_UNIT() SI_UNIT($,.RADIAN.));
#86980=(NAMED_UNIT(*) SI_UNIT($,.STERADIAN.) SOLID_ANGLE_UNIT());
#86990=(GEOMETRIC_REPRESENTATION_CONTEXT(3) 
GLOBAL_UNCERTAINTY_ASSIGNED_CONTEXT((#87000)) 
GLOBAL_UNIT_ASSIGNED_CONTEXT((#86960,#86970,#86980)) 
REPRESENTATION_CONTEXT('',''));
#87000=UNCERTAINTY_MEASURE_WITH_UNIT(LENGTH_MEASURE(0.0019),#86960,
'distance_accuracy_value','maximum gap value');
#87010=SHAPE_REPRESENTATION('',(#86830,#85950,#86100,#86080,#86520,
#86500),#86990);
#87020=SHAPE_DEFINITION_REPRESENTATION(#86920,#87010);
#87030=SHAPE_ASPECT('','',#86920,.T.);
#87040=PROPERTY_DEFINITION('','',#87030);
#87050=SHAPE_DEFINITION_REPRESENTATION(#87040,#86190);
#87060=SHAPE_ASPECT('','',#86920,.F.);
#87070=PROPERTY_DEFINITION('','',#87060);
#87080=SHAPE_DEFINITION_REPRESENTATION(#87070,#86370);
#87090=SHAPE_ASPECT_ASSOCIATIVITY('','',#87030,#87060);
#87100=SHAPE_ASPECT('','',#86920,.T.);
#87110=PROPERTY_DEFINITION('','',#87100);
#87120=SHAPE_DEFINITION_REPRESENTATION(#87110,#86610);
#87130=SHAPE_ASPECT('','',#86920,.F.);
#87140=PROPERTY_DEFINITION('','',#87130);
#87150=SHAPE_DEFINITION_REPRESENTATION(#87140,#86790);
#87160=SHAPE_ASPECT_ASSOCIATIVITY('','',#87100,#87130);
#87170=COLOUR_RGB('',0.600000023841858,0.600000023841858,
0.600000023841858);
#87180=FILL_AREA_STYLE_COLOUR('',#87170);
#87190=FILL_AREA_STYLE('',(#87180));
#87200=SURFACE_STYLE_FILL_AREA(#87190);
#87210=SURFACE_SIDE_STYLE('',(#87200));
#87220=SURFACE_STYLE_USAGE(.BOTH.,#87210);
#87230=PRESENTATION_STYLE_ASSIGNMENT((#87220));
#87240=STYLED_ITEM('',(#87230),#85950);
#87250=DRAUGHTING_MODEL('',(#86230,#86080,#86350,#86650,#86500,#86770,
#87240),#86990);
ENDSEC;
END-ISO-10303-21;
