ISO-10303-21;
HEADER;
/* Generated by software containing ST-Developer
 * from STEP Tools, Inc. (www.steptools.com) 
 */
/* OPTION: using custom renumber hook */

FILE_DESCRIPTION(
/* description */ ('STEP AP242',
'CAx-IF Rec.Pracs.---Representation and Presentation of Product Manufa
cturing Information (PMI)---4.0---2014-10-13',
'CAx-IF Rec.Pracs.---3D Tessellated Geometry---0.4---2014-09-14','2;1'),

/* implementation_level */ '2;1');

FILE_NAME(
/* name */ '67d273a11311a7217fedb4c6',
/* time_stamp */ '2025-03-13T05:56:50Z',
/* author */ (''),
/* organization */ (''),
/* preprocessor_version */ 'ST-DEVELOPER v20',
/* originating_system */ 'ONSHAPE BY PTC INC, 1.194',
/* authorisation */ '  ');

FILE_SCHEMA (('AP242_MANAGED_MODEL_BASED_3D_ENGINEERING_MIM_LF { 1 0 10303 442 1 1 4 }'));
ENDSEC;

DATA;
#10=CONICAL_SURFACE('',#5805,0.0254,0.261799387799154);
#11=CONICAL_SURFACE('',#5851,0.0254,0.0284488668075076);
#12=SPHERICAL_SURFACE('',#5800,0.0113);
#13=SPHERICAL_SURFACE('',#5803,0.0112600286371444);
#14=MANIFOLD_SOLID_BREP('Body2',#5151);
#15=CONTEXT_DEPENDENT_SHAPE_REPRESENTATION(#19,#8821);
#16=CONTEXT_DEPENDENT_SHAPE_REPRESENTATION(#20,#8823);
#17=NEXT_ASSEMBLY_USAGE_OCCURRENCE('NAUO1','Body1','Body1',#8824,#8825,
'');
#18=NEXT_ASSEMBLY_USAGE_OCCURRENCE('NAUO2','Body2','Body2',#8824,#8826,
'');
#19=(
REPRESENTATION_RELATIONSHIP(' ',' ',#5419,#5418)
REPRESENTATION_RELATIONSHIP_WITH_TRANSFORMATION(#21)
SHAPE_REPRESENTATION_RELATIONSHIP()
);
#20=(
REPRESENTATION_RELATIONSHIP(' ',' ',#5420,#5418)
REPRESENTATION_RELATIONSHIP_WITH_TRANSFORMATION(#22)
SHAPE_REPRESENTATION_RELATIONSHIP()
);
#21=ITEM_DEFINED_TRANSFORMATION(' ',' ',#5421,#5799);
#22=ITEM_DEFINED_TRANSFORMATION(' ',' ',#5421,#5855);
#23=SHAPE_REPRESENTATION_RELATIONSHIP('','',#5419,#25);
#24=SHAPE_REPRESENTATION_RELATIONSHIP('','',#5420,#26);
#25=ADVANCED_BREP_SHAPE_REPRESENTATION('',(#5414),#8811);
#26=ADVANCED_BREP_SHAPE_REPRESENTATION('',(#14),#8812);
#27=ORIENTED_CLOSED_SHELL('',*,#5147,.F.);
#28=ORIENTED_CLOSED_SHELL('',*,#5148,.F.);
#29=ORIENTED_CLOSED_SHELL('',*,#5149,.F.);
#30=ORIENTED_CLOSED_SHELL('',*,#5150,.F.);
#31=VERTEX_LOOP('',#2652);
#32=VERTEX_LOOP('',#2654);
#33=VERTEX_LOOP('',#2656);
#34=VERTEX_LOOP('',#2658);
#35=DEGENERATE_TOROIDAL_SURFACE('',#5597,9.82805625509807E-5,0.000719999999999956,
 .F.);
#36=DEGENERATE_TOROIDAL_SURFACE('',#5599,9.82805625509694E-5,0.000719999999999915,
 .F.);
#37=DEGENERATE_TOROIDAL_SURFACE('',#5601,9.8280562550972E-5,0.000719999999999979,
 .F.);
#38=DEGENERATE_TOROIDAL_SURFACE('',#5603,9.8280562551031E-5,0.000720000000000032,
 .F.);
#39=DEGENERATE_TOROIDAL_SURFACE('',#5854,4.92867568283231E-5,0.000911333739306664,
 .F.);
#40=B_SPLINE_CURVE_WITH_KNOTS('',3,(#7927,#7928,#7929,#7930,#7931,#7932,
#7933,#7934,#7935,#7936,#7937,#7938,#7939,#7940),.UNSPECIFIED.,.F.,.F.,
(4,2,2,2,2,2,4),(-0.004463459801554,-0.004373970624316,-0.003528448981854,
-0.00270828815855,-0.001643901174045,-0.000781282346474,0.),
 .UNSPECIFIED.);
#41=B_SPLINE_CURVE_WITH_KNOTS('',3,(#7944,#7945,#7946,#7947,#7948,#7949,
#7950,#7951,#7952,#7953,#7954,#7955,#7956,#7957),.UNSPECIFIED.,.F.,.F.,
(4,2,2,2,2,2,4),(-9.0106339624E-5,0.,0.000851352785072,0.001677169850019,
0.002748897382638,0.003617465263609,0.004404135726185),.UNSPECIFIED.);
#42=B_SPLINE_CURVE_WITH_KNOTS('',3,(#7969,#7970,#7971,#7972,#7973,#7974,
#7975,#7976,#7977,#7978,#7979,#7980,#7981,#7982),.UNSPECIFIED.,.F.,.F.,
(4,2,2,2,2,2,4),(-0.004463459801585,-0.004373970624347,-0.003528448981878,
-0.002708288158567,-0.001643901174054,-0.000781282346476,0.),
 .UNSPECIFIED.);
#43=B_SPLINE_CURVE_WITH_KNOTS('',3,(#7986,#7987,#7988,#7989,#7990,#7991,
#7992,#7993,#7994,#7995,#7996,#7997,#7998,#7999),.UNSPECIFIED.,.F.,.F.,
(4,2,2,2,2,2,4),(-9.0106339624E-5,0.,0.000851352785072,0.00167716985002,
0.002748897382641,0.003617465263613,0.004404135726195),.UNSPECIFIED.);
#44=TOROIDAL_SURFACE('',#5531,0.000475,2.50000000000016E-5);
#45=TOROIDAL_SURFACE('',#5573,0.000975000000000012,2.50000000000016E-5);
#46=TOROIDAL_SURFACE('',#5580,0.000975000000000012,2.50000000000016E-5);
#47=TOROIDAL_SURFACE('',#5585,0.000525000000000008,2.50000000000016E-5);
#48=TOROIDAL_SURFACE('',#5853,0.00138635435949399,0.000150000000000009);
#49=ELLIPSE('',#5513,3.53553390593354E-5,2.50000000000016E-5);
#50=ELLIPSE('',#5514,3.53553390593354E-5,2.50000000000016E-5);
#51=ELLIPSE('',#5516,3.53553390593354E-5,2.50000000000016E-5);
#52=ELLIPSE('',#5518,3.53553390593354E-5,2.50000000000016E-5);
#53=ELLIPSE('',#5522,3.53553390593354E-5,2.50000000000016E-5);
#54=ELLIPSE('',#5523,3.53553390593354E-5,2.50000000000016E-5);
#55=ELLIPSE('',#5525,3.53553390593354E-5,2.50000000000016E-5);
#56=ELLIPSE('',#5527,3.53553390593354E-5,2.50000000000016E-5);
#57=ELLIPSE('',#5535,3.53553390593296E-5,2.50000000000016E-5);
#58=ELLIPSE('',#5536,3.53553390593296E-5,2.50000000000016E-5);
#59=ELLIPSE('',#5538,3.53553390593296E-5,2.50000000000016E-5);
#60=ELLIPSE('',#5540,3.53553390593296E-5,2.50000000000016E-5);
#61=ELLIPSE('',#5546,3.53553390593354E-5,2.50000000000016E-5);
#62=ELLIPSE('',#5548,3.53553390593354E-5,2.50000000000016E-5);
#63=ELLIPSE('',#5551,3.53553390593296E-5,2.50000000000016E-5);
#64=ELLIPSE('',#5553,3.53553390593296E-5,2.50000000000016E-5);
#65=ELLIPSE('',#5557,3.53553390593296E-5,2.50000000000016E-5);
#66=ELLIPSE('',#5558,3.53553390593296E-5,2.50000000000016E-5);
#67=ELLIPSE('',#5560,3.53553390593296E-5,2.50000000000016E-5);
#68=ELLIPSE('',#5562,3.53553390593296E-5,2.50000000000016E-5);
#69=ELLIPSE('',#5570,3.53553390593354E-5,2.50000000000016E-5);
#70=ELLIPSE('',#5571,3.53553390593354E-5,2.50000000000016E-5);
#71=ELLIPSE('',#5576,3.53553390593296E-5,2.50000000000016E-5);
#72=ELLIPSE('',#5578,3.53553390593296E-5,2.50000000000016E-5);
#73=ELLIPSE('',#5640,0.000211603522526831,0.000204845589078996);
#74=ELLIPSE('',#5696,0.000211603542038399,0.00020484562686114);
#75=CYLINDRICAL_SURFACE('',#5434,0.00255);
#76=CYLINDRICAL_SURFACE('',#5439,0.00255);
#77=CYLINDRICAL_SURFACE('',#5444,0.00255);
#78=CYLINDRICAL_SURFACE('',#5449,0.00255);
#79=CYLINDRICAL_SURFACE('',#5501,0.000999999999999988);
#80=CYLINDRICAL_SURFACE('',#5512,2.50000000000016E-5);
#81=CYLINDRICAL_SURFACE('',#5515,2.50000000000016E-5);
#82=CYLINDRICAL_SURFACE('',#5517,2.50000000000016E-5);
#83=CYLINDRICAL_SURFACE('',#5519,2.50000000000016E-5);
#84=CYLINDRICAL_SURFACE('',#5521,2.50000000000016E-5);
#85=CYLINDRICAL_SURFACE('',#5524,2.50000000000016E-5);
#86=CYLINDRICAL_SURFACE('',#5526,2.50000000000016E-5);
#87=CYLINDRICAL_SURFACE('',#5528,2.50000000000016E-5);
#88=CYLINDRICAL_SURFACE('',#5534,2.50000000000016E-5);
#89=CYLINDRICAL_SURFACE('',#5537,2.50000000000016E-5);
#90=CYLINDRICAL_SURFACE('',#5539,2.50000000000016E-5);
#91=CYLINDRICAL_SURFACE('',#5541,2.50000000000016E-5);
#92=CYLINDRICAL_SURFACE('',#5545,2.50000000000016E-5);
#93=CYLINDRICAL_SURFACE('',#5547,2.50000000000016E-5);
#94=CYLINDRICAL_SURFACE('',#5549,2.50000000000016E-5);
#95=CYLINDRICAL_SURFACE('',#5550,2.50000000000016E-5);
#96=CYLINDRICAL_SURFACE('',#5552,2.50000000000016E-5);
#97=CYLINDRICAL_SURFACE('',#5554,2.50000000000016E-5);
#98=CYLINDRICAL_SURFACE('',#5556,2.50000000000016E-5);
#99=CYLINDRICAL_SURFACE('',#5559,2.50000000000016E-5);
#100=CYLINDRICAL_SURFACE('',#5561,2.50000000000016E-5);
#101=CYLINDRICAL_SURFACE('',#5563,2.50000000000016E-5);
#102=CYLINDRICAL_SURFACE('',#5567,0.000999999999999988);
#103=CYLINDRICAL_SURFACE('',#5569,2.50000000000016E-5);
#104=CYLINDRICAL_SURFACE('',#5572,2.50000000000016E-5);
#105=CYLINDRICAL_SURFACE('',#5575,2.50000000000016E-5);
#106=CYLINDRICAL_SURFACE('',#5577,2.50000000000016E-5);
#107=CYLINDRICAL_SURFACE('',#5579,2.50000000000016E-5);
#108=CYLINDRICAL_SURFACE('',#5582,2.50000000000016E-5);
#109=CYLINDRICAL_SURFACE('',#5614,0.00175);
#110=CYLINDRICAL_SURFACE('',#5632,0.000249999999999991);
#111=CYLINDRICAL_SURFACE('',#5639,0.00045);
#112=CYLINDRICAL_SURFACE('',#5646,0.000249999999999991);
#113=CYLINDRICAL_SURFACE('',#5649,0.0004);
#114=CYLINDRICAL_SURFACE('',#5651,0.000100000000000006);
#115=CYLINDRICAL_SURFACE('',#5657,0.000500000000000007);
#116=CYLINDRICAL_SURFACE('',#5658,0.000249999999999991);
#117=CYLINDRICAL_SURFACE('',#5663,0.000249999999999991);
#118=CYLINDRICAL_SURFACE('',#5688,0.000249999999999991);
#119=CYLINDRICAL_SURFACE('',#5695,0.00045);
#120=CYLINDRICAL_SURFACE('',#5698,0.000249999999999991);
#121=CYLINDRICAL_SURFACE('',#5701,0.0004);
#122=CYLINDRICAL_SURFACE('',#5704,0.000100000000000006);
#123=CYLINDRICAL_SURFACE('',#5711,0.000500000000000007);
#124=CYLINDRICAL_SURFACE('',#5714,0.000249999999999991);
#125=CYLINDRICAL_SURFACE('',#5719,0.000249999999999991);
#126=CYLINDRICAL_SURFACE('',#5722,0.000249999999999991);
#127=CYLINDRICAL_SURFACE('',#5725,0.000249999999999991);
#128=CYLINDRICAL_SURFACE('',#5733,0.0004);
#129=CYLINDRICAL_SURFACE('',#5736,0.0004);
#130=CYLINDRICAL_SURFACE('',#5739,0.0004);
#131=CYLINDRICAL_SURFACE('',#5742,0.0004);
#132=CYLINDRICAL_SURFACE('',#5747,0.0004);
#133=CYLINDRICAL_SURFACE('',#5748,0.0004);
#134=CYLINDRICAL_SURFACE('',#5751,0.0004);
#135=CYLINDRICAL_SURFACE('',#5754,0.0004);
#136=CYLINDRICAL_SURFACE('',#5756,0.0004);
#137=CYLINDRICAL_SURFACE('',#5761,0.0004);
#138=CYLINDRICAL_SURFACE('',#5773,0.000375);
#139=CYLINDRICAL_SURFACE('',#5774,0.000375);
#140=CYLINDRICAL_SURFACE('',#5775,0.000375);
#141=CYLINDRICAL_SURFACE('',#5778,0.000375);
#142=CYLINDRICAL_SURFACE('',#5789,0.000375);
#143=CYLINDRICAL_SURFACE('',#5790,0.000375);
#144=CYLINDRICAL_SURFACE('',#5791,0.000375);
#145=CYLINDRICAL_SURFACE('',#5794,0.000375);
#146=CYLINDRICAL_SURFACE('',#5820,0.0025);
#147=CYLINDRICAL_SURFACE('',#5825,0.001285);
#148=CYLINDRICAL_SURFACE('',#5827,0.000875);
#149=CYLINDRICAL_SURFACE('',#5832,0.000875);
#150=CYLINDRICAL_SURFACE('',#5834,0.001285);
#151=CYLINDRICAL_SURFACE('',#5839,0.001285);
#152=CYLINDRICAL_SURFACE('',#5841,0.000875);
#153=CYLINDRICAL_SURFACE('',#5846,0.000875);
#154=CYLINDRICAL_SURFACE('',#5848,0.001285);
#155=CIRCLE('',#5428,2.50000000000016E-5);
#156=CIRCLE('',#5429,2.50000000000016E-5);
#157=CIRCLE('',#5435,0.00255);
#158=CIRCLE('',#5436,0.00255);
#159=CIRCLE('',#5440,0.00255);
#160=CIRCLE('',#5441,0.00255);
#161=CIRCLE('',#5445,0.00255);
#162=CIRCLE('',#5446,0.00255);
#163=CIRCLE('',#5450,0.00255);
#164=CIRCLE('',#5451,0.00255);
#165=CIRCLE('',#5498,0.000999999999999988);
#166=CIRCLE('',#5499,0.000999999999999988);
#167=CIRCLE('',#5502,0.000999999999999988);
#168=CIRCLE('',#5507,2.50000000000016E-5);
#169=CIRCLE('',#5508,2.50000000000016E-5);
#170=CIRCLE('',#5530,0.000475);
#171=CIRCLE('',#5532,0.000500000000000007);
#172=CIRCLE('',#5568,0.000999999999999988);
#173=CIRCLE('',#5574,0.000975000000000012);
#174=CIRCLE('',#5581,0.000975000000000012);
#175=CIRCLE('',#5584,0.000525000000000008);
#176=CIRCLE('',#5598,0.00055000000000001);
#177=CIRCLE('',#5600,0.00055000000000001);
#178=CIRCLE('',#5602,0.00055000000000001);
#179=CIRCLE('',#5604,0.00055000000000001);
#180=CIRCLE('',#5615,0.00175);
#181=CIRCLE('',#5616,0.00175);
#182=CIRCLE('',#5621,0.000500000000000007);
#183=CIRCLE('',#5622,0.0004);
#184=CIRCLE('',#5623,0.000100000000000006);
#185=CIRCLE('',#5629,0.000100000000000006);
#186=CIRCLE('',#5630,0.0004);
#187=CIRCLE('',#5631,0.000500000000000007);
#188=CIRCLE('',#5633,0.000249999999999991);
#189=CIRCLE('',#5634,0.000249999999999991);
#190=CIRCLE('',#5638,0.00045);
#191=CIRCLE('',#5641,0.00045);
#192=CIRCLE('',#5642,0.00045);
#193=CIRCLE('',#5644,0.000249999999999991);
#194=CIRCLE('',#5647,0.000249999999999991);
#195=CIRCLE('',#5654,0.000249999999999991);
#196=CIRCLE('',#5655,0.000249999999999991);
#197=CIRCLE('',#5659,0.000249999999999991);
#198=CIRCLE('',#5662,0.000249999999999991);
#199=CIRCLE('',#5665,0.000249999999999991);
#200=CIRCLE('',#5667,0.0004);
#201=CIRCLE('',#5668,0.000249999999999991);
#202=CIRCLE('',#5669,0.00045);
#203=CIRCLE('',#5670,0.0004);
#204=CIRCLE('',#5671,0.0004);
#205=CIRCLE('',#5672,0.0004);
#206=CIRCLE('',#5673,0.0004);
#207=CIRCLE('',#5679,0.000100000000000006);
#208=CIRCLE('',#5680,0.0004);
#209=CIRCLE('',#5681,0.000500000000000007);
#210=CIRCLE('',#5686,0.000249999999999991);
#211=CIRCLE('',#5689,0.000249999999999991);
#212=CIRCLE('',#5692,0.00045);
#213=CIRCLE('',#5697,0.00045);
#214=CIRCLE('',#5699,0.000249999999999991);
#215=CIRCLE('',#5702,0.0004);
#216=CIRCLE('',#5705,0.000100000000000006);
#217=CIRCLE('',#5708,0.000249999999999991);
#218=CIRCLE('',#5709,0.000249999999999991);
#219=CIRCLE('',#5712,0.000500000000000007);
#220=CIRCLE('',#5715,0.000249999999999991);
#221=CIRCLE('',#5717,0.000249999999999991);
#222=CIRCLE('',#5721,0.000249999999999991);
#223=CIRCLE('',#5724,0.000249999999999991);
#224=CIRCLE('',#5726,0.000249999999999991);
#225=CIRCLE('',#5728,0.0004);
#226=CIRCLE('',#5729,0.0004);
#227=CIRCLE('',#5730,0.0004);
#228=CIRCLE('',#5731,0.0004);
#229=CIRCLE('',#5732,0.0004);
#230=CIRCLE('',#5734,0.0004);
#231=CIRCLE('',#5737,0.0004);
#232=CIRCLE('',#5740,0.0004);
#233=CIRCLE('',#5743,0.0004);
#234=CIRCLE('',#5745,0.0004);
#235=CIRCLE('',#5749,0.0004);
#236=CIRCLE('',#5752,0.0004);
#237=CIRCLE('',#5755,0.0004);
#238=CIRCLE('',#5757,0.0004);
#239=CIRCLE('',#5760,0.0004);
#240=CIRCLE('',#5768,0.000375);
#241=CIRCLE('',#5769,0.000375);
#242=CIRCLE('',#5771,0.000375);
#243=CIRCLE('',#5772,0.000375);
#244=CIRCLE('',#5776,0.000375);
#245=CIRCLE('',#5777,0.000375);
#246=CIRCLE('',#5779,0.000375);
#247=CIRCLE('',#5780,0.000375);
#248=CIRCLE('',#5784,0.000375);
#249=CIRCLE('',#5785,0.000375);
#250=CIRCLE('',#5787,0.000375);
#251=CIRCLE('',#5788,0.000375);
#252=CIRCLE('',#5792,0.000375);
#253=CIRCLE('',#5793,0.000375);
#254=CIRCLE('',#5795,0.000375);
#255=CIRCLE('',#5796,0.000375);
#256=CIRCLE('',#5801,0.0025103527618041);
#257=CIRCLE('',#5802,0.000185700319311979);
#258=CIRCLE('',#5804,0.0025);
#259=CIRCLE('',#5807,0.000875);
#260=CIRCLE('',#5808,0.001285);
#261=CIRCLE('',#5809,0.001285);
#262=CIRCLE('',#5810,0.000875);
#263=CIRCLE('',#5811,0.000875);
#264=CIRCLE('',#5812,0.001285);
#265=CIRCLE('',#5813,0.001285);
#266=CIRCLE('',#5814,0.000875);
#267=CIRCLE('',#5815,0.000827085986014966);
#268=CIRCLE('',#5816,0.0025);
#269=CIRCLE('',#5818,0.00171);
#270=CIRCLE('',#5819,0.0025);
#271=CIRCLE('',#5822,0.000875);
#272=CIRCLE('',#5823,0.001285);
#273=CIRCLE('',#5829,0.001285);
#274=CIRCLE('',#5830,0.000875);
#275=CIRCLE('',#5836,0.000875);
#276=CIRCLE('',#5837,0.001285);
#277=CIRCLE('',#5843,0.001285);
#278=CIRCLE('',#5844,0.000875);
#279=CIRCLE('',#5850,0.00138635435949399);
#280=CIRCLE('',#5852,0.00153629366323612);
#281=ORIENTED_EDGE('',*,*,#1709,.T.);
#282=ORIENTED_EDGE('',*,*,#1710,.F.);
#283=ORIENTED_EDGE('',*,*,#1711,.F.);
#284=ORIENTED_EDGE('',*,*,#1712,.T.);
#285=ORIENTED_EDGE('',*,*,#1713,.T.);
#286=ORIENTED_EDGE('',*,*,#1714,.F.);
#287=ORIENTED_EDGE('',*,*,#1715,.T.);
#288=ORIENTED_EDGE('',*,*,#1716,.T.);
#289=ORIENTED_EDGE('',*,*,#1717,.T.);
#290=ORIENTED_EDGE('',*,*,#1718,.F.);
#291=ORIENTED_EDGE('',*,*,#1719,.T.);
#292=ORIENTED_EDGE('',*,*,#1720,.T.);
#293=ORIENTED_EDGE('',*,*,#1721,.T.);
#294=ORIENTED_EDGE('',*,*,#1722,.T.);
#295=ORIENTED_EDGE('',*,*,#1723,.T.);
#296=ORIENTED_EDGE('',*,*,#1724,.F.);
#297=ORIENTED_EDGE('',*,*,#1725,.T.);
#298=ORIENTED_EDGE('',*,*,#1726,.T.);
#299=ORIENTED_EDGE('',*,*,#1727,.T.);
#300=ORIENTED_EDGE('',*,*,#1728,.T.);
#301=ORIENTED_EDGE('',*,*,#1729,.T.);
#302=ORIENTED_EDGE('',*,*,#1730,.T.);
#303=ORIENTED_EDGE('',*,*,#1731,.T.);
#304=ORIENTED_EDGE('',*,*,#1732,.T.);
#305=ORIENTED_EDGE('',*,*,#1733,.T.);
#306=ORIENTED_EDGE('',*,*,#1734,.T.);
#307=ORIENTED_EDGE('',*,*,#1735,.T.);
#308=ORIENTED_EDGE('',*,*,#1736,.T.);
#309=ORIENTED_EDGE('',*,*,#1726,.F.);
#310=ORIENTED_EDGE('',*,*,#1737,.T.);
#311=ORIENTED_EDGE('',*,*,#1738,.T.);
#312=ORIENTED_EDGE('',*,*,#1739,.T.);
#313=ORIENTED_EDGE('',*,*,#1740,.F.);
#314=ORIENTED_EDGE('',*,*,#1711,.T.);
#315=ORIENTED_EDGE('',*,*,#1741,.T.);
#316=ORIENTED_EDGE('',*,*,#1742,.T.);
#317=ORIENTED_EDGE('',*,*,#1743,.T.);
#318=ORIENTED_EDGE('',*,*,#1744,.T.);
#319=ORIENTED_EDGE('',*,*,#1741,.F.);
#320=ORIENTED_EDGE('',*,*,#1710,.T.);
#321=ORIENTED_EDGE('',*,*,#1745,.T.);
#322=ORIENTED_EDGE('',*,*,#1746,.T.);
#323=ORIENTED_EDGE('',*,*,#1747,.F.);
#324=ORIENTED_EDGE('',*,*,#1748,.T.);
#325=ORIENTED_EDGE('',*,*,#1749,.T.);
#326=ORIENTED_EDGE('',*,*,#1750,.T.);
#327=ORIENTED_EDGE('',*,*,#1751,.T.);
#328=ORIENTED_EDGE('',*,*,#1752,.T.);
#329=ORIENTED_EDGE('',*,*,#1753,.F.);
#330=ORIENTED_EDGE('',*,*,#1754,.T.);
#331=ORIENTED_EDGE('',*,*,#1755,.T.);
#332=ORIENTED_EDGE('',*,*,#1756,.T.);
#333=ORIENTED_EDGE('',*,*,#1757,.T.);
#334=ORIENTED_EDGE('',*,*,#1758,.T.);
#335=ORIENTED_EDGE('',*,*,#1759,.T.);
#336=ORIENTED_EDGE('',*,*,#1760,.T.);
#337=ORIENTED_EDGE('',*,*,#1761,.T.);
#338=ORIENTED_EDGE('',*,*,#1762,.T.);
#339=ORIENTED_EDGE('',*,*,#1763,.T.);
#340=ORIENTED_EDGE('',*,*,#1764,.T.);
#341=ORIENTED_EDGE('',*,*,#1765,.T.);
#342=ORIENTED_EDGE('',*,*,#1755,.F.);
#343=ORIENTED_EDGE('',*,*,#1766,.T.);
#344=ORIENTED_EDGE('',*,*,#1767,.T.);
#345=ORIENTED_EDGE('',*,*,#1768,.T.);
#346=ORIENTED_EDGE('',*,*,#1769,.F.);
#347=ORIENTED_EDGE('',*,*,#1770,.T.);
#348=ORIENTED_EDGE('',*,*,#1714,.T.);
#349=ORIENTED_EDGE('',*,*,#1771,.T.);
#350=ORIENTED_EDGE('',*,*,#1772,.F.);
#351=ORIENTED_EDGE('',*,*,#1773,.T.);
#352=ORIENTED_EDGE('',*,*,#1774,.F.);
#353=ORIENTED_EDGE('',*,*,#1775,.T.);
#354=ORIENTED_EDGE('',*,*,#1776,.F.);
#355=ORIENTED_EDGE('',*,*,#1777,.T.);
#356=ORIENTED_EDGE('',*,*,#1778,.F.);
#357=ORIENTED_EDGE('',*,*,#1779,.T.);
#358=ORIENTED_EDGE('',*,*,#1780,.F.);
#359=ORIENTED_EDGE('',*,*,#1781,.T.);
#360=ORIENTED_EDGE('',*,*,#1782,.F.);
#361=ORIENTED_EDGE('',*,*,#1783,.T.);
#362=ORIENTED_EDGE('',*,*,#1784,.F.);
#363=ORIENTED_EDGE('',*,*,#1785,.T.);
#364=ORIENTED_EDGE('',*,*,#1786,.F.);
#365=ORIENTED_EDGE('',*,*,#1787,.T.);
#366=ORIENTED_EDGE('',*,*,#1788,.F.);
#367=ORIENTED_EDGE('',*,*,#1789,.T.);
#368=ORIENTED_EDGE('',*,*,#1790,.F.);
#369=ORIENTED_EDGE('',*,*,#1791,.T.);
#370=ORIENTED_EDGE('',*,*,#1792,.F.);
#371=ORIENTED_EDGE('',*,*,#1793,.F.);
#372=ORIENTED_EDGE('',*,*,#1775,.F.);
#373=ORIENTED_EDGE('',*,*,#1794,.F.);
#374=ORIENTED_EDGE('',*,*,#1795,.T.);
#375=ORIENTED_EDGE('',*,*,#1796,.F.);
#376=ORIENTED_EDGE('',*,*,#1795,.F.);
#377=ORIENTED_EDGE('',*,*,#1797,.F.);
#378=ORIENTED_EDGE('',*,*,#1798,.T.);
#379=ORIENTED_EDGE('',*,*,#1799,.F.);
#380=ORIENTED_EDGE('',*,*,#1798,.F.);
#381=ORIENTED_EDGE('',*,*,#1800,.F.);
#382=ORIENTED_EDGE('',*,*,#1787,.F.);
#383=ORIENTED_EDGE('',*,*,#1801,.F.);
#384=ORIENTED_EDGE('',*,*,#1783,.F.);
#385=ORIENTED_EDGE('',*,*,#1802,.F.);
#386=ORIENTED_EDGE('',*,*,#1803,.T.);
#387=ORIENTED_EDGE('',*,*,#1804,.F.);
#388=ORIENTED_EDGE('',*,*,#1803,.F.);
#389=ORIENTED_EDGE('',*,*,#1805,.F.);
#390=ORIENTED_EDGE('',*,*,#1806,.T.);
#391=ORIENTED_EDGE('',*,*,#1807,.F.);
#392=ORIENTED_EDGE('',*,*,#1806,.F.);
#393=ORIENTED_EDGE('',*,*,#1808,.F.);
#394=ORIENTED_EDGE('',*,*,#1791,.F.);
#395=ORIENTED_EDGE('',*,*,#1809,.F.);
#396=ORIENTED_EDGE('',*,*,#1789,.F.);
#397=ORIENTED_EDGE('',*,*,#1810,.F.);
#398=ORIENTED_EDGE('',*,*,#1811,.T.);
#399=ORIENTED_EDGE('',*,*,#1812,.F.);
#400=ORIENTED_EDGE('',*,*,#1811,.F.);
#401=ORIENTED_EDGE('',*,*,#1813,.F.);
#402=ORIENTED_EDGE('',*,*,#1814,.T.);
#403=ORIENTED_EDGE('',*,*,#1815,.F.);
#404=ORIENTED_EDGE('',*,*,#1814,.F.);
#405=ORIENTED_EDGE('',*,*,#1816,.F.);
#406=ORIENTED_EDGE('',*,*,#1773,.F.);
#407=ORIENTED_EDGE('',*,*,#1817,.F.);
#408=ORIENTED_EDGE('',*,*,#1785,.F.);
#409=ORIENTED_EDGE('',*,*,#1818,.F.);
#410=ORIENTED_EDGE('',*,*,#1819,.T.);
#411=ORIENTED_EDGE('',*,*,#1820,.F.);
#412=ORIENTED_EDGE('',*,*,#1819,.F.);
#413=ORIENTED_EDGE('',*,*,#1821,.F.);
#414=ORIENTED_EDGE('',*,*,#1822,.T.);
#415=ORIENTED_EDGE('',*,*,#1823,.F.);
#416=ORIENTED_EDGE('',*,*,#1822,.F.);
#417=ORIENTED_EDGE('',*,*,#1824,.F.);
#418=ORIENTED_EDGE('',*,*,#1781,.F.);
#419=ORIENTED_EDGE('',*,*,#1825,.T.);
#420=ORIENTED_EDGE('',*,*,#1737,.F.);
#421=ORIENTED_EDGE('',*,*,#1725,.F.);
#422=ORIENTED_EDGE('',*,*,#1826,.T.);
#423=ORIENTED_EDGE('',*,*,#1827,.T.);
#424=ORIENTED_EDGE('',*,*,#1766,.F.);
#425=ORIENTED_EDGE('',*,*,#1754,.F.);
#426=ORIENTED_EDGE('',*,*,#1828,.T.);
#427=ORIENTED_EDGE('',*,*,#1829,.T.);
#428=ORIENTED_EDGE('',*,*,#1830,.T.);
#429=ORIENTED_EDGE('',*,*,#1715,.F.);
#430=ORIENTED_EDGE('',*,*,#1770,.F.);
#431=ORIENTED_EDGE('',*,*,#1831,.T.);
#432=ORIENTED_EDGE('',*,*,#1832,.F.);
#433=ORIENTED_EDGE('',*,*,#1829,.F.);
#434=ORIENTED_EDGE('',*,*,#1769,.T.);
#435=ORIENTED_EDGE('',*,*,#1833,.T.);
#436=ORIENTED_EDGE('',*,*,#1767,.F.);
#437=ORIENTED_EDGE('',*,*,#1827,.F.);
#438=ORIENTED_EDGE('',*,*,#1834,.T.);
#439=ORIENTED_EDGE('',*,*,#1834,.F.);
#440=ORIENTED_EDGE('',*,*,#1828,.F.);
#441=ORIENTED_EDGE('',*,*,#1753,.T.);
#442=ORIENTED_EDGE('',*,*,#1835,.T.);
#443=ORIENTED_EDGE('',*,*,#1832,.T.);
#444=ORIENTED_EDGE('',*,*,#1836,.T.);
#445=ORIENTED_EDGE('',*,*,#1716,.F.);
#446=ORIENTED_EDGE('',*,*,#1830,.F.);
#447=ORIENTED_EDGE('',*,*,#1837,.T.);
#448=ORIENTED_EDGE('',*,*,#1838,.F.);
#449=ORIENTED_EDGE('',*,*,#1746,.F.);
#450=ORIENTED_EDGE('',*,*,#1839,.F.);
#451=ORIENTED_EDGE('',*,*,#1840,.F.);
#452=ORIENTED_EDGE('',*,*,#1739,.F.);
#453=ORIENTED_EDGE('',*,*,#1841,.F.);
#454=ORIENTED_EDGE('',*,*,#1842,.F.);
#455=ORIENTED_EDGE('',*,*,#1723,.F.);
#456=ORIENTED_EDGE('',*,*,#1843,.F.);
#457=ORIENTED_EDGE('',*,*,#1844,.T.);
#458=ORIENTED_EDGE('',*,*,#1845,.T.);
#459=ORIENTED_EDGE('',*,*,#1840,.T.);
#460=ORIENTED_EDGE('',*,*,#1846,.F.);
#461=ORIENTED_EDGE('',*,*,#1712,.F.);
#462=ORIENTED_EDGE('',*,*,#1740,.T.);
#463=ORIENTED_EDGE('',*,*,#1841,.T.);
#464=ORIENTED_EDGE('',*,*,#1738,.F.);
#465=ORIENTED_EDGE('',*,*,#1825,.F.);
#466=ORIENTED_EDGE('',*,*,#1847,.T.);
#467=ORIENTED_EDGE('',*,*,#1848,.T.);
#468=ORIENTED_EDGE('',*,*,#1849,.F.);
#469=ORIENTED_EDGE('',*,*,#1747,.T.);
#470=ORIENTED_EDGE('',*,*,#1838,.T.);
#471=ORIENTED_EDGE('',*,*,#1847,.F.);
#472=ORIENTED_EDGE('',*,*,#1826,.F.);
#473=ORIENTED_EDGE('',*,*,#1724,.T.);
#474=ORIENTED_EDGE('',*,*,#1842,.T.);
#475=ORIENTED_EDGE('',*,*,#1846,.T.);
#476=ORIENTED_EDGE('',*,*,#1839,.T.);
#477=ORIENTED_EDGE('',*,*,#1745,.F.);
#478=ORIENTED_EDGE('',*,*,#1709,.F.);
#479=ORIENTED_EDGE('',*,*,#1850,.T.);
#480=ORIENTED_EDGE('',*,*,#1851,.T.);
#481=ORIENTED_EDGE('',*,*,#1751,.F.);
#482=ORIENTED_EDGE('',*,*,#1852,.F.);
#483=ORIENTED_EDGE('',*,*,#1853,.T.);
#484=ORIENTED_EDGE('',*,*,#1854,.F.);
#485=ORIENTED_EDGE('',*,*,#1718,.T.);
#486=ORIENTED_EDGE('',*,*,#1855,.T.);
#487=ORIENTED_EDGE('',*,*,#1856,.T.);
#488=ORIENTED_EDGE('',*,*,#1748,.F.);
#489=ORIENTED_EDGE('',*,*,#1849,.T.);
#490=ORIENTED_EDGE('',*,*,#1857,.T.);
#491=ORIENTED_EDGE('',*,*,#1852,.T.);
#492=ORIENTED_EDGE('',*,*,#1750,.F.);
#493=ORIENTED_EDGE('',*,*,#1858,.T.);
#494=ORIENTED_EDGE('',*,*,#1859,.T.);
#495=ORIENTED_EDGE('',*,*,#1860,.T.);
#496=ORIENTED_EDGE('',*,*,#1861,.T.);
#497=ORIENTED_EDGE('',*,*,#1862,.T.);
#498=ORIENTED_EDGE('',*,*,#1855,.F.);
#499=ORIENTED_EDGE('',*,*,#1717,.F.);
#500=ORIENTED_EDGE('',*,*,#1836,.F.);
#501=ORIENTED_EDGE('',*,*,#1831,.F.);
#502=ORIENTED_EDGE('',*,*,#1768,.F.);
#503=ORIENTED_EDGE('',*,*,#1833,.F.);
#504=ORIENTED_EDGE('',*,*,#1835,.F.);
#505=ORIENTED_EDGE('',*,*,#1752,.F.);
#506=ORIENTED_EDGE('',*,*,#1851,.F.);
#507=ORIENTED_EDGE('',*,*,#1863,.T.);
#508=ORIENTED_EDGE('',*,*,#1843,.T.);
#509=ORIENTED_EDGE('',*,*,#1722,.F.);
#510=ORIENTED_EDGE('',*,*,#1864,.F.);
#511=ORIENTED_EDGE('',*,*,#1865,.T.);
#512=ORIENTED_EDGE('',*,*,#1866,.T.);
#513=ORIENTED_EDGE('',*,*,#1867,.T.);
#514=ORIENTED_EDGE('',*,*,#1868,.T.);
#515=ORIENTED_EDGE('',*,*,#1863,.F.);
#516=ORIENTED_EDGE('',*,*,#1869,.F.);
#517=ORIENTED_EDGE('',*,*,#1853,.F.);
#518=ORIENTED_EDGE('',*,*,#1862,.F.);
#519=ORIENTED_EDGE('',*,*,#1870,.T.);
#520=ORIENTED_EDGE('',*,*,#1871,.F.);
#521=ORIENTED_EDGE('',*,*,#1872,.F.);
#522=ORIENTED_EDGE('',*,*,#1873,.F.);
#523=ORIENTED_EDGE('',*,*,#1874,.T.);
#524=ORIENTED_EDGE('',*,*,#1875,.F.);
#525=ORIENTED_EDGE('',*,*,#1876,.F.);
#526=ORIENTED_EDGE('',*,*,#1866,.F.);
#527=ORIENTED_EDGE('',*,*,#1877,.T.);
#528=ORIENTED_EDGE('',*,*,#1878,.F.);
#529=ORIENTED_EDGE('',*,*,#1879,.F.);
#530=ORIENTED_EDGE('',*,*,#1844,.F.);
#531=ORIENTED_EDGE('',*,*,#1880,.F.);
#532=ORIENTED_EDGE('',*,*,#1845,.F.);
#533=ORIENTED_EDGE('',*,*,#1879,.T.);
#534=ORIENTED_EDGE('',*,*,#1881,.F.);
#535=ORIENTED_EDGE('',*,*,#1870,.F.);
#536=ORIENTED_EDGE('',*,*,#1861,.F.);
#537=ORIENTED_EDGE('',*,*,#1882,.T.);
#538=ORIENTED_EDGE('',*,*,#1883,.F.);
#539=ORIENTED_EDGE('',*,*,#1848,.F.);
#540=ORIENTED_EDGE('',*,*,#1837,.F.);
#541=ORIENTED_EDGE('',*,*,#1880,.T.);
#542=ORIENTED_EDGE('',*,*,#1884,.F.);
#543=ORIENTED_EDGE('',*,*,#1885,.F.);
#544=ORIENTED_EDGE('',*,*,#1868,.F.);
#545=ORIENTED_EDGE('',*,*,#1886,.T.);
#546=ORIENTED_EDGE('',*,*,#1887,.F.);
#547=ORIENTED_EDGE('',*,*,#1888,.F.);
#548=ORIENTED_EDGE('',*,*,#1889,.F.);
#549=ORIENTED_EDGE('',*,*,#1890,.T.);
#550=ORIENTED_EDGE('',*,*,#1891,.F.);
#551=ORIENTED_EDGE('',*,*,#1882,.F.);
#552=ORIENTED_EDGE('',*,*,#1860,.F.);
#553=ORIENTED_EDGE('',*,*,#1850,.F.);
#554=ORIENTED_EDGE('',*,*,#1857,.F.);
#555=ORIENTED_EDGE('',*,*,#1892,.T.);
#556=ORIENTED_EDGE('',*,*,#1889,.T.);
#557=ORIENTED_EDGE('',*,*,#1893,.T.);
#558=ORIENTED_EDGE('',*,*,#1873,.T.);
#559=ORIENTED_EDGE('',*,*,#1894,.T.);
#560=ORIENTED_EDGE('',*,*,#1875,.T.);
#561=ORIENTED_EDGE('',*,*,#1895,.T.);
#562=ORIENTED_EDGE('',*,*,#1887,.T.);
#563=ORIENTED_EDGE('',*,*,#1895,.F.);
#564=ORIENTED_EDGE('',*,*,#1874,.F.);
#565=ORIENTED_EDGE('',*,*,#1893,.F.);
#566=ORIENTED_EDGE('',*,*,#1888,.T.);
#567=ORIENTED_EDGE('',*,*,#1894,.F.);
#568=ORIENTED_EDGE('',*,*,#1886,.F.);
#569=ORIENTED_EDGE('',*,*,#1867,.F.);
#570=ORIENTED_EDGE('',*,*,#1876,.T.);
#571=ORIENTED_EDGE('',*,*,#1896,.T.);
#572=ORIENTED_EDGE('',*,*,#1871,.T.);
#573=ORIENTED_EDGE('',*,*,#1883,.T.);
#574=ORIENTED_EDGE('',*,*,#1891,.T.);
#575=ORIENTED_EDGE('',*,*,#1896,.F.);
#576=ORIENTED_EDGE('',*,*,#1890,.F.);
#577=ORIENTED_EDGE('',*,*,#1892,.F.);
#578=ORIENTED_EDGE('',*,*,#1872,.T.);
#579=ORIENTED_EDGE('',*,*,#1897,.T.);
#580=ORIENTED_EDGE('',*,*,#1884,.T.);
#581=ORIENTED_EDGE('',*,*,#1881,.T.);
#582=ORIENTED_EDGE('',*,*,#1878,.T.);
#583=ORIENTED_EDGE('',*,*,#1897,.F.);
#584=ORIENTED_EDGE('',*,*,#1877,.F.);
#585=ORIENTED_EDGE('',*,*,#1865,.F.);
#586=ORIENTED_EDGE('',*,*,#1885,.T.);
#587=ORIENTED_EDGE('',*,*,#1898,.F.);
#588=ORIENTED_EDGE('',*,*,#1728,.F.);
#589=ORIENTED_EDGE('',*,*,#1899,.F.);
#590=ORIENTED_EDGE('',*,*,#1900,.F.);
#591=ORIENTED_EDGE('',*,*,#1730,.F.);
#592=ORIENTED_EDGE('',*,*,#1901,.F.);
#593=ORIENTED_EDGE('',*,*,#1902,.F.);
#594=ORIENTED_EDGE('',*,*,#1903,.F.);
#595=ORIENTED_EDGE('',*,*,#1899,.T.);
#596=ORIENTED_EDGE('',*,*,#1727,.F.);
#597=ORIENTED_EDGE('',*,*,#1903,.T.);
#598=ORIENTED_EDGE('',*,*,#1904,.T.);
#599=ORIENTED_EDGE('',*,*,#1900,.T.);
#600=ORIENTED_EDGE('',*,*,#1904,.F.);
#601=ORIENTED_EDGE('',*,*,#1902,.T.);
#602=ORIENTED_EDGE('',*,*,#1905,.T.);
#603=ORIENTED_EDGE('',*,*,#1898,.T.);
#604=ORIENTED_EDGE('',*,*,#1905,.F.);
#605=ORIENTED_EDGE('',*,*,#1901,.T.);
#606=ORIENTED_EDGE('',*,*,#1729,.F.);
#607=ORIENTED_EDGE('',*,*,#1906,.T.);
#608=ORIENTED_EDGE('',*,*,#1907,.T.);
#609=ORIENTED_EDGE('',*,*,#1908,.T.);
#610=ORIENTED_EDGE('',*,*,#1734,.F.);
#611=ORIENTED_EDGE('',*,*,#1732,.F.);
#612=ORIENTED_EDGE('',*,*,#1909,.T.);
#613=ORIENTED_EDGE('',*,*,#1910,.T.);
#614=ORIENTED_EDGE('',*,*,#1911,.T.);
#615=ORIENTED_EDGE('',*,*,#1908,.F.);
#616=ORIENTED_EDGE('',*,*,#1912,.F.);
#617=ORIENTED_EDGE('',*,*,#1909,.F.);
#618=ORIENTED_EDGE('',*,*,#1731,.F.);
#619=ORIENTED_EDGE('',*,*,#1907,.F.);
#620=ORIENTED_EDGE('',*,*,#1913,.F.);
#621=ORIENTED_EDGE('',*,*,#1910,.F.);
#622=ORIENTED_EDGE('',*,*,#1912,.T.);
#623=ORIENTED_EDGE('',*,*,#1906,.F.);
#624=ORIENTED_EDGE('',*,*,#1733,.F.);
#625=ORIENTED_EDGE('',*,*,#1911,.F.);
#626=ORIENTED_EDGE('',*,*,#1913,.T.);
#627=ORIENTED_EDGE('',*,*,#1914,.T.);
#628=ORIENTED_EDGE('',*,*,#1915,.F.);
#629=ORIENTED_EDGE('',*,*,#1759,.F.);
#630=ORIENTED_EDGE('',*,*,#1916,.T.);
#631=ORIENTED_EDGE('',*,*,#1917,.T.);
#632=ORIENTED_EDGE('',*,*,#1918,.F.);
#633=ORIENTED_EDGE('',*,*,#1763,.F.);
#634=ORIENTED_EDGE('',*,*,#1919,.T.);
#635=ORIENTED_EDGE('',*,*,#1920,.T.);
#636=ORIENTED_EDGE('',*,*,#1921,.T.);
#637=ORIENTED_EDGE('',*,*,#1760,.F.);
#638=ORIENTED_EDGE('',*,*,#1918,.T.);
#639=ORIENTED_EDGE('',*,*,#1922,.T.);
#640=ORIENTED_EDGE('',*,*,#1923,.T.);
#641=ORIENTED_EDGE('',*,*,#1924,.T.);
#642=ORIENTED_EDGE('',*,*,#1925,.T.);
#643=ORIENTED_EDGE('',*,*,#1926,.T.);
#644=ORIENTED_EDGE('',*,*,#1927,.T.);
#645=ORIENTED_EDGE('',*,*,#1928,.T.);
#646=ORIENTED_EDGE('',*,*,#1929,.T.);
#647=ORIENTED_EDGE('',*,*,#1930,.T.);
#648=ORIENTED_EDGE('',*,*,#1931,.T.);
#649=ORIENTED_EDGE('',*,*,#1932,.T.);
#650=ORIENTED_EDGE('',*,*,#1933,.T.);
#651=ORIENTED_EDGE('',*,*,#1934,.T.);
#652=ORIENTED_EDGE('',*,*,#1935,.T.);
#653=ORIENTED_EDGE('',*,*,#1936,.T.);
#654=ORIENTED_EDGE('',*,*,#1937,.T.);
#655=ORIENTED_EDGE('',*,*,#1938,.T.);
#656=ORIENTED_EDGE('',*,*,#1776,.T.);
#657=ORIENTED_EDGE('',*,*,#1793,.T.);
#658=ORIENTED_EDGE('',*,*,#1796,.T.);
#659=ORIENTED_EDGE('',*,*,#1799,.T.);
#660=ORIENTED_EDGE('',*,*,#1786,.T.);
#661=ORIENTED_EDGE('',*,*,#1817,.T.);
#662=ORIENTED_EDGE('',*,*,#1820,.T.);
#663=ORIENTED_EDGE('',*,*,#1823,.T.);
#664=ORIENTED_EDGE('',*,*,#1784,.T.);
#665=ORIENTED_EDGE('',*,*,#1801,.T.);
#666=ORIENTED_EDGE('',*,*,#1804,.T.);
#667=ORIENTED_EDGE('',*,*,#1807,.T.);
#668=ORIENTED_EDGE('',*,*,#1790,.T.);
#669=ORIENTED_EDGE('',*,*,#1809,.T.);
#670=ORIENTED_EDGE('',*,*,#1812,.T.);
#671=ORIENTED_EDGE('',*,*,#1815,.T.);
#672=ORIENTED_EDGE('',*,*,#1772,.T.);
#673=ORIENTED_EDGE('',*,*,#1939,.F.);
#674=ORIENTED_EDGE('',*,*,#1940,.F.);
#675=ORIENTED_EDGE('',*,*,#1935,.F.);
#676=ORIENTED_EDGE('',*,*,#1941,.T.);
#677=ORIENTED_EDGE('',*,*,#1942,.F.);
#678=ORIENTED_EDGE('',*,*,#1941,.F.);
#679=ORIENTED_EDGE('',*,*,#1934,.F.);
#680=ORIENTED_EDGE('',*,*,#1943,.T.);
#681=ORIENTED_EDGE('',*,*,#1944,.F.);
#682=ORIENTED_EDGE('',*,*,#1945,.F.);
#683=ORIENTED_EDGE('',*,*,#1929,.F.);
#684=ORIENTED_EDGE('',*,*,#1946,.T.);
#685=ORIENTED_EDGE('',*,*,#1947,.F.);
#686=ORIENTED_EDGE('',*,*,#1946,.F.);
#687=ORIENTED_EDGE('',*,*,#1928,.F.);
#688=ORIENTED_EDGE('',*,*,#1940,.T.);
#689=ORIENTED_EDGE('',*,*,#1948,.F.);
#690=ORIENTED_EDGE('',*,*,#1949,.F.);
#691=ORIENTED_EDGE('',*,*,#1927,.F.);
#692=ORIENTED_EDGE('',*,*,#1950,.T.);
#693=ORIENTED_EDGE('',*,*,#1951,.F.);
#694=ORIENTED_EDGE('',*,*,#1952,.T.);
#695=ORIENTED_EDGE('',*,*,#1953,.F.);
#696=ORIENTED_EDGE('',*,*,#1950,.F.);
#697=ORIENTED_EDGE('',*,*,#1926,.F.);
#698=ORIENTED_EDGE('',*,*,#1954,.T.);
#699=ORIENTED_EDGE('',*,*,#1955,.F.);
#700=ORIENTED_EDGE('',*,*,#1954,.F.);
#701=ORIENTED_EDGE('',*,*,#1925,.F.);
#702=ORIENTED_EDGE('',*,*,#1956,.T.);
#703=ORIENTED_EDGE('',*,*,#1957,.F.);
#704=ORIENTED_EDGE('',*,*,#1956,.F.);
#705=ORIENTED_EDGE('',*,*,#1924,.F.);
#706=ORIENTED_EDGE('',*,*,#1949,.T.);
#707=ORIENTED_EDGE('',*,*,#1958,.F.);
#708=ORIENTED_EDGE('',*,*,#1959,.F.);
#709=ORIENTED_EDGE('',*,*,#1960,.F.);
#710=ORIENTED_EDGE('',*,*,#1961,.F.);
#711=ORIENTED_EDGE('',*,*,#1962,.F.);
#712=ORIENTED_EDGE('',*,*,#1779,.F.);
#713=ORIENTED_EDGE('',*,*,#1963,.F.);
#714=ORIENTED_EDGE('',*,*,#1964,.F.);
#715=ORIENTED_EDGE('',*,*,#1965,.T.);
#716=ORIENTED_EDGE('',*,*,#1966,.F.);
#717=ORIENTED_EDGE('',*,*,#1961,.T.);
#718=ORIENTED_EDGE('',*,*,#1967,.F.);
#719=ORIENTED_EDGE('',*,*,#1968,.T.);
#720=ORIENTED_EDGE('',*,*,#1967,.T.);
#721=ORIENTED_EDGE('',*,*,#1960,.T.);
#722=ORIENTED_EDGE('',*,*,#1969,.F.);
#723=ORIENTED_EDGE('',*,*,#1970,.T.);
#724=ORIENTED_EDGE('',*,*,#1969,.T.);
#725=ORIENTED_EDGE('',*,*,#1959,.T.);
#726=ORIENTED_EDGE('',*,*,#1971,.F.);
#727=ORIENTED_EDGE('',*,*,#1972,.T.);
#728=ORIENTED_EDGE('',*,*,#1971,.T.);
#729=ORIENTED_EDGE('',*,*,#1958,.T.);
#730=ORIENTED_EDGE('',*,*,#1966,.T.);
#731=ORIENTED_EDGE('',*,*,#1973,.F.);
#732=ORIENTED_EDGE('',*,*,#1974,.F.);
#733=ORIENTED_EDGE('',*,*,#1975,.F.);
#734=ORIENTED_EDGE('',*,*,#1976,.F.);
#735=ORIENTED_EDGE('',*,*,#1974,.T.);
#736=ORIENTED_EDGE('',*,*,#1977,.T.);
#737=ORIENTED_EDGE('',*,*,#1965,.F.);
#738=ORIENTED_EDGE('',*,*,#1978,.F.);
#739=ORIENTED_EDGE('',*,*,#1975,.T.);
#740=ORIENTED_EDGE('',*,*,#1978,.T.);
#741=ORIENTED_EDGE('',*,*,#1968,.F.);
#742=ORIENTED_EDGE('',*,*,#1979,.F.);
#743=ORIENTED_EDGE('',*,*,#1976,.T.);
#744=ORIENTED_EDGE('',*,*,#1979,.T.);
#745=ORIENTED_EDGE('',*,*,#1970,.F.);
#746=ORIENTED_EDGE('',*,*,#1980,.F.);
#747=ORIENTED_EDGE('',*,*,#1973,.T.);
#748=ORIENTED_EDGE('',*,*,#1980,.T.);
#749=ORIENTED_EDGE('',*,*,#1972,.F.);
#750=ORIENTED_EDGE('',*,*,#1977,.F.);
#751=ORIENTED_EDGE('',*,*,#1981,.F.);
#752=ORIENTED_EDGE('',*,*,#1981,.T.);
#753=ORIENTED_EDGE('',*,*,#1982,.T.);
#754=ORIENTED_EDGE('',*,*,#1983,.F.);
#755=ORIENTED_EDGE('',*,*,#1984,.F.);
#756=ORIENTED_EDGE('',*,*,#1985,.F.);
#757=ORIENTED_EDGE('',*,*,#1986,.F.);
#758=ORIENTED_EDGE('',*,*,#1984,.T.);
#759=ORIENTED_EDGE('',*,*,#1987,.T.);
#760=ORIENTED_EDGE('',*,*,#1988,.T.);
#761=ORIENTED_EDGE('',*,*,#1989,.F.);
#762=ORIENTED_EDGE('',*,*,#1985,.T.);
#763=ORIENTED_EDGE('',*,*,#1989,.T.);
#764=ORIENTED_EDGE('',*,*,#1990,.T.);
#765=ORIENTED_EDGE('',*,*,#1991,.F.);
#766=ORIENTED_EDGE('',*,*,#1986,.T.);
#767=ORIENTED_EDGE('',*,*,#1991,.T.);
#768=ORIENTED_EDGE('',*,*,#1992,.T.);
#769=ORIENTED_EDGE('',*,*,#1993,.F.);
#770=ORIENTED_EDGE('',*,*,#1983,.T.);
#771=ORIENTED_EDGE('',*,*,#1993,.T.);
#772=ORIENTED_EDGE('',*,*,#1994,.T.);
#773=ORIENTED_EDGE('',*,*,#1987,.F.);
#774=ORIENTED_EDGE('',*,*,#1995,.F.);
#775=ORIENTED_EDGE('',*,*,#1777,.F.);
#776=ORIENTED_EDGE('',*,*,#1938,.F.);
#777=ORIENTED_EDGE('',*,*,#1996,.T.);
#778=ORIENTED_EDGE('',*,*,#1997,.F.);
#779=ORIENTED_EDGE('',*,*,#1996,.F.);
#780=ORIENTED_EDGE('',*,*,#1937,.F.);
#781=ORIENTED_EDGE('',*,*,#1998,.T.);
#782=ORIENTED_EDGE('',*,*,#1999,.F.);
#783=ORIENTED_EDGE('',*,*,#1998,.F.);
#784=ORIENTED_EDGE('',*,*,#1936,.F.);
#785=ORIENTED_EDGE('',*,*,#1771,.F.);
#786=ORIENTED_EDGE('',*,*,#1963,.T.);
#787=ORIENTED_EDGE('',*,*,#1778,.T.);
#788=ORIENTED_EDGE('',*,*,#1995,.T.);
#789=ORIENTED_EDGE('',*,*,#2000,.F.);
#790=ORIENTED_EDGE('',*,*,#1964,.T.);
#791=ORIENTED_EDGE('',*,*,#2000,.T.);
#792=ORIENTED_EDGE('',*,*,#1997,.T.);
#793=ORIENTED_EDGE('',*,*,#2001,.F.);
#794=ORIENTED_EDGE('',*,*,#1780,.T.);
#795=ORIENTED_EDGE('',*,*,#1962,.T.);
#796=ORIENTED_EDGE('',*,*,#2001,.T.);
#797=ORIENTED_EDGE('',*,*,#1999,.T.);
#798=ORIENTED_EDGE('',*,*,#1951,.T.);
#799=ORIENTED_EDGE('',*,*,#1955,.T.);
#800=ORIENTED_EDGE('',*,*,#2002,.F.);
#801=ORIENTED_EDGE('',*,*,#2003,.T.);
#802=ORIENTED_EDGE('',*,*,#2004,.T.);
#803=ORIENTED_EDGE('',*,*,#2002,.T.);
#804=ORIENTED_EDGE('',*,*,#1957,.T.);
#805=ORIENTED_EDGE('',*,*,#2005,.F.);
#806=ORIENTED_EDGE('',*,*,#1953,.T.);
#807=ORIENTED_EDGE('',*,*,#2006,.T.);
#808=ORIENTED_EDGE('',*,*,#2005,.T.);
#809=ORIENTED_EDGE('',*,*,#1948,.T.);
#810=ORIENTED_EDGE('',*,*,#2007,.F.);
#811=ORIENTED_EDGE('',*,*,#2008,.F.);
#812=ORIENTED_EDGE('',*,*,#2009,.F.);
#813=ORIENTED_EDGE('',*,*,#2010,.F.);
#814=ORIENTED_EDGE('',*,*,#2003,.F.);
#815=ORIENTED_EDGE('',*,*,#2004,.F.);
#816=ORIENTED_EDGE('',*,*,#2006,.F.);
#817=ORIENTED_EDGE('',*,*,#1952,.F.);
#818=ORIENTED_EDGE('',*,*,#1988,.F.);
#819=ORIENTED_EDGE('',*,*,#2011,.T.);
#820=ORIENTED_EDGE('',*,*,#2009,.T.);
#821=ORIENTED_EDGE('',*,*,#2012,.F.);
#822=ORIENTED_EDGE('',*,*,#1990,.F.);
#823=ORIENTED_EDGE('',*,*,#2012,.T.);
#824=ORIENTED_EDGE('',*,*,#2008,.T.);
#825=ORIENTED_EDGE('',*,*,#2013,.F.);
#826=ORIENTED_EDGE('',*,*,#1994,.F.);
#827=ORIENTED_EDGE('',*,*,#2014,.F.);
#828=ORIENTED_EDGE('',*,*,#2010,.T.);
#829=ORIENTED_EDGE('',*,*,#2011,.F.);
#830=ORIENTED_EDGE('',*,*,#1992,.F.);
#831=ORIENTED_EDGE('',*,*,#2013,.T.);
#832=ORIENTED_EDGE('',*,*,#2007,.T.);
#833=ORIENTED_EDGE('',*,*,#2014,.T.);
#834=ORIENTED_EDGE('',*,*,#2015,.F.);
#835=ORIENTED_EDGE('',*,*,#1943,.F.);
#836=ORIENTED_EDGE('',*,*,#1933,.F.);
#837=ORIENTED_EDGE('',*,*,#2016,.T.);
#838=ORIENTED_EDGE('',*,*,#2017,.F.);
#839=ORIENTED_EDGE('',*,*,#2016,.F.);
#840=ORIENTED_EDGE('',*,*,#1932,.F.);
#841=ORIENTED_EDGE('',*,*,#2018,.T.);
#842=ORIENTED_EDGE('',*,*,#2019,.F.);
#843=ORIENTED_EDGE('',*,*,#2018,.F.);
#844=ORIENTED_EDGE('',*,*,#1931,.F.);
#845=ORIENTED_EDGE('',*,*,#2020,.T.);
#846=ORIENTED_EDGE('',*,*,#2021,.F.);
#847=ORIENTED_EDGE('',*,*,#2020,.F.);
#848=ORIENTED_EDGE('',*,*,#1930,.F.);
#849=ORIENTED_EDGE('',*,*,#1945,.T.);
#850=ORIENTED_EDGE('',*,*,#2022,.T.);
#851=ORIENTED_EDGE('',*,*,#2023,.T.);
#852=ORIENTED_EDGE('',*,*,#2017,.T.);
#853=ORIENTED_EDGE('',*,*,#2024,.F.);
#854=ORIENTED_EDGE('',*,*,#2025,.T.);
#855=ORIENTED_EDGE('',*,*,#2024,.T.);
#856=ORIENTED_EDGE('',*,*,#2019,.T.);
#857=ORIENTED_EDGE('',*,*,#2026,.F.);
#858=ORIENTED_EDGE('',*,*,#2027,.T.);
#859=ORIENTED_EDGE('',*,*,#2026,.T.);
#860=ORIENTED_EDGE('',*,*,#2021,.T.);
#861=ORIENTED_EDGE('',*,*,#2028,.F.);
#862=ORIENTED_EDGE('',*,*,#1944,.T.);
#863=ORIENTED_EDGE('',*,*,#2029,.F.);
#864=ORIENTED_EDGE('',*,*,#2030,.T.);
#865=ORIENTED_EDGE('',*,*,#2028,.T.);
#866=ORIENTED_EDGE('',*,*,#2031,.T.);
#867=ORIENTED_EDGE('',*,*,#2029,.T.);
#868=ORIENTED_EDGE('',*,*,#1947,.T.);
#869=ORIENTED_EDGE('',*,*,#2032,.F.);
#870=ORIENTED_EDGE('',*,*,#2033,.T.);
#871=ORIENTED_EDGE('',*,*,#2032,.T.);
#872=ORIENTED_EDGE('',*,*,#1939,.T.);
#873=ORIENTED_EDGE('',*,*,#2034,.F.);
#874=ORIENTED_EDGE('',*,*,#2035,.T.);
#875=ORIENTED_EDGE('',*,*,#2034,.T.);
#876=ORIENTED_EDGE('',*,*,#1942,.T.);
#877=ORIENTED_EDGE('',*,*,#2036,.F.);
#878=ORIENTED_EDGE('',*,*,#2015,.T.);
#879=ORIENTED_EDGE('',*,*,#2023,.F.);
#880=ORIENTED_EDGE('',*,*,#2037,.T.);
#881=ORIENTED_EDGE('',*,*,#2036,.T.);
#882=ORIENTED_EDGE('',*,*,#2038,.F.);
#883=ORIENTED_EDGE('',*,*,#2037,.F.);
#884=ORIENTED_EDGE('',*,*,#2022,.F.);
#885=ORIENTED_EDGE('',*,*,#2025,.F.);
#886=ORIENTED_EDGE('',*,*,#2027,.F.);
#887=ORIENTED_EDGE('',*,*,#2030,.F.);
#888=ORIENTED_EDGE('',*,*,#2031,.F.);
#889=ORIENTED_EDGE('',*,*,#2033,.F.);
#890=ORIENTED_EDGE('',*,*,#2035,.F.);
#891=ORIENTED_EDGE('',*,*,#2038,.T.);
#892=ORIENTED_EDGE('',*,*,#1982,.F.);
#893=ORIENTED_EDGE('',*,*,#2039,.T.);
#894=ORIENTED_EDGE('',*,*,#2040,.F.);
#895=ORIENTED_EDGE('',*,*,#2041,.T.);
#896=ORIENTED_EDGE('',*,*,#2042,.F.);
#897=ORIENTED_EDGE('',*,*,#2043,.T.);
#898=ORIENTED_EDGE('',*,*,#1923,.F.);
#899=ORIENTED_EDGE('',*,*,#2044,.T.);
#900=ORIENTED_EDGE('',*,*,#2045,.F.);
#901=ORIENTED_EDGE('',*,*,#2046,.T.);
#902=ORIENTED_EDGE('',*,*,#2045,.T.);
#903=ORIENTED_EDGE('',*,*,#2047,.T.);
#904=ORIENTED_EDGE('',*,*,#1919,.F.);
#905=ORIENTED_EDGE('',*,*,#1762,.F.);
#906=ORIENTED_EDGE('',*,*,#2048,.T.);
#907=ORIENTED_EDGE('',*,*,#2049,.T.);
#908=ORIENTED_EDGE('',*,*,#1916,.F.);
#909=ORIENTED_EDGE('',*,*,#1758,.F.);
#910=ORIENTED_EDGE('',*,*,#2050,.F.);
#911=ORIENTED_EDGE('',*,*,#2051,.T.);
#912=ORIENTED_EDGE('',*,*,#2040,.T.);
#913=ORIENTED_EDGE('',*,*,#2052,.T.);
#914=ORIENTED_EDGE('',*,*,#2042,.T.);
#915=ORIENTED_EDGE('',*,*,#2053,.T.);
#916=ORIENTED_EDGE('',*,*,#2054,.F.);
#917=ORIENTED_EDGE('',*,*,#1756,.F.);
#918=ORIENTED_EDGE('',*,*,#1915,.T.);
#919=ORIENTED_EDGE('',*,*,#2055,.T.);
#920=ORIENTED_EDGE('',*,*,#2050,.T.);
#921=ORIENTED_EDGE('',*,*,#1757,.F.);
#922=ORIENTED_EDGE('',*,*,#2054,.T.);
#923=ORIENTED_EDGE('',*,*,#2056,.T.);
#924=ORIENTED_EDGE('',*,*,#2048,.F.);
#925=ORIENTED_EDGE('',*,*,#1761,.F.);
#926=ORIENTED_EDGE('',*,*,#1921,.F.);
#927=ORIENTED_EDGE('',*,*,#2047,.F.);
#928=ORIENTED_EDGE('',*,*,#2044,.F.);
#929=ORIENTED_EDGE('',*,*,#1922,.F.);
#930=ORIENTED_EDGE('',*,*,#1917,.F.);
#931=ORIENTED_EDGE('',*,*,#2051,.F.);
#932=ORIENTED_EDGE('',*,*,#2055,.F.);
#933=ORIENTED_EDGE('',*,*,#2053,.F.);
#934=ORIENTED_EDGE('',*,*,#2041,.F.);
#935=ORIENTED_EDGE('',*,*,#2046,.F.);
#936=ORIENTED_EDGE('',*,*,#2056,.F.);
#937=ORIENTED_EDGE('',*,*,#1920,.F.);
#938=ORIENTED_EDGE('',*,*,#2043,.F.);
#939=ORIENTED_EDGE('',*,*,#2049,.F.);
#940=ORIENTED_EDGE('',*,*,#2039,.F.);
#941=ORIENTED_EDGE('',*,*,#2052,.F.);
#942=ORIENTED_EDGE('',*,*,#1914,.F.);
#943=ORIENTED_EDGE('',*,*,#2057,.F.);
#944=ORIENTED_EDGE('',*,*,#2058,.F.);
#945=ORIENTED_EDGE('',*,*,#2059,.T.);
#946=ORIENTED_EDGE('',*,*,#2060,.T.);
#947=ORIENTED_EDGE('',*,*,#2061,.T.);
#948=ORIENTED_EDGE('',*,*,#2062,.T.);
#949=ORIENTED_EDGE('',*,*,#2063,.T.);
#950=ORIENTED_EDGE('',*,*,#1719,.F.);
#951=ORIENTED_EDGE('',*,*,#1854,.T.);
#952=ORIENTED_EDGE('',*,*,#1869,.T.);
#953=ORIENTED_EDGE('',*,*,#1864,.T.);
#954=ORIENTED_EDGE('',*,*,#1721,.F.);
#955=ORIENTED_EDGE('',*,*,#2064,.T.);
#956=ORIENTED_EDGE('',*,*,#1735,.F.);
#957=ORIENTED_EDGE('',*,*,#1744,.F.);
#958=ORIENTED_EDGE('',*,*,#2065,.T.);
#959=ORIENTED_EDGE('',*,*,#2066,.T.);
#960=ORIENTED_EDGE('',*,*,#2067,.T.);
#961=ORIENTED_EDGE('',*,*,#1742,.F.);
#962=ORIENTED_EDGE('',*,*,#1765,.F.);
#963=ORIENTED_EDGE('',*,*,#2068,.T.);
#964=ORIENTED_EDGE('',*,*,#2069,.F.);
#965=ORIENTED_EDGE('',*,*,#2070,.F.);
#966=ORIENTED_EDGE('',*,*,#2071,.T.);
#967=ORIENTED_EDGE('',*,*,#2072,.T.);
#968=ORIENTED_EDGE('',*,*,#2071,.F.);
#969=ORIENTED_EDGE('',*,*,#2073,.F.);
#970=ORIENTED_EDGE('',*,*,#2074,.T.);
#971=ORIENTED_EDGE('',*,*,#2075,.T.);
#972=ORIENTED_EDGE('',*,*,#2076,.F.);
#973=ORIENTED_EDGE('',*,*,#2077,.F.);
#974=ORIENTED_EDGE('',*,*,#2078,.T.);
#975=ORIENTED_EDGE('',*,*,#2079,.T.);
#976=ORIENTED_EDGE('',*,*,#2078,.F.);
#977=ORIENTED_EDGE('',*,*,#2080,.F.);
#978=ORIENTED_EDGE('',*,*,#2081,.T.);
#979=ORIENTED_EDGE('',*,*,#2082,.T.);
#980=ORIENTED_EDGE('',*,*,#2081,.F.);
#981=ORIENTED_EDGE('',*,*,#2083,.F.);
#982=ORIENTED_EDGE('',*,*,#2064,.F.);
#983=ORIENTED_EDGE('',*,*,#2084,.T.);
#984=ORIENTED_EDGE('',*,*,#2085,.T.);
#985=ORIENTED_EDGE('',*,*,#2086,.F.);
#986=ORIENTED_EDGE('',*,*,#2066,.F.);
#987=ORIENTED_EDGE('',*,*,#2087,.F.);
#988=ORIENTED_EDGE('',*,*,#2069,.T.);
#989=ORIENTED_EDGE('',*,*,#2088,.F.);
#990=ORIENTED_EDGE('',*,*,#2089,.F.);
#991=ORIENTED_EDGE('',*,*,#2090,.T.);
#992=ORIENTED_EDGE('',*,*,#2091,.F.);
#993=ORIENTED_EDGE('',*,*,#2092,.F.);
#994=ORIENTED_EDGE('',*,*,#2093,.T.);
#995=ORIENTED_EDGE('',*,*,#2094,.T.);
#996=ORIENTED_EDGE('',*,*,#2093,.F.);
#997=ORIENTED_EDGE('',*,*,#2095,.F.);
#998=ORIENTED_EDGE('',*,*,#2096,.T.);
#999=ORIENTED_EDGE('',*,*,#2097,.F.);
#1000=ORIENTED_EDGE('',*,*,#2098,.T.);
#1001=ORIENTED_EDGE('',*,*,#2096,.F.);
#1002=ORIENTED_EDGE('',*,*,#2099,.F.);
#1003=ORIENTED_EDGE('',*,*,#2100,.F.);
#1004=ORIENTED_EDGE('',*,*,#2101,.F.);
#1005=ORIENTED_EDGE('',*,*,#2102,.F.);
#1006=ORIENTED_EDGE('',*,*,#2103,.F.);
#1007=ORIENTED_EDGE('',*,*,#2104,.F.);
#1008=ORIENTED_EDGE('',*,*,#2105,.F.);
#1009=ORIENTED_EDGE('',*,*,#2106,.T.);
#1010=ORIENTED_EDGE('',*,*,#2107,.T.);
#1011=ORIENTED_EDGE('',*,*,#2108,.F.);
#1012=ORIENTED_EDGE('',*,*,#2109,.F.);
#1013=ORIENTED_EDGE('',*,*,#2110,.F.);
#1014=ORIENTED_EDGE('',*,*,#2111,.F.);
#1015=ORIENTED_EDGE('',*,*,#2112,.F.);
#1016=ORIENTED_EDGE('',*,*,#2113,.T.);
#1017=ORIENTED_EDGE('',*,*,#2106,.F.);
#1018=ORIENTED_EDGE('',*,*,#2114,.F.);
#1019=ORIENTED_EDGE('',*,*,#2115,.T.);
#1020=ORIENTED_EDGE('',*,*,#2116,.F.);
#1021=ORIENTED_EDGE('',*,*,#2117,.T.);
#1022=ORIENTED_EDGE('',*,*,#2115,.F.);
#1023=ORIENTED_EDGE('',*,*,#2118,.F.);
#1024=ORIENTED_EDGE('',*,*,#2119,.F.);
#1025=ORIENTED_EDGE('',*,*,#2120,.T.);
#1026=ORIENTED_EDGE('',*,*,#2121,.F.);
#1027=ORIENTED_EDGE('',*,*,#2122,.F.);
#1028=ORIENTED_EDGE('',*,*,#2123,.F.);
#1029=ORIENTED_EDGE('',*,*,#2124,.F.);
#1030=ORIENTED_EDGE('',*,*,#2091,.T.);
#1031=ORIENTED_EDGE('',*,*,#2125,.T.);
#1032=ORIENTED_EDGE('',*,*,#2126,.F.);
#1033=ORIENTED_EDGE('',*,*,#2127,.T.);
#1034=ORIENTED_EDGE('',*,*,#2128,.T.);
#1035=ORIENTED_EDGE('',*,*,#2129,.T.);
#1036=ORIENTED_EDGE('',*,*,#2130,.T.);
#1037=ORIENTED_EDGE('',*,*,#2131,.T.);
#1038=ORIENTED_EDGE('',*,*,#2132,.T.);
#1039=ORIENTED_EDGE('',*,*,#2133,.F.);
#1040=ORIENTED_EDGE('',*,*,#2134,.F.);
#1041=ORIENTED_EDGE('',*,*,#2135,.T.);
#1042=ORIENTED_EDGE('',*,*,#2136,.T.);
#1043=ORIENTED_EDGE('',*,*,#2137,.T.);
#1044=ORIENTED_EDGE('',*,*,#2138,.T.);
#1045=ORIENTED_EDGE('',*,*,#2139,.T.);
#1046=ORIENTED_EDGE('',*,*,#2133,.T.);
#1047=ORIENTED_EDGE('',*,*,#2140,.T.);
#1048=ORIENTED_EDGE('',*,*,#2097,.T.);
#1049=ORIENTED_EDGE('',*,*,#2062,.F.);
#1050=ORIENTED_EDGE('',*,*,#2141,.F.);
#1051=ORIENTED_EDGE('',*,*,#2142,.F.);
#1052=ORIENTED_EDGE('',*,*,#2143,.T.);
#1053=ORIENTED_EDGE('',*,*,#2144,.T.);
#1054=ORIENTED_EDGE('',*,*,#2063,.F.);
#1055=ORIENTED_EDGE('',*,*,#2143,.F.);
#1056=ORIENTED_EDGE('',*,*,#2145,.F.);
#1057=ORIENTED_EDGE('',*,*,#2146,.T.);
#1058=ORIENTED_EDGE('',*,*,#2147,.F.);
#1059=ORIENTED_EDGE('',*,*,#2148,.F.);
#1060=ORIENTED_EDGE('',*,*,#2149,.T.);
#1061=ORIENTED_EDGE('',*,*,#2146,.F.);
#1062=ORIENTED_EDGE('',*,*,#2150,.F.);
#1063=ORIENTED_EDGE('',*,*,#2151,.F.);
#1064=ORIENTED_EDGE('',*,*,#2152,.T.);
#1065=ORIENTED_EDGE('',*,*,#2123,.T.);
#1066=ORIENTED_EDGE('',*,*,#2153,.T.);
#1067=ORIENTED_EDGE('',*,*,#2148,.T.);
#1068=ORIENTED_EDGE('',*,*,#2154,.T.);
#1069=ORIENTED_EDGE('',*,*,#2155,.F.);
#1070=ORIENTED_EDGE('',*,*,#2154,.F.);
#1071=ORIENTED_EDGE('',*,*,#2147,.T.);
#1072=ORIENTED_EDGE('',*,*,#2156,.F.);
#1073=ORIENTED_EDGE('',*,*,#2157,.F.);
#1074=ORIENTED_EDGE('',*,*,#2156,.T.);
#1075=ORIENTED_EDGE('',*,*,#2150,.T.);
#1076=ORIENTED_EDGE('',*,*,#2145,.T.);
#1077=ORIENTED_EDGE('',*,*,#2142,.T.);
#1078=ORIENTED_EDGE('',*,*,#2158,.F.);
#1079=ORIENTED_EDGE('',*,*,#2159,.T.);
#1080=ORIENTED_EDGE('',*,*,#2160,.T.);
#1081=ORIENTED_EDGE('',*,*,#2151,.T.);
#1082=ORIENTED_EDGE('',*,*,#2155,.T.);
#1083=ORIENTED_EDGE('',*,*,#2157,.T.);
#1084=ORIENTED_EDGE('',*,*,#2104,.T.);
#1085=ORIENTED_EDGE('',*,*,#2161,.F.);
#1086=ORIENTED_EDGE('',*,*,#2135,.F.);
#1087=ORIENTED_EDGE('',*,*,#2162,.F.);
#1088=ORIENTED_EDGE('',*,*,#2108,.T.);
#1089=ORIENTED_EDGE('',*,*,#2163,.T.);
#1090=ORIENTED_EDGE('',*,*,#2131,.F.);
#1091=ORIENTED_EDGE('',*,*,#2164,.T.);
#1092=ORIENTED_EDGE('',*,*,#2109,.T.);
#1093=ORIENTED_EDGE('',*,*,#2164,.F.);
#1094=ORIENTED_EDGE('',*,*,#2130,.F.);
#1095=ORIENTED_EDGE('',*,*,#2165,.T.);
#1096=ORIENTED_EDGE('',*,*,#2110,.T.);
#1097=ORIENTED_EDGE('',*,*,#2165,.F.);
#1098=ORIENTED_EDGE('',*,*,#2129,.F.);
#1099=ORIENTED_EDGE('',*,*,#2166,.T.);
#1100=ORIENTED_EDGE('',*,*,#2111,.T.);
#1101=ORIENTED_EDGE('',*,*,#2166,.F.);
#1102=ORIENTED_EDGE('',*,*,#2128,.F.);
#1103=ORIENTED_EDGE('',*,*,#2167,.T.);
#1104=ORIENTED_EDGE('',*,*,#2168,.F.);
#1105=ORIENTED_EDGE('',*,*,#2112,.T.);
#1106=ORIENTED_EDGE('',*,*,#2167,.F.);
#1107=ORIENTED_EDGE('',*,*,#2127,.F.);
#1108=ORIENTED_EDGE('',*,*,#2169,.F.);
#1109=ORIENTED_EDGE('',*,*,#2170,.T.);
#1110=ORIENTED_EDGE('',*,*,#2102,.T.);
#1111=ORIENTED_EDGE('',*,*,#2171,.F.);
#1112=ORIENTED_EDGE('',*,*,#2137,.F.);
#1113=ORIENTED_EDGE('',*,*,#2172,.T.);
#1114=ORIENTED_EDGE('',*,*,#2103,.T.);
#1115=ORIENTED_EDGE('',*,*,#2172,.F.);
#1116=ORIENTED_EDGE('',*,*,#2136,.F.);
#1117=ORIENTED_EDGE('',*,*,#2161,.T.);
#1118=ORIENTED_EDGE('',*,*,#2169,.T.);
#1119=ORIENTED_EDGE('',*,*,#2126,.T.);
#1120=ORIENTED_EDGE('',*,*,#2173,.T.);
#1121=ORIENTED_EDGE('',*,*,#2174,.T.);
#1122=ORIENTED_EDGE('',*,*,#2175,.F.);
#1123=ORIENTED_EDGE('',*,*,#2170,.F.);
#1124=ORIENTED_EDGE('',*,*,#2174,.F.);
#1125=ORIENTED_EDGE('',*,*,#2176,.T.);
#1126=ORIENTED_EDGE('',*,*,#2177,.F.);
#1127=ORIENTED_EDGE('',*,*,#2176,.F.);
#1128=ORIENTED_EDGE('',*,*,#2173,.F.);
#1129=ORIENTED_EDGE('',*,*,#2138,.F.);
#1130=ORIENTED_EDGE('',*,*,#2171,.T.);
#1131=ORIENTED_EDGE('',*,*,#2101,.T.);
#1132=ORIENTED_EDGE('',*,*,#2168,.T.);
#1133=ORIENTED_EDGE('',*,*,#2175,.T.);
#1134=ORIENTED_EDGE('',*,*,#2177,.T.);
#1135=ORIENTED_EDGE('',*,*,#2100,.T.);
#1136=ORIENTED_EDGE('',*,*,#2178,.F.);
#1137=ORIENTED_EDGE('',*,*,#2179,.F.);
#1138=ORIENTED_EDGE('',*,*,#2180,.F.);
#1139=ORIENTED_EDGE('',*,*,#2067,.F.);
#1140=ORIENTED_EDGE('',*,*,#2086,.T.);
#1141=ORIENTED_EDGE('',*,*,#2181,.F.);
#1142=ORIENTED_EDGE('',*,*,#2182,.F.);
#1143=ORIENTED_EDGE('',*,*,#2183,.T.);
#1144=ORIENTED_EDGE('',*,*,#2184,.F.);
#1145=ORIENTED_EDGE('',*,*,#2185,.T.);
#1146=ORIENTED_EDGE('',*,*,#2186,.T.);
#1147=ORIENTED_EDGE('',*,*,#2187,.T.);
#1148=ORIENTED_EDGE('',*,*,#2188,.T.);
#1149=ORIENTED_EDGE('',*,*,#2189,.T.);
#1150=ORIENTED_EDGE('',*,*,#2190,.F.);
#1151=ORIENTED_EDGE('',*,*,#2191,.T.);
#1152=ORIENTED_EDGE('',*,*,#2192,.T.);
#1153=ORIENTED_EDGE('',*,*,#2193,.T.);
#1154=ORIENTED_EDGE('',*,*,#2194,.T.);
#1155=ORIENTED_EDGE('',*,*,#2195,.F.);
#1156=ORIENTED_EDGE('',*,*,#2196,.T.);
#1157=ORIENTED_EDGE('',*,*,#2197,.T.);
#1158=ORIENTED_EDGE('',*,*,#2198,.F.);
#1159=ORIENTED_EDGE('',*,*,#2179,.T.);
#1160=ORIENTED_EDGE('',*,*,#2199,.F.);
#1161=ORIENTED_EDGE('',*,*,#2200,.T.);
#1162=ORIENTED_EDGE('',*,*,#2201,.F.);
#1163=ORIENTED_EDGE('',*,*,#2202,.T.);
#1164=ORIENTED_EDGE('',*,*,#2203,.F.);
#1165=ORIENTED_EDGE('',*,*,#2204,.T.);
#1166=ORIENTED_EDGE('',*,*,#2205,.F.);
#1167=ORIENTED_EDGE('',*,*,#2206,.T.);
#1168=ORIENTED_EDGE('',*,*,#2207,.F.);
#1169=ORIENTED_EDGE('',*,*,#2208,.T.);
#1170=ORIENTED_EDGE('',*,*,#2209,.F.);
#1171=ORIENTED_EDGE('',*,*,#2210,.F.);
#1172=ORIENTED_EDGE('',*,*,#2211,.F.);
#1173=ORIENTED_EDGE('',*,*,#2212,.F.);
#1174=ORIENTED_EDGE('',*,*,#2213,.F.);
#1175=ORIENTED_EDGE('',*,*,#2194,.F.);
#1176=ORIENTED_EDGE('',*,*,#2214,.F.);
#1177=ORIENTED_EDGE('',*,*,#2215,.T.);
#1178=ORIENTED_EDGE('',*,*,#2193,.F.);
#1179=ORIENTED_EDGE('',*,*,#2216,.F.);
#1180=ORIENTED_EDGE('',*,*,#2217,.T.);
#1181=ORIENTED_EDGE('',*,*,#2214,.T.);
#1182=ORIENTED_EDGE('',*,*,#2192,.F.);
#1183=ORIENTED_EDGE('',*,*,#2218,.F.);
#1184=ORIENTED_EDGE('',*,*,#2219,.T.);
#1185=ORIENTED_EDGE('',*,*,#2216,.T.);
#1186=ORIENTED_EDGE('',*,*,#2220,.F.);
#1187=ORIENTED_EDGE('',*,*,#2221,.T.);
#1188=ORIENTED_EDGE('',*,*,#2222,.T.);
#1189=ORIENTED_EDGE('',*,*,#2223,.T.);
#1190=ORIENTED_EDGE('',*,*,#2224,.T.);
#1191=ORIENTED_EDGE('',*,*,#2225,.T.);
#1192=ORIENTED_EDGE('',*,*,#2187,.F.);
#1193=ORIENTED_EDGE('',*,*,#2226,.F.);
#1194=ORIENTED_EDGE('',*,*,#2227,.T.);
#1195=ORIENTED_EDGE('',*,*,#2228,.T.);
#1196=ORIENTED_EDGE('',*,*,#2229,.T.);
#1197=ORIENTED_EDGE('',*,*,#2230,.T.);
#1198=ORIENTED_EDGE('',*,*,#2231,.T.);
#1199=ORIENTED_EDGE('',*,*,#2186,.F.);
#1200=ORIENTED_EDGE('',*,*,#2232,.F.);
#1201=ORIENTED_EDGE('',*,*,#2233,.T.);
#1202=ORIENTED_EDGE('',*,*,#2226,.T.);
#1203=ORIENTED_EDGE('',*,*,#2234,.F.);
#1204=ORIENTED_EDGE('',*,*,#2235,.T.);
#1205=ORIENTED_EDGE('',*,*,#2232,.T.);
#1206=ORIENTED_EDGE('',*,*,#2185,.F.);
#1207=ORIENTED_EDGE('',*,*,#2236,.F.);
#1208=ORIENTED_EDGE('',*,*,#2204,.F.);
#1209=ORIENTED_EDGE('',*,*,#2237,.F.);
#1210=ORIENTED_EDGE('',*,*,#2238,.T.);
#1211=ORIENTED_EDGE('',*,*,#2239,.F.);
#1212=ORIENTED_EDGE('',*,*,#2212,.T.);
#1213=ORIENTED_EDGE('',*,*,#2240,.F.);
#1214=ORIENTED_EDGE('',*,*,#2241,.F.);
#1215=ORIENTED_EDGE('',*,*,#2242,.F.);
#1216=ORIENTED_EDGE('',*,*,#2243,.T.);
#1217=ORIENTED_EDGE('',*,*,#2218,.T.);
#1218=ORIENTED_EDGE('',*,*,#2191,.F.);
#1219=ORIENTED_EDGE('',*,*,#2244,.T.);
#1220=ORIENTED_EDGE('',*,*,#2242,.T.);
#1221=ORIENTED_EDGE('',*,*,#2190,.T.);
#1222=ORIENTED_EDGE('',*,*,#2245,.T.);
#1223=ORIENTED_EDGE('',*,*,#1749,.F.);
#1224=ORIENTED_EDGE('',*,*,#2246,.T.);
#1225=ORIENTED_EDGE('',*,*,#2196,.F.);
#1226=ORIENTED_EDGE('',*,*,#2247,.T.);
#1227=ORIENTED_EDGE('',*,*,#2248,.T.);
#1228=ORIENTED_EDGE('',*,*,#2240,.T.);
#1229=ORIENTED_EDGE('',*,*,#2211,.T.);
#1230=ORIENTED_EDGE('',*,*,#2249,.T.);
#1231=ORIENTED_EDGE('',*,*,#2247,.F.);
#1232=ORIENTED_EDGE('',*,*,#2250,.F.);
#1233=ORIENTED_EDGE('',*,*,#1859,.F.);
#1234=ORIENTED_EDGE('',*,*,#2251,.F.);
#1235=ORIENTED_EDGE('',*,*,#2209,.T.);
#1236=ORIENTED_EDGE('',*,*,#2252,.T.);
#1237=ORIENTED_EDGE('',*,*,#2248,.F.);
#1238=ORIENTED_EDGE('',*,*,#2249,.F.);
#1239=ORIENTED_EDGE('',*,*,#2210,.T.);
#1240=ORIENTED_EDGE('',*,*,#2251,.T.);
#1241=ORIENTED_EDGE('',*,*,#1858,.F.);
#1242=ORIENTED_EDGE('',*,*,#2253,.F.);
#1243=ORIENTED_EDGE('',*,*,#2241,.T.);
#1244=ORIENTED_EDGE('',*,*,#2250,.T.);
#1245=ORIENTED_EDGE('',*,*,#2195,.T.);
#1246=ORIENTED_EDGE('',*,*,#2213,.T.);
#1247=ORIENTED_EDGE('',*,*,#2254,.T.);
#1248=ORIENTED_EDGE('',*,*,#2255,.T.);
#1249=ORIENTED_EDGE('',*,*,#2207,.T.);
#1250=ORIENTED_EDGE('',*,*,#2239,.T.);
#1251=ORIENTED_EDGE('',*,*,#2253,.T.);
#1252=ORIENTED_EDGE('',*,*,#2256,.T.);
#1253=ORIENTED_EDGE('',*,*,#2228,.F.);
#1254=ORIENTED_EDGE('',*,*,#2257,.T.);
#1255=ORIENTED_EDGE('',*,*,#2258,.T.);
#1256=ORIENTED_EDGE('',*,*,#2259,.T.);
#1257=ORIENTED_EDGE('',*,*,#2225,.F.);
#1258=ORIENTED_EDGE('',*,*,#2260,.F.);
#1259=ORIENTED_EDGE('',*,*,#2261,.T.);
#1260=ORIENTED_EDGE('',*,*,#2188,.F.);
#1261=ORIENTED_EDGE('',*,*,#2224,.F.);
#1262=ORIENTED_EDGE('',*,*,#2262,.F.);
#1263=ORIENTED_EDGE('',*,*,#2263,.T.);
#1264=ORIENTED_EDGE('',*,*,#2260,.T.);
#1265=ORIENTED_EDGE('',*,*,#2223,.F.);
#1266=ORIENTED_EDGE('',*,*,#2264,.F.);
#1267=ORIENTED_EDGE('',*,*,#2265,.T.);
#1268=ORIENTED_EDGE('',*,*,#2262,.T.);
#1269=ORIENTED_EDGE('',*,*,#2222,.F.);
#1270=ORIENTED_EDGE('',*,*,#2266,.F.);
#1271=ORIENTED_EDGE('',*,*,#2267,.T.);
#1272=ORIENTED_EDGE('',*,*,#2264,.T.);
#1273=ORIENTED_EDGE('',*,*,#2268,.F.);
#1274=ORIENTED_EDGE('',*,*,#2269,.F.);
#1275=ORIENTED_EDGE('',*,*,#2270,.F.);
#1276=ORIENTED_EDGE('',*,*,#2271,.T.);
#1277=ORIENTED_EDGE('',*,*,#2266,.T.);
#1278=ORIENTED_EDGE('',*,*,#2221,.F.);
#1279=ORIENTED_EDGE('',*,*,#2230,.F.);
#1280=ORIENTED_EDGE('',*,*,#2272,.F.);
#1281=ORIENTED_EDGE('',*,*,#2273,.T.);
#1282=ORIENTED_EDGE('',*,*,#2274,.T.);
#1283=ORIENTED_EDGE('',*,*,#2229,.F.);
#1284=ORIENTED_EDGE('',*,*,#2259,.F.);
#1285=ORIENTED_EDGE('',*,*,#2275,.T.);
#1286=ORIENTED_EDGE('',*,*,#2272,.T.);
#1287=ORIENTED_EDGE('',*,*,#2276,.F.);
#1288=ORIENTED_EDGE('',*,*,#2277,.F.);
#1289=ORIENTED_EDGE('',*,*,#2273,.F.);
#1290=ORIENTED_EDGE('',*,*,#2275,.F.);
#1291=ORIENTED_EDGE('',*,*,#2258,.F.);
#1292=ORIENTED_EDGE('',*,*,#2278,.T.);
#1293=ORIENTED_EDGE('',*,*,#2245,.F.);
#1294=ORIENTED_EDGE('',*,*,#2189,.F.);
#1295=ORIENTED_EDGE('',*,*,#2261,.F.);
#1296=ORIENTED_EDGE('',*,*,#2263,.F.);
#1297=ORIENTED_EDGE('',*,*,#2265,.F.);
#1298=ORIENTED_EDGE('',*,*,#2267,.F.);
#1299=ORIENTED_EDGE('',*,*,#2271,.F.);
#1300=ORIENTED_EDGE('',*,*,#2270,.T.);
#1301=ORIENTED_EDGE('',*,*,#2279,.T.);
#1302=ORIENTED_EDGE('',*,*,#2280,.T.);
#1303=ORIENTED_EDGE('',*,*,#2276,.T.);
#1304=ORIENTED_EDGE('',*,*,#2281,.F.);
#1305=ORIENTED_EDGE('',*,*,#2231,.F.);
#1306=ORIENTED_EDGE('',*,*,#2274,.F.);
#1307=ORIENTED_EDGE('',*,*,#2277,.T.);
#1308=ORIENTED_EDGE('',*,*,#2280,.F.);
#1309=ORIENTED_EDGE('',*,*,#2282,.T.);
#1310=ORIENTED_EDGE('',*,*,#2283,.F.);
#1311=ORIENTED_EDGE('',*,*,#2282,.F.);
#1312=ORIENTED_EDGE('',*,*,#2279,.F.);
#1313=ORIENTED_EDGE('',*,*,#2269,.T.);
#1314=ORIENTED_EDGE('',*,*,#2268,.T.);
#1315=ORIENTED_EDGE('',*,*,#2220,.T.);
#1316=ORIENTED_EDGE('',*,*,#2281,.T.);
#1317=ORIENTED_EDGE('',*,*,#2283,.T.);
#1318=ORIENTED_EDGE('',*,*,#2284,.F.);
#1319=ORIENTED_EDGE('',*,*,#2285,.T.);
#1320=ORIENTED_EDGE('',*,*,#2084,.F.);
#1321=ORIENTED_EDGE('',*,*,#2065,.F.);
#1322=ORIENTED_EDGE('',*,*,#2286,.F.);
#1323=ORIENTED_EDGE('',*,*,#2197,.F.);
#1324=ORIENTED_EDGE('',*,*,#2246,.F.);
#1325=ORIENTED_EDGE('',*,*,#1856,.F.);
#1326=ORIENTED_EDGE('',*,*,#2252,.F.);
#1327=ORIENTED_EDGE('',*,*,#2208,.F.);
#1328=ORIENTED_EDGE('',*,*,#2255,.F.);
#1329=ORIENTED_EDGE('',*,*,#2287,.T.);
#1330=ORIENTED_EDGE('',*,*,#2182,.T.);
#1331=ORIENTED_EDGE('',*,*,#2288,.T.);
#1332=ORIENTED_EDGE('',*,*,#2284,.T.);
#1333=ORIENTED_EDGE('',*,*,#2289,.T.);
#1334=ORIENTED_EDGE('',*,*,#2290,.F.);
#1335=ORIENTED_EDGE('',*,*,#2291,.F.);
#1336=ORIENTED_EDGE('',*,*,#2159,.F.);
#1337=ORIENTED_EDGE('',*,*,#2158,.T.);
#1338=ORIENTED_EDGE('',*,*,#2141,.T.);
#1339=ORIENTED_EDGE('',*,*,#2061,.F.);
#1340=ORIENTED_EDGE('',*,*,#2292,.T.);
#1341=ORIENTED_EDGE('',*,*,#2293,.T.);
#1342=ORIENTED_EDGE('',*,*,#2294,.F.);
#1343=ORIENTED_EDGE('',*,*,#2076,.T.);
#1344=ORIENTED_EDGE('',*,*,#2295,.T.);
#1345=ORIENTED_EDGE('',*,*,#2290,.T.);
#1346=ORIENTED_EDGE('',*,*,#2296,.T.);
#1347=ORIENTED_EDGE('',*,*,#2297,.T.);
#1348=ORIENTED_EDGE('',*,*,#2298,.T.);
#1349=ORIENTED_EDGE('',*,*,#2299,.F.);
#1350=ORIENTED_EDGE('',*,*,#2300,.F.);
#1351=ORIENTED_EDGE('',*,*,#2301,.F.);
#1352=ORIENTED_EDGE('',*,*,#2120,.F.);
#1353=ORIENTED_EDGE('',*,*,#2302,.F.);
#1354=ORIENTED_EDGE('',*,*,#2303,.F.);
#1355=ORIENTED_EDGE('',*,*,#2304,.F.);
#1356=ORIENTED_EDGE('',*,*,#2305,.F.);
#1357=ORIENTED_EDGE('',*,*,#2306,.F.);
#1358=ORIENTED_EDGE('',*,*,#2307,.F.);
#1359=ORIENTED_EDGE('',*,*,#2308,.F.);
#1360=ORIENTED_EDGE('',*,*,#2293,.F.);
#1361=ORIENTED_EDGE('',*,*,#2309,.T.);
#1362=ORIENTED_EDGE('',*,*,#2153,.F.);
#1363=ORIENTED_EDGE('',*,*,#2125,.F.);
#1364=ORIENTED_EDGE('',*,*,#2090,.F.);
#1365=ORIENTED_EDGE('',*,*,#2094,.F.);
#1366=ORIENTED_EDGE('',*,*,#2098,.F.);
#1367=ORIENTED_EDGE('',*,*,#2140,.F.);
#1368=ORIENTED_EDGE('',*,*,#2132,.F.);
#1369=ORIENTED_EDGE('',*,*,#2163,.F.);
#1370=ORIENTED_EDGE('',*,*,#2107,.F.);
#1371=ORIENTED_EDGE('',*,*,#2113,.F.);
#1372=ORIENTED_EDGE('',*,*,#2117,.F.);
#1373=ORIENTED_EDGE('',*,*,#2301,.T.);
#1374=ORIENTED_EDGE('',*,*,#2310,.T.);
#1375=ORIENTED_EDGE('',*,*,#2311,.T.);
#1376=ORIENTED_EDGE('',*,*,#2121,.T.);
#1377=ORIENTED_EDGE('',*,*,#2312,.F.);
#1378=ORIENTED_EDGE('',*,*,#2303,.T.);
#1379=ORIENTED_EDGE('',*,*,#2313,.F.);
#1380=ORIENTED_EDGE('',*,*,#2314,.F.);
#1381=ORIENTED_EDGE('',*,*,#2302,.T.);
#1382=ORIENTED_EDGE('',*,*,#2119,.T.);
#1383=ORIENTED_EDGE('',*,*,#2315,.T.);
#1384=ORIENTED_EDGE('',*,*,#2313,.T.);
#1385=ORIENTED_EDGE('',*,*,#2316,.F.);
#1386=ORIENTED_EDGE('',*,*,#2305,.T.);
#1387=ORIENTED_EDGE('',*,*,#2317,.F.);
#1388=ORIENTED_EDGE('',*,*,#2318,.F.);
#1389=ORIENTED_EDGE('',*,*,#2319,.T.);
#1390=ORIENTED_EDGE('',*,*,#2317,.T.);
#1391=ORIENTED_EDGE('',*,*,#2304,.T.);
#1392=ORIENTED_EDGE('',*,*,#2312,.T.);
#1393=ORIENTED_EDGE('',*,*,#2320,.F.);
#1394=ORIENTED_EDGE('',*,*,#2321,.F.);
#1395=ORIENTED_EDGE('',*,*,#2297,.F.);
#1396=ORIENTED_EDGE('',*,*,#2322,.T.);
#1397=ORIENTED_EDGE('',*,*,#2074,.F.);
#1398=ORIENTED_EDGE('',*,*,#2323,.F.);
#1399=ORIENTED_EDGE('',*,*,#2307,.T.);
#1400=ORIENTED_EDGE('',*,*,#2324,.T.);
#1401=ORIENTED_EDGE('',*,*,#2320,.T.);
#1402=ORIENTED_EDGE('',*,*,#2306,.T.);
#1403=ORIENTED_EDGE('',*,*,#2316,.T.);
#1404=ORIENTED_EDGE('',*,*,#2325,.F.);
#1405=ORIENTED_EDGE('',*,*,#2118,.T.);
#1406=ORIENTED_EDGE('',*,*,#2114,.T.);
#1407=ORIENTED_EDGE('',*,*,#2105,.T.);
#1408=ORIENTED_EDGE('',*,*,#2162,.T.);
#1409=ORIENTED_EDGE('',*,*,#2134,.T.);
#1410=ORIENTED_EDGE('',*,*,#2139,.F.);
#1411=ORIENTED_EDGE('',*,*,#2099,.T.);
#1412=ORIENTED_EDGE('',*,*,#2095,.T.);
#1413=ORIENTED_EDGE('',*,*,#2092,.T.);
#1414=ORIENTED_EDGE('',*,*,#2124,.T.);
#1415=ORIENTED_EDGE('',*,*,#2152,.F.);
#1416=ORIENTED_EDGE('',*,*,#2160,.F.);
#1417=ORIENTED_EDGE('',*,*,#2291,.T.);
#1418=ORIENTED_EDGE('',*,*,#2298,.F.);
#1419=ORIENTED_EDGE('',*,*,#2321,.T.);
#1420=ORIENTED_EDGE('',*,*,#2324,.F.);
#1421=ORIENTED_EDGE('',*,*,#2318,.T.);
#1422=ORIENTED_EDGE('',*,*,#2319,.F.);
#1423=ORIENTED_EDGE('',*,*,#2314,.T.);
#1424=ORIENTED_EDGE('',*,*,#2315,.F.);
#1425=ORIENTED_EDGE('',*,*,#2122,.T.);
#1426=ORIENTED_EDGE('',*,*,#2311,.F.);
#1427=ORIENTED_EDGE('',*,*,#2326,.T.);
#1428=ORIENTED_EDGE('',*,*,#2327,.F.);
#1429=ORIENTED_EDGE('',*,*,#2326,.F.);
#1430=ORIENTED_EDGE('',*,*,#2310,.F.);
#1431=ORIENTED_EDGE('',*,*,#2300,.T.);
#1432=ORIENTED_EDGE('',*,*,#2299,.T.);
#1433=ORIENTED_EDGE('',*,*,#2116,.T.);
#1434=ORIENTED_EDGE('',*,*,#2325,.T.);
#1435=ORIENTED_EDGE('',*,*,#2327,.T.);
#1436=ORIENTED_EDGE('',*,*,#2328,.T.);
#1437=ORIENTED_EDGE('',*,*,#2329,.T.);
#1438=ORIENTED_EDGE('',*,*,#2201,.T.);
#1439=ORIENTED_EDGE('',*,*,#2330,.T.);
#1440=ORIENTED_EDGE('',*,*,#2331,.F.);
#1441=ORIENTED_EDGE('',*,*,#2332,.T.);
#1442=ORIENTED_EDGE('',*,*,#2330,.F.);
#1443=ORIENTED_EDGE('',*,*,#2200,.F.);
#1444=ORIENTED_EDGE('',*,*,#2333,.T.);
#1445=ORIENTED_EDGE('',*,*,#2331,.T.);
#1446=ORIENTED_EDGE('',*,*,#2199,.T.);
#1447=ORIENTED_EDGE('',*,*,#2178,.T.);
#1448=ORIENTED_EDGE('',*,*,#2334,.F.);
#1449=ORIENTED_EDGE('',*,*,#2202,.F.);
#1450=ORIENTED_EDGE('',*,*,#2329,.F.);
#1451=ORIENTED_EDGE('',*,*,#2335,.T.);
#1452=ORIENTED_EDGE('',*,*,#2203,.T.);
#1453=ORIENTED_EDGE('',*,*,#2334,.T.);
#1454=ORIENTED_EDGE('',*,*,#2336,.T.);
#1455=ORIENTED_EDGE('',*,*,#2237,.T.);
#1456=ORIENTED_EDGE('',*,*,#2205,.T.);
#1457=ORIENTED_EDGE('',*,*,#2236,.T.);
#1458=ORIENTED_EDGE('',*,*,#2337,.T.);
#1459=ORIENTED_EDGE('',*,*,#2338,.T.);
#1460=ORIENTED_EDGE('',*,*,#2339,.F.);
#1461=ORIENTED_EDGE('',*,*,#2206,.F.);
#1462=ORIENTED_EDGE('',*,*,#2338,.F.);
#1463=ORIENTED_EDGE('',*,*,#2340,.T.);
#1464=ORIENTED_EDGE('',*,*,#2341,.F.);
#1465=ORIENTED_EDGE('',*,*,#2340,.F.);
#1466=ORIENTED_EDGE('',*,*,#2337,.F.);
#1467=ORIENTED_EDGE('',*,*,#2238,.F.);
#1468=ORIENTED_EDGE('',*,*,#2336,.F.);
#1469=ORIENTED_EDGE('',*,*,#2335,.F.);
#1470=ORIENTED_EDGE('',*,*,#2328,.F.);
#1471=ORIENTED_EDGE('',*,*,#2332,.F.);
#1472=ORIENTED_EDGE('',*,*,#2333,.F.);
#1473=ORIENTED_EDGE('',*,*,#2183,.F.);
#1474=ORIENTED_EDGE('',*,*,#2289,.F.);
#1475=ORIENTED_EDGE('',*,*,#2287,.F.);
#1476=ORIENTED_EDGE('',*,*,#2256,.F.);
#1477=ORIENTED_EDGE('',*,*,#2254,.F.);
#1478=ORIENTED_EDGE('',*,*,#2215,.F.);
#1479=ORIENTED_EDGE('',*,*,#2217,.F.);
#1480=ORIENTED_EDGE('',*,*,#2219,.F.);
#1481=ORIENTED_EDGE('',*,*,#2243,.F.);
#1482=ORIENTED_EDGE('',*,*,#2244,.F.);
#1483=ORIENTED_EDGE('',*,*,#2278,.F.);
#1484=ORIENTED_EDGE('',*,*,#2257,.F.);
#1485=ORIENTED_EDGE('',*,*,#2227,.F.);
#1486=ORIENTED_EDGE('',*,*,#2233,.F.);
#1487=ORIENTED_EDGE('',*,*,#2235,.F.);
#1488=ORIENTED_EDGE('',*,*,#2184,.T.);
#1489=ORIENTED_EDGE('',*,*,#2339,.T.);
#1490=ORIENTED_EDGE('',*,*,#2341,.T.);
#1491=ORIENTED_EDGE('',*,*,#2234,.T.);
#1492=ORIENTED_EDGE('',*,*,#1736,.F.);
#1493=ORIENTED_EDGE('',*,*,#2083,.T.);
#1494=ORIENTED_EDGE('',*,*,#2080,.T.);
#1495=ORIENTED_EDGE('',*,*,#2077,.T.);
#1496=ORIENTED_EDGE('',*,*,#2294,.T.);
#1497=ORIENTED_EDGE('',*,*,#2308,.T.);
#1498=ORIENTED_EDGE('',*,*,#2323,.T.);
#1499=ORIENTED_EDGE('',*,*,#2073,.T.);
#1500=ORIENTED_EDGE('',*,*,#2070,.T.);
#1501=ORIENTED_EDGE('',*,*,#2087,.T.);
#1502=ORIENTED_EDGE('',*,*,#1764,.F.);
#1503=ORIENTED_EDGE('',*,*,#1713,.F.);
#1504=ORIENTED_EDGE('',*,*,#1743,.F.);
#1505=ORIENTED_EDGE('',*,*,#2180,.T.);
#1506=ORIENTED_EDGE('',*,*,#2198,.T.);
#1507=ORIENTED_EDGE('',*,*,#2286,.T.);
#1508=ORIENTED_EDGE('',*,*,#2088,.T.);
#1509=ORIENTED_EDGE('',*,*,#1800,.T.);
#1510=ORIENTED_EDGE('',*,*,#1797,.T.);
#1511=ORIENTED_EDGE('',*,*,#1794,.T.);
#1512=ORIENTED_EDGE('',*,*,#1774,.T.);
#1513=ORIENTED_EDGE('',*,*,#1816,.T.);
#1514=ORIENTED_EDGE('',*,*,#1813,.T.);
#1515=ORIENTED_EDGE('',*,*,#1810,.T.);
#1516=ORIENTED_EDGE('',*,*,#1792,.T.);
#1517=ORIENTED_EDGE('',*,*,#1808,.T.);
#1518=ORIENTED_EDGE('',*,*,#1805,.T.);
#1519=ORIENTED_EDGE('',*,*,#1802,.T.);
#1520=ORIENTED_EDGE('',*,*,#1782,.T.);
#1521=ORIENTED_EDGE('',*,*,#1824,.T.);
#1522=ORIENTED_EDGE('',*,*,#1821,.T.);
#1523=ORIENTED_EDGE('',*,*,#1818,.T.);
#1524=ORIENTED_EDGE('',*,*,#1788,.T.);
#1525=ORIENTED_EDGE('',*,*,#2089,.T.);
#1526=ORIENTED_EDGE('',*,*,#2057,.T.);
#1527=ORIENTED_EDGE('',*,*,#2058,.T.);
#1528=ORIENTED_EDGE('',*,*,#2059,.F.);
#1529=ORIENTED_EDGE('',*,*,#2060,.F.);
#1530=ORIENTED_EDGE('',*,*,#2296,.F.);
#1531=ORIENTED_EDGE('',*,*,#2295,.F.);
#1532=ORIENTED_EDGE('',*,*,#2075,.F.);
#1533=ORIENTED_EDGE('',*,*,#2079,.F.);
#1534=ORIENTED_EDGE('',*,*,#2082,.F.);
#1535=ORIENTED_EDGE('',*,*,#2285,.F.);
#1536=ORIENTED_EDGE('',*,*,#2288,.F.);
#1537=ORIENTED_EDGE('',*,*,#2181,.T.);
#1538=ORIENTED_EDGE('',*,*,#2085,.F.);
#1539=ORIENTED_EDGE('',*,*,#2068,.F.);
#1540=ORIENTED_EDGE('',*,*,#2072,.F.);
#1541=ORIENTED_EDGE('',*,*,#2322,.F.);
#1542=ORIENTED_EDGE('',*,*,#1720,.F.);
#1543=ORIENTED_EDGE('',*,*,#2144,.F.);
#1544=ORIENTED_EDGE('',*,*,#2149,.F.);
#1545=ORIENTED_EDGE('',*,*,#2309,.F.);
#1546=ORIENTED_EDGE('',*,*,#2292,.F.);
#1547=ORIENTED_EDGE('',*,*,#2342,.T.);
#1548=ORIENTED_EDGE('',*,*,#2343,.F.);
#1549=ORIENTED_EDGE('',*,*,#2344,.T.);
#1550=ORIENTED_EDGE('',*,*,#2345,.T.);
#1551=ORIENTED_EDGE('',*,*,#2346,.T.);
#1552=ORIENTED_EDGE('',*,*,#2343,.T.);
#1553=ORIENTED_EDGE('',*,*,#2347,.T.);
#1554=ORIENTED_EDGE('',*,*,#2345,.F.);
#1555=ORIENTED_EDGE('',*,*,#2346,.F.);
#1556=ORIENTED_EDGE('',*,*,#2344,.F.);
#1557=ORIENTED_EDGE('',*,*,#2347,.F.);
#1558=ORIENTED_EDGE('',*,*,#2342,.F.);
#1559=ORIENTED_EDGE('',*,*,#2348,.F.);
#1560=ORIENTED_EDGE('',*,*,#2349,.F.);
#1561=ORIENTED_EDGE('',*,*,#2350,.F.);
#1562=ORIENTED_EDGE('',*,*,#2351,.F.);
#1563=ORIENTED_EDGE('',*,*,#2348,.T.);
#1564=ORIENTED_EDGE('',*,*,#2352,.T.);
#1565=ORIENTED_EDGE('',*,*,#2350,.T.);
#1566=ORIENTED_EDGE('',*,*,#2353,.F.);
#1567=ORIENTED_EDGE('',*,*,#2349,.T.);
#1568=ORIENTED_EDGE('',*,*,#2353,.T.);
#1569=ORIENTED_EDGE('',*,*,#2351,.T.);
#1570=ORIENTED_EDGE('',*,*,#2352,.F.);
#1571=ORIENTED_EDGE('',*,*,#2354,.T.);
#1572=ORIENTED_EDGE('',*,*,#2355,.F.);
#1573=ORIENTED_EDGE('',*,*,#2356,.T.);
#1574=ORIENTED_EDGE('',*,*,#2357,.T.);
#1575=ORIENTED_EDGE('',*,*,#2358,.T.);
#1576=ORIENTED_EDGE('',*,*,#2355,.T.);
#1577=ORIENTED_EDGE('',*,*,#2359,.T.);
#1578=ORIENTED_EDGE('',*,*,#2357,.F.);
#1579=ORIENTED_EDGE('',*,*,#2358,.F.);
#1580=ORIENTED_EDGE('',*,*,#2356,.F.);
#1581=ORIENTED_EDGE('',*,*,#2359,.F.);
#1582=ORIENTED_EDGE('',*,*,#2354,.F.);
#1583=ORIENTED_EDGE('',*,*,#2360,.F.);
#1584=ORIENTED_EDGE('',*,*,#2361,.F.);
#1585=ORIENTED_EDGE('',*,*,#2362,.F.);
#1586=ORIENTED_EDGE('',*,*,#2363,.F.);
#1587=ORIENTED_EDGE('',*,*,#2360,.T.);
#1588=ORIENTED_EDGE('',*,*,#2364,.T.);
#1589=ORIENTED_EDGE('',*,*,#2362,.T.);
#1590=ORIENTED_EDGE('',*,*,#2365,.F.);
#1591=ORIENTED_EDGE('',*,*,#2363,.T.);
#1592=ORIENTED_EDGE('',*,*,#2364,.F.);
#1593=ORIENTED_EDGE('',*,*,#2361,.T.);
#1594=ORIENTED_EDGE('',*,*,#2365,.T.);
#1595=ORIENTED_EDGE('',*,*,#2366,.F.);
#1596=ORIENTED_EDGE('',*,*,#2367,.T.);
#1597=ORIENTED_EDGE('',*,*,#2368,.T.);
#1598=ORIENTED_EDGE('',*,*,#2368,.F.);
#1599=ORIENTED_EDGE('',*,*,#2366,.T.);
#1600=ORIENTED_EDGE('',*,*,#2369,.T.);
#1601=ORIENTED_EDGE('',*,*,#2370,.T.);
#1602=ORIENTED_EDGE('',*,*,#2371,.T.);
#1603=ORIENTED_EDGE('',*,*,#2372,.T.);
#1604=ORIENTED_EDGE('',*,*,#2373,.T.);
#1605=ORIENTED_EDGE('',*,*,#2374,.T.);
#1606=ORIENTED_EDGE('',*,*,#2375,.T.);
#1607=ORIENTED_EDGE('',*,*,#2376,.T.);
#1608=ORIENTED_EDGE('',*,*,#2377,.T.);
#1609=ORIENTED_EDGE('',*,*,#2378,.T.);
#1610=ORIENTED_EDGE('',*,*,#2379,.T.);
#1611=ORIENTED_EDGE('',*,*,#2380,.T.);
#1612=ORIENTED_EDGE('',*,*,#2381,.T.);
#1613=ORIENTED_EDGE('',*,*,#2382,.T.);
#1614=ORIENTED_EDGE('',*,*,#2383,.T.);
#1615=ORIENTED_EDGE('',*,*,#2384,.T.);
#1616=ORIENTED_EDGE('',*,*,#2385,.T.);
#1617=ORIENTED_EDGE('',*,*,#2386,.T.);
#1618=ORIENTED_EDGE('',*,*,#2387,.T.);
#1619=ORIENTED_EDGE('',*,*,#2388,.F.);
#1620=ORIENTED_EDGE('',*,*,#2386,.F.);
#1621=ORIENTED_EDGE('',*,*,#2388,.T.);
#1622=ORIENTED_EDGE('',*,*,#2389,.T.);
#1623=ORIENTED_EDGE('',*,*,#2390,.T.);
#1624=ORIENTED_EDGE('',*,*,#2391,.T.);
#1625=ORIENTED_EDGE('',*,*,#2392,.T.);
#1626=ORIENTED_EDGE('',*,*,#2392,.F.);
#1627=ORIENTED_EDGE('',*,*,#2393,.F.);
#1628=ORIENTED_EDGE('',*,*,#2370,.F.);
#1629=ORIENTED_EDGE('',*,*,#2394,.T.);
#1630=ORIENTED_EDGE('',*,*,#2391,.F.);
#1631=ORIENTED_EDGE('',*,*,#2395,.F.);
#1632=ORIENTED_EDGE('',*,*,#2371,.F.);
#1633=ORIENTED_EDGE('',*,*,#2393,.T.);
#1634=ORIENTED_EDGE('',*,*,#2390,.F.);
#1635=ORIENTED_EDGE('',*,*,#2396,.F.);
#1636=ORIENTED_EDGE('',*,*,#2372,.F.);
#1637=ORIENTED_EDGE('',*,*,#2395,.T.);
#1638=ORIENTED_EDGE('',*,*,#2389,.F.);
#1639=ORIENTED_EDGE('',*,*,#2394,.F.);
#1640=ORIENTED_EDGE('',*,*,#2369,.F.);
#1641=ORIENTED_EDGE('',*,*,#2396,.T.);
#1642=ORIENTED_EDGE('',*,*,#2397,.T.);
#1643=ORIENTED_EDGE('',*,*,#2398,.T.);
#1644=ORIENTED_EDGE('',*,*,#2399,.T.);
#1645=ORIENTED_EDGE('',*,*,#2400,.T.);
#1646=ORIENTED_EDGE('',*,*,#2400,.F.);
#1647=ORIENTED_EDGE('',*,*,#2401,.F.);
#1648=ORIENTED_EDGE('',*,*,#2374,.F.);
#1649=ORIENTED_EDGE('',*,*,#2402,.T.);
#1650=ORIENTED_EDGE('',*,*,#2399,.F.);
#1651=ORIENTED_EDGE('',*,*,#2403,.F.);
#1652=ORIENTED_EDGE('',*,*,#2375,.F.);
#1653=ORIENTED_EDGE('',*,*,#2401,.T.);
#1654=ORIENTED_EDGE('',*,*,#2398,.F.);
#1655=ORIENTED_EDGE('',*,*,#2404,.F.);
#1656=ORIENTED_EDGE('',*,*,#2376,.F.);
#1657=ORIENTED_EDGE('',*,*,#2403,.T.);
#1658=ORIENTED_EDGE('',*,*,#2397,.F.);
#1659=ORIENTED_EDGE('',*,*,#2402,.F.);
#1660=ORIENTED_EDGE('',*,*,#2373,.F.);
#1661=ORIENTED_EDGE('',*,*,#2404,.T.);
#1662=ORIENTED_EDGE('',*,*,#2405,.T.);
#1663=ORIENTED_EDGE('',*,*,#2406,.T.);
#1664=ORIENTED_EDGE('',*,*,#2407,.T.);
#1665=ORIENTED_EDGE('',*,*,#2408,.T.);
#1666=ORIENTED_EDGE('',*,*,#2408,.F.);
#1667=ORIENTED_EDGE('',*,*,#2409,.F.);
#1668=ORIENTED_EDGE('',*,*,#2378,.F.);
#1669=ORIENTED_EDGE('',*,*,#2410,.T.);
#1670=ORIENTED_EDGE('',*,*,#2407,.F.);
#1671=ORIENTED_EDGE('',*,*,#2411,.F.);
#1672=ORIENTED_EDGE('',*,*,#2379,.F.);
#1673=ORIENTED_EDGE('',*,*,#2409,.T.);
#1674=ORIENTED_EDGE('',*,*,#2406,.F.);
#1675=ORIENTED_EDGE('',*,*,#2412,.F.);
#1676=ORIENTED_EDGE('',*,*,#2380,.F.);
#1677=ORIENTED_EDGE('',*,*,#2411,.T.);
#1678=ORIENTED_EDGE('',*,*,#2405,.F.);
#1679=ORIENTED_EDGE('',*,*,#2410,.F.);
#1680=ORIENTED_EDGE('',*,*,#2377,.F.);
#1681=ORIENTED_EDGE('',*,*,#2412,.T.);
#1682=ORIENTED_EDGE('',*,*,#2413,.T.);
#1683=ORIENTED_EDGE('',*,*,#2414,.T.);
#1684=ORIENTED_EDGE('',*,*,#2415,.T.);
#1685=ORIENTED_EDGE('',*,*,#2416,.T.);
#1686=ORIENTED_EDGE('',*,*,#2416,.F.);
#1687=ORIENTED_EDGE('',*,*,#2417,.F.);
#1688=ORIENTED_EDGE('',*,*,#2382,.F.);
#1689=ORIENTED_EDGE('',*,*,#2418,.T.);
#1690=ORIENTED_EDGE('',*,*,#2415,.F.);
#1691=ORIENTED_EDGE('',*,*,#2419,.F.);
#1692=ORIENTED_EDGE('',*,*,#2383,.F.);
#1693=ORIENTED_EDGE('',*,*,#2417,.T.);
#1694=ORIENTED_EDGE('',*,*,#2414,.F.);
#1695=ORIENTED_EDGE('',*,*,#2420,.F.);
#1696=ORIENTED_EDGE('',*,*,#2384,.F.);
#1697=ORIENTED_EDGE('',*,*,#2419,.T.);
#1698=ORIENTED_EDGE('',*,*,#2413,.F.);
#1699=ORIENTED_EDGE('',*,*,#2418,.F.);
#1700=ORIENTED_EDGE('',*,*,#2381,.F.);
#1701=ORIENTED_EDGE('',*,*,#2420,.T.);
#1702=ORIENTED_EDGE('',*,*,#2421,.F.);
#1703=ORIENTED_EDGE('',*,*,#2422,.F.);
#1704=ORIENTED_EDGE('',*,*,#2387,.F.);
#1705=ORIENTED_EDGE('',*,*,#2421,.T.);
#1706=ORIENTED_EDGE('',*,*,#2422,.T.);
#1707=ORIENTED_EDGE('',*,*,#2367,.F.);
#1708=ORIENTED_EDGE('',*,*,#2385,.F.);
#1709=EDGE_CURVE('',#2423,#2424,#2899,.T.);
#1710=EDGE_CURVE('',#2425,#2424,#2900,.T.);
#1711=EDGE_CURVE('',#2426,#2425,#2901,.T.);
#1712=EDGE_CURVE('',#2426,#2423,#2902,.T.);
#1713=EDGE_CURVE('',#2427,#2428,#2903,.T.);
#1714=EDGE_CURVE('',#2429,#2428,#2904,.T.);
#1715=EDGE_CURVE('',#2429,#2430,#2905,.T.);
#1716=EDGE_CURVE('',#2430,#2431,#2906,.T.);
#1717=EDGE_CURVE('',#2431,#2432,#2907,.T.);
#1718=EDGE_CURVE('',#2433,#2432,#2908,.T.);
#1719=EDGE_CURVE('',#2433,#2434,#2909,.T.);
#1720=EDGE_CURVE('',#2434,#2435,#2910,.T.);
#1721=EDGE_CURVE('',#2435,#2436,#2911,.T.);
#1722=EDGE_CURVE('',#2436,#2437,#2912,.T.);
#1723=EDGE_CURVE('',#2437,#2438,#2913,.T.);
#1724=EDGE_CURVE('',#2439,#2438,#2914,.T.);
#1725=EDGE_CURVE('',#2439,#2440,#2915,.T.);
#1726=EDGE_CURVE('',#2440,#2427,#2916,.T.);
#1727=EDGE_CURVE('',#2441,#2442,#2917,.T.);
#1728=EDGE_CURVE('',#2442,#2443,#2918,.T.);
#1729=EDGE_CURVE('',#2443,#2444,#2919,.T.);
#1730=EDGE_CURVE('',#2444,#2441,#2920,.T.);
#1731=EDGE_CURVE('',#2445,#2446,#2921,.T.);
#1732=EDGE_CURVE('',#2446,#2447,#2922,.T.);
#1733=EDGE_CURVE('',#2447,#2448,#2923,.T.);
#1734=EDGE_CURVE('',#2448,#2445,#2924,.T.);
#1735=EDGE_CURVE('',#2449,#2450,#2925,.T.);
#1736=EDGE_CURVE('',#2450,#2427,#2926,.T.);
#1737=EDGE_CURVE('',#2440,#2451,#2927,.T.);
#1738=EDGE_CURVE('',#2451,#2452,#2928,.T.);
#1739=EDGE_CURVE('',#2452,#2453,#2929,.T.);
#1740=EDGE_CURVE('',#2426,#2453,#2930,.T.);
#1741=EDGE_CURVE('',#2425,#2449,#2931,.T.);
#1742=EDGE_CURVE('',#2454,#2455,#2932,.T.);
#1743=EDGE_CURVE('',#2455,#2456,#2933,.T.);
#1744=EDGE_CURVE('',#2456,#2449,#2934,.T.);
#1745=EDGE_CURVE('',#2424,#2457,#2935,.T.);
#1746=EDGE_CURVE('',#2457,#2458,#2936,.T.);
#1747=EDGE_CURVE('',#2459,#2458,#2937,.T.);
#1748=EDGE_CURVE('',#2459,#2460,#2938,.T.);
#1749=EDGE_CURVE('',#2460,#2461,#2939,.T.);
#1750=EDGE_CURVE('',#2461,#2462,#2940,.T.);
#1751=EDGE_CURVE('',#2462,#2463,#2941,.T.);
#1752=EDGE_CURVE('',#2463,#2464,#2942,.T.);
#1753=EDGE_CURVE('',#2465,#2464,#2943,.T.);
#1754=EDGE_CURVE('',#2465,#2466,#2944,.T.);
#1755=EDGE_CURVE('',#2466,#2454,#2945,.T.);
#1756=EDGE_CURVE('',#2467,#2468,#2946,.T.);
#1757=EDGE_CURVE('',#2468,#2469,#2947,.T.);
#1758=EDGE_CURVE('',#2469,#2470,#2948,.T.);
#1759=EDGE_CURVE('',#2470,#2467,#2949,.T.);
#1760=EDGE_CURVE('',#2471,#2472,#2950,.T.);
#1761=EDGE_CURVE('',#2472,#2473,#2951,.T.);
#1762=EDGE_CURVE('',#2473,#2474,#2952,.T.);
#1763=EDGE_CURVE('',#2474,#2471,#2953,.T.);
#1764=EDGE_CURVE('',#2428,#2475,#2954,.T.);
#1765=EDGE_CURVE('',#2475,#2454,#2955,.T.);
#1766=EDGE_CURVE('',#2466,#2476,#2956,.T.);
#1767=EDGE_CURVE('',#2476,#2477,#2957,.T.);
#1768=EDGE_CURVE('',#2477,#2478,#2958,.T.);
#1769=EDGE_CURVE('',#2479,#2478,#2959,.T.);
#1770=EDGE_CURVE('',#2479,#2429,#2960,.T.);
#1771=EDGE_CURVE('',#2480,#2481,#2961,.T.);
#1772=EDGE_CURVE('',#2482,#2481,#2962,.T.);
#1773=EDGE_CURVE('',#2482,#2483,#2963,.T.);
#1774=EDGE_CURVE('',#2484,#2483,#2964,.T.);
#1775=EDGE_CURVE('',#2484,#2485,#2965,.T.);
#1776=EDGE_CURVE('',#2486,#2485,#2966,.T.);
#1777=EDGE_CURVE('',#2486,#2487,#2967,.T.);
#1778=EDGE_CURVE('',#2488,#2487,#155,.T.);
#1779=EDGE_CURVE('',#2488,#2489,#2968,.T.);
#1780=EDGE_CURVE('',#2480,#2489,#156,.T.);
#1781=EDGE_CURVE('',#2490,#2491,#2969,.T.);
#1782=EDGE_CURVE('',#2492,#2491,#2970,.T.);
#1783=EDGE_CURVE('',#2492,#2493,#2971,.T.);
#1784=EDGE_CURVE('',#2490,#2493,#2972,.T.);
#1785=EDGE_CURVE('',#2494,#2495,#2973,.T.);
#1786=EDGE_CURVE('',#2496,#2495,#2974,.T.);
#1787=EDGE_CURVE('',#2496,#2497,#2975,.T.);
#1788=EDGE_CURVE('',#2494,#2497,#2976,.T.);
#1789=EDGE_CURVE('',#2498,#2499,#2977,.T.);
#1790=EDGE_CURVE('',#2500,#2499,#2978,.T.);
#1791=EDGE_CURVE('',#2500,#2501,#2979,.T.);
#1792=EDGE_CURVE('',#2498,#2501,#2980,.T.);
#1793=EDGE_CURVE('',#2485,#2502,#2981,.T.);
#1794=EDGE_CURVE('',#2503,#2484,#2982,.T.);
#1795=EDGE_CURVE('',#2503,#2502,#2983,.T.);
#1796=EDGE_CURVE('',#2502,#2504,#157,.T.);
#1797=EDGE_CURVE('',#2505,#2503,#158,.T.);
#1798=EDGE_CURVE('',#2505,#2504,#2984,.T.);
#1799=EDGE_CURVE('',#2504,#2496,#2985,.T.);
#1800=EDGE_CURVE('',#2497,#2505,#2986,.T.);
#1801=EDGE_CURVE('',#2493,#2506,#2987,.T.);
#1802=EDGE_CURVE('',#2507,#2492,#2988,.T.);
#1803=EDGE_CURVE('',#2507,#2506,#2989,.T.);
#1804=EDGE_CURVE('',#2506,#2508,#159,.T.);
#1805=EDGE_CURVE('',#2509,#2507,#160,.T.);
#1806=EDGE_CURVE('',#2509,#2508,#2990,.T.);
#1807=EDGE_CURVE('',#2508,#2500,#2991,.T.);
#1808=EDGE_CURVE('',#2501,#2509,#2992,.T.);
#1809=EDGE_CURVE('',#2499,#2510,#2993,.T.);
#1810=EDGE_CURVE('',#2511,#2498,#2994,.T.);
#1811=EDGE_CURVE('',#2511,#2510,#2995,.T.);
#1812=EDGE_CURVE('',#2510,#2512,#161,.T.);
#1813=EDGE_CURVE('',#2513,#2511,#162,.T.);
#1814=EDGE_CURVE('',#2513,#2512,#2996,.T.);
#1815=EDGE_CURVE('',#2512,#2482,#2997,.T.);
#1816=EDGE_CURVE('',#2483,#2513,#2998,.T.);
#1817=EDGE_CURVE('',#2495,#2514,#2999,.T.);
#1818=EDGE_CURVE('',#2515,#2494,#3000,.T.);
#1819=EDGE_CURVE('',#2515,#2514,#3001,.T.);
#1820=EDGE_CURVE('',#2514,#2516,#163,.T.);
#1821=EDGE_CURVE('',#2517,#2515,#164,.T.);
#1822=EDGE_CURVE('',#2517,#2516,#3002,.T.);
#1823=EDGE_CURVE('',#2516,#2490,#3003,.T.);
#1824=EDGE_CURVE('',#2491,#2517,#3004,.T.);
#1825=EDGE_CURVE('',#2518,#2451,#3005,.T.);
#1826=EDGE_CURVE('',#2439,#2518,#3006,.T.);
#1827=EDGE_CURVE('',#2519,#2476,#3007,.T.);
#1828=EDGE_CURVE('',#2465,#2519,#3008,.T.);
#1829=EDGE_CURVE('',#2479,#2520,#3009,.T.);
#1830=EDGE_CURVE('',#2520,#2430,#3010,.T.);
#1831=EDGE_CURVE('',#2478,#2521,#3011,.T.);
#1832=EDGE_CURVE('',#2520,#2521,#3012,.T.);
#1833=EDGE_CURVE('',#2522,#2477,#3013,.T.);
#1834=EDGE_CURVE('',#2519,#2522,#3014,.T.);
#1835=EDGE_CURVE('',#2464,#2522,#3015,.T.);
#1836=EDGE_CURVE('',#2521,#2431,#3016,.T.);
#1837=EDGE_CURVE('',#2523,#2524,#3017,.T.);
#1838=EDGE_CURVE('',#2458,#2524,#3018,.T.);
#1839=EDGE_CURVE('',#2525,#2457,#3019,.T.);
#1840=EDGE_CURVE('',#2453,#2525,#3020,.T.);
#1841=EDGE_CURVE('',#2526,#2452,#3021,.T.);
#1842=EDGE_CURVE('',#2438,#2526,#3022,.T.);
#1843=EDGE_CURVE('',#2527,#2437,#3023,.T.);
#1844=EDGE_CURVE('',#2527,#2528,#3024,.T.);
#1845=EDGE_CURVE('',#2528,#2523,#3025,.T.);
#1846=EDGE_CURVE('',#2423,#2525,#3026,.T.);
#1847=EDGE_CURVE('',#2518,#2526,#3027,.T.);
#1848=EDGE_CURVE('',#2524,#2529,#3028,.T.);
#1849=EDGE_CURVE('',#2459,#2529,#3029,.T.);
#1850=EDGE_CURVE('',#2530,#2531,#3030,.T.);
#1851=EDGE_CURVE('',#2531,#2463,#3031,.T.);
#1852=EDGE_CURVE('',#2530,#2462,#3032,.T.);
#1853=EDGE_CURVE('',#2532,#2533,#3033,.T.);
#1854=EDGE_CURVE('',#2433,#2533,#3034,.T.);
#1855=EDGE_CURVE('',#2432,#2532,#3035,.T.);
#1856=EDGE_CURVE('',#2534,#2460,#3036,.T.);
#1857=EDGE_CURVE('',#2529,#2530,#3037,.T.);
#1858=EDGE_CURVE('',#2461,#2535,#3038,.T.);
#1859=EDGE_CURVE('',#2535,#2534,#3039,.T.);
#1860=EDGE_CURVE('',#2531,#2536,#3040,.T.);
#1861=EDGE_CURVE('',#2536,#2537,#3041,.T.);
#1862=EDGE_CURVE('',#2537,#2532,#3042,.T.);
#1863=EDGE_CURVE('',#2538,#2527,#3043,.T.);
#1864=EDGE_CURVE('',#2538,#2436,#3044,.T.);
#1865=EDGE_CURVE('',#2539,#2540,#3045,.T.);
#1866=EDGE_CURVE('',#2540,#2541,#3046,.T.);
#1867=EDGE_CURVE('',#2541,#2542,#3047,.T.);
#1868=EDGE_CURVE('',#2542,#2539,#3048,.T.);
#1869=EDGE_CURVE('',#2533,#2538,#3049,.T.);
#1870=EDGE_CURVE('',#2537,#2543,#3050,.T.);
#1871=EDGE_CURVE('',#2544,#2543,#3051,.T.);
#1872=EDGE_CURVE('',#2545,#2544,#3052,.T.);
#1873=EDGE_CURVE('',#2546,#2545,#3053,.T.);
#1874=EDGE_CURVE('',#2546,#2547,#3054,.T.);
#1875=EDGE_CURVE('',#2548,#2547,#3055,.T.);
#1876=EDGE_CURVE('',#2541,#2548,#3056,.T.);
#1877=EDGE_CURVE('',#2540,#2549,#3057,.T.);
#1878=EDGE_CURVE('',#2550,#2549,#3058,.T.);
#1879=EDGE_CURVE('',#2528,#2550,#3059,.T.);
#1880=EDGE_CURVE('',#2523,#2551,#3060,.T.);
#1881=EDGE_CURVE('',#2551,#2550,#3061,.T.);
#1882=EDGE_CURVE('',#2536,#2552,#3062,.T.);
#1883=EDGE_CURVE('',#2543,#2552,#3063,.T.);
#1884=EDGE_CURVE('',#2553,#2551,#3064,.T.);
#1885=EDGE_CURVE('',#2539,#2553,#3065,.T.);
#1886=EDGE_CURVE('',#2542,#2554,#3066,.T.);
#1887=EDGE_CURVE('',#2555,#2554,#3067,.T.);
#1888=EDGE_CURVE('',#2556,#2555,#3068,.T.);
#1889=EDGE_CURVE('',#2557,#2556,#3069,.T.);
#1890=EDGE_CURVE('',#2557,#2558,#3070,.T.);
#1891=EDGE_CURVE('',#2552,#2558,#3071,.T.);
#1892=EDGE_CURVE('',#2545,#2557,#3072,.T.);
#1893=EDGE_CURVE('',#2556,#2546,#3073,.T.);
#1894=EDGE_CURVE('',#2554,#2548,#3074,.T.);
#1895=EDGE_CURVE('',#2547,#2555,#3075,.T.);
#1896=EDGE_CURVE('',#2558,#2544,#3076,.T.);
#1897=EDGE_CURVE('',#2549,#2553,#3077,.T.);
#1898=EDGE_CURVE('',#2443,#2559,#3078,.T.);
#1899=EDGE_CURVE('',#2560,#2442,#3079,.T.);
#1900=EDGE_CURVE('',#2559,#2560,#3080,.T.);
#1901=EDGE_CURVE('',#2561,#2444,#3081,.T.);
#1902=EDGE_CURVE('',#2562,#2561,#3082,.T.);
#1903=EDGE_CURVE('',#2441,#2562,#3083,.T.);
#1904=EDGE_CURVE('',#2562,#2560,#3084,.T.);
#1905=EDGE_CURVE('',#2561,#2559,#3085,.T.);
#1906=EDGE_CURVE('',#2448,#2563,#3086,.T.);
#1907=EDGE_CURVE('',#2563,#2564,#3087,.T.);
#1908=EDGE_CURVE('',#2564,#2445,#3088,.T.);
#1909=EDGE_CURVE('',#2446,#2565,#3089,.T.);
#1910=EDGE_CURVE('',#2565,#2566,#3090,.T.);
#1911=EDGE_CURVE('',#2566,#2447,#3091,.T.);
#1912=EDGE_CURVE('',#2565,#2564,#3092,.T.);
#1913=EDGE_CURVE('',#2566,#2563,#3093,.T.);
#1914=EDGE_CURVE('',#2567,#2568,#3094,.T.);
#1915=EDGE_CURVE('',#2467,#2568,#3095,.T.);
#1916=EDGE_CURVE('',#2470,#2567,#3096,.T.);
#1917=EDGE_CURVE('',#2569,#2570,#3097,.T.);
#1918=EDGE_CURVE('',#2471,#2570,#3098,.T.);
#1919=EDGE_CURVE('',#2474,#2569,#3099,.T.);
#1920=EDGE_CURVE('',#2571,#2572,#3100,.T.);
#1921=EDGE_CURVE('',#2572,#2472,#3101,.T.);
#1922=EDGE_CURVE('',#2570,#2573,#3102,.T.);
#1923=EDGE_CURVE('',#2573,#2571,#3103,.T.);
#1924=EDGE_CURVE('',#2574,#2575,#3104,.T.);
#1925=EDGE_CURVE('',#2575,#2576,#3105,.T.);
#1926=EDGE_CURVE('',#2576,#2577,#3106,.T.);
#1927=EDGE_CURVE('',#2577,#2574,#3107,.T.);
#1928=EDGE_CURVE('',#2578,#2579,#3108,.T.);
#1929=EDGE_CURVE('',#2579,#2580,#3109,.T.);
#1930=EDGE_CURVE('',#2580,#2581,#165,.T.);
#1931=EDGE_CURVE('',#2581,#2582,#3110,.T.);
#1932=EDGE_CURVE('',#2582,#2583,#3111,.T.);
#1933=EDGE_CURVE('',#2583,#2584,#3112,.T.);
#1934=EDGE_CURVE('',#2584,#2585,#166,.T.);
#1935=EDGE_CURVE('',#2585,#2578,#3113,.T.);
#1936=EDGE_CURVE('',#2481,#2586,#3114,.T.);
#1937=EDGE_CURVE('',#2586,#2587,#3115,.T.);
#1938=EDGE_CURVE('',#2587,#2486,#3116,.T.);
#1939=EDGE_CURVE('',#2588,#2589,#3117,.T.);
#1940=EDGE_CURVE('',#2578,#2588,#3118,.T.);
#1941=EDGE_CURVE('',#2585,#2589,#3119,.T.);
#1942=EDGE_CURVE('',#2589,#2590,#167,.T.);
#1943=EDGE_CURVE('',#2584,#2590,#3120,.T.);
#1944=EDGE_CURVE('',#2591,#2592,#3121,.T.);
#1945=EDGE_CURVE('',#2580,#2591,#3122,.T.);
#1946=EDGE_CURVE('',#2579,#2592,#3123,.T.);
#1947=EDGE_CURVE('',#2592,#2588,#3124,.T.);
#1948=EDGE_CURVE('',#2593,#2594,#3125,.T.);
#1949=EDGE_CURVE('',#2574,#2593,#3126,.T.);
#1950=EDGE_CURVE('',#2577,#2594,#3127,.T.);
#1951=EDGE_CURVE('',#2595,#2596,#168,.T.);
#1952=EDGE_CURVE('',#2595,#2597,#3128,.T.);
#1953=EDGE_CURVE('',#2594,#2597,#169,.T.);
#1954=EDGE_CURVE('',#2576,#2596,#3129,.T.);
#1955=EDGE_CURVE('',#2596,#2598,#3130,.T.);
#1956=EDGE_CURVE('',#2575,#2598,#3131,.T.);
#1957=EDGE_CURVE('',#2598,#2593,#3132,.T.);
#1958=EDGE_CURVE('',#2599,#2600,#3133,.T.);
#1959=EDGE_CURVE('',#2601,#2599,#3134,.T.);
#1960=EDGE_CURVE('',#2602,#2601,#3135,.T.);
#1961=EDGE_CURVE('',#2600,#2602,#3136,.T.);
#1962=EDGE_CURVE('',#2489,#2603,#3137,.T.);
#1963=EDGE_CURVE('',#2604,#2488,#3138,.T.);
#1964=EDGE_CURVE('',#2603,#2604,#3139,.T.);
#1965=EDGE_CURVE('',#2605,#2606,#3140,.T.);
#1966=EDGE_CURVE('',#2600,#2606,#49,.T.);
#1967=EDGE_CURVE('',#2605,#2602,#50,.T.);
#1968=EDGE_CURVE('',#2607,#2605,#3141,.T.);
#1969=EDGE_CURVE('',#2607,#2601,#51,.T.);
#1970=EDGE_CURVE('',#2608,#2607,#3142,.T.);
#1971=EDGE_CURVE('',#2608,#2599,#52,.T.);
#1972=EDGE_CURVE('',#2606,#2608,#3143,.T.);
#1973=EDGE_CURVE('',#2609,#2610,#3144,.T.);
#1974=EDGE_CURVE('',#2611,#2609,#3145,.T.);
#1975=EDGE_CURVE('',#2612,#2611,#3146,.T.);
#1976=EDGE_CURVE('',#2610,#2612,#3147,.T.);
#1977=EDGE_CURVE('',#2609,#2606,#53,.T.);
#1978=EDGE_CURVE('',#2611,#2605,#54,.T.);
#1979=EDGE_CURVE('',#2612,#2607,#55,.T.);
#1980=EDGE_CURVE('',#2610,#2608,#56,.T.);
#1981=EDGE_CURVE('',#2613,#2613,#170,.T.);
#1982=EDGE_CURVE('',#2614,#2614,#171,.T.);
#1983=EDGE_CURVE('',#2615,#2616,#3148,.T.);
#1984=EDGE_CURVE('',#2617,#2615,#3149,.T.);
#1985=EDGE_CURVE('',#2618,#2617,#3150,.T.);
#1986=EDGE_CURVE('',#2616,#2618,#3151,.T.);
#1987=EDGE_CURVE('',#2615,#2619,#57,.T.);
#1988=EDGE_CURVE('',#2619,#2620,#3152,.T.);
#1989=EDGE_CURVE('',#2617,#2620,#58,.T.);
#1990=EDGE_CURVE('',#2620,#2621,#3153,.T.);
#1991=EDGE_CURVE('',#2618,#2621,#59,.T.);
#1992=EDGE_CURVE('',#2621,#2622,#3154,.T.);
#1993=EDGE_CURVE('',#2616,#2622,#60,.T.);
#1994=EDGE_CURVE('',#2622,#2619,#3155,.T.);
#1995=EDGE_CURVE('',#2487,#2623,#3156,.T.);
#1996=EDGE_CURVE('',#2587,#2623,#3157,.T.);
#1997=EDGE_CURVE('',#2623,#2624,#3158,.T.);
#1998=EDGE_CURVE('',#2586,#2624,#3159,.T.);
#1999=EDGE_CURVE('',#2624,#2480,#3160,.T.);
#2000=EDGE_CURVE('',#2604,#2623,#61,.T.);
#2001=EDGE_CURVE('',#2603,#2624,#62,.T.);
#2002=EDGE_CURVE('',#2625,#2598,#63,.T.);
#2003=EDGE_CURVE('',#2625,#2595,#3161,.T.);
#2004=EDGE_CURVE('',#2626,#2625,#3162,.T.);
#2005=EDGE_CURVE('',#2626,#2593,#64,.T.);
#2006=EDGE_CURVE('',#2597,#2626,#3163,.T.);
#2007=EDGE_CURVE('',#2627,#2628,#3164,.T.);
#2008=EDGE_CURVE('',#2629,#2627,#3165,.T.);
#2009=EDGE_CURVE('',#2630,#2629,#3166,.T.);
#2010=EDGE_CURVE('',#2628,#2630,#3167,.T.);
#2011=EDGE_CURVE('',#2619,#2630,#65,.T.);
#2012=EDGE_CURVE('',#2620,#2629,#66,.T.);
#2013=EDGE_CURVE('',#2621,#2627,#67,.T.);
#2014=EDGE_CURVE('',#2628,#2622,#68,.T.);
#2015=EDGE_CURVE('',#2590,#2631,#3168,.T.);
#2016=EDGE_CURVE('',#2583,#2631,#3169,.T.);
#2017=EDGE_CURVE('',#2631,#2632,#3170,.T.);
#2018=EDGE_CURVE('',#2582,#2632,#3171,.T.);
#2019=EDGE_CURVE('',#2632,#2633,#3172,.T.);
#2020=EDGE_CURVE('',#2581,#2633,#3173,.T.);
#2021=EDGE_CURVE('',#2633,#2591,#172,.T.);
#2022=EDGE_CURVE('',#2634,#2635,#3174,.T.);
#2023=EDGE_CURVE('',#2635,#2631,#69,.T.);
#2024=EDGE_CURVE('',#2634,#2632,#70,.T.);
#2025=EDGE_CURVE('',#2636,#2634,#3175,.T.);
#2026=EDGE_CURVE('',#2636,#2633,#40,.T.);
#2027=EDGE_CURVE('',#2637,#2636,#173,.T.);
#2028=EDGE_CURVE('',#2637,#2591,#41,.T.);
#2029=EDGE_CURVE('',#2638,#2592,#71,.T.);
#2030=EDGE_CURVE('',#2638,#2637,#3176,.T.);
#2031=EDGE_CURVE('',#2639,#2638,#3177,.T.);
#2032=EDGE_CURVE('',#2639,#2588,#72,.T.);
#2033=EDGE_CURVE('',#2640,#2639,#3178,.T.);
#2034=EDGE_CURVE('',#2640,#2589,#42,.T.);
#2035=EDGE_CURVE('',#2641,#2640,#174,.T.);
#2036=EDGE_CURVE('',#2641,#2590,#43,.T.);
#2037=EDGE_CURVE('',#2635,#2641,#3179,.T.);
#2038=EDGE_CURVE('',#2642,#2642,#175,.T.);
#2039=EDGE_CURVE('',#2643,#2644,#3180,.T.);
#2040=EDGE_CURVE('',#2645,#2644,#3181,.T.);
#2041=EDGE_CURVE('',#2645,#2646,#3182,.T.);
#2042=EDGE_CURVE('',#2643,#2646,#3183,.T.);
#2043=EDGE_CURVE('',#2647,#2571,#3184,.T.);
#2044=EDGE_CURVE('',#2573,#2648,#3185,.T.);
#2045=EDGE_CURVE('',#2647,#2648,#3186,.T.);
#2046=EDGE_CURVE('',#2649,#2647,#3187,.T.);
#2047=EDGE_CURVE('',#2648,#2569,#3188,.T.);
#2048=EDGE_CURVE('',#2473,#2649,#3189,.T.);
#2049=EDGE_CURVE('',#2644,#2567,#3190,.T.);
#2050=EDGE_CURVE('',#2650,#2469,#3191,.T.);
#2051=EDGE_CURVE('',#2650,#2645,#3192,.T.);
#2052=EDGE_CURVE('',#2568,#2643,#3193,.T.);
#2053=EDGE_CURVE('',#2646,#2651,#3194,.T.);
#2054=EDGE_CURVE('',#2468,#2651,#3195,.T.);
#2055=EDGE_CURVE('',#2651,#2650,#3196,.T.);
#2056=EDGE_CURVE('',#2572,#2649,#3197,.T.);
#2057=EDGE_CURVE('',#2653,#2653,#176,.T.);
#2058=EDGE_CURVE('',#2655,#2655,#177,.T.);
#2059=EDGE_CURVE('',#2657,#2657,#178,.T.);
#2060=EDGE_CURVE('',#2659,#2659,#179,.T.);
#2061=EDGE_CURVE('',#2435,#2660,#3198,.T.);
#2062=EDGE_CURVE('',#2660,#2661,#3199,.T.);
#2063=EDGE_CURVE('',#2661,#2434,#3200,.T.);
#2064=EDGE_CURVE('',#2662,#2450,#3201,.T.);
#2065=EDGE_CURVE('',#2456,#2662,#3202,.T.);
#2066=EDGE_CURVE('',#2475,#2663,#3203,.T.);
#2067=EDGE_CURVE('',#2663,#2455,#3204,.T.);
#2068=EDGE_CURVE('',#2664,#2665,#3205,.T.);
#2069=EDGE_CURVE('',#2666,#2665,#3206,.T.);
#2070=EDGE_CURVE('',#2667,#2666,#3207,.T.);
#2071=EDGE_CURVE('',#2667,#2664,#3208,.T.);
#2072=EDGE_CURVE('',#2668,#2664,#3209,.T.);
#2073=EDGE_CURVE('',#2669,#2667,#3210,.T.);
#2074=EDGE_CURVE('',#2669,#2668,#3211,.T.);
#2075=EDGE_CURVE('',#2670,#2671,#3212,.T.);
#2076=EDGE_CURVE('',#2672,#2671,#3213,.T.);
#2077=EDGE_CURVE('',#2673,#2672,#3214,.T.);
#2078=EDGE_CURVE('',#2673,#2670,#3215,.T.);
#2079=EDGE_CURVE('',#2674,#2670,#3216,.T.);
#2080=EDGE_CURVE('',#2675,#2673,#3217,.T.);
#2081=EDGE_CURVE('',#2675,#2674,#3218,.T.);
#2082=EDGE_CURVE('',#2676,#2674,#3219,.T.);
#2083=EDGE_CURVE('',#2450,#2675,#3220,.T.);
#2084=EDGE_CURVE('',#2662,#2676,#3221,.T.);
#2085=EDGE_CURVE('',#2665,#2677,#3222,.T.);
#2086=EDGE_CURVE('',#2663,#2677,#3223,.T.);
#2087=EDGE_CURVE('',#2666,#2475,#3224,.T.);
#2088=EDGE_CURVE('',#2678,#2678,#180,.T.);
#2089=EDGE_CURVE('',#2679,#2679,#181,.T.);
#2090=EDGE_CURVE('',#2680,#2681,#3225,.T.);
#2091=EDGE_CURVE('',#2682,#2681,#3226,.T.);
#2092=EDGE_CURVE('',#2683,#2682,#3227,.T.);
#2093=EDGE_CURVE('',#2683,#2680,#3228,.T.);
#2094=EDGE_CURVE('',#2684,#2680,#3229,.T.);
#2095=EDGE_CURVE('',#2685,#2683,#3230,.T.);
#2096=EDGE_CURVE('',#2685,#2684,#3231,.T.);
#2097=EDGE_CURVE('',#2686,#2687,#3232,.T.);
#2098=EDGE_CURVE('',#2686,#2684,#3233,.T.);
#2099=EDGE_CURVE('',#2687,#2685,#3234,.T.);
#2100=EDGE_CURVE('',#2688,#2689,#3235,.T.);
#2101=EDGE_CURVE('',#2690,#2688,#3236,.T.);
#2102=EDGE_CURVE('',#2691,#2690,#3237,.T.);
#2103=EDGE_CURVE('',#2692,#2691,#182,.T.);
#2104=EDGE_CURVE('',#2693,#2692,#3238,.T.);
#2105=EDGE_CURVE('',#2694,#2693,#3239,.T.);
#2106=EDGE_CURVE('',#2694,#2695,#3240,.T.);
#2107=EDGE_CURVE('',#2695,#2696,#3241,.T.);
#2108=EDGE_CURVE('',#2697,#2696,#183,.T.);
#2109=EDGE_CURVE('',#2698,#2697,#3242,.T.);
#2110=EDGE_CURVE('',#2699,#2698,#184,.T.);
#2111=EDGE_CURVE('',#2700,#2699,#3243,.T.);
#2112=EDGE_CURVE('',#2689,#2700,#3244,.T.);
#2113=EDGE_CURVE('',#2701,#2695,#3245,.T.);
#2114=EDGE_CURVE('',#2702,#2694,#3246,.T.);
#2115=EDGE_CURVE('',#2702,#2701,#3247,.T.);
#2116=EDGE_CURVE('',#2703,#2704,#3248,.T.);
#2117=EDGE_CURVE('',#2703,#2701,#3249,.T.);
#2118=EDGE_CURVE('',#2704,#2702,#3250,.T.);
#2119=EDGE_CURVE('',#2705,#2706,#3251,.T.);
#2120=EDGE_CURVE('',#2705,#2707,#3252,.T.);
#2121=EDGE_CURVE('',#2708,#2707,#3253,.T.);
#2122=EDGE_CURVE('',#2706,#2708,#3254,.T.);
#2123=EDGE_CURVE('',#2709,#2710,#3255,.T.);
#2124=EDGE_CURVE('',#2682,#2709,#3256,.T.);
#2125=EDGE_CURVE('',#2681,#2710,#3257,.T.);
#2126=EDGE_CURVE('',#2711,#2712,#3258,.T.);
#2127=EDGE_CURVE('',#2711,#2713,#3259,.T.);
#2128=EDGE_CURVE('',#2713,#2714,#3260,.T.);
#2129=EDGE_CURVE('',#2714,#2715,#185,.T.);
#2130=EDGE_CURVE('',#2715,#2716,#3261,.T.);
#2131=EDGE_CURVE('',#2716,#2717,#186,.T.);
#2132=EDGE_CURVE('',#2717,#2718,#3262,.T.);
#2133=EDGE_CURVE('',#2719,#2718,#3263,.T.);
#2134=EDGE_CURVE('',#2720,#2719,#3264,.T.);
#2135=EDGE_CURVE('',#2720,#2721,#3265,.T.);
#2136=EDGE_CURVE('',#2721,#2722,#187,.T.);
#2137=EDGE_CURVE('',#2722,#2723,#3266,.T.);
#2138=EDGE_CURVE('',#2723,#2712,#3267,.T.);
#2139=EDGE_CURVE('',#2687,#2719,#188,.T.);
#2140=EDGE_CURVE('',#2718,#2686,#189,.T.);
#2141=EDGE_CURVE('',#2724,#2660,#3268,.T.);
#2142=EDGE_CURVE('',#2725,#2724,#3269,.T.);
#2143=EDGE_CURVE('',#2725,#2661,#3270,.T.);
#2144=EDGE_CURVE('',#2726,#2434,#3271,.T.);
#2145=EDGE_CURVE('',#2727,#2725,#3272,.T.);
#2146=EDGE_CURVE('',#2727,#2726,#3273,.T.);
#2147=EDGE_CURVE('',#2728,#2729,#3274,.T.);
#2148=EDGE_CURVE('',#2730,#2728,#190,.T.);
#2149=EDGE_CURVE('',#2730,#2726,#3275,.T.);
#2150=EDGE_CURVE('',#2729,#2727,#3276,.T.);
#2151=EDGE_CURVE('',#2731,#2732,#73,.T.);
#2152=EDGE_CURVE('',#2731,#2709,#191,.T.);
#2153=EDGE_CURVE('',#2710,#2730,#192,.T.);
#2154=EDGE_CURVE('',#2728,#2732,#3277,.T.);
#2155=EDGE_CURVE('',#2732,#2733,#193,.T.);
#2156=EDGE_CURVE('',#2733,#2729,#3278,.T.);
#2157=EDGE_CURVE('',#2733,#2734,#3279,.T.);
#2158=EDGE_CURVE('',#2734,#2724,#3280,.T.);
#2159=EDGE_CURVE('',#2734,#2735,#194,.T.);
#2160=EDGE_CURVE('',#2735,#2731,#3281,.T.);
#2161=EDGE_CURVE('',#2721,#2692,#3282,.T.);
#2162=EDGE_CURVE('',#2693,#2720,#3283,.T.);
#2163=EDGE_CURVE('',#2696,#2717,#3284,.T.);
#2164=EDGE_CURVE('',#2716,#2697,#3285,.T.);
#2165=EDGE_CURVE('',#2715,#2698,#3286,.T.);
#2166=EDGE_CURVE('',#2714,#2699,#3287,.T.);
#2167=EDGE_CURVE('',#2713,#2700,#3288,.T.);
#2168=EDGE_CURVE('',#2689,#2736,#195,.T.);
#2169=EDGE_CURVE('',#2737,#2711,#196,.T.);
#2170=EDGE_CURVE('',#2737,#2736,#3289,.T.);
#2171=EDGE_CURVE('',#2723,#2690,#3290,.T.);
#2172=EDGE_CURVE('',#2722,#2691,#3291,.T.);
#2173=EDGE_CURVE('',#2712,#2738,#197,.T.);
#2174=EDGE_CURVE('',#2738,#2737,#3292,.T.);
#2175=EDGE_CURVE('',#2736,#2739,#3293,.T.);
#2176=EDGE_CURVE('',#2738,#2739,#3294,.T.);
#2177=EDGE_CURVE('',#2739,#2688,#198,.T.);
#2178=EDGE_CURVE('',#2740,#2741,#3295,.T.);
#2179=EDGE_CURVE('',#2742,#2740,#3296,.T.);
#2180=EDGE_CURVE('',#2455,#2742,#3297,.T.);
#2181=EDGE_CURVE('',#2743,#2677,#3298,.T.);
#2182=EDGE_CURVE('',#2744,#2743,#199,.T.);
#2183=EDGE_CURVE('',#2744,#2741,#3299,.T.);
#2184=EDGE_CURVE('',#2745,#2746,#200,.T.);
#2185=EDGE_CURVE('',#2745,#2747,#3300,.T.);
#2186=EDGE_CURVE('',#2747,#2748,#3301,.T.);
#2187=EDGE_CURVE('',#2748,#2749,#3302,.T.);
#2188=EDGE_CURVE('',#2749,#2750,#3303,.T.);
#2189=EDGE_CURVE('',#2750,#2751,#3304,.T.);
#2190=EDGE_CURVE('',#2752,#2751,#201,.T.);
#2191=EDGE_CURVE('',#2752,#2753,#3305,.T.);
#2192=EDGE_CURVE('',#2753,#2754,#3306,.T.);
#2193=EDGE_CURVE('',#2754,#2755,#3307,.T.);
#2194=EDGE_CURVE('',#2755,#2756,#3308,.T.);
#2195=EDGE_CURVE('',#2757,#2756,#202,.T.);
#2196=EDGE_CURVE('',#2757,#2758,#3309,.T.);
#2197=EDGE_CURVE('',#2758,#2759,#3310,.T.);
#2198=EDGE_CURVE('',#2742,#2759,#3311,.T.);
#2199=EDGE_CURVE('',#2760,#2740,#203,.T.);
#2200=EDGE_CURVE('',#2760,#2761,#3312,.T.);
#2201=EDGE_CURVE('',#2762,#2761,#204,.T.);
#2202=EDGE_CURVE('',#2762,#2763,#3313,.T.);
#2203=EDGE_CURVE('',#2764,#2763,#205,.T.);
#2204=EDGE_CURVE('',#2764,#2765,#3314,.T.);
#2205=EDGE_CURVE('',#2766,#2765,#206,.T.);
#2206=EDGE_CURVE('',#2766,#2746,#3315,.T.);
#2207=EDGE_CURVE('',#2767,#2768,#3316,.T.);
#2208=EDGE_CURVE('',#2767,#2769,#3317,.T.);
#2209=EDGE_CURVE('',#2770,#2769,#3318,.T.);
#2210=EDGE_CURVE('',#2771,#2770,#3319,.T.);
#2211=EDGE_CURVE('',#2772,#2771,#3320,.T.);
#2212=EDGE_CURVE('',#2768,#2772,#3321,.T.);
#2213=EDGE_CURVE('',#2756,#2773,#3322,.T.);
#2214=EDGE_CURVE('',#2774,#2755,#3323,.T.);
#2215=EDGE_CURVE('',#2774,#2773,#3324,.T.);
#2216=EDGE_CURVE('',#2775,#2754,#3325,.T.);
#2217=EDGE_CURVE('',#2775,#2774,#3326,.T.);
#2218=EDGE_CURVE('',#2776,#2753,#3327,.T.);
#2219=EDGE_CURVE('',#2776,#2775,#3328,.T.);
#2220=EDGE_CURVE('',#2777,#2778,#3329,.T.);
#2221=EDGE_CURVE('',#2777,#2779,#3330,.T.);
#2222=EDGE_CURVE('',#2779,#2780,#3331,.T.);
#2223=EDGE_CURVE('',#2780,#2781,#207,.T.);
#2224=EDGE_CURVE('',#2781,#2782,#3332,.T.);
#2225=EDGE_CURVE('',#2782,#2749,#208,.T.);
#2226=EDGE_CURVE('',#2783,#2748,#3333,.T.);
#2227=EDGE_CURVE('',#2783,#2784,#3334,.T.);
#2228=EDGE_CURVE('',#2784,#2785,#3335,.T.);
#2229=EDGE_CURVE('',#2785,#2786,#209,.T.);
#2230=EDGE_CURVE('',#2786,#2787,#3336,.T.);
#2231=EDGE_CURVE('',#2787,#2778,#3337,.T.);
#2232=EDGE_CURVE('',#2788,#2747,#3338,.T.);
#2233=EDGE_CURVE('',#2788,#2783,#3339,.T.);
#2234=EDGE_CURVE('',#2789,#2745,#3340,.T.);
#2235=EDGE_CURVE('',#2789,#2788,#3341,.T.);
#2236=EDGE_CURVE('',#2765,#2790,#3342,.T.);
#2237=EDGE_CURVE('',#2791,#2764,#3343,.T.);
#2238=EDGE_CURVE('',#2791,#2790,#3344,.T.);
#2239=EDGE_CURVE('',#2768,#2792,#210,.T.);
#2240=EDGE_CURVE('',#2793,#2772,#3345,.T.);
#2241=EDGE_CURVE('',#2792,#2793,#3346,.T.);
#2242=EDGE_CURVE('',#2794,#2752,#3347,.T.);
#2243=EDGE_CURVE('',#2794,#2776,#3348,.T.);
#2244=EDGE_CURVE('',#2795,#2794,#211,.T.);
#2245=EDGE_CURVE('',#2751,#2795,#3349,.T.);
#2246=EDGE_CURVE('',#2460,#2758,#3350,.T.);
#2247=EDGE_CURVE('',#2757,#2796,#3351,.T.);
#2248=EDGE_CURVE('',#2796,#2461,#3352,.T.);
#2249=EDGE_CURVE('',#2771,#2796,#3353,.T.);
#2250=EDGE_CURVE('',#2793,#2757,#212,.T.);
#2251=EDGE_CURVE('',#2770,#2535,#3354,.T.);
#2252=EDGE_CURVE('',#2769,#2534,#3355,.T.);
#2253=EDGE_CURVE('',#2792,#2797,#74,.T.);
#2254=EDGE_CURVE('',#2773,#2797,#213,.T.);
#2255=EDGE_CURVE('',#2798,#2767,#214,.T.);
#2256=EDGE_CURVE('',#2797,#2798,#3356,.T.);
#2257=EDGE_CURVE('',#2784,#2799,#3357,.T.);
#2258=EDGE_CURVE('',#2799,#2800,#3358,.T.);
#2259=EDGE_CURVE('',#2800,#2785,#3359,.T.);
#2260=EDGE_CURVE('',#2801,#2782,#3360,.T.);
#2261=EDGE_CURVE('',#2801,#2750,#215,.T.);
#2262=EDGE_CURVE('',#2802,#2781,#3361,.T.);
#2263=EDGE_CURVE('',#2802,#2801,#3362,.T.);
#2264=EDGE_CURVE('',#2803,#2780,#3363,.T.);
#2265=EDGE_CURVE('',#2803,#2802,#216,.T.);
#2266=EDGE_CURVE('',#2804,#2779,#3364,.T.);
#2267=EDGE_CURVE('',#2804,#2803,#3365,.T.);
#2268=EDGE_CURVE('',#2805,#2777,#217,.T.);
#2269=EDGE_CURVE('',#2806,#2805,#3366,.T.);
#2270=EDGE_CURVE('',#2807,#2806,#218,.T.);
#2271=EDGE_CURVE('',#2807,#2804,#3367,.T.);
#2272=EDGE_CURVE('',#2808,#2786,#3368,.T.);
#2273=EDGE_CURVE('',#2808,#2809,#3369,.T.);
#2274=EDGE_CURVE('',#2809,#2787,#3370,.T.);
#2275=EDGE_CURVE('',#2800,#2808,#219,.T.);
#2276=EDGE_CURVE('',#2810,#2807,#3371,.T.);
#2277=EDGE_CURVE('',#2809,#2810,#3372,.T.);
#2278=EDGE_CURVE('',#2799,#2795,#3373,.T.);
#2279=EDGE_CURVE('',#2806,#2811,#3374,.T.);
#2280=EDGE_CURVE('',#2811,#2810,#220,.T.);
#2281=EDGE_CURVE('',#2778,#2812,#221,.T.);
#2282=EDGE_CURVE('',#2811,#2812,#3375,.T.);
#2283=EDGE_CURVE('',#2812,#2805,#3376,.T.);
#2284=EDGE_CURVE('',#2813,#2814,#222,.T.);
#2285=EDGE_CURVE('',#2813,#2676,#3377,.T.);
#2286=EDGE_CURVE('',#2759,#2456,#3378,.T.);
#2287=EDGE_CURVE('',#2798,#2814,#3379,.T.);
#2288=EDGE_CURVE('',#2743,#2813,#3380,.T.);
#2289=EDGE_CURVE('',#2814,#2744,#3381,.T.);
#2290=EDGE_CURVE('',#2815,#2816,#223,.T.);
#2291=EDGE_CURVE('',#2735,#2815,#3382,.T.);
#2292=EDGE_CURVE('',#2435,#2817,#3383,.T.);
#2293=EDGE_CURVE('',#2817,#2818,#3384,.T.);
#2294=EDGE_CURVE('',#2672,#2818,#3385,.T.);
#2295=EDGE_CURVE('',#2671,#2816,#3386,.T.);
#2296=EDGE_CURVE('',#2816,#2819,#3387,.T.);
#2297=EDGE_CURVE('',#2819,#2820,#224,.T.);
#2298=EDGE_CURVE('',#2820,#2815,#3388,.T.);
#2299=EDGE_CURVE('',#2821,#2703,#225,.T.);
#2300=EDGE_CURVE('',#2822,#2821,#3389,.T.);
#2301=EDGE_CURVE('',#2707,#2822,#226,.T.);
#2302=EDGE_CURVE('',#2823,#2705,#227,.T.);
#2303=EDGE_CURVE('',#2824,#2823,#3390,.T.);
#2304=EDGE_CURVE('',#2825,#2824,#228,.T.);
#2305=EDGE_CURVE('',#2826,#2825,#3391,.T.);
#2306=EDGE_CURVE('',#2827,#2826,#229,.T.);
#2307=EDGE_CURVE('',#2828,#2827,#3392,.T.);
#2308=EDGE_CURVE('',#2818,#2828,#3393,.T.);
#2309=EDGE_CURVE('',#2817,#2730,#3394,.T.);
#2310=EDGE_CURVE('',#2822,#2829,#3395,.T.);
#2311=EDGE_CURVE('',#2829,#2708,#230,.T.);
#2312=EDGE_CURVE('',#2824,#2830,#3396,.T.);
#2313=EDGE_CURVE('',#2831,#2823,#3397,.T.);
#2314=EDGE_CURVE('',#2830,#2831,#3398,.T.);
#2315=EDGE_CURVE('',#2706,#2831,#231,.T.);
#2316=EDGE_CURVE('',#2826,#2832,#3399,.T.);
#2317=EDGE_CURVE('',#2833,#2825,#3400,.T.);
#2318=EDGE_CURVE('',#2832,#2833,#3401,.T.);
#2319=EDGE_CURVE('',#2830,#2833,#232,.T.);
#2320=EDGE_CURVE('',#2834,#2827,#3402,.T.);
#2321=EDGE_CURVE('',#2820,#2834,#3403,.T.);
#2322=EDGE_CURVE('',#2819,#2668,#3404,.T.);
#2323=EDGE_CURVE('',#2828,#2669,#3405,.T.);
#2324=EDGE_CURVE('',#2832,#2834,#233,.T.);
#2325=EDGE_CURVE('',#2704,#2835,#234,.T.);
#2326=EDGE_CURVE('',#2829,#2835,#3406,.T.);
#2327=EDGE_CURVE('',#2835,#2821,#3407,.T.);
#2328=EDGE_CURVE('',#2836,#2837,#235,.T.);
#2329=EDGE_CURVE('',#2837,#2762,#3408,.T.);
#2330=EDGE_CURVE('',#2761,#2836,#3409,.T.);
#2331=EDGE_CURVE('',#2838,#2760,#3410,.T.);
#2332=EDGE_CURVE('',#2838,#2836,#3411,.T.);
#2333=EDGE_CURVE('',#2741,#2838,#236,.T.);
#2334=EDGE_CURVE('',#2763,#2839,#3412,.T.);
#2335=EDGE_CURVE('',#2837,#2839,#3413,.T.);
#2336=EDGE_CURVE('',#2839,#2791,#237,.T.);
#2337=EDGE_CURVE('',#2790,#2840,#238,.T.);
#2338=EDGE_CURVE('',#2840,#2766,#3414,.T.);
#2339=EDGE_CURVE('',#2746,#2841,#3415,.T.);
#2340=EDGE_CURVE('',#2840,#2841,#3416,.T.);
#2341=EDGE_CURVE('',#2841,#2789,#239,.T.);
#2342=EDGE_CURVE('',#2842,#2843,#240,.T.);
#2343=EDGE_CURVE('',#2842,#2843,#241,.T.);
#2344=EDGE_CURVE('',#2844,#2845,#242,.T.);
#2345=EDGE_CURVE('',#2845,#2844,#243,.T.);
#2346=EDGE_CURVE('',#2845,#2842,#3417,.T.);
#2347=EDGE_CURVE('',#2843,#2844,#3418,.T.);
#2348=EDGE_CURVE('',#2846,#2847,#3419,.T.);
#2349=EDGE_CURVE('',#2848,#2846,#244,.T.);
#2350=EDGE_CURVE('',#2849,#2848,#3420,.T.);
#2351=EDGE_CURVE('',#2847,#2849,#245,.T.);
#2352=EDGE_CURVE('',#2847,#2849,#246,.T.);
#2353=EDGE_CURVE('',#2846,#2848,#247,.T.);
#2354=EDGE_CURVE('',#2850,#2851,#248,.T.);
#2355=EDGE_CURVE('',#2850,#2851,#249,.T.);
#2356=EDGE_CURVE('',#2852,#2853,#250,.T.);
#2357=EDGE_CURVE('',#2853,#2852,#251,.T.);
#2358=EDGE_CURVE('',#2853,#2850,#3421,.T.);
#2359=EDGE_CURVE('',#2851,#2852,#3422,.T.);
#2360=EDGE_CURVE('',#2854,#2855,#3423,.T.);
#2361=EDGE_CURVE('',#2856,#2854,#252,.T.);
#2362=EDGE_CURVE('',#2857,#2856,#3424,.T.);
#2363=EDGE_CURVE('',#2855,#2857,#253,.T.);
#2364=EDGE_CURVE('',#2855,#2857,#254,.T.);
#2365=EDGE_CURVE('',#2854,#2856,#255,.T.);
#2366=EDGE_CURVE('',#2858,#2858,#256,.T.);
#2367=EDGE_CURVE('',#2859,#2859,#257,.T.);
#2368=EDGE_CURVE('',#2860,#2860,#258,.T.);
#2369=EDGE_CURVE('',#2861,#2862,#259,.T.);
#2370=EDGE_CURVE('',#2862,#2863,#3425,.T.);
#2371=EDGE_CURVE('',#2863,#2864,#260,.T.);
#2372=EDGE_CURVE('',#2864,#2861,#3426,.T.);
#2373=EDGE_CURVE('',#2865,#2866,#261,.T.);
#2374=EDGE_CURVE('',#2866,#2867,#3427,.T.);
#2375=EDGE_CURVE('',#2867,#2868,#262,.T.);
#2376=EDGE_CURVE('',#2868,#2865,#3428,.T.);
#2377=EDGE_CURVE('',#2869,#2870,#263,.T.);
#2378=EDGE_CURVE('',#2870,#2871,#3429,.T.);
#2379=EDGE_CURVE('',#2871,#2872,#264,.T.);
#2380=EDGE_CURVE('',#2872,#2869,#3430,.T.);
#2381=EDGE_CURVE('',#2873,#2874,#265,.T.);
#2382=EDGE_CURVE('',#2874,#2875,#3431,.T.);
#2383=EDGE_CURVE('',#2875,#2876,#266,.T.);
#2384=EDGE_CURVE('',#2876,#2873,#3432,.T.);
#2385=EDGE_CURVE('',#2877,#2877,#267,.T.);
#2386=EDGE_CURVE('',#2878,#2878,#268,.T.);
#2387=EDGE_CURVE('',#2879,#2879,#269,.T.);
#2388=EDGE_CURVE('',#2880,#2880,#270,.T.);
#2389=EDGE_CURVE('',#2881,#2882,#271,.T.);
#2390=EDGE_CURVE('',#2882,#2883,#3433,.T.);
#2391=EDGE_CURVE('',#2883,#2884,#272,.T.);
#2392=EDGE_CURVE('',#2884,#2881,#3434,.T.);
#2393=EDGE_CURVE('',#2863,#2884,#3435,.T.);
#2394=EDGE_CURVE('',#2862,#2881,#3436,.T.);
#2395=EDGE_CURVE('',#2864,#2883,#3437,.T.);
#2396=EDGE_CURVE('',#2861,#2882,#3438,.T.);
#2397=EDGE_CURVE('',#2885,#2886,#273,.T.);
#2398=EDGE_CURVE('',#2886,#2887,#3439,.T.);
#2399=EDGE_CURVE('',#2887,#2888,#274,.T.);
#2400=EDGE_CURVE('',#2888,#2885,#3440,.T.);
#2401=EDGE_CURVE('',#2867,#2888,#3441,.T.);
#2402=EDGE_CURVE('',#2866,#2885,#3442,.T.);
#2403=EDGE_CURVE('',#2868,#2887,#3443,.T.);
#2404=EDGE_CURVE('',#2865,#2886,#3444,.T.);
#2405=EDGE_CURVE('',#2889,#2890,#275,.T.);
#2406=EDGE_CURVE('',#2890,#2891,#3445,.T.);
#2407=EDGE_CURVE('',#2891,#2892,#276,.T.);
#2408=EDGE_CURVE('',#2892,#2889,#3446,.T.);
#2409=EDGE_CURVE('',#2871,#2892,#3447,.T.);
#2410=EDGE_CURVE('',#2870,#2889,#3448,.T.);
#2411=EDGE_CURVE('',#2872,#2891,#3449,.T.);
#2412=EDGE_CURVE('',#2869,#2890,#3450,.T.);
#2413=EDGE_CURVE('',#2893,#2894,#277,.T.);
#2414=EDGE_CURVE('',#2894,#2895,#3451,.T.);
#2415=EDGE_CURVE('',#2895,#2896,#278,.T.);
#2416=EDGE_CURVE('',#2896,#2893,#3452,.T.);
#2417=EDGE_CURVE('',#2875,#2896,#3453,.T.);
#2418=EDGE_CURVE('',#2874,#2893,#3454,.T.);
#2419=EDGE_CURVE('',#2876,#2895,#3455,.T.);
#2420=EDGE_CURVE('',#2873,#2894,#3456,.T.);
#2421=EDGE_CURVE('',#2897,#2897,#279,.T.);
#2422=EDGE_CURVE('',#2898,#2898,#280,.T.);
#2423=VERTEX_POINT('',#7287);
#2424=VERTEX_POINT('',#7288);
#2425=VERTEX_POINT('',#7290);
#2426=VERTEX_POINT('',#7292);
#2427=VERTEX_POINT('',#7296);
#2428=VERTEX_POINT('',#7297);
#2429=VERTEX_POINT('',#7299);
#2430=VERTEX_POINT('',#7301);
#2431=VERTEX_POINT('',#7303);
#2432=VERTEX_POINT('',#7305);
#2433=VERTEX_POINT('',#7307);
#2434=VERTEX_POINT('',#7309);
#2435=VERTEX_POINT('',#7311);
#2436=VERTEX_POINT('',#7313);
#2437=VERTEX_POINT('',#7315);
#2438=VERTEX_POINT('',#7317);
#2439=VERTEX_POINT('',#7319);
#2440=VERTEX_POINT('',#7321);
#2441=VERTEX_POINT('',#7325);
#2442=VERTEX_POINT('',#7326);
#2443=VERTEX_POINT('',#7328);
#2444=VERTEX_POINT('',#7330);
#2445=VERTEX_POINT('',#7333);
#2446=VERTEX_POINT('',#7334);
#2447=VERTEX_POINT('',#7336);
#2448=VERTEX_POINT('',#7338);
#2449=VERTEX_POINT('',#7341);
#2450=VERTEX_POINT('',#7342);
#2451=VERTEX_POINT('',#7345);
#2452=VERTEX_POINT('',#7347);
#2453=VERTEX_POINT('',#7349);
#2454=VERTEX_POINT('',#7354);
#2455=VERTEX_POINT('',#7355);
#2456=VERTEX_POINT('',#7357);
#2457=VERTEX_POINT('',#7360);
#2458=VERTEX_POINT('',#7362);
#2459=VERTEX_POINT('',#7364);
#2460=VERTEX_POINT('',#7366);
#2461=VERTEX_POINT('',#7368);
#2462=VERTEX_POINT('',#7370);
#2463=VERTEX_POINT('',#7372);
#2464=VERTEX_POINT('',#7374);
#2465=VERTEX_POINT('',#7376);
#2466=VERTEX_POINT('',#7378);
#2467=VERTEX_POINT('',#7382);
#2468=VERTEX_POINT('',#7383);
#2469=VERTEX_POINT('',#7385);
#2470=VERTEX_POINT('',#7387);
#2471=VERTEX_POINT('',#7390);
#2472=VERTEX_POINT('',#7391);
#2473=VERTEX_POINT('',#7393);
#2474=VERTEX_POINT('',#7395);
#2475=VERTEX_POINT('',#7398);
#2476=VERTEX_POINT('',#7401);
#2477=VERTEX_POINT('',#7403);
#2478=VERTEX_POINT('',#7405);
#2479=VERTEX_POINT('',#7407);
#2480=VERTEX_POINT('',#7411);
#2481=VERTEX_POINT('',#7412);
#2482=VERTEX_POINT('',#7414);
#2483=VERTEX_POINT('',#7416);
#2484=VERTEX_POINT('',#7418);
#2485=VERTEX_POINT('',#7420);
#2486=VERTEX_POINT('',#7422);
#2487=VERTEX_POINT('',#7424);
#2488=VERTEX_POINT('',#7426);
#2489=VERTEX_POINT('',#7428);
#2490=VERTEX_POINT('',#7432);
#2491=VERTEX_POINT('',#7433);
#2492=VERTEX_POINT('',#7435);
#2493=VERTEX_POINT('',#7437);
#2494=VERTEX_POINT('',#7441);
#2495=VERTEX_POINT('',#7442);
#2496=VERTEX_POINT('',#7444);
#2497=VERTEX_POINT('',#7446);
#2498=VERTEX_POINT('',#7450);
#2499=VERTEX_POINT('',#7451);
#2500=VERTEX_POINT('',#7453);
#2501=VERTEX_POINT('',#7455);
#2502=VERTEX_POINT('',#7459);
#2503=VERTEX_POINT('',#7461);
#2504=VERTEX_POINT('',#7465);
#2505=VERTEX_POINT('',#7467);
#2506=VERTEX_POINT('',#7474);
#2507=VERTEX_POINT('',#7476);
#2508=VERTEX_POINT('',#7480);
#2509=VERTEX_POINT('',#7482);
#2510=VERTEX_POINT('',#7489);
#2511=VERTEX_POINT('',#7491);
#2512=VERTEX_POINT('',#7495);
#2513=VERTEX_POINT('',#7497);
#2514=VERTEX_POINT('',#7504);
#2515=VERTEX_POINT('',#7506);
#2516=VERTEX_POINT('',#7510);
#2517=VERTEX_POINT('',#7512);
#2518=VERTEX_POINT('',#7519);
#2519=VERTEX_POINT('',#7523);
#2520=VERTEX_POINT('',#7527);
#2521=VERTEX_POINT('',#7531);
#2522=VERTEX_POINT('',#7535);
#2523=VERTEX_POINT('',#7543);
#2524=VERTEX_POINT('',#7544);
#2525=VERTEX_POINT('',#7547);
#2526=VERTEX_POINT('',#7550);
#2527=VERTEX_POINT('',#7553);
#2528=VERTEX_POINT('',#7555);
#2529=VERTEX_POINT('',#7563);
#2530=VERTEX_POINT('',#7569);
#2531=VERTEX_POINT('',#7570);
#2532=VERTEX_POINT('',#7575);
#2533=VERTEX_POINT('',#7576);
#2534=VERTEX_POINT('',#7581);
#2535=VERTEX_POINT('',#7584);
#2536=VERTEX_POINT('',#7588);
#2537=VERTEX_POINT('',#7590);
#2538=VERTEX_POINT('',#7594);
#2539=VERTEX_POINT('',#7598);
#2540=VERTEX_POINT('',#7599);
#2541=VERTEX_POINT('',#7601);
#2542=VERTEX_POINT('',#7603);
#2543=VERTEX_POINT('',#7608);
#2544=VERTEX_POINT('',#7610);
#2545=VERTEX_POINT('',#7612);
#2546=VERTEX_POINT('',#7614);
#2547=VERTEX_POINT('',#7616);
#2548=VERTEX_POINT('',#7618);
#2549=VERTEX_POINT('',#7621);
#2550=VERTEX_POINT('',#7623);
#2551=VERTEX_POINT('',#7627);
#2552=VERTEX_POINT('',#7631);
#2553=VERTEX_POINT('',#7635);
#2554=VERTEX_POINT('',#7638);
#2555=VERTEX_POINT('',#7640);
#2556=VERTEX_POINT('',#7642);
#2557=VERTEX_POINT('',#7644);
#2558=VERTEX_POINT('',#7646);
#2559=VERTEX_POINT('',#7664);
#2560=VERTEX_POINT('',#7666);
#2561=VERTEX_POINT('',#7670);
#2562=VERTEX_POINT('',#7672);
#2563=VERTEX_POINT('',#7681);
#2564=VERTEX_POINT('',#7683);
#2565=VERTEX_POINT('',#7687);
#2566=VERTEX_POINT('',#7689);
#2567=VERTEX_POINT('',#7698);
#2568=VERTEX_POINT('',#7699);
#2569=VERTEX_POINT('',#7704);
#2570=VERTEX_POINT('',#7705);
#2571=VERTEX_POINT('',#7710);
#2572=VERTEX_POINT('',#7711);
#2573=VERTEX_POINT('',#7714);
#2574=VERTEX_POINT('',#7718);
#2575=VERTEX_POINT('',#7719);
#2576=VERTEX_POINT('',#7721);
#2577=VERTEX_POINT('',#7723);
#2578=VERTEX_POINT('',#7726);
#2579=VERTEX_POINT('',#7727);
#2580=VERTEX_POINT('',#7729);
#2581=VERTEX_POINT('',#7731);
#2582=VERTEX_POINT('',#7733);
#2583=VERTEX_POINT('',#7735);
#2584=VERTEX_POINT('',#7737);
#2585=VERTEX_POINT('',#7739);
#2586=VERTEX_POINT('',#7742);
#2587=VERTEX_POINT('',#7744);
#2588=VERTEX_POINT('',#7748);
#2589=VERTEX_POINT('',#7749);
#2590=VERTEX_POINT('',#7754);
#2591=VERTEX_POINT('',#7758);
#2592=VERTEX_POINT('',#7759);
#2593=VERTEX_POINT('',#7766);
#2594=VERTEX_POINT('',#7767);
#2595=VERTEX_POINT('',#7772);
#2596=VERTEX_POINT('',#7773);
#2597=VERTEX_POINT('',#7775);
#2598=VERTEX_POINT('',#7780);
#2599=VERTEX_POINT('',#7786);
#2600=VERTEX_POINT('',#7787);
#2601=VERTEX_POINT('',#7789);
#2602=VERTEX_POINT('',#7791);
#2603=VERTEX_POINT('',#7794);
#2604=VERTEX_POINT('',#7796);
#2605=VERTEX_POINT('',#7800);
#2606=VERTEX_POINT('',#7801);
#2607=VERTEX_POINT('',#7806);
#2608=VERTEX_POINT('',#7810);
#2609=VERTEX_POINT('',#7816);
#2610=VERTEX_POINT('',#7817);
#2611=VERTEX_POINT('',#7819);
#2612=VERTEX_POINT('',#7821);
#2613=VERTEX_POINT('',#7833);
#2614=VERTEX_POINT('',#7836);
#2615=VERTEX_POINT('',#7839);
#2616=VERTEX_POINT('',#7840);
#2617=VERTEX_POINT('',#7842);
#2618=VERTEX_POINT('',#7844);
#2619=VERTEX_POINT('',#7848);
#2620=VERTEX_POINT('',#7850);
#2621=VERTEX_POINT('',#7854);
#2622=VERTEX_POINT('',#7858);
#2623=VERTEX_POINT('',#7864);
#2624=VERTEX_POINT('',#7868);
#2625=VERTEX_POINT('',#7879);
#2626=VERTEX_POINT('',#7883);
#2627=VERTEX_POINT('',#7889);
#2628=VERTEX_POINT('',#7890);
#2629=VERTEX_POINT('',#7892);
#2630=VERTEX_POINT('',#7894);
#2631=VERTEX_POINT('',#7906);
#2632=VERTEX_POINT('',#7910);
#2633=VERTEX_POINT('',#7914);
#2634=VERTEX_POINT('',#7920);
#2635=VERTEX_POINT('',#7921);
#2636=VERTEX_POINT('',#7926);
#2637=VERTEX_POINT('',#7943);
#2638=VERTEX_POINT('',#7960);
#2639=VERTEX_POINT('',#7964);
#2640=VERTEX_POINT('',#7968);
#2641=VERTEX_POINT('',#7985);
#2642=VERTEX_POINT('',#8004);
#2643=VERTEX_POINT('',#8008);
#2644=VERTEX_POINT('',#8009);
#2645=VERTEX_POINT('',#8011);
#2646=VERTEX_POINT('',#8013);
#2647=VERTEX_POINT('',#8017);
#2648=VERTEX_POINT('',#8019);
#2649=VERTEX_POINT('',#8023);
#2650=VERTEX_POINT('',#8029);
#2651=VERTEX_POINT('',#8034);
#2652=VERTEX_POINT('',#8045);
#2653=VERTEX_POINT('',#8047);
#2654=VERTEX_POINT('',#8049);
#2655=VERTEX_POINT('',#8051);
#2656=VERTEX_POINT('',#8053);
#2657=VERTEX_POINT('',#8055);
#2658=VERTEX_POINT('',#8057);
#2659=VERTEX_POINT('',#8059);
#2660=VERTEX_POINT('',#8062);
#2661=VERTEX_POINT('',#8064);
#2662=VERTEX_POINT('',#8068);
#2663=VERTEX_POINT('',#8072);
#2664=VERTEX_POINT('',#8076);
#2665=VERTEX_POINT('',#8077);
#2666=VERTEX_POINT('',#8079);
#2667=VERTEX_POINT('',#8081);
#2668=VERTEX_POINT('',#8085);
#2669=VERTEX_POINT('',#8087);
#2670=VERTEX_POINT('',#8091);
#2671=VERTEX_POINT('',#8092);
#2672=VERTEX_POINT('',#8094);
#2673=VERTEX_POINT('',#8096);
#2674=VERTEX_POINT('',#8100);
#2675=VERTEX_POINT('',#8102);
#2676=VERTEX_POINT('',#8106);
#2677=VERTEX_POINT('',#8111);
#2678=VERTEX_POINT('',#8116);
#2679=VERTEX_POINT('',#8118);
#2680=VERTEX_POINT('',#8121);
#2681=VERTEX_POINT('',#8122);
#2682=VERTEX_POINT('',#8124);
#2683=VERTEX_POINT('',#8126);
#2684=VERTEX_POINT('',#8130);
#2685=VERTEX_POINT('',#8132);
#2686=VERTEX_POINT('',#8136);
#2687=VERTEX_POINT('',#8137);
#2688=VERTEX_POINT('',#8142);
#2689=VERTEX_POINT('',#8143);
#2690=VERTEX_POINT('',#8145);
#2691=VERTEX_POINT('',#8147);
#2692=VERTEX_POINT('',#8149);
#2693=VERTEX_POINT('',#8151);
#2694=VERTEX_POINT('',#8153);
#2695=VERTEX_POINT('',#8155);
#2696=VERTEX_POINT('',#8157);
#2697=VERTEX_POINT('',#8159);
#2698=VERTEX_POINT('',#8161);
#2699=VERTEX_POINT('',#8163);
#2700=VERTEX_POINT('',#8165);
#2701=VERTEX_POINT('',#8169);
#2702=VERTEX_POINT('',#8171);
#2703=VERTEX_POINT('',#8175);
#2704=VERTEX_POINT('',#8176);
#2705=VERTEX_POINT('',#8181);
#2706=VERTEX_POINT('',#8182);
#2707=VERTEX_POINT('',#8184);
#2708=VERTEX_POINT('',#8186);
#2709=VERTEX_POINT('',#8190);
#2710=VERTEX_POINT('',#8191);
#2711=VERTEX_POINT('',#8196);
#2712=VERTEX_POINT('',#8197);
#2713=VERTEX_POINT('',#8199);
#2714=VERTEX_POINT('',#8201);
#2715=VERTEX_POINT('',#8203);
#2716=VERTEX_POINT('',#8205);
#2717=VERTEX_POINT('',#8207);
#2718=VERTEX_POINT('',#8209);
#2719=VERTEX_POINT('',#8211);
#2720=VERTEX_POINT('',#8213);
#2721=VERTEX_POINT('',#8215);
#2722=VERTEX_POINT('',#8217);
#2723=VERTEX_POINT('',#8219);
#2724=VERTEX_POINT('',#8226);
#2725=VERTEX_POINT('',#8228);
#2726=VERTEX_POINT('',#8232);
#2727=VERTEX_POINT('',#8234);
#2728=VERTEX_POINT('',#8238);
#2729=VERTEX_POINT('',#8239);
#2730=VERTEX_POINT('',#8241);
#2731=VERTEX_POINT('',#8246);
#2732=VERTEX_POINT('',#8247);
#2733=VERTEX_POINT('',#8253);
#2734=VERTEX_POINT('',#8257);
#2735=VERTEX_POINT('',#8261);
#2736=VERTEX_POINT('',#8277);
#2737=VERTEX_POINT('',#8279);
#2738=VERTEX_POINT('',#8287);
#2739=VERTEX_POINT('',#8291);
#2740=VERTEX_POINT('',#8298);
#2741=VERTEX_POINT('',#8299);
#2742=VERTEX_POINT('',#8301);
#2743=VERTEX_POINT('',#8304);
#2744=VERTEX_POINT('',#8306);
#2745=VERTEX_POINT('',#8310);
#2746=VERTEX_POINT('',#8311);
#2747=VERTEX_POINT('',#8313);
#2748=VERTEX_POINT('',#8315);
#2749=VERTEX_POINT('',#8317);
#2750=VERTEX_POINT('',#8319);
#2751=VERTEX_POINT('',#8321);
#2752=VERTEX_POINT('',#8323);
#2753=VERTEX_POINT('',#8325);
#2754=VERTEX_POINT('',#8327);
#2755=VERTEX_POINT('',#8329);
#2756=VERTEX_POINT('',#8331);
#2757=VERTEX_POINT('',#8333);
#2758=VERTEX_POINT('',#8335);
#2759=VERTEX_POINT('',#8337);
#2760=VERTEX_POINT('',#8340);
#2761=VERTEX_POINT('',#8342);
#2762=VERTEX_POINT('',#8344);
#2763=VERTEX_POINT('',#8346);
#2764=VERTEX_POINT('',#8348);
#2765=VERTEX_POINT('',#8350);
#2766=VERTEX_POINT('',#8352);
#2767=VERTEX_POINT('',#8356);
#2768=VERTEX_POINT('',#8357);
#2769=VERTEX_POINT('',#8359);
#2770=VERTEX_POINT('',#8361);
#2771=VERTEX_POINT('',#8363);
#2772=VERTEX_POINT('',#8365);
#2773=VERTEX_POINT('',#8369);
#2774=VERTEX_POINT('',#8371);
#2775=VERTEX_POINT('',#8375);
#2776=VERTEX_POINT('',#8379);
#2777=VERTEX_POINT('',#8383);
#2778=VERTEX_POINT('',#8384);
#2779=VERTEX_POINT('',#8386);
#2780=VERTEX_POINT('',#8388);
#2781=VERTEX_POINT('',#8390);
#2782=VERTEX_POINT('',#8392);
#2783=VERTEX_POINT('',#8395);
#2784=VERTEX_POINT('',#8397);
#2785=VERTEX_POINT('',#8399);
#2786=VERTEX_POINT('',#8401);
#2787=VERTEX_POINT('',#8403);
#2788=VERTEX_POINT('',#8407);
#2789=VERTEX_POINT('',#8411);
#2790=VERTEX_POINT('',#8415);
#2791=VERTEX_POINT('',#8417);
#2792=VERTEX_POINT('',#8421);
#2793=VERTEX_POINT('',#8423);
#2794=VERTEX_POINT('',#8427);
#2795=VERTEX_POINT('',#8431);
#2796=VERTEX_POINT('',#8436);
#2797=VERTEX_POINT('',#8447);
#2798=VERTEX_POINT('',#8451);
#2799=VERTEX_POINT('',#8455);
#2800=VERTEX_POINT('',#8457);
#2801=VERTEX_POINT('',#8461);
#2802=VERTEX_POINT('',#8465);
#2803=VERTEX_POINT('',#8469);
#2804=VERTEX_POINT('',#8473);
#2805=VERTEX_POINT('',#8477);
#2806=VERTEX_POINT('',#8479);
#2807=VERTEX_POINT('',#8481);
#2808=VERTEX_POINT('',#8485);
#2809=VERTEX_POINT('',#8487);
#2810=VERTEX_POINT('',#8493);
#2811=VERTEX_POINT('',#8498);
#2812=VERTEX_POINT('',#8502);
#2813=VERTEX_POINT('',#8509);
#2814=VERTEX_POINT('',#8510);
#2815=VERTEX_POINT('',#8519);
#2816=VERTEX_POINT('',#8520);
#2817=VERTEX_POINT('',#8523);
#2818=VERTEX_POINT('',#8525);
#2819=VERTEX_POINT('',#8530);
#2820=VERTEX_POINT('',#8532);
#2821=VERTEX_POINT('',#8536);
#2822=VERTEX_POINT('',#8538);
#2823=VERTEX_POINT('',#8541);
#2824=VERTEX_POINT('',#8543);
#2825=VERTEX_POINT('',#8545);
#2826=VERTEX_POINT('',#8547);
#2827=VERTEX_POINT('',#8549);
#2828=VERTEX_POINT('',#8551);
#2829=VERTEX_POINT('',#8556);
#2830=VERTEX_POINT('',#8560);
#2831=VERTEX_POINT('',#8562);
#2832=VERTEX_POINT('',#8568);
#2833=VERTEX_POINT('',#8570);
#2834=VERTEX_POINT('',#8576);
#2835=VERTEX_POINT('',#8584);
#2836=VERTEX_POINT('',#8591);
#2837=VERTEX_POINT('',#8592);
#2838=VERTEX_POINT('',#8597);
#2839=VERTEX_POINT('',#8603);
#2840=VERTEX_POINT('',#8609);
#2841=VERTEX_POINT('',#8613);
#2842=VERTEX_POINT('',#8625);
#2843=VERTEX_POINT('',#8626);
#2844=VERTEX_POINT('',#8630);
#2845=VERTEX_POINT('',#8631);
#2846=VERTEX_POINT('',#8639);
#2847=VERTEX_POINT('',#8640);
#2848=VERTEX_POINT('',#8642);
#2849=VERTEX_POINT('',#8644);
#2850=VERTEX_POINT('',#8653);
#2851=VERTEX_POINT('',#8654);
#2852=VERTEX_POINT('',#8658);
#2853=VERTEX_POINT('',#8659);
#2854=VERTEX_POINT('',#8667);
#2855=VERTEX_POINT('',#8668);
#2856=VERTEX_POINT('',#8670);
#2857=VERTEX_POINT('',#8672);
#2858=VERTEX_POINT('',#8682);
#2859=VERTEX_POINT('',#8684);
#2860=VERTEX_POINT('',#8687);
#2861=VERTEX_POINT('',#8691);
#2862=VERTEX_POINT('',#8692);
#2863=VERTEX_POINT('',#8694);
#2864=VERTEX_POINT('',#8696);
#2865=VERTEX_POINT('',#8699);
#2866=VERTEX_POINT('',#8700);
#2867=VERTEX_POINT('',#8702);
#2868=VERTEX_POINT('',#8704);
#2869=VERTEX_POINT('',#8707);
#2870=VERTEX_POINT('',#8708);
#2871=VERTEX_POINT('',#8710);
#2872=VERTEX_POINT('',#8712);
#2873=VERTEX_POINT('',#8715);
#2874=VERTEX_POINT('',#8716);
#2875=VERTEX_POINT('',#8718);
#2876=VERTEX_POINT('',#8720);
#2877=VERTEX_POINT('',#8723);
#2878=VERTEX_POINT('',#8725);
#2879=VERTEX_POINT('',#8728);
#2880=VERTEX_POINT('',#8730);
#2881=VERTEX_POINT('',#8734);
#2882=VERTEX_POINT('',#8735);
#2883=VERTEX_POINT('',#8737);
#2884=VERTEX_POINT('',#8739);
#2885=VERTEX_POINT('',#8751);
#2886=VERTEX_POINT('',#8752);
#2887=VERTEX_POINT('',#8754);
#2888=VERTEX_POINT('',#8756);
#2889=VERTEX_POINT('',#8768);
#2890=VERTEX_POINT('',#8769);
#2891=VERTEX_POINT('',#8771);
#2892=VERTEX_POINT('',#8773);
#2893=VERTEX_POINT('',#8785);
#2894=VERTEX_POINT('',#8786);
#2895=VERTEX_POINT('',#8788);
#2896=VERTEX_POINT('',#8790);
#2897=VERTEX_POINT('',#8802);
#2898=VERTEX_POINT('',#8805);
#2899=LINE('',#7286,#3457);
#2900=LINE('',#7289,#3458);
#2901=LINE('',#7291,#3459);
#2902=LINE('',#7293,#3460);
#2903=LINE('',#7295,#3461);
#2904=LINE('',#7298,#3462);
#2905=LINE('',#7300,#3463);
#2906=LINE('',#7302,#3464);
#2907=LINE('',#7304,#3465);
#2908=LINE('',#7306,#3466);
#2909=LINE('',#7308,#3467);
#2910=LINE('',#7310,#3468);
#2911=LINE('',#7312,#3469);
#2912=LINE('',#7314,#3470);
#2913=LINE('',#7316,#3471);
#2914=LINE('',#7318,#3472);
#2915=LINE('',#7320,#3473);
#2916=LINE('',#7322,#3474);
#2917=LINE('',#7324,#3475);
#2918=LINE('',#7327,#3476);
#2919=LINE('',#7329,#3477);
#2920=LINE('',#7331,#3478);
#2921=LINE('',#7332,#3479);
#2922=LINE('',#7335,#3480);
#2923=LINE('',#7337,#3481);
#2924=LINE('',#7339,#3482);
#2925=LINE('',#7340,#3483);
#2926=LINE('',#7343,#3484);
#2927=LINE('',#7344,#3485);
#2928=LINE('',#7346,#3486);
#2929=LINE('',#7348,#3487);
#2930=LINE('',#7350,#3488);
#2931=LINE('',#7351,#3489);
#2932=LINE('',#7353,#3490);
#2933=LINE('',#7356,#3491);
#2934=LINE('',#7358,#3492);
#2935=LINE('',#7359,#3493);
#2936=LINE('',#7361,#3494);
#2937=LINE('',#7363,#3495);
#2938=LINE('',#7365,#3496);
#2939=LINE('',#7367,#3497);
#2940=LINE('',#7369,#3498);
#2941=LINE('',#7371,#3499);
#2942=LINE('',#7373,#3500);
#2943=LINE('',#7375,#3501);
#2944=LINE('',#7377,#3502);
#2945=LINE('',#7379,#3503);
#2946=LINE('',#7381,#3504);
#2947=LINE('',#7384,#3505);
#2948=LINE('',#7386,#3506);
#2949=LINE('',#7388,#3507);
#2950=LINE('',#7389,#3508);
#2951=LINE('',#7392,#3509);
#2952=LINE('',#7394,#3510);
#2953=LINE('',#7396,#3511);
#2954=LINE('',#7397,#3512);
#2955=LINE('',#7399,#3513);
#2956=LINE('',#7400,#3514);
#2957=LINE('',#7402,#3515);
#2958=LINE('',#7404,#3516);
#2959=LINE('',#7406,#3517);
#2960=LINE('',#7408,#3518);
#2961=LINE('',#7410,#3519);
#2962=LINE('',#7413,#3520);
#2963=LINE('',#7415,#3521);
#2964=LINE('',#7417,#3522);
#2965=LINE('',#7419,#3523);
#2966=LINE('',#7421,#3524);
#2967=LINE('',#7423,#3525);
#2968=LINE('',#7427,#3526);
#2969=LINE('',#7431,#3527);
#2970=LINE('',#7434,#3528);
#2971=LINE('',#7436,#3529);
#2972=LINE('',#7438,#3530);
#2973=LINE('',#7440,#3531);
#2974=LINE('',#7443,#3532);
#2975=LINE('',#7445,#3533);
#2976=LINE('',#7447,#3534);
#2977=LINE('',#7449,#3535);
#2978=LINE('',#7452,#3536);
#2979=LINE('',#7454,#3537);
#2980=LINE('',#7456,#3538);
#2981=LINE('',#7458,#3539);
#2982=LINE('',#7460,#3540);
#2983=LINE('',#7462,#3541);
#2984=LINE('',#7468,#3542);
#2985=LINE('',#7470,#3543);
#2986=LINE('',#7471,#3544);
#2987=LINE('',#7473,#3545);
#2988=LINE('',#7475,#3546);
#2989=LINE('',#7477,#3547);
#2990=LINE('',#7483,#3548);
#2991=LINE('',#7485,#3549);
#2992=LINE('',#7486,#3550);
#2993=LINE('',#7488,#3551);
#2994=LINE('',#7490,#3552);
#2995=LINE('',#7492,#3553);
#2996=LINE('',#7498,#3554);
#2997=LINE('',#7500,#3555);
#2998=LINE('',#7501,#3556);
#2999=LINE('',#7503,#3557);
#3000=LINE('',#7505,#3558);
#3001=LINE('',#7507,#3559);
#3002=LINE('',#7513,#3560);
#3003=LINE('',#7515,#3561);
#3004=LINE('',#7516,#3562);
#3005=LINE('',#7518,#3563);
#3006=LINE('',#7520,#3564);
#3007=LINE('',#7522,#3565);
#3008=LINE('',#7524,#3566);
#3009=LINE('',#7526,#3567);
#3010=LINE('',#7528,#3568);
#3011=LINE('',#7530,#3569);
#3012=LINE('',#7532,#3570);
#3013=LINE('',#7534,#3571);
#3014=LINE('',#7536,#3572);
#3015=LINE('',#7538,#3573);
#3016=LINE('',#7540,#3574);
#3017=LINE('',#7542,#3575);
#3018=LINE('',#7545,#3576);
#3019=LINE('',#7546,#3577);
#3020=LINE('',#7548,#3578);
#3021=LINE('',#7549,#3579);
#3022=LINE('',#7551,#3580);
#3023=LINE('',#7552,#3581);
#3024=LINE('',#7554,#3582);
#3025=LINE('',#7556,#3583);
#3026=LINE('',#7558,#3584);
#3027=LINE('',#7560,#3585);
#3028=LINE('',#7562,#3586);
#3029=LINE('',#7564,#3587);
#3030=LINE('',#7568,#3588);
#3031=LINE('',#7571,#3589);
#3032=LINE('',#7572,#3590);
#3033=LINE('',#7574,#3591);
#3034=LINE('',#7577,#3592);
#3035=LINE('',#7578,#3593);
#3036=LINE('',#7580,#3594);
#3037=LINE('',#7582,#3595);
#3038=LINE('',#7583,#3596);
#3039=LINE('',#7585,#3597);
#3040=LINE('',#7587,#3598);
#3041=LINE('',#7589,#3599);
#3042=LINE('',#7591,#3600);
#3043=LINE('',#7593,#3601);
#3044=LINE('',#7595,#3602);
#3045=LINE('',#7597,#3603);
#3046=LINE('',#7600,#3604);
#3047=LINE('',#7602,#3605);
#3048=LINE('',#7604,#3606);
#3049=LINE('',#7606,#3607);
#3050=LINE('',#7607,#3608);
#3051=LINE('',#7609,#3609);
#3052=LINE('',#7611,#3610);
#3053=LINE('',#7613,#3611);
#3054=LINE('',#7615,#3612);
#3055=LINE('',#7617,#3613);
#3056=LINE('',#7619,#3614);
#3057=LINE('',#7620,#3615);
#3058=LINE('',#7622,#3616);
#3059=LINE('',#7624,#3617);
#3060=LINE('',#7626,#3618);
#3061=LINE('',#7628,#3619);
#3062=LINE('',#7630,#3620);
#3063=LINE('',#7632,#3621);
#3064=LINE('',#7634,#3622);
#3065=LINE('',#7636,#3623);
#3066=LINE('',#7637,#3624);
#3067=LINE('',#7639,#3625);
#3068=LINE('',#7641,#3626);
#3069=LINE('',#7643,#3627);
#3070=LINE('',#7645,#3628);
#3071=LINE('',#7647,#3629);
#3072=LINE('',#7649,#3630);
#3073=LINE('',#7650,#3631);
#3074=LINE('',#7652,#3632);
#3075=LINE('',#7653,#3633);
#3076=LINE('',#7657,#3634);
#3077=LINE('',#7660,#3635);
#3078=LINE('',#7663,#3636);
#3079=LINE('',#7665,#3637);
#3080=LINE('',#7667,#3638);
#3081=LINE('',#7669,#3639);
#3082=LINE('',#7671,#3640);
#3083=LINE('',#7673,#3641);
#3084=LINE('',#7675,#3642);
#3085=LINE('',#7677,#3643);
#3086=LINE('',#7680,#3644);
#3087=LINE('',#7682,#3645);
#3088=LINE('',#7684,#3646);
#3089=LINE('',#7686,#3647);
#3090=LINE('',#7688,#3648);
#3091=LINE('',#7690,#3649);
#3092=LINE('',#7692,#3650);
#3093=LINE('',#7694,#3651);
#3094=LINE('',#7697,#3652);
#3095=LINE('',#7700,#3653);
#3096=LINE('',#7701,#3654);
#3097=LINE('',#7703,#3655);
#3098=LINE('',#7706,#3656);
#3099=LINE('',#7707,#3657);
#3100=LINE('',#7709,#3658);
#3101=LINE('',#7712,#3659);
#3102=LINE('',#7713,#3660);
#3103=LINE('',#7715,#3661);
#3104=LINE('',#7717,#3662);
#3105=LINE('',#7720,#3663);
#3106=LINE('',#7722,#3664);
#3107=LINE('',#7724,#3665);
#3108=LINE('',#7725,#3666);
#3109=LINE('',#7728,#3667);
#3110=LINE('',#7732,#3668);
#3111=LINE('',#7734,#3669);
#3112=LINE('',#7736,#3670);
#3113=LINE('',#7740,#3671);
#3114=LINE('',#7741,#3672);
#3115=LINE('',#7743,#3673);
#3116=LINE('',#7745,#3674);
#3117=LINE('',#7747,#3675);
#3118=LINE('',#7750,#3676);
#3119=LINE('',#7751,#3677);
#3120=LINE('',#7755,#3678);
#3121=LINE('',#7757,#3679);
#3122=LINE('',#7760,#3680);
#3123=LINE('',#7761,#3681);
#3124=LINE('',#7763,#3682);
#3125=LINE('',#7765,#3683);
#3126=LINE('',#7768,#3684);
#3127=LINE('',#7769,#3685);
#3128=LINE('',#7774,#3686);
#3129=LINE('',#7777,#3687);
#3130=LINE('',#7779,#3688);
#3131=LINE('',#7781,#3689);
#3132=LINE('',#7783,#3690);
#3133=LINE('',#7785,#3691);
#3134=LINE('',#7788,#3692);
#3135=LINE('',#7790,#3693);
#3136=LINE('',#7792,#3694);
#3137=LINE('',#7793,#3695);
#3138=LINE('',#7795,#3696);
#3139=LINE('',#7797,#3697);
#3140=LINE('',#7799,#3698);
#3141=LINE('',#7805,#3699);
#3142=LINE('',#7809,#3700);
#3143=LINE('',#7813,#3701);
#3144=LINE('',#7815,#3702);
#3145=LINE('',#7818,#3703);
#3146=LINE('',#7820,#3704);
#3147=LINE('',#7822,#3705);
#3148=LINE('',#7838,#3706);
#3149=LINE('',#7841,#3707);
#3150=LINE('',#7843,#3708);
#3151=LINE('',#7845,#3709);
#3152=LINE('',#7849,#3710);
#3153=LINE('',#7853,#3711);
#3154=LINE('',#7857,#3712);
#3155=LINE('',#7861,#3713);
#3156=LINE('',#7863,#3714);
#3157=LINE('',#7865,#3715);
#3158=LINE('',#7867,#3716);
#3159=LINE('',#7869,#3717);
#3160=LINE('',#7871,#3718);
#3161=LINE('',#7880,#3719);
#3162=LINE('',#7882,#3720);
#3163=LINE('',#7886,#3721);
#3164=LINE('',#7888,#3722);
#3165=LINE('',#7891,#3723);
#3166=LINE('',#7893,#3724);
#3167=LINE('',#7895,#3725);
#3168=LINE('',#7905,#3726);
#3169=LINE('',#7907,#3727);
#3170=LINE('',#7909,#3728);
#3171=LINE('',#7911,#3729);
#3172=LINE('',#7913,#3730);
#3173=LINE('',#7915,#3731);
#3174=LINE('',#7919,#3732);
#3175=LINE('',#7925,#3733);
#3176=LINE('',#7961,#3734);
#3177=LINE('',#7963,#3735);
#3178=LINE('',#7967,#3736);
#3179=LINE('',#8001,#3737);
#3180=LINE('',#8007,#3738);
#3181=LINE('',#8010,#3739);
#3182=LINE('',#8012,#3740);
#3183=LINE('',#8014,#3741);
#3184=LINE('',#8016,#3742);
#3185=LINE('',#8018,#3743);
#3186=LINE('',#8020,#3744);
#3187=LINE('',#8022,#3745);
#3188=LINE('',#8024,#3746);
#3189=LINE('',#8025,#3747);
#3190=LINE('',#8027,#3748);
#3191=LINE('',#8028,#3749);
#3192=LINE('',#8030,#3750);
#3193=LINE('',#8032,#3751);
#3194=LINE('',#8033,#3752);
#3195=LINE('',#8035,#3753);
#3196=LINE('',#8037,#3754);
#3197=LINE('',#8039,#3755);
#3198=LINE('',#8061,#3756);
#3199=LINE('',#8063,#3757);
#3200=LINE('',#8065,#3758);
#3201=LINE('',#8067,#3759);
#3202=LINE('',#8069,#3760);
#3203=LINE('',#8071,#3761);
#3204=LINE('',#8073,#3762);
#3205=LINE('',#8075,#3763);
#3206=LINE('',#8078,#3764);
#3207=LINE('',#8080,#3765);
#3208=LINE('',#8082,#3766);
#3209=LINE('',#8084,#3767);
#3210=LINE('',#8086,#3768);
#3211=LINE('',#8088,#3769);
#3212=LINE('',#8090,#3770);
#3213=LINE('',#8093,#3771);
#3214=LINE('',#8095,#3772);
#3215=LINE('',#8097,#3773);
#3216=LINE('',#8099,#3774);
#3217=LINE('',#8101,#3775);
#3218=LINE('',#8103,#3776);
#3219=LINE('',#8105,#3777);
#3220=LINE('',#8107,#3778);
#3221=LINE('',#8108,#3779);
#3222=LINE('',#8110,#3780);
#3223=LINE('',#8112,#3781);
#3224=LINE('',#8113,#3782);
#3225=LINE('',#8120,#3783);
#3226=LINE('',#8123,#3784);
#3227=LINE('',#8125,#3785);
#3228=LINE('',#8127,#3786);
#3229=LINE('',#8129,#3787);
#3230=LINE('',#8131,#3788);
#3231=LINE('',#8133,#3789);
#3232=LINE('',#8135,#3790);
#3233=LINE('',#8138,#3791);
#3234=LINE('',#8139,#3792);
#3235=LINE('',#8141,#3793);
#3236=LINE('',#8144,#3794);
#3237=LINE('',#8146,#3795);
#3238=LINE('',#8150,#3796);
#3239=LINE('',#8152,#3797);
#3240=LINE('',#8154,#3798);
#3241=LINE('',#8156,#3799);
#3242=LINE('',#8160,#3800);
#3243=LINE('',#8164,#3801);
#3244=LINE('',#8166,#3802);
#3245=LINE('',#8168,#3803);
#3246=LINE('',#8170,#3804);
#3247=LINE('',#8172,#3805);
#3248=LINE('',#8174,#3806);
#3249=LINE('',#8177,#3807);
#3250=LINE('',#8178,#3808);
#3251=LINE('',#8180,#3809);
#3252=LINE('',#8183,#3810);
#3253=LINE('',#8185,#3811);
#3254=LINE('',#8187,#3812);
#3255=LINE('',#8189,#3813);
#3256=LINE('',#8192,#3814);
#3257=LINE('',#8193,#3815);
#3258=LINE('',#8195,#3816);
#3259=LINE('',#8198,#3817);
#3260=LINE('',#8200,#3818);
#3261=LINE('',#8204,#3819);
#3262=LINE('',#8208,#3820);
#3263=LINE('',#8210,#3821);
#3264=LINE('',#8212,#3822);
#3265=LINE('',#8214,#3823);
#3266=LINE('',#8218,#3824);
#3267=LINE('',#8220,#3825);
#3268=LINE('',#8225,#3826);
#3269=LINE('',#8227,#3827);
#3270=LINE('',#8229,#3828);
#3271=LINE('',#8231,#3829);
#3272=LINE('',#8233,#3830);
#3273=LINE('',#8235,#3831);
#3274=LINE('',#8237,#3832);
#3275=LINE('',#8242,#3833);
#3276=LINE('',#8243,#3834);
#3277=LINE('',#8250,#3835);
#3278=LINE('',#8254,#3836);
#3279=LINE('',#8256,#3837);
#3280=LINE('',#8258,#3838);
#3281=LINE('',#8262,#3839);
#3282=LINE('',#8264,#3840);
#3283=LINE('',#8265,#3841);
#3284=LINE('',#8267,#3842);
#3285=LINE('',#8268,#3843);
#3286=LINE('',#8270,#3844);
#3287=LINE('',#8272,#3845);
#3288=LINE('',#8274,#3846);
#3289=LINE('',#8280,#3847);
#3290=LINE('',#8282,#3848);
#3291=LINE('',#8283,#3849);
#3292=LINE('',#8288,#3850);
#3293=LINE('',#8290,#3851);
#3294=LINE('',#8292,#3852);
#3295=LINE('',#8297,#3853);
#3296=LINE('',#8300,#3854);
#3297=LINE('',#8302,#3855);
#3298=LINE('',#8303,#3856);
#3299=LINE('',#8307,#3857);
#3300=LINE('',#8312,#3858);
#3301=LINE('',#8314,#3859);
#3302=LINE('',#8316,#3860);
#3303=LINE('',#8318,#3861);
#3304=LINE('',#8320,#3862);
#3305=LINE('',#8324,#3863);
#3306=LINE('',#8326,#3864);
#3307=LINE('',#8328,#3865);
#3308=LINE('',#8330,#3866);
#3309=LINE('',#8334,#3867);
#3310=LINE('',#8336,#3868);
#3311=LINE('',#8338,#3869);
#3312=LINE('',#8341,#3870);
#3313=LINE('',#8345,#3871);
#3314=LINE('',#8349,#3872);
#3315=LINE('',#8353,#3873);
#3316=LINE('',#8355,#3874);
#3317=LINE('',#8358,#3875);
#3318=LINE('',#8360,#3876);
#3319=LINE('',#8362,#3877);
#3320=LINE('',#8364,#3878);
#3321=LINE('',#8366,#3879);
#3322=LINE('',#8368,#3880);
#3323=LINE('',#8370,#3881);
#3324=LINE('',#8372,#3882);
#3325=LINE('',#8374,#3883);
#3326=LINE('',#8376,#3884);
#3327=LINE('',#8378,#3885);
#3328=LINE('',#8380,#3886);
#3329=LINE('',#8382,#3887);
#3330=LINE('',#8385,#3888);
#3331=LINE('',#8387,#3889);
#3332=LINE('',#8391,#3890);
#3333=LINE('',#8394,#3891);
#3334=LINE('',#8396,#3892);
#3335=LINE('',#8398,#3893);
#3336=LINE('',#8402,#3894);
#3337=LINE('',#8404,#3895);
#3338=LINE('',#8406,#3896);
#3339=LINE('',#8408,#3897);
#3340=LINE('',#8410,#3898);
#3341=LINE('',#8412,#3899);
#3342=LINE('',#8414,#3900);
#3343=LINE('',#8416,#3901);
#3344=LINE('',#8418,#3902);
#3345=LINE('',#8422,#3903);
#3346=LINE('',#8424,#3904);
#3347=LINE('',#8426,#3905);
#3348=LINE('',#8428,#3906);
#3349=LINE('',#8432,#3907);
#3350=LINE('',#8434,#3908);
#3351=LINE('',#8435,#3909);
#3352=LINE('',#8437,#3910);
#3353=LINE('',#8439,#3911);
#3354=LINE('',#8442,#3912);
#3355=LINE('',#8443,#3913);
#3356=LINE('',#8452,#3914);
#3357=LINE('',#8454,#3915);
#3358=LINE('',#8456,#3916);
#3359=LINE('',#8458,#3917);
#3360=LINE('',#8460,#3918);
#3361=LINE('',#8464,#3919);
#3362=LINE('',#8466,#3920);
#3363=LINE('',#8468,#3921);
#3364=LINE('',#8472,#3922);
#3365=LINE('',#8474,#3923);
#3366=LINE('',#8478,#3924);
#3367=LINE('',#8482,#3925);
#3368=LINE('',#8484,#3926);
#3369=LINE('',#8486,#3927);
#3370=LINE('',#8488,#3928);
#3371=LINE('',#8492,#3929);
#3372=LINE('',#8494,#3930);
#3373=LINE('',#8495,#3931);
#3374=LINE('',#8497,#3932);
#3375=LINE('',#8503,#3933);
#3376=LINE('',#8505,#3934);
#3377=LINE('',#8511,#3935);
#3378=LINE('',#8512,#3936);
#3379=LINE('',#8513,#3937);
#3380=LINE('',#8515,#3938);
#3381=LINE('',#8516,#3939);
#3382=LINE('',#8521,#3940);
#3383=LINE('',#8522,#3941);
#3384=LINE('',#8524,#3942);
#3385=LINE('',#8526,#3943);
#3386=LINE('',#8527,#3944);
#3387=LINE('',#8529,#3945);
#3388=LINE('',#8533,#3946);
#3389=LINE('',#8537,#3947);
#3390=LINE('',#8542,#3948);
#3391=LINE('',#8546,#3949);
#3392=LINE('',#8550,#3950);
#3393=LINE('',#8552,#3951);
#3394=LINE('',#8553,#3952);
#3395=LINE('',#8555,#3953);
#3396=LINE('',#8559,#3954);
#3397=LINE('',#8561,#3955);
#3398=LINE('',#8563,#3956);
#3399=LINE('',#8567,#3957);
#3400=LINE('',#8569,#3958);
#3401=LINE('',#8571,#3959);
#3402=LINE('',#8575,#3960);
#3403=LINE('',#8577,#3961);
#3404=LINE('',#8578,#3962);
#3405=LINE('',#8579,#3963);
#3406=LINE('',#8585,#3964);
#3407=LINE('',#8587,#3965);
#3408=LINE('',#8593,#3966);
#3409=LINE('',#8594,#3967);
#3410=LINE('',#8596,#3968);
#3411=LINE('',#8598,#3969);
#3412=LINE('',#8602,#3970);
#3413=LINE('',#8604,#3971);
#3414=LINE('',#8610,#3972);
#3415=LINE('',#8612,#3973);
#3416=LINE('',#8614,#3974);
#3417=LINE('',#8634,#3975);
#3418=LINE('',#8635,#3976);
#3419=LINE('',#8638,#3977);
#3420=LINE('',#8643,#3978);
#3421=LINE('',#8662,#3979);
#3422=LINE('',#8663,#3980);
#3423=LINE('',#8666,#3981);
#3424=LINE('',#8671,#3982);
#3425=LINE('',#8693,#3983);
#3426=LINE('',#8697,#3984);
#3427=LINE('',#8701,#3985);
#3428=LINE('',#8705,#3986);
#3429=LINE('',#8709,#3987);
#3430=LINE('',#8713,#3988);
#3431=LINE('',#8717,#3989);
#3432=LINE('',#8721,#3990);
#3433=LINE('',#8736,#3991);
#3434=LINE('',#8740,#3992);
#3435=LINE('',#8742,#3993);
#3436=LINE('',#8743,#3994);
#3437=LINE('',#8745,#3995);
#3438=LINE('',#8747,#3996);
#3439=LINE('',#8753,#3997);
#3440=LINE('',#8757,#3998);
#3441=LINE('',#8759,#3999);
#3442=LINE('',#8760,#4000);
#3443=LINE('',#8762,#4001);
#3444=LINE('',#8764,#4002);
#3445=LINE('',#8770,#4003);
#3446=LINE('',#8774,#4004);
#3447=LINE('',#8776,#4005);
#3448=LINE('',#8777,#4006);
#3449=LINE('',#8779,#4007);
#3450=LINE('',#8781,#4008);
#3451=LINE('',#8787,#4009);
#3452=LINE('',#8791,#4010);
#3453=LINE('',#8793,#4011);
#3454=LINE('',#8794,#4012);
#3455=LINE('',#8796,#4013);
#3456=LINE('',#8798,#4014);
#3457=VECTOR('',#5860,1.);
#3458=VECTOR('',#5861,1.);
#3459=VECTOR('',#5862,1.);
#3460=VECTOR('',#5863,1.);
#3461=VECTOR('',#5866,1.);
#3462=VECTOR('',#5867,1.);
#3463=VECTOR('',#5868,1.);
#3464=VECTOR('',#5869,1.);
#3465=VECTOR('',#5870,1.);
#3466=VECTOR('',#5871,1.);
#3467=VECTOR('',#5872,1.);
#3468=VECTOR('',#5873,1.);
#3469=VECTOR('',#5874,1.);
#3470=VECTOR('',#5875,1.);
#3471=VECTOR('',#5876,1.);
#3472=VECTOR('',#5877,1.);
#3473=VECTOR('',#5878,1.);
#3474=VECTOR('',#5879,1.);
#3475=VECTOR('',#5882,1.);
#3476=VECTOR('',#5883,1.);
#3477=VECTOR('',#5884,1.);
#3478=VECTOR('',#5885,1.);
#3479=VECTOR('',#5886,1.);
#3480=VECTOR('',#5887,1.);
#3481=VECTOR('',#5888,1.);
#3482=VECTOR('',#5889,1.);
#3483=VECTOR('',#5890,1.);
#3484=VECTOR('',#5891,1.);
#3485=VECTOR('',#5892,1.);
#3486=VECTOR('',#5893,1.);
#3487=VECTOR('',#5894,1.);
#3488=VECTOR('',#5895,1.);
#3489=VECTOR('',#5896,1.);
#3490=VECTOR('',#5899,1.);
#3491=VECTOR('',#5900,1.);
#3492=VECTOR('',#5901,1.);
#3493=VECTOR('',#5902,1.);
#3494=VECTOR('',#5903,1.);
#3495=VECTOR('',#5904,1.);
#3496=VECTOR('',#5905,1.);
#3497=VECTOR('',#5906,1.);
#3498=VECTOR('',#5907,1.);
#3499=VECTOR('',#5908,1.);
#3500=VECTOR('',#5909,1.);
#3501=VECTOR('',#5910,1.);
#3502=VECTOR('',#5911,1.);
#3503=VECTOR('',#5912,1.);
#3504=VECTOR('',#5915,1.);
#3505=VECTOR('',#5916,1.);
#3506=VECTOR('',#5917,1.);
#3507=VECTOR('',#5918,1.);
#3508=VECTOR('',#5919,1.);
#3509=VECTOR('',#5920,1.);
#3510=VECTOR('',#5921,1.);
#3511=VECTOR('',#5922,1.);
#3512=VECTOR('',#5923,1.);
#3513=VECTOR('',#5924,1.);
#3514=VECTOR('',#5925,1.);
#3515=VECTOR('',#5926,1.);
#3516=VECTOR('',#5927,1.);
#3517=VECTOR('',#5928,1.);
#3518=VECTOR('',#5929,1.);
#3519=VECTOR('',#5932,1.);
#3520=VECTOR('',#5933,1.);
#3521=VECTOR('',#5934,1.);
#3522=VECTOR('',#5935,1.);
#3523=VECTOR('',#5936,1.);
#3524=VECTOR('',#5937,1.);
#3525=VECTOR('',#5938,1.);
#3526=VECTOR('',#5941,1.);
#3527=VECTOR('',#5946,1.);
#3528=VECTOR('',#5947,1.);
#3529=VECTOR('',#5948,1.);
#3530=VECTOR('',#5949,1.);
#3531=VECTOR('',#5952,1.);
#3532=VECTOR('',#5953,1.);
#3533=VECTOR('',#5954,1.);
#3534=VECTOR('',#5955,1.);
#3535=VECTOR('',#5958,1.);
#3536=VECTOR('',#5959,1.);
#3537=VECTOR('',#5960,1.);
#3538=VECTOR('',#5961,1.);
#3539=VECTOR('',#5964,1.);
#3540=VECTOR('',#5965,1.);
#3541=VECTOR('',#5966,1.);
#3542=VECTOR('',#5973,1.);
#3543=VECTOR('',#5976,1.);
#3544=VECTOR('',#5977,1.);
#3545=VECTOR('',#5980,1.);
#3546=VECTOR('',#5981,1.);
#3547=VECTOR('',#5982,1.);
#3548=VECTOR('',#5989,1.);
#3549=VECTOR('',#5992,1.);
#3550=VECTOR('',#5993,1.);
#3551=VECTOR('',#5996,1.);
#3552=VECTOR('',#5997,1.);
#3553=VECTOR('',#5998,1.);
#3554=VECTOR('',#6005,1.);
#3555=VECTOR('',#6008,1.);
#3556=VECTOR('',#6009,1.);
#3557=VECTOR('',#6012,1.);
#3558=VECTOR('',#6013,1.);
#3559=VECTOR('',#6014,1.);
#3560=VECTOR('',#6021,1.);
#3561=VECTOR('',#6024,1.);
#3562=VECTOR('',#6025,1.);
#3563=VECTOR('',#6028,1.);
#3564=VECTOR('',#6029,1.);
#3565=VECTOR('',#6032,1.);
#3566=VECTOR('',#6033,1.);
#3567=VECTOR('',#6036,1.);
#3568=VECTOR('',#6037,1.);
#3569=VECTOR('',#6040,1.);
#3570=VECTOR('',#6041,1.);
#3571=VECTOR('',#6044,1.);
#3572=VECTOR('',#6045,1.);
#3573=VECTOR('',#6048,1.);
#3574=VECTOR('',#6051,1.);
#3575=VECTOR('',#6054,1.);
#3576=VECTOR('',#6055,1.);
#3577=VECTOR('',#6056,1.);
#3578=VECTOR('',#6057,1.);
#3579=VECTOR('',#6058,1.);
#3580=VECTOR('',#6059,1.);
#3581=VECTOR('',#6060,1.);
#3582=VECTOR('',#6061,1.);
#3583=VECTOR('',#6062,1.);
#3584=VECTOR('',#6065,1.);
#3585=VECTOR('',#6068,1.);
#3586=VECTOR('',#6071,1.);
#3587=VECTOR('',#6072,1.);
#3588=VECTOR('',#6079,1.);
#3589=VECTOR('',#6080,1.);
#3590=VECTOR('',#6081,1.);
#3591=VECTOR('',#6084,1.);
#3592=VECTOR('',#6085,1.);
#3593=VECTOR('',#6086,1.);
#3594=VECTOR('',#6089,1.);
#3595=VECTOR('',#6090,1.);
#3596=VECTOR('',#6091,1.);
#3597=VECTOR('',#6092,1.);
#3598=VECTOR('',#6095,1.);
#3599=VECTOR('',#6096,1.);
#3600=VECTOR('',#6097,1.);
#3601=VECTOR('',#6100,1.);
#3602=VECTOR('',#6101,1.);
#3603=VECTOR('',#6104,1.);
#3604=VECTOR('',#6105,1.);
#3605=VECTOR('',#6106,1.);
#3606=VECTOR('',#6107,1.);
#3607=VECTOR('',#6110,1.);
#3608=VECTOR('',#6111,1.);
#3609=VECTOR('',#6112,1.);
#3610=VECTOR('',#6113,1.);
#3611=VECTOR('',#6114,1.);
#3612=VECTOR('',#6115,1.);
#3613=VECTOR('',#6116,1.);
#3614=VECTOR('',#6117,1.);
#3615=VECTOR('',#6118,1.);
#3616=VECTOR('',#6119,1.);
#3617=VECTOR('',#6120,1.);
#3618=VECTOR('',#6123,1.);
#3619=VECTOR('',#6124,1.);
#3620=VECTOR('',#6127,1.);
#3621=VECTOR('',#6128,1.);
#3622=VECTOR('',#6131,1.);
#3623=VECTOR('',#6132,1.);
#3624=VECTOR('',#6133,1.);
#3625=VECTOR('',#6134,1.);
#3626=VECTOR('',#6135,1.);
#3627=VECTOR('',#6136,1.);
#3628=VECTOR('',#6137,1.);
#3629=VECTOR('',#6138,1.);
#3630=VECTOR('',#6141,1.);
#3631=VECTOR('',#6142,1.);
#3632=VECTOR('',#6145,1.);
#3633=VECTOR('',#6146,1.);
#3634=VECTOR('',#6153,1.);
#3635=VECTOR('',#6158,1.);
#3636=VECTOR('',#6163,1.);
#3637=VECTOR('',#6164,1.);
#3638=VECTOR('',#6165,1.);
#3639=VECTOR('',#6168,1.);
#3640=VECTOR('',#6169,1.);
#3641=VECTOR('',#6170,1.);
#3642=VECTOR('',#6173,1.);
#3643=VECTOR('',#6176,1.);
#3644=VECTOR('',#6181,1.);
#3645=VECTOR('',#6182,1.);
#3646=VECTOR('',#6183,1.);
#3647=VECTOR('',#6186,1.);
#3648=VECTOR('',#6187,1.);
#3649=VECTOR('',#6188,1.);
#3650=VECTOR('',#6191,1.);
#3651=VECTOR('',#6194,1.);
#3652=VECTOR('',#6199,1.);
#3653=VECTOR('',#6200,1.);
#3654=VECTOR('',#6201,1.);
#3655=VECTOR('',#6204,1.);
#3656=VECTOR('',#6205,1.);
#3657=VECTOR('',#6206,1.);
#3658=VECTOR('',#6209,1.);
#3659=VECTOR('',#6210,1.);
#3660=VECTOR('',#6211,1.);
#3661=VECTOR('',#6212,1.);
#3662=VECTOR('',#6215,1.);
#3663=VECTOR('',#6216,1.);
#3664=VECTOR('',#6217,1.);
#3665=VECTOR('',#6218,1.);
#3666=VECTOR('',#6219,1.);
#3667=VECTOR('',#6220,1.);
#3668=VECTOR('',#6223,1.);
#3669=VECTOR('',#6224,1.);
#3670=VECTOR('',#6225,1.);
#3671=VECTOR('',#6228,1.);
#3672=VECTOR('',#6229,1.);
#3673=VECTOR('',#6230,1.);
#3674=VECTOR('',#6231,1.);
#3675=VECTOR('',#6234,1.);
#3676=VECTOR('',#6235,1.);
#3677=VECTOR('',#6236,1.);
#3678=VECTOR('',#6241,1.);
#3679=VECTOR('',#6244,1.);
#3680=VECTOR('',#6245,1.);
#3681=VECTOR('',#6246,1.);
#3682=VECTOR('',#6249,1.);
#3683=VECTOR('',#6252,1.);
#3684=VECTOR('',#6253,1.);
#3685=VECTOR('',#6254,1.);
#3686=VECTOR('',#6259,1.);
#3687=VECTOR('',#6262,1.);
#3688=VECTOR('',#6265,1.);
#3689=VECTOR('',#6266,1.);
#3690=VECTOR('',#6269,1.);
#3691=VECTOR('',#6272,1.);
#3692=VECTOR('',#6273,1.);
#3693=VECTOR('',#6274,1.);
#3694=VECTOR('',#6275,1.);
#3695=VECTOR('',#6276,1.);
#3696=VECTOR('',#6277,1.);
#3697=VECTOR('',#6278,1.);
#3698=VECTOR('',#6281,1.);
#3699=VECTOR('',#6288,1.);
#3700=VECTOR('',#6293,1.);
#3701=VECTOR('',#6298,1.);
#3702=VECTOR('',#6301,1.);
#3703=VECTOR('',#6302,1.);
#3704=VECTOR('',#6303,1.);
#3705=VECTOR('',#6304,1.);
#3706=VECTOR('',#6331,1.);
#3707=VECTOR('',#6332,1.);
#3708=VECTOR('',#6333,1.);
#3709=VECTOR('',#6334,1.);
#3710=VECTOR('',#6339,1.);
#3711=VECTOR('',#6344,1.);
#3712=VECTOR('',#6349,1.);
#3713=VECTOR('',#6354,1.);
#3714=VECTOR('',#6357,1.);
#3715=VECTOR('',#6358,1.);
#3716=VECTOR('',#6361,1.);
#3717=VECTOR('',#6362,1.);
#3718=VECTOR('',#6365,1.);
#3719=VECTOR('',#6380,1.);
#3720=VECTOR('',#6383,1.);
#3721=VECTOR('',#6388,1.);
#3722=VECTOR('',#6391,1.);
#3723=VECTOR('',#6392,1.);
#3724=VECTOR('',#6393,1.);
#3725=VECTOR('',#6394,1.);
#3726=VECTOR('',#6413,1.);
#3727=VECTOR('',#6414,1.);
#3728=VECTOR('',#6417,1.);
#3729=VECTOR('',#6418,1.);
#3730=VECTOR('',#6421,1.);
#3731=VECTOR('',#6422,1.);
#3732=VECTOR('',#6429,1.);
#3733=VECTOR('',#6436,1.);
#3734=VECTOR('',#6445,1.);
#3735=VECTOR('',#6448,1.);
#3736=VECTOR('',#6453,1.);
#3737=VECTOR('',#6460,1.);
#3738=VECTOR('',#6469,1.);
#3739=VECTOR('',#6470,1.);
#3740=VECTOR('',#6471,1.);
#3741=VECTOR('',#6472,1.);
#3742=VECTOR('',#6475,1.);
#3743=VECTOR('',#6476,1.);
#3744=VECTOR('',#6477,1.);
#3745=VECTOR('',#6480,1.);
#3746=VECTOR('',#6481,1.);
#3747=VECTOR('',#6482,1.);
#3748=VECTOR('',#6485,1.);
#3749=VECTOR('',#6486,1.);
#3750=VECTOR('',#6487,1.);
#3751=VECTOR('',#6490,1.);
#3752=VECTOR('',#6491,1.);
#3753=VECTOR('',#6492,1.);
#3754=VECTOR('',#6495,1.);
#3755=VECTOR('',#6498,1.);
#3756=VECTOR('',#6525,1.);
#3757=VECTOR('',#6526,1.);
#3758=VECTOR('',#6527,1.);
#3759=VECTOR('',#6530,1.);
#3760=VECTOR('',#6531,1.);
#3761=VECTOR('',#6534,1.);
#3762=VECTOR('',#6535,1.);
#3763=VECTOR('',#6538,1.);
#3764=VECTOR('',#6539,1.);
#3765=VECTOR('',#6540,1.);
#3766=VECTOR('',#6541,1.);
#3767=VECTOR('',#6544,1.);
#3768=VECTOR('',#6545,1.);
#3769=VECTOR('',#6546,1.);
#3770=VECTOR('',#6549,1.);
#3771=VECTOR('',#6550,1.);
#3772=VECTOR('',#6551,1.);
#3773=VECTOR('',#6552,1.);
#3774=VECTOR('',#6555,1.);
#3775=VECTOR('',#6556,1.);
#3776=VECTOR('',#6557,1.);
#3777=VECTOR('',#6560,1.);
#3778=VECTOR('',#6561,1.);
#3779=VECTOR('',#6562,1.);
#3780=VECTOR('',#6565,1.);
#3781=VECTOR('',#6566,1.);
#3782=VECTOR('',#6567,1.);
#3783=VECTOR('',#6576,1.);
#3784=VECTOR('',#6577,1.);
#3785=VECTOR('',#6578,1.);
#3786=VECTOR('',#6579,1.);
#3787=VECTOR('',#6582,1.);
#3788=VECTOR('',#6583,1.);
#3789=VECTOR('',#6584,1.);
#3790=VECTOR('',#6587,1.);
#3791=VECTOR('',#6588,1.);
#3792=VECTOR('',#6589,1.);
#3793=VECTOR('',#6592,1.);
#3794=VECTOR('',#6593,1.);
#3795=VECTOR('',#6594,1.);
#3796=VECTOR('',#6597,1.);
#3797=VECTOR('',#6598,1.);
#3798=VECTOR('',#6599,1.);
#3799=VECTOR('',#6600,1.);
#3800=VECTOR('',#6603,1.);
#3801=VECTOR('',#6606,1.);
#3802=VECTOR('',#6607,1.);
#3803=VECTOR('',#6610,1.);
#3804=VECTOR('',#6611,1.);
#3805=VECTOR('',#6612,1.);
#3806=VECTOR('',#6615,1.);
#3807=VECTOR('',#6616,1.);
#3808=VECTOR('',#6617,1.);
#3809=VECTOR('',#6620,1.);
#3810=VECTOR('',#6621,1.);
#3811=VECTOR('',#6622,1.);
#3812=VECTOR('',#6623,1.);
#3813=VECTOR('',#6626,1.);
#3814=VECTOR('',#6627,1.);
#3815=VECTOR('',#6628,1.);
#3816=VECTOR('',#6631,1.);
#3817=VECTOR('',#6632,1.);
#3818=VECTOR('',#6633,1.);
#3819=VECTOR('',#6636,1.);
#3820=VECTOR('',#6639,1.);
#3821=VECTOR('',#6640,1.);
#3822=VECTOR('',#6641,1.);
#3823=VECTOR('',#6642,1.);
#3824=VECTOR('',#6645,1.);
#3825=VECTOR('',#6646,1.);
#3826=VECTOR('',#6655,1.);
#3827=VECTOR('',#6656,1.);
#3828=VECTOR('',#6657,1.);
#3829=VECTOR('',#6660,1.);
#3830=VECTOR('',#6661,1.);
#3831=VECTOR('',#6662,1.);
#3832=VECTOR('',#6665,1.);
#3833=VECTOR('',#6668,1.);
#3834=VECTOR('',#6669,1.);
#3835=VECTOR('',#6678,1.);
#3836=VECTOR('',#6683,1.);
#3837=VECTOR('',#6686,1.);
#3838=VECTOR('',#6687,1.);
#3839=VECTOR('',#6692,1.);
#3840=VECTOR('',#6695,1.);
#3841=VECTOR('',#6696,1.);
#3842=VECTOR('',#6699,1.);
#3843=VECTOR('',#6700,1.);
#3844=VECTOR('',#6703,1.);
#3845=VECTOR('',#6706,1.);
#3846=VECTOR('',#6709,1.);
#3847=VECTOR('',#6716,1.);
#3848=VECTOR('',#6719,1.);
#3849=VECTOR('',#6720,1.);
#3850=VECTOR('',#6727,1.);
#3851=VECTOR('',#6730,1.);
#3852=VECTOR('',#6731,1.);
#3853=VECTOR('',#6740,1.);
#3854=VECTOR('',#6741,1.);
#3855=VECTOR('',#6742,1.);
#3856=VECTOR('',#6743,1.);
#3857=VECTOR('',#6746,1.);
#3858=VECTOR('',#6751,1.);
#3859=VECTOR('',#6752,1.);
#3860=VECTOR('',#6753,1.);
#3861=VECTOR('',#6754,1.);
#3862=VECTOR('',#6755,1.);
#3863=VECTOR('',#6758,1.);
#3864=VECTOR('',#6759,1.);
#3865=VECTOR('',#6760,1.);
#3866=VECTOR('',#6761,1.);
#3867=VECTOR('',#6764,1.);
#3868=VECTOR('',#6765,1.);
#3869=VECTOR('',#6766,1.);
#3870=VECTOR('',#6769,1.);
#3871=VECTOR('',#6772,1.);
#3872=VECTOR('',#6775,1.);
#3873=VECTOR('',#6778,1.);
#3874=VECTOR('',#6781,1.);
#3875=VECTOR('',#6782,1.);
#3876=VECTOR('',#6783,1.);
#3877=VECTOR('',#6784,1.);
#3878=VECTOR('',#6785,1.);
#3879=VECTOR('',#6786,1.);
#3880=VECTOR('',#6789,1.);
#3881=VECTOR('',#6790,1.);
#3882=VECTOR('',#6791,1.);
#3883=VECTOR('',#6794,1.);
#3884=VECTOR('',#6795,1.);
#3885=VECTOR('',#6798,1.);
#3886=VECTOR('',#6799,1.);
#3887=VECTOR('',#6802,1.);
#3888=VECTOR('',#6803,1.);
#3889=VECTOR('',#6804,1.);
#3890=VECTOR('',#6807,1.);
#3891=VECTOR('',#6810,1.);
#3892=VECTOR('',#6811,1.);
#3893=VECTOR('',#6812,1.);
#3894=VECTOR('',#6815,1.);
#3895=VECTOR('',#6816,1.);
#3896=VECTOR('',#6819,1.);
#3897=VECTOR('',#6820,1.);
#3898=VECTOR('',#6823,1.);
#3899=VECTOR('',#6824,1.);
#3900=VECTOR('',#6827,1.);
#3901=VECTOR('',#6828,1.);
#3902=VECTOR('',#6829,1.);
#3903=VECTOR('',#6834,1.);
#3904=VECTOR('',#6835,1.);
#3905=VECTOR('',#6838,1.);
#3906=VECTOR('',#6839,1.);
#3907=VECTOR('',#6844,1.);
#3908=VECTOR('',#6847,1.);
#3909=VECTOR('',#6848,1.);
#3910=VECTOR('',#6849,1.);
#3911=VECTOR('',#6852,1.);
#3912=VECTOR('',#6857,1.);
#3913=VECTOR('',#6858,1.);
#3914=VECTOR('',#6871,1.);
#3915=VECTOR('',#6874,1.);
#3916=VECTOR('',#6875,1.);
#3917=VECTOR('',#6876,1.);
#3918=VECTOR('',#6879,1.);
#3919=VECTOR('',#6884,1.);
#3920=VECTOR('',#6885,1.);
#3921=VECTOR('',#6888,1.);
#3922=VECTOR('',#6893,1.);
#3923=VECTOR('',#6894,1.);
#3924=VECTOR('',#6899,1.);
#3925=VECTOR('',#6902,1.);
#3926=VECTOR('',#6905,1.);
#3927=VECTOR('',#6906,1.);
#3928=VECTOR('',#6907,1.);
#3929=VECTOR('',#6914,1.);
#3930=VECTOR('',#6915,1.);
#3931=VECTOR('',#6916,1.);
#3932=VECTOR('',#6919,1.);
#3933=VECTOR('',#6926,1.);
#3934=VECTOR('',#6929,1.);
#3935=VECTOR('',#6936,1.);
#3936=VECTOR('',#6937,1.);
#3937=VECTOR('',#6938,1.);
#3938=VECTOR('',#6941,1.);
#3939=VECTOR('',#6942,1.);
#3940=VECTOR('',#6947,1.);
#3941=VECTOR('',#6948,1.);
#3942=VECTOR('',#6949,1.);
#3943=VECTOR('',#6950,1.);
#3944=VECTOR('',#6951,1.);
#3945=VECTOR('',#6954,1.);
#3946=VECTOR('',#6957,1.);
#3947=VECTOR('',#6962,1.);
#3948=VECTOR('',#6967,1.);
#3949=VECTOR('',#6970,1.);
#3950=VECTOR('',#6973,1.);
#3951=VECTOR('',#6974,1.);
#3952=VECTOR('',#6975,1.);
#3953=VECTOR('',#6978,1.);
#3954=VECTOR('',#6983,1.);
#3955=VECTOR('',#6984,1.);
#3956=VECTOR('',#6985,1.);
#3957=VECTOR('',#6992,1.);
#3958=VECTOR('',#6993,1.);
#3959=VECTOR('',#6994,1.);
#3960=VECTOR('',#7001,1.);
#3961=VECTOR('',#7002,1.);
#3962=VECTOR('',#7003,1.);
#3963=VECTOR('',#7004,1.);
#3964=VECTOR('',#7013,1.);
#3965=VECTOR('',#7016,1.);
#3966=VECTOR('',#7023,1.);
#3967=VECTOR('',#7024,1.);
#3968=VECTOR('',#7027,1.);
#3969=VECTOR('',#7028,1.);
#3970=VECTOR('',#7035,1.);
#3971=VECTOR('',#7036,1.);
#3972=VECTOR('',#7045,1.);
#3973=VECTOR('',#7048,1.);
#3974=VECTOR('',#7049,1.);
#3975=VECTOR('',#7080,1.);
#3976=VECTOR('',#7081,1.);
#3977=VECTOR('',#7086,1.);
#3978=VECTOR('',#7089,1.);
#3979=VECTOR('',#7116,1.);
#3980=VECTOR('',#7117,1.);
#3981=VECTOR('',#7122,1.);
#3982=VECTOR('',#7125,1.);
#3983=VECTOR('',#7156,1.);
#3984=VECTOR('',#7159,1.);
#3985=VECTOR('',#7162,1.);
#3986=VECTOR('',#7165,1.);
#3987=VECTOR('',#7168,1.);
#3988=VECTOR('',#7171,1.);
#3989=VECTOR('',#7174,1.);
#3990=VECTOR('',#7177,1.);
#3991=VECTOR('',#7194,1.);
#3992=VECTOR('',#7197,1.);
#3993=VECTOR('',#7200,1.);
#3994=VECTOR('',#7201,1.);
#3995=VECTOR('',#7204,1.);
#3996=VECTOR('',#7207,1.);
#3997=VECTOR('',#7214,1.);
#3998=VECTOR('',#7217,1.);
#3999=VECTOR('',#7220,1.);
#4000=VECTOR('',#7221,1.);
#4001=VECTOR('',#7224,1.);
#4002=VECTOR('',#7227,1.);
#4003=VECTOR('',#7234,1.);
#4004=VECTOR('',#7237,1.);
#4005=VECTOR('',#7240,1.);
#4006=VECTOR('',#7241,1.);
#4007=VECTOR('',#7244,1.);
#4008=VECTOR('',#7247,1.);
#4009=VECTOR('',#7254,1.);
#4010=VECTOR('',#7257,1.);
#4011=VECTOR('',#7260,1.);
#4012=VECTOR('',#7261,1.);
#4013=VECTOR('',#7264,1.);
#4014=VECTOR('',#7267,1.);
#4015=EDGE_LOOP('',(#281,#282,#283,#284));
#4016=EDGE_LOOP('',(#285,#286,#287,#288,#289,#290,#291,#292,#293,#294,#295,
#296,#297,#298));
#4017=EDGE_LOOP('',(#299,#300,#301,#302));
#4018=EDGE_LOOP('',(#303,#304,#305,#306));
#4019=EDGE_LOOP('',(#307,#308,#309,#310,#311,#312,#313,#314,#315));
#4020=EDGE_LOOP('',(#316,#317,#318,#319,#320,#321,#322,#323,#324,#325,#326,
#327,#328,#329,#330,#331));
#4021=EDGE_LOOP('',(#332,#333,#334,#335));
#4022=EDGE_LOOP('',(#336,#337,#338,#339));
#4023=EDGE_LOOP('',(#340,#341,#342,#343,#344,#345,#346,#347,#348));
#4024=EDGE_LOOP('',(#349,#350,#351,#352,#353,#354,#355,#356,#357,#358));
#4025=EDGE_LOOP('',(#359,#360,#361,#362));
#4026=EDGE_LOOP('',(#363,#364,#365,#366));
#4027=EDGE_LOOP('',(#367,#368,#369,#370));
#4028=EDGE_LOOP('',(#371,#372,#373,#374));
#4029=EDGE_LOOP('',(#375,#376,#377,#378));
#4030=EDGE_LOOP('',(#379,#380,#381,#382));
#4031=EDGE_LOOP('',(#383,#384,#385,#386));
#4032=EDGE_LOOP('',(#387,#388,#389,#390));
#4033=EDGE_LOOP('',(#391,#392,#393,#394));
#4034=EDGE_LOOP('',(#395,#396,#397,#398));
#4035=EDGE_LOOP('',(#399,#400,#401,#402));
#4036=EDGE_LOOP('',(#403,#404,#405,#406));
#4037=EDGE_LOOP('',(#407,#408,#409,#410));
#4038=EDGE_LOOP('',(#411,#412,#413,#414));
#4039=EDGE_LOOP('',(#415,#416,#417,#418));
#4040=EDGE_LOOP('',(#419,#420,#421,#422));
#4041=EDGE_LOOP('',(#423,#424,#425,#426));
#4042=EDGE_LOOP('',(#427,#428,#429,#430));
#4043=EDGE_LOOP('',(#431,#432,#433,#434));
#4044=EDGE_LOOP('',(#435,#436,#437,#438));
#4045=EDGE_LOOP('',(#439,#440,#441,#442));
#4046=EDGE_LOOP('',(#443,#444,#445,#446));
#4047=EDGE_LOOP('',(#447,#448,#449,#450,#451,#452,#453,#454,#455,#456,#457,
#458));
#4048=EDGE_LOOP('',(#459,#460,#461,#462));
#4049=EDGE_LOOP('',(#463,#464,#465,#466));
#4050=EDGE_LOOP('',(#467,#468,#469,#470));
#4051=EDGE_LOOP('',(#471,#472,#473,#474));
#4052=EDGE_LOOP('',(#475,#476,#477,#478));
#4053=EDGE_LOOP('',(#479,#480,#481,#482));
#4054=EDGE_LOOP('',(#483,#484,#485,#486));
#4055=EDGE_LOOP('',(#487,#488,#489,#490,#491,#492,#493,#494));
#4056=EDGE_LOOP('',(#495,#496,#497,#498,#499,#500,#501,#502,#503,#504,#505,
#506));
#4057=EDGE_LOOP('',(#507,#508,#509,#510));
#4058=EDGE_LOOP('',(#511,#512,#513,#514));
#4059=EDGE_LOOP('',(#515,#516,#517,#518,#519,#520,#521,#522,#523,#524,#525,
#526,#527,#528,#529,#530));
#4060=EDGE_LOOP('',(#531,#532,#533,#534));
#4061=EDGE_LOOP('',(#535,#536,#537,#538));
#4062=EDGE_LOOP('',(#539,#540,#541,#542,#543,#544,#545,#546,#547,#548,#549,
#550,#551,#552,#553,#554));
#4063=EDGE_LOOP('',(#555,#556,#557,#558));
#4064=EDGE_LOOP('',(#559,#560,#561,#562));
#4065=EDGE_LOOP('',(#563,#564,#565,#566));
#4066=EDGE_LOOP('',(#567,#568,#569,#570));
#4067=EDGE_LOOP('',(#571,#572,#573,#574));
#4068=EDGE_LOOP('',(#575,#576,#577,#578));
#4069=EDGE_LOOP('',(#579,#580,#581,#582));
#4070=EDGE_LOOP('',(#583,#584,#585,#586));
#4071=EDGE_LOOP('',(#587,#588,#589,#590));
#4072=EDGE_LOOP('',(#591,#592,#593,#594));
#4073=EDGE_LOOP('',(#595,#596,#597,#598));
#4074=EDGE_LOOP('',(#599,#600,#601,#602));
#4075=EDGE_LOOP('',(#603,#604,#605,#606));
#4076=EDGE_LOOP('',(#607,#608,#609,#610));
#4077=EDGE_LOOP('',(#611,#612,#613,#614));
#4078=EDGE_LOOP('',(#615,#616,#617,#618));
#4079=EDGE_LOOP('',(#619,#620,#621,#622));
#4080=EDGE_LOOP('',(#623,#624,#625,#626));
#4081=EDGE_LOOP('',(#627,#628,#629,#630));
#4082=EDGE_LOOP('',(#631,#632,#633,#634));
#4083=EDGE_LOOP('',(#635,#636,#637,#638,#639,#640));
#4084=EDGE_LOOP('',(#641,#642,#643,#644));
#4085=EDGE_LOOP('',(#645,#646,#647,#648,#649,#650,#651,#652));
#4086=EDGE_LOOP('',(#653,#654,#655,#656,#657,#658,#659,#660,#661,#662,#663,
#664,#665,#666,#667,#668,#669,#670,#671,#672));
#4087=EDGE_LOOP('',(#673,#674,#675,#676));
#4088=EDGE_LOOP('',(#677,#678,#679,#680));
#4089=EDGE_LOOP('',(#681,#682,#683,#684));
#4090=EDGE_LOOP('',(#685,#686,#687,#688));
#4091=EDGE_LOOP('',(#689,#690,#691,#692));
#4092=EDGE_LOOP('',(#693,#694,#695,#696,#697,#698));
#4093=EDGE_LOOP('',(#699,#700,#701,#702));
#4094=EDGE_LOOP('',(#703,#704,#705,#706));
#4095=EDGE_LOOP('',(#707,#708,#709,#710));
#4096=EDGE_LOOP('',(#711,#712,#713,#714));
#4097=EDGE_LOOP('',(#715,#716,#717,#718));
#4098=EDGE_LOOP('',(#719,#720,#721,#722));
#4099=EDGE_LOOP('',(#723,#724,#725,#726));
#4100=EDGE_LOOP('',(#727,#728,#729,#730));
#4101=EDGE_LOOP('',(#731,#732,#733,#734));
#4102=EDGE_LOOP('',(#735,#736,#737,#738));
#4103=EDGE_LOOP('',(#739,#740,#741,#742));
#4104=EDGE_LOOP('',(#743,#744,#745,#746));
#4105=EDGE_LOOP('',(#747,#748,#749,#750));
#4106=EDGE_LOOP('',(#751));
#4107=EDGE_LOOP('',(#752));
#4108=EDGE_LOOP('',(#753));
#4109=EDGE_LOOP('',(#754,#755,#756,#757));
#4110=EDGE_LOOP('',(#758,#759,#760,#761));
#4111=EDGE_LOOP('',(#762,#763,#764,#765));
#4112=EDGE_LOOP('',(#766,#767,#768,#769));
#4113=EDGE_LOOP('',(#770,#771,#772,#773));
#4114=EDGE_LOOP('',(#774,#775,#776,#777));
#4115=EDGE_LOOP('',(#778,#779,#780,#781));
#4116=EDGE_LOOP('',(#782,#783,#784,#785));
#4117=EDGE_LOOP('',(#786,#787,#788,#789));
#4118=EDGE_LOOP('',(#790,#791,#792,#793));
#4119=EDGE_LOOP('',(#794,#795,#796,#797));
#4120=EDGE_LOOP('',(#798,#799,#800,#801));
#4121=EDGE_LOOP('',(#802,#803,#804,#805));
#4122=EDGE_LOOP('',(#806,#807,#808,#809));
#4123=EDGE_LOOP('',(#810,#811,#812,#813));
#4124=EDGE_LOOP('',(#814,#815,#816,#817));
#4125=EDGE_LOOP('',(#818,#819,#820,#821));
#4126=EDGE_LOOP('',(#822,#823,#824,#825));
#4127=EDGE_LOOP('',(#826,#827,#828,#829));
#4128=EDGE_LOOP('',(#830,#831,#832,#833));
#4129=EDGE_LOOP('',(#834,#835,#836,#837));
#4130=EDGE_LOOP('',(#838,#839,#840,#841));
#4131=EDGE_LOOP('',(#842,#843,#844,#845));
#4132=EDGE_LOOP('',(#846,#847,#848,#849));
#4133=EDGE_LOOP('',(#850,#851,#852,#853));
#4134=EDGE_LOOP('',(#854,#855,#856,#857));
#4135=EDGE_LOOP('',(#858,#859,#860,#861));
#4136=EDGE_LOOP('',(#862,#863,#864,#865));
#4137=EDGE_LOOP('',(#866,#867,#868,#869));
#4138=EDGE_LOOP('',(#870,#871,#872,#873));
#4139=EDGE_LOOP('',(#874,#875,#876,#877));
#4140=EDGE_LOOP('',(#878,#879,#880,#881));
#4141=EDGE_LOOP('',(#882));
#4142=EDGE_LOOP('',(#883,#884,#885,#886,#887,#888,#889,#890));
#4143=EDGE_LOOP('',(#891));
#4144=EDGE_LOOP('',(#892));
#4145=EDGE_LOOP('',(#893,#894,#895,#896));
#4146=EDGE_LOOP('',(#897,#898,#899,#900));
#4147=EDGE_LOOP('',(#901,#902,#903,#904,#905,#906));
#4148=EDGE_LOOP('',(#907,#908,#909,#910,#911,#912));
#4149=EDGE_LOOP('',(#913,#914,#915,#916,#917,#918));
#4150=EDGE_LOOP('',(#919,#920,#921,#922));
#4151=EDGE_LOOP('',(#923,#924,#925,#926));
#4152=EDGE_LOOP('',(#927,#928,#929,#930));
#4153=EDGE_LOOP('',(#931,#932,#933,#934));
#4154=EDGE_LOOP('',(#935,#936,#937,#938));
#4155=EDGE_LOOP('',(#939,#940,#941,#942));
#4156=EDGE_LOOP('',(#943));
#4157=EDGE_LOOP('',(#944));
#4158=EDGE_LOOP('',(#945));
#4159=EDGE_LOOP('',(#946));
#4160=EDGE_LOOP('',(#947,#948,#949,#950,#951,#952,#953,#954));
#4161=EDGE_LOOP('',(#955,#956,#957,#958));
#4162=EDGE_LOOP('',(#959,#960,#961,#962));
#4163=EDGE_LOOP('',(#963,#964,#965,#966));
#4164=EDGE_LOOP('',(#967,#968,#969,#970));
#4165=EDGE_LOOP('',(#971,#972,#973,#974));
#4166=EDGE_LOOP('',(#975,#976,#977,#978));
#4167=EDGE_LOOP('',(#979,#980,#981,#982,#983));
#4168=EDGE_LOOP('',(#984,#985,#986,#987,#988));
#4169=EDGE_LOOP('',(#989));
#4170=EDGE_LOOP('',(#990));
#4171=EDGE_LOOP('',(#991,#992,#993,#994));
#4172=EDGE_LOOP('',(#995,#996,#997,#998));
#4173=EDGE_LOOP('',(#999,#1000,#1001,#1002));
#4174=EDGE_LOOP('',(#1003,#1004,#1005,#1006,#1007,#1008,#1009,#1010,#1011,
#1012,#1013,#1014,#1015));
#4175=EDGE_LOOP('',(#1016,#1017,#1018,#1019));
#4176=EDGE_LOOP('',(#1020,#1021,#1022,#1023));
#4177=EDGE_LOOP('',(#1024,#1025,#1026,#1027));
#4178=EDGE_LOOP('',(#1028,#1029,#1030,#1031));
#4179=EDGE_LOOP('',(#1032,#1033,#1034,#1035,#1036,#1037,#1038,#1039,#1040,
#1041,#1042,#1043,#1044));
#4180=EDGE_LOOP('',(#1045,#1046,#1047,#1048));
#4181=EDGE_LOOP('',(#1049,#1050,#1051,#1052));
#4182=EDGE_LOOP('',(#1053,#1054,#1055,#1056,#1057));
#4183=EDGE_LOOP('',(#1058,#1059,#1060,#1061,#1062));
#4184=EDGE_LOOP('',(#1063,#1064,#1065,#1066,#1067,#1068));
#4185=EDGE_LOOP('',(#1069,#1070,#1071,#1072));
#4186=EDGE_LOOP('',(#1073,#1074,#1075,#1076,#1077,#1078));
#4187=EDGE_LOOP('',(#1079,#1080,#1081,#1082,#1083));
#4188=EDGE_LOOP('',(#1084,#1085,#1086,#1087));
#4189=EDGE_LOOP('',(#1088,#1089,#1090,#1091));
#4190=EDGE_LOOP('',(#1092,#1093,#1094,#1095));
#4191=EDGE_LOOP('',(#1096,#1097,#1098,#1099));
#4192=EDGE_LOOP('',(#1100,#1101,#1102,#1103));
#4193=EDGE_LOOP('',(#1104,#1105,#1106,#1107,#1108,#1109));
#4194=EDGE_LOOP('',(#1110,#1111,#1112,#1113));
#4195=EDGE_LOOP('',(#1114,#1115,#1116,#1117));
#4196=EDGE_LOOP('',(#1118,#1119,#1120,#1121));
#4197=EDGE_LOOP('',(#1122,#1123,#1124,#1125));
#4198=EDGE_LOOP('',(#1126,#1127,#1128,#1129,#1130,#1131));
#4199=EDGE_LOOP('',(#1132,#1133,#1134,#1135));
#4200=EDGE_LOOP('',(#1136,#1137,#1138,#1139,#1140,#1141,#1142,#1143));
#4201=EDGE_LOOP('',(#1144,#1145,#1146,#1147,#1148,#1149,#1150,#1151,#1152,
#1153,#1154,#1155,#1156,#1157,#1158,#1159,#1160,#1161,#1162,#1163,#1164,
#1165,#1166,#1167));
#4202=EDGE_LOOP('',(#1168,#1169,#1170,#1171,#1172,#1173));
#4203=EDGE_LOOP('',(#1174,#1175,#1176,#1177));
#4204=EDGE_LOOP('',(#1178,#1179,#1180,#1181));
#4205=EDGE_LOOP('',(#1182,#1183,#1184,#1185));
#4206=EDGE_LOOP('',(#1186,#1187,#1188,#1189,#1190,#1191,#1192,#1193,#1194,
#1195,#1196,#1197,#1198));
#4207=EDGE_LOOP('',(#1199,#1200,#1201,#1202));
#4208=EDGE_LOOP('',(#1203,#1204,#1205,#1206));
#4209=EDGE_LOOP('',(#1207,#1208,#1209,#1210));
#4210=EDGE_LOOP('',(#1211,#1212,#1213,#1214));
#4211=EDGE_LOOP('',(#1215,#1216,#1217,#1218));
#4212=EDGE_LOOP('',(#1219,#1220,#1221,#1222));
#4213=EDGE_LOOP('',(#1223,#1224,#1225,#1226,#1227));
#4214=EDGE_LOOP('',(#1228,#1229,#1230,#1231,#1232));
#4215=EDGE_LOOP('',(#1233,#1234,#1235,#1236));
#4216=EDGE_LOOP('',(#1237,#1238,#1239,#1240,#1241));
#4217=EDGE_LOOP('',(#1242,#1243,#1244,#1245,#1246,#1247));
#4218=EDGE_LOOP('',(#1248,#1249,#1250,#1251,#1252));
#4219=EDGE_LOOP('',(#1253,#1254,#1255,#1256));
#4220=EDGE_LOOP('',(#1257,#1258,#1259,#1260));
#4221=EDGE_LOOP('',(#1261,#1262,#1263,#1264));
#4222=EDGE_LOOP('',(#1265,#1266,#1267,#1268));
#4223=EDGE_LOOP('',(#1269,#1270,#1271,#1272));
#4224=EDGE_LOOP('',(#1273,#1274,#1275,#1276,#1277,#1278));
#4225=EDGE_LOOP('',(#1279,#1280,#1281,#1282));
#4226=EDGE_LOOP('',(#1283,#1284,#1285,#1286));
#4227=EDGE_LOOP('',(#1287,#1288,#1289,#1290,#1291,#1292,#1293,#1294,#1295,
#1296,#1297,#1298,#1299));
#4228=EDGE_LOOP('',(#1300,#1301,#1302,#1303));
#4229=EDGE_LOOP('',(#1304,#1305,#1306,#1307,#1308,#1309));
#4230=EDGE_LOOP('',(#1310,#1311,#1312,#1313));
#4231=EDGE_LOOP('',(#1314,#1315,#1316,#1317));
#4232=EDGE_LOOP('',(#1318,#1319,#1320,#1321,#1322,#1323,#1324,#1325,#1326,
#1327,#1328,#1329));
#4233=EDGE_LOOP('',(#1330,#1331,#1332,#1333));
#4234=EDGE_LOOP('',(#1334,#1335,#1336,#1337,#1338,#1339,#1340,#1341,#1342,
#1343,#1344));
#4235=EDGE_LOOP('',(#1345,#1346,#1347,#1348));
#4236=EDGE_LOOP('',(#1349,#1350,#1351,#1352,#1353,#1354,#1355,#1356,#1357,
#1358,#1359,#1360,#1361,#1362,#1363,#1364,#1365,#1366,#1367,#1368,#1369,
#1370,#1371,#1372));
#4237=EDGE_LOOP('',(#1373,#1374,#1375,#1376));
#4238=EDGE_LOOP('',(#1377,#1378,#1379,#1380));
#4239=EDGE_LOOP('',(#1381,#1382,#1383,#1384));
#4240=EDGE_LOOP('',(#1385,#1386,#1387,#1388));
#4241=EDGE_LOOP('',(#1389,#1390,#1391,#1392));
#4242=EDGE_LOOP('',(#1393,#1394,#1395,#1396,#1397,#1398,#1399));
#4243=EDGE_LOOP('',(#1400,#1401,#1402,#1403));
#4244=EDGE_LOOP('',(#1404,#1405,#1406,#1407,#1408,#1409,#1410,#1411,#1412,
#1413,#1414,#1415,#1416,#1417,#1418,#1419,#1420,#1421,#1422,#1423,#1424,
#1425,#1426,#1427));
#4245=EDGE_LOOP('',(#1428,#1429,#1430,#1431));
#4246=EDGE_LOOP('',(#1432,#1433,#1434,#1435));
#4247=EDGE_LOOP('',(#1436,#1437,#1438,#1439));
#4248=EDGE_LOOP('',(#1440,#1441,#1442,#1443));
#4249=EDGE_LOOP('',(#1444,#1445,#1446,#1447));
#4250=EDGE_LOOP('',(#1448,#1449,#1450,#1451));
#4251=EDGE_LOOP('',(#1452,#1453,#1454,#1455));
#4252=EDGE_LOOP('',(#1456,#1457,#1458,#1459));
#4253=EDGE_LOOP('',(#1460,#1461,#1462,#1463));
#4254=EDGE_LOOP('',(#1464,#1465,#1466,#1467,#1468,#1469,#1470,#1471,#1472,
#1473,#1474,#1475,#1476,#1477,#1478,#1479,#1480,#1481,#1482,#1483,#1484,
#1485,#1486,#1487));
#4255=EDGE_LOOP('',(#1488,#1489,#1490,#1491));
#4256=EDGE_LOOP('',(#1492,#1493,#1494,#1495,#1496,#1497,#1498,#1499,#1500,
#1501,#1502,#1503));
#4257=EDGE_LOOP('',(#1504,#1505,#1506,#1507));
#4258=EDGE_LOOP('',(#1508));
#4259=EDGE_LOOP('',(#1509,#1510,#1511,#1512,#1513,#1514,#1515,#1516,#1517,
#1518,#1519,#1520,#1521,#1522,#1523,#1524));
#4260=EDGE_LOOP('',(#1525));
#4261=EDGE_LOOP('',(#1526));
#4262=EDGE_LOOP('',(#1527));
#4263=EDGE_LOOP('',(#1528));
#4264=EDGE_LOOP('',(#1529));
#4265=EDGE_LOOP('',(#1530,#1531,#1532,#1533,#1534,#1535,#1536,#1537,#1538,
#1539,#1540,#1541));
#4266=EDGE_LOOP('',(#1542,#1543,#1544,#1545,#1546));
#4267=EDGE_LOOP('',(#1547,#1548));
#4268=EDGE_LOOP('',(#1549,#1550));
#4269=EDGE_LOOP('',(#1551,#1552,#1553,#1554));
#4270=EDGE_LOOP('',(#1555,#1556,#1557,#1558));
#4271=EDGE_LOOP('',(#1559,#1560,#1561,#1562));
#4272=EDGE_LOOP('',(#1563,#1564,#1565,#1566));
#4273=EDGE_LOOP('',(#1567,#1568));
#4274=EDGE_LOOP('',(#1569,#1570));
#4275=EDGE_LOOP('',(#1571,#1572));
#4276=EDGE_LOOP('',(#1573,#1574));
#4277=EDGE_LOOP('',(#1575,#1576,#1577,#1578));
#4278=EDGE_LOOP('',(#1579,#1580,#1581,#1582));
#4279=EDGE_LOOP('',(#1583,#1584,#1585,#1586));
#4280=EDGE_LOOP('',(#1587,#1588,#1589,#1590));
#4281=EDGE_LOOP('',(#1591,#1592));
#4282=EDGE_LOOP('',(#1593,#1594));
#4283=EDGE_LOOP('',(#1595));
#4284=EDGE_LOOP('',(#1596));
#4285=EDGE_LOOP('',(#1597));
#4286=EDGE_LOOP('',(#1598));
#4287=EDGE_LOOP('',(#1599));
#4288=EDGE_LOOP('',(#1600,#1601,#1602,#1603));
#4289=EDGE_LOOP('',(#1604,#1605,#1606,#1607));
#4290=EDGE_LOOP('',(#1608,#1609,#1610,#1611));
#4291=EDGE_LOOP('',(#1612,#1613,#1614,#1615));
#4292=EDGE_LOOP('',(#1616));
#4293=EDGE_LOOP('',(#1617));
#4294=EDGE_LOOP('',(#1618));
#4295=EDGE_LOOP('',(#1619));
#4296=EDGE_LOOP('',(#1620));
#4297=EDGE_LOOP('',(#1621));
#4298=EDGE_LOOP('',(#1622,#1623,#1624,#1625));
#4299=EDGE_LOOP('',(#1626,#1627,#1628,#1629));
#4300=EDGE_LOOP('',(#1630,#1631,#1632,#1633));
#4301=EDGE_LOOP('',(#1634,#1635,#1636,#1637));
#4302=EDGE_LOOP('',(#1638,#1639,#1640,#1641));
#4303=EDGE_LOOP('',(#1642,#1643,#1644,#1645));
#4304=EDGE_LOOP('',(#1646,#1647,#1648,#1649));
#4305=EDGE_LOOP('',(#1650,#1651,#1652,#1653));
#4306=EDGE_LOOP('',(#1654,#1655,#1656,#1657));
#4307=EDGE_LOOP('',(#1658,#1659,#1660,#1661));
#4308=EDGE_LOOP('',(#1662,#1663,#1664,#1665));
#4309=EDGE_LOOP('',(#1666,#1667,#1668,#1669));
#4310=EDGE_LOOP('',(#1670,#1671,#1672,#1673));
#4311=EDGE_LOOP('',(#1674,#1675,#1676,#1677));
#4312=EDGE_LOOP('',(#1678,#1679,#1680,#1681));
#4313=EDGE_LOOP('',(#1682,#1683,#1684,#1685));
#4314=EDGE_LOOP('',(#1686,#1687,#1688,#1689));
#4315=EDGE_LOOP('',(#1690,#1691,#1692,#1693));
#4316=EDGE_LOOP('',(#1694,#1695,#1696,#1697));
#4317=EDGE_LOOP('',(#1698,#1699,#1700,#1701));
#4318=EDGE_LOOP('',(#1702));
#4319=EDGE_LOOP('',(#1703));
#4320=EDGE_LOOP('',(#1704));
#4321=EDGE_LOOP('',(#1705));
#4322=EDGE_LOOP('',(#1706));
#4323=EDGE_LOOP('',(#1707));
#4324=EDGE_LOOP('',(#1708));
#4325=FACE_BOUND('',#4015,.T.);
#4326=FACE_BOUND('',#4016,.T.);
#4327=FACE_BOUND('',#4017,.T.);
#4328=FACE_BOUND('',#4018,.T.);
#4329=FACE_BOUND('',#4019,.T.);
#4330=FACE_BOUND('',#4020,.T.);
#4331=FACE_BOUND('',#4021,.T.);
#4332=FACE_BOUND('',#4022,.T.);
#4333=FACE_BOUND('',#4023,.T.);
#4334=FACE_BOUND('',#4024,.T.);
#4335=FACE_BOUND('',#4025,.T.);
#4336=FACE_BOUND('',#4026,.T.);
#4337=FACE_BOUND('',#4027,.T.);
#4338=FACE_BOUND('',#4028,.T.);
#4339=FACE_BOUND('',#4029,.T.);
#4340=FACE_BOUND('',#4030,.T.);
#4341=FACE_BOUND('',#4031,.T.);
#4342=FACE_BOUND('',#4032,.T.);
#4343=FACE_BOUND('',#4033,.T.);
#4344=FACE_BOUND('',#4034,.T.);
#4345=FACE_BOUND('',#4035,.T.);
#4346=FACE_BOUND('',#4036,.T.);
#4347=FACE_BOUND('',#4037,.T.);
#4348=FACE_BOUND('',#4038,.T.);
#4349=FACE_BOUND('',#4039,.T.);
#4350=FACE_BOUND('',#4040,.T.);
#4351=FACE_BOUND('',#4041,.T.);
#4352=FACE_BOUND('',#4042,.T.);
#4353=FACE_BOUND('',#4043,.T.);
#4354=FACE_BOUND('',#4044,.T.);
#4355=FACE_BOUND('',#4045,.T.);
#4356=FACE_BOUND('',#4046,.T.);
#4357=FACE_BOUND('',#4047,.T.);
#4358=FACE_BOUND('',#4048,.T.);
#4359=FACE_BOUND('',#4049,.T.);
#4360=FACE_BOUND('',#4050,.T.);
#4361=FACE_BOUND('',#4051,.T.);
#4362=FACE_BOUND('',#4052,.T.);
#4363=FACE_BOUND('',#4053,.T.);
#4364=FACE_BOUND('',#4054,.T.);
#4365=FACE_BOUND('',#4055,.T.);
#4366=FACE_BOUND('',#4056,.T.);
#4367=FACE_BOUND('',#4057,.T.);
#4368=FACE_BOUND('',#4058,.T.);
#4369=FACE_BOUND('',#4059,.T.);
#4370=FACE_BOUND('',#4060,.T.);
#4371=FACE_BOUND('',#4061,.T.);
#4372=FACE_BOUND('',#4062,.T.);
#4373=FACE_BOUND('',#4063,.T.);
#4374=FACE_BOUND('',#4064,.T.);
#4375=FACE_BOUND('',#4065,.T.);
#4376=FACE_BOUND('',#4066,.T.);
#4377=FACE_BOUND('',#4067,.T.);
#4378=FACE_BOUND('',#4068,.T.);
#4379=FACE_BOUND('',#4069,.T.);
#4380=FACE_BOUND('',#4070,.T.);
#4381=FACE_BOUND('',#4071,.T.);
#4382=FACE_BOUND('',#4072,.T.);
#4383=FACE_BOUND('',#4073,.T.);
#4384=FACE_BOUND('',#4074,.T.);
#4385=FACE_BOUND('',#4075,.T.);
#4386=FACE_BOUND('',#4076,.T.);
#4387=FACE_BOUND('',#4077,.T.);
#4388=FACE_BOUND('',#4078,.T.);
#4389=FACE_BOUND('',#4079,.T.);
#4390=FACE_BOUND('',#4080,.T.);
#4391=FACE_BOUND('',#4081,.T.);
#4392=FACE_BOUND('',#4082,.T.);
#4393=FACE_BOUND('',#4083,.T.);
#4394=FACE_BOUND('',#4084,.T.);
#4395=FACE_BOUND('',#4085,.T.);
#4396=FACE_BOUND('',#4086,.T.);
#4397=FACE_BOUND('',#4087,.T.);
#4398=FACE_BOUND('',#4088,.T.);
#4399=FACE_BOUND('',#4089,.T.);
#4400=FACE_BOUND('',#4090,.T.);
#4401=FACE_BOUND('',#4091,.T.);
#4402=FACE_BOUND('',#4092,.T.);
#4403=FACE_BOUND('',#4093,.T.);
#4404=FACE_BOUND('',#4094,.T.);
#4405=FACE_BOUND('',#4095,.T.);
#4406=FACE_BOUND('',#4096,.T.);
#4407=FACE_BOUND('',#4097,.T.);
#4408=FACE_BOUND('',#4098,.T.);
#4409=FACE_BOUND('',#4099,.T.);
#4410=FACE_BOUND('',#4100,.T.);
#4411=FACE_BOUND('',#4101,.T.);
#4412=FACE_BOUND('',#4102,.T.);
#4413=FACE_BOUND('',#4103,.T.);
#4414=FACE_BOUND('',#4104,.T.);
#4415=FACE_BOUND('',#4105,.T.);
#4416=FACE_BOUND('',#4106,.T.);
#4417=FACE_BOUND('',#4107,.T.);
#4418=FACE_BOUND('',#4108,.T.);
#4419=FACE_BOUND('',#4109,.T.);
#4420=FACE_BOUND('',#4110,.T.);
#4421=FACE_BOUND('',#4111,.T.);
#4422=FACE_BOUND('',#4112,.T.);
#4423=FACE_BOUND('',#4113,.T.);
#4424=FACE_BOUND('',#4114,.T.);
#4425=FACE_BOUND('',#4115,.T.);
#4426=FACE_BOUND('',#4116,.T.);
#4427=FACE_BOUND('',#4117,.T.);
#4428=FACE_BOUND('',#4118,.T.);
#4429=FACE_BOUND('',#4119,.T.);
#4430=FACE_BOUND('',#4120,.T.);
#4431=FACE_BOUND('',#4121,.T.);
#4432=FACE_BOUND('',#4122,.T.);
#4433=FACE_BOUND('',#4123,.T.);
#4434=FACE_BOUND('',#4124,.T.);
#4435=FACE_BOUND('',#4125,.T.);
#4436=FACE_BOUND('',#4126,.T.);
#4437=FACE_BOUND('',#4127,.T.);
#4438=FACE_BOUND('',#4128,.T.);
#4439=FACE_BOUND('',#4129,.T.);
#4440=FACE_BOUND('',#4130,.T.);
#4441=FACE_BOUND('',#4131,.T.);
#4442=FACE_BOUND('',#4132,.T.);
#4443=FACE_BOUND('',#4133,.T.);
#4444=FACE_BOUND('',#4134,.T.);
#4445=FACE_BOUND('',#4135,.T.);
#4446=FACE_BOUND('',#4136,.T.);
#4447=FACE_BOUND('',#4137,.T.);
#4448=FACE_BOUND('',#4138,.T.);
#4449=FACE_BOUND('',#4139,.T.);
#4450=FACE_BOUND('',#4140,.T.);
#4451=FACE_BOUND('',#4141,.T.);
#4452=FACE_BOUND('',#4142,.T.);
#4453=FACE_BOUND('',#4143,.T.);
#4454=FACE_BOUND('',#4144,.T.);
#4455=FACE_BOUND('',#4145,.T.);
#4456=FACE_BOUND('',#4146,.T.);
#4457=FACE_BOUND('',#4147,.T.);
#4458=FACE_BOUND('',#4148,.T.);
#4459=FACE_BOUND('',#4149,.T.);
#4460=FACE_BOUND('',#4150,.T.);
#4461=FACE_BOUND('',#4151,.T.);
#4462=FACE_BOUND('',#4152,.T.);
#4463=FACE_BOUND('',#4153,.T.);
#4464=FACE_BOUND('',#4154,.T.);
#4465=FACE_BOUND('',#4155,.T.);
#4466=FACE_BOUND('',#31,.T.);
#4467=FACE_BOUND('',#4156,.T.);
#4468=FACE_BOUND('',#32,.T.);
#4469=FACE_BOUND('',#4157,.T.);
#4470=FACE_BOUND('',#33,.T.);
#4471=FACE_BOUND('',#4158,.T.);
#4472=FACE_BOUND('',#34,.T.);
#4473=FACE_BOUND('',#4159,.T.);
#4474=FACE_BOUND('',#4160,.T.);
#4475=FACE_BOUND('',#4161,.T.);
#4476=FACE_BOUND('',#4162,.T.);
#4477=FACE_BOUND('',#4163,.T.);
#4478=FACE_BOUND('',#4164,.T.);
#4479=FACE_BOUND('',#4165,.T.);
#4480=FACE_BOUND('',#4166,.T.);
#4481=FACE_BOUND('',#4167,.T.);
#4482=FACE_BOUND('',#4168,.T.);
#4483=FACE_BOUND('',#4169,.T.);
#4484=FACE_BOUND('',#4170,.T.);
#4485=FACE_BOUND('',#4171,.T.);
#4486=FACE_BOUND('',#4172,.T.);
#4487=FACE_BOUND('',#4173,.T.);
#4488=FACE_BOUND('',#4174,.T.);
#4489=FACE_BOUND('',#4175,.T.);
#4490=FACE_BOUND('',#4176,.T.);
#4491=FACE_BOUND('',#4177,.T.);
#4492=FACE_BOUND('',#4178,.T.);
#4493=FACE_BOUND('',#4179,.T.);
#4494=FACE_BOUND('',#4180,.T.);
#4495=FACE_BOUND('',#4181,.T.);
#4496=FACE_BOUND('',#4182,.T.);
#4497=FACE_BOUND('',#4183,.T.);
#4498=FACE_BOUND('',#4184,.T.);
#4499=FACE_BOUND('',#4185,.T.);
#4500=FACE_BOUND('',#4186,.T.);
#4501=FACE_BOUND('',#4187,.T.);
#4502=FACE_BOUND('',#4188,.T.);
#4503=FACE_BOUND('',#4189,.T.);
#4504=FACE_BOUND('',#4190,.T.);
#4505=FACE_BOUND('',#4191,.T.);
#4506=FACE_BOUND('',#4192,.T.);
#4507=FACE_BOUND('',#4193,.T.);
#4508=FACE_BOUND('',#4194,.T.);
#4509=FACE_BOUND('',#4195,.T.);
#4510=FACE_BOUND('',#4196,.T.);
#4511=FACE_BOUND('',#4197,.T.);
#4512=FACE_BOUND('',#4198,.T.);
#4513=FACE_BOUND('',#4199,.T.);
#4514=FACE_BOUND('',#4200,.T.);
#4515=FACE_BOUND('',#4201,.T.);
#4516=FACE_BOUND('',#4202,.T.);
#4517=FACE_BOUND('',#4203,.T.);
#4518=FACE_BOUND('',#4204,.T.);
#4519=FACE_BOUND('',#4205,.T.);
#4520=FACE_BOUND('',#4206,.T.);
#4521=FACE_BOUND('',#4207,.T.);
#4522=FACE_BOUND('',#4208,.T.);
#4523=FACE_BOUND('',#4209,.T.);
#4524=FACE_BOUND('',#4210,.T.);
#4525=FACE_BOUND('',#4211,.T.);
#4526=FACE_BOUND('',#4212,.T.);
#4527=FACE_BOUND('',#4213,.T.);
#4528=FACE_BOUND('',#4214,.T.);
#4529=FACE_BOUND('',#4215,.T.);
#4530=FACE_BOUND('',#4216,.T.);
#4531=FACE_BOUND('',#4217,.T.);
#4532=FACE_BOUND('',#4218,.T.);
#4533=FACE_BOUND('',#4219,.T.);
#4534=FACE_BOUND('',#4220,.T.);
#4535=FACE_BOUND('',#4221,.T.);
#4536=FACE_BOUND('',#4222,.T.);
#4537=FACE_BOUND('',#4223,.T.);
#4538=FACE_BOUND('',#4224,.T.);
#4539=FACE_BOUND('',#4225,.T.);
#4540=FACE_BOUND('',#4226,.T.);
#4541=FACE_BOUND('',#4227,.T.);
#4542=FACE_BOUND('',#4228,.T.);
#4543=FACE_BOUND('',#4229,.T.);
#4544=FACE_BOUND('',#4230,.T.);
#4545=FACE_BOUND('',#4231,.T.);
#4546=FACE_BOUND('',#4232,.T.);
#4547=FACE_BOUND('',#4233,.T.);
#4548=FACE_BOUND('',#4234,.T.);
#4549=FACE_BOUND('',#4235,.T.);
#4550=FACE_BOUND('',#4236,.T.);
#4551=FACE_BOUND('',#4237,.T.);
#4552=FACE_BOUND('',#4238,.T.);
#4553=FACE_BOUND('',#4239,.T.);
#4554=FACE_BOUND('',#4240,.T.);
#4555=FACE_BOUND('',#4241,.T.);
#4556=FACE_BOUND('',#4242,.T.);
#4557=FACE_BOUND('',#4243,.T.);
#4558=FACE_BOUND('',#4244,.T.);
#4559=FACE_BOUND('',#4245,.T.);
#4560=FACE_BOUND('',#4246,.T.);
#4561=FACE_BOUND('',#4247,.T.);
#4562=FACE_BOUND('',#4248,.T.);
#4563=FACE_BOUND('',#4249,.T.);
#4564=FACE_BOUND('',#4250,.T.);
#4565=FACE_BOUND('',#4251,.T.);
#4566=FACE_BOUND('',#4252,.T.);
#4567=FACE_BOUND('',#4253,.T.);
#4568=FACE_BOUND('',#4254,.T.);
#4569=FACE_BOUND('',#4255,.T.);
#4570=FACE_BOUND('',#4256,.T.);
#4571=FACE_BOUND('',#4257,.T.);
#4572=FACE_BOUND('',#4258,.T.);
#4573=FACE_BOUND('',#4259,.T.);
#4574=FACE_BOUND('',#4260,.T.);
#4575=FACE_BOUND('',#4261,.T.);
#4576=FACE_BOUND('',#4262,.T.);
#4577=FACE_BOUND('',#4263,.T.);
#4578=FACE_BOUND('',#4264,.T.);
#4579=FACE_BOUND('',#4265,.T.);
#4580=FACE_BOUND('',#4266,.T.);
#4581=FACE_BOUND('',#4267,.T.);
#4582=FACE_BOUND('',#4268,.T.);
#4583=FACE_BOUND('',#4269,.T.);
#4584=FACE_BOUND('',#4270,.T.);
#4585=FACE_BOUND('',#4271,.T.);
#4586=FACE_BOUND('',#4272,.T.);
#4587=FACE_BOUND('',#4273,.T.);
#4588=FACE_BOUND('',#4274,.T.);
#4589=FACE_BOUND('',#4275,.T.);
#4590=FACE_BOUND('',#4276,.T.);
#4591=FACE_BOUND('',#4277,.T.);
#4592=FACE_BOUND('',#4278,.T.);
#4593=FACE_BOUND('',#4279,.T.);
#4594=FACE_BOUND('',#4280,.T.);
#4595=FACE_BOUND('',#4281,.T.);
#4596=FACE_BOUND('',#4282,.T.);
#4597=FACE_BOUND('',#4283,.T.);
#4598=FACE_BOUND('',#4284,.T.);
#4599=FACE_BOUND('',#4285,.T.);
#4600=FACE_BOUND('',#4286,.T.);
#4601=FACE_BOUND('',#4287,.T.);
#4602=FACE_BOUND('',#4288,.T.);
#4603=FACE_BOUND('',#4289,.T.);
#4604=FACE_BOUND('',#4290,.T.);
#4605=FACE_BOUND('',#4291,.T.);
#4606=FACE_BOUND('',#4292,.T.);
#4607=FACE_BOUND('',#4293,.T.);
#4608=FACE_BOUND('',#4294,.T.);
#4609=FACE_BOUND('',#4295,.T.);
#4610=FACE_BOUND('',#4296,.T.);
#4611=FACE_BOUND('',#4297,.T.);
#4612=FACE_BOUND('',#4298,.T.);
#4613=FACE_BOUND('',#4299,.T.);
#4614=FACE_BOUND('',#4300,.T.);
#4615=FACE_BOUND('',#4301,.T.);
#4616=FACE_BOUND('',#4302,.T.);
#4617=FACE_BOUND('',#4303,.T.);
#4618=FACE_BOUND('',#4304,.T.);
#4619=FACE_BOUND('',#4305,.T.);
#4620=FACE_BOUND('',#4306,.T.);
#4621=FACE_BOUND('',#4307,.T.);
#4622=FACE_BOUND('',#4308,.T.);
#4623=FACE_BOUND('',#4309,.T.);
#4624=FACE_BOUND('',#4310,.T.);
#4625=FACE_BOUND('',#4311,.T.);
#4626=FACE_BOUND('',#4312,.T.);
#4627=FACE_BOUND('',#4313,.T.);
#4628=FACE_BOUND('',#4314,.T.);
#4629=FACE_BOUND('',#4315,.T.);
#4630=FACE_BOUND('',#4316,.T.);
#4631=FACE_BOUND('',#4317,.T.);
#4632=FACE_BOUND('',#4318,.T.);
#4633=FACE_BOUND('',#4319,.T.);
#4634=FACE_BOUND('',#4320,.T.);
#4635=FACE_BOUND('',#4321,.T.);
#4636=FACE_BOUND('',#4322,.T.);
#4637=FACE_BOUND('',#4323,.T.);
#4638=FACE_BOUND('',#4324,.T.);
#4639=PLANE('',#5422);
#4640=PLANE('',#5423);
#4641=PLANE('',#5424);
#4642=PLANE('',#5425);
#4643=PLANE('',#5426);
#4644=PLANE('',#5427);
#4645=PLANE('',#5430);
#4646=PLANE('',#5431);
#4647=PLANE('',#5432);
#4648=PLANE('',#5433);
#4649=PLANE('',#5437);
#4650=PLANE('',#5438);
#4651=PLANE('',#5442);
#4652=PLANE('',#5443);
#4653=PLANE('',#5447);
#4654=PLANE('',#5448);
#4655=PLANE('',#5452);
#4656=PLANE('',#5453);
#4657=PLANE('',#5454);
#4658=PLANE('',#5455);
#4659=PLANE('',#5456);
#4660=PLANE('',#5457);
#4661=PLANE('',#5458);
#4662=PLANE('',#5459);
#4663=PLANE('',#5460);
#4664=PLANE('',#5461);
#4665=PLANE('',#5462);
#4666=PLANE('',#5463);
#4667=PLANE('',#5464);
#4668=PLANE('',#5465);
#4669=PLANE('',#5466);
#4670=PLANE('',#5467);
#4671=PLANE('',#5468);
#4672=PLANE('',#5469);
#4673=PLANE('',#5470);
#4674=PLANE('',#5471);
#4675=PLANE('',#5472);
#4676=PLANE('',#5473);
#4677=PLANE('',#5474);
#4678=PLANE('',#5475);
#4679=PLANE('',#5476);
#4680=PLANE('',#5477);
#4681=PLANE('',#5478);
#4682=PLANE('',#5479);
#4683=PLANE('',#5480);
#4684=PLANE('',#5481);
#4685=PLANE('',#5482);
#4686=PLANE('',#5483);
#4687=PLANE('',#5484);
#4688=PLANE('',#5485);
#4689=PLANE('',#5486);
#4690=PLANE('',#5487);
#4691=PLANE('',#5488);
#4692=PLANE('',#5489);
#4693=PLANE('',#5490);
#4694=PLANE('',#5491);
#4695=PLANE('',#5492);
#4696=PLANE('',#5493);
#4697=PLANE('',#5494);
#4698=PLANE('',#5495);
#4699=PLANE('',#5496);
#4700=PLANE('',#5497);
#4701=PLANE('',#5500);
#4702=PLANE('',#5503);
#4703=PLANE('',#5504);
#4704=PLANE('',#5505);
#4705=PLANE('',#5506);
#4706=PLANE('',#5509);
#4707=PLANE('',#5510);
#4708=PLANE('',#5511);
#4709=PLANE('',#5520);
#4710=PLANE('',#5529);
#4711=PLANE('',#5533);
#4712=PLANE('',#5542);
#4713=PLANE('',#5543);
#4714=PLANE('',#5544);
#4715=PLANE('',#5555);
#4716=PLANE('',#5564);
#4717=PLANE('',#5565);
#4718=PLANE('',#5566);
#4719=PLANE('',#5583);
#4720=PLANE('',#5586);
#4721=PLANE('',#5587);
#4722=PLANE('',#5588);
#4723=PLANE('',#5589);
#4724=PLANE('',#5590);
#4725=PLANE('',#5591);
#4726=PLANE('',#5592);
#4727=PLANE('',#5593);
#4728=PLANE('',#5594);
#4729=PLANE('',#5595);
#4730=PLANE('',#5596);
#4731=PLANE('',#5605);
#4732=PLANE('',#5606);
#4733=PLANE('',#5607);
#4734=PLANE('',#5608);
#4735=PLANE('',#5609);
#4736=PLANE('',#5610);
#4737=PLANE('',#5611);
#4738=PLANE('',#5612);
#4739=PLANE('',#5613);
#4740=PLANE('',#5617);
#4741=PLANE('',#5618);
#4742=PLANE('',#5619);
#4743=PLANE('',#5620);
#4744=PLANE('',#5624);
#4745=PLANE('',#5625);
#4746=PLANE('',#5626);
#4747=PLANE('',#5627);
#4748=PLANE('',#5628);
#4749=PLANE('',#5635);
#4750=PLANE('',#5636);
#4751=PLANE('',#5637);
#4752=PLANE('',#5643);
#4753=PLANE('',#5645);
#4754=PLANE('',#5648);
#4755=PLANE('',#5650);
#4756=PLANE('',#5652);
#4757=PLANE('',#5653);
#4758=PLANE('',#5656);
#4759=PLANE('',#5660);
#4760=PLANE('',#5661);
#4761=PLANE('',#5664);
#4762=PLANE('',#5666);
#4763=PLANE('',#5674);
#4764=PLANE('',#5675);
#4765=PLANE('',#5676);
#4766=PLANE('',#5677);
#4767=PLANE('',#5678);
#4768=PLANE('',#5682);
#4769=PLANE('',#5683);
#4770=PLANE('',#5684);
#4771=PLANE('',#5685);
#4772=PLANE('',#5687);
#4773=PLANE('',#5690);
#4774=PLANE('',#5691);
#4775=PLANE('',#5693);
#4776=PLANE('',#5694);
#4777=PLANE('',#5700);
#4778=PLANE('',#5703);
#4779=PLANE('',#5706);
#4780=PLANE('',#5707);
#4781=PLANE('',#5710);
#4782=PLANE('',#5713);
#4783=PLANE('',#5716);
#4784=PLANE('',#5718);
#4785=PLANE('',#5720);
#4786=PLANE('',#5723);
#4787=PLANE('',#5727);
#4788=PLANE('',#5735);
#4789=PLANE('',#5738);
#4790=PLANE('',#5741);
#4791=PLANE('',#5744);
#4792=PLANE('',#5746);
#4793=PLANE('',#5750);
#4794=PLANE('',#5753);
#4795=PLANE('',#5758);
#4796=PLANE('',#5759);
#4797=PLANE('',#5762);
#4798=PLANE('',#5763);
#4799=PLANE('',#5764);
#4800=PLANE('',#5765);
#4801=PLANE('',#5766);
#4802=PLANE('',#5767);
#4803=PLANE('',#5770);
#4804=PLANE('',#5781);
#4805=PLANE('',#5782);
#4806=PLANE('',#5783);
#4807=PLANE('',#5786);
#4808=PLANE('',#5797);
#4809=PLANE('',#5798);
#4810=PLANE('',#5806);
#4811=PLANE('',#5817);
#4812=PLANE('',#5821);
#4813=PLANE('',#5824);
#4814=PLANE('',#5826);
#4815=PLANE('',#5828);
#4816=PLANE('',#5831);
#4817=PLANE('',#5833);
#4818=PLANE('',#5835);
#4819=PLANE('',#5838);
#4820=PLANE('',#5840);
#4821=PLANE('',#5842);
#4822=PLANE('',#5845);
#4823=PLANE('',#5847);
#4824=PLANE('',#5849);
#4825=OVER_RIDING_STYLED_ITEM('',(#5155),#4866,#5152);
#4826=OVER_RIDING_STYLED_ITEM('',(#5156),#4867,#5152);
#4827=OVER_RIDING_STYLED_ITEM('',(#5157),#4868,#5152);
#4828=OVER_RIDING_STYLED_ITEM('',(#5158),#4869,#5152);
#4829=OVER_RIDING_STYLED_ITEM('',(#5159),#4870,#5152);
#4830=OVER_RIDING_STYLED_ITEM('',(#5160),#4887,#5152);
#4831=OVER_RIDING_STYLED_ITEM('',(#5161),#4888,#5152);
#4832=OVER_RIDING_STYLED_ITEM('',(#5162),#4889,#5152);
#4833=OVER_RIDING_STYLED_ITEM('',(#5163),#4890,#5152);
#4834=OVER_RIDING_STYLED_ITEM('',(#5164),#4891,#5152);
#4835=OVER_RIDING_STYLED_ITEM('',(#5165),#4892,#5152);
#4836=OVER_RIDING_STYLED_ITEM('',(#5166),#4893,#5152);
#4837=OVER_RIDING_STYLED_ITEM('',(#5167),#4894,#5152);
#4838=OVER_RIDING_STYLED_ITEM('',(#5168),#4895,#5152);
#4839=OVER_RIDING_STYLED_ITEM('',(#5169),#4896,#5152);
#4840=OVER_RIDING_STYLED_ITEM('',(#5170),#4897,#5152);
#4841=OVER_RIDING_STYLED_ITEM('',(#5171),#4898,#5152);
#4842=OVER_RIDING_STYLED_ITEM('',(#5172),#4899,#5152);
#4843=OVER_RIDING_STYLED_ITEM('',(#5173),#4900,#5152);
#4844=OVER_RIDING_STYLED_ITEM('',(#5174),#4901,#5152);
#4845=OVER_RIDING_STYLED_ITEM('',(#5175),#4902,#5152);
#4846=OVER_RIDING_STYLED_ITEM('',(#5176),#4903,#5152);
#4847=OVER_RIDING_STYLED_ITEM('',(#5177),#4904,#5152);
#4848=OVER_RIDING_STYLED_ITEM('',(#5178),#4905,#5152);
#4849=OVER_RIDING_STYLED_ITEM('',(#5179),#4906,#5152);
#4850=OVER_RIDING_STYLED_ITEM('',(#5180),#4907,#5152);
#4851=OVER_RIDING_STYLED_ITEM('',(#5181),#4908,#5152);
#4852=OVER_RIDING_STYLED_ITEM('',(#5182),#4909,#5152);
#4853=OVER_RIDING_STYLED_ITEM('',(#5183),#4910,#5152);
#4854=OVER_RIDING_STYLED_ITEM('',(#5184),#4911,#5152);
#4855=OVER_RIDING_STYLED_ITEM('',(#5185),#4912,#5152);
#4856=OVER_RIDING_STYLED_ITEM('',(#5186),#4913,#5152);
#4857=OVER_RIDING_STYLED_ITEM('',(#5187),#4914,#5152);
#4858=OVER_RIDING_STYLED_ITEM('',(#5188),#4915,#5152);
#4859=OVER_RIDING_STYLED_ITEM('',(#5189),#4916,#5152);
#4860=OVER_RIDING_STYLED_ITEM('',(#5190),#4917,#5152);
#4861=OVER_RIDING_STYLED_ITEM('',(#5191),#4996,#5152);
#4862=OVER_RIDING_STYLED_ITEM('',(#5192),#4997,#5152);
#4863=OVER_RIDING_STYLED_ITEM('',(#5193),#4998,#5152);
#4864=OVER_RIDING_STYLED_ITEM('',(#5194),#4999,#5152);
#4865=OVER_RIDING_STYLED_ITEM('',(#5195),#5000,#5152);
#4866=ADVANCED_FACE('',(#4325),#4639,.F.);
#4867=ADVANCED_FACE('',(#4326),#4640,.T.);
#4868=ADVANCED_FACE('',(#4327,#4328,#4329),#4641,.T.);
#4869=ADVANCED_FACE('',(#4330),#4642,.T.);
#4870=ADVANCED_FACE('',(#4331,#4332,#4333),#4643,.T.);
#4871=ADVANCED_FACE('',(#4334),#4644,.F.);
#4872=ADVANCED_FACE('',(#4335),#4645,.F.);
#4873=ADVANCED_FACE('',(#4336),#4646,.F.);
#4874=ADVANCED_FACE('',(#4337),#4647,.F.);
#4875=ADVANCED_FACE('',(#4338),#4648,.T.);
#4876=ADVANCED_FACE('',(#4339),#75,.F.);
#4877=ADVANCED_FACE('',(#4340),#4649,.T.);
#4878=ADVANCED_FACE('',(#4341),#4650,.T.);
#4879=ADVANCED_FACE('',(#4342),#76,.F.);
#4880=ADVANCED_FACE('',(#4343),#4651,.T.);
#4881=ADVANCED_FACE('',(#4344),#4652,.T.);
#4882=ADVANCED_FACE('',(#4345),#77,.F.);
#4883=ADVANCED_FACE('',(#4346),#4653,.T.);
#4884=ADVANCED_FACE('',(#4347),#4654,.T.);
#4885=ADVANCED_FACE('',(#4348),#78,.F.);
#4886=ADVANCED_FACE('',(#4349),#4655,.T.);
#4887=ADVANCED_FACE('',(#4350),#4656,.F.);
#4888=ADVANCED_FACE('',(#4351),#4657,.F.);
#4889=ADVANCED_FACE('',(#4352),#4658,.F.);
#4890=ADVANCED_FACE('',(#4353),#4659,.T.);
#4891=ADVANCED_FACE('',(#4354),#4660,.T.);
#4892=ADVANCED_FACE('',(#4355),#4661,.T.);
#4893=ADVANCED_FACE('',(#4356),#4662,.T.);
#4894=ADVANCED_FACE('',(#4357),#4663,.F.);
#4895=ADVANCED_FACE('',(#4358),#4664,.T.);
#4896=ADVANCED_FACE('',(#4359),#4665,.T.);
#4897=ADVANCED_FACE('',(#4360),#4666,.T.);
#4898=ADVANCED_FACE('',(#4361),#4667,.T.);
#4899=ADVANCED_FACE('',(#4362),#4668,.T.);
#4900=ADVANCED_FACE('',(#4363),#4669,.T.);
#4901=ADVANCED_FACE('',(#4364),#4670,.T.);
#4902=ADVANCED_FACE('',(#4365),#4671,.F.);
#4903=ADVANCED_FACE('',(#4366),#4672,.F.);
#4904=ADVANCED_FACE('',(#4367),#4673,.T.);
#4905=ADVANCED_FACE('',(#4368),#4674,.F.);
#4906=ADVANCED_FACE('',(#4369),#4675,.F.);
#4907=ADVANCED_FACE('',(#4370),#4676,.F.);
#4908=ADVANCED_FACE('',(#4371),#4677,.F.);
#4909=ADVANCED_FACE('',(#4372),#4678,.F.);
#4910=ADVANCED_FACE('',(#4373),#4679,.F.);
#4911=ADVANCED_FACE('',(#4374),#4680,.F.);
#4912=ADVANCED_FACE('',(#4375),#4681,.F.);
#4913=ADVANCED_FACE('',(#4376),#4682,.F.);
#4914=ADVANCED_FACE('',(#4377),#4683,.F.);
#4915=ADVANCED_FACE('',(#4378),#4684,.F.);
#4916=ADVANCED_FACE('',(#4379),#4685,.F.);
#4917=ADVANCED_FACE('',(#4380),#4686,.F.);
#4918=ADVANCED_FACE('',(#4381),#4687,.T.);
#4919=ADVANCED_FACE('',(#4382),#4688,.F.);
#4920=ADVANCED_FACE('',(#4383),#4689,.T.);
#4921=ADVANCED_FACE('',(#4384),#4690,.T.);
#4922=ADVANCED_FACE('',(#4385),#4691,.T.);
#4923=ADVANCED_FACE('',(#4386),#4692,.T.);
#4924=ADVANCED_FACE('',(#4387),#4693,.F.);
#4925=ADVANCED_FACE('',(#4388),#4694,.T.);
#4926=ADVANCED_FACE('',(#4389),#4695,.T.);
#4927=ADVANCED_FACE('',(#4390),#4696,.T.);
#4928=ADVANCED_FACE('',(#4391),#4697,.T.);
#4929=ADVANCED_FACE('',(#4392),#4698,.F.);
#4930=ADVANCED_FACE('',(#4393),#4699,.T.);
#4931=ADVANCED_FACE('',(#4394,#4395,#4396),#4700,.T.);
#4932=ADVANCED_FACE('',(#4397),#4701,.T.);
#4933=ADVANCED_FACE('',(#4398),#79,.T.);
#4934=ADVANCED_FACE('',(#4399),#4702,.T.);
#4935=ADVANCED_FACE('',(#4400),#4703,.T.);
#4936=ADVANCED_FACE('',(#4401),#4704,.T.);
#4937=ADVANCED_FACE('',(#4402),#4705,.T.);
#4938=ADVANCED_FACE('',(#4403),#4706,.T.);
#4939=ADVANCED_FACE('',(#4404),#4707,.T.);
#4940=ADVANCED_FACE('',(#4405,#4406),#4708,.T.);
#4941=ADVANCED_FACE('',(#4407),#80,.F.);
#4942=ADVANCED_FACE('',(#4408),#81,.F.);
#4943=ADVANCED_FACE('',(#4409),#82,.F.);
#4944=ADVANCED_FACE('',(#4410),#83,.F.);
#4945=ADVANCED_FACE('',(#4411),#4709,.F.);
#4946=ADVANCED_FACE('',(#4412),#84,.T.);
#4947=ADVANCED_FACE('',(#4413),#85,.T.);
#4948=ADVANCED_FACE('',(#4414),#86,.T.);
#4949=ADVANCED_FACE('',(#4415),#87,.T.);
#4950=ADVANCED_FACE('',(#4416),#4710,.F.);
#4951=ADVANCED_FACE('',(#4417,#4418),#44,.T.);
#4952=ADVANCED_FACE('',(#4419),#4711,.F.);
#4953=ADVANCED_FACE('',(#4420),#88,.T.);
#4954=ADVANCED_FACE('',(#4421),#89,.T.);
#4955=ADVANCED_FACE('',(#4422),#90,.T.);
#4956=ADVANCED_FACE('',(#4423),#91,.T.);
#4957=ADVANCED_FACE('',(#4424),#4712,.T.);
#4958=ADVANCED_FACE('',(#4425),#4713,.T.);
#4959=ADVANCED_FACE('',(#4426),#4714,.T.);
#4960=ADVANCED_FACE('',(#4427),#92,.T.);
#4961=ADVANCED_FACE('',(#4428),#93,.T.);
#4962=ADVANCED_FACE('',(#4429),#94,.T.);
#4963=ADVANCED_FACE('',(#4430),#95,.T.);
#4964=ADVANCED_FACE('',(#4431),#96,.T.);
#4965=ADVANCED_FACE('',(#4432),#97,.T.);
#4966=ADVANCED_FACE('',(#4433,#4434),#4715,.T.);
#4967=ADVANCED_FACE('',(#4435),#98,.F.);
#4968=ADVANCED_FACE('',(#4436),#99,.F.);
#4969=ADVANCED_FACE('',(#4437),#100,.F.);
#4970=ADVANCED_FACE('',(#4438),#101,.F.);
#4971=ADVANCED_FACE('',(#4439),#4716,.T.);
#4972=ADVANCED_FACE('',(#4440),#4717,.T.);
#4973=ADVANCED_FACE('',(#4441),#4718,.T.);
#4974=ADVANCED_FACE('',(#4442),#102,.T.);
#4975=ADVANCED_FACE('',(#4443),#103,.T.);
#4976=ADVANCED_FACE('',(#4444),#104,.T.);
#4977=ADVANCED_FACE('',(#4445),#45,.T.);
#4978=ADVANCED_FACE('',(#4446),#105,.T.);
#4979=ADVANCED_FACE('',(#4447),#106,.T.);
#4980=ADVANCED_FACE('',(#4448),#107,.T.);
#4981=ADVANCED_FACE('',(#4449),#46,.T.);
#4982=ADVANCED_FACE('',(#4450),#108,.T.);
#4983=ADVANCED_FACE('',(#4451,#4452),#4719,.T.);
#4984=ADVANCED_FACE('',(#4453,#4454),#47,.F.);
#4985=ADVANCED_FACE('',(#4455),#4720,.F.);
#4986=ADVANCED_FACE('',(#4456),#4721,.F.);
#4987=ADVANCED_FACE('',(#4457),#4722,.T.);
#4988=ADVANCED_FACE('',(#4458),#4723,.T.);
#4989=ADVANCED_FACE('',(#4459),#4724,.T.);
#4990=ADVANCED_FACE('',(#4460),#4725,.F.);
#4991=ADVANCED_FACE('',(#4461),#4726,.T.);
#4992=ADVANCED_FACE('',(#4462),#4727,.F.);
#4993=ADVANCED_FACE('',(#4463),#4728,.F.);
#4994=ADVANCED_FACE('',(#4464),#4729,.F.);
#4995=ADVANCED_FACE('',(#4465),#4730,.F.);
#4996=ADVANCED_FACE('',(#4466,#4467),#35,.F.);
#4997=ADVANCED_FACE('',(#4468,#4469),#36,.F.);
#4998=ADVANCED_FACE('',(#4470,#4471),#37,.F.);
#4999=ADVANCED_FACE('',(#4472,#4473),#38,.F.);
#5000=ADVANCED_FACE('',(#4474),#4731,.F.);
#5001=ADVANCED_FACE('',(#4475),#4732,.T.);
#5002=ADVANCED_FACE('',(#4476),#4733,.T.);
#5003=ADVANCED_FACE('',(#4477),#4734,.T.);
#5004=ADVANCED_FACE('',(#4478),#4735,.T.);
#5005=ADVANCED_FACE('',(#4479),#4736,.T.);
#5006=ADVANCED_FACE('',(#4480),#4737,.T.);
#5007=ADVANCED_FACE('',(#4481),#4738,.T.);
#5008=ADVANCED_FACE('',(#4482),#4739,.T.);
#5009=ADVANCED_FACE('',(#4483,#4484),#109,.F.);
#5010=ADVANCED_FACE('',(#4485),#4740,.T.);
#5011=ADVANCED_FACE('',(#4486),#4741,.T.);
#5012=ADVANCED_FACE('',(#4487),#4742,.T.);
#5013=ADVANCED_FACE('',(#4488),#4743,.T.);
#5014=ADVANCED_FACE('',(#4489),#4744,.T.);
#5015=ADVANCED_FACE('',(#4490),#4745,.T.);
#5016=ADVANCED_FACE('',(#4491),#4746,.T.);
#5017=ADVANCED_FACE('',(#4492),#4747,.T.);
#5018=ADVANCED_FACE('',(#4493),#4748,.T.);
#5019=ADVANCED_FACE('',(#4494),#110,.F.);
#5020=ADVANCED_FACE('',(#4495),#4749,.T.);
#5021=ADVANCED_FACE('',(#4496),#4750,.T.);
#5022=ADVANCED_FACE('',(#4497),#4751,.F.);
#5023=ADVANCED_FACE('',(#4498),#111,.F.);
#5024=ADVANCED_FACE('',(#4499),#4752,.T.);
#5025=ADVANCED_FACE('',(#4500),#4753,.T.);
#5026=ADVANCED_FACE('',(#4501),#112,.T.);
#5027=ADVANCED_FACE('',(#4502),#4754,.T.);
#5028=ADVANCED_FACE('',(#4503),#113,.T.);
#5029=ADVANCED_FACE('',(#4504),#4755,.T.);
#5030=ADVANCED_FACE('',(#4505),#114,.F.);
#5031=ADVANCED_FACE('',(#4506),#4756,.T.);
#5032=ADVANCED_FACE('',(#4507),#4757,.T.);
#5033=ADVANCED_FACE('',(#4508),#4758,.T.);
#5034=ADVANCED_FACE('',(#4509),#115,.T.);
#5035=ADVANCED_FACE('',(#4510),#116,.T.);
#5036=ADVANCED_FACE('',(#4511),#4759,.T.);
#5037=ADVANCED_FACE('',(#4512),#4760,.T.);
#5038=ADVANCED_FACE('',(#4513),#117,.T.);
#5039=ADVANCED_FACE('',(#4514),#4761,.T.);
#5040=ADVANCED_FACE('',(#4515),#4762,.T.);
#5041=ADVANCED_FACE('',(#4516),#4763,.T.);
#5042=ADVANCED_FACE('',(#4517),#4764,.T.);
#5043=ADVANCED_FACE('',(#4518),#4765,.T.);
#5044=ADVANCED_FACE('',(#4519),#4766,.T.);
#5045=ADVANCED_FACE('',(#4520),#4767,.T.);
#5046=ADVANCED_FACE('',(#4521),#4768,.T.);
#5047=ADVANCED_FACE('',(#4522),#4769,.T.);
#5048=ADVANCED_FACE('',(#4523),#4770,.T.);
#5049=ADVANCED_FACE('',(#4524),#4771,.T.);
#5050=ADVANCED_FACE('',(#4525),#4772,.T.);
#5051=ADVANCED_FACE('',(#4526),#118,.F.);
#5052=ADVANCED_FACE('',(#4527),#4773,.T.);
#5053=ADVANCED_FACE('',(#4528),#4774,.F.);
#5054=ADVANCED_FACE('',(#4529),#4775,.T.);
#5055=ADVANCED_FACE('',(#4530),#4776,.T.);
#5056=ADVANCED_FACE('',(#4531),#119,.F.);
#5057=ADVANCED_FACE('',(#4532),#120,.T.);
#5058=ADVANCED_FACE('',(#4533),#4777,.T.);
#5059=ADVANCED_FACE('',(#4534),#121,.T.);
#5060=ADVANCED_FACE('',(#4535),#4778,.T.);
#5061=ADVANCED_FACE('',(#4536),#122,.F.);
#5062=ADVANCED_FACE('',(#4537),#4779,.T.);
#5063=ADVANCED_FACE('',(#4538),#4780,.T.);
#5064=ADVANCED_FACE('',(#4539),#4781,.T.);
#5065=ADVANCED_FACE('',(#4540),#123,.T.);
#5066=ADVANCED_FACE('',(#4541),#4782,.T.);
#5067=ADVANCED_FACE('',(#4542),#124,.T.);
#5068=ADVANCED_FACE('',(#4543),#4783,.T.);
#5069=ADVANCED_FACE('',(#4544),#4784,.T.);
#5070=ADVANCED_FACE('',(#4545),#125,.T.);
#5071=ADVANCED_FACE('',(#4546),#4785,.T.);
#5072=ADVANCED_FACE('',(#4547),#126,.T.);
#5073=ADVANCED_FACE('',(#4548),#4786,.T.);
#5074=ADVANCED_FACE('',(#4549),#127,.T.);
#5075=ADVANCED_FACE('',(#4550),#4787,.T.);
#5076=ADVANCED_FACE('',(#4551),#128,.T.);
#5077=ADVANCED_FACE('',(#4552),#4788,.T.);
#5078=ADVANCED_FACE('',(#4553),#129,.T.);
#5079=ADVANCED_FACE('',(#4554),#4789,.T.);
#5080=ADVANCED_FACE('',(#4555),#130,.F.);
#5081=ADVANCED_FACE('',(#4556),#4790,.T.);
#5082=ADVANCED_FACE('',(#4557),#131,.F.);
#5083=ADVANCED_FACE('',(#4558),#4791,.T.);
#5084=ADVANCED_FACE('',(#4559),#4792,.T.);
#5085=ADVANCED_FACE('',(#4560),#132,.T.);
#5086=ADVANCED_FACE('',(#4561),#133,.F.);
#5087=ADVANCED_FACE('',(#4562),#4793,.T.);
#5088=ADVANCED_FACE('',(#4563),#134,.F.);
#5089=ADVANCED_FACE('',(#4564),#4794,.T.);
#5090=ADVANCED_FACE('',(#4565),#135,.T.);
#5091=ADVANCED_FACE('',(#4566),#136,.T.);
#5092=ADVANCED_FACE('',(#4567),#4795,.T.);
#5093=ADVANCED_FACE('',(#4568),#4796,.T.);
#5094=ADVANCED_FACE('',(#4569),#137,.T.);
#5095=ADVANCED_FACE('',(#4570),#4797,.F.);
#5096=ADVANCED_FACE('',(#4571),#4798,.F.);
#5097=ADVANCED_FACE('',(#4572,#4573),#4799,.F.);
#5098=ADVANCED_FACE('',(#4574,#4575,#4576,#4577,#4578,#4579),#4800,.T.);
#5099=ADVANCED_FACE('',(#4580),#4801,.T.);
#5100=ADVANCED_FACE('',(#4581),#4802,.F.);
#5101=ADVANCED_FACE('',(#4582),#4803,.T.);
#5102=ADVANCED_FACE('',(#4583),#138,.T.);
#5103=ADVANCED_FACE('',(#4584),#139,.F.);
#5104=ADVANCED_FACE('',(#4585),#140,.F.);
#5105=ADVANCED_FACE('',(#4586),#141,.T.);
#5106=ADVANCED_FACE('',(#4587),#4804,.T.);
#5107=ADVANCED_FACE('',(#4588),#4805,.F.);
#5108=ADVANCED_FACE('',(#4589),#4806,.F.);
#5109=ADVANCED_FACE('',(#4590),#4807,.T.);
#5110=ADVANCED_FACE('',(#4591),#142,.T.);
#5111=ADVANCED_FACE('',(#4592),#143,.F.);
#5112=ADVANCED_FACE('',(#4593),#144,.F.);
#5113=ADVANCED_FACE('',(#4594),#145,.T.);
#5114=ADVANCED_FACE('',(#4595),#4808,.F.);
#5115=ADVANCED_FACE('',(#4596),#4809,.T.);
#5116=ADVANCED_FACE('',(#4597,#4598),#12,.T.);
#5117=ADVANCED_FACE('',(#4599),#13,.F.);
#5118=ADVANCED_FACE('',(#4600,#4601),#10,.T.);
#5119=ADVANCED_FACE('',(#4602,#4603,#4604,#4605,#4606,#4607),#4810,.T.);
#5120=ADVANCED_FACE('',(#4608,#4609),#4811,.F.);
#5121=ADVANCED_FACE('',(#4610,#4611),#146,.T.);
#5122=ADVANCED_FACE('',(#4612),#4812,.F.);
#5123=ADVANCED_FACE('',(#4613),#4813,.F.);
#5124=ADVANCED_FACE('',(#4614),#147,.F.);
#5125=ADVANCED_FACE('',(#4615),#4814,.F.);
#5126=ADVANCED_FACE('',(#4616),#148,.T.);
#5127=ADVANCED_FACE('',(#4617),#4815,.F.);
#5128=ADVANCED_FACE('',(#4618),#4816,.F.);
#5129=ADVANCED_FACE('',(#4619),#149,.T.);
#5130=ADVANCED_FACE('',(#4620),#4817,.F.);
#5131=ADVANCED_FACE('',(#4621),#150,.F.);
#5132=ADVANCED_FACE('',(#4622),#4818,.F.);
#5133=ADVANCED_FACE('',(#4623),#4819,.F.);
#5134=ADVANCED_FACE('',(#4624),#151,.F.);
#5135=ADVANCED_FACE('',(#4625),#4820,.F.);
#5136=ADVANCED_FACE('',(#4626),#152,.T.);
#5137=ADVANCED_FACE('',(#4627),#4821,.F.);
#5138=ADVANCED_FACE('',(#4628),#4822,.F.);
#5139=ADVANCED_FACE('',(#4629),#153,.T.);
#5140=ADVANCED_FACE('',(#4630),#4823,.F.);
#5141=ADVANCED_FACE('',(#4631),#154,.F.);
#5142=ADVANCED_FACE('',(#4632),#4824,.F.);
#5143=ADVANCED_FACE('',(#4633,#4634),#11,.T.);
#5144=ADVANCED_FACE('',(#4635,#4636),#48,.T.);
#5145=ADVANCED_FACE('',(#4637,#4638),#39,.F.);
#5146=CLOSED_SHELL('',(#4866,#4867,#4868,#4869,#4870,#4871,#4872,#4873,
#4874,#4875,#4876,#4877,#4878,#4879,#4880,#4881,#4882,#4883,#4884,#4885,
#4886,#4887,#4888,#4889,#4890,#4891,#4892,#4893,#4894,#4895,#4896,#4897,
#4898,#4899,#4900,#4901,#4902,#4903,#4904,#4905,#4906,#4907,#4908,#4909,
#4910,#4911,#4912,#4913,#4914,#4915,#4916,#4917,#4918,#4919,#4920,#4921,
#4922,#4923,#4924,#4925,#4926,#4927,#4928,#4929,#4930,#4931,#4932,#4933,
#4934,#4935,#4936,#4937,#4938,#4939,#4940,#4941,#4942,#4943,#4944,#4945,
#4946,#4947,#4948,#4949,#4950,#4951,#4952,#4953,#4954,#4955,#4956,#4957,
#4958,#4959,#4960,#4961,#4962,#4963,#4964,#4965,#4966,#4967,#4968,#4969,
#4970,#4971,#4972,#4973,#4974,#4975,#4976,#4977,#4978,#4979,#4980,#4981,
#4982,#4983,#4984,#4985,#4986,#4987,#4988,#4989,#4990,#4991,#4992,#4993,
#4994,#4995,#4996,#4997,#4998,#4999,#5000,#5001,#5002,#5003,#5004,#5005,
#5006,#5007,#5008,#5009,#5010,#5011,#5012,#5013,#5014,#5015,#5016,#5017,
#5018,#5019,#5020,#5021,#5022,#5023,#5024,#5025,#5026,#5027,#5028,#5029,
#5030,#5031,#5032,#5033,#5034,#5035,#5036,#5037,#5038,#5039,#5040,#5041,
#5042,#5043,#5044,#5045,#5046,#5047,#5048,#5049,#5050,#5051,#5052,#5053,
#5054,#5055,#5056,#5057,#5058,#5059,#5060,#5061,#5062,#5063,#5064,#5065,
#5066,#5067,#5068,#5069,#5070,#5071,#5072,#5073,#5074,#5075,#5076,#5077,
#5078,#5079,#5080,#5081,#5082,#5083,#5084,#5085,#5086,#5087,#5088,#5089,
#5090,#5091,#5092,#5093,#5094,#5095,#5096,#5097,#5098,#5099));
#5147=CLOSED_SHELL('',(#5100,#5101,#5102,#5103));
#5148=CLOSED_SHELL('',(#5104,#5105,#5106,#5107));
#5149=CLOSED_SHELL('',(#5108,#5109,#5110,#5111));
#5150=CLOSED_SHELL('',(#5112,#5113,#5114,#5115));
#5151=CLOSED_SHELL('',(#5116,#5117,#5118,#5119,#5120,#5121,#5122,#5123,
#5124,#5125,#5126,#5127,#5128,#5129,#5130,#5131,#5132,#5133,#5134,#5135,
#5136,#5137,#5138,#5139,#5140,#5141,#5142,#5143,#5144,#5145));
#5152=STYLED_ITEM('',(#5154),#5414);
#5153=STYLED_ITEM('',(#5196),#14);
#5154=PRESENTATION_STYLE_ASSIGNMENT((#5197));
#5155=PRESENTATION_STYLE_ASSIGNMENT((#5198));
#5156=PRESENTATION_STYLE_ASSIGNMENT((#5199));
#5157=PRESENTATION_STYLE_ASSIGNMENT((#5200));
#5158=PRESENTATION_STYLE_ASSIGNMENT((#5201));
#5159=PRESENTATION_STYLE_ASSIGNMENT((#5202));
#5160=PRESENTATION_STYLE_ASSIGNMENT((#5203));
#5161=PRESENTATION_STYLE_ASSIGNMENT((#5204));
#5162=PRESENTATION_STYLE_ASSIGNMENT((#5205));
#5163=PRESENTATION_STYLE_ASSIGNMENT((#5206));
#5164=PRESENTATION_STYLE_ASSIGNMENT((#5207));
#5165=PRESENTATION_STYLE_ASSIGNMENT((#5208));
#5166=PRESENTATION_STYLE_ASSIGNMENT((#5209));
#5167=PRESENTATION_STYLE_ASSIGNMENT((#5210));
#5168=PRESENTATION_STYLE_ASSIGNMENT((#5211));
#5169=PRESENTATION_STYLE_ASSIGNMENT((#5212));
#5170=PRESENTATION_STYLE_ASSIGNMENT((#5213));
#5171=PRESENTATION_STYLE_ASSIGNMENT((#5214));
#5172=PRESENTATION_STYLE_ASSIGNMENT((#5215));
#5173=PRESENTATION_STYLE_ASSIGNMENT((#5216));
#5174=PRESENTATION_STYLE_ASSIGNMENT((#5217));
#5175=PRESENTATION_STYLE_ASSIGNMENT((#5218));
#5176=PRESENTATION_STYLE_ASSIGNMENT((#5219));
#5177=PRESENTATION_STYLE_ASSIGNMENT((#5220));
#5178=PRESENTATION_STYLE_ASSIGNMENT((#5221));
#5179=PRESENTATION_STYLE_ASSIGNMENT((#5222));
#5180=PRESENTATION_STYLE_ASSIGNMENT((#5223));
#5181=PRESENTATION_STYLE_ASSIGNMENT((#5224));
#5182=PRESENTATION_STYLE_ASSIGNMENT((#5225));
#5183=PRESENTATION_STYLE_ASSIGNMENT((#5226));
#5184=PRESENTATION_STYLE_ASSIGNMENT((#5227));
#5185=PRESENTATION_STYLE_ASSIGNMENT((#5228));
#5186=PRESENTATION_STYLE_ASSIGNMENT((#5229));
#5187=PRESENTATION_STYLE_ASSIGNMENT((#5230));
#5188=PRESENTATION_STYLE_ASSIGNMENT((#5231));
#5189=PRESENTATION_STYLE_ASSIGNMENT((#5232));
#5190=PRESENTATION_STYLE_ASSIGNMENT((#5233));
#5191=PRESENTATION_STYLE_ASSIGNMENT((#5234));
#5192=PRESENTATION_STYLE_ASSIGNMENT((#5235));
#5193=PRESENTATION_STYLE_ASSIGNMENT((#5236));
#5194=PRESENTATION_STYLE_ASSIGNMENT((#5237));
#5195=PRESENTATION_STYLE_ASSIGNMENT((#5238));
#5196=PRESENTATION_STYLE_ASSIGNMENT((#5239));
#5197=SURFACE_STYLE_USAGE(.BOTH.,#5240);
#5198=SURFACE_STYLE_USAGE(.BOTH.,#5241);
#5199=SURFACE_STYLE_USAGE(.BOTH.,#5242);
#5200=SURFACE_STYLE_USAGE(.BOTH.,#5243);
#5201=SURFACE_STYLE_USAGE(.BOTH.,#5244);
#5202=SURFACE_STYLE_USAGE(.BOTH.,#5245);
#5203=SURFACE_STYLE_USAGE(.BOTH.,#5246);
#5204=SURFACE_STYLE_USAGE(.BOTH.,#5247);
#5205=SURFACE_STYLE_USAGE(.BOTH.,#5248);
#5206=SURFACE_STYLE_USAGE(.BOTH.,#5249);
#5207=SURFACE_STYLE_USAGE(.BOTH.,#5250);
#5208=SURFACE_STYLE_USAGE(.BOTH.,#5251);
#5209=SURFACE_STYLE_USAGE(.BOTH.,#5252);
#5210=SURFACE_STYLE_USAGE(.BOTH.,#5253);
#5211=SURFACE_STYLE_USAGE(.BOTH.,#5254);
#5212=SURFACE_STYLE_USAGE(.BOTH.,#5255);
#5213=SURFACE_STYLE_USAGE(.BOTH.,#5256);
#5214=SURFACE_STYLE_USAGE(.BOTH.,#5257);
#5215=SURFACE_STYLE_USAGE(.BOTH.,#5258);
#5216=SURFACE_STYLE_USAGE(.BOTH.,#5259);
#5217=SURFACE_STYLE_USAGE(.BOTH.,#5260);
#5218=SURFACE_STYLE_USAGE(.BOTH.,#5261);
#5219=SURFACE_STYLE_USAGE(.BOTH.,#5262);
#5220=SURFACE_STYLE_USAGE(.BOTH.,#5263);
#5221=SURFACE_STYLE_USAGE(.BOTH.,#5264);
#5222=SURFACE_STYLE_USAGE(.BOTH.,#5265);
#5223=SURFACE_STYLE_USAGE(.BOTH.,#5266);
#5224=SURFACE_STYLE_USAGE(.BOTH.,#5267);
#5225=SURFACE_STYLE_USAGE(.BOTH.,#5268);
#5226=SURFACE_STYLE_USAGE(.BOTH.,#5269);
#5227=SURFACE_STYLE_USAGE(.BOTH.,#5270);
#5228=SURFACE_STYLE_USAGE(.BOTH.,#5271);
#5229=SURFACE_STYLE_USAGE(.BOTH.,#5272);
#5230=SURFACE_STYLE_USAGE(.BOTH.,#5273);
#5231=SURFACE_STYLE_USAGE(.BOTH.,#5274);
#5232=SURFACE_STYLE_USAGE(.BOTH.,#5275);
#5233=SURFACE_STYLE_USAGE(.BOTH.,#5276);
#5234=SURFACE_STYLE_USAGE(.BOTH.,#5277);
#5235=SURFACE_STYLE_USAGE(.BOTH.,#5278);
#5236=SURFACE_STYLE_USAGE(.BOTH.,#5279);
#5237=SURFACE_STYLE_USAGE(.BOTH.,#5280);
#5238=SURFACE_STYLE_USAGE(.BOTH.,#5281);
#5239=SURFACE_STYLE_USAGE(.BOTH.,#5282);
#5240=SURFACE_SIDE_STYLE('',(#5283));
#5241=SURFACE_SIDE_STYLE('',(#5284));
#5242=SURFACE_SIDE_STYLE('',(#5285));
#5243=SURFACE_SIDE_STYLE('',(#5286));
#5244=SURFACE_SIDE_STYLE('',(#5287));
#5245=SURFACE_SIDE_STYLE('',(#5288));
#5246=SURFACE_SIDE_STYLE('',(#5289));
#5247=SURFACE_SIDE_STYLE('',(#5290));
#5248=SURFACE_SIDE_STYLE('',(#5291));
#5249=SURFACE_SIDE_STYLE('',(#5292));
#5250=SURFACE_SIDE_STYLE('',(#5293));
#5251=SURFACE_SIDE_STYLE('',(#5294));
#5252=SURFACE_SIDE_STYLE('',(#5295));
#5253=SURFACE_SIDE_STYLE('',(#5296));
#5254=SURFACE_SIDE_STYLE('',(#5297));
#5255=SURFACE_SIDE_STYLE('',(#5298));
#5256=SURFACE_SIDE_STYLE('',(#5299));
#5257=SURFACE_SIDE_STYLE('',(#5300));
#5258=SURFACE_SIDE_STYLE('',(#5301));
#5259=SURFACE_SIDE_STYLE('',(#5302));
#5260=SURFACE_SIDE_STYLE('',(#5303));
#5261=SURFACE_SIDE_STYLE('',(#5304));
#5262=SURFACE_SIDE_STYLE('',(#5305));
#5263=SURFACE_SIDE_STYLE('',(#5306));
#5264=SURFACE_SIDE_STYLE('',(#5307));
#5265=SURFACE_SIDE_STYLE('',(#5308));
#5266=SURFACE_SIDE_STYLE('',(#5309));
#5267=SURFACE_SIDE_STYLE('',(#5310));
#5268=SURFACE_SIDE_STYLE('',(#5311));
#5269=SURFACE_SIDE_STYLE('',(#5312));
#5270=SURFACE_SIDE_STYLE('',(#5313));
#5271=SURFACE_SIDE_STYLE('',(#5314));
#5272=SURFACE_SIDE_STYLE('',(#5315));
#5273=SURFACE_SIDE_STYLE('',(#5316));
#5274=SURFACE_SIDE_STYLE('',(#5317));
#5275=SURFACE_SIDE_STYLE('',(#5318));
#5276=SURFACE_SIDE_STYLE('',(#5319));
#5277=SURFACE_SIDE_STYLE('',(#5320));
#5278=SURFACE_SIDE_STYLE('',(#5321));
#5279=SURFACE_SIDE_STYLE('',(#5322));
#5280=SURFACE_SIDE_STYLE('',(#5323));
#5281=SURFACE_SIDE_STYLE('',(#5324));
#5282=SURFACE_SIDE_STYLE('',(#5325));
#5283=SURFACE_STYLE_FILL_AREA(#5326);
#5284=SURFACE_STYLE_FILL_AREA(#5327);
#5285=SURFACE_STYLE_FILL_AREA(#5328);
#5286=SURFACE_STYLE_FILL_AREA(#5329);
#5287=SURFACE_STYLE_FILL_AREA(#5330);
#5288=SURFACE_STYLE_FILL_AREA(#5331);
#5289=SURFACE_STYLE_FILL_AREA(#5332);
#5290=SURFACE_STYLE_FILL_AREA(#5333);
#5291=SURFACE_STYLE_FILL_AREA(#5334);
#5292=SURFACE_STYLE_FILL_AREA(#5335);
#5293=SURFACE_STYLE_FILL_AREA(#5336);
#5294=SURFACE_STYLE_FILL_AREA(#5337);
#5295=SURFACE_STYLE_FILL_AREA(#5338);
#5296=SURFACE_STYLE_FILL_AREA(#5339);
#5297=SURFACE_STYLE_FILL_AREA(#5340);
#5298=SURFACE_STYLE_FILL_AREA(#5341);
#5299=SURFACE_STYLE_FILL_AREA(#5342);
#5300=SURFACE_STYLE_FILL_AREA(#5343);
#5301=SURFACE_STYLE_FILL_AREA(#5344);
#5302=SURFACE_STYLE_FILL_AREA(#5345);
#5303=SURFACE_STYLE_FILL_AREA(#5346);
#5304=SURFACE_STYLE_FILL_AREA(#5347);
#5305=SURFACE_STYLE_FILL_AREA(#5348);
#5306=SURFACE_STYLE_FILL_AREA(#5349);
#5307=SURFACE_STYLE_FILL_AREA(#5350);
#5308=SURFACE_STYLE_FILL_AREA(#5351);
#5309=SURFACE_STYLE_FILL_AREA(#5352);
#5310=SURFACE_STYLE_FILL_AREA(#5353);
#5311=SURFACE_STYLE_FILL_AREA(#5354);
#5312=SURFACE_STYLE_FILL_AREA(#5355);
#5313=SURFACE_STYLE_FILL_AREA(#5356);
#5314=SURFACE_STYLE_FILL_AREA(#5357);
#5315=SURFACE_STYLE_FILL_AREA(#5358);
#5316=SURFACE_STYLE_FILL_AREA(#5359);
#5317=SURFACE_STYLE_FILL_AREA(#5360);
#5318=SURFACE_STYLE_FILL_AREA(#5361);
#5319=SURFACE_STYLE_FILL_AREA(#5362);
#5320=SURFACE_STYLE_FILL_AREA(#5363);
#5321=SURFACE_STYLE_FILL_AREA(#5364);
#5322=SURFACE_STYLE_FILL_AREA(#5365);
#5323=SURFACE_STYLE_FILL_AREA(#5366);
#5324=SURFACE_STYLE_FILL_AREA(#5367);
#5325=SURFACE_STYLE_FILL_AREA(#5368);
#5326=FILL_AREA_STYLE('',(#5369));
#5327=FILL_AREA_STYLE('',(#5370));
#5328=FILL_AREA_STYLE('',(#5371));
#5329=FILL_AREA_STYLE('',(#5372));
#5330=FILL_AREA_STYLE('',(#5373));
#5331=FILL_AREA_STYLE('',(#5374));
#5332=FILL_AREA_STYLE('',(#5375));
#5333=FILL_AREA_STYLE('',(#5376));
#5334=FILL_AREA_STYLE('',(#5377));
#5335=FILL_AREA_STYLE('',(#5378));
#5336=FILL_AREA_STYLE('',(#5379));
#5337=FILL_AREA_STYLE('',(#5380));
#5338=FILL_AREA_STYLE('',(#5381));
#5339=FILL_AREA_STYLE('',(#5382));
#5340=FILL_AREA_STYLE('',(#5383));
#5341=FILL_AREA_STYLE('',(#5384));
#5342=FILL_AREA_STYLE('',(#5385));
#5343=FILL_AREA_STYLE('',(#5386));
#5344=FILL_AREA_STYLE('',(#5387));
#5345=FILL_AREA_STYLE('',(#5388));
#5346=FILL_AREA_STYLE('',(#5389));
#5347=FILL_AREA_STYLE('',(#5390));
#5348=FILL_AREA_STYLE('',(#5391));
#5349=FILL_AREA_STYLE('',(#5392));
#5350=FILL_AREA_STYLE('',(#5393));
#5351=FILL_AREA_STYLE('',(#5394));
#5352=FILL_AREA_STYLE('',(#5395));
#5353=FILL_AREA_STYLE('',(#5396));
#5354=FILL_AREA_STYLE('',(#5397));
#5355=FILL_AREA_STYLE('',(#5398));
#5356=FILL_AREA_STYLE('',(#5399));
#5357=FILL_AREA_STYLE('',(#5400));
#5358=FILL_AREA_STYLE('',(#5401));
#5359=FILL_AREA_STYLE('',(#5402));
#5360=FILL_AREA_STYLE('',(#5403));
#5361=FILL_AREA_STYLE('',(#5404));
#5362=FILL_AREA_STYLE('',(#5405));
#5363=FILL_AREA_STYLE('',(#5406));
#5364=FILL_AREA_STYLE('',(#5407));
#5365=FILL_AREA_STYLE('',(#5408));
#5366=FILL_AREA_STYLE('',(#5409));
#5367=FILL_AREA_STYLE('',(#5410));
#5368=FILL_AREA_STYLE('',(#5411));
#5369=FILL_AREA_STYLE_COLOUR('',#5412);
#5370=FILL_AREA_STYLE_COLOUR('',#5413);
#5371=FILL_AREA_STYLE_COLOUR('',#5413);
#5372=FILL_AREA_STYLE_COLOUR('',#5413);
#5373=FILL_AREA_STYLE_COLOUR('',#5413);
#5374=FILL_AREA_STYLE_COLOUR('',#5413);
#5375=FILL_AREA_STYLE_COLOUR('',#5413);
#5376=FILL_AREA_STYLE_COLOUR('',#5413);
#5377=FILL_AREA_STYLE_COLOUR('',#5413);
#5378=FILL_AREA_STYLE_COLOUR('',#5413);
#5379=FILL_AREA_STYLE_COLOUR('',#5413);
#5380=FILL_AREA_STYLE_COLOUR('',#5413);
#5381=FILL_AREA_STYLE_COLOUR('',#5413);
#5382=FILL_AREA_STYLE_COLOUR('',#5413);
#5383=FILL_AREA_STYLE_COLOUR('',#5413);
#5384=FILL_AREA_STYLE_COLOUR('',#5413);
#5385=FILL_AREA_STYLE_COLOUR('',#5413);
#5386=FILL_AREA_STYLE_COLOUR('',#5413);
#5387=FILL_AREA_STYLE_COLOUR('',#5413);
#5388=FILL_AREA_STYLE_COLOUR('',#5413);
#5389=FILL_AREA_STYLE_COLOUR('',#5413);
#5390=FILL_AREA_STYLE_COLOUR('',#5413);
#5391=FILL_AREA_STYLE_COLOUR('',#5413);
#5392=FILL_AREA_STYLE_COLOUR('',#5413);
#5393=FILL_AREA_STYLE_COLOUR('',#5413);
#5394=FILL_AREA_STYLE_COLOUR('',#5413);
#5395=FILL_AREA_STYLE_COLOUR('',#5413);
#5396=FILL_AREA_STYLE_COLOUR('',#5413);
#5397=FILL_AREA_STYLE_COLOUR('',#5413);
#5398=FILL_AREA_STYLE_COLOUR('',#5413);
#5399=FILL_AREA_STYLE_COLOUR('',#5413);
#5400=FILL_AREA_STYLE_COLOUR('',#5413);
#5401=FILL_AREA_STYLE_COLOUR('',#5413);
#5402=FILL_AREA_STYLE_COLOUR('',#5413);
#5403=FILL_AREA_STYLE_COLOUR('',#5413);
#5404=FILL_AREA_STYLE_COLOUR('',#5413);
#5405=FILL_AREA_STYLE_COLOUR('',#5413);
#5406=FILL_AREA_STYLE_COLOUR('',#5413);
#5407=FILL_AREA_STYLE_COLOUR('',#5413);
#5408=FILL_AREA_STYLE_COLOUR('',#5413);
#5409=FILL_AREA_STYLE_COLOUR('',#5413);
#5410=FILL_AREA_STYLE_COLOUR('',#5413);
#5411=FILL_AREA_STYLE_COLOUR('',#5413);
#5412=COLOUR_RGB('',0.764705882352941,0.764705882352941,0.764705882352941);
#5413=COLOUR_RGB('',0.294117647058823,0.294117647058823,0.294117647058823);
#5414=BREP_WITH_VOIDS('Body1',#5146,(#27,#28,#29,#30));
#5415=SHAPE_DEFINITION_REPRESENTATION(#8819,#5418);
#5416=SHAPE_DEFINITION_REPRESENTATION(#8820,#5419);
#5417=SHAPE_DEFINITION_REPRESENTATION(#8822,#5420);
#5418=SHAPE_REPRESENTATION('TL1105SF',(#5421,#5799,#5855),#8810);
#5419=SHAPE_REPRESENTATION('Body1',(#5421),#8811);
#5420=SHAPE_REPRESENTATION('Body2',(#5421),#8812);
#5421=AXIS2_PLACEMENT_3D('',#7284,#5856,#5857);
#5422=AXIS2_PLACEMENT_3D('',#7285,#5858,#5859);
#5423=AXIS2_PLACEMENT_3D('',#7294,#5864,#5865);
#5424=AXIS2_PLACEMENT_3D('',#7323,#5880,#5881);
#5425=AXIS2_PLACEMENT_3D('',#7352,#5897,#5898);
#5426=AXIS2_PLACEMENT_3D('',#7380,#5913,#5914);
#5427=AXIS2_PLACEMENT_3D('',#7409,#5930,#5931);
#5428=AXIS2_PLACEMENT_3D('',#7425,#5939,#5940);
#5429=AXIS2_PLACEMENT_3D('',#7429,#5942,#5943);
#5430=AXIS2_PLACEMENT_3D('',#7430,#5944,#5945);
#5431=AXIS2_PLACEMENT_3D('',#7439,#5950,#5951);
#5432=AXIS2_PLACEMENT_3D('',#7448,#5956,#5957);
#5433=AXIS2_PLACEMENT_3D('',#7457,#5962,#5963);
#5434=AXIS2_PLACEMENT_3D('',#7463,#5967,#5968);
#5435=AXIS2_PLACEMENT_3D('',#7464,#5969,#5970);
#5436=AXIS2_PLACEMENT_3D('',#7466,#5971,#5972);
#5437=AXIS2_PLACEMENT_3D('',#7469,#5974,#5975);
#5438=AXIS2_PLACEMENT_3D('',#7472,#5978,#5979);
#5439=AXIS2_PLACEMENT_3D('',#7478,#5983,#5984);
#5440=AXIS2_PLACEMENT_3D('',#7479,#5985,#5986);
#5441=AXIS2_PLACEMENT_3D('',#7481,#5987,#5988);
#5442=AXIS2_PLACEMENT_3D('',#7484,#5990,#5991);
#5443=AXIS2_PLACEMENT_3D('',#7487,#5994,#5995);
#5444=AXIS2_PLACEMENT_3D('',#7493,#5999,#6000);
#5445=AXIS2_PLACEMENT_3D('',#7494,#6001,#6002);
#5446=AXIS2_PLACEMENT_3D('',#7496,#6003,#6004);
#5447=AXIS2_PLACEMENT_3D('',#7499,#6006,#6007);
#5448=AXIS2_PLACEMENT_3D('',#7502,#6010,#6011);
#5449=AXIS2_PLACEMENT_3D('',#7508,#6015,#6016);
#5450=AXIS2_PLACEMENT_3D('',#7509,#6017,#6018);
#5451=AXIS2_PLACEMENT_3D('',#7511,#6019,#6020);
#5452=AXIS2_PLACEMENT_3D('',#7514,#6022,#6023);
#5453=AXIS2_PLACEMENT_3D('',#7517,#6026,#6027);
#5454=AXIS2_PLACEMENT_3D('',#7521,#6030,#6031);
#5455=AXIS2_PLACEMENT_3D('',#7525,#6034,#6035);
#5456=AXIS2_PLACEMENT_3D('',#7529,#6038,#6039);
#5457=AXIS2_PLACEMENT_3D('',#7533,#6042,#6043);
#5458=AXIS2_PLACEMENT_3D('',#7537,#6046,#6047);
#5459=AXIS2_PLACEMENT_3D('',#7539,#6049,#6050);
#5460=AXIS2_PLACEMENT_3D('',#7541,#6052,#6053);
#5461=AXIS2_PLACEMENT_3D('',#7557,#6063,#6064);
#5462=AXIS2_PLACEMENT_3D('',#7559,#6066,#6067);
#5463=AXIS2_PLACEMENT_3D('',#7561,#6069,#6070);
#5464=AXIS2_PLACEMENT_3D('',#7565,#6073,#6074);
#5465=AXIS2_PLACEMENT_3D('',#7566,#6075,#6076);
#5466=AXIS2_PLACEMENT_3D('',#7567,#6077,#6078);
#5467=AXIS2_PLACEMENT_3D('',#7573,#6082,#6083);
#5468=AXIS2_PLACEMENT_3D('',#7579,#6087,#6088);
#5469=AXIS2_PLACEMENT_3D('',#7586,#6093,#6094);
#5470=AXIS2_PLACEMENT_3D('',#7592,#6098,#6099);
#5471=AXIS2_PLACEMENT_3D('',#7596,#6102,#6103);
#5472=AXIS2_PLACEMENT_3D('',#7605,#6108,#6109);
#5473=AXIS2_PLACEMENT_3D('',#7625,#6121,#6122);
#5474=AXIS2_PLACEMENT_3D('',#7629,#6125,#6126);
#5475=AXIS2_PLACEMENT_3D('',#7633,#6129,#6130);
#5476=AXIS2_PLACEMENT_3D('',#7648,#6139,#6140);
#5477=AXIS2_PLACEMENT_3D('',#7651,#6143,#6144);
#5478=AXIS2_PLACEMENT_3D('',#7654,#6147,#6148);
#5479=AXIS2_PLACEMENT_3D('',#7655,#6149,#6150);
#5480=AXIS2_PLACEMENT_3D('',#7656,#6151,#6152);
#5481=AXIS2_PLACEMENT_3D('',#7658,#6154,#6155);
#5482=AXIS2_PLACEMENT_3D('',#7659,#6156,#6157);
#5483=AXIS2_PLACEMENT_3D('',#7661,#6159,#6160);
#5484=AXIS2_PLACEMENT_3D('',#7662,#6161,#6162);
#5485=AXIS2_PLACEMENT_3D('',#7668,#6166,#6167);
#5486=AXIS2_PLACEMENT_3D('',#7674,#6171,#6172);
#5487=AXIS2_PLACEMENT_3D('',#7676,#6174,#6175);
#5488=AXIS2_PLACEMENT_3D('',#7678,#6177,#6178);
#5489=AXIS2_PLACEMENT_3D('',#7679,#6179,#6180);
#5490=AXIS2_PLACEMENT_3D('',#7685,#6184,#6185);
#5491=AXIS2_PLACEMENT_3D('',#7691,#6189,#6190);
#5492=AXIS2_PLACEMENT_3D('',#7693,#6192,#6193);
#5493=AXIS2_PLACEMENT_3D('',#7695,#6195,#6196);
#5494=AXIS2_PLACEMENT_3D('',#7696,#6197,#6198);
#5495=AXIS2_PLACEMENT_3D('',#7702,#6202,#6203);
#5496=AXIS2_PLACEMENT_3D('',#7708,#6207,#6208);
#5497=AXIS2_PLACEMENT_3D('',#7716,#6213,#6214);
#5498=AXIS2_PLACEMENT_3D('',#7730,#6221,#6222);
#5499=AXIS2_PLACEMENT_3D('',#7738,#6226,#6227);
#5500=AXIS2_PLACEMENT_3D('',#7746,#6232,#6233);
#5501=AXIS2_PLACEMENT_3D('',#7752,#6237,#6238);
#5502=AXIS2_PLACEMENT_3D('',#7753,#6239,#6240);
#5503=AXIS2_PLACEMENT_3D('',#7756,#6242,#6243);
#5504=AXIS2_PLACEMENT_3D('',#7762,#6247,#6248);
#5505=AXIS2_PLACEMENT_3D('',#7764,#6250,#6251);
#5506=AXIS2_PLACEMENT_3D('',#7770,#6255,#6256);
#5507=AXIS2_PLACEMENT_3D('',#7771,#6257,#6258);
#5508=AXIS2_PLACEMENT_3D('',#7776,#6260,#6261);
#5509=AXIS2_PLACEMENT_3D('',#7778,#6263,#6264);
#5510=AXIS2_PLACEMENT_3D('',#7782,#6267,#6268);
#5511=AXIS2_PLACEMENT_3D('',#7784,#6270,#6271);
#5512=AXIS2_PLACEMENT_3D('',#7798,#6279,#6280);
#5513=AXIS2_PLACEMENT_3D('',#7802,#6282,#6283);
#5514=AXIS2_PLACEMENT_3D('',#7803,#6284,#6285);
#5515=AXIS2_PLACEMENT_3D('',#7804,#6286,#6287);
#5516=AXIS2_PLACEMENT_3D('',#7807,#6289,#6290);
#5517=AXIS2_PLACEMENT_3D('',#7808,#6291,#6292);
#5518=AXIS2_PLACEMENT_3D('',#7811,#6294,#6295);
#5519=AXIS2_PLACEMENT_3D('',#7812,#6296,#6297);
#5520=AXIS2_PLACEMENT_3D('',#7814,#6299,#6300);
#5521=AXIS2_PLACEMENT_3D('',#7823,#6305,#6306);
#5522=AXIS2_PLACEMENT_3D('',#7824,#6307,#6308);
#5523=AXIS2_PLACEMENT_3D('',#7825,#6309,#6310);
#5524=AXIS2_PLACEMENT_3D('',#7826,#6311,#6312);
#5525=AXIS2_PLACEMENT_3D('',#7827,#6313,#6314);
#5526=AXIS2_PLACEMENT_3D('',#7828,#6315,#6316);
#5527=AXIS2_PLACEMENT_3D('',#7829,#6317,#6318);
#5528=AXIS2_PLACEMENT_3D('',#7830,#6319,#6320);
#5529=AXIS2_PLACEMENT_3D('',#7831,#6321,#6322);
#5530=AXIS2_PLACEMENT_3D('',#7832,#6323,#6324);
#5531=AXIS2_PLACEMENT_3D('',#7834,#6325,#6326);
#5532=AXIS2_PLACEMENT_3D('',#7835,#6327,#6328);
#5533=AXIS2_PLACEMENT_3D('',#7837,#6329,#6330);
#5534=AXIS2_PLACEMENT_3D('',#7846,#6335,#6336);
#5535=AXIS2_PLACEMENT_3D('',#7847,#6337,#6338);
#5536=AXIS2_PLACEMENT_3D('',#7851,#6340,#6341);
#5537=AXIS2_PLACEMENT_3D('',#7852,#6342,#6343);
#5538=AXIS2_PLACEMENT_3D('',#7855,#6345,#6346);
#5539=AXIS2_PLACEMENT_3D('',#7856,#6347,#6348);
#5540=AXIS2_PLACEMENT_3D('',#7859,#6350,#6351);
#5541=AXIS2_PLACEMENT_3D('',#7860,#6352,#6353);
#5542=AXIS2_PLACEMENT_3D('',#7862,#6355,#6356);
#5543=AXIS2_PLACEMENT_3D('',#7866,#6359,#6360);
#5544=AXIS2_PLACEMENT_3D('',#7870,#6363,#6364);
#5545=AXIS2_PLACEMENT_3D('',#7872,#6366,#6367);
#5546=AXIS2_PLACEMENT_3D('',#7873,#6368,#6369);
#5547=AXIS2_PLACEMENT_3D('',#7874,#6370,#6371);
#5548=AXIS2_PLACEMENT_3D('',#7875,#6372,#6373);
#5549=AXIS2_PLACEMENT_3D('',#7876,#6374,#6375);
#5550=AXIS2_PLACEMENT_3D('',#7877,#6376,#6377);
#5551=AXIS2_PLACEMENT_3D('',#7878,#6378,#6379);
#5552=AXIS2_PLACEMENT_3D('',#7881,#6381,#6382);
#5553=AXIS2_PLACEMENT_3D('',#7884,#6384,#6385);
#5554=AXIS2_PLACEMENT_3D('',#7885,#6386,#6387);
#5555=AXIS2_PLACEMENT_3D('',#7887,#6389,#6390);
#5556=AXIS2_PLACEMENT_3D('',#7896,#6395,#6396);
#5557=AXIS2_PLACEMENT_3D('',#7897,#6397,#6398);
#5558=AXIS2_PLACEMENT_3D('',#7898,#6399,#6400);
#5559=AXIS2_PLACEMENT_3D('',#7899,#6401,#6402);
#5560=AXIS2_PLACEMENT_3D('',#7900,#6403,#6404);
#5561=AXIS2_PLACEMENT_3D('',#7901,#6405,#6406);
#5562=AXIS2_PLACEMENT_3D('',#7902,#6407,#6408);
#5563=AXIS2_PLACEMENT_3D('',#7903,#6409,#6410);
#5564=AXIS2_PLACEMENT_3D('',#7904,#6411,#6412);
#5565=AXIS2_PLACEMENT_3D('',#7908,#6415,#6416);
#5566=AXIS2_PLACEMENT_3D('',#7912,#6419,#6420);
#5567=AXIS2_PLACEMENT_3D('',#7916,#6423,#6424);
#5568=AXIS2_PLACEMENT_3D('',#7917,#6425,#6426);
#5569=AXIS2_PLACEMENT_3D('',#7918,#6427,#6428);
#5570=AXIS2_PLACEMENT_3D('',#7922,#6430,#6431);
#5571=AXIS2_PLACEMENT_3D('',#7923,#6432,#6433);
#5572=AXIS2_PLACEMENT_3D('',#7924,#6434,#6435);
#5573=AXIS2_PLACEMENT_3D('',#7941,#6437,#6438);
#5574=AXIS2_PLACEMENT_3D('',#7942,#6439,#6440);
#5575=AXIS2_PLACEMENT_3D('',#7958,#6441,#6442);
#5576=AXIS2_PLACEMENT_3D('',#7959,#6443,#6444);
#5577=AXIS2_PLACEMENT_3D('',#7962,#6446,#6447);
#5578=AXIS2_PLACEMENT_3D('',#7965,#6449,#6450);
#5579=AXIS2_PLACEMENT_3D('',#7966,#6451,#6452);
#5580=AXIS2_PLACEMENT_3D('',#7983,#6454,#6455);
#5581=AXIS2_PLACEMENT_3D('',#7984,#6456,#6457);
#5582=AXIS2_PLACEMENT_3D('',#8000,#6458,#6459);
#5583=AXIS2_PLACEMENT_3D('',#8002,#6461,#6462);
#5584=AXIS2_PLACEMENT_3D('',#8003,#6463,#6464);
#5585=AXIS2_PLACEMENT_3D('',#8005,#6465,#6466);
#5586=AXIS2_PLACEMENT_3D('',#8006,#6467,#6468);
#5587=AXIS2_PLACEMENT_3D('',#8015,#6473,#6474);
#5588=AXIS2_PLACEMENT_3D('',#8021,#6478,#6479);
#5589=AXIS2_PLACEMENT_3D('',#8026,#6483,#6484);
#5590=AXIS2_PLACEMENT_3D('',#8031,#6488,#6489);
#5591=AXIS2_PLACEMENT_3D('',#8036,#6493,#6494);
#5592=AXIS2_PLACEMENT_3D('',#8038,#6496,#6497);
#5593=AXIS2_PLACEMENT_3D('',#8040,#6499,#6500);
#5594=AXIS2_PLACEMENT_3D('',#8041,#6501,#6502);
#5595=AXIS2_PLACEMENT_3D('',#8042,#6503,#6504);
#5596=AXIS2_PLACEMENT_3D('',#8043,#6505,#6506);
#5597=AXIS2_PLACEMENT_3D('',#8044,#6507,#6508);
#5598=AXIS2_PLACEMENT_3D('',#8046,#6509,#6510);
#5599=AXIS2_PLACEMENT_3D('',#8048,#6511,#6512);
#5600=AXIS2_PLACEMENT_3D('',#8050,#6513,#6514);
#5601=AXIS2_PLACEMENT_3D('',#8052,#6515,#6516);
#5602=AXIS2_PLACEMENT_3D('',#8054,#6517,#6518);
#5603=AXIS2_PLACEMENT_3D('',#8056,#6519,#6520);
#5604=AXIS2_PLACEMENT_3D('',#8058,#6521,#6522);
#5605=AXIS2_PLACEMENT_3D('',#8060,#6523,#6524);
#5606=AXIS2_PLACEMENT_3D('',#8066,#6528,#6529);
#5607=AXIS2_PLACEMENT_3D('',#8070,#6532,#6533);
#5608=AXIS2_PLACEMENT_3D('',#8074,#6536,#6537);
#5609=AXIS2_PLACEMENT_3D('',#8083,#6542,#6543);
#5610=AXIS2_PLACEMENT_3D('',#8089,#6547,#6548);
#5611=AXIS2_PLACEMENT_3D('',#8098,#6553,#6554);
#5612=AXIS2_PLACEMENT_3D('',#8104,#6558,#6559);
#5613=AXIS2_PLACEMENT_3D('',#8109,#6563,#6564);
#5614=AXIS2_PLACEMENT_3D('',#8114,#6568,#6569);
#5615=AXIS2_PLACEMENT_3D('',#8115,#6570,#6571);
#5616=AXIS2_PLACEMENT_3D('',#8117,#6572,#6573);
#5617=AXIS2_PLACEMENT_3D('',#8119,#6574,#6575);
#5618=AXIS2_PLACEMENT_3D('',#8128,#6580,#6581);
#5619=AXIS2_PLACEMENT_3D('',#8134,#6585,#6586);
#5620=AXIS2_PLACEMENT_3D('',#8140,#6590,#6591);
#5621=AXIS2_PLACEMENT_3D('',#8148,#6595,#6596);
#5622=AXIS2_PLACEMENT_3D('',#8158,#6601,#6602);
#5623=AXIS2_PLACEMENT_3D('',#8162,#6604,#6605);
#5624=AXIS2_PLACEMENT_3D('',#8167,#6608,#6609);
#5625=AXIS2_PLACEMENT_3D('',#8173,#6613,#6614);
#5626=AXIS2_PLACEMENT_3D('',#8179,#6618,#6619);
#5627=AXIS2_PLACEMENT_3D('',#8188,#6624,#6625);
#5628=AXIS2_PLACEMENT_3D('',#8194,#6629,#6630);
#5629=AXIS2_PLACEMENT_3D('',#8202,#6634,#6635);
#5630=AXIS2_PLACEMENT_3D('',#8206,#6637,#6638);
#5631=AXIS2_PLACEMENT_3D('',#8216,#6643,#6644);
#5632=AXIS2_PLACEMENT_3D('',#8221,#6647,#6648);
#5633=AXIS2_PLACEMENT_3D('',#8222,#6649,#6650);
#5634=AXIS2_PLACEMENT_3D('',#8223,#6651,#6652);
#5635=AXIS2_PLACEMENT_3D('',#8224,#6653,#6654);
#5636=AXIS2_PLACEMENT_3D('',#8230,#6658,#6659);
#5637=AXIS2_PLACEMENT_3D('',#8236,#6663,#6664);
#5638=AXIS2_PLACEMENT_3D('',#8240,#6666,#6667);
#5639=AXIS2_PLACEMENT_3D('',#8244,#6670,#6671);
#5640=AXIS2_PLACEMENT_3D('',#8245,#6672,#6673);
#5641=AXIS2_PLACEMENT_3D('',#8248,#6674,#6675);
#5642=AXIS2_PLACEMENT_3D('',#8249,#6676,#6677);
#5643=AXIS2_PLACEMENT_3D('',#8251,#6679,#6680);
#5644=AXIS2_PLACEMENT_3D('',#8252,#6681,#6682);
#5645=AXIS2_PLACEMENT_3D('',#8255,#6684,#6685);
#5646=AXIS2_PLACEMENT_3D('',#8259,#6688,#6689);
#5647=AXIS2_PLACEMENT_3D('',#8260,#6690,#6691);
#5648=AXIS2_PLACEMENT_3D('',#8263,#6693,#6694);
#5649=AXIS2_PLACEMENT_3D('',#8266,#6697,#6698);
#5650=AXIS2_PLACEMENT_3D('',#8269,#6701,#6702);
#5651=AXIS2_PLACEMENT_3D('',#8271,#6704,#6705);
#5652=AXIS2_PLACEMENT_3D('',#8273,#6707,#6708);
#5653=AXIS2_PLACEMENT_3D('',#8275,#6710,#6711);
#5654=AXIS2_PLACEMENT_3D('',#8276,#6712,#6713);
#5655=AXIS2_PLACEMENT_3D('',#8278,#6714,#6715);
#5656=AXIS2_PLACEMENT_3D('',#8281,#6717,#6718);
#5657=AXIS2_PLACEMENT_3D('',#8284,#6721,#6722);
#5658=AXIS2_PLACEMENT_3D('',#8285,#6723,#6724);
#5659=AXIS2_PLACEMENT_3D('',#8286,#6725,#6726);
#5660=AXIS2_PLACEMENT_3D('',#8289,#6728,#6729);
#5661=AXIS2_PLACEMENT_3D('',#8293,#6732,#6733);
#5662=AXIS2_PLACEMENT_3D('',#8294,#6734,#6735);
#5663=AXIS2_PLACEMENT_3D('',#8295,#6736,#6737);
#5664=AXIS2_PLACEMENT_3D('',#8296,#6738,#6739);
#5665=AXIS2_PLACEMENT_3D('',#8305,#6744,#6745);
#5666=AXIS2_PLACEMENT_3D('',#8308,#6747,#6748);
#5667=AXIS2_PLACEMENT_3D('',#8309,#6749,#6750);
#5668=AXIS2_PLACEMENT_3D('',#8322,#6756,#6757);
#5669=AXIS2_PLACEMENT_3D('',#8332,#6762,#6763);
#5670=AXIS2_PLACEMENT_3D('',#8339,#6767,#6768);
#5671=AXIS2_PLACEMENT_3D('',#8343,#6770,#6771);
#5672=AXIS2_PLACEMENT_3D('',#8347,#6773,#6774);
#5673=AXIS2_PLACEMENT_3D('',#8351,#6776,#6777);
#5674=AXIS2_PLACEMENT_3D('',#8354,#6779,#6780);
#5675=AXIS2_PLACEMENT_3D('',#8367,#6787,#6788);
#5676=AXIS2_PLACEMENT_3D('',#8373,#6792,#6793);
#5677=AXIS2_PLACEMENT_3D('',#8377,#6796,#6797);
#5678=AXIS2_PLACEMENT_3D('',#8381,#6800,#6801);
#5679=AXIS2_PLACEMENT_3D('',#8389,#6805,#6806);
#5680=AXIS2_PLACEMENT_3D('',#8393,#6808,#6809);
#5681=AXIS2_PLACEMENT_3D('',#8400,#6813,#6814);
#5682=AXIS2_PLACEMENT_3D('',#8405,#6817,#6818);
#5683=AXIS2_PLACEMENT_3D('',#8409,#6821,#6822);
#5684=AXIS2_PLACEMENT_3D('',#8413,#6825,#6826);
#5685=AXIS2_PLACEMENT_3D('',#8419,#6830,#6831);
#5686=AXIS2_PLACEMENT_3D('',#8420,#6832,#6833);
#5687=AXIS2_PLACEMENT_3D('',#8425,#6836,#6837);
#5688=AXIS2_PLACEMENT_3D('',#8429,#6840,#6841);
#5689=AXIS2_PLACEMENT_3D('',#8430,#6842,#6843);
#5690=AXIS2_PLACEMENT_3D('',#8433,#6845,#6846);
#5691=AXIS2_PLACEMENT_3D('',#8438,#6850,#6851);
#5692=AXIS2_PLACEMENT_3D('',#8440,#6853,#6854);
#5693=AXIS2_PLACEMENT_3D('',#8441,#6855,#6856);
#5694=AXIS2_PLACEMENT_3D('',#8444,#6859,#6860);
#5695=AXIS2_PLACEMENT_3D('',#8445,#6861,#6862);
#5696=AXIS2_PLACEMENT_3D('',#8446,#6863,#6864);
#5697=AXIS2_PLACEMENT_3D('',#8448,#6865,#6866);
#5698=AXIS2_PLACEMENT_3D('',#8449,#6867,#6868);
#5699=AXIS2_PLACEMENT_3D('',#8450,#6869,#6870);
#5700=AXIS2_PLACEMENT_3D('',#8453,#6872,#6873);
#5701=AXIS2_PLACEMENT_3D('',#8459,#6877,#6878);
#5702=AXIS2_PLACEMENT_3D('',#8462,#6880,#6881);
#5703=AXIS2_PLACEMENT_3D('',#8463,#6882,#6883);
#5704=AXIS2_PLACEMENT_3D('',#8467,#6886,#6887);
#5705=AXIS2_PLACEMENT_3D('',#8470,#6889,#6890);
#5706=AXIS2_PLACEMENT_3D('',#8471,#6891,#6892);
#5707=AXIS2_PLACEMENT_3D('',#8475,#6895,#6896);
#5708=AXIS2_PLACEMENT_3D('',#8476,#6897,#6898);
#5709=AXIS2_PLACEMENT_3D('',#8480,#6900,#6901);
#5710=AXIS2_PLACEMENT_3D('',#8483,#6903,#6904);
#5711=AXIS2_PLACEMENT_3D('',#8489,#6908,#6909);
#5712=AXIS2_PLACEMENT_3D('',#8490,#6910,#6911);
#5713=AXIS2_PLACEMENT_3D('',#8491,#6912,#6913);
#5714=AXIS2_PLACEMENT_3D('',#8496,#6917,#6918);
#5715=AXIS2_PLACEMENT_3D('',#8499,#6920,#6921);
#5716=AXIS2_PLACEMENT_3D('',#8500,#6922,#6923);
#5717=AXIS2_PLACEMENT_3D('',#8501,#6924,#6925);
#5718=AXIS2_PLACEMENT_3D('',#8504,#6927,#6928);
#5719=AXIS2_PLACEMENT_3D('',#8506,#6930,#6931);
#5720=AXIS2_PLACEMENT_3D('',#8507,#6932,#6933);
#5721=AXIS2_PLACEMENT_3D('',#8508,#6934,#6935);
#5722=AXIS2_PLACEMENT_3D('',#8514,#6939,#6940);
#5723=AXIS2_PLACEMENT_3D('',#8517,#6943,#6944);
#5724=AXIS2_PLACEMENT_3D('',#8518,#6945,#6946);
#5725=AXIS2_PLACEMENT_3D('',#8528,#6952,#6953);
#5726=AXIS2_PLACEMENT_3D('',#8531,#6955,#6956);
#5727=AXIS2_PLACEMENT_3D('',#8534,#6958,#6959);
#5728=AXIS2_PLACEMENT_3D('',#8535,#6960,#6961);
#5729=AXIS2_PLACEMENT_3D('',#8539,#6963,#6964);
#5730=AXIS2_PLACEMENT_3D('',#8540,#6965,#6966);
#5731=AXIS2_PLACEMENT_3D('',#8544,#6968,#6969);
#5732=AXIS2_PLACEMENT_3D('',#8548,#6971,#6972);
#5733=AXIS2_PLACEMENT_3D('',#8554,#6976,#6977);
#5734=AXIS2_PLACEMENT_3D('',#8557,#6979,#6980);
#5735=AXIS2_PLACEMENT_3D('',#8558,#6981,#6982);
#5736=AXIS2_PLACEMENT_3D('',#8564,#6986,#6987);
#5737=AXIS2_PLACEMENT_3D('',#8565,#6988,#6989);
#5738=AXIS2_PLACEMENT_3D('',#8566,#6990,#6991);
#5739=AXIS2_PLACEMENT_3D('',#8572,#6995,#6996);
#5740=AXIS2_PLACEMENT_3D('',#8573,#6997,#6998);
#5741=AXIS2_PLACEMENT_3D('',#8574,#6999,#7000);
#5742=AXIS2_PLACEMENT_3D('',#8580,#7005,#7006);
#5743=AXIS2_PLACEMENT_3D('',#8581,#7007,#7008);
#5744=AXIS2_PLACEMENT_3D('',#8582,#7009,#7010);
#5745=AXIS2_PLACEMENT_3D('',#8583,#7011,#7012);
#5746=AXIS2_PLACEMENT_3D('',#8586,#7014,#7015);
#5747=AXIS2_PLACEMENT_3D('',#8588,#7017,#7018);
#5748=AXIS2_PLACEMENT_3D('',#8589,#7019,#7020);
#5749=AXIS2_PLACEMENT_3D('',#8590,#7021,#7022);
#5750=AXIS2_PLACEMENT_3D('',#8595,#7025,#7026);
#5751=AXIS2_PLACEMENT_3D('',#8599,#7029,#7030);
#5752=AXIS2_PLACEMENT_3D('',#8600,#7031,#7032);
#5753=AXIS2_PLACEMENT_3D('',#8601,#7033,#7034);
#5754=AXIS2_PLACEMENT_3D('',#8605,#7037,#7038);
#5755=AXIS2_PLACEMENT_3D('',#8606,#7039,#7040);
#5756=AXIS2_PLACEMENT_3D('',#8607,#7041,#7042);
#5757=AXIS2_PLACEMENT_3D('',#8608,#7043,#7044);
#5758=AXIS2_PLACEMENT_3D('',#8611,#7046,#7047);
#5759=AXIS2_PLACEMENT_3D('',#8615,#7050,#7051);
#5760=AXIS2_PLACEMENT_3D('',#8616,#7052,#7053);
#5761=AXIS2_PLACEMENT_3D('',#8617,#7054,#7055);
#5762=AXIS2_PLACEMENT_3D('',#8618,#7056,#7057);
#5763=AXIS2_PLACEMENT_3D('',#8619,#7058,#7059);
#5764=AXIS2_PLACEMENT_3D('',#8620,#7060,#7061);
#5765=AXIS2_PLACEMENT_3D('',#8621,#7062,#7063);
#5766=AXIS2_PLACEMENT_3D('',#8622,#7064,#7065);
#5767=AXIS2_PLACEMENT_3D('',#8623,#7066,#7067);
#5768=AXIS2_PLACEMENT_3D('',#8624,#7068,#7069);
#5769=AXIS2_PLACEMENT_3D('',#8627,#7070,#7071);
#5770=AXIS2_PLACEMENT_3D('',#8628,#7072,#7073);
#5771=AXIS2_PLACEMENT_3D('',#8629,#7074,#7075);
#5772=AXIS2_PLACEMENT_3D('',#8632,#7076,#7077);
#5773=AXIS2_PLACEMENT_3D('',#8633,#7078,#7079);
#5774=AXIS2_PLACEMENT_3D('',#8636,#7082,#7083);
#5775=AXIS2_PLACEMENT_3D('',#8637,#7084,#7085);
#5776=AXIS2_PLACEMENT_3D('',#8641,#7087,#7088);
#5777=AXIS2_PLACEMENT_3D('',#8645,#7090,#7091);
#5778=AXIS2_PLACEMENT_3D('',#8646,#7092,#7093);
#5779=AXIS2_PLACEMENT_3D('',#8647,#7094,#7095);
#5780=AXIS2_PLACEMENT_3D('',#8648,#7096,#7097);
#5781=AXIS2_PLACEMENT_3D('',#8649,#7098,#7099);
#5782=AXIS2_PLACEMENT_3D('',#8650,#7100,#7101);
#5783=AXIS2_PLACEMENT_3D('',#8651,#7102,#7103);
#5784=AXIS2_PLACEMENT_3D('',#8652,#7104,#7105);
#5785=AXIS2_PLACEMENT_3D('',#8655,#7106,#7107);
#5786=AXIS2_PLACEMENT_3D('',#8656,#7108,#7109);
#5787=AXIS2_PLACEMENT_3D('',#8657,#7110,#7111);
#5788=AXIS2_PLACEMENT_3D('',#8660,#7112,#7113);
#5789=AXIS2_PLACEMENT_3D('',#8661,#7114,#7115);
#5790=AXIS2_PLACEMENT_3D('',#8664,#7118,#7119);
#5791=AXIS2_PLACEMENT_3D('',#8665,#7120,#7121);
#5792=AXIS2_PLACEMENT_3D('',#8669,#7123,#7124);
#5793=AXIS2_PLACEMENT_3D('',#8673,#7126,#7127);
#5794=AXIS2_PLACEMENT_3D('',#8674,#7128,#7129);
#5795=AXIS2_PLACEMENT_3D('',#8675,#7130,#7131);
#5796=AXIS2_PLACEMENT_3D('',#8676,#7132,#7133);
#5797=AXIS2_PLACEMENT_3D('',#8677,#7134,#7135);
#5798=AXIS2_PLACEMENT_3D('',#8678,#7136,#7137);
#5799=AXIS2_PLACEMENT_3D('',#8679,#7138,#7139);
#5800=AXIS2_PLACEMENT_3D('',#8680,#7140,#7141);
#5801=AXIS2_PLACEMENT_3D('',#8681,#7142,#7143);
#5802=AXIS2_PLACEMENT_3D('',#8683,#7144,#7145);
#5803=AXIS2_PLACEMENT_3D('',#8685,#7146,#7147);
#5804=AXIS2_PLACEMENT_3D('',#8686,#7148,#7149);
#5805=AXIS2_PLACEMENT_3D('',#8688,#7150,#7151);
#5806=AXIS2_PLACEMENT_3D('',#8689,#7152,#7153);
#5807=AXIS2_PLACEMENT_3D('',#8690,#7154,#7155);
#5808=AXIS2_PLACEMENT_3D('',#8695,#7157,#7158);
#5809=AXIS2_PLACEMENT_3D('',#8698,#7160,#7161);
#5810=AXIS2_PLACEMENT_3D('',#8703,#7163,#7164);
#5811=AXIS2_PLACEMENT_3D('',#8706,#7166,#7167);
#5812=AXIS2_PLACEMENT_3D('',#8711,#7169,#7170);
#5813=AXIS2_PLACEMENT_3D('',#8714,#7172,#7173);
#5814=AXIS2_PLACEMENT_3D('',#8719,#7175,#7176);
#5815=AXIS2_PLACEMENT_3D('',#8722,#7178,#7179);
#5816=AXIS2_PLACEMENT_3D('',#8724,#7180,#7181);
#5817=AXIS2_PLACEMENT_3D('',#8726,#7182,#7183);
#5818=AXIS2_PLACEMENT_3D('',#8727,#7184,#7185);
#5819=AXIS2_PLACEMENT_3D('',#8729,#7186,#7187);
#5820=AXIS2_PLACEMENT_3D('',#8731,#7188,#7189);
#5821=AXIS2_PLACEMENT_3D('',#8732,#7190,#7191);
#5822=AXIS2_PLACEMENT_3D('',#8733,#7192,#7193);
#5823=AXIS2_PLACEMENT_3D('',#8738,#7195,#7196);
#5824=AXIS2_PLACEMENT_3D('',#8741,#7198,#7199);
#5825=AXIS2_PLACEMENT_3D('',#8744,#7202,#7203);
#5826=AXIS2_PLACEMENT_3D('',#8746,#7205,#7206);
#5827=AXIS2_PLACEMENT_3D('',#8748,#7208,#7209);
#5828=AXIS2_PLACEMENT_3D('',#8749,#7210,#7211);
#5829=AXIS2_PLACEMENT_3D('',#8750,#7212,#7213);
#5830=AXIS2_PLACEMENT_3D('',#8755,#7215,#7216);
#5831=AXIS2_PLACEMENT_3D('',#8758,#7218,#7219);
#5832=AXIS2_PLACEMENT_3D('',#8761,#7222,#7223);
#5833=AXIS2_PLACEMENT_3D('',#8763,#7225,#7226);
#5834=AXIS2_PLACEMENT_3D('',#8765,#7228,#7229);
#5835=AXIS2_PLACEMENT_3D('',#8766,#7230,#7231);
#5836=AXIS2_PLACEMENT_3D('',#8767,#7232,#7233);
#5837=AXIS2_PLACEMENT_3D('',#8772,#7235,#7236);
#5838=AXIS2_PLACEMENT_3D('',#8775,#7238,#7239);
#5839=AXIS2_PLACEMENT_3D('',#8778,#7242,#7243);
#5840=AXIS2_PLACEMENT_3D('',#8780,#7245,#7246);
#5841=AXIS2_PLACEMENT_3D('',#8782,#7248,#7249);
#5842=AXIS2_PLACEMENT_3D('',#8783,#7250,#7251);
#5843=AXIS2_PLACEMENT_3D('',#8784,#7252,#7253);
#5844=AXIS2_PLACEMENT_3D('',#8789,#7255,#7256);
#5845=AXIS2_PLACEMENT_3D('',#8792,#7258,#7259);
#5846=AXIS2_PLACEMENT_3D('',#8795,#7262,#7263);
#5847=AXIS2_PLACEMENT_3D('',#8797,#7265,#7266);
#5848=AXIS2_PLACEMENT_3D('',#8799,#7268,#7269);
#5849=AXIS2_PLACEMENT_3D('',#8800,#7270,#7271);
#5850=AXIS2_PLACEMENT_3D('',#8801,#7272,#7273);
#5851=AXIS2_PLACEMENT_3D('',#8803,#7274,#7275);
#5852=AXIS2_PLACEMENT_3D('',#8804,#7276,#7277);
#5853=AXIS2_PLACEMENT_3D('',#8806,#7278,#7279);
#5854=AXIS2_PLACEMENT_3D('',#8807,#7280,#7281);
#5855=AXIS2_PLACEMENT_3D('',#8808,#7282,#7283);
#5856=DIRECTION('',(0.,0.,1.));
#5857=DIRECTION('',(1.,0.,0.));
#5858=DIRECTION('',(0.,0.,1.));
#5859=DIRECTION('',(1.,0.,0.));
#5860=DIRECTION('',(0.,1.,0.));
#5861=DIRECTION('',(-1.,0.,0.));
#5862=DIRECTION('',(0.,1.,0.));
#5863=DIRECTION('',(-1.,0.,0.));
#5864=DIRECTION('',(0.,-1.,0.));
#5865=DIRECTION('',(0.,0.,-1.));
#5866=DIRECTION('',(-1.,0.,0.));
#5867=DIRECTION('',(0.,0.,1.));
#5868=DIRECTION('',(1.,0.,0.));
#5869=DIRECTION('',(0.,0.,-1.));
#5870=DIRECTION('',(1.,0.,0.));
#5871=DIRECTION('',(0.,0.,-1.));
#5872=DIRECTION('',(1.,0.,0.));
#5873=DIRECTION('',(1.,0.,0.));
#5874=DIRECTION('',(1.,0.,0.));
#5875=DIRECTION('',(0.,0.,-1.));
#5876=DIRECTION('',(1.,0.,0.));
#5877=DIRECTION('',(0.,0.,-1.));
#5878=DIRECTION('',(1.,0.,0.));
#5879=DIRECTION('',(0.,0.,1.));
#5880=DIRECTION('',(1.,0.,0.));
#5881=DIRECTION('',(0.,0.,-1.));
#5882=DIRECTION('',(0.,1.,0.));
#5883=DIRECTION('',(0.,0.,-1.));
#5884=DIRECTION('',(0.,-1.,0.));
#5885=DIRECTION('',(0.,0.,1.));
#5886=DIRECTION('',(0.,1.,0.));
#5887=DIRECTION('',(0.,0.,-1.));
#5888=DIRECTION('',(0.,-1.,0.));
#5889=DIRECTION('',(0.,0.,1.));
#5890=DIRECTION('',(0.,-1.,0.));
#5891=DIRECTION('',(0.,-1.,0.));
#5892=DIRECTION('',(0.,1.,0.));
#5893=DIRECTION('',(0.,0.,-1.));
#5894=DIRECTION('',(0.,1.,0.));
#5895=DIRECTION('',(0.,0.,-1.));
#5896=DIRECTION('',(0.,0.,1.));
#5897=DIRECTION('',(0.,1.,0.));
#5898=DIRECTION('',(0.,0.,1.));
#5899=DIRECTION('',(1.,0.,0.));
#5900=DIRECTION('',(1.,0.,0.));
#5901=DIRECTION('',(1.,0.,0.));
#5902=DIRECTION('',(0.,0.,-1.));
#5903=DIRECTION('',(-1.,0.,0.));
#5904=DIRECTION('',(0.,0.,-1.));
#5905=DIRECTION('',(-1.,0.,0.));
#5906=DIRECTION('',(-1.,0.,0.));
#5907=DIRECTION('',(-1.,0.,0.));
#5908=DIRECTION('',(0.,0.,-1.));
#5909=DIRECTION('',(-1.,0.,0.));
#5910=DIRECTION('',(0.,0.,-1.));
#5911=DIRECTION('',(-1.,0.,0.));
#5912=DIRECTION('',(0.,0.,1.));
#5913=DIRECTION('',(-1.,0.,0.));
#5914=DIRECTION('',(0.,0.,1.));
#5915=DIRECTION('',(0.,-1.,0.));
#5916=DIRECTION('',(0.,0.,-1.));
#5917=DIRECTION('',(0.,1.,0.));
#5918=DIRECTION('',(0.,0.,1.));
#5919=DIRECTION('',(0.,-1.,0.));
#5920=DIRECTION('',(0.,0.,-1.));
#5921=DIRECTION('',(0.,1.,0.));
#5922=DIRECTION('',(0.,0.,1.));
#5923=DIRECTION('',(0.,1.,0.));
#5924=DIRECTION('',(0.,1.,0.));
#5925=DIRECTION('',(0.,-1.,0.));
#5926=DIRECTION('',(0.,0.,-1.));
#5927=DIRECTION('',(0.,-1.,0.));
#5928=DIRECTION('',(0.,0.,-1.));
#5929=DIRECTION('',(0.,-1.,0.));
#5930=DIRECTION('',(-1.,0.,0.));
#5931=DIRECTION('',(0.,0.,1.));
#5932=DIRECTION('',(0.,0.,-1.));
#5933=DIRECTION('',(0.,-1.,0.));
#5934=DIRECTION('',(0.,0.,1.));
#5935=DIRECTION('',(0.,1.,0.));
#5936=DIRECTION('',(0.,0.,-1.));
#5937=DIRECTION('',(0.,-1.,0.));
#5938=DIRECTION('',(-3.947953E-13,0.,1.));
#5939=DIRECTION('',(1.,0.,0.));
#5940=DIRECTION('',(0.,-0.707106781186548,0.707106781186548));
#5941=DIRECTION('',(0.,1.,0.));
#5942=DIRECTION('',(1.,0.,0.));
#5943=DIRECTION('',(0.,0.707106781186548,0.707106781186548));
#5944=DIRECTION('',(1.,0.,0.));
#5945=DIRECTION('',(0.,0.,-1.));
#5946=DIRECTION('',(0.,0.,1.));
#5947=DIRECTION('',(0.,-1.,0.));
#5948=DIRECTION('',(0.,0.,-1.));
#5949=DIRECTION('',(0.,1.,0.));
#5950=DIRECTION('',(0.,-1.,0.));
#5951=DIRECTION('',(0.,0.,-1.));
#5952=DIRECTION('',(0.,0.,-1.));
#5953=DIRECTION('',(1.,0.,0.));
#5954=DIRECTION('',(0.,0.,1.));
#5955=DIRECTION('',(-1.,0.,0.));
#5956=DIRECTION('',(0.,1.,0.));
#5957=DIRECTION('',(0.,0.,1.));
#5958=DIRECTION('',(0.,0.,-1.));
#5959=DIRECTION('',(-1.,0.,0.));
#5960=DIRECTION('',(0.,0.,1.));
#5961=DIRECTION('',(1.,0.,0.));
#5962=DIRECTION('',(0.,1.,0.));
#5963=DIRECTION('',(0.,0.,1.));
#5964=DIRECTION('',(1.,0.,0.));
#5965=DIRECTION('',(-1.,0.,0.));
#5966=DIRECTION('',(0.,0.,-1.));
#5967=DIRECTION('',(0.,0.,-1.));
#5968=DIRECTION('',(-0.502815111556033,0.864393986322727,0.));
#5969=DIRECTION('',(0.,0.,1.));
#5970=DIRECTION('',(1.,0.,0.));
#5971=DIRECTION('',(0.,0.,-1.));
#5972=DIRECTION('',(1.,0.,0.));
#5973=DIRECTION('',(0.,0.,-1.));
#5974=DIRECTION('',(1.,0.,0.));
#5975=DIRECTION('',(0.,0.,-1.));
#5976=DIRECTION('',(0.,-1.,0.));
#5977=DIRECTION('',(0.,1.,0.));
#5978=DIRECTION('',(0.,-1.,0.));
#5979=DIRECTION('',(0.,0.,-1.));
#5980=DIRECTION('',(-1.,0.,0.));
#5981=DIRECTION('',(1.,0.,0.));
#5982=DIRECTION('',(0.,0.,-1.));
#5983=DIRECTION('',(0.,0.,-1.));
#5984=DIRECTION('',(-0.502815111556033,0.864393986322727,0.));
#5985=DIRECTION('',(0.,0.,1.));
#5986=DIRECTION('',(1.,0.,0.));
#5987=DIRECTION('',(0.,0.,-1.));
#5988=DIRECTION('',(1.,0.,0.));
#5989=DIRECTION('',(0.,0.,-1.));
#5990=DIRECTION('',(-1.,0.,0.));
#5991=DIRECTION('',(0.,0.,1.));
#5992=DIRECTION('',(0.,1.,0.));
#5993=DIRECTION('',(0.,-1.,0.));
#5994=DIRECTION('',(1.,0.,0.));
#5995=DIRECTION('',(0.,0.,-1.));
#5996=DIRECTION('',(0.,-1.,0.));
#5997=DIRECTION('',(0.,1.,0.));
#5998=DIRECTION('',(0.,0.,-1.));
#5999=DIRECTION('',(0.,0.,-1.));
#6000=DIRECTION('',(-0.502815111556033,0.864393986322727,0.));
#6001=DIRECTION('',(0.,0.,1.));
#6002=DIRECTION('',(1.,0.,0.));
#6003=DIRECTION('',(0.,0.,-1.));
#6004=DIRECTION('',(1.,0.,0.));
#6005=DIRECTION('',(0.,0.,-1.));
#6006=DIRECTION('',(0.,-1.,0.));
#6007=DIRECTION('',(0.,0.,-1.));
#6008=DIRECTION('',(-1.,0.,0.));
#6009=DIRECTION('',(1.,0.,0.));
#6010=DIRECTION('',(-1.,0.,0.));
#6011=DIRECTION('',(0.,0.,1.));
#6012=DIRECTION('',(0.,1.,0.));
#6013=DIRECTION('',(0.,-1.,0.));
#6014=DIRECTION('',(0.,0.,-1.));
#6015=DIRECTION('',(0.,0.,-1.));
#6016=DIRECTION('',(-0.502815111556033,0.864393986322727,0.));
#6017=DIRECTION('',(0.,0.,1.));
#6018=DIRECTION('',(-0.502815111556033,0.864393986322727,0.));
#6019=DIRECTION('',(0.,0.,-1.));
#6020=DIRECTION('',(1.,0.,0.));
#6021=DIRECTION('',(0.,0.,-1.));
#6022=DIRECTION('',(0.,1.,0.));
#6023=DIRECTION('',(0.,0.,1.));
#6024=DIRECTION('',(1.,0.,0.));
#6025=DIRECTION('',(-1.,0.,0.));
#6026=DIRECTION('',(0.,0.,1.));
#6027=DIRECTION('',(1.,0.,0.));
#6028=DIRECTION('',(1.,0.,0.));
#6029=DIRECTION('',(0.,1.,0.));
#6030=DIRECTION('',(0.,0.,1.));
#6031=DIRECTION('',(1.,0.,0.));
#6032=DIRECTION('',(-1.,0.,0.));
#6033=DIRECTION('',(0.,-1.,0.));
#6034=DIRECTION('',(0.,0.,1.));
#6035=DIRECTION('',(1.,0.,0.));
#6036=DIRECTION('',(1.,0.,0.));
#6037=DIRECTION('',(0.,-1.,0.));
#6038=DIRECTION('',(0.,-1.,0.));
#6039=DIRECTION('',(0.,0.,-1.));
#6040=DIRECTION('',(1.,0.,0.));
#6041=DIRECTION('',(0.,0.,-1.));
#6042=DIRECTION('',(0.,1.,0.));
#6043=DIRECTION('',(0.,0.,1.));
#6044=DIRECTION('',(-1.,0.,0.));
#6045=DIRECTION('',(0.,0.,-1.));
#6046=DIRECTION('',(-1.,0.,0.));
#6047=DIRECTION('',(0.,0.,1.));
#6048=DIRECTION('',(0.,-1.,0.));
#6049=DIRECTION('',(-1.,0.,0.));
#6050=DIRECTION('',(0.,0.,1.));
#6051=DIRECTION('',(0.,-1.,0.));
#6052=DIRECTION('',(0.,0.,1.));
#6053=DIRECTION('',(1.,0.,0.));
#6054=DIRECTION('',(-1.,0.,0.));
#6055=DIRECTION('',(0.,-1.,0.));
#6056=DIRECTION('',(0.,1.,0.));
#6057=DIRECTION('',(-1.,0.,0.));
#6058=DIRECTION('',(1.,0.,0.));
#6059=DIRECTION('',(0.,1.,0.));
#6060=DIRECTION('',(0.,-1.,0.));
#6061=DIRECTION('',(1.,0.,0.));
#6062=DIRECTION('',(0.,1.,0.));
#6063=DIRECTION('',(0.,1.,0.));
#6064=DIRECTION('',(0.,0.,1.));
#6065=DIRECTION('',(0.,0.,-1.));
#6066=DIRECTION('',(0.,-1.,0.));
#6067=DIRECTION('',(0.,0.,-1.));
#6068=DIRECTION('',(0.,0.,-1.));
#6069=DIRECTION('',(-1.,0.,0.));
#6070=DIRECTION('',(0.,0.,1.));
#6071=DIRECTION('',(0.,0.,1.));
#6072=DIRECTION('',(0.,-1.,0.));
#6073=DIRECTION('',(1.,0.,0.));
#6074=DIRECTION('',(0.,0.,-1.));
#6075=DIRECTION('',(1.,0.,0.));
#6076=DIRECTION('',(0.,0.,-1.));
#6077=DIRECTION('',(1.,0.,0.));
#6078=DIRECTION('',(0.,0.,-1.));
#6079=DIRECTION('',(0.,0.,-1.));
#6080=DIRECTION('',(0.,1.,0.));
#6081=DIRECTION('',(0.,1.,0.));
#6082=DIRECTION('',(1.,0.,0.));
#6083=DIRECTION('',(0.,0.,-1.));
#6084=DIRECTION('',(0.,0.,1.));
#6085=DIRECTION('',(0.,1.,0.));
#6086=DIRECTION('',(0.,1.,0.));
#6087=DIRECTION('',(0.,0.,1.));
#6088=DIRECTION('',(1.,0.,0.));
#6089=DIRECTION('',(0.,1.,0.));
#6090=DIRECTION('',(-1.,0.,0.));
#6091=DIRECTION('',(0.,-1.,0.));
#6092=DIRECTION('',(1.,0.,0.));
#6093=DIRECTION('',(0.,0.,1.));
#6094=DIRECTION('',(1.,0.,0.));
#6095=DIRECTION('',(-1.,0.,0.));
#6096=DIRECTION('',(0.,-1.,0.));
#6097=DIRECTION('',(1.,0.,0.));
#6098=DIRECTION('',(-1.,0.,0.));
#6099=DIRECTION('',(0.,0.,1.));
#6100=DIRECTION('',(0.,0.,-1.));
#6101=DIRECTION('',(0.,-1.,0.));
#6102=DIRECTION('',(0.,0.,1.));
#6103=DIRECTION('',(1.,0.,0.));
#6104=DIRECTION('',(0.,-1.,0.));
#6105=DIRECTION('',(-1.,0.,0.));
#6106=DIRECTION('',(0.,1.,0.));
#6107=DIRECTION('',(1.,0.,0.));
#6108=DIRECTION('',(0.,-1.,0.));
#6109=DIRECTION('',(0.,0.,-1.));
#6110=DIRECTION('',(1.,0.,0.));
#6111=DIRECTION('',(0.,0.,1.));
#6112=DIRECTION('',(-1.,0.,0.));
#6113=DIRECTION('',(0.,0.,1.));
#6114=DIRECTION('',(-1.,0.,0.));
#6115=DIRECTION('',(0.,0.,1.));
#6116=DIRECTION('',(-1.,0.,0.));
#6117=DIRECTION('',(0.,0.,1.));
#6118=DIRECTION('',(0.,0.,1.));
#6119=DIRECTION('',(-1.,0.,0.));
#6120=DIRECTION('',(0.,0.,1.));
#6121=DIRECTION('',(1.,0.,0.));
#6122=DIRECTION('',(0.,0.,-1.));
#6123=DIRECTION('',(0.,0.,1.));
#6124=DIRECTION('',(0.,-1.,0.));
#6125=DIRECTION('',(-1.,0.,0.));
#6126=DIRECTION('',(0.,0.,1.));
#6127=DIRECTION('',(0.,0.,1.));
#6128=DIRECTION('',(0.,1.,0.));
#6129=DIRECTION('',(0.,1.,0.));
#6130=DIRECTION('',(0.,0.,1.));
#6131=DIRECTION('',(1.,0.,0.));
#6132=DIRECTION('',(0.,0.,1.));
#6133=DIRECTION('',(0.,0.,1.));
#6134=DIRECTION('',(1.,0.,0.));
#6135=DIRECTION('',(0.,0.,1.));
#6136=DIRECTION('',(1.,0.,0.));
#6137=DIRECTION('',(0.,0.,1.));
#6138=DIRECTION('',(1.,0.,0.));
#6139=DIRECTION('',(0.,0.,1.));
#6140=DIRECTION('',(1.,0.,0.));
#6141=DIRECTION('',(0.,1.,0.));
#6142=DIRECTION('',(0.,-1.,0.));
#6143=DIRECTION('',(0.,0.,1.));
#6144=DIRECTION('',(1.,0.,0.));
#6145=DIRECTION('',(0.,-1.,0.));
#6146=DIRECTION('',(0.,1.,0.));
#6147=DIRECTION('',(-1.,0.,0.));
#6148=DIRECTION('',(0.,0.,1.));
#6149=DIRECTION('',(1.,0.,0.));
#6150=DIRECTION('',(0.,0.,-1.));
#6151=DIRECTION('',(0.,0.,1.));
#6152=DIRECTION('',(1.,0.,0.));
#6153=DIRECTION('',(0.,-1.,0.));
#6154=DIRECTION('',(1.,0.,0.));
#6155=DIRECTION('',(0.,0.,-1.));
#6156=DIRECTION('',(0.,0.,1.));
#6157=DIRECTION('',(1.,0.,0.));
#6158=DIRECTION('',(0.,1.,0.));
#6159=DIRECTION('',(-1.,0.,0.));
#6160=DIRECTION('',(0.,0.,1.));
#6161=DIRECTION('',(0.,1.,0.));
#6162=DIRECTION('',(0.,0.,1.));
#6163=DIRECTION('',(1.,0.,0.));
#6164=DIRECTION('',(-1.,0.,0.));
#6165=DIRECTION('',(0.,0.,1.));
#6166=DIRECTION('',(0.,1.,0.));
#6167=DIRECTION('',(0.,0.,1.));
#6168=DIRECTION('',(-1.,0.,0.));
#6169=DIRECTION('',(0.,0.,-1.));
#6170=DIRECTION('',(1.,0.,0.));
#6171=DIRECTION('',(0.,0.,1.));
#6172=DIRECTION('',(1.,0.,0.));
#6173=DIRECTION('',(0.,1.,0.));
#6174=DIRECTION('',(1.,0.,0.));
#6175=DIRECTION('',(0.,0.,-1.));
#6176=DIRECTION('',(0.,1.,0.));
#6177=DIRECTION('',(0.,0.,-1.));
#6178=DIRECTION('',(-1.,0.,0.));
#6179=DIRECTION('',(0.,-1.,0.));
#6180=DIRECTION('',(0.,0.,-1.));
#6181=DIRECTION('',(1.,0.,0.));
#6182=DIRECTION('',(0.,0.,1.));
#6183=DIRECTION('',(-1.,0.,0.));
#6184=DIRECTION('',(0.,-1.,0.));
#6185=DIRECTION('',(0.,0.,-1.));
#6186=DIRECTION('',(1.,0.,0.));
#6187=DIRECTION('',(0.,0.,-1.));
#6188=DIRECTION('',(-1.,0.,0.));
#6189=DIRECTION('',(0.,0.,1.));
#6190=DIRECTION('',(1.,0.,0.));
#6191=DIRECTION('',(0.,-1.,0.));
#6192=DIRECTION('',(1.,0.,0.));
#6193=DIRECTION('',(0.,0.,-1.));
#6194=DIRECTION('',(0.,-1.,0.));
#6195=DIRECTION('',(0.,0.,-1.));
#6196=DIRECTION('',(-1.,0.,0.));
#6197=DIRECTION('',(0.,1.,0.));
#6198=DIRECTION('',(0.,0.,1.));
#6199=DIRECTION('',(0.,0.,1.));
#6200=DIRECTION('',(-1.,0.,0.));
#6201=DIRECTION('',(-1.,0.,0.));
#6202=DIRECTION('',(0.,-1.,0.));
#6203=DIRECTION('',(0.,0.,-1.));
#6204=DIRECTION('',(0.,0.,1.));
#6205=DIRECTION('',(-1.,0.,0.));
#6206=DIRECTION('',(-1.,0.,0.));
#6207=DIRECTION('',(0.,0.,1.));
#6208=DIRECTION('',(1.,0.,0.));
#6209=DIRECTION('',(0.988936352868297,-0.148340452930247,0.));
#6210=DIRECTION('',(1.,0.,0.));
#6211=DIRECTION('',(-0.988936352868298,-0.148340452930242,0.));
#6212=DIRECTION('',(0.,-1.,0.));
#6213=DIRECTION('',(0.,0.,1.));
#6214=DIRECTION('',(1.,0.,0.));
#6215=DIRECTION('',(0.,1.,0.));
#6216=DIRECTION('',(1.,0.,0.));
#6217=DIRECTION('',(0.,-1.,0.));
#6218=DIRECTION('',(-1.,0.,0.));
#6219=DIRECTION('',(1.,0.,0.));
#6220=DIRECTION('',(0.,-1.,0.));
#6221=DIRECTION('',(0.,0.,-1.));
#6222=DIRECTION('',(1.,0.,0.));
#6223=DIRECTION('',(0.,-1.,0.));
#6224=DIRECTION('',(-1.,0.,0.));
#6225=DIRECTION('',(0.,1.,0.));
#6226=DIRECTION('',(0.,0.,-1.));
#6227=DIRECTION('',(0.25,-0.968245836551853,0.));
#6228=DIRECTION('',(0.,1.,0.));
#6229=DIRECTION('',(1.,0.,0.));
#6230=DIRECTION('',(0.,-1.,0.));
#6231=DIRECTION('',(-1.,0.,0.));
#6232=DIRECTION('',(-1.,0.,0.));
#6233=DIRECTION('',(0.,0.,1.));
#6234=DIRECTION('',(0.,-1.,0.));
#6235=DIRECTION('',(0.,0.,1.));
#6236=DIRECTION('',(0.,0.,1.));
#6237=DIRECTION('',(0.,0.,1.));
#6238=DIRECTION('',(0.25,-0.968245836551853,0.));
#6239=DIRECTION('',(0.,0.,1.));
#6240=DIRECTION('',(-1.,0.,0.));
#6241=DIRECTION('',(0.,0.,1.));
#6242=DIRECTION('',(1.,0.,0.));
#6243=DIRECTION('',(0.,0.,-1.));
#6244=DIRECTION('',(0.,1.,0.));
#6245=DIRECTION('',(0.,0.,1.));
#6246=DIRECTION('',(0.,0.,1.));
#6247=DIRECTION('',(0.,1.,0.));
#6248=DIRECTION('',(0.,0.,1.));
#6249=DIRECTION('',(-1.,0.,0.));
#6250=DIRECTION('',(0.,-1.,0.));
#6251=DIRECTION('',(0.,0.,-1.));
#6252=DIRECTION('',(1.,0.,0.));
#6253=DIRECTION('',(0.,0.,1.));
#6254=DIRECTION('',(0.,0.,1.));
#6255=DIRECTION('',(1.,0.,0.));
#6256=DIRECTION('',(0.,0.,-1.));
#6257=DIRECTION('',(-1.,0.,0.));
#6258=DIRECTION('',(0.,0.,-1.));
#6259=DIRECTION('',(0.,-1.,0.));
#6260=DIRECTION('',(-1.,0.,0.));
#6261=DIRECTION('',(0.,0.,-1.));
#6262=DIRECTION('',(0.,0.,1.));
#6263=DIRECTION('',(0.,1.,0.));
#6264=DIRECTION('',(0.,0.,1.));
#6265=DIRECTION('',(-1.,0.,0.));
#6266=DIRECTION('',(0.,0.,1.));
#6267=DIRECTION('',(-1.,0.,0.));
#6268=DIRECTION('',(0.,0.,1.));
#6269=DIRECTION('',(0.,-1.,0.));
#6270=DIRECTION('',(0.,0.,1.));
#6271=DIRECTION('',(1.,0.,0.));
#6272=DIRECTION('',(0.,-1.,0.));
#6273=DIRECTION('',(-1.,0.,0.));
#6274=DIRECTION('',(0.,1.,0.));
#6275=DIRECTION('',(1.,0.,0.));
#6276=DIRECTION('',(1.,0.,0.));
#6277=DIRECTION('',(-1.,0.,0.));
#6278=DIRECTION('',(0.,-1.,0.));
#6279=DIRECTION('',(-1.,0.,0.));
#6280=DIRECTION('',(0.,-0.707107003553601,0.707106558819425));
#6281=DIRECTION('',(-1.,0.,0.));
#6282=DIRECTION('',(0.707106781186549,-0.707106781186547,-1.094764E-47));
#6283=DIRECTION('',(-0.707106781186547,-0.707106781186549,1.276671E-31));
#6284=DIRECTION('',(-0.707106781186548,-0.707106781186548,-1.962616E-15));
#6285=DIRECTION('',(-0.707106781186548,0.707106781186548,-1.962616E-15));
#6286=DIRECTION('',(0.,-1.,0.));
#6287=DIRECTION('',(0.707106981106576,0.,0.707106581266462));
#6288=DIRECTION('',(0.,-1.,0.));
#6289=DIRECTION('',(0.70710678118655,-0.707106781186545,0.));
#6290=DIRECTION('',(-0.707106781186545,-0.70710678118655,8.082268E-31));
#6291=DIRECTION('',(1.,0.,0.));
#6292=DIRECTION('',(0.,0.707106981106572,0.707106581266466));
#6293=DIRECTION('',(1.,0.,0.));
#6294=DIRECTION('',(0.707106781186548,0.707106781186548,0.));
#6295=DIRECTION('',(0.707106781186548,-0.707106781186548,1.276671E-31));
#6296=DIRECTION('',(0.,1.,0.));
#6297=DIRECTION('',(-0.707106768416618,0.,0.707106793956477));
#6298=DIRECTION('',(0.,1.,0.));
#6299=DIRECTION('',(0.,0.,-1.));
#6300=DIRECTION('',(-1.,0.,0.));
#6301=DIRECTION('',(0.,1.,0.));
#6302=DIRECTION('',(-1.,0.,0.));
#6303=DIRECTION('',(0.,-1.,0.));
#6304=DIRECTION('',(1.,0.,0.));
#6305=DIRECTION('',(-1.,0.,0.));
#6306=DIRECTION('',(0.,0.707106761784881,-0.707106800588213));
#6307=DIRECTION('',(0.707106781186548,-0.707106781186547,0.));
#6308=DIRECTION('',(0.707106781186547,0.707106781186548,-1.600058E-29));
#6309=DIRECTION('',(0.707106781186548,0.707106781186548,1.962616E-15));
#6310=DIRECTION('',(-0.707106781186548,0.707106781186548,-1.962616E-15));
#6311=DIRECTION('',(0.,-1.,0.));
#6312=DIRECTION('',(-0.707106263658272,0.,-0.707107298714445));
#6313=DIRECTION('',(-0.707106781186548,0.707106781186548,0.));
#6314=DIRECTION('',(-0.707106781186548,-0.707106781186548,1.600058E-29));
#6315=DIRECTION('',(1.,0.,0.));
#6316=DIRECTION('',(0.,-0.707106278617233,-0.707107283755505));
#6317=DIRECTION('',(-0.707106781186542,-0.707106781186553,-1.094764E-47));
#6318=DIRECTION('',(0.707106781186553,-0.707106781186542,-1.467985E-31));
#6319=DIRECTION('',(0.,1.,0.));
#6320=DIRECTION('',(0.70710679395648,0.,-0.707106768416615));
#6321=DIRECTION('',(0.,0.,-1.));
#6322=DIRECTION('',(-1.,0.,0.));
#6323=DIRECTION('',(0.,0.,-1.));
#6324=DIRECTION('',(-1.,0.,0.));
#6325=DIRECTION('',(0.,0.,-1.));
#6326=DIRECTION('',(-1.,0.,0.));
#6327=DIRECTION('',(0.,0.,1.));
#6328=DIRECTION('',(-1.,0.,0.));
#6329=DIRECTION('',(0.,0.,-1.));
#6330=DIRECTION('',(-1.,0.,0.));
#6331=DIRECTION('',(-1.,0.,0.));
#6332=DIRECTION('',(0.,-1.,0.));
#6333=DIRECTION('',(1.,0.,0.));
#6334=DIRECTION('',(0.,1.,0.));
#6335=DIRECTION('',(0.,-1.,0.));
#6336=DIRECTION('',(-0.707106278616872,0.,-0.707107283755866));
#6337=DIRECTION('',(0.707106781186548,0.707106781186548,0.));
#6338=DIRECTION('',(0.707106781186548,-0.707106781186548,0.));
#6339=DIRECTION('',(0.,1.,0.));
#6340=DIRECTION('',(-0.707106781186548,0.707106781186548,0.));
#6341=DIRECTION('',(0.707106781186548,0.707106781186548,0.));
#6342=DIRECTION('',(1.,0.,0.));
#6343=DIRECTION('',(0.,-0.707106278617233,-0.707107283755505));
#6344=DIRECTION('',(-1.,0.,0.));
#6345=DIRECTION('',(-0.707106781186548,-0.707106781186548,0.));
#6346=DIRECTION('',(-0.707106781186548,0.707106781186548,0.));
#6347=DIRECTION('',(0.,1.,0.));
#6348=DIRECTION('',(0.707106781186902,0.,-0.707106781186193));
#6349=DIRECTION('',(0.,-1.,0.));
#6350=DIRECTION('',(0.707106781186548,-0.707106781186548,0.));
#6351=DIRECTION('',(-0.707106781186548,-0.707106781186548,0.));
#6352=DIRECTION('',(-1.,0.,0.));
#6353=DIRECTION('',(0.,0.707106761784881,-0.707106800588213));
#6354=DIRECTION('',(1.,0.,0.));
#6355=DIRECTION('',(0.,-1.,0.));
#6356=DIRECTION('',(0.,0.,-1.));
#6357=DIRECTION('',(1.,0.,0.));
#6358=DIRECTION('',(0.,0.,1.));
#6359=DIRECTION('',(1.,0.,0.));
#6360=DIRECTION('',(0.,0.,-1.));
#6361=DIRECTION('',(0.,1.,0.));
#6362=DIRECTION('',(0.,0.,1.));
#6363=DIRECTION('',(0.,1.,0.));
#6364=DIRECTION('',(0.,0.,1.));
#6365=DIRECTION('',(-1.,0.,0.));
#6366=DIRECTION('',(-1.,0.,0.));
#6367=DIRECTION('',(0.,0.707106781186193,-0.707106781186903));
#6368=DIRECTION('',(0.707106781186549,0.707106781186546,7.850462E-15));
#6369=DIRECTION('',(-0.707106781186546,0.707106781186549,-7.850462E-15));
#6370=DIRECTION('',(0.,-1.,0.));
#6371=DIRECTION('',(-0.707106720419976,0.,-0.707106841953114));
#6372=DIRECTION('',(-0.707106781186549,0.707106781186546,-7.850462E-15));
#6373=DIRECTION('',(-0.707106781186546,-0.707106781186549,7.850462E-15));
#6374=DIRECTION('',(1.,0.,0.));
#6375=DIRECTION('',(0.,-0.707106733189537,-0.707106829183555));
#6376=DIRECTION('',(1.,0.,0.));
#6377=DIRECTION('',(0.,-0.707106733189537,-0.707106829183555));
#6378=DIRECTION('',(-0.707106781186548,-0.707106781186548,0.));
#6379=DIRECTION('',(-0.707106781186548,0.707106781186548,0.));
#6380=DIRECTION('',(1.,0.,0.));
#6381=DIRECTION('',(0.,1.,0.));
#6382=DIRECTION('',(0.707106706187344,0.,-0.707106856185743));
#6383=DIRECTION('',(0.,1.,0.));
#6384=DIRECTION('',(0.707106781186548,-0.707106781186548,0.));
#6385=DIRECTION('',(-0.707106781186548,-0.707106781186548,0.));
#6386=DIRECTION('',(-1.,0.,0.));
#6387=DIRECTION('',(0.,0.707106781186193,-0.707106781186903));
#6388=DIRECTION('',(-1.,0.,0.));
#6389=DIRECTION('',(0.,0.,1.));
#6390=DIRECTION('',(1.,0.,0.));
#6391=DIRECTION('',(0.,-1.,0.));
#6392=DIRECTION('',(-1.,0.,0.));
#6393=DIRECTION('',(0.,1.,0.));
#6394=DIRECTION('',(1.,0.,0.));
#6395=DIRECTION('',(0.,-1.,0.));
#6396=DIRECTION('',(0.70710680474735,0.,0.707106757625745));
#6397=DIRECTION('',(-0.707106781186548,-0.707106781186548,0.));
#6398=DIRECTION('',(0.707106781186548,-0.707106781186548,0.));
#6399=DIRECTION('',(0.707106781186548,-0.707106781186548,0.));
#6400=DIRECTION('',(0.707106781186548,0.707106781186548,0.));
#6401=DIRECTION('',(1.,0.,0.));
#6402=DIRECTION('',(0.,0.707106981106572,0.707106581266466));
#6403=DIRECTION('',(0.707106781186548,0.707106781186548,0.));
#6404=DIRECTION('',(-0.707106781186548,0.707106781186548,0.));
#6405=DIRECTION('',(-1.,0.,0.));
#6406=DIRECTION('',(0.,-0.707107003553601,0.707106558819425));
#6407=DIRECTION('',(0.707106781186548,-0.707106781186548,0.));
#6408=DIRECTION('',(0.707106781186548,0.707106781186548,0.));
#6409=DIRECTION('',(0.,1.,0.));
#6410=DIRECTION('',(-0.707106757625739,0.,0.707106804747355));
#6411=DIRECTION('',(-1.,0.,0.));
#6412=DIRECTION('',(0.,0.,1.));
#6413=DIRECTION('',(0.,-1.,0.));
#6414=DIRECTION('',(0.,0.,1.));
#6415=DIRECTION('',(0.,-1.,0.));
#6416=DIRECTION('',(0.,0.,-1.));
#6417=DIRECTION('',(1.,0.,0.));
#6418=DIRECTION('',(0.,0.,1.));
#6419=DIRECTION('',(1.,0.,0.));
#6420=DIRECTION('',(0.,0.,-1.));
#6421=DIRECTION('',(0.,1.,0.));
#6422=DIRECTION('',(0.,0.,1.));
#6423=DIRECTION('',(0.,0.,1.));
#6424=DIRECTION('',(0.25,-0.968245836551853,0.));
#6425=DIRECTION('',(0.,0.,1.));
#6426=DIRECTION('',(1.,0.,0.));
#6427=DIRECTION('',(-1.,0.,0.));
#6428=DIRECTION('',(0.,0.707106733189539,-0.707106829183553));
#6429=DIRECTION('',(-1.,0.,0.));
#6430=DIRECTION('',(0.707106781186557,-0.707106781186538,-1.094764E-47));
#6431=DIRECTION('',(0.707106781186538,0.707106781186557,5.36642E-32));
#6432=DIRECTION('',(0.707106781186548,0.707106781186548,0.));
#6433=DIRECTION('',(-0.707106781186548,0.707106781186548,2.266352E-32));
#6434=DIRECTION('',(0.,-1.,0.));
#6435=DIRECTION('',(-0.707106733189179,0.,-0.707106829183913));
#6436=DIRECTION('',(0.,-1.,0.));
#6437=DIRECTION('',(0.,0.,-1.));
#6438=DIRECTION('',(-1.,0.,0.));
#6439=DIRECTION('',(0.,0.,-1.));
#6440=DIRECTION('',(1.,0.,0.));
#6441=DIRECTION('',(0.,-1.,0.));
#6442=DIRECTION('',(-0.707106733189179,0.,-0.707106829183913));
#6443=DIRECTION('',(-0.707106781186548,0.707106781186548,0.));
#6444=DIRECTION('',(0.707106781186548,0.707106781186548,0.));
#6445=DIRECTION('',(0.,-1.,0.));
#6446=DIRECTION('',(1.,0.,0.));
#6447=DIRECTION('',(0.,-0.707106781186546,-0.707106781186549));
#6448=DIRECTION('',(1.,0.,0.));
#6449=DIRECTION('',(-0.707106781186548,-0.707106781186548,0.));
#6450=DIRECTION('',(-0.707106781186548,0.707106781186548,0.));
#6451=DIRECTION('',(0.,1.,0.));
#6452=DIRECTION('',(0.707106733189181,0.,-0.707106829183911));
#6453=DIRECTION('',(0.,1.,0.));
#6454=DIRECTION('',(0.,0.,-1.));
#6455=DIRECTION('',(-1.,0.,0.));
#6456=DIRECTION('',(0.,0.,-1.));
#6457=DIRECTION('',(-1.,0.,0.));
#6458=DIRECTION('',(0.,1.,0.));
#6459=DIRECTION('',(0.707106733189181,0.,-0.707106829183911));
#6460=DIRECTION('',(0.,1.,0.));
#6461=DIRECTION('',(0.,0.,1.));
#6462=DIRECTION('',(1.,0.,0.));
#6463=DIRECTION('',(0.,0.,1.));
#6464=DIRECTION('',(-1.,0.,0.));
#6465=DIRECTION('',(0.,0.,-1.));
#6466=DIRECTION('',(-1.,0.,0.));
#6467=DIRECTION('',(1.,0.,0.));
#6468=DIRECTION('',(0.,0.,-1.));
#6469=DIRECTION('',(0.,0.,-1.));
#6470=DIRECTION('',(0.,1.,0.));
#6471=DIRECTION('',(0.,0.,1.));
#6472=DIRECTION('',(0.,-1.,0.));
#6473=DIRECTION('',(1.,0.,0.));
#6474=DIRECTION('',(0.,0.,-1.));
#6475=DIRECTION('',(0.,4.16333668800658E-16,1.));
#6476=DIRECTION('',(0.,4.16333668800657E-16,-1.));
#6477=DIRECTION('',(0.,1.,0.));
#6478=DIRECTION('',(0.,0.,-1.));
#6479=DIRECTION('',(-1.,0.,0.));
#6480=DIRECTION('',(-0.988936352868297,0.148340452930247,0.));
#6481=DIRECTION('',(0.988936352868298,0.148340452930242,0.));
#6482=DIRECTION('',(-1.,0.,0.));
#6483=DIRECTION('',(0.,0.,-1.));
#6484=DIRECTION('',(-1.,0.,0.));
#6485=DIRECTION('',(0.988936352868298,0.148340452930242,-1.481533E-15));
#6486=DIRECTION('',(1.,0.,0.));
#6487=DIRECTION('',(-0.988936352868297,0.148340452930247,1.481533E-15));
#6488=DIRECTION('',(0.,0.,1.));
#6489=DIRECTION('',(1.,0.,0.));
#6490=DIRECTION('',(-0.988936352868298,-0.148340452930242,1.394384E-15));
#6491=DIRECTION('',(0.988936352868297,-0.148340452930246,-1.394384E-15));
#6492=DIRECTION('',(-1.,0.,0.));
#6493=DIRECTION('',(0.,1.,0.));
#6494=DIRECTION('',(0.,0.,1.));
#6495=DIRECTION('',(0.,0.,-1.));
#6496=DIRECTION('',(0.,-1.,0.));
#6497=DIRECTION('',(0.,0.,-1.));
#6498=DIRECTION('',(0.,0.,-1.));
#6499=DIRECTION('',(0.148340452930242,-0.988936352868298,-4.117275E-16));
#6500=DIRECTION('',(0.,0.,-1.));
#6501=DIRECTION('',(0.148340452930247,0.988936352868297,-4.117275E-16));
#6502=DIRECTION('',(0.,0.,1.));
#6503=DIRECTION('',(0.148340452930247,0.988936352868297,-4.117275E-16));
#6504=DIRECTION('',(0.,0.,1.));
#6505=DIRECTION('',(0.148340452930242,-0.988936352868298,-4.117275E-16));
#6506=DIRECTION('',(0.,0.,-1.));
#6507=DIRECTION('',(1.30504397180061E-13,1.48099110289836E-28,1.));
#6508=DIRECTION('',(1.,0.,-1.30504397180061E-13));
#6509=DIRECTION('',(0.,0.,-1.));
#6510=DIRECTION('',(-1.,0.,0.));
#6511=DIRECTION('',(6.58196090125526E-14,6.58196090125526E-14,1.));
#6512=DIRECTION('',(1.,0.,-6.58196090125526E-14));
#6513=DIRECTION('',(0.,0.,-1.));
#6514=DIRECTION('',(-1.,0.,0.));
#6515=DIRECTION('',(-4.57336189121129E-14,4.57336189121108E-14,-1.));
#6516=DIRECTION('',(-1.,0.,4.57336189121129E-14));
#6517=DIRECTION('',(0.,0.,1.));
#6518=DIRECTION('',(1.,0.,0.));
#6519=DIRECTION('',(-4.65221295830136E-14,0.,-1.));
#6520=DIRECTION('',(-1.,0.,4.65221295830136E-14));
#6521=DIRECTION('',(0.,0.,1.));
#6522=DIRECTION('',(1.,0.,0.));
#6523=DIRECTION('',(0.,0.,1.));
#6524=DIRECTION('',(1.,0.,0.));
#6525=DIRECTION('',(0.,1.,0.));
#6526=DIRECTION('',(-1.,0.,0.));
#6527=DIRECTION('',(0.,-1.,0.));
#6528=DIRECTION('',(0.,0.,1.));
#6529=DIRECTION('',(1.,0.,0.));
#6530=DIRECTION('',(1.,0.,0.));
#6531=DIRECTION('',(0.,-1.,0.));
#6532=DIRECTION('',(0.,0.,1.));
#6533=DIRECTION('',(1.,0.,0.));
#6534=DIRECTION('',(1.,0.,0.));
#6535=DIRECTION('',(0.,1.,0.));
#6536=DIRECTION('',(-1.,0.,0.));
#6537=DIRECTION('',(0.,0.,1.));
#6538=DIRECTION('',(0.,1.,0.));
#6539=DIRECTION('',(0.,0.,1.));
#6540=DIRECTION('',(0.,1.,0.));
#6541=DIRECTION('',(0.,0.,1.));
#6542=DIRECTION('',(0.,-1.,0.));
#6543=DIRECTION('',(0.,0.,-1.));
#6544=DIRECTION('',(-1.,0.,0.));
#6545=DIRECTION('',(-1.,0.,0.));
#6546=DIRECTION('',(0.,0.,1.));
#6547=DIRECTION('',(0.,-1.,0.));
#6548=DIRECTION('',(0.,0.,-1.));
#6549=DIRECTION('',(-1.,0.,0.));
#6550=DIRECTION('',(0.,0.,1.));
#6551=DIRECTION('',(-1.,0.,0.));
#6552=DIRECTION('',(0.,0.,1.));
#6553=DIRECTION('',(1.,0.,0.));
#6554=DIRECTION('',(0.,0.,-1.));
#6555=DIRECTION('',(0.,-1.,0.));
#6556=DIRECTION('',(0.,-1.,0.));
#6557=DIRECTION('',(0.,0.,1.));
#6558=DIRECTION('',(0.,1.,0.));
#6559=DIRECTION('',(0.,0.,1.));
#6560=DIRECTION('',(1.,0.,0.));
#6561=DIRECTION('',(1.,0.,0.));
#6562=DIRECTION('',(0.,0.,1.));
#6563=DIRECTION('',(0.,1.,0.));
#6564=DIRECTION('',(0.,0.,1.));
#6565=DIRECTION('',(1.,0.,0.));
#6566=DIRECTION('',(0.,0.,1.));
#6567=DIRECTION('',(1.,0.,0.));
#6568=DIRECTION('',(0.,0.,1.));
#6569=DIRECTION('',(1.,0.,0.));
#6570=DIRECTION('',(0.,0.,1.));
#6571=DIRECTION('',(1.,0.,0.));
#6572=DIRECTION('',(0.,0.,-1.));
#6573=DIRECTION('',(-1.,0.,0.));
#6574=DIRECTION('',(0.707106781186548,0.,-0.707106781186547));
#6575=DIRECTION('',(-0.707106781186547,0.,-0.707106781186548));
#6576=DIRECTION('',(0.707106781186547,0.,0.707106781186548));
#6577=DIRECTION('',(0.,1.,0.));
#6578=DIRECTION('',(0.707106781186547,0.,0.707106781186548));
#6579=DIRECTION('',(0.,1.,0.));
#6580=DIRECTION('',(0.,0.,-1.));
#6581=DIRECTION('',(-1.,0.,0.));
#6582=DIRECTION('',(1.,0.,0.));
#6583=DIRECTION('',(1.,0.,0.));
#6584=DIRECTION('',(0.,1.,0.));
#6585=DIRECTION('',(-1.,0.,0.));
#6586=DIRECTION('',(0.,0.,1.));
#6587=DIRECTION('',(0.,-1.,0.));
#6588=DIRECTION('',(0.,0.,-1.));
#6589=DIRECTION('',(0.,0.,-1.));
#6590=DIRECTION('',(0.,0.,1.));
#6591=DIRECTION('',(1.,0.,0.));
#6592=DIRECTION('',(0.,1.,0.));
#6593=DIRECTION('',(-1.,0.,0.));
#6594=DIRECTION('',(-0.904943417793052,0.425531914893618,0.));
#6595=DIRECTION('',(0.,0.,-1.));
#6596=DIRECTION('',(0.605061988595497,-0.796178365667432,0.));
#6597=DIRECTION('',(-0.796178365667432,-0.605061988595497,2.524983E-15));
#6598=DIRECTION('',(-1.,0.,0.));
#6599=DIRECTION('',(0.,1.,0.));
#6600=DIRECTION('',(-1.,0.,0.));
#6601=DIRECTION('',(0.,0.,-1.));
#6602=DIRECTION('',(-0.605061988595491,0.796178365667436,0.));
#6603=DIRECTION('',(0.796178365667433,0.605061988595495,0.));
#6604=DIRECTION('',(0.,0.,1.));
#6605=DIRECTION('',(-0.605061988595497,0.796178365667432,0.));
#6606=DIRECTION('',(0.904943417793052,-0.425531914893618,0.));
#6607=DIRECTION('',(1.,0.,0.));
#6608=DIRECTION('',(-1.,0.,0.));
#6609=DIRECTION('',(0.,0.,1.));
#6610=DIRECTION('',(0.,0.,-1.));
#6611=DIRECTION('',(0.,0.,-1.));
#6612=DIRECTION('',(0.,1.,0.));
#6613=DIRECTION('',(-0.393919298579167,0.,-0.919145030018058));
#6614=DIRECTION('',(-0.919145030018058,0.,0.393919298579167));
#6615=DIRECTION('',(0.,-1.,0.));
#6616=DIRECTION('',(0.919145030018058,2.124241E-15,-0.393919298579167));
#6617=DIRECTION('',(0.919145030018058,0.,-0.393919298579167));
#6618=DIRECTION('',(0.,0.,1.));
#6619=DIRECTION('',(1.,0.,0.));
#6620=DIRECTION('',(0.,-1.,0.));
#6621=DIRECTION('',(-1.,0.,0.));
#6622=DIRECTION('',(0.,1.,0.));
#6623=DIRECTION('',(-1.,0.,0.));
#6624=DIRECTION('',(1.,0.,0.));
#6625=DIRECTION('',(0.,0.,-1.));
#6626=DIRECTION('',(0.,1.,0.));
#6627=DIRECTION('',(0.,0.,1.));
#6628=DIRECTION('',(0.,0.,1.));
#6629=DIRECTION('',(0.,0.,-1.));
#6630=DIRECTION('',(-1.,0.,0.));
#6631=DIRECTION('',(0.,-1.,0.));
#6632=DIRECTION('',(1.,0.,0.));
#6633=DIRECTION('',(0.904943417793052,-0.425531914893618,0.));
#6634=DIRECTION('',(0.,0.,1.));
#6635=DIRECTION('',(-0.605061988595497,0.796178365667432,0.));
#6636=DIRECTION('',(0.796178365667433,0.605061988595495,0.));
#6637=DIRECTION('',(0.,0.,-1.));
#6638=DIRECTION('',(-0.605061988595491,0.796178365667436,0.));
#6639=DIRECTION('',(1.,0.,0.));
#6640=DIRECTION('',(0.,1.,0.));
#6641=DIRECTION('',(1.,0.,0.));
#6642=DIRECTION('',(-0.796178365667432,-0.605061988595497,0.));
#6643=DIRECTION('',(0.,0.,-1.));
#6644=DIRECTION('',(0.605061988595497,-0.796178365667432,0.));
#6645=DIRECTION('',(-0.904943417793052,0.425531914893618,0.));
#6646=DIRECTION('',(-1.,0.,0.));
#6647=DIRECTION('',(0.,1.,0.));
#6648=DIRECTION('',(-0.707106781186547,0.,-0.707106781186548));
#6649=DIRECTION('',(0.,-1.,0.));
#6650=DIRECTION('',(0.707106781186546,0.,0.707106781186549));
#6651=DIRECTION('',(0.,1.,0.));
#6652=DIRECTION('',(0.707106781186546,0.,0.707106781186549));
#6653=DIRECTION('',(0.,1.,0.));
#6654=DIRECTION('',(0.,0.,1.));
#6655=DIRECTION('',(0.,0.,1.));
#6656=DIRECTION('',(1.,0.,0.));
#6657=DIRECTION('',(0.,0.,1.));
#6658=DIRECTION('',(-1.,0.,0.));
#6659=DIRECTION('',(0.,0.,1.));
#6660=DIRECTION('',(0.,1.,0.));
#6661=DIRECTION('',(0.,1.,0.));
#6662=DIRECTION('',(0.,0.,1.));
#6663=DIRECTION('',(0.,1.,0.));
#6664=DIRECTION('',(0.,0.,1.));
#6665=DIRECTION('',(0.,0.,-1.));
#6666=DIRECTION('',(0.,1.,0.));
#6667=DIRECTION('',(0.,0.,1.));
#6668=DIRECTION('',(-1.,0.,0.));
#6669=DIRECTION('',(-1.,0.,0.));
#6670=DIRECTION('',(0.,1.,0.));
#6671=DIRECTION('',(0.,0.,-1.));
#6672=DIRECTION('',(0.874140817540692,0.485284000423668,0.01942344053179));
#6673=DIRECTION('',(-0.011168097991305,-0.019897407110815,0.99973964949757));
#6674=DIRECTION('',(0.,-1.,0.));
#6675=DIRECTION('',(0.707106781186547,0.,0.707106781186548));
#6676=DIRECTION('',(0.,1.,0.));
#6677=DIRECTION('',(-0.707106781186547,0.,0.707106781186548));
#6678=DIRECTION('',(0.,-1.,0.));
#6679=DIRECTION('',(-1.,0.,0.));
#6680=DIRECTION('',(0.,0.,1.));
#6681=DIRECTION('',(1.,0.,0.));
#6682=DIRECTION('',(0.,-0.707106781186548,-0.707106781186548));
#6683=DIRECTION('',(0.,1.,0.));
#6684=DIRECTION('',(0.,0.,-1.));
#6685=DIRECTION('',(-1.,0.,0.));
#6686=DIRECTION('',(1.,0.,0.));
#6687=DIRECTION('',(0.,1.,0.));
#6688=DIRECTION('',(1.,0.,0.));
#6689=DIRECTION('',(0.,0.707106781187675,0.70710678118542));
#6690=DIRECTION('',(-1.,0.,0.));
#6691=DIRECTION('',(0.,-0.707106781186548,-0.707106781186548));
#6692=DIRECTION('',(-1.,0.,0.));
#6693=DIRECTION('',(0.605061988595497,-0.796178365667432,0.));
#6694=DIRECTION('',(0.,0.,-1.));
#6695=DIRECTION('',(0.,0.,1.));
#6696=DIRECTION('',(0.,0.,-1.));
#6697=DIRECTION('',(0.,0.,1.));
#6698=DIRECTION('',(0.319234736778881,-0.94767567386407,0.));
#6699=DIRECTION('',(0.,0.,-1.));
#6700=DIRECTION('',(0.,0.,1.));
#6701=DIRECTION('',(-0.605061988595497,0.796178365667432,0.));
#6702=DIRECTION('',(0.,0.,1.));
#6703=DIRECTION('',(0.,0.,1.));
#6704=DIRECTION('',(0.,0.,1.));
#6705=DIRECTION('',(-0.605061988595497,0.796178365667432,0.));
#6706=DIRECTION('',(0.,0.,1.));
#6707=DIRECTION('',(0.425531914893618,0.904943417793052,0.));
#6708=DIRECTION('',(0.,0.,1.));
#6709=DIRECTION('',(0.,0.,1.));
#6710=DIRECTION('',(0.,1.,0.));
#6711=DIRECTION('',(0.,0.,1.));
#6712=DIRECTION('',(0.,-1.,0.));
#6713=DIRECTION('',(-0.707106781186549,0.,0.707106781186546));
#6714=DIRECTION('',(0.,-1.,0.));
#6715=DIRECTION('',(-0.707106781186549,0.,-0.707106781186546));
#6716=DIRECTION('',(0.,0.,1.));
#6717=DIRECTION('',(-0.425531914893617,-0.904943417793053,0.));
#6718=DIRECTION('',(0.,0.,-1.));
#6719=DIRECTION('',(0.,0.,1.));
#6720=DIRECTION('',(0.,0.,1.));
#6721=DIRECTION('',(0.,0.,1.));
#6722=DIRECTION('',(-0.104953422916181,0.994477138509567,0.));
#6723=DIRECTION('',(0.,1.,0.));
#6724=DIRECTION('',(0.707106781186546,0.,0.707106781186549));
#6725=DIRECTION('',(0.,1.,0.));
#6726=DIRECTION('',(-0.707106781186549,0.,-0.707106781186546));
#6727=DIRECTION('',(0.,1.,0.));
#6728=DIRECTION('',(-1.,0.,0.));
#6729=DIRECTION('',(0.,0.,1.));
#6730=DIRECTION('',(0.,-1.,0.));
#6731=DIRECTION('',(0.,0.,1.));
#6732=DIRECTION('',(0.,-1.,0.));
#6733=DIRECTION('',(0.,0.,-1.));
#6734=DIRECTION('',(0.,1.,0.));
#6735=DIRECTION('',(-0.707106781186549,0.,0.707106781186546));
#6736=DIRECTION('',(0.,1.,0.));
#6737=DIRECTION('',(0.707106781186548,0.,-0.707106781186547));
#6738=DIRECTION('',(-1.,0.,0.));
#6739=DIRECTION('',(0.,0.,1.));
#6740=DIRECTION('',(0.,1.,0.));
#6741=DIRECTION('',(0.,0.,-1.));
#6742=DIRECTION('',(0.,1.,0.));
#6743=DIRECTION('',(0.,-1.,0.));
#6744=DIRECTION('',(1.,0.,0.));
#6745=DIRECTION('',(0.,0.,1.));
#6746=DIRECTION('',(0.,0.,-1.));
#6747=DIRECTION('',(0.,-1.,0.));
#6748=DIRECTION('',(0.,0.,-1.));
#6749=DIRECTION('',(0.,1.,0.));
#6750=DIRECTION('',(0.,0.,-1.));
#6751=DIRECTION('',(0.919145030018058,0.,-0.393919298579167));
#6752=DIRECTION('',(0.,0.,-1.));
#6753=DIRECTION('',(-1.,0.,0.));
#6754=DIRECTION('',(0.,0.,-1.));
#6755=DIRECTION('',(1.,0.,0.));
#6756=DIRECTION('',(0.,-1.,0.));
#6757=DIRECTION('',(0.,0.,-1.));
#6758=DIRECTION('',(0.,0.,-1.));
#6759=DIRECTION('',(1.,0.,0.));
#6760=DIRECTION('',(0.707106781186547,0.,0.707106781186548));
#6761=DIRECTION('',(0.,0.,1.));
#6762=DIRECTION('',(0.,-1.,0.));
#6763=DIRECTION('',(0.,0.,-1.));
#6764=DIRECTION('',(1.,0.,0.));
#6765=DIRECTION('',(0.,0.,1.));
#6766=DIRECTION('',(1.,0.,0.));
#6767=DIRECTION('',(0.,-1.,0.));
#6768=DIRECTION('',(0.,0.,-1.));
#6769=DIRECTION('',(-1.,0.,0.));
#6770=DIRECTION('',(0.,-1.,0.));
#6771=DIRECTION('',(0.,0.,-1.));
#6772=DIRECTION('',(-0.224859506698759,0.,0.97439119569462));
#6773=DIRECTION('',(0.,1.,0.));
#6774=DIRECTION('',(0.,0.,-1.));
#6775=DIRECTION('',(-1.,0.,0.));
#6776=DIRECTION('',(0.,1.,0.));
#6777=DIRECTION('',(0.,0.,-1.));
#6778=DIRECTION('',(0.,0.,-1.));
#6779=DIRECTION('',(0.,0.,-1.));
#6780=DIRECTION('',(-1.,0.,0.));
#6781=DIRECTION('',(-1.,0.,0.));
#6782=DIRECTION('',(0.,-1.,0.));
#6783=DIRECTION('',(1.,0.,0.));
#6784=DIRECTION('',(0.,-1.,0.));
#6785=DIRECTION('',(-1.,0.,0.));
#6786=DIRECTION('',(0.,-1.,0.));
#6787=DIRECTION('',(1.,0.,0.));
#6788=DIRECTION('',(0.,0.,-1.));
#6789=DIRECTION('',(0.,1.,0.));
#6790=DIRECTION('',(0.,-1.,0.));
#6791=DIRECTION('',(0.,0.,1.));
#6792=DIRECTION('',(0.707106781186548,0.,-0.707106781186547));
#6793=DIRECTION('',(-0.707106781186547,0.,-0.707106781186548));
#6794=DIRECTION('',(0.,-1.,0.));
#6795=DIRECTION('',(0.707106781186547,0.,0.707106781186548));
#6796=DIRECTION('',(0.,0.,-1.));
#6797=DIRECTION('',(-1.,0.,0.));
#6798=DIRECTION('',(0.,-1.,0.));
#6799=DIRECTION('',(1.,0.,0.));
#6800=DIRECTION('',(0.,0.,1.));
#6801=DIRECTION('',(1.,0.,0.));
#6802=DIRECTION('',(0.,1.,0.));
#6803=DIRECTION('',(1.,0.,0.));
#6804=DIRECTION('',(0.904943417793052,0.425531914893618,0.));
#6805=DIRECTION('',(0.,0.,-1.));
#6806=DIRECTION('',(1.,0.,0.));
#6807=DIRECTION('',(0.796178365667432,-0.605061988595497,0.));
#6808=DIRECTION('',(0.,0.,1.));
#6809=DIRECTION('',(1.,0.,0.));
#6810=DIRECTION('',(0.,-1.,0.));
#6811=DIRECTION('',(-1.,0.,0.));
#6812=DIRECTION('',(-0.796178365667432,0.605061988595497,0.));
#6813=DIRECTION('',(0.,0.,1.));
#6814=DIRECTION('',(1.,0.,0.));
#6815=DIRECTION('',(-0.904943417793053,-0.425531914893617,0.));
#6816=DIRECTION('',(-1.,0.,0.));
#6817=DIRECTION('',(-1.,0.,0.));
#6818=DIRECTION('',(0.,0.,1.));
#6819=DIRECTION('',(0.,-1.,0.));
#6820=DIRECTION('',(0.,0.,-1.));
#6821=DIRECTION('',(-0.393919298579167,0.,-0.919145030018058));
#6822=DIRECTION('',(-0.919145030018058,0.,0.393919298579167));
#6823=DIRECTION('',(0.,-1.,0.));
#6824=DIRECTION('',(0.919145030018058,0.,-0.393919298579167));
#6825=DIRECTION('',(0.,0.,1.));
#6826=DIRECTION('',(1.,0.,0.));
#6827=DIRECTION('',(0.,1.,0.));
#6828=DIRECTION('',(0.,-1.,0.));
#6829=DIRECTION('',(-1.,0.,0.));
#6830=DIRECTION('',(-1.,0.,0.));
#6831=DIRECTION('',(0.,0.,1.));
#6832=DIRECTION('',(1.,0.,0.));
#6833=DIRECTION('',(0.,0.,1.));
#6834=DIRECTION('',(0.,0.,-1.));
#6835=DIRECTION('',(0.,-1.,0.));
#6836=DIRECTION('',(-1.,0.,0.));
#6837=DIRECTION('',(0.,0.,1.));
#6838=DIRECTION('',(0.,-1.,0.));
#6839=DIRECTION('',(0.,0.,-1.));
#6840=DIRECTION('',(0.,1.,0.));
#6841=DIRECTION('',(-0.707106781186547,0.,-0.707106781186548));
#6842=DIRECTION('',(0.,1.,0.));
#6843=DIRECTION('',(0.,0.,1.));
#6844=DIRECTION('',(0.,1.,0.));
#6845=DIRECTION('',(0.,0.,1.));
#6846=DIRECTION('',(1.,0.,0.));
#6847=DIRECTION('',(0.,1.,0.));
#6848=DIRECTION('',(-1.,0.,0.));
#6849=DIRECTION('',(0.,-1.,0.));
#6850=DIRECTION('',(0.,-1.,0.));
#6851=DIRECTION('',(0.,0.,-1.));
#6852=DIRECTION('',(0.,0.,1.));
#6853=DIRECTION('',(0.,-1.,0.));
#6854=DIRECTION('',(0.,0.,-1.));
#6855=DIRECTION('',(0.,-1.,0.));
#6856=DIRECTION('',(0.,0.,-1.));
#6857=DIRECTION('',(0.,0.,1.));
#6858=DIRECTION('',(0.,0.,1.));
#6859=DIRECTION('',(-1.,0.,0.));
#6860=DIRECTION('',(0.,0.,1.));
#6861=DIRECTION('',(0.,1.,0.));
#6862=DIRECTION('',(0.,0.,-1.));
#6863=DIRECTION('',(0.874140817540646,-0.485284000423751,0.019423440531792));
#6864=DIRECTION('',(0.011168094191463,-0.019897413951712,-0.999739649403866));
#6865=DIRECTION('',(0.,1.,0.));
#6866=DIRECTION('',(0.,0.,1.));
#6867=DIRECTION('',(1.,0.,0.));
#6868=DIRECTION('',(0.,-0.707106781186547,0.707106781186548));
#6869=DIRECTION('',(-1.,0.,0.));
#6870=DIRECTION('',(0.,0.,-1.));
#6871=DIRECTION('',(1.,0.,0.));
#6872=DIRECTION('',(0.605061988595497,0.796178365667432,0.));
#6873=DIRECTION('',(0.,0.,-1.));
#6874=DIRECTION('',(0.,0.,-1.));
#6875=DIRECTION('',(-0.796178365667432,0.605061988595497,0.));
#6876=DIRECTION('',(0.,0.,1.));
#6877=DIRECTION('',(0.,0.,-1.));
#6878=DIRECTION('',(0.605061988595494,0.796178365667434,0.));
#6879=DIRECTION('',(0.,0.,1.));
#6880=DIRECTION('',(0.,0.,1.));
#6881=DIRECTION('',(-1.,0.,0.));
#6882=DIRECTION('',(-0.605061988595497,-0.796178365667432,0.));
#6883=DIRECTION('',(0.,0.,1.));
#6884=DIRECTION('',(0.,0.,1.));
#6885=DIRECTION('',(0.796178365667432,-0.605061988595497,0.));
#6886=DIRECTION('',(0.,0.,-1.));
#6887=DIRECTION('',(-0.104953422916195,-0.994477138509566,0.));
#6888=DIRECTION('',(0.,0.,1.));
#6889=DIRECTION('',(0.,0.,-1.));
#6890=DIRECTION('',(-1.,0.,0.));
#6891=DIRECTION('',(0.425531914893618,-0.904943417793052,0.));
#6892=DIRECTION('',(0.,0.,-1.));
#6893=DIRECTION('',(0.,0.,1.));
#6894=DIRECTION('',(0.904943417793052,0.425531914893618,0.));
#6895=DIRECTION('',(0.,-1.,0.));
#6896=DIRECTION('',(0.,0.,-1.));
#6897=DIRECTION('',(0.,1.,0.));
#6898=DIRECTION('',(0.,0.,-1.));
#6899=DIRECTION('',(0.,0.,1.));
#6900=DIRECTION('',(0.,1.,0.));
#6901=DIRECTION('',(0.,0.,-1.));
#6902=DIRECTION('',(1.,0.,0.));
#6903=DIRECTION('',(-0.425531914893617,0.904943417793053,0.));
#6904=DIRECTION('',(0.,0.,1.));
#6905=DIRECTION('',(0.,0.,1.));
#6906=DIRECTION('',(-0.904943417793053,-0.425531914893617,0.));
#6907=DIRECTION('',(0.,0.,1.));
#6908=DIRECTION('',(0.,0.,-1.));
#6909=DIRECTION('',(-0.605061988595496,-0.796178365667432,0.));
#6910=DIRECTION('',(0.,0.,1.));
#6911=DIRECTION('',(-1.,0.,0.));
#6912=DIRECTION('',(0.,0.,-1.));
#6913=DIRECTION('',(-1.,0.,0.));
#6914=DIRECTION('',(0.,-1.,0.));
#6915=DIRECTION('',(-1.,0.,0.));
#6916=DIRECTION('',(1.,0.,0.));
#6917=DIRECTION('',(0.,1.,0.));
#6918=DIRECTION('',(0.707106781186546,0.,0.707106781186549));
#6919=DIRECTION('',(0.,1.,0.));
#6920=DIRECTION('',(0.,-1.,0.));
#6921=DIRECTION('',(0.,0.,1.));
#6922=DIRECTION('',(0.,1.,0.));
#6923=DIRECTION('',(0.,0.,1.));
#6924=DIRECTION('',(0.,-1.,0.));
#6925=DIRECTION('',(0.,0.,1.));
#6926=DIRECTION('',(0.,0.,1.));
#6927=DIRECTION('',(-1.,0.,0.));
#6928=DIRECTION('',(0.,0.,1.));
#6929=DIRECTION('',(0.,-1.,0.));
#6930=DIRECTION('',(0.,1.,0.));
#6931=DIRECTION('',(0.707106781186548,0.,-0.707106781186547));
#6932=DIRECTION('',(1.,0.,0.));
#6933=DIRECTION('',(0.,0.,-1.));
#6934=DIRECTION('',(-1.,0.,0.));
#6935=DIRECTION('',(0.,0.,-1.));
#6936=DIRECTION('',(0.,-1.,0.));
#6937=DIRECTION('',(0.,-1.,0.));
#6938=DIRECTION('',(0.,0.,1.));
#6939=DIRECTION('',(-1.,0.,0.));
#6940=DIRECTION('',(0.,-0.707106781186511,-0.707106781186584));
#6941=DIRECTION('',(1.,0.,0.));
#6942=DIRECTION('',(-1.,0.,0.));
#6943=DIRECTION('',(1.,0.,0.));
#6944=DIRECTION('',(0.,0.,-1.));
#6945=DIRECTION('',(-1.,0.,0.));
#6946=DIRECTION('',(0.,-0.707106781186548,0.707106781186547));
#6947=DIRECTION('',(0.,0.,1.));
#6948=DIRECTION('',(0.,-1.,0.));
#6949=DIRECTION('',(0.,0.,1.));
#6950=DIRECTION('',(0.,-1.,0.));
#6951=DIRECTION('',(0.,-1.,0.));
#6952=DIRECTION('',(1.,0.,0.));
#6953=DIRECTION('',(0.,0.707106781186547,-0.707106781186548));
#6954=DIRECTION('',(-1.,0.,0.));
#6955=DIRECTION('',(1.,0.,0.));
#6956=DIRECTION('',(0.,-0.707106781186548,0.707106781186547));
#6957=DIRECTION('',(1.,0.,0.));
#6958=DIRECTION('',(0.,1.,0.));
#6959=DIRECTION('',(0.,0.,1.));
#6960=DIRECTION('',(0.,-1.,0.));
#6961=DIRECTION('',(-0.834841092238268,0.,-0.550491008746207));
#6962=DIRECTION('',(0.,0.,-1.));
#6963=DIRECTION('',(0.,-1.,0.));
#6964=DIRECTION('',(-0.707106781186549,0.,0.707106781186546));
#6965=DIRECTION('',(0.,-1.,0.));
#6966=DIRECTION('',(0.622551400810103,0.,0.782578911899227));
#6967=DIRECTION('',(-0.224859506698758,0.,0.97439119569462));
#6968=DIRECTION('',(0.,1.,0.));
#6969=DIRECTION('',(-0.622551400810103,0.,-0.782578911899227));
#6970=DIRECTION('',(-1.,0.,0.));
#6971=DIRECTION('',(0.,1.,0.));
#6972=DIRECTION('',(0.707106781186548,0.,-0.707106781186547));
#6973=DIRECTION('',(0.,0.,-1.));
#6974=DIRECTION('',(-1.,0.,0.));
#6975=DIRECTION('',(-1.,0.,0.));
#6976=DIRECTION('',(0.,1.,0.));
#6977=DIRECTION('',(0.707106781186548,0.,-0.707106781186547));
#6978=DIRECTION('',(0.,-1.,0.));
#6979=DIRECTION('',(0.,1.,0.));
#6980=DIRECTION('',(-0.707106781186549,0.,0.707106781186546));
#6981=DIRECTION('',(0.97439119569462,0.,0.224859506698759));
#6982=DIRECTION('',(0.224859506698759,0.,-0.97439119569462));
#6983=DIRECTION('',(0.,-1.,0.));
#6984=DIRECTION('',(0.,1.,0.));
#6985=DIRECTION('',(-0.224859506698759,0.,0.97439119569462));
#6986=DIRECTION('',(0.,1.,0.));
#6987=DIRECTION('',(-0.622551400810112,0.,-0.782578911899221));
#6988=DIRECTION('',(0.,1.,0.));
#6989=DIRECTION('',(0.622551400810103,0.,0.782578911899227));
#6990=DIRECTION('',(0.,0.,1.));
#6991=DIRECTION('',(1.,0.,0.));
#6992=DIRECTION('',(0.,-1.,0.));
#6993=DIRECTION('',(0.,1.,0.));
#6994=DIRECTION('',(-1.,0.,0.));
#6995=DIRECTION('',(0.,1.,0.));
#6996=DIRECTION('',(0.622551400810107,0.,0.782578911899224));
#6997=DIRECTION('',(0.,-1.,0.));
#6998=DIRECTION('',(-0.622551400810103,0.,-0.782578911899227));
#6999=DIRECTION('',(-1.,0.,0.));
#7000=DIRECTION('',(0.,0.,1.));
#7001=DIRECTION('',(0.,1.,0.));
#7002=DIRECTION('',(0.,0.,-1.));
#7003=DIRECTION('',(0.,1.,0.));
#7004=DIRECTION('',(0.,1.,0.));
#7005=DIRECTION('',(0.,1.,0.));
#7006=DIRECTION('',(-0.707106781186548,0.,0.707106781186547));
#7007=DIRECTION('',(0.,-1.,0.));
#7008=DIRECTION('',(0.707106781186548,0.,-0.707106781186547));
#7009=DIRECTION('',(0.,-1.,0.));
#7010=DIRECTION('',(0.,0.,-1.));
#7011=DIRECTION('',(0.,1.,0.));
#7012=DIRECTION('',(-0.834841092238268,0.,-0.550491008746207));
#7013=DIRECTION('',(0.,0.,-1.));
#7014=DIRECTION('',(-1.,0.,0.));
#7015=DIRECTION('',(0.,0.,1.));
#7016=DIRECTION('',(0.,1.,0.));
#7017=DIRECTION('',(0.,1.,0.));
#7018=DIRECTION('',(0.834841092238273,0.,0.550491008746199));
#7019=DIRECTION('',(0.,1.,0.));
#7020=DIRECTION('',(0.622551400810107,0.,0.782578911899224));
#7021=DIRECTION('',(0.,1.,0.));
#7022=DIRECTION('',(0.,0.,1.));
#7023=DIRECTION('',(0.,-1.,0.));
#7024=DIRECTION('',(0.,1.,0.));
#7025=DIRECTION('',(0.,0.,1.));
#7026=DIRECTION('',(1.,0.,0.));
#7027=DIRECTION('',(0.,-1.,0.));
#7028=DIRECTION('',(-1.,0.,0.));
#7029=DIRECTION('',(0.,1.,0.));
#7030=DIRECTION('',(-0.707106781186548,0.,0.707106781186547));
#7031=DIRECTION('',(0.,1.,0.));
#7032=DIRECTION('',(0.,0.,1.));
#7033=DIRECTION('',(0.97439119569462,0.,0.224859506698759));
#7034=DIRECTION('',(0.224859506698759,0.,-0.97439119569462));
#7035=DIRECTION('',(0.,1.,0.));
#7036=DIRECTION('',(-0.224859506698759,0.,0.97439119569462));
#7037=DIRECTION('',(0.,1.,0.));
#7038=DIRECTION('',(-0.622551400810112,0.,-0.782578911899221));
#7039=DIRECTION('',(0.,-1.,0.));
#7040=DIRECTION('',(0.,0.,1.));
#7041=DIRECTION('',(0.,1.,0.));
#7042=DIRECTION('',(0.707106781186548,0.,-0.707106781186547));
#7043=DIRECTION('',(0.,-1.,0.));
#7044=DIRECTION('',(0.,0.,1.));
#7045=DIRECTION('',(0.,-1.,0.));
#7046=DIRECTION('',(-1.,0.,0.));
#7047=DIRECTION('',(0.,0.,1.));
#7048=DIRECTION('',(0.,1.,0.));
#7049=DIRECTION('',(0.,0.,-1.));
#7050=DIRECTION('',(0.,1.,0.));
#7051=DIRECTION('',(0.,0.,1.));
#7052=DIRECTION('',(0.,-1.,0.));
#7053=DIRECTION('',(0.,0.,1.));
#7054=DIRECTION('',(0.,1.,0.));
#7055=DIRECTION('',(0.834841092238273,0.,0.550491008746199));
#7056=DIRECTION('',(0.,0.,1.));
#7057=DIRECTION('',(1.,0.,0.));
#7058=DIRECTION('',(0.,0.,1.));
#7059=DIRECTION('',(1.,0.,0.));
#7060=DIRECTION('',(0.,0.,1.));
#7061=DIRECTION('',(1.,0.,0.));
#7062=DIRECTION('',(0.,0.,1.));
#7063=DIRECTION('',(1.,0.,0.));
#7064=DIRECTION('',(0.,0.,1.));
#7065=DIRECTION('',(1.,0.,0.));
#7066=DIRECTION('',(0.,0.,1.));
#7067=DIRECTION('',(1.,0.,0.));
#7068=DIRECTION('',(0.,0.,-1.));
#7069=DIRECTION('',(1.,0.,0.));
#7070=DIRECTION('',(0.,0.,-1.));
#7071=DIRECTION('',(1.,0.,0.));
#7072=DIRECTION('',(0.,0.,1.));
#7073=DIRECTION('',(1.,0.,0.));
#7074=DIRECTION('',(0.,0.,1.));
#7075=DIRECTION('',(1.,0.,0.));
#7076=DIRECTION('',(0.,0.,-1.));
#7077=DIRECTION('',(1.,0.,0.));
#7078=DIRECTION('',(0.,0.,1.));
#7079=DIRECTION('',(-1.,0.,0.));
#7080=DIRECTION('',(0.,0.,1.));
#7081=DIRECTION('',(0.,0.,-1.));
#7082=DIRECTION('',(0.,0.,1.));
#7083=DIRECTION('',(-1.,0.,0.));
#7084=DIRECTION('',(0.,0.,1.));
#7085=DIRECTION('',(-1.,0.,0.));
#7086=DIRECTION('',(0.,0.,1.));
#7087=DIRECTION('',(0.,0.,1.));
#7088=DIRECTION('',(1.,0.,0.));
#7089=DIRECTION('',(0.,0.,-1.));
#7090=DIRECTION('',(0.,0.,-1.));
#7091=DIRECTION('',(1.,0.,0.));
#7092=DIRECTION('',(0.,0.,1.));
#7093=DIRECTION('',(-1.,0.,0.));
#7094=DIRECTION('',(0.,0.,-1.));
#7095=DIRECTION('',(1.,0.,0.));
#7096=DIRECTION('',(0.,0.,-1.));
#7097=DIRECTION('',(1.,0.,0.));
#7098=DIRECTION('',(0.,0.,1.));
#7099=DIRECTION('',(1.,0.,0.));
#7100=DIRECTION('',(0.,0.,1.));
#7101=DIRECTION('',(1.,0.,0.));
#7102=DIRECTION('',(0.,0.,1.));
#7103=DIRECTION('',(1.,0.,0.));
#7104=DIRECTION('',(0.,0.,-1.));
#7105=DIRECTION('',(1.,0.,0.));
#7106=DIRECTION('',(0.,0.,-1.));
#7107=DIRECTION('',(1.,0.,0.));
#7108=DIRECTION('',(0.,0.,1.));
#7109=DIRECTION('',(1.,0.,0.));
#7110=DIRECTION('',(0.,0.,1.));
#7111=DIRECTION('',(1.,0.,0.));
#7112=DIRECTION('',(0.,0.,-1.));
#7113=DIRECTION('',(1.,0.,0.));
#7114=DIRECTION('',(0.,0.,1.));
#7115=DIRECTION('',(-1.,0.,0.));
#7116=DIRECTION('',(0.,0.,1.));
#7117=DIRECTION('',(0.,0.,-1.));
#7118=DIRECTION('',(0.,0.,1.));
#7119=DIRECTION('',(-1.,0.,0.));
#7120=DIRECTION('',(0.,0.,1.));
#7121=DIRECTION('',(-1.,0.,0.));
#7122=DIRECTION('',(0.,0.,1.));
#7123=DIRECTION('',(0.,0.,1.));
#7124=DIRECTION('',(1.,0.,0.));
#7125=DIRECTION('',(0.,0.,-1.));
#7126=DIRECTION('',(0.,0.,-1.));
#7127=DIRECTION('',(1.,0.,0.));
#7128=DIRECTION('',(0.,0.,1.));
#7129=DIRECTION('',(-1.,0.,0.));
#7130=DIRECTION('',(0.,0.,-1.));
#7131=DIRECTION('',(1.,0.,0.));
#7132=DIRECTION('',(0.,0.,-1.));
#7133=DIRECTION('',(1.,0.,0.));
#7134=DIRECTION('',(0.,0.,1.));
#7135=DIRECTION('',(1.,0.,0.));
#7136=DIRECTION('',(0.,0.,1.));
#7137=DIRECTION('',(1.,0.,0.));
#7138=DIRECTION('',(0.,0.,1.));
#7139=DIRECTION('',(1.,0.,0.));
#7140=DIRECTION('',(0.,0.,1.));
#7141=DIRECTION('',(1.,0.,0.));
#7142=DIRECTION('',(0.,0.,-1.));
#7143=DIRECTION('',(0.914286075971813,0.405069094456816,0.));
#7144=DIRECTION('',(-2.288813E-13,1.517408E-13,-1.));
#7145=DIRECTION('',(1.,0.,-2.288813E-13));
#7146=DIRECTION('',(0.,0.,1.));
#7147=DIRECTION('',(1.,0.,0.));
#7148=DIRECTION('',(0.,0.,-1.));
#7149=DIRECTION('',(0.914286075971813,0.405069094456816,0.));
#7150=DIRECTION('',(0.,0.,1.));
#7151=DIRECTION('',(0.914286075971813,0.405069094456816,0.));
#7152=DIRECTION('',(0.,0.,-1.));
#7153=DIRECTION('',(-1.,0.,0.));
#7154=DIRECTION('',(0.,0.,-1.));
#7155=DIRECTION('',(-1.,0.,0.));
#7156=DIRECTION('',(0.356206389652465,0.934407303038004,0.));
#7157=DIRECTION('',(0.,0.,1.));
#7158=DIRECTION('',(-1.,0.,0.));
#7159=DIRECTION('',(0.934407303038004,-0.356206389652465,0.));
#7160=DIRECTION('',(0.,0.,1.));
#7161=DIRECTION('',(-1.,0.,0.));
#7162=DIRECTION('',(-0.356206389652465,-0.934407303038004,0.));
#7163=DIRECTION('',(0.,0.,-1.));
#7164=DIRECTION('',(-1.,0.,0.));
#7165=DIRECTION('',(0.934407303038004,-0.356206389652465,0.));
#7166=DIRECTION('',(0.,0.,-1.));
#7167=DIRECTION('',(-1.,0.,0.));
#7168=DIRECTION('',(-0.356206389652465,-0.934407303038004,0.));
#7169=DIRECTION('',(0.,0.,1.));
#7170=DIRECTION('',(-1.,0.,0.));
#7171=DIRECTION('',(-0.934407303038004,0.356206389652465,0.));
#7172=DIRECTION('',(0.,0.,1.));
#7173=DIRECTION('',(0.448011661774891,0.894027712609459,0.));
#7174=DIRECTION('',(0.356206389652465,0.934407303038004,0.));
#7175=DIRECTION('',(0.,0.,-1.));
#7176=DIRECTION('',(-0.489784848209411,-0.871843335963798,0.));
#7177=DIRECTION('',(-0.934407303038004,0.356206389652465,0.));
#7178=DIRECTION('',(0.,0.,1.));
#7179=DIRECTION('',(-0.934407303038004,0.356206389652465,0.));
#7180=DIRECTION('',(0.,0.,-1.));
#7181=DIRECTION('',(-0.934407303038004,0.356206389652465,0.));
#7182=DIRECTION('',(0.,0.,-1.));
#7183=DIRECTION('',(-1.,0.,0.));
#7184=DIRECTION('',(0.,0.,-1.));
#7185=DIRECTION('',(-0.934407303038004,0.356206389652465,0.));
#7186=DIRECTION('',(0.,0.,-1.));
#7187=DIRECTION('',(-0.934407303038004,0.356206389652465,0.));
#7188=DIRECTION('',(0.,0.,1.));
#7189=DIRECTION('',(0.934407303038007,-0.356206389652457,0.));
#7190=DIRECTION('',(0.,0.,1.));
#7191=DIRECTION('',(1.,0.,0.));
#7192=DIRECTION('',(0.,0.,1.));
#7193=DIRECTION('',(1.,0.,0.));
#7194=DIRECTION('',(-0.934407303038004,0.356206389652465,0.));
#7195=DIRECTION('',(0.,0.,-1.));
#7196=DIRECTION('',(1.,0.,0.));
#7197=DIRECTION('',(-0.356206389652465,-0.934407303038004,0.));
#7198=DIRECTION('',(0.934407303038004,-0.356206389652465,0.));
#7199=DIRECTION('',(0.,0.,-1.));
#7200=DIRECTION('',(0.,0.,1.));
#7201=DIRECTION('',(0.,0.,1.));
#7202=DIRECTION('',(0.,0.,1.));
#7203=DIRECTION('',(0.448011661774891,0.894027712609459,0.));
#7204=DIRECTION('',(0.,0.,1.));
#7205=DIRECTION('',(-0.356206389652465,-0.934407303038004,0.));
#7206=DIRECTION('',(0.,0.,-1.));
#7207=DIRECTION('',(0.,0.,1.));
#7208=DIRECTION('',(0.,0.,1.));
#7209=DIRECTION('',(0.90749524238151,0.420062358531354,0.));
#7210=DIRECTION('',(0.,0.,1.));
#7211=DIRECTION('',(1.,0.,0.));
#7212=DIRECTION('',(0.,0.,-1.));
#7213=DIRECTION('',(1.,0.,0.));
#7214=DIRECTION('',(-0.934407303038004,0.356206389652465,0.));
#7215=DIRECTION('',(0.,0.,1.));
#7216=DIRECTION('',(1.,0.,0.));
#7217=DIRECTION('',(0.356206389652465,0.934407303038004,0.));
#7218=DIRECTION('',(-0.934407303038004,0.356206389652465,0.));
#7219=DIRECTION('',(0.,0.,1.));
#7220=DIRECTION('',(0.,0.,1.));
#7221=DIRECTION('',(0.,0.,1.));
#7222=DIRECTION('',(0.,0.,1.));
#7223=DIRECTION('',(0.90749524238151,0.420062358531354,0.));
#7224=DIRECTION('',(0.,0.,1.));
#7225=DIRECTION('',(-0.356206389652465,-0.934407303038004,0.));
#7226=DIRECTION('',(0.,0.,-1.));
#7227=DIRECTION('',(0.,0.,1.));
#7228=DIRECTION('',(0.,0.,1.));
#7229=DIRECTION('',(0.448011661774891,0.894027712609459,0.));
#7230=DIRECTION('',(0.,0.,1.));
#7231=DIRECTION('',(1.,0.,0.));
#7232=DIRECTION('',(0.,0.,1.));
#7233=DIRECTION('',(1.,0.,0.));
#7234=DIRECTION('',(0.934407303038004,-0.356206389652465,0.));
#7235=DIRECTION('',(0.,0.,-1.));
#7236=DIRECTION('',(1.,0.,0.));
#7237=DIRECTION('',(0.356206389652465,0.934407303038004,0.));
#7238=DIRECTION('',(-0.934407303038004,0.356206389652465,0.));
#7239=DIRECTION('',(0.,0.,1.));
#7240=DIRECTION('',(0.,0.,1.));
#7241=DIRECTION('',(0.,0.,1.));
#7242=DIRECTION('',(0.,0.,1.));
#7243=DIRECTION('',(0.448011661774891,0.894027712609459,0.));
#7244=DIRECTION('',(0.,0.,1.));
#7245=DIRECTION('',(0.356206389652465,0.934407303038004,0.));
#7246=DIRECTION('',(0.,0.,1.));
#7247=DIRECTION('',(0.,0.,1.));
#7248=DIRECTION('',(0.,0.,1.));
#7249=DIRECTION('',(0.90749524238151,0.420062358531354,0.));
#7250=DIRECTION('',(0.,0.,1.));
#7251=DIRECTION('',(1.,0.,0.));
#7252=DIRECTION('',(0.,0.,-1.));
#7253=DIRECTION('',(0.448011661774891,0.894027712609459,0.));
#7254=DIRECTION('',(0.934407303038004,-0.356206389652465,0.));
#7255=DIRECTION('',(0.,0.,1.));
#7256=DIRECTION('',(-0.489784848209411,-0.871843335963798,0.));
#7257=DIRECTION('',(-0.356206389652465,-0.934407303038004,0.));
#7258=DIRECTION('',(0.934407303038004,-0.356206389652465,0.));
#7259=DIRECTION('',(0.,0.,-1.));
#7260=DIRECTION('',(0.,0.,1.));
#7261=DIRECTION('',(0.,0.,1.));
#7262=DIRECTION('',(0.,0.,1.));
#7263=DIRECTION('',(0.90749524238151,0.420062358531354,0.));
#7264=DIRECTION('',(0.,0.,1.));
#7265=DIRECTION('',(0.356206389652465,0.934407303038004,0.));
#7266=DIRECTION('',(0.,0.,1.));
#7267=DIRECTION('',(0.,0.,1.));
#7268=DIRECTION('',(0.,0.,1.));
#7269=DIRECTION('',(0.448011661774891,0.894027712609459,0.));
#7270=DIRECTION('',(0.,0.,-1.));
#7271=DIRECTION('',(-1.,0.,0.));
#7272=DIRECTION('',(0.,0.,-1.));
#7273=DIRECTION('',(-0.934407303038004,0.356206389652465,0.));
#7274=DIRECTION('',(0.,0.,-1.));
#7275=DIRECTION('',(0.934407303038008,-0.356206389652454,0.));
#7276=DIRECTION('',(0.,0.,1.));
#7277=DIRECTION('',(-0.934407303038004,0.356206389652465,0.));
#7278=DIRECTION('',(0.,0.,-1.));
#7279=DIRECTION('',(-1.,0.,0.));
#7280=DIRECTION('',(9.2285245105811E-14,-2.4487050832054E-13,1.));
#7281=DIRECTION('',(0.,-1.,-2.4487050832054E-13));
#7282=DIRECTION('',(0.,0.,1.));
#7283=DIRECTION('',(1.,0.,0.));
#7284=CARTESIAN_POINT('',(0.,0.,0.));
#7285=CARTESIAN_POINT('',(-0.001474,-0.0031255,0.));
#7286=CARTESIAN_POINT('',(0.0025,-0.0031255,0.));
#7287=CARTESIAN_POINT('',(0.0025,0.00144,0.));
#7288=CARTESIAN_POINT('',(0.0025,0.003,0.));
#7289=CARTESIAN_POINT('',(-0.0033,0.003,0.));
#7290=CARTESIAN_POINT('',(0.003,0.003,0.));
#7291=CARTESIAN_POINT('',(0.003,-0.0033,0.));
#7292=CARTESIAN_POINT('',(0.003,0.00144,0.));
#7293=CARTESIAN_POINT('',(-0.001474,0.00144,0.));
#7294=CARTESIAN_POINT('',(-0.0033,-0.003,0.0030535));
#7295=CARTESIAN_POINT('',(0.003,-0.003,0.00289));
#7296=CARTESIAN_POINT('',(0.003,-0.003,0.00289));
#7297=CARTESIAN_POINT('',(-0.003,-0.003,0.00289));
#7298=CARTESIAN_POINT('',(-0.003,-0.003,0.));
#7299=CARTESIAN_POINT('',(-0.003,-0.003,0.));
#7300=CARTESIAN_POINT('',(-0.0033,-0.003,0.));
#7301=CARTESIAN_POINT('',(-0.0025,-0.003,0.));
#7302=CARTESIAN_POINT('',(-0.0025,-0.003,0.0030535));
#7303=CARTESIAN_POINT('',(-0.0025,-0.003,-0.00038));
#7304=CARTESIAN_POINT('',(-0.0025,-0.003,-0.00038));
#7305=CARTESIAN_POINT('',(-0.00134,-0.003,-0.00038));
#7306=CARTESIAN_POINT('',(-0.00134,-0.003,0.));
#7307=CARTESIAN_POINT('',(-0.00134,-0.003,0.));
#7308=CARTESIAN_POINT('',(-0.00134,-0.003,0.));
#7309=CARTESIAN_POINT('',(-8.99999999999956E-5,-0.003,6.93889265E-19));
#7310=CARTESIAN_POINT('',(-0.0033,-0.003,0.));
#7311=CARTESIAN_POINT('',(0.00111,-0.003,6.93889265E-19));
#7312=CARTESIAN_POINT('',(0.00111,-0.003,0.));
#7313=CARTESIAN_POINT('',(0.00134,-0.003,0.));
#7314=CARTESIAN_POINT('',(0.00134,-0.003,0.));
#7315=CARTESIAN_POINT('',(0.00134,-0.003,-0.00038));
#7316=CARTESIAN_POINT('',(-0.0033,-0.003,-0.00038));
#7317=CARTESIAN_POINT('',(0.0025,-0.003,-0.00038));
#7318=CARTESIAN_POINT('',(0.0025,-0.003,1.9E-5));
#7319=CARTESIAN_POINT('',(0.0025,-0.003,0.));
#7320=CARTESIAN_POINT('',(-0.0033,-0.003,0.));
#7321=CARTESIAN_POINT('',(0.003,-0.003,0.));
#7322=CARTESIAN_POINT('',(0.003,-0.003,0.));
#7323=CARTESIAN_POINT('',(0.003,-0.0033,0.0030535));
#7324=CARTESIAN_POINT('',(0.003,-0.0033,0.00094));
#7325=CARTESIAN_POINT('',(0.003,-0.0026,0.00094));
#7326=CARTESIAN_POINT('',(0.003,-0.0019,0.00094));
#7327=CARTESIAN_POINT('',(0.003,-0.0019,0.0030535));
#7328=CARTESIAN_POINT('',(0.003,-0.0019,0.00064));
#7329=CARTESIAN_POINT('',(0.003,-0.0033,0.00064));
#7330=CARTESIAN_POINT('',(0.003,-0.0026,0.00064));
#7331=CARTESIAN_POINT('',(0.003,-0.0026,0.0030535));
#7332=CARTESIAN_POINT('',(0.003,-0.0033,0.00094));
#7333=CARTESIAN_POINT('',(0.003,0.0019,0.00094));
#7334=CARTESIAN_POINT('',(0.003,0.0026,0.00094));
#7335=CARTESIAN_POINT('',(0.003,0.0026,0.0030535));
#7336=CARTESIAN_POINT('',(0.003,0.0026,0.00064));
#7337=CARTESIAN_POINT('',(0.003,-0.0033,0.00064));
#7338=CARTESIAN_POINT('',(0.003,0.0019,0.00064));
#7339=CARTESIAN_POINT('',(0.003,0.0019,0.0030535));
#7340=CARTESIAN_POINT('',(0.003,-0.0033,0.00289));
#7341=CARTESIAN_POINT('',(0.003,0.003,0.00289));
#7342=CARTESIAN_POINT('',(0.003,0.00299,0.00289));
#7343=CARTESIAN_POINT('',(0.003,0.00299,0.00289));
#7344=CARTESIAN_POINT('',(0.003,-0.0033,0.));
#7345=CARTESIAN_POINT('',(0.003,-0.00146,0.));
#7346=CARTESIAN_POINT('',(0.003,-0.00146,0.0030535));
#7347=CARTESIAN_POINT('',(0.003,-0.00146,-0.00038));
#7348=CARTESIAN_POINT('',(0.003,-0.0033,-0.00038));
#7349=CARTESIAN_POINT('',(0.003,0.00144,-0.00038));
#7350=CARTESIAN_POINT('',(0.003,0.00144,-0.000399000000000004));
#7351=CARTESIAN_POINT('',(0.003,0.003,0.));
#7352=CARTESIAN_POINT('',(-0.0033,0.003,-0.00054350000000001));
#7353=CARTESIAN_POINT('',(-0.0033,0.003,0.00289));
#7354=CARTESIAN_POINT('',(-0.003,0.003,0.00289));
#7355=CARTESIAN_POINT('',(-0.00209,0.003,0.00289));
#7356=CARTESIAN_POINT('',(-0.0033,0.003,0.00289));
#7357=CARTESIAN_POINT('',(0.00111,0.003,0.00289));
#7358=CARTESIAN_POINT('',(-0.0033,0.003,0.00289));
#7359=CARTESIAN_POINT('',(0.0025,0.003,0.));
#7360=CARTESIAN_POINT('',(0.0025,0.003,-0.00038));
#7361=CARTESIAN_POINT('',(-0.0033,0.003,-0.00038));
#7362=CARTESIAN_POINT('',(0.00134,0.003,-0.00038));
#7363=CARTESIAN_POINT('',(0.00134,0.003,-0.000399000000000004));
#7364=CARTESIAN_POINT('',(0.00134,0.003,0.));
#7365=CARTESIAN_POINT('',(-0.0033,0.003,0.));
#7366=CARTESIAN_POINT('',(0.00111,0.003,6.93889265E-19));
#7367=CARTESIAN_POINT('',(-0.0033,0.003,0.));
#7368=CARTESIAN_POINT('',(-8.99999999999956E-5,0.003,6.93889265E-19));
#7369=CARTESIAN_POINT('',(-0.0033,0.003,0.));
#7370=CARTESIAN_POINT('',(-0.00133999999999998,0.003,0.));
#7371=CARTESIAN_POINT('',(-0.00134,0.003,-0.00054350000000001));
#7372=CARTESIAN_POINT('',(-0.00133999999999998,0.003,-0.00038));
#7373=CARTESIAN_POINT('',(-0.00133999999999997,0.003,-0.00038));
#7374=CARTESIAN_POINT('',(-0.0025,0.003,-0.00038));
#7375=CARTESIAN_POINT('',(-0.0025,0.003,0.));
#7376=CARTESIAN_POINT('',(-0.0025,0.003,0.));
#7377=CARTESIAN_POINT('',(-0.0033,0.003,0.));
#7378=CARTESIAN_POINT('',(-0.003,0.003,0.));
#7379=CARTESIAN_POINT('',(-0.003,0.003,0.));
#7380=CARTESIAN_POINT('',(-0.003,-0.0033,-0.00054350000000001));
#7381=CARTESIAN_POINT('',(-0.003,-0.0019,0.00094));
#7382=CARTESIAN_POINT('',(-0.003,-0.0019,0.00094));
#7383=CARTESIAN_POINT('',(-0.003,-0.0026,0.00094));
#7384=CARTESIAN_POINT('',(-0.003,-0.0026,0.00094));
#7385=CARTESIAN_POINT('',(-0.003,-0.0026,0.00064));
#7386=CARTESIAN_POINT('',(-0.003,-0.0026,0.00064));
#7387=CARTESIAN_POINT('',(-0.003,-0.0019,0.00064));
#7388=CARTESIAN_POINT('',(-0.003,-0.0019,0.00064));
#7389=CARTESIAN_POINT('',(-0.003,-0.0033,0.00094));
#7390=CARTESIAN_POINT('',(-0.003,0.0026,0.00094));
#7391=CARTESIAN_POINT('',(-0.003,0.0019,0.00094));
#7392=CARTESIAN_POINT('',(-0.003,0.0019,0.00094));
#7393=CARTESIAN_POINT('',(-0.003,0.0019,0.00064));
#7394=CARTESIAN_POINT('',(-0.003,-0.0033,0.00064));
#7395=CARTESIAN_POINT('',(-0.003,0.0026,0.00064));
#7396=CARTESIAN_POINT('',(-0.003,0.0026,0.00064));
#7397=CARTESIAN_POINT('',(-0.003,-0.003,0.00289));
#7398=CARTESIAN_POINT('',(-0.003,0.00299,0.00289));
#7399=CARTESIAN_POINT('',(-0.003,-0.0033,0.00289));
#7400=CARTESIAN_POINT('',(-0.003,-0.0033,0.));
#7401=CARTESIAN_POINT('',(-0.003,0.00144,0.));
#7402=CARTESIAN_POINT('',(-0.003,0.00144,0.));
#7403=CARTESIAN_POINT('',(-0.003,0.00144,-0.00038));
#7404=CARTESIAN_POINT('',(-0.003,0.00144,-0.00038));
#7405=CARTESIAN_POINT('',(-0.003,-0.00146,-0.00038));
#7406=CARTESIAN_POINT('',(-0.003,-0.00146,0.));
#7407=CARTESIAN_POINT('',(-0.003,-0.00146,0.));
#7408=CARTESIAN_POINT('',(-0.003,-0.0033,0.));
#7409=CARTESIAN_POINT('',(-0.0027,-0.003,0.));
#7410=CARTESIAN_POINT('',(-0.0027,0.00118905253454613,0.001255));
#7411=CARTESIAN_POINT('',(-0.0027,0.00118905253454613,0.001255));
#7412=CARTESIAN_POINT('',(-0.0027,0.00118905253454613,0.00123));
#7413=CARTESIAN_POINT('',(-0.0027,0.00138785247639806,0.00123));
#7414=CARTESIAN_POINT('',(-0.0027,0.00138785247639806,0.00123));
#7415=CARTESIAN_POINT('',(-0.0027,0.00138785247639806,0.00123));
#7416=CARTESIAN_POINT('',(-0.0027,0.00138785247639806,0.00289));
#7417=CARTESIAN_POINT('',(-0.0027,-0.0034675,0.00289));
#7418=CARTESIAN_POINT('',(-0.0027,-0.00126194746545387,0.00289));
#7419=CARTESIAN_POINT('',(-0.0027,-0.00126194746545387,0.00289));
#7420=CARTESIAN_POINT('',(-0.0027,-0.00126194746545387,0.00123));
#7421=CARTESIAN_POINT('',(-0.0027,-0.00101094746545388,0.00123));
#7422=CARTESIAN_POINT('',(-0.0027,-0.00101094746545388,0.00123));
#7423=CARTESIAN_POINT('',(-0.0027,-0.00101094746545388,0.00123));
#7424=CARTESIAN_POINT('',(-0.0027,-0.00101094746545388,0.001255));
#7425=CARTESIAN_POINT('',(-0.0027,-0.000985947465453881,0.001255));
#7426=CARTESIAN_POINT('',(-0.0027,-0.000985947465453873,0.00128));
#7427=CARTESIAN_POINT('',(-0.0027,-0.003,0.00128));
#7428=CARTESIAN_POINT('',(-0.0027,0.00116405253454613,0.00128));
#7429=CARTESIAN_POINT('',(-0.0027,0.00116405253454613,0.001255));
#7430=CARTESIAN_POINT('',(0.0027,-0.00139443746254647,0.002973));
#7431=CARTESIAN_POINT('',(0.0027,-0.00126194746545387,0.002973));
#7432=CARTESIAN_POINT('',(0.0027,-0.00126194746545387,0.00123));
#7433=CARTESIAN_POINT('',(0.0027,-0.00126194746545387,0.00289));
#7434=CARTESIAN_POINT('',(0.0027,-0.0034675,0.00289));
#7435=CARTESIAN_POINT('',(0.0027,0.00138785247639806,0.00289));
#7436=CARTESIAN_POINT('',(0.0027,0.00138785247639806,0.002973));
#7437=CARTESIAN_POINT('',(0.0027,0.00138785247639806,0.00123));
#7438=CARTESIAN_POINT('',(0.0027,-0.00126194746545387,0.00123));
#7439=CARTESIAN_POINT('',(-0.00149011140447664,-0.0027,0.002973));
#7440=CARTESIAN_POINT('',(0.00129217853446789,-0.0027,0.00289));
#7441=CARTESIAN_POINT('',(0.00129217853446789,-0.0027,0.00289));
#7442=CARTESIAN_POINT('',(0.00129217853446789,-0.0027,0.00123));
#7443=CARTESIAN_POINT('',(-0.00135762140738404,-0.0027,0.00123));
#7444=CARTESIAN_POINT('',(-0.00135762140738404,-0.0027,0.00123));
#7445=CARTESIAN_POINT('',(-0.00135762140738404,-0.0027,0.00123));
#7446=CARTESIAN_POINT('',(-0.00135762140738404,-0.0027,0.00289));
#7447=CARTESIAN_POINT('',(-0.0040775,-0.0027,0.00289));
#7448=CARTESIAN_POINT('',(-0.003,0.0027,0.));
#7449=CARTESIAN_POINT('',(-0.00135762140738404,0.0027,0.));
#7450=CARTESIAN_POINT('',(-0.00135762140738404,0.0027,0.00289));
#7451=CARTESIAN_POINT('',(-0.00135762140738404,0.0027,0.00123));
#7452=CARTESIAN_POINT('',(0.00129217853446789,0.0027,0.00123));
#7453=CARTESIAN_POINT('',(0.00129217853446789,0.0027,0.00123));
#7454=CARTESIAN_POINT('',(0.00129217853446789,0.0027,0.));
#7455=CARTESIAN_POINT('',(0.00129217853446789,0.0027,0.00289));
#7456=CARTESIAN_POINT('',(-0.0040775,0.0027,0.00289));
#7457=CARTESIAN_POINT('',(-0.002724424265209,-0.00126194746545387,0.001147));
#7458=CARTESIAN_POINT('',(-0.0027,-0.00126194746545387,0.00123));
#7459=CARTESIAN_POINT('',(-0.00221151469581987,-0.00126194746545387,0.00123));
#7460=CARTESIAN_POINT('',(-0.0040775,-0.00126194746545387,0.00289));
#7461=CARTESIAN_POINT('',(-0.00221151469581987,-0.00126194746545387,0.00289));
#7462=CARTESIAN_POINT('',(-0.00221151469581988,-0.00126194746545387,0.002973));
#7463=CARTESIAN_POINT('',(1.00000000000108E-5,-1.00000000000108E-5,0.002973));
#7464=CARTESIAN_POINT('',(1.00000000000108E-5,-1.00000000000108E-5,0.00123));
#7465=CARTESIAN_POINT('',(-0.00135762140738404,-0.00216223411506856,0.00123));
#7466=CARTESIAN_POINT('',(1.00000000000108E-5,-1.00000000000108E-5,0.00289));
#7467=CARTESIAN_POINT('',(-0.00135762140738404,-0.00216223411506856,0.00289));
#7468=CARTESIAN_POINT('',(-0.00135762140738404,-0.00216223411506856,0.002973));
#7469=CARTESIAN_POINT('',(-0.00135762140738404,-0.00272688829424656,0.002973));
#7470=CARTESIAN_POINT('',(-0.00135762140738404,-0.00216223411506856,0.00123));
#7471=CARTESIAN_POINT('',(-0.00135762140738404,-0.0034675,0.00289));
#7472=CARTESIAN_POINT('',(-0.00272886383758043,0.00138785247639806,0.002973));
#7473=CARTESIAN_POINT('',(-0.00297,0.00138785247639806,0.00123));
#7474=CARTESIAN_POINT('',(0.0021427232483911,0.00138785247639806,0.00123));
#7475=CARTESIAN_POINT('',(-0.0040775,0.00138785247639806,0.00289));
#7476=CARTESIAN_POINT('',(0.0021427232483911,0.00138785247639806,0.00289));
#7477=CARTESIAN_POINT('',(0.0021427232483911,0.00138785247639806,0.002973));
#7478=CARTESIAN_POINT('',(1.00000000000108E-5,-1.00000000000108E-5,0.002973));
#7479=CARTESIAN_POINT('',(1.00000000000108E-5,-1.00000000000108E-5,0.00123));
#7480=CARTESIAN_POINT('',(0.00129217853446789,0.00219420466512296,0.00123));
#7481=CARTESIAN_POINT('',(1.00000000000108E-5,-1.00000000000108E-5,0.00289));
#7482=CARTESIAN_POINT('',(0.00129217853446789,0.00219420466512296,0.00289));
#7483=CARTESIAN_POINT('',(0.00129217853446789,0.00219420466512296,0.002973));
#7484=CARTESIAN_POINT('',(0.00129217853446789,-0.00272428976674384,0.001147));
#7485=CARTESIAN_POINT('',(0.00129217853446789,-0.00297,0.00123));
#7486=CARTESIAN_POINT('',(0.00129217853446789,-0.0034675,0.00289));
#7487=CARTESIAN_POINT('',(-0.00135762140738404,-0.00272688829424656,0.002973));
#7488=CARTESIAN_POINT('',(-0.00135762140738404,-0.00297,0.00123));
#7489=CARTESIAN_POINT('',(-0.00135762140738404,0.00214223411506855,0.00123));
#7490=CARTESIAN_POINT('',(-0.00135762140738404,-0.0034675,0.00289));
#7491=CARTESIAN_POINT('',(-0.00135762140738404,0.00214223411506855,0.00289));
#7492=CARTESIAN_POINT('',(-0.00135762140738404,0.00214223411506855,0.002973));
#7493=CARTESIAN_POINT('',(1.00000000000108E-5,-1.00000000000108E-5,0.002973));
#7494=CARTESIAN_POINT('',(1.00000000000108E-5,-1.00000000000108E-5,0.00123));
#7495=CARTESIAN_POINT('',(-0.00212272324839109,0.00138785247639806,0.00123));
#7496=CARTESIAN_POINT('',(1.00000000000108E-5,-1.00000000000108E-5,0.00289));
#7497=CARTESIAN_POINT('',(-0.00212272324839109,0.00138785247639806,0.00289));
#7498=CARTESIAN_POINT('',(-0.00212272324839108,0.00138785247639806,0.002973));
#7499=CARTESIAN_POINT('',(-0.00272886383758043,0.00138785247639806,0.002973));
#7500=CARTESIAN_POINT('',(-0.00212272324839109,0.00138785247639806,0.00123));
#7501=CARTESIAN_POINT('',(-0.0040775,0.00138785247639806,0.00289));
#7502=CARTESIAN_POINT('',(0.00129217853446789,-0.00272428976674384,0.001147));
#7503=CARTESIAN_POINT('',(0.00129217853446789,-0.0027,0.00123));
#7504=CARTESIAN_POINT('',(0.00129217853446789,-0.00221420466512296,0.00123));
#7505=CARTESIAN_POINT('',(0.00129217853446789,-0.0034675,0.00289));
#7506=CARTESIAN_POINT('',(0.00129217853446789,-0.00221420466512297,0.00289));
#7507=CARTESIAN_POINT('',(0.00129217853446789,-0.00221420466512296,0.00289));
#7508=CARTESIAN_POINT('',(1.00000000000108E-5,-1.00000000000108E-5,0.002973));
#7509=CARTESIAN_POINT('',(1.00000000000108E-5,-1.00000000000108E-5,0.00123));
#7510=CARTESIAN_POINT('',(0.00223151469581989,-0.00126194746545387,0.00123));
#7511=CARTESIAN_POINT('',(1.00000000000108E-5,-1.00000000000108E-5,0.00289));
#7512=CARTESIAN_POINT('',(0.00223151469581989,-0.00126194746545387,0.00289));
#7513=CARTESIAN_POINT('',(0.00223151469581989,-0.00126194746545387,0.002973));
#7514=CARTESIAN_POINT('',(-0.002724424265209,-0.00126194746545387,0.001147));
#7515=CARTESIAN_POINT('',(-0.00297,-0.00126194746545387,0.00123));
#7516=CARTESIAN_POINT('',(-0.0040775,-0.00126194746545387,0.00289));
#7517=CARTESIAN_POINT('',(-0.001474,-0.0031255,0.));
#7518=CARTESIAN_POINT('',(-0.001474,-0.00146,0.));
#7519=CARTESIAN_POINT('',(0.0025,-0.00146,0.));
#7520=CARTESIAN_POINT('',(0.0025,-0.0031255,0.));
#7521=CARTESIAN_POINT('',(-0.001474,-0.0031255,0.));
#7522=CARTESIAN_POINT('',(-0.001474,0.00144,0.));
#7523=CARTESIAN_POINT('',(-0.0025,0.00144,0.));
#7524=CARTESIAN_POINT('',(-0.0025,-0.0031255,0.));
#7525=CARTESIAN_POINT('',(-0.001474,-0.0031255,0.));
#7526=CARTESIAN_POINT('',(-0.001474,-0.00146,0.));
#7527=CARTESIAN_POINT('',(-0.0025,-0.00146,0.));
#7528=CARTESIAN_POINT('',(-0.0025,-0.0031255,0.));
#7529=CARTESIAN_POINT('',(-0.003025,-0.00146,1.9E-5));
#7530=CARTESIAN_POINT('',(-0.003,-0.00146,-0.00038));
#7531=CARTESIAN_POINT('',(-0.0025,-0.00146,-0.00038));
#7532=CARTESIAN_POINT('',(-0.0025,-0.00146,-0.000399000000000004));
#7533=CARTESIAN_POINT('',(-0.003025,0.00144,-0.000399000000000004));
#7534=CARTESIAN_POINT('',(-0.0025,0.00144,-0.00038));
#7535=CARTESIAN_POINT('',(-0.0025,0.00144,-0.00038));
#7536=CARTESIAN_POINT('',(-0.0025,0.00144,0.));
#7537=CARTESIAN_POINT('',(-0.0025,0.00136200000000001,-0.000399000000000004));
#7538=CARTESIAN_POINT('',(-0.0025,0.003,-0.00038));
#7539=CARTESIAN_POINT('',(-0.0025,0.00136200000000001,-0.000399000000000004));
#7540=CARTESIAN_POINT('',(-0.0025,0.00136200000000001,-0.00038));
#7541=CARTESIAN_POINT('',(-0.003083,-0.0033,-0.00038));
#7542=CARTESIAN_POINT('',(-0.003083,0.000509999999999992,-0.00038));
#7543=CARTESIAN_POINT('',(0.00246,0.000509999999999992,-0.00038));
#7544=CARTESIAN_POINT('',(0.00134,0.000509999999999992,-0.00038));
#7545=CARTESIAN_POINT('',(0.00134,-0.0031255,-0.00038));
#7546=CARTESIAN_POINT('',(0.0025,0.00136200000000001,-0.00038));
#7547=CARTESIAN_POINT('',(0.0025,0.00144,-0.00038));
#7548=CARTESIAN_POINT('',(-0.003025,0.00144,-0.00038));
#7549=CARTESIAN_POINT('',(-0.003025,-0.00146,-0.00038));
#7550=CARTESIAN_POINT('',(0.0025,-0.00146,-0.00038));
#7551=CARTESIAN_POINT('',(0.0025,0.00136200000000001,-0.00038));
#7552=CARTESIAN_POINT('',(0.00134,-0.0031255,-0.00038));
#7553=CARTESIAN_POINT('',(0.00134,-0.00049,-0.00038));
#7554=CARTESIAN_POINT('',(-0.003083,-0.00049,-0.00038));
#7555=CARTESIAN_POINT('',(0.00246,-0.00049,-0.00038));
#7556=CARTESIAN_POINT('',(0.00246,-0.0033,-0.00038));
#7557=CARTESIAN_POINT('',(-0.003025,0.00144,-0.000399000000000004));
#7558=CARTESIAN_POINT('',(0.0025,0.00144,1.9E-5));
#7559=CARTESIAN_POINT('',(-0.003025,-0.00146,1.9E-5));
#7560=CARTESIAN_POINT('',(0.0025,-0.00146,1.9E-5));
#7561=CARTESIAN_POINT('',(0.00134,-0.0031255,-0.000399000000000004));
#7562=CARTESIAN_POINT('',(0.00134,0.000509999999999992,-0.000399000000000004));
#7563=CARTESIAN_POINT('',(0.00134,0.000509999999999992,0.));
#7564=CARTESIAN_POINT('',(0.00134,-0.0031255,0.));
#7565=CARTESIAN_POINT('',(0.0025,0.00136200000000001,1.9E-5));
#7566=CARTESIAN_POINT('',(0.0025,0.00136200000000001,1.9E-5));
#7567=CARTESIAN_POINT('',(-0.00134,-0.0031255,1.9E-5));
#7568=CARTESIAN_POINT('',(-0.00134,0.000509999999999992,1.9E-5));
#7569=CARTESIAN_POINT('',(-0.00134,0.000509999999999992,0.));
#7570=CARTESIAN_POINT('',(-0.00134,0.000509999999999992,-0.00038));
#7571=CARTESIAN_POINT('',(-0.00134,-0.0031255,-0.00038));
#7572=CARTESIAN_POINT('',(-0.00134,-0.0031255,0.));
#7573=CARTESIAN_POINT('',(-0.00134,-0.0031255,1.9E-5));
#7574=CARTESIAN_POINT('',(-0.00134,-0.00049,-0.00038));
#7575=CARTESIAN_POINT('',(-0.00134,-0.00049,-0.00038));
#7576=CARTESIAN_POINT('',(-0.00134,-0.00049,0.));
#7577=CARTESIAN_POINT('',(-0.00134,-0.003,0.));
#7578=CARTESIAN_POINT('',(-0.00134,-0.003,-0.00038));
#7579=CARTESIAN_POINT('',(-0.001474,-0.0031255,0.));
#7580=CARTESIAN_POINT('',(0.00111,-0.0031255,0.));
#7581=CARTESIAN_POINT('',(0.00111,0.00219,3.0719061553756E-19));
#7582=CARTESIAN_POINT('',(-0.001474,0.000509999999999992,0.));
#7583=CARTESIAN_POINT('',(-8.99999999999957E-5,-0.0031255,0.));
#7584=CARTESIAN_POINT('',(-8.99999999999956E-5,0.00219,3.0719061553756E-19));
#7585=CARTESIAN_POINT('',(-0.001474,0.00219,0.));
#7586=CARTESIAN_POINT('',(-0.003083,-0.0033,-0.00038));
#7587=CARTESIAN_POINT('',(-0.00134,0.000509999999999992,-0.00038));
#7588=CARTESIAN_POINT('',(-0.00248,0.000509999999999992,-0.00038));
#7589=CARTESIAN_POINT('',(-0.00248,0.000509999999999992,-0.00038));
#7590=CARTESIAN_POINT('',(-0.00248,-0.00049,-0.00038));
#7591=CARTESIAN_POINT('',(-0.00248,-0.00049,-0.00038));
#7592=CARTESIAN_POINT('',(0.00134,-0.0031255,-0.000399000000000004));
#7593=CARTESIAN_POINT('',(0.00134,-0.00049,0.));
#7594=CARTESIAN_POINT('',(0.00134,-0.00049,0.));
#7595=CARTESIAN_POINT('',(0.00134,-0.00049,0.));
#7596=CARTESIAN_POINT('',(-0.002023,-0.00054,7.E-5));
#7597=CARTESIAN_POINT('',(0.00192,-0.00054,7.E-5));
#7598=CARTESIAN_POINT('',(0.00192,0.000509999999999992,7.E-5));
#7599=CARTESIAN_POINT('',(0.00192,-0.00049,7.E-5));
#7600=CARTESIAN_POINT('',(-0.002023,-0.00049,7.E-5));
#7601=CARTESIAN_POINT('',(0.00026,-0.00049,7.E-5));
#7602=CARTESIAN_POINT('',(0.00026,-0.00054,7.E-5));
#7603=CARTESIAN_POINT('',(0.00026,0.000509999999999992,7.E-5));
#7604=CARTESIAN_POINT('',(-0.002023,0.000509999999999992,7.E-5));
#7605=CARTESIAN_POINT('',(-0.002727,-0.00049,0.000512500000000007));
#7606=CARTESIAN_POINT('',(-0.00134,-0.00049,0.));
#7607=CARTESIAN_POINT('',(-0.00248,-0.00049,-0.00038));
#7608=CARTESIAN_POINT('',(-0.00248,-0.00049,0.00047));
#7609=CARTESIAN_POINT('',(-0.00194,-0.00049,0.00047));
#7610=CARTESIAN_POINT('',(-0.00194,-0.00049,0.00047));
#7611=CARTESIAN_POINT('',(-0.00194,-0.00049,7.E-5));
#7612=CARTESIAN_POINT('',(-0.00194,-0.00049,7.E-5));
#7613=CARTESIAN_POINT('',(-0.00028,-0.00049,7.E-5));
#7614=CARTESIAN_POINT('',(-0.00028,-0.00049,7.E-5));
#7615=CARTESIAN_POINT('',(-0.00028,-0.00049,7.E-5));
#7616=CARTESIAN_POINT('',(-0.00028,-0.00049,0.00047));
#7617=CARTESIAN_POINT('',(-0.002507,-0.00049,0.00047));
#7618=CARTESIAN_POINT('',(0.00026,-0.00049,0.00047));
#7619=CARTESIAN_POINT('',(0.00026,-0.00049,7.E-5));
#7620=CARTESIAN_POINT('',(0.00192,-0.00049,7.E-5));
#7621=CARTESIAN_POINT('',(0.00192,-0.00049,0.00047));
#7622=CARTESIAN_POINT('',(-0.002507,-0.00049,0.00047));
#7623=CARTESIAN_POINT('',(0.00246,-0.00049,0.00047));
#7624=CARTESIAN_POINT('',(0.00246,-0.00049,-0.00038));
#7625=CARTESIAN_POINT('',(0.00246,-0.00054,0.000512500000000007));
#7626=CARTESIAN_POINT('',(0.00246,0.000509999999999992,-0.00038));
#7627=CARTESIAN_POINT('',(0.00246,0.000509999999999992,0.00047));
#7628=CARTESIAN_POINT('',(0.00246,-0.00054,0.00047));
#7629=CARTESIAN_POINT('',(-0.00248,-0.00054,-0.000422500000000012));
#7630=CARTESIAN_POINT('',(-0.00248,0.000509999999999992,-0.00038));
#7631=CARTESIAN_POINT('',(-0.00248,0.000509999999999992,0.00047));
#7632=CARTESIAN_POINT('',(-0.00248,-0.00049,0.00047));
#7633=CARTESIAN_POINT('',(-0.002727,0.000509999999999992,-0.000422500000000012));
#7634=CARTESIAN_POINT('',(-0.002507,0.000509999999999992,0.00047));
#7635=CARTESIAN_POINT('',(0.00192,0.000509999999999992,0.00047));
#7636=CARTESIAN_POINT('',(0.00192,0.000509999999999992,7.E-5));
#7637=CARTESIAN_POINT('',(0.00026,0.000509999999999992,7.E-5));
#7638=CARTESIAN_POINT('',(0.00026,0.000509999999999992,0.00047));
#7639=CARTESIAN_POINT('',(-0.002507,0.000509999999999992,0.00047));
#7640=CARTESIAN_POINT('',(-0.00028,0.000509999999999992,0.00047));
#7641=CARTESIAN_POINT('',(-0.00028,0.000509999999999992,7.E-5));
#7642=CARTESIAN_POINT('',(-0.00028,0.000509999999999992,7.E-5));
#7643=CARTESIAN_POINT('',(-0.00194,0.000509999999999992,7.E-5));
#7644=CARTESIAN_POINT('',(-0.00194,0.000509999999999992,7.E-5));
#7645=CARTESIAN_POINT('',(-0.00194,0.000509999999999992,7.E-5));
#7646=CARTESIAN_POINT('',(-0.00194,0.000509999999999992,0.00047));
#7647=CARTESIAN_POINT('',(-0.00248,0.000509999999999992,0.00047));
#7648=CARTESIAN_POINT('',(-0.002023,-0.00054,7.E-5));
#7649=CARTESIAN_POINT('',(-0.00194,-0.00049,7.E-5));
#7650=CARTESIAN_POINT('',(-0.00028,0.000509999999999992,7.E-5));
#7651=CARTESIAN_POINT('',(-0.002507,-0.00054,0.00047));
#7652=CARTESIAN_POINT('',(0.00026,-0.00054,0.00047));
#7653=CARTESIAN_POINT('',(-0.00028,-0.00054,0.00047));
#7654=CARTESIAN_POINT('',(-0.00028,-0.00054,5.00000000000032E-5));
#7655=CARTESIAN_POINT('',(0.00026,-0.00054,0.00049));
#7656=CARTESIAN_POINT('',(-0.002507,-0.00054,0.00047));
#7657=CARTESIAN_POINT('',(-0.00194,0.000509999999999992,0.00047));
#7658=CARTESIAN_POINT('',(-0.00194,-0.00054,0.00049));
#7659=CARTESIAN_POINT('',(-0.002507,-0.00054,0.00047));
#7660=CARTESIAN_POINT('',(0.00192,-0.00054,0.00047));
#7661=CARTESIAN_POINT('',(0.00192,-0.00054,5.00000000000032E-5));
#7662=CARTESIAN_POINT('',(-0.006885,-0.0019,0.000625000000000015));
#7663=CARTESIAN_POINT('',(-0.002765,-0.0019,0.00064));
#7664=CARTESIAN_POINT('',(0.0033,-0.0019,0.00064));
#7665=CARTESIAN_POINT('',(-0.007935,-0.0019,0.00094));
#7666=CARTESIAN_POINT('',(0.0033,-0.0019,0.00094));
#7667=CARTESIAN_POINT('',(0.0033,-0.0019,0.000955));
#7668=CARTESIAN_POINT('',(-0.006885,-0.0026,0.000625000000000015));
#7669=CARTESIAN_POINT('',(-0.002765,-0.0026,0.00064));
#7670=CARTESIAN_POINT('',(0.0033,-0.0026,0.00064));
#7671=CARTESIAN_POINT('',(0.0033,-0.0026,0.000955));
#7672=CARTESIAN_POINT('',(0.0033,-0.0026,0.00094));
#7673=CARTESIAN_POINT('',(-0.007935,-0.0026,0.00094));
#7674=CARTESIAN_POINT('',(-0.007935,-0.002635,0.00094));
#7675=CARTESIAN_POINT('',(0.0033,-0.002635,0.00094));
#7676=CARTESIAN_POINT('',(0.0033,-0.002635,0.000955));
#7677=CARTESIAN_POINT('',(0.0033,-0.002635,0.00064));
#7678=CARTESIAN_POINT('',(-0.002765,-0.002635,0.00064));
#7679=CARTESIAN_POINT('',(-0.006885,0.0019,0.000955));
#7680=CARTESIAN_POINT('',(-0.006885,0.0019,0.00064));
#7681=CARTESIAN_POINT('',(0.0033,0.0019,0.00064));
#7682=CARTESIAN_POINT('',(0.0033,0.0019,0.000955));
#7683=CARTESIAN_POINT('',(0.0033,0.0019,0.00094));
#7684=CARTESIAN_POINT('',(-0.006885,0.0019,0.00094));
#7685=CARTESIAN_POINT('',(-0.006885,0.0026,0.000955));
#7686=CARTESIAN_POINT('',(-0.006885,0.0026,0.00094));
#7687=CARTESIAN_POINT('',(0.0033,0.0026,0.00094));
#7688=CARTESIAN_POINT('',(0.0033,0.0026,0.000955));
#7689=CARTESIAN_POINT('',(0.0033,0.0026,0.00064));
#7690=CARTESIAN_POINT('',(-0.006885,0.0026,0.00064));
#7691=CARTESIAN_POINT('',(-0.007935,-0.002635,0.00094));
#7692=CARTESIAN_POINT('',(0.0033,-0.002635,0.00094));
#7693=CARTESIAN_POINT('',(0.0033,-0.002635,0.000955));
#7694=CARTESIAN_POINT('',(0.0033,-0.002635,0.00064));
#7695=CARTESIAN_POINT('',(-0.002765,-0.002635,0.00064));
#7696=CARTESIAN_POINT('',(-0.006885,-0.0019,0.000625000000000015));
#7697=CARTESIAN_POINT('',(-0.0067,-0.0019,0.00064));
#7698=CARTESIAN_POINT('',(-0.0067,-0.0019,0.00064));
#7699=CARTESIAN_POINT('',(-0.0067,-0.0019,0.00094));
#7700=CARTESIAN_POINT('',(-0.003,-0.0019,0.00094));
#7701=CARTESIAN_POINT('',(-0.003,-0.0019,0.00064));
#7702=CARTESIAN_POINT('',(-0.006885,0.0026,0.000955));
#7703=CARTESIAN_POINT('',(-0.0067,0.0026,0.00064));
#7704=CARTESIAN_POINT('',(-0.0067,0.0026,0.00064));
#7705=CARTESIAN_POINT('',(-0.0067,0.0026,0.00094));
#7706=CARTESIAN_POINT('',(-0.007935,0.0026,0.00094));
#7707=CARTESIAN_POINT('',(-0.006885,0.0026,0.00064));
#7708=CARTESIAN_POINT('',(-0.007935,-0.002635,0.00094));
#7709=CARTESIAN_POINT('',(-0.00724254278728606,0.00198138141809294,0.00094));
#7710=CARTESIAN_POINT('',(-0.0077,0.00205,0.000940000000000025));
#7711=CARTESIAN_POINT('',(-0.0067,0.0019,0.000940000000000017));
#7712=CARTESIAN_POINT('',(-0.007935,0.0019,0.00094));
#7713=CARTESIAN_POINT('',(-0.0086757946210269,0.00230363080684598,0.00094));
#7714=CARTESIAN_POINT('',(-0.0077,0.00245,0.000940000000000017));
#7715=CARTESIAN_POINT('',(-0.0077,-0.002635,0.00094));
#7716=CARTESIAN_POINT('',(-0.00297,-0.00297,0.00123));
#7717=CARTESIAN_POINT('',(0.0013865139886888,-0.00101094746545386,0.00123));
#7718=CARTESIAN_POINT('',(0.0013865139886888,-0.00101094746545386,0.00123));
#7719=CARTESIAN_POINT('',(0.0013865139886888,0.00118905253454613,0.00123));
#7720=CARTESIAN_POINT('',(-0.00297,0.00118905253454613,0.00123));
#7721=CARTESIAN_POINT('',(0.00268651398868881,0.00118905253454615,0.00123));
#7722=CARTESIAN_POINT('',(0.00268651398868881,0.00118905253454616,0.00123));
#7723=CARTESIAN_POINT('',(0.00268651398868881,-0.00101094746545386,0.00123));
#7724=CARTESIAN_POINT('',(-0.00297,-0.00101094746545386,0.00123));
#7725=CARTESIAN_POINT('',(-0.000256743005655609,0.00124000000000002,0.00123));
#7726=CARTESIAN_POINT('',(-0.000256743005655609,0.00124000000000002,0.00123));
#7727=CARTESIAN_POINT('',(0.000243256994344399,0.00124000000000002,0.00123));
#7728=CARTESIAN_POINT('',(0.000243256994344399,-0.00297,0.00123));
#7729=CARTESIAN_POINT('',(0.000243256994344399,0.000958245836551861,0.00123));
#7730=CARTESIAN_POINT('',(-6.7430056555924E-6,-9.9999999999854E-6,0.00123));
#7731=CARTESIAN_POINT('',(0.000243256994344399,-0.00097824583655184,0.00123));
#7732=CARTESIAN_POINT('',(0.000243256994344399,-0.000978245836551861,0.00123));
#7733=CARTESIAN_POINT('',(0.000243256994344399,-0.00125999999999996,0.00123));
#7734=CARTESIAN_POINT('',(0.000243256994344399,-0.00125999999999996,0.00123));
#7735=CARTESIAN_POINT('',(-0.000256743005655583,-0.00125999999999996,0.00123));
#7736=CARTESIAN_POINT('',(-0.000256743005655583,-0.00125999999999996,0.00123));
#7737=CARTESIAN_POINT('',(-0.000256743005655583,-0.000978245836551861,0.00123));
#7738=CARTESIAN_POINT('',(-6.7430056555924E-6,-9.9999999999854E-6,0.00123));
#7739=CARTESIAN_POINT('',(-0.000256743005655609,0.000958245836551856,0.00123));
#7740=CARTESIAN_POINT('',(-0.000256743005655583,-0.00297,0.00123));
#7741=CARTESIAN_POINT('',(-0.0027,0.00118905253454613,0.00123));
#7742=CARTESIAN_POINT('',(-0.00139999999999999,0.00118905253454613,0.00123));
#7743=CARTESIAN_POINT('',(-0.00139999999999999,0.00118905253454613,0.00123));
#7744=CARTESIAN_POINT('',(-0.00139999999999999,-0.00101094746545386,0.00123));
#7745=CARTESIAN_POINT('',(-0.00139999999999999,-0.00101094746545386,0.00123));
#7746=CARTESIAN_POINT('',(-0.000256743005655583,-0.00127408770817237,0.00122874999993623));
#7747=CARTESIAN_POINT('',(-0.000256743005655595,-0.00127506583509744,0.001255));
#7748=CARTESIAN_POINT('',(-0.00025674300565561,0.00124000000000002,0.00125500000112306));
#7749=CARTESIAN_POINT('',(-0.000256743005655608,0.000958245836551862,0.001255));
#7750=CARTESIAN_POINT('',(-0.000256743005655583,0.00124000000000002,0.00122875000000001));
#7751=CARTESIAN_POINT('',(-0.000256743005655583,0.000958245836551859,0.00122875000000001));
#7752=CARTESIAN_POINT('',(-6.7430056555924E-6,-9.9999999999854E-6,0.00122875000000001));
#7753=CARTESIAN_POINT('',(-6.7430056555924E-6,-9.9999999999854E-6,0.001255));
#7754=CARTESIAN_POINT('',(-0.000256743005655583,-0.000978245836551836,0.001255));
#7755=CARTESIAN_POINT('',(-0.000256743005655583,-0.000978245836551861,0.00123));
#7756=CARTESIAN_POINT('',(0.000243256994344399,-0.00127408770817237,0.00125625));
#7757=CARTESIAN_POINT('',(0.000243256994344411,-0.000494122918275911,0.001255));
#7758=CARTESIAN_POINT('',(0.000243256994344398,0.000958245836551864,0.001255));
#7759=CARTESIAN_POINT('',(0.0002432569943444,0.00124000000000002,0.00125500000111965));
#7760=CARTESIAN_POINT('',(0.000243256994344399,0.000958245836551859,0.00122875000000001));
#7761=CARTESIAN_POINT('',(0.000243256994344399,0.00124000000000002,0.00125625));
#7762=CARTESIAN_POINT('',(-0.00028174300565561,0.00124000000000002,0.00122875000000001));
#7763=CARTESIAN_POINT('',(0.000243256994344399,0.00124000000000002,0.001255));
#7764=CARTESIAN_POINT('',(-0.002765,-0.00101094746545386,0.00125625));
#7765=CARTESIAN_POINT('',(-0.001335,-0.00101094746545387,0.001255));
#7766=CARTESIAN_POINT('',(0.0013865139886888,-0.00101094746545386,0.00125500000116452));
#7767=CARTESIAN_POINT('',(0.00268651398868881,-0.00101094746545386,0.001255));
#7768=CARTESIAN_POINT('',(0.0013865139886888,-0.00101094746545386,0.00122874999990453));
#7769=CARTESIAN_POINT('',(0.00268651398868881,-0.00101094746545386,0.00125625));
#7770=CARTESIAN_POINT('',(0.00268651398868881,-0.00112094746545385,0.0012825));
#7771=CARTESIAN_POINT('',(0.00268651398868881,0.00116405253454613,0.001255));
#7772=CARTESIAN_POINT('',(0.00268651398868881,0.00116405253454615,0.00128));
#7773=CARTESIAN_POINT('',(0.00268651398868881,0.00118905253454616,0.001255));
#7774=CARTESIAN_POINT('',(0.00268651398868881,-0.00112094746545385,0.00128));
#7775=CARTESIAN_POINT('',(0.00268651398868881,-0.000985947465453856,0.00128));
#7776=CARTESIAN_POINT('',(0.00268651398868881,-0.000985947465453881,0.001255));
#7777=CARTESIAN_POINT('',(0.00268651398868881,0.00118905253454613,0.0012825));
#7778=CARTESIAN_POINT('',(-0.002765,0.00118905253454613,0.00122874999995485));
#7779=CARTESIAN_POINT('',(-0.002765,0.00118905253454613,0.001255));
#7780=CARTESIAN_POINT('',(0.0013865139886888,0.00118905253454615,0.00125500000116095));
#7781=CARTESIAN_POINT('',(0.0013865139886888,0.00118905253454613,0.00122874999995485));
#7782=CARTESIAN_POINT('',(0.0013865139886888,-0.00112094746545385,0.00122874999990453));
#7783=CARTESIAN_POINT('',(0.0013865139886888,0.00118905253454616,0.001255));
#7784=CARTESIAN_POINT('',(-0.00107924300565559,-0.00135749999999995,0.00128));
#7785=CARTESIAN_POINT('',(-0.002325,-0.000598447465453882,0.00128));
#7786=CARTESIAN_POINT('',(-0.002325,0.000714052534546126,0.00128));
#7787=CARTESIAN_POINT('',(-0.002325,-0.000535947465453878,0.00128));
#7788=CARTESIAN_POINT('',(-0.0023525,0.000714052534546126,0.00128));
#7789=CARTESIAN_POINT('',(-0.001775,0.000714052534546126,0.00128));
#7790=CARTESIAN_POINT('',(-0.001775,0.00077655253454613,0.00128));
#7791=CARTESIAN_POINT('',(-0.0017750000001851,-0.000535947465268763,0.00128));
#7792=CARTESIAN_POINT('',(-0.0017475,-0.000535947465453878,0.00128));
#7793=CARTESIAN_POINT('',(-0.002765,0.00116405253454613,0.00128));
#7794=CARTESIAN_POINT('',(-0.00142500000037709,0.00116405253416903,0.00128));
#7795=CARTESIAN_POINT('',(-0.001335,-0.000985947465453881,0.00128));
#7796=CARTESIAN_POINT('',(-0.001425,-0.000985947465453856,0.00128));
#7797=CARTESIAN_POINT('',(-0.001425,0.00129905253454612,0.00128));
#7798=CARTESIAN_POINT('',(-0.0017475,-0.000535947465453878,0.00130500000000001));
#7799=CARTESIAN_POINT('',(-0.0018,-0.000510947465453876,0.00130500000000001));
#7800=CARTESIAN_POINT('',(-0.0018,-0.000510947465453876,0.00130500000706693));
#7801=CARTESIAN_POINT('',(-0.0023,-0.000510947465453876,0.00130499999610764));
#7802=CARTESIAN_POINT('',(-0.002325,-0.000535947465453878,0.00130500000000001));
#7803=CARTESIAN_POINT('',(-0.001775,-0.000535947465453878,0.00130500000000001));
#7804=CARTESIAN_POINT('',(-0.001775,0.00077655253454613,0.00130500000000001));
#7805=CARTESIAN_POINT('',(-0.0018,0.000689052534546125,0.00130500000000001));
#7806=CARTESIAN_POINT('',(-0.0018,0.000689052534546125,0.00130500000708661));
#7807=CARTESIAN_POINT('',(-0.001775,0.000714052534546126,0.00130500000000001));
#7808=CARTESIAN_POINT('',(-0.0023525,0.000714052534546126,0.00130500000000001));
#7809=CARTESIAN_POINT('',(-0.0023,0.000689052534546125,0.00130500000000001));
#7810=CARTESIAN_POINT('',(-0.0023,0.000689052534546125,0.00130500000347473));
#7811=CARTESIAN_POINT('',(-0.002325,0.000714052534546126,0.00130500000000001));
#7812=CARTESIAN_POINT('',(-0.002325,-0.000598447465453882,0.00130500000000001));
#7813=CARTESIAN_POINT('',(-0.0023,-0.000510947465453876,0.00130500000000001));
#7814=CARTESIAN_POINT('',(0.000515756994344401,-0.0005325,0.00133));
#7815=CARTESIAN_POINT('',(-0.002275,-0.00057094746545389,0.00133));
#7816=CARTESIAN_POINT('',(-0.002275,-0.000485947465453875,0.00133));
#7817=CARTESIAN_POINT('',(-0.002275,0.000664052534546123,0.00133));
#7818=CARTESIAN_POINT('',(-0.001775,-0.000485947465453875,0.00133));
#7819=CARTESIAN_POINT('',(-0.001825,-0.000485947465453875,0.00133));
#7820=CARTESIAN_POINT('',(-0.001825,0.000749052534546113,0.00133));
#7821=CARTESIAN_POINT('',(-0.00182500000219364,0.000664052532352477,0.00133));
#7822=CARTESIAN_POINT('',(-0.002325,0.000664052534546123,0.00133));
#7823=CARTESIAN_POINT('',(-0.001775,-0.000485947465453875,0.00130500000000001));
#7824=CARTESIAN_POINT('',(-0.002275,-0.000485947465453875,0.00130500000000001));
#7825=CARTESIAN_POINT('',(-0.001825,-0.000485947465453875,0.00130500000000001));
#7826=CARTESIAN_POINT('',(-0.001825,0.000749052534546113,0.00130500000000001));
#7827=CARTESIAN_POINT('',(-0.001825,0.000664052534546123,0.00130500000000001));
#7828=CARTESIAN_POINT('',(-0.002325,0.000664052534546123,0.00130500000000001));
#7829=CARTESIAN_POINT('',(-0.002275,0.000664052534546123,0.00130500000000001));
#7830=CARTESIAN_POINT('',(-0.002275,-0.00057094746545389,0.00130500000000001));
#7831=CARTESIAN_POINT('',(0.000515756994344401,-0.0005325,0.00133));
#7832=CARTESIAN_POINT('',(-6.7430056555924E-6,-9.9999999999854E-6,0.00133));
#7833=CARTESIAN_POINT('',(-0.000481743005655592,-9.9999999999854E-6,0.00133));
#7834=CARTESIAN_POINT('',(-6.7430056555924E-6,-9.9999999999854E-6,0.00130500000000001));
#7835=CARTESIAN_POINT('',(-6.7430056555924E-6,-9.9999999999854E-6,0.00130500000000001));
#7836=CARTESIAN_POINT('',(-0.0005067430056556,-9.9999999999854E-6,0.00130500000000001));
#7837=CARTESIAN_POINT('',(0.000515756994344401,-0.0005325,0.00133));
#7838=CARTESIAN_POINT('',(-0.001775,-0.000485947465453875,0.00133));
#7839=CARTESIAN_POINT('',(0.00226151398649513,-0.000485947463260229,0.00133));
#7840=CARTESIAN_POINT('',(0.00181151398868876,-0.000485947465453875,0.00133));
#7841=CARTESIAN_POINT('',(0.00226151398868879,0.000749052534546113,0.00133));
#7842=CARTESIAN_POINT('',(0.00226151398649514,0.000664052532352477,0.00133));
#7843=CARTESIAN_POINT('',(-0.002325,0.000664052534546123,0.00133));
#7844=CARTESIAN_POINT('',(0.00181151398868877,0.00066405253454614,0.00133));
#7845=CARTESIAN_POINT('',(0.00181151398868878,-0.000570947465453865,0.00133));
#7846=CARTESIAN_POINT('',(0.00226151398868879,0.000749052534546113,0.00130500000000001));
#7847=CARTESIAN_POINT('',(0.00226151398868879,-0.000485947465453875,0.00130500000000001));
#7848=CARTESIAN_POINT('',(0.00228651398868876,-0.000510947465453876,0.00130500000000001));
#7849=CARTESIAN_POINT('',(0.00228651398868876,-0.000510947465453876,0.00130500000000001));
#7850=CARTESIAN_POINT('',(0.00228651398868877,0.000689052534546125,0.00130500000000001));
#7851=CARTESIAN_POINT('',(0.00226151398868879,0.000664052534546123,0.00130500000000001));
#7852=CARTESIAN_POINT('',(-0.002325,0.000664052534546123,0.00130500000000001));
#7853=CARTESIAN_POINT('',(-2.77642492330088E-14,0.000689052534546125,0.00130500000000001));
#7854=CARTESIAN_POINT('',(0.00178651398868878,0.000689052534546125,0.00130500000000001));
#7855=CARTESIAN_POINT('',(0.00181151398868878,0.000664052534546123,0.00130500000000001));
#7856=CARTESIAN_POINT('',(0.00181151398868878,-0.000570947465453865,0.00130500000000001));
#7857=CARTESIAN_POINT('',(0.00178651398868878,0.000689052534546125,0.00130500000000001));
#7858=CARTESIAN_POINT('',(0.00178651398868876,-0.000510947465453877,0.00130500000000001));
#7859=CARTESIAN_POINT('',(0.00181151398868878,-0.000485947465453875,0.00130500000000001));
#7860=CARTESIAN_POINT('',(-0.001775,-0.000485947465453875,0.00130500000000001));
#7861=CARTESIAN_POINT('',(2.17779353578473E-14,-0.000510947465453876,0.00130500000000001));
#7862=CARTESIAN_POINT('',(-0.002765,-0.00101094746545386,0.00125625));
#7863=CARTESIAN_POINT('',(-0.0027,-0.00101094746545388,0.001255));
#7864=CARTESIAN_POINT('',(-0.00139999999999999,-0.00101094746545386,0.00125500000448918));
#7865=CARTESIAN_POINT('',(-0.00139999999999999,-0.00101094746545386,0.00123));
#7866=CARTESIAN_POINT('',(-0.00139999999999999,-0.00112094746545385,0.00125625000094811));
#7867=CARTESIAN_POINT('',(-0.00139999999999999,-0.00101094746545386,0.001255));
#7868=CARTESIAN_POINT('',(-0.00139999999999999,0.00118905253454613,0.00125500000454562));
#7869=CARTESIAN_POINT('',(-0.00139999999999999,0.00118905253454613,0.00123));
#7870=CARTESIAN_POINT('',(-0.002765,0.00118905253454613,0.00122874999995485));
#7871=CARTESIAN_POINT('',(-0.00139999999999999,0.00118905253454613,0.001255));
#7872=CARTESIAN_POINT('',(-0.001335,-0.000985947465453881,0.001255));
#7873=CARTESIAN_POINT('',(-0.001425,-0.000985947465453856,0.001255));
#7874=CARTESIAN_POINT('',(-0.001425,0.00129905253454612,0.001255));
#7875=CARTESIAN_POINT('',(-0.001425,0.00116405253454613,0.001255));
#7876=CARTESIAN_POINT('',(-0.002765,0.00116405253454613,0.001255));
#7877=CARTESIAN_POINT('',(-0.002765,0.00116405253454613,0.001255));
#7878=CARTESIAN_POINT('',(0.0014115139886888,0.00116405253454613,0.001255));
#7879=CARTESIAN_POINT('',(0.0014115139890659,0.00116405253416906,0.00128));
#7880=CARTESIAN_POINT('',(-0.002765,0.00116405253454613,0.00128));
#7881=CARTESIAN_POINT('',(0.0014115139886888,-0.00112094746545385,0.001255));
#7882=CARTESIAN_POINT('',(0.0014115139886888,-0.00112094746545385,0.00128));
#7883=CARTESIAN_POINT('',(0.0014115139890659,-0.000985947465076759,0.00128));
#7884=CARTESIAN_POINT('',(0.0014115139886888,-0.000985947465453881,0.001255));
#7885=CARTESIAN_POINT('',(-0.001335,-0.000985947465453881,0.001255));
#7886=CARTESIAN_POINT('',(-0.001335,-0.000985947465453881,0.00128));
#7887=CARTESIAN_POINT('',(-0.00107924300565559,-0.00135749999999995,0.00128));
#7888=CARTESIAN_POINT('',(0.00176151398868878,-0.00059844746720318,0.00128));
#7889=CARTESIAN_POINT('',(0.00176151398868878,0.000714052534546126,0.00128));
#7890=CARTESIAN_POINT('',(0.00176151398850366,-0.000535947465638993,0.00128));
#7891=CARTESIAN_POINT('',(-0.0023525,0.000714052534546126,0.00128));
#7892=CARTESIAN_POINT('',(0.00231151398850364,0.000714052534361011,0.00128));
#7893=CARTESIAN_POINT('',(0.00231151398868876,0.00077655253454613,0.00128));
#7894=CARTESIAN_POINT('',(0.00231151398850364,-0.000535947465268763,0.00128));
#7895=CARTESIAN_POINT('',(-0.0017475,-0.000535947465453878,0.00128));
#7896=CARTESIAN_POINT('',(0.00231151398868876,0.00077655253454613,0.00130500000000001));
#7897=CARTESIAN_POINT('',(0.00231151398868876,-0.000535947465453878,0.00130500000000001));
#7898=CARTESIAN_POINT('',(0.00231151398868876,0.000714052534546126,0.00130500000000001));
#7899=CARTESIAN_POINT('',(-0.0023525,0.000714052534546126,0.00130500000000001));
#7900=CARTESIAN_POINT('',(0.00176151398868878,0.000714052534546126,0.00130500000000001));
#7901=CARTESIAN_POINT('',(-0.0017475,-0.000535947465453878,0.00130500000000001));
#7902=CARTESIAN_POINT('',(0.00176151398868878,-0.000535947465453878,0.00130500000000001));
#7903=CARTESIAN_POINT('',(0.00176151398868878,-0.00059844746720318,0.00130500000000001));
#7904=CARTESIAN_POINT('',(-0.000256743005655583,-0.00127408770817237,0.00122874999993623));
#7905=CARTESIAN_POINT('',(-0.000256743005655583,-0.000978245836551836,0.001255));
#7906=CARTESIAN_POINT('',(-0.000256743005655583,-0.00125999999999996,0.00125500000455829));
#7907=CARTESIAN_POINT('',(-0.000256743005655583,-0.00125999999999996,0.00123));
#7908=CARTESIAN_POINT('',(-0.000281743005655584,-0.00125999999999996,0.00125625000133904));
#7909=CARTESIAN_POINT('',(-0.000256743005655583,-0.00125999999999996,0.001255));
#7910=CARTESIAN_POINT('',(0.000243256994344399,-0.00125999999999996,0.00125500000447859));
#7911=CARTESIAN_POINT('',(0.000243256994344399,-0.00125999999999996,0.00123));
#7912=CARTESIAN_POINT('',(0.000243256994344399,-0.00127408770817237,0.00125625));
#7913=CARTESIAN_POINT('',(0.000243256994344399,-0.00125999999999996,0.001255));
#7914=CARTESIAN_POINT('',(0.000243256994344398,-0.000978245836551841,0.001255));
#7915=CARTESIAN_POINT('',(0.000243256994344399,-0.00097824583655183,0.00122875000000001));
#7916=CARTESIAN_POINT('',(-6.7430056555924E-6,-9.9999999999854E-6,0.00122875000000001));
#7917=CARTESIAN_POINT('',(-6.7430056555924E-6,-9.9999999999854E-6,0.001255));
#7918=CARTESIAN_POINT('',(0.0002682569943444,-0.00123499999999996,0.001255));
#7919=CARTESIAN_POINT('',(0.000218256993213106,-0.00123499999999996,0.00128));
#7920=CARTESIAN_POINT('',(0.000218256993213106,-0.00123499999886867,0.00128));
#7921=CARTESIAN_POINT('',(-0.000231743004524291,-0.00123499999886867,0.00128));
#7922=CARTESIAN_POINT('',(-0.000231743005655581,-0.00123499999999996,0.001255));
#7923=CARTESIAN_POINT('',(0.000218256994344396,-0.00123499999999996,0.001255));
#7924=CARTESIAN_POINT('',(0.000218256994344422,-0.000494122918275911,0.001255));
#7925=CARTESIAN_POINT('',(0.000218256994344396,-0.000958683298050499,0.00128));
#7926=CARTESIAN_POINT('',(0.000218256994344396,-0.000958683298050499,0.00128));
#7927=CARTESIAN_POINT('',(0.000218256994344396,-0.000958683298050499,0.00128));
#7928=CARTESIAN_POINT('',(0.00021849261177212,-0.000958869569982501,0.00128));
#7929=CARTESIAN_POINT('',(0.000218728262217962,-0.000959055813145523,0.00127999666906555));
#7930=CARTESIAN_POINT('',(0.000221190017572827,-0.00096100085621263,0.00127992703453855));
#7931=CARTESIAN_POINT('',(0.000223418513953138,-0.000962756623067612,0.00127956630062047));
#7932=CARTESIAN_POINT('',(0.000227690369947381,-0.000966113379904606,0.00127825622191826));
#7933=CARTESIAN_POINT('',(0.000229745682626689,-0.000967724033427819,0.00127732214241164));
#7934=CARTESIAN_POINT('',(0.00023419465635194,-0.000971202555602129,0.00127449008586802));
#7935=CARTESIAN_POINT('',(0.00023651203992359,-0.000973008190783511,0.00127238393547017));
#7936=CARTESIAN_POINT('',(0.000239970913133211,-0.000975697845012345,0.00126766364880446));
#7937=CARTESIAN_POINT('',(0.000241232780955165,-0.000976676840014118,0.00126524498741368));
#7938=CARTESIAN_POINT('',(0.000242850370179899,-0.000977930999107115,0.00126015775730533));
#7939=CARTESIAN_POINT('',(0.000243256994344399,-0.000978245836551836,0.00125760427448825));
#7940=CARTESIAN_POINT('',(0.000243256994344399,-0.000978245836551836,0.001255));
#7941=CARTESIAN_POINT('',(-6.7430056555924E-6,-9.9999999999854E-6,0.001255));
#7942=CARTESIAN_POINT('',(-6.7430056555924E-6,-9.9999999999854E-6,0.00128));
#7943=CARTESIAN_POINT('',(0.000218256994344396,0.000938683298050538,0.00128));
#7944=CARTESIAN_POINT('',(0.000218256994344396,0.000938683298050528,0.00128));
#7945=CARTESIAN_POINT('',(0.00021849261177212,0.00093886956998253,0.00128));
#7946=CARTESIAN_POINT('',(0.000218728262217937,0.000939055813145552,0.00127999666906555));
#7947=CARTESIAN_POINT('',(0.000221190017572801,0.000941000856212659,0.00127992703453855));
#7948=CARTESIAN_POINT('',(0.000223418513953138,0.000942756623067616,0.00127956630062047));
#7949=CARTESIAN_POINT('',(0.000227690369947357,0.00094611337990461,0.00127825622191826));
#7950=CARTESIAN_POINT('',(0.000229745682626689,0.000947724033427848,0.00127732214241164));
#7951=CARTESIAN_POINT('',(0.000234194656351914,0.000951202555602159,0.00127449008586802));
#7952=CARTESIAN_POINT('',(0.00023651203992359,0.000953008190783515,0.00127238393547017));
#7953=CARTESIAN_POINT('',(0.000239970913133211,0.000955697845012349,0.00126766364880446));
#7954=CARTESIAN_POINT('',(0.000241232780955165,0.000956676840014122,0.00126524498741368));
#7955=CARTESIAN_POINT('',(0.000242850370179874,0.000957930999107145,0.00126015775730533));
#7956=CARTESIAN_POINT('',(0.000243256994344399,0.000958245836551865,0.00125760427448825));
#7957=CARTESIAN_POINT('',(0.000243256994344399,0.000958245836551865,0.001255));
#7958=CARTESIAN_POINT('',(0.000218256994344422,-0.000494122918275911,0.001255));
#7959=CARTESIAN_POINT('',(0.000218256994344422,0.00121500000000002,0.001255));
#7960=CARTESIAN_POINT('',(0.000218256994344396,0.00121500000000002,0.00128));
#7961=CARTESIAN_POINT('',(0.000218256994344422,-0.000494122918275911,0.00128));
#7962=CARTESIAN_POINT('',(-0.00028174300565561,0.00121500000000002,0.001255));
#7963=CARTESIAN_POINT('',(-0.000231743005655607,0.00121500000000002,0.00128));
#7964=CARTESIAN_POINT('',(-0.000231743005655607,0.00121500000000002,0.00128));
#7965=CARTESIAN_POINT('',(-0.000231743005655607,0.00121500000000002,0.001255));
#7966=CARTESIAN_POINT('',(-0.000231743005655607,-0.00127506583509744,0.001255));
#7967=CARTESIAN_POINT('',(-0.000231743005655607,-0.00127506583509744,0.00128));
#7968=CARTESIAN_POINT('',(-0.000231743005655607,0.000938683298050534,0.00128));
#7969=CARTESIAN_POINT('',(-0.000231743005655607,0.000938683298050528,0.00128));
#7970=CARTESIAN_POINT('',(-0.000231978623083304,0.00093886956998253,0.00128));
#7971=CARTESIAN_POINT('',(-0.000232214273529148,0.000939055813145552,0.00127999666906555));
#7972=CARTESIAN_POINT('',(-0.000234676028884012,0.000941000856212659,0.00127992703453855));
#7973=CARTESIAN_POINT('',(-0.000236904525264323,0.000942756623067616,0.00127956630062047));
#7974=CARTESIAN_POINT('',(-0.000241176381258567,0.00094611337990461,0.00127825622191826));
#7975=CARTESIAN_POINT('',(-0.0002432316939379,0.000947724033427848,0.00127732214241164));
#7976=CARTESIAN_POINT('',(-0.000247680667663125,0.000951202555602159,0.00127449008586802));
#7977=CARTESIAN_POINT('',(-0.000249998051234774,0.000953008190783515,0.00127238393547017));
#7978=CARTESIAN_POINT('',(-0.000253456924444421,0.000955697845012349,0.00126766364880446));
#7979=CARTESIAN_POINT('',(-0.000254718792266349,0.000956676840014122,0.00126524498741368));
#7980=CARTESIAN_POINT('',(-0.000256336381491084,0.000957930999107145,0.00126015775730533));
#7981=CARTESIAN_POINT('',(-0.000256743005655609,0.000958245836551865,0.00125760427448825));
#7982=CARTESIAN_POINT('',(-0.000256743005655609,0.000958245836551865,0.001255));
#7983=CARTESIAN_POINT('',(-6.7430056555924E-6,-9.9999999999854E-6,0.001255));
#7984=CARTESIAN_POINT('',(-6.7430056555924E-6,-9.9999999999854E-6,0.00128));
#7985=CARTESIAN_POINT('',(-0.000231743005655581,-0.000958683298050499,0.00128));
#7986=CARTESIAN_POINT('',(-0.000231743005655581,-0.000958683298050499,0.00128));
#7987=CARTESIAN_POINT('',(-0.000231978623083304,-0.000958869569982501,0.00128));
#7988=CARTESIAN_POINT('',(-0.000232214273529122,-0.000959055813145523,0.00127999666906555));
#7989=CARTESIAN_POINT('',(-0.000234676028884012,-0.00096100085621263,0.00127992703453855));
#7990=CARTESIAN_POINT('',(-0.000236904525264323,-0.000962756623067612,0.00127956630062047));
#7991=CARTESIAN_POINT('',(-0.000241176381258541,-0.000966113379904606,0.00127825622191826));
#7992=CARTESIAN_POINT('',(-0.000243231693937875,-0.000967724033427819,0.00127732214241164));
#7993=CARTESIAN_POINT('',(-0.0002476806676631,-0.000971202555602129,0.00127449008586802));
#7994=CARTESIAN_POINT('',(-0.000249998051234774,-0.000973008190783511,0.00127238393547017));
#7995=CARTESIAN_POINT('',(-0.000253456924444395,-0.000975697845012345,0.00126766364880446));
#7996=CARTESIAN_POINT('',(-0.000254718792266349,-0.000976676840014118,0.00126524498741368));
#7997=CARTESIAN_POINT('',(-0.000256336381491084,-0.000977930999107141,0.00126015775730533));
#7998=CARTESIAN_POINT('',(-0.000256743005655583,-0.000978245836551836,0.00125760427448825));
#7999=CARTESIAN_POINT('',(-0.000256743005655583,-0.000978245836551836,0.001255));
#8000=CARTESIAN_POINT('',(-0.000231743005655607,-0.00127506583509744,0.001255));
#8001=CARTESIAN_POINT('',(-0.000231743005655581,-0.00123499999886867,0.00128));
#8002=CARTESIAN_POINT('',(-0.00107924300565559,-0.00135749999999995,0.00128));
#8003=CARTESIAN_POINT('',(-6.7430056555924E-6,-9.9999999999854E-6,0.00128));
#8004=CARTESIAN_POINT('',(-0.0005317430056556,-9.9999999999854E-6,0.00128));
#8005=CARTESIAN_POINT('',(-6.7430056555924E-6,-9.9999999999854E-6,0.00130500000000001));
#8006=CARTESIAN_POINT('',(-0.0077,-0.00246999999999997,0.000955000000000016));
#8007=CARTESIAN_POINT('',(-0.0077,-0.00205,0.000940000000000025));
#8008=CARTESIAN_POINT('',(-0.0077,-0.00205,0.000940000000000025));
#8009=CARTESIAN_POINT('',(-0.0077,-0.00205,0.00064));
#8010=CARTESIAN_POINT('',(-0.0077,-0.00245,0.00064));
#8011=CARTESIAN_POINT('',(-0.0077,-0.00245,0.00064));
#8012=CARTESIAN_POINT('',(-0.0077,-0.00245,0.00064));
#8013=CARTESIAN_POINT('',(-0.0077,-0.00245,0.000940000000000025));
#8014=CARTESIAN_POINT('',(-0.0077,-0.00205,0.000940000000000025));
#8015=CARTESIAN_POINT('',(-0.0077,-0.00246999999999997,0.000955000000000016));
#8016=CARTESIAN_POINT('',(-0.0077,0.00205000000000003,0.000955000000000014));
#8017=CARTESIAN_POINT('',(-0.0077,0.00205,0.00064));
#8018=CARTESIAN_POINT('',(-0.0077,0.00245,0.000955000000000018));
#8019=CARTESIAN_POINT('',(-0.0077,0.00245,0.00064));
#8020=CARTESIAN_POINT('',(-0.0077,-0.002635,0.00064));
#8021=CARTESIAN_POINT('',(-0.002765,-0.002635,0.00064));
#8022=CARTESIAN_POINT('',(-0.00218630806845963,0.00122294621026896,0.00064));
#8023=CARTESIAN_POINT('',(-0.00669999999999987,0.0019,0.00064));
#8024=CARTESIAN_POINT('',(-0.00361955990220047,0.00306206601466993,0.00064));
#8025=CARTESIAN_POINT('',(-0.002765,0.0019,0.00064));
#8026=CARTESIAN_POINT('',(-0.002765,-0.002635,0.00064));
#8027=CARTESIAN_POINT('',(-0.0077,-0.00205,0.00064));
#8028=CARTESIAN_POINT('',(-0.0067,-0.0026,0.00064));
#8029=CARTESIAN_POINT('',(-0.0067,-0.0026,0.00064));
#8030=CARTESIAN_POINT('',(-0.0067,-0.0026,0.00064));
#8031=CARTESIAN_POINT('',(-0.007935,-0.002635,0.00094));
#8032=CARTESIAN_POINT('',(-0.0067,-0.0019,0.00094));
#8033=CARTESIAN_POINT('',(-0.0077,-0.00245,0.000940000000000025));
#8034=CARTESIAN_POINT('',(-0.0067,-0.0026,0.00094));
#8035=CARTESIAN_POINT('',(-0.003,-0.0026,0.00094));
#8036=CARTESIAN_POINT('',(-0.006885,-0.0026,0.000625000000000015));
#8037=CARTESIAN_POINT('',(-0.0067,-0.0026,0.00094));
#8038=CARTESIAN_POINT('',(-0.006885,0.0019,0.000955));
#8039=CARTESIAN_POINT('',(-0.0067,0.0019,0.00094));
#8040=CARTESIAN_POINT('',(-0.00775,0.0024425,0.000955000000000016));
#8041=CARTESIAN_POINT('',(-0.00775,-0.0024425,0.000625000000000015));
#8042=CARTESIAN_POINT('',(-0.00775,0.00205750000000003,0.000625000000000015));
#8043=CARTESIAN_POINT('',(-0.00775,-0.00205749999999997,0.000955000000000016));
#8044=CARTESIAN_POINT('',(0.0022,0.0022,0.00297673922649244));
#8045=CARTESIAN_POINT('',(0.00220000000000009,0.0022,0.00369));
#8046=CARTESIAN_POINT('',(0.0022,0.0022,0.00329));
#8047=CARTESIAN_POINT('',(0.00164999999999999,0.0022,0.00329));
#8048=CARTESIAN_POINT('',(-0.0022,0.0022,0.00297673922649248));
#8049=CARTESIAN_POINT('',(-0.00219999999999994,0.00220000000000004,0.00369));
#8050=CARTESIAN_POINT('',(-0.0022,0.0022,0.00329));
#8051=CARTESIAN_POINT('',(-0.00275000000000001,0.0022,0.00329));
#8052=CARTESIAN_POINT('',(0.0022,-0.0022,0.00297673922649241));
#8053=CARTESIAN_POINT('',(0.00220000000000004,-0.0022,0.00369));
#8054=CARTESIAN_POINT('',(0.0022,-0.0022,0.00329));
#8055=CARTESIAN_POINT('',(0.00275000000000001,-0.0022,0.00329));
#8056=CARTESIAN_POINT('',(-0.0022,-0.0022,0.00297673922649238));
#8057=CARTESIAN_POINT('',(-0.00219999999999997,-0.0022,0.00369));
#8058=CARTESIAN_POINT('',(-0.0022,-0.0022,0.00329));
#8059=CARTESIAN_POINT('',(-0.00164999999999999,-0.0022,0.00329));
#8060=CARTESIAN_POINT('',(-0.001474,-0.0031255,0.));
#8061=CARTESIAN_POINT('',(0.00111,-0.003,0.));
#8062=CARTESIAN_POINT('',(0.00111,-0.00221,9.39988722E-19));
#8063=CARTESIAN_POINT('',(0.00111,-0.00221,0.));
#8064=CARTESIAN_POINT('',(-8.99999999999956E-5,-0.00221,9.39988722E-19));
#8065=CARTESIAN_POINT('',(-8.99999999999956E-5,-0.00221,0.));
#8066=CARTESIAN_POINT('',(-0.0040775,-0.0034675,0.00289));
#8067=CARTESIAN_POINT('',(-0.0040775,0.00299,0.00289));
#8068=CARTESIAN_POINT('',(0.00111,0.00299,0.00289));
#8069=CARTESIAN_POINT('',(0.00111,-0.0034675,0.00289));
#8070=CARTESIAN_POINT('',(-0.0040775,-0.0034675,0.00289));
#8071=CARTESIAN_POINT('',(-0.0040775,0.00299,0.00289));
#8072=CARTESIAN_POINT('',(-0.00209,0.00299,0.00289));
#8073=CARTESIAN_POINT('',(-0.00209,-0.0034675,0.00289));
#8074=CARTESIAN_POINT('',(-0.00374,-0.00331,0.00287));
#8075=CARTESIAN_POINT('',(-0.00374,-0.00301,0.00329));
#8076=CARTESIAN_POINT('',(-0.00374,-0.00301,0.00329));
#8077=CARTESIAN_POINT('',(-0.00374,0.00299,0.00329));
#8078=CARTESIAN_POINT('',(-0.00374,0.00299,0.00287));
#8079=CARTESIAN_POINT('',(-0.00374,0.00299,0.00289));
#8080=CARTESIAN_POINT('',(-0.00374,-0.00301,0.00289));
#8081=CARTESIAN_POINT('',(-0.00374,-0.00301,0.00289));
#8082=CARTESIAN_POINT('',(-0.00374,-0.00301,0.00287));
#8083=CARTESIAN_POINT('',(0.001015,-0.00301,0.00331));
#8084=CARTESIAN_POINT('',(0.001015,-0.00301,0.00329));
#8085=CARTESIAN_POINT('',(-0.00209,-0.00301,0.00329));
#8086=CARTESIAN_POINT('',(-0.0040775,-0.00301,0.00289));
#8087=CARTESIAN_POINT('',(-0.00209,-0.00301,0.00289));
#8088=CARTESIAN_POINT('',(-0.00209,-0.00301,0.00331));
#8089=CARTESIAN_POINT('',(0.001015,-0.00301,0.00331));
#8090=CARTESIAN_POINT('',(0.00301,-0.00301,0.00329));
#8091=CARTESIAN_POINT('',(0.00301,-0.00301,0.00329));
#8092=CARTESIAN_POINT('',(0.00111,-0.00301,0.00329));
#8093=CARTESIAN_POINT('',(0.00111,-0.00301,0.00289));
#8094=CARTESIAN_POINT('',(0.00111,-0.00301,0.00289));
#8095=CARTESIAN_POINT('',(0.00301,-0.00301,0.00289));
#8096=CARTESIAN_POINT('',(0.00301,-0.00301,0.00289));
#8097=CARTESIAN_POINT('',(0.00301,-0.00301,0.00289));
#8098=CARTESIAN_POINT('',(0.00301,-0.00331,0.00331));
#8099=CARTESIAN_POINT('',(0.00301,0.00299,0.00329));
#8100=CARTESIAN_POINT('',(0.00301,0.00299,0.00329));
#8101=CARTESIAN_POINT('',(0.00301,0.00299,0.00289));
#8102=CARTESIAN_POINT('',(0.00301,0.00299,0.00289));
#8103=CARTESIAN_POINT('',(0.00301,0.00299,0.00289));
#8104=CARTESIAN_POINT('',(0.001015,0.00299,0.00287));
#8105=CARTESIAN_POINT('',(0.00111,0.00299,0.00329));
#8106=CARTESIAN_POINT('',(0.00111,0.00299,0.00329));
#8107=CARTESIAN_POINT('',(0.003,0.00299,0.00289));
#8108=CARTESIAN_POINT('',(0.00111,0.00299,0.00287));
#8109=CARTESIAN_POINT('',(0.001015,0.00299,0.00287));
#8110=CARTESIAN_POINT('',(0.001015,0.00299,0.00329));
#8111=CARTESIAN_POINT('',(-0.00209,0.00299,0.00329));
#8112=CARTESIAN_POINT('',(-0.00209,0.00299,0.00161));
#8113=CARTESIAN_POINT('',(-0.0040775,0.00299,0.00289));
#8114=CARTESIAN_POINT('',(1.00000000000108E-5,-9.9999999999854E-6,0.00287));
#8115=CARTESIAN_POINT('',(1.00000000000108E-5,-9.9999999999854E-6,0.00289));
#8116=CARTESIAN_POINT('',(0.00176000000000001,-9.9999999999854E-6,0.00289));
#8117=CARTESIAN_POINT('',(1.00000000000108E-5,-9.9999999999854E-6,0.00329));
#8118=CARTESIAN_POINT('',(-0.00173999999999999,-9.9999999999854E-6,0.00329));
#8119=CARTESIAN_POINT('',(-0.00054,-0.00358,-0.00216));
#8120=CARTESIAN_POINT('',(-0.00159,-0.00316,-0.00321));
#8121=CARTESIAN_POINT('',(-0.00159,-0.00316,-0.00321));
#8122=CARTESIAN_POINT('',(-0.00059,-0.00316,-0.00221));
#8123=CARTESIAN_POINT('',(-0.00059,-0.00356,-0.00221));
#8124=CARTESIAN_POINT('',(-0.00059,-0.00356,-0.00221));
#8125=CARTESIAN_POINT('',(-0.00159,-0.00356,-0.00321));
#8126=CARTESIAN_POINT('',(-0.00159,-0.00356,-0.00321));
#8127=CARTESIAN_POINT('',(-0.00159,-0.00356,-0.00321));
#8128=CARTESIAN_POINT('',(-0.001495,-0.00358,-0.00321));
#8129=CARTESIAN_POINT('',(-0.00349,-0.00316,-0.00321));
#8130=CARTESIAN_POINT('',(-0.00349,-0.00316,-0.00321));
#8131=CARTESIAN_POINT('',(-0.00349,-0.00356,-0.00321));
#8132=CARTESIAN_POINT('',(-0.00349,-0.00356,-0.00321));
#8133=CARTESIAN_POINT('',(-0.00349,-0.00356,-0.00321));
#8134=CARTESIAN_POINT('',(-0.00349,-0.00358,-0.0032475));
#8135=CARTESIAN_POINT('',(-0.00349,-0.00316,-0.00246));
#8136=CARTESIAN_POINT('',(-0.00349,-0.00316,-0.00246));
#8137=CARTESIAN_POINT('',(-0.00349,-0.00356,-0.00246));
#8138=CARTESIAN_POINT('',(-0.00349,-0.00316,-0.00246));
#8139=CARTESIAN_POINT('',(-0.00349,-0.00356,-0.00246));
#8140=CARTESIAN_POINT('',(-0.0074375,-0.00426298198168386,-0.00120999999999999));
#8141=CARTESIAN_POINT('',(-0.00724,-0.00371095679999998,-0.00121000000000001));
#8142=CARTESIAN_POINT('',(-0.00724,-0.00371095679999998,-0.00121000000000001));
#8143=CARTESIAN_POINT('',(-0.00724,-0.00331095679999998,-0.00121000000000001));
#8144=CARTESIAN_POINT('',(-0.00699,-0.00371095679999998,-0.00120999999999999));
#8145=CARTESIAN_POINT('',(-0.00699,-0.00371095679999998,-0.00120999999999999));
#8146=CARTESIAN_POINT('',(-0.00602776595744682,-0.00416342850889651,-0.00120999999999999));
#8147=CARTESIAN_POINT('',(-0.00602776595744682,-0.00416342850889651,-0.00120999999999999));
#8148=CARTESIAN_POINT('',(-0.005815,-0.00371095679999998,-0.00121000000000001));
#8149=CARTESIAN_POINT('',(-0.00551246900570225,-0.00410904598283371,-0.00121000000000001));
#8150=CARTESIAN_POINT('',(-0.00479,-0.00356,-0.00121000000000001));
#8151=CARTESIAN_POINT('',(-0.00479,-0.00356,-0.00121000000000001));
#8152=CARTESIAN_POINT('',(-0.00329,-0.00356,-0.00120999999999999));
#8153=CARTESIAN_POINT('',(-0.00329,-0.00356,-0.00120999999999999));
#8154=CARTESIAN_POINT('',(-0.00329,-0.00356,-0.00120999999999999));
#8155=CARTESIAN_POINT('',(-0.00329,-0.00316,-0.00120999999999999));
#8156=CARTESIAN_POINT('',(-0.00329,-0.00316,-0.00120999999999999));
#8157=CARTESIAN_POINT('',(-0.00479,-0.00316,-0.00121000000000001));
#8158=CARTESIAN_POINT('',(-0.00479,-0.00356,-0.00121000000000001));
#8159=CARTESIAN_POINT('',(-0.00503202479543821,-0.003241528653733,-0.00120999999999999));
#8160=CARTESIAN_POINT('',(-0.00575449380114046,-0.00379057463656673,-0.00120999999999999));
#8161=CARTESIAN_POINT('',(-0.00575449380114046,-0.00379057463656673,-0.00120999999999999));
#8162=CARTESIAN_POINT('',(-0.005815,-0.00371095679999998,-0.00121000000000001));
#8163=CARTESIAN_POINT('',(-0.00585755319148937,-0.00380145114177928,-0.00120999999999999));
#8164=CARTESIAN_POINT('',(-0.00690064681272548,-0.00331095679999998,-0.00120999999999999));
#8165=CARTESIAN_POINT('',(-0.00690064681272548,-0.00331095679999998,-0.00120999999999999));
#8166=CARTESIAN_POINT('',(-0.00724,-0.00331095679999998,-0.00121000000000001));
#8167=CARTESIAN_POINT('',(-0.00329,-0.00358,-0.001285));
#8168=CARTESIAN_POINT('',(-0.00329,-0.00316,0.000290000000000009));
#8169=CARTESIAN_POINT('',(-0.00329,-0.00316,0.000290000000000009));
#8170=CARTESIAN_POINT('',(-0.00329,-0.00356,0.000290000000000009));
#8171=CARTESIAN_POINT('',(-0.00329,-0.00356,0.000290000000000009));
#8172=CARTESIAN_POINT('',(-0.00329,-0.00356,0.000290000000000009));
#8173=CARTESIAN_POINT('',(-0.00326712161402842,-0.00358,0.000280194977440751));
#8174=CARTESIAN_POINT('',(-0.00374756771943167,-0.00316,0.000486100451185012));
#8175=CARTESIAN_POINT('',(-0.00374756771943167,-0.00316,0.000486100451185012));
#8176=CARTESIAN_POINT('',(-0.00374756771943167,-0.00356,0.000486100451185012));
#8177=CARTESIAN_POINT('',(-0.00374756771943167,-0.00316,0.000486100451185012));
#8178=CARTESIAN_POINT('',(-0.00374756771943167,-0.00356,0.000486100451185012));
#8179=CARTESIAN_POINT('',(-0.00359408974759363,-0.00358,0.00259));
#8180=CARTESIAN_POINT('',(-0.00350820504812697,-0.00316,0.00259));
#8181=CARTESIAN_POINT('',(-0.00350820504812697,-0.00316,0.00259));
#8182=CARTESIAN_POINT('',(-0.00350820504812697,-0.00356,0.00259));
#8183=CARTESIAN_POINT('',(-0.00350820504812697,-0.00316,0.00259));
#8184=CARTESIAN_POINT('',(-0.00359,-0.00316,0.00259));
#8185=CARTESIAN_POINT('',(-0.00359,-0.00356,0.00259));
#8186=CARTESIAN_POINT('',(-0.00359,-0.00356,0.00259));
#8187=CARTESIAN_POINT('',(-0.00350820504812697,-0.00356,0.00259));
#8188=CARTESIAN_POINT('',(-0.00059,-0.00358,-5.74999999999986E-5));
#8189=CARTESIAN_POINT('',(-0.00059,-0.00356,-0.000159999999999995));
#8190=CARTESIAN_POINT('',(-0.00059,-0.00356,-0.000159999999999995));
#8191=CARTESIAN_POINT('',(-0.00059,-0.00316,-0.000159999999999995));
#8192=CARTESIAN_POINT('',(-0.00059,-0.00356,-0.00221));
#8193=CARTESIAN_POINT('',(-0.00059,-0.00316,-0.00221));
#8194=CARTESIAN_POINT('',(-0.003565,-0.00426298198168386,-0.00221));
#8195=CARTESIAN_POINT('',(-0.00724,-0.00331095679999998,-0.00221));
#8196=CARTESIAN_POINT('',(-0.00724,-0.00331095679999998,-0.00221));
#8197=CARTESIAN_POINT('',(-0.00724,-0.00371095679999998,-0.00221));
#8198=CARTESIAN_POINT('',(-0.00724,-0.00331095679999998,-0.00221));
#8199=CARTESIAN_POINT('',(-0.00690064681272548,-0.00331095679999998,-0.00221));
#8200=CARTESIAN_POINT('',(-0.00690064681272548,-0.00331095679999998,-0.00221));
#8201=CARTESIAN_POINT('',(-0.00585755319148937,-0.00380145114177928,-0.00221));
#8202=CARTESIAN_POINT('',(-0.005815,-0.00371095679999998,-0.00221));
#8203=CARTESIAN_POINT('',(-0.00575449380114046,-0.00379057463656673,-0.00221));
#8204=CARTESIAN_POINT('',(-0.00575449380114046,-0.00379057463656673,-0.00221));
#8205=CARTESIAN_POINT('',(-0.00503202479543821,-0.003241528653733,-0.00221));
#8206=CARTESIAN_POINT('',(-0.00479,-0.00356,-0.00221));
#8207=CARTESIAN_POINT('',(-0.00479,-0.00316,-0.00221));
#8208=CARTESIAN_POINT('',(-0.00479,-0.00316,-0.00221));
#8209=CARTESIAN_POINT('',(-0.00374,-0.00316,-0.00221));
#8210=CARTESIAN_POINT('',(-0.00374,-0.00356,-0.00221));
#8211=CARTESIAN_POINT('',(-0.00374,-0.00356,-0.00221));
#8212=CARTESIAN_POINT('',(-0.00479,-0.00356,-0.00221));
#8213=CARTESIAN_POINT('',(-0.00479,-0.00356,-0.00221));
#8214=CARTESIAN_POINT('',(-0.00479,-0.00356,-0.00221));
#8215=CARTESIAN_POINT('',(-0.00551246900570225,-0.00410904598283371,-0.00221));
#8216=CARTESIAN_POINT('',(-0.005815,-0.00371095679999998,-0.00221));
#8217=CARTESIAN_POINT('',(-0.00602776595744682,-0.00416342850889651,-0.00221));
#8218=CARTESIAN_POINT('',(-0.00602776595744682,-0.00416342850889651,-0.00221));
#8219=CARTESIAN_POINT('',(-0.00699,-0.00371095679999998,-0.00221));
#8220=CARTESIAN_POINT('',(-0.00699,-0.00371095679999998,-0.00221));
#8221=CARTESIAN_POINT('',(-0.00374,-0.00358,-0.00246));
#8222=CARTESIAN_POINT('',(-0.00374,-0.00356,-0.00246));
#8223=CARTESIAN_POINT('',(-0.00374,-0.00316,-0.00246));
#8224=CARTESIAN_POINT('',(-0.000149999999999984,-0.00221,-0.00042));
#8225=CARTESIAN_POINT('',(0.00111,-0.00221,-0.0004));
#8226=CARTESIAN_POINT('',(0.00111,-0.00221,-0.0004));
#8227=CARTESIAN_POINT('',(-8.99999999999956E-5,-0.00221,-0.0004));
#8228=CARTESIAN_POINT('',(-8.99999999999956E-5,-0.00221,-0.0004));
#8229=CARTESIAN_POINT('',(-8.99999999999956E-5,-0.00221,-0.0004));
#8230=CARTESIAN_POINT('',(-8.99999999999956E-5,-0.0032075,-0.00042));
#8231=CARTESIAN_POINT('',(-8.99999999999956E-5,-0.0032075,0.));
#8232=CARTESIAN_POINT('',(-8.99999999999956E-5,-0.00316,2.77194321994601E-18));
#8233=CARTESIAN_POINT('',(-8.99999999999956E-5,-0.00316,-0.0004));
#8234=CARTESIAN_POINT('',(-8.99999999999956E-5,-0.00316,-0.0004));
#8235=CARTESIAN_POINT('',(-8.99999999999956E-5,-0.00316,-0.00042));
#8236=CARTESIAN_POINT('',(-0.005085,-0.00316,-0.003515));
#8237=CARTESIAN_POINT('',(0.000310000000000004,-0.00316,-0.000412));
#8238=CARTESIAN_POINT('',(0.000310000000000004,-0.00316,-0.000159999999999995));
#8239=CARTESIAN_POINT('',(0.000310000000000004,-0.00316,-0.0004));
#8240=CARTESIAN_POINT('',(-0.000139999999999999,-0.00316,-0.000159999999999995));
#8241=CARTESIAN_POINT('',(0.000280594816896267,-0.00316,2.76471553983803E-18));
#8242=CARTESIAN_POINT('',(-0.005085,-0.00316,0.));
#8243=CARTESIAN_POINT('',(0.00117,-0.00316,-0.0004));
#8244=CARTESIAN_POINT('',(-0.000139999999999999,-0.00358,-0.000159999999999995));
#8245=CARTESIAN_POINT('',(0.000210510355154445,-0.00338088879971548,-0.000152521647180429));
#8246=CARTESIAN_POINT('',(0.000309888875168076,-0.00356,-0.000149999999999756));
#8247=CARTESIAN_POINT('',(0.000310000000000004,-0.00355979991993593,-0.000159999999999995));
#8248=CARTESIAN_POINT('',(-0.000139999999999999,-0.00356,-0.000159999999999995));
#8249=CARTESIAN_POINT('',(-0.000139999999999999,-0.00316,-0.000159999999999995));
#8250=CARTESIAN_POINT('',(0.000310000000000004,-0.00316,-0.000159999999999995));
#8251=CARTESIAN_POINT('',(0.000310000000000004,-0.00357978991593272,-0.000412));
#8252=CARTESIAN_POINT('',(0.000310000000000004,-0.00331,-0.000150000000000009));
#8253=CARTESIAN_POINT('',(0.000310000000000004,-0.00331,-0.0004));
#8254=CARTESIAN_POINT('',(0.000310000000000004,-0.00331,-0.0004));
#8255=CARTESIAN_POINT('',(0.00117,-0.003365,-0.0004));
#8256=CARTESIAN_POINT('',(0.000310000000000004,-0.00331,-0.0004));
#8257=CARTESIAN_POINT('',(0.00111,-0.00331,-0.0004));
#8258=CARTESIAN_POINT('',(0.00111,-0.00331,-0.0004));
#8259=CARTESIAN_POINT('',(0.000269883318926466,-0.00331,-0.000150000000000009));
#8260=CARTESIAN_POINT('',(0.00111,-0.00331,-0.000150000000000009));
#8261=CARTESIAN_POINT('',(0.00111,-0.00356,-0.000150000000000009));
#8262=CARTESIAN_POINT('',(0.00111,-0.00356,-0.000150000000000009));
#8263=CARTESIAN_POINT('',(-0.00554859245598736,-0.00413649828197539,-0.00115999999999998));
#8264=CARTESIAN_POINT('',(-0.00551246900570225,-0.00410904598283371,-0.00221));
#8265=CARTESIAN_POINT('',(-0.00479,-0.00356,-0.00121000000000001));
#8266=CARTESIAN_POINT('',(-0.00479,-0.00356,-0.00226));
#8267=CARTESIAN_POINT('',(-0.00479,-0.00316,-0.00121000000000001));
#8268=CARTESIAN_POINT('',(-0.00503202479543821,-0.003241528653733,-0.00221));
#8269=CARTESIAN_POINT('',(-0.00579061725142557,-0.00381802693570843,-0.00226));
#8270=CARTESIAN_POINT('',(-0.00575449380114046,-0.00379057463656673,-0.00221));
#8271=CARTESIAN_POINT('',(-0.005815,-0.00371095679999998,-0.00226));
#8272=CARTESIAN_POINT('',(-0.00585755319148937,-0.00380145114177928,-0.00221));
#8273=CARTESIAN_POINT('',(-0.00695280149378729,-0.00328643208291101,-0.00226));
#8274=CARTESIAN_POINT('',(-0.00690064681272548,-0.00331095679999998,-0.00221));
#8275=CARTESIAN_POINT('',(-0.00751946765936374,-0.00331095679999998,-0.00226));
#8276=CARTESIAN_POINT('',(-0.00724,-0.00331095679999998,-0.00146));
#8277=CARTESIAN_POINT('',(-0.00749,-0.00331095679999998,-0.00146));
#8278=CARTESIAN_POINT('',(-0.00724,-0.00331095679999998,-0.00196));
#8279=CARTESIAN_POINT('',(-0.00749,-0.00331095679999998,-0.00196));
#8280=CARTESIAN_POINT('',(-0.00749,-0.00331095679999998,-0.00196));
#8281=CARTESIAN_POINT('',(-0.00703811170212767,-0.00368833321455516,-0.00115999999999998));
#8282=CARTESIAN_POINT('',(-0.00699,-0.00371095679999998,-0.00221));
#8283=CARTESIAN_POINT('',(-0.00602776595744682,-0.00416342850889651,-0.00221));
#8284=CARTESIAN_POINT('',(-0.005815,-0.00371095679999998,-0.00226));
#8285=CARTESIAN_POINT('',(-0.00724,-0.00373095679999997,-0.00196));
#8286=CARTESIAN_POINT('',(-0.00724,-0.00371095679999998,-0.00196));
#8287=CARTESIAN_POINT('',(-0.00749,-0.00371095679999998,-0.00196));
#8288=CARTESIAN_POINT('',(-0.00749,-0.00371095679999998,-0.00196));
#8289=CARTESIAN_POINT('',(-0.00749,-0.00373095679999997,-0.001985));
#8290=CARTESIAN_POINT('',(-0.00749,-0.00331095679999998,-0.00146));
#8291=CARTESIAN_POINT('',(-0.00749,-0.00371095679999998,-0.00146));
#8292=CARTESIAN_POINT('',(-0.00749,-0.00371095679999998,-0.00196));
#8293=CARTESIAN_POINT('',(-0.007515,-0.00371095679999998,-0.00115999999999998));
#8294=CARTESIAN_POINT('',(-0.00724,-0.00371095679999998,-0.00146));
#8295=CARTESIAN_POINT('',(-0.00724,-0.00373095679999997,-0.00146));
#8296=CARTESIAN_POINT('',(-0.00209,-0.0035875,0.00161));
#8297=CARTESIAN_POINT('',(-0.00209,-0.00358,0.00169));
#8298=CARTESIAN_POINT('',(-0.00209,0.00314,0.00169));
#8299=CARTESIAN_POINT('',(-0.00209,0.00354,0.00169));
#8300=CARTESIAN_POINT('',(-0.00209,0.00314,0.003195));
#8301=CARTESIAN_POINT('',(-0.00209,0.00314,0.00289));
#8302=CARTESIAN_POINT('',(-0.00209,-0.0034675,0.00289));
#8303=CARTESIAN_POINT('',(-0.00209,-0.00364,0.00329));
#8304=CARTESIAN_POINT('',(-0.00209,0.00329,0.00329));
#8305=CARTESIAN_POINT('',(-0.00209,0.00329,0.00304));
#8306=CARTESIAN_POINT('',(-0.00209,0.00354,0.00304));
#8307=CARTESIAN_POINT('',(-0.00209,0.00354,0.00161));
#8308=CARTESIAN_POINT('',(-0.005085,0.00314,0.003195));
#8309=CARTESIAN_POINT('',(-0.00359,0.00314,0.000853758463192232));
#8310=CARTESIAN_POINT('',(-0.00374756771943166,0.00314,0.00048610045118501));
#8311=CARTESIAN_POINT('',(-0.00399,0.00314,0.000853758463192232));
#8312=CARTESIAN_POINT('',(-0.00585827586206895,0.00314,0.00139068965517241));
#8313=CARTESIAN_POINT('',(-0.00329,0.00314,0.000290000000000011));
#8314=CARTESIAN_POINT('',(-0.00329,0.00314,0.003195));
#8315=CARTESIAN_POINT('',(-0.00329,0.00314,-0.00120999999999999));
#8316=CARTESIAN_POINT('',(-0.005085,0.00314,-0.00120999999999999));
#8317=CARTESIAN_POINT('',(-0.00479,0.00314,-0.00121));
#8318=CARTESIAN_POINT('',(-0.00479,0.00314,-0.00121000000000001));
#8319=CARTESIAN_POINT('',(-0.00479,0.00314,-0.00221));
#8320=CARTESIAN_POINT('',(-0.005085,0.00314,-0.00221));
#8321=CARTESIAN_POINT('',(-0.00374,0.00314,-0.00221));
#8322=CARTESIAN_POINT('',(-0.00374,0.00314,-0.00246));
#8323=CARTESIAN_POINT('',(-0.00349,0.00314,-0.00246));
#8324=CARTESIAN_POINT('',(-0.00349,0.00314,0.003195));
#8325=CARTESIAN_POINT('',(-0.00349,0.00314,-0.00321));
#8326=CARTESIAN_POINT('',(-0.005085,0.00314,-0.00321));
#8327=CARTESIAN_POINT('',(-0.00159,0.00314,-0.00321));
#8328=CARTESIAN_POINT('',(-0.00013499999999999,0.00314,-0.001755));
#8329=CARTESIAN_POINT('',(-0.00059,0.00314,-0.00221));
#8330=CARTESIAN_POINT('',(-0.00059,0.00314,0.003195));
#8331=CARTESIAN_POINT('',(-0.00059,0.00314,-0.000159999999999995));
#8332=CARTESIAN_POINT('',(-0.000139999999999999,0.00314,-0.000159999999999995));
#8333=CARTESIAN_POINT('',(0.000280594816896267,0.00314,2.76471553983803E-18));
#8334=CARTESIAN_POINT('',(-0.005085,0.00314,0.));
#8335=CARTESIAN_POINT('',(0.00111,0.00314,2.77555706E-18));
#8336=CARTESIAN_POINT('',(0.00111,0.00314,0.003195));
#8337=CARTESIAN_POINT('',(0.00111,0.00314,0.00289));
#8338=CARTESIAN_POINT('',(-0.0040775,0.00314,0.00289));
#8339=CARTESIAN_POINT('',(-0.00249,0.00314,0.00169));
#8340=CARTESIAN_POINT('',(-0.00249,0.00314,0.00129));
#8341=CARTESIAN_POINT('',(-0.005085,0.00314,0.00129));
#8342=CARTESIAN_POINT('',(-0.00257179495187304,0.00314,0.00129));
#8343=CARTESIAN_POINT('',(-0.00257179495187304,0.00314,0.00169));
#8344=CARTESIAN_POINT('',(-0.00296155143015088,0.00314,0.0016000561973205));
#8345=CARTESIAN_POINT('',(-0.00341837078651684,0.00314,0.00357960674157303));
#8346=CARTESIAN_POINT('',(-0.00311844856984911,0.00314,0.0022799438026795));
#8347=CARTESIAN_POINT('',(-0.00350820504812697,0.00314,0.00219));
#8348=CARTESIAN_POINT('',(-0.00350820504812697,0.00314,0.00259));
#8349=CARTESIAN_POINT('',(-0.005085,0.00314,0.00259));
#8350=CARTESIAN_POINT('',(-0.00359,0.00314,0.00259));
#8351=CARTESIAN_POINT('',(-0.00359,0.00314,0.00219));
#8352=CARTESIAN_POINT('',(-0.00399,0.00314,0.00219));
#8353=CARTESIAN_POINT('',(-0.00399,0.00314,0.003195));
#8354=CARTESIAN_POINT('',(0.00117,-0.003365,-0.0004));
#8355=CARTESIAN_POINT('',(-0.00089,0.00329,-0.0004));
#8356=CARTESIAN_POINT('',(0.00111,0.00329,-0.0004));
#8357=CARTESIAN_POINT('',(0.000310000000000004,0.00329,-0.0004));
#8358=CARTESIAN_POINT('',(0.00111,-0.003365,-0.0004));
#8359=CARTESIAN_POINT('',(0.00111,0.00219,-0.0004));
#8360=CARTESIAN_POINT('',(-0.000149999999999984,0.00219,-0.0004));
#8361=CARTESIAN_POINT('',(-8.99999999999956E-5,0.00219,-0.0004));
#8362=CARTESIAN_POINT('',(-8.99999999999956E-5,-0.0032075,-0.0004));
#8363=CARTESIAN_POINT('',(-8.99999999999956E-5,0.00314,-0.0004));
#8364=CARTESIAN_POINT('',(-0.005085,0.00314,-0.0004));
#8365=CARTESIAN_POINT('',(0.000310000000000004,0.00314,-0.0004));
#8366=CARTESIAN_POINT('',(0.000310000000000004,-0.00357978991593272,-0.0004));
#8367=CARTESIAN_POINT('',(-0.00059,-0.00358,-5.74999999999986E-5));
#8368=CARTESIAN_POINT('',(-0.00059,-0.00358,-0.000159999999999995));
#8369=CARTESIAN_POINT('',(-0.00059,0.00354,-0.000159999999999995));
#8370=CARTESIAN_POINT('',(-0.00059,-0.00358,-0.00221));
#8371=CARTESIAN_POINT('',(-0.00059,0.00354,-0.00221));
#8372=CARTESIAN_POINT('',(-0.00059,0.00354,-5.74999999999986E-5));
#8373=CARTESIAN_POINT('',(-0.00054,-0.00358,-0.00216));
#8374=CARTESIAN_POINT('',(-0.00159,-0.00358,-0.00321));
#8375=CARTESIAN_POINT('',(-0.00159,0.00354,-0.00321));
#8376=CARTESIAN_POINT('',(-0.00054,0.00354,-0.00216));
#8377=CARTESIAN_POINT('',(-0.001495,-0.00358,-0.00321));
#8378=CARTESIAN_POINT('',(-0.00349,-0.00358,-0.00321));
#8379=CARTESIAN_POINT('',(-0.00349,0.00354,-0.00321));
#8380=CARTESIAN_POINT('',(-0.001495,0.00354,-0.00321));
#8381=CARTESIAN_POINT('',(-0.0074375,-0.00426298198168386,-0.00120999999999999));
#8382=CARTESIAN_POINT('',(-0.00724,-0.00373095679999997,-0.00121));
#8383=CARTESIAN_POINT('',(-0.00724,0.00329095680000001,-0.00121000000000001));
#8384=CARTESIAN_POINT('',(-0.00724,0.00369095680000001,-0.00121));
#8385=CARTESIAN_POINT('',(-0.0074375,0.00329095680000001,-0.00120999999999999));
#8386=CARTESIAN_POINT('',(-0.00690064681272548,0.00329095680000001,-0.00121));
#8387=CARTESIAN_POINT('',(-0.0102491761762123,0.00171637646259388,-0.00120999999999999));
#8388=CARTESIAN_POINT('',(-0.00585755319148937,0.00378145114177931,-0.00121));
#8389=CARTESIAN_POINT('',(-0.005815,0.00369095680000001,-0.00120999999999999));
#8390=CARTESIAN_POINT('',(-0.00575449380114046,0.00377057463656676,-0.00121));
#8391=CARTESIAN_POINT('',(-0.00295128781852962,0.00164025628150886,-0.00120999999999999));
#8392=CARTESIAN_POINT('',(-0.00503202479543821,0.00322152865373304,-0.00121));
#8393=CARTESIAN_POINT('',(-0.00479,0.00354,-0.00120999999999999));
#8394=CARTESIAN_POINT('',(-0.00329,-0.00358,-0.00120999999999999));
#8395=CARTESIAN_POINT('',(-0.00329,0.00354,-0.00120999999999999));
#8396=CARTESIAN_POINT('',(-0.0074375,0.00354,-0.00120999999999999));
#8397=CARTESIAN_POINT('',(-0.00479,0.00354,-0.00121));
#8398=CARTESIAN_POINT('',(-0.00270926302309141,0.00195872762777585,-0.00120999999999999));
#8399=CARTESIAN_POINT('',(-0.00551246900570225,0.00408904598283372,-0.00121000000000001));
#8400=CARTESIAN_POINT('',(-0.005815,0.00369095680000001,-0.00120999999999999));
#8401=CARTESIAN_POINT('',(-0.00602776595744682,0.00414342850889654,-0.00121));
#8402=CARTESIAN_POINT('',(-0.0104193889421697,0.00207835382971112,-0.00120999999999999));
#8403=CARTESIAN_POINT('',(-0.00699,0.00369095680000001,-0.00120999999999999));
#8404=CARTESIAN_POINT('',(-0.0074375,0.00369095680000001,-0.00120999999999999));
#8405=CARTESIAN_POINT('',(-0.00329,-0.00358,-0.001285));
#8406=CARTESIAN_POINT('',(-0.00329,-0.00358,0.00029));
#8407=CARTESIAN_POINT('',(-0.00329,0.00354,0.000290000000000011));
#8408=CARTESIAN_POINT('',(-0.00329,0.00354,-0.001285));
#8409=CARTESIAN_POINT('',(-0.00326712161402842,-0.00358,0.000280194977440751));
#8410=CARTESIAN_POINT('',(-0.00374756771943166,-0.00358,0.000486100451185004));
#8411=CARTESIAN_POINT('',(-0.00374756771943166,0.00354,0.00048610045118501));
#8412=CARTESIAN_POINT('',(-0.00326712161402842,0.00354,0.000280194977440751));
#8413=CARTESIAN_POINT('',(-0.00359408974759363,-0.00358,0.00259));
#8414=CARTESIAN_POINT('',(-0.00359,-0.00358,0.00259));
#8415=CARTESIAN_POINT('',(-0.00359,0.00354,0.00259));
#8416=CARTESIAN_POINT('',(-0.00350820504812697,-0.00358,0.00259));
#8417=CARTESIAN_POINT('',(-0.00350820504812697,0.00354,0.00259));
#8418=CARTESIAN_POINT('',(-0.00359408974759363,0.00354,0.00259));
#8419=CARTESIAN_POINT('',(0.000310000000000004,-0.00357978991593272,-0.000412));
#8420=CARTESIAN_POINT('',(0.000310000000000004,0.00329,-0.000150000000000009));
#8421=CARTESIAN_POINT('',(0.000310000000000004,0.00353979995559621,-0.000159999109048286));
#8422=CARTESIAN_POINT('',(0.000310000000000004,0.00314,0.003195));
#8423=CARTESIAN_POINT('',(0.000310000000000004,0.00314,-0.000159999999999995));
#8424=CARTESIAN_POINT('',(0.000310000000000004,-0.00358,-0.000159999999999995));
#8425=CARTESIAN_POINT('',(-0.00349,-0.00358,-0.0032475));
#8426=CARTESIAN_POINT('',(-0.00349,-0.00358,-0.00246));
#8427=CARTESIAN_POINT('',(-0.00349,0.00354,-0.00246));
#8428=CARTESIAN_POINT('',(-0.00349,0.00354,-0.0032475));
#8429=CARTESIAN_POINT('',(-0.00374,-0.00358,-0.00246));
#8430=CARTESIAN_POINT('',(-0.00374,0.00354,-0.00246));
#8431=CARTESIAN_POINT('',(-0.00374,0.00354,-0.00221));
#8432=CARTESIAN_POINT('',(-0.00374,-0.00358,-0.00221));
#8433=CARTESIAN_POINT('',(-0.001474,-0.0031255,0.));
#8434=CARTESIAN_POINT('',(0.00111,-0.0031255,0.));
#8435=CARTESIAN_POINT('',(-0.001474,0.00314,0.));
#8436=CARTESIAN_POINT('',(-8.99999999999956E-5,0.00314,2.77194321994601E-18));
#8437=CARTESIAN_POINT('',(-8.99999999999957E-5,-0.0031255,0.));
#8438=CARTESIAN_POINT('',(-0.005085,0.00314,0.003195));
#8439=CARTESIAN_POINT('',(-8.99999999999955E-5,0.00314,0.003195));
#8440=CARTESIAN_POINT('',(-0.000139999999999999,0.00314,-0.000159999999999995));
#8441=CARTESIAN_POINT('',(-0.000149999999999984,0.00219,1.99999999999962E-5));
#8442=CARTESIAN_POINT('',(-8.99999999999956E-5,0.00219,-0.00042));
#8443=CARTESIAN_POINT('',(0.00111,0.00219,1.99999999999962E-5));
#8444=CARTESIAN_POINT('',(-8.99999999999956E-5,-0.0032075,-0.00042));
#8445=CARTESIAN_POINT('',(-0.000139999999999999,-0.00358,-0.000159999999999995));
#8446=CARTESIAN_POINT('',(0.000210510336810717,0.00336088876668685,-0.000152521646835522));
#8447=CARTESIAN_POINT('',(0.000309888926292581,0.00354,-0.000150002300829251));
#8448=CARTESIAN_POINT('',(-0.000139999999999999,0.00354,-0.000159999999999995));
#8449=CARTESIAN_POINT('',(-0.00089,0.00329,-0.000150000000000009));
#8450=CARTESIAN_POINT('',(0.00111,0.00329,-0.000150000000000009));
#8451=CARTESIAN_POINT('',(0.00111,0.00354,-0.000150000000000009));
#8452=CARTESIAN_POINT('',(0.000309888875168076,0.00354,-0.000150000000000009));
#8453=CARTESIAN_POINT('',(-0.00475387654971488,0.00351254770085831,-0.00115999999999998));
#8454=CARTESIAN_POINT('',(-0.00479,0.00354,-0.00121000000000001));
#8455=CARTESIAN_POINT('',(-0.00479,0.00354,-0.00221));
#8456=CARTESIAN_POINT('',(-0.00475387654971488,0.00351254770085831,-0.00221));
#8457=CARTESIAN_POINT('',(-0.00551246900570225,0.00408904598283372,-0.00221));
#8458=CARTESIAN_POINT('',(-0.00551246900570225,0.00408904598283371,-0.00221));
#8459=CARTESIAN_POINT('',(-0.00479,0.00354,-0.00115999999999998));
#8460=CARTESIAN_POINT('',(-0.00503202479543821,0.00322152865373304,-0.00221));
#8461=CARTESIAN_POINT('',(-0.0050320247954382,0.00322152865373304,-0.00221));
#8462=CARTESIAN_POINT('',(-0.00479,0.00354,-0.00221));
#8463=CARTESIAN_POINT('',(-0.0049959013451531,0.00319407635459134,-0.00226));
#8464=CARTESIAN_POINT('',(-0.00575449380114046,0.00377057463656676,-0.00221));
#8465=CARTESIAN_POINT('',(-0.00575449380114046,0.00377057463656676,-0.00221));
#8466=CARTESIAN_POINT('',(-0.0049959013451531,0.00319407635459134,-0.00221));
#8467=CARTESIAN_POINT('',(-0.005815,0.00369095680000001,-0.00115999999999998));
#8468=CARTESIAN_POINT('',(-0.00585755319148937,0.00378145114177931,-0.00221));
#8469=CARTESIAN_POINT('',(-0.00585755319148937,0.00378145114177932,-0.00221));
#8470=CARTESIAN_POINT('',(-0.005815,0.00369095680000001,-0.00221));
#8471=CARTESIAN_POINT('',(-0.00695280149378729,0.00326643208291104,-0.00115999999999998));
#8472=CARTESIAN_POINT('',(-0.00690064681272548,0.00329095680000001,-0.00221));
#8473=CARTESIAN_POINT('',(-0.00690064681272548,0.00329095680000001,-0.00221));
#8474=CARTESIAN_POINT('',(-0.00695280149378729,0.00326643208291104,-0.00221));
#8475=CARTESIAN_POINT('',(-0.00751946765936374,0.00329095680000001,-0.00115999999999998));
#8476=CARTESIAN_POINT('',(-0.00724,0.00329095680000001,-0.00146));
#8477=CARTESIAN_POINT('',(-0.00749,0.00329095680000001,-0.00146));
#8478=CARTESIAN_POINT('',(-0.00749,0.00329095680000001,-0.001985));
#8479=CARTESIAN_POINT('',(-0.00749,0.00329095680000001,-0.00196));
#8480=CARTESIAN_POINT('',(-0.00724,0.00329095680000001,-0.00196));
#8481=CARTESIAN_POINT('',(-0.00724,0.00329095680000001,-0.00221));
#8482=CARTESIAN_POINT('',(-0.00751946765936374,0.00329095680000001,-0.00221));
#8483=CARTESIAN_POINT('',(-0.00703811170212767,0.0036683332145552,-0.00226));
#8484=CARTESIAN_POINT('',(-0.00602776595744682,0.00414342850889654,-0.00221));
#8485=CARTESIAN_POINT('',(-0.00602776595744682,0.00414342850889654,-0.00221));
#8486=CARTESIAN_POINT('',(-0.00703811170212767,0.0036683332145552,-0.00221));
#8487=CARTESIAN_POINT('',(-0.00699,0.00369095680000001,-0.00221));
#8488=CARTESIAN_POINT('',(-0.00699,0.00369095680000001,-0.00221));
#8489=CARTESIAN_POINT('',(-0.005815,0.00369095680000001,-0.00115999999999998));
#8490=CARTESIAN_POINT('',(-0.005815,0.00369095680000001,-0.00221));
#8491=CARTESIAN_POINT('',(-0.003565,-0.00426298198168386,-0.00221));
#8492=CARTESIAN_POINT('',(-0.00724,-0.00373095679999997,-0.00221));
#8493=CARTESIAN_POINT('',(-0.00724,0.00369095680000001,-0.00221));
#8494=CARTESIAN_POINT('',(-0.007515,0.00369095680000001,-0.00221));
#8495=CARTESIAN_POINT('',(-0.003565,0.00354,-0.00221));
#8496=CARTESIAN_POINT('',(-0.00724,-0.00373095679999997,-0.00196));
#8497=CARTESIAN_POINT('',(-0.00749,-0.00373095679999997,-0.00196));
#8498=CARTESIAN_POINT('',(-0.00749,0.00369095680000001,-0.00196));
#8499=CARTESIAN_POINT('',(-0.00724,0.00369095680000001,-0.00196));
#8500=CARTESIAN_POINT('',(-0.007515,0.00369095680000001,-0.00226));
#8501=CARTESIAN_POINT('',(-0.00724,0.00369095680000001,-0.00146));
#8502=CARTESIAN_POINT('',(-0.00749,0.00369095680000001,-0.00146));
#8503=CARTESIAN_POINT('',(-0.00749,0.00369095680000001,-0.00226));
#8504=CARTESIAN_POINT('',(-0.00749,-0.00373095679999997,-0.001985));
#8505=CARTESIAN_POINT('',(-0.00749,-0.00373095679999997,-0.00146));
#8506=CARTESIAN_POINT('',(-0.00724,-0.00373095679999997,-0.00146));
#8507=CARTESIAN_POINT('',(0.00111,-0.0036275,0.0034745));
#8508=CARTESIAN_POINT('',(0.00111,0.00329,0.00304));
#8509=CARTESIAN_POINT('',(0.00111,0.00329,0.00329));
#8510=CARTESIAN_POINT('',(0.00111,0.00354,0.00304));
#8511=CARTESIAN_POINT('',(0.00111,-0.0036275,0.00329));
#8512=CARTESIAN_POINT('',(0.00111,-0.0034675,0.00289));
#8513=CARTESIAN_POINT('',(0.00111,0.00354,0.0034745));
#8514=CARTESIAN_POINT('',(0.00127,0.00329,0.00304));
#8515=CARTESIAN_POINT('',(-0.00209,0.00329,0.00329));
#8516=CARTESIAN_POINT('',(0.00111,0.00354,0.00304));
#8517=CARTESIAN_POINT('',(0.00111,-0.0036275,0.0034745));
#8518=CARTESIAN_POINT('',(0.00111,-0.00331,0.00304));
#8519=CARTESIAN_POINT('',(0.00111,-0.00356,0.00304));
#8520=CARTESIAN_POINT('',(0.00111,-0.00331,0.00329));
#8521=CARTESIAN_POINT('',(0.00111,-0.00356,-0.000150000000000009));
#8522=CARTESIAN_POINT('',(0.00111,-0.0036275,0.));
#8523=CARTESIAN_POINT('',(0.00111,-0.00316,2.77555706E-18));
#8524=CARTESIAN_POINT('',(0.00111,-0.00316,2.77555706E-18));
#8525=CARTESIAN_POINT('',(0.00111,-0.00316,0.00289));
#8526=CARTESIAN_POINT('',(0.00111,-0.00301,0.00289));
#8527=CARTESIAN_POINT('',(0.00111,-0.00301,0.00329));
#8528=CARTESIAN_POINT('',(-0.00225,-0.00331,0.00304));
#8529=CARTESIAN_POINT('',(0.00111,-0.00331,0.00329));
#8530=CARTESIAN_POINT('',(-0.00209,-0.00331,0.00329));
#8531=CARTESIAN_POINT('',(-0.00209,-0.00331,0.00304));
#8532=CARTESIAN_POINT('',(-0.00209,-0.00356,0.00304));
#8533=CARTESIAN_POINT('',(-0.00209,-0.00356,0.00304));
#8534=CARTESIAN_POINT('',(-0.005085,-0.00316,-0.003515));
#8535=CARTESIAN_POINT('',(-0.00359,-0.00316,0.000853758463192232));
#8536=CARTESIAN_POINT('',(-0.00399,-0.00316,0.000853758463192232));
#8537=CARTESIAN_POINT('',(-0.00399,-0.00316,0.00219));
#8538=CARTESIAN_POINT('',(-0.00399,-0.00316,0.00219));
#8539=CARTESIAN_POINT('',(-0.00359,-0.00316,0.00219));
#8540=CARTESIAN_POINT('',(-0.00350820504812697,-0.00316,0.00219));
#8541=CARTESIAN_POINT('',(-0.00311844856984911,-0.00316,0.0022799438026795));
#8542=CARTESIAN_POINT('',(-0.00296155143015087,-0.00316,0.0016000561973205));
#8543=CARTESIAN_POINT('',(-0.00296155143015087,-0.00316,0.0016000561973205));
#8544=CARTESIAN_POINT('',(-0.00257179495187304,-0.00316,0.00169));
#8545=CARTESIAN_POINT('',(-0.00257179495187304,-0.00316,0.00129));
#8546=CARTESIAN_POINT('',(-0.00249,-0.00316,0.00129));
#8547=CARTESIAN_POINT('',(-0.00249,-0.00316,0.00129));
#8548=CARTESIAN_POINT('',(-0.00249,-0.00316,0.00169));
#8549=CARTESIAN_POINT('',(-0.00209,-0.00316,0.00169));
#8550=CARTESIAN_POINT('',(-0.00209,-0.00316,0.00289));
#8551=CARTESIAN_POINT('',(-0.00209,-0.00316,0.00289));
#8552=CARTESIAN_POINT('',(0.00111,-0.00316,0.00289));
#8553=CARTESIAN_POINT('',(-0.005085,-0.00316,0.));
#8554=CARTESIAN_POINT('',(-0.00359,-0.00358,0.00219));
#8555=CARTESIAN_POINT('',(-0.00399,-0.00316,0.00219));
#8556=CARTESIAN_POINT('',(-0.00399,-0.00356,0.00219));
#8557=CARTESIAN_POINT('',(-0.00359,-0.00356,0.00219));
#8558=CARTESIAN_POINT('',(-0.00312629342683402,-0.00358,0.00231393818294745));
#8559=CARTESIAN_POINT('',(-0.00296155143015087,-0.00316,0.0016000561973205));
#8560=CARTESIAN_POINT('',(-0.00296155143015087,-0.00356,0.0016000561973205));
#8561=CARTESIAN_POINT('',(-0.00311844856984911,-0.00356,0.0022799438026795));
#8562=CARTESIAN_POINT('',(-0.00311844856984911,-0.00356,0.0022799438026795));
#8563=CARTESIAN_POINT('',(-0.00296155143015087,-0.00356,0.0016000561973205));
#8564=CARTESIAN_POINT('',(-0.00350820504812697,-0.00358,0.00219));
#8565=CARTESIAN_POINT('',(-0.00350820504812697,-0.00356,0.00219));
#8566=CARTESIAN_POINT('',(-0.00257588469946668,-0.00358,0.00129));
#8567=CARTESIAN_POINT('',(-0.00249,-0.00316,0.00129));
#8568=CARTESIAN_POINT('',(-0.00249,-0.00356,0.00129));
#8569=CARTESIAN_POINT('',(-0.00257179495187304,-0.00356,0.00129));
#8570=CARTESIAN_POINT('',(-0.00257179495187304,-0.00356,0.00129));
#8571=CARTESIAN_POINT('',(-0.00249,-0.00356,0.00129));
#8572=CARTESIAN_POINT('',(-0.00257179495187304,-0.00358,0.00169));
#8573=CARTESIAN_POINT('',(-0.00257179495187304,-0.00356,0.00169));
#8574=CARTESIAN_POINT('',(-0.00209,-0.0035875,0.00161));
#8575=CARTESIAN_POINT('',(-0.00209,-0.00356,0.00169));
#8576=CARTESIAN_POINT('',(-0.00209,-0.00356,0.00169));
#8577=CARTESIAN_POINT('',(-0.00209,-0.00356,0.00304));
#8578=CARTESIAN_POINT('',(-0.00209,-0.00331,0.00329));
#8579=CARTESIAN_POINT('',(-0.00209,-0.00316,0.00289));
#8580=CARTESIAN_POINT('',(-0.00249,-0.00358,0.00169));
#8581=CARTESIAN_POINT('',(-0.00249,-0.00356,0.00169));
#8582=CARTESIAN_POINT('',(-0.005085,-0.00356,0.0033525));
#8583=CARTESIAN_POINT('',(-0.00359,-0.00356,0.000853758463192232));
#8584=CARTESIAN_POINT('',(-0.00399,-0.00356,0.000853758463192232));
#8585=CARTESIAN_POINT('',(-0.00399,-0.00356,0.00219));
#8586=CARTESIAN_POINT('',(-0.00399,-0.00358,0.000786946386351832));
#8587=CARTESIAN_POINT('',(-0.00399,-0.00356,0.000853758463192232));
#8588=CARTESIAN_POINT('',(-0.00359,-0.00358,0.000853758463192232));
#8589=CARTESIAN_POINT('',(-0.00257179495187304,-0.00358,0.00169));
#8590=CARTESIAN_POINT('',(-0.00257179495187304,0.00354,0.00169));
#8591=CARTESIAN_POINT('',(-0.00257179495187304,0.00354,0.00129));
#8592=CARTESIAN_POINT('',(-0.00296155143015088,0.00354,0.0016000561973205));
#8593=CARTESIAN_POINT('',(-0.00296155143015088,-0.00358,0.00160005619732049));
#8594=CARTESIAN_POINT('',(-0.00257179495187304,-0.00358,0.00129));
#8595=CARTESIAN_POINT('',(-0.00257588469946668,-0.00358,0.00129));
#8596=CARTESIAN_POINT('',(-0.00249,-0.00358,0.00129));
#8597=CARTESIAN_POINT('',(-0.00249,0.00354,0.00129));
#8598=CARTESIAN_POINT('',(-0.00257588469946668,0.00354,0.00129));
#8599=CARTESIAN_POINT('',(-0.00249,-0.00358,0.00169));
#8600=CARTESIAN_POINT('',(-0.00249,0.00354,0.00169));
#8601=CARTESIAN_POINT('',(-0.00312629342683402,-0.00358,0.00231393818294745));
#8602=CARTESIAN_POINT('',(-0.00311844856984912,-0.00358,0.00227994380267951));
#8603=CARTESIAN_POINT('',(-0.00311844856984911,0.00354,0.0022799438026795));
#8604=CARTESIAN_POINT('',(-0.00312629342683402,0.00354,0.00231393818294745));
#8605=CARTESIAN_POINT('',(-0.00350820504812697,-0.00358,0.00219));
#8606=CARTESIAN_POINT('',(-0.00350820504812697,0.00354,0.00219));
#8607=CARTESIAN_POINT('',(-0.00359,-0.00358,0.00219));
#8608=CARTESIAN_POINT('',(-0.00359,0.00354,0.00219));
#8609=CARTESIAN_POINT('',(-0.00399,0.00354,0.00219));
#8610=CARTESIAN_POINT('',(-0.00399,-0.00358,0.00219));
#8611=CARTESIAN_POINT('',(-0.00399,-0.00358,0.000786946386351832));
#8612=CARTESIAN_POINT('',(-0.00399,-0.00358,0.000853758463192232));
#8613=CARTESIAN_POINT('',(-0.00399,0.00354,0.000853758463192232));
#8614=CARTESIAN_POINT('',(-0.00399,0.00354,0.000786946386351832));
#8615=CARTESIAN_POINT('',(-0.005085,0.00354,-0.0035225));
#8616=CARTESIAN_POINT('',(-0.00359,0.00354,0.000853758463192232));
#8617=CARTESIAN_POINT('',(-0.00359,-0.00358,0.000853758463192232));
#8618=CARTESIAN_POINT('',(-0.0040775,-0.0034675,0.00289));
#8619=CARTESIAN_POINT('',(-0.0040775,-0.0034675,0.00289));
#8620=CARTESIAN_POINT('',(-0.0040775,-0.0034675,0.00289));
#8621=CARTESIAN_POINT('',(-0.0040775,-0.00364,0.00329));
#8622=CARTESIAN_POINT('',(-0.001474,-0.0031255,0.));
#8623=CARTESIAN_POINT('',(-0.0040775,-0.00364,0.00329));
#8624=CARTESIAN_POINT('',(-0.00219,-0.00221,0.00329));
#8625=CARTESIAN_POINT('',(-0.00192988210169819,-0.00193988210169807,0.00329));
#8626=CARTESIAN_POINT('',(-0.00246011789830182,-0.00247011789830192,0.00329));
#8627=CARTESIAN_POINT('',(-0.0022,-0.0022,0.00329));
#8628=CARTESIAN_POINT('',(-0.0040775,-0.0034675,0.00289));
#8629=CARTESIAN_POINT('',(-0.00219,-0.00221,0.00289));
#8630=CARTESIAN_POINT('',(-0.00246011789830182,-0.00247011789830192,0.00289));
#8631=CARTESIAN_POINT('',(-0.00192988210169819,-0.00193988210169808,0.00289));
#8632=CARTESIAN_POINT('',(-0.0022,-0.0022,0.00289));
#8633=CARTESIAN_POINT('',(-0.0022,-0.0022,0.00287));
#8634=CARTESIAN_POINT('',(-0.00192988210169831,-0.00193988210169796,0.00289));
#8635=CARTESIAN_POINT('',(-0.00246011789830171,-0.00247011789830202,0.00329));
#8636=CARTESIAN_POINT('',(-0.00219,-0.00221,0.00287));
#8637=CARTESIAN_POINT('',(0.00221,-0.00221,0.00287));
#8638=CARTESIAN_POINT('',(0.0024701178983019,-0.00193988210169817,0.00289));
#8639=CARTESIAN_POINT('',(0.00247011789830187,-0.00193988210169814,0.00289));
#8640=CARTESIAN_POINT('',(0.00247011789830187,-0.00193988210169814,0.00329));
#8641=CARTESIAN_POINT('',(0.00221,-0.00221,0.00289));
#8642=CARTESIAN_POINT('',(0.00193988210169811,-0.00247011789830185,0.00289));
#8643=CARTESIAN_POINT('',(0.00193988210169809,-0.00247011789830182,0.00329));
#8644=CARTESIAN_POINT('',(0.00193988210169811,-0.00247011789830185,0.00329));
#8645=CARTESIAN_POINT('',(0.00221,-0.00221,0.00329));
#8646=CARTESIAN_POINT('',(0.0022,-0.0022,0.00287));
#8647=CARTESIAN_POINT('',(0.0022,-0.0022,0.00329));
#8648=CARTESIAN_POINT('',(0.0022,-0.0022,0.00289));
#8649=CARTESIAN_POINT('',(-0.0040775,-0.0034675,0.00289));
#8650=CARTESIAN_POINT('',(-0.0040775,-0.00364,0.00329));
#8651=CARTESIAN_POINT('',(-0.0040775,-0.00364,0.00329));
#8652=CARTESIAN_POINT('',(-0.00219,0.00219,0.00329));
#8653=CARTESIAN_POINT('',(-0.00192988210169792,0.00246011789830166,0.00329));
#8654=CARTESIAN_POINT('',(-0.00246011789830208,0.00192988210169835,0.00329));
#8655=CARTESIAN_POINT('',(-0.0022,0.0022,0.00329));
#8656=CARTESIAN_POINT('',(-0.0040775,-0.0034675,0.00289));
#8657=CARTESIAN_POINT('',(-0.00219,0.00219,0.00289));
#8658=CARTESIAN_POINT('',(-0.00246011789830208,0.00192988210169835,0.00289));
#8659=CARTESIAN_POINT('',(-0.00192988210169792,0.00246011789830166,0.00289));
#8660=CARTESIAN_POINT('',(-0.0022,0.0022,0.00289));
#8661=CARTESIAN_POINT('',(-0.0022,0.0022,0.00287));
#8662=CARTESIAN_POINT('',(-0.00192988210169816,0.00246011789830191,0.00289));
#8663=CARTESIAN_POINT('',(-0.00246011789830183,0.0019298821016981,0.00329));
#8664=CARTESIAN_POINT('',(-0.00219,0.00219,0.00287));
#8665=CARTESIAN_POINT('',(0.00221,0.00219,0.00287));
#8666=CARTESIAN_POINT('',(0.00247011789830197,0.00246011789830176,0.00289));
#8667=CARTESIAN_POINT('',(0.00247011789830213,0.00246011789830161,0.00289));
#8668=CARTESIAN_POINT('',(0.00247011789830213,0.00246011789830161,0.00329));
#8669=CARTESIAN_POINT('',(0.00221,0.00219,0.00289));
#8670=CARTESIAN_POINT('',(0.00193988210169787,0.0019298821016984,0.00289));
#8671=CARTESIAN_POINT('',(0.00193988210169802,0.00192988210169826,0.00329));
#8672=CARTESIAN_POINT('',(0.00193988210169787,0.0019298821016984,0.00329));
#8673=CARTESIAN_POINT('',(0.00221,0.00219,0.00329));
#8674=CARTESIAN_POINT('',(0.0022,0.0022,0.00287));
#8675=CARTESIAN_POINT('',(0.0022,0.0022,0.00329));
#8676=CARTESIAN_POINT('',(0.0022,0.0022,0.00289));
#8677=CARTESIAN_POINT('',(-0.0040775,-0.00364,0.00329));
#8678=CARTESIAN_POINT('',(-0.0040775,-0.0034675,0.00289));
#8679=CARTESIAN_POINT('',(0.,0.,0.));
#8680=CARTESIAN_POINT('',(1.00000000000108E-5,-9.9999999999854E-6,-0.00964899106973456));
#8681=CARTESIAN_POINT('',(1.00000000000108E-5,-1.00000000000108E-5,0.00136863703305157));
#8682=CARTESIAN_POINT('',(0.00230518057589488,0.00100686631999114,0.00136863703305157));
#8683=CARTESIAN_POINT('',(9.9999999998076E-6,-9.9999999998838E-6,0.0016494829595938));
#8684=CARTESIAN_POINT('',(0.000195700319311787,-9.9999999998838E-6,0.00164948295959376));
#8685=CARTESIAN_POINT('',(1.00000000000108E-5,-9.9999999999854E-6,-0.00964899106973456));
#8686=CARTESIAN_POINT('',(1.00000000000108E-5,-1.00000000000108E-5,0.00133));
#8687=CARTESIAN_POINT('',(0.00229571518992954,0.00100267273614203,0.00133));
#8688=CARTESIAN_POINT('',(1.00000000000108E-5,-1.00000000000108E-5,0.0867939634933256));
#8689=CARTESIAN_POINT('',(0.00160005251181025,-0.00355918765489882,0.00228));
#8690=CARTESIAN_POINT('',(1.00000000000108E-5,-1.00000000000108E-5,0.00228));
#8691=CARTESIAN_POINT('',(-0.000742072037541755,0.000437227738795108,0.00228));
#8692=CARTESIAN_POINT('',(0.000198018063411823,0.000844560827461021,0.00228));
#8693=CARTESIAN_POINT('',(-0.00108983941092999,-0.00253377112910819,0.00228));
#8694=CARTESIAN_POINT('',(0.000345151306609318,0.00123052351919585,0.00228));
#8695=CARTESIAN_POINT('',(1.00000000000108E-5,-1.00000000000108E-5,0.00228));
#8696=CARTESIAN_POINT('',(-0.00112907375802378,0.000584757071232894,0.00228));
#8697=CARTESIAN_POINT('',(-0.00112907375802379,0.000584757071232896,0.00228));
#8698=CARTESIAN_POINT('',(1.00000000000108E-5,-1.00000000000108E-5,0.00228));
#8699=CARTESIAN_POINT('',(0.00125593567491954,-0.000324434880321498,0.00228));
#8700=CARTESIAN_POINT('',(0.000623690943737457,0.00111898557367869,0.00228));
#8701=CARTESIAN_POINT('',(-0.000809517220018593,-0.00264063304600392,0.00228));
#8702=CARTESIAN_POINT('',(0.000475700820462252,0.000730775098002622,0.00228));
#8703=CARTESIAN_POINT('',(1.00000000000108E-5,-1.00000000000108E-5,0.00228));
#8704=CARTESIAN_POINT('',(0.000868933954437514,-0.000176905547883704,0.00228));
#8705=CARTESIAN_POINT('',(0.00263305104180241,-0.000849406476088561,0.00228));
#8706=CARTESIAN_POINT('',(1.00000000000108E-5,-1.00000000000108E-5,0.00228));
#8707=CARTESIAN_POINT('',(0.000762072037541776,-0.000457227738795121,0.00228));
#8708=CARTESIAN_POINT('',(-0.00013560011741086,-0.000872801023301408,0.00228));
#8709=CARTESIAN_POINT('',(-0.000135600117410856,-0.000872801023301397,0.00228));
#8710=CARTESIAN_POINT('',(-0.000283590240686057,-0.00126101149897749,0.00228));
#8711=CARTESIAN_POINT('',(1.00000000000108E-5,-1.00000000000108E-5,0.00228));
#8712=CARTESIAN_POINT('',(0.0011490737580238,-0.000604757071232916,0.00228));
#8713=CARTESIAN_POINT('',(0.00252618912490666,-0.00112972866699999,0.00228));
#8714=CARTESIAN_POINT('',(1.00000000000108E-5,-1.00000000000108E-5,0.00228));
#8715=CARTESIAN_POINT('',(-0.00123593567491954,0.000304434880321503,0.00228));
#8716=CARTESIAN_POINT('',(-0.000565694985380715,-0.00115882561070315,0.00228));
#8717=CARTESIAN_POINT('',(-0.000565694985380715,-0.00115882561070315,0.00228));
#8718=CARTESIAN_POINT('',(-0.000418561742183223,-0.000772862918968328,0.00228));
#8719=CARTESIAN_POINT('',(1.00000000000108E-5,-1.00000000000108E-5,0.00228));
#8720=CARTESIAN_POINT('',(-0.000848933954437484,0.000156905547883705,0.00228));
#8721=CARTESIAN_POINT('',(-0.000848933954437484,0.000156905547883705,0.00228));
#8722=CARTESIAN_POINT('',(1.00000000000108E-5,-1.00000000000108E-5,0.00228));
#8723=CARTESIAN_POINT('',(-0.000762835185572762,0.000284613313010529,0.00228));
#8724=CARTESIAN_POINT('',(1.00000000000108E-5,-1.00000000000108E-5,0.00228));
#8725=CARTESIAN_POINT('',(-0.002326018257595,0.000880515974131152,0.00228));
#8726=CARTESIAN_POINT('',(0.00160005251181025,-0.00355918765489882,0.00284));
#8727=CARTESIAN_POINT('',(1.00000000000108E-5,-1.00000000000108E-5,0.00284));
#8728=CARTESIAN_POINT('',(-0.00158783648819498,0.000599112926305704,0.00284));
#8729=CARTESIAN_POINT('',(1.00000000000108E-5,-1.00000000000108E-5,0.00284));
#8730=CARTESIAN_POINT('',(-0.002326018257595,0.000880515974131152,0.00284));
#8731=CARTESIAN_POINT('',(1.00000000000108E-5,-1.00000000000108E-5,0.002252));
#8732=CARTESIAN_POINT('',(-0.00171163911569834,-0.000782366911570439,0.00253));
#8733=CARTESIAN_POINT('',(1.00000000000108E-5,-1.00000000000108E-5,0.00253));
#8734=CARTESIAN_POINT('',(0.000198018063411815,0.000844560827461023,0.00253));
#8735=CARTESIAN_POINT('',(-0.000742072037541747,0.00043722773879512,0.00253));
#8736=CARTESIAN_POINT('',(-0.00118268540187808,0.000605194422309471,0.00253));
#8737=CARTESIAN_POINT('',(-0.00112907375802377,0.000584757071232906,0.00253));
#8738=CARTESIAN_POINT('',(1.00000000000108E-5,-1.00000000000108E-5,0.00253));
#8739=CARTESIAN_POINT('',(0.000345151306609313,0.00123052351919586,0.00253));
#8740=CARTESIAN_POINT('',(-0.000585794594758075,-0.00121155128417784,0.00253));
#8741=CARTESIAN_POINT('',(-0.00057305164754059,-0.00117812374528988,0.0025425));
#8742=CARTESIAN_POINT('',(0.00034515130660932,0.00123052351919584,0.0022675));
#8743=CARTESIAN_POINT('',(0.000198018063411824,0.00084456082746102,0.0022675));
#8744=CARTESIAN_POINT('',(1.00000000000108E-5,-1.00000000000108E-5,0.0022675));
#8745=CARTESIAN_POINT('',(-0.00112907375802376,0.000584757071232921,0.0022675));
#8746=CARTESIAN_POINT('',(-0.00114842384404787,0.000592133537854813,0.0025425));
#8747=CARTESIAN_POINT('',(-0.000742072037541737,0.000437227738795128,0.0022675));
#8748=CARTESIAN_POINT('',(1.00000000000108E-5,-1.00000000000108E-5,0.0022675));
#8749=CARTESIAN_POINT('',(-0.00171163911569834,-0.000782366911570439,0.00253));
#8750=CARTESIAN_POINT('',(1.00000000000108E-5,-1.00000000000108E-5,0.00253));
#8751=CARTESIAN_POINT('',(0.000623690943737446,0.0011189855736787,0.00253));
#8752=CARTESIAN_POINT('',(0.00125593567491954,-0.0003244348803215,0.00253));
#8753=CARTESIAN_POINT('',(-0.00118268540187808,0.000605194422309471,0.00253));
#8754=CARTESIAN_POINT('',(0.000868933954437513,-0.000176905547883707,0.00253));
#8755=CARTESIAN_POINT('',(1.00000000000108E-5,-1.00000000000108E-5,0.00253));
#8756=CARTESIAN_POINT('',(0.00047570082046224,0.000730775098002629,0.00253));
#8757=CARTESIAN_POINT('',(-0.000305472403846682,-0.00131841320107358,0.00253));
#8758=CARTESIAN_POINT('',(-0.000290989746849823,-0.0012804220227613,0.0022675));
#8759=CARTESIAN_POINT('',(0.000475700820462247,0.000730775098002621,0.0022675));
#8760=CARTESIAN_POINT('',(0.000623690943737446,0.00111898557367869,0.0022675));
#8761=CARTESIAN_POINT('',(1.00000000000108E-5,-1.00000000000108E-5,0.0022675));
#8762=CARTESIAN_POINT('',(0.000868933954437521,-0.00017690554788369,0.0022675));
#8763=CARTESIAN_POINT('',(-0.00114842384404787,0.000592133537854813,0.0025425));
#8764=CARTESIAN_POINT('',(0.00125593567491955,-0.000324434880321482,0.0022675));
#8765=CARTESIAN_POINT('',(1.00000000000108E-5,-1.00000000000108E-5,0.0022675));
#8766=CARTESIAN_POINT('',(-0.00171163911569834,-0.000782366911570439,0.00253));
#8767=CARTESIAN_POINT('',(1.00000000000108E-5,-1.00000000000108E-5,0.00253));
#8768=CARTESIAN_POINT('',(-0.000135600117410851,-0.00087280102330141,0.00253));
#8769=CARTESIAN_POINT('',(0.000762072037541777,-0.000457227738795119,0.00253));
#8770=CARTESIAN_POINT('',(-0.00128954731877383,0.000324872231398041,0.00253));
#8771=CARTESIAN_POINT('',(0.00114907375802381,-0.000604757071232915,0.00253));
#8772=CARTESIAN_POINT('',(1.00000000000108E-5,-1.00000000000108E-5,0.00253));
#8773=CARTESIAN_POINT('',(-0.00028359024068605,-0.00126101149897749,0.00253));
#8774=CARTESIAN_POINT('',(-0.000305472403846682,-0.00131841320107358,0.00253));
#8775=CARTESIAN_POINT('',(-0.000290989746849823,-0.0012804220227613,0.0022675));
#8776=CARTESIAN_POINT('',(-0.00028359024068606,-0.00126101149897749,0.0022675));
#8777=CARTESIAN_POINT('',(-0.000135600117410861,-0.000872801023301415,0.0022675));
#8778=CARTESIAN_POINT('',(1.00000000000108E-5,-1.00000000000108E-5,0.0022675));
#8779=CARTESIAN_POINT('',(0.0011490737580238,-0.000604757071232913,0.0022675));
#8780=CARTESIAN_POINT('',(-0.00125528576094365,0.000311811346943395,0.0022675));
#8781=CARTESIAN_POINT('',(0.000762072037541776,-0.000457227738795121,0.0022675));
#8782=CARTESIAN_POINT('',(1.00000000000108E-5,-1.00000000000108E-5,0.0022675));
#8783=CARTESIAN_POINT('',(-0.00171163911569834,-0.000782366911570439,0.00253));
#8784=CARTESIAN_POINT('',(1.00000000000108E-5,-1.00000000000108E-5,0.00253));
#8785=CARTESIAN_POINT('',(-0.000565694985380715,-0.00115882561070315,0.00253));
#8786=CARTESIAN_POINT('',(-0.00123593567491954,0.000304434880321503,0.00253));
#8787=CARTESIAN_POINT('',(-0.00123593567491954,0.000304434880321503,0.00253));
#8788=CARTESIAN_POINT('',(-0.000848933954437484,0.000156905547883705,0.00253));
#8789=CARTESIAN_POINT('',(1.00000000000108E-5,-1.00000000000108E-5,0.00253));
#8790=CARTESIAN_POINT('',(-0.000418561742183223,-0.000772862918968328,0.00253));
#8791=CARTESIAN_POINT('',(-0.000418561742183223,-0.000772862918968328,0.00253));
#8792=CARTESIAN_POINT('',(-0.00057305164754059,-0.00117812374528988,0.0025425));
#8793=CARTESIAN_POINT('',(-0.000418561742183223,-0.000772862918968328,0.00228));
#8794=CARTESIAN_POINT('',(-0.000565694985380715,-0.00115882561070315,0.00228));
#8795=CARTESIAN_POINT('',(1.00000000000108E-5,-1.00000000000108E-5,0.0022675));
#8796=CARTESIAN_POINT('',(-0.000848933954437484,0.000156905547883705,0.00228));
#8797=CARTESIAN_POINT('',(-0.00125528576094365,0.000311811346943395,0.0022675));
#8798=CARTESIAN_POINT('',(-0.00123593567491954,0.000304434880321503,0.00228));
#8799=CARTESIAN_POINT('',(1.00000000000108E-5,-1.00000000000108E-5,0.0022675));
#8800=CARTESIAN_POINT('',(0.000891750492629027,-0.0019781727112125,0.00909));
#8801=CARTESIAN_POINT('',(1.00000000000108E-5,-1.00000000000108E-5,0.00909));
#8802=CARTESIAN_POINT('',(-0.00128541963810975,0.000483828281174299,0.00909));
#8803=CARTESIAN_POINT('',(1.00000000000108E-5,-1.00000000000108E-5,-0.829657432773039));
#8804=CARTESIAN_POINT('',(1.00000000000108E-5,-1.00000000000108E-5,0.00894426675442569));
#8805=CARTESIAN_POINT('',(-0.00142552401853883,0.000537237619227287,0.00894426675442569));
#8806=CARTESIAN_POINT('',(1.00000000000108E-5,-1.00000000000108E-5,0.00894));
#8807=CARTESIAN_POINT('',(1.00000000000086E-5,-9.99999999999595E-6,0.00253));
#8808=CARTESIAN_POINT('',(0.,0.,0.));
#8809=MECHANICAL_DESIGN_GEOMETRIC_PRESENTATION_REPRESENTATION('',(#5152,
#4825,#4826,#4827,#4828,#4829,#4830,#4831,#4832,#4833,#4834,#4835,#4836,
#4837,#4838,#4839,#4840,#4841,#4842,#4843,#4844,#4845,#4846,#4847,#4848,
#4849,#4850,#4851,#4852,#4853,#4854,#4855,#4856,#4857,#4858,#4859,#4860,
#4861,#4862,#4863,#4864,#4865,#5153),#8810);
#8810=(
GEOMETRIC_REPRESENTATION_CONTEXT(3)
GLOBAL_UNCERTAINTY_ASSIGNED_CONTEXT((#8813))
GLOBAL_UNIT_ASSIGNED_CONTEXT((#8818,#8817,#8816))
REPRESENTATION_CONTEXT('TL1105SF','TOP_LEVEL_ASSEMBLY_PART')
);
#8811=(
GEOMETRIC_REPRESENTATION_CONTEXT(3)
GLOBAL_UNCERTAINTY_ASSIGNED_CONTEXT((#8814))
GLOBAL_UNIT_ASSIGNED_CONTEXT((#8818,#8817,#8816))
REPRESENTATION_CONTEXT('Body1','COMPONENT_PART')
);
#8812=(
GEOMETRIC_REPRESENTATION_CONTEXT(3)
GLOBAL_UNCERTAINTY_ASSIGNED_CONTEXT((#8815))
GLOBAL_UNIT_ASSIGNED_CONTEXT((#8818,#8817,#8816))
REPRESENTATION_CONTEXT('Body2','COMPONENT_PART')
);
#8813=UNCERTAINTY_MEASURE_WITH_UNIT(LENGTH_MEASURE(1.E-8),#8818,
'DISTANCE_ACCURACY_VALUE','Maximum Tolerance applied to model');
#8814=UNCERTAINTY_MEASURE_WITH_UNIT(LENGTH_MEASURE(1.E-6),#8818,
'DISTANCE_ACCURACY_VALUE','Maximum Tolerance applied to model');
#8815=UNCERTAINTY_MEASURE_WITH_UNIT(LENGTH_MEASURE(1.E-6),#8818,
'DISTANCE_ACCURACY_VALUE','Maximum Tolerance applied to model');
#8816=(
NAMED_UNIT(*)
SI_UNIT($,.STERADIAN.)
SOLID_ANGLE_UNIT()
);
#8817=(
NAMED_UNIT(*)
PLANE_ANGLE_UNIT()
SI_UNIT($,.RADIAN.)
);
#8818=(
LENGTH_UNIT()
NAMED_UNIT(*)
SI_UNIT($,.METRE.)
);
#8819=PRODUCT_DEFINITION_SHAPE('','',#8824);
#8820=PRODUCT_DEFINITION_SHAPE('','',#8825);
#8821=PRODUCT_DEFINITION_SHAPE(' ','NAUO PRDDFN',#17);
#8822=PRODUCT_DEFINITION_SHAPE('','',#8826);
#8823=PRODUCT_DEFINITION_SHAPE(' ','NAUO PRDDFN',#18);
#8824=PRODUCT_DEFINITION('','',#8830,#8827);
#8825=PRODUCT_DEFINITION('','',#8831,#8828);
#8826=PRODUCT_DEFINITION('','',#8832,#8829);
#8827=PRODUCT_DEFINITION_CONTEXT('',#8846,'design');
#8828=PRODUCT_DEFINITION_CONTEXT('',#8846,'design');
#8829=PRODUCT_DEFINITION_CONTEXT('',#8846,'design');
#8830=PRODUCT_DEFINITION_FORMATION_WITH_SPECIFIED_SOURCE('','',#8836,
 .NOT_KNOWN.);
#8831=PRODUCT_DEFINITION_FORMATION_WITH_SPECIFIED_SOURCE('','',#8837,
 .NOT_KNOWN.);
#8832=PRODUCT_DEFINITION_FORMATION_WITH_SPECIFIED_SOURCE('','',#8838,
 .NOT_KNOWN.);
#8833=PRODUCT_RELATED_PRODUCT_CATEGORY('','',(#8836));
#8834=PRODUCT_RELATED_PRODUCT_CATEGORY('','',(#8837));
#8835=PRODUCT_RELATED_PRODUCT_CATEGORY('','',(#8838));
#8836=PRODUCT('TL1105SF','TL1105SF','TL1105SF',(#8842));
#8837=PRODUCT('Body1','Body1','Body1',(#8843));
#8838=PRODUCT('Body2','Body2','Body2',(#8844));
#8839=PRODUCT_CATEGORY('','');
#8840=PRODUCT_CATEGORY('','');
#8841=PRODUCT_CATEGORY('','');
#8842=PRODUCT_CONTEXT('',#8846,'mechanical');
#8843=PRODUCT_CONTEXT('',#8846,'mechanical');
#8844=PRODUCT_CONTEXT('',#8846,'mechanical');
#8845=APPLICATION_PROTOCOL_DEFINITION('international standard',
'ap242_managed_model_based_3d_engineering',2011,#8846);
#8846=APPLICATION_CONTEXT('managed model based 3d engineering');
ENDSEC;
END-ISO-10303-21;
