ISO-10303-21;
HEADER;
FILE_DESCRIPTION (( 'STEP AP214' ),
    '1' );
FILE_NAME ('67-21S.STEP',
    '2014-07-04T08:17:36',
    ( 'demo' ),
    ( '' ),
    'SwSTEP 2.0',
    'SolidWorks 2010',
    '' );
FILE_SCHEMA (( 'AUTOMOTIVE_DESIGN' ));
ENDSEC;

DATA;
#1 = ADVANCED_FACE ( 'NONE', ( #258 ), #3395, .T. ) ;
#2 = ADVANCED_FACE ( 'NONE', ( #402 ), #3399, .T. ) ;
#3 = ADVANCED_FACE ( 'NONE', ( #338 ), #3396, .T. ) ;
#4 = ADVANCED_FACE ( 'NONE', ( #65 ), #3390, .T. ) ;
#5 = ADVANCED_FACE ( 'NONE', ( #270 ), #3384, .T. ) ;
#6 = ADVANCED_FACE ( 'NONE', ( #2795 ), #3383, .F. ) ;
#7 = ADVANCED_FACE ( 'NONE', ( #91 ), #3378, .T. ) ;
#8 = ADVANCED_FACE ( 'NONE', ( #2737 ), #3372, .T. ) ;
#9 = ADVANCED_FACE ( 'NONE', ( #165 ), #3371, .T. ) ;
#10 = ADVANCED_FACE ( 'NONE', ( #2707 ), #3366, .T. ) ;
#11 = ADVANCED_FACE ( 'NONE', ( #2829 ), #3360, .T. ) ;
#12 = ADVANCED_FACE ( 'NONE', ( #2665 ), #3356, .F. ) ;
#13 = ADVANCED_FACE ( 'NONE', ( #2833 ), #3351, .T. ) ;
#14 = ADVANCED_FACE ( 'NONE', ( #2736 ), #635, .T. ) ;
#15 = ADVANCED_FACE ( 'NONE', ( #2838 ), #584, .T. ) ;
#16 = ADVANCED_FACE ( 'NONE', ( #2694 ), #632, .T. ) ;
#17 = ADVANCED_FACE ( 'NONE', ( #2761 ), #621, .F. ) ;
#18 = ADVANCED_FACE ( 'NONE', ( #2773 ), #610, .F. ) ;
#19 = ADVANCED_FACE ( 'NONE', ( #2887 ), #620, .F. ) ;
#20 = ADVANCED_FACE ( 'NONE', ( #2992 ), #601, .F. ) ;
#21 = ADVANCED_FACE ( 'NONE', ( #2765 ), #628, .F. ) ;
#22 = ADVANCED_FACE ( 'NONE', ( #2871 ), #665, .F. ) ;
#23 = ADVANCED_FACE ( 'NONE', ( #2692 ), #623, .F. ) ;
#24 = ADVANCED_FACE ( 'NONE', ( #2956 ), #639, .F. ) ;
#25 = ADVANCED_FACE ( 'NONE', ( #2822 ), #627, .F. ) ;
#26 = ADVANCED_FACE ( 'NONE', ( #2646 ), #614, .F. ) ;
#27 = ADVANCED_FACE ( 'NONE', ( #2653 ), #574, .F. ) ;
#28 = ADVANCED_FACE ( 'NONE', ( #2735 ), #650, .F. ) ;
#29 = ADVANCED_FACE ( 'NONE', ( #2710 ), #659, .F. ) ;
#30 = ADVANCED_FACE ( 'NONE', ( #2785 ), #643, .T. ) ;
#31 = ADVANCED_FACE ( 'NONE', ( #2699 ), #588, .T. ) ;
#32 = ADVANCED_FACE ( 'NONE', ( #2901 ), #655, .F. ) ;
#33 = ADVANCED_FACE ( 'NONE', ( #2668 ), #3527, .F. ) ;
#34 = ADVANCED_FACE ( 'NONE', ( #2949 ), #4023, .F. ) ;
#35 = ADVANCED_FACE ( 'NONE', ( #3006 ), #3762, .F. ) ;
#36 = ADVANCED_FACE ( 'NONE', ( #2782 ), #3823, .F. ) ;
#37 = ADVANCED_FACE ( 'NONE', ( #2892 ), #3832, .F. ) ;
#38 = ADVANCED_FACE ( 'NONE', ( #2669 ), #3872, .F. ) ;
#39 = ADVANCED_FACE ( 'NONE', ( #2879 ), #3911, .F. ) ;
#40 = ADVANCED_FACE ( 'NONE', ( #3015 ), #3900, .F. ) ;
#41 = ADVANCED_FACE ( 'NONE', ( #2685 ), #3915, .F. ) ;
#42 = ADVANCED_FACE ( 'NONE', ( #2910 ), #3928, .F. ) ;
#43 = ADVANCED_FACE ( 'NONE', ( #2823 ), #3979, .F. ) ;
#44 = ADVANCED_FACE ( 'NONE', ( #2925 ), #3759, .F. ) ;
#45 = ADVANCED_FACE ( 'NONE', ( #2695 ), #3877, .F. ) ;
#46 = ADVANCED_FACE ( 'NONE', ( #3011 ), #3824, .F. ) ;
#47 = ADVANCED_FACE ( 'NONE', ( #2655 ), #3916, .T. ) ;
#48 = ADVANCED_FACE ( 'NONE', ( #2770 ), #3944, .T. ) ;
#49 = ADVANCED_FACE ( 'NONE', ( #3000, #2931 ), #3891, .T. ) ;
#50 = ADVANCED_FACE ( 'NONE', ( #2845 ), #3903, .T. ) ;
#51 = ADVANCED_FACE ( 'NONE', ( #3009 ), #3890, .T. ) ;
#52 = ADVANCED_FACE ( 'NONE', ( #2756 ), #3970, .T. ) ;
#53 = ADVANCED_FACE ( 'NONE', ( #2732 ), #3932, .F. ) ;
#54 = ADVANCED_FACE ( 'NONE', ( #3605 ), #3922, .F. ) ;
#55 = ADVANCED_FACE ( 'NONE', ( #3635 ), #3878, .F. ) ;
#56 = ADVANCED_FACE ( 'NONE', ( #3572 ), #3855, .F. ) ;
#57 = ADVANCED_FACE ( 'NONE', ( #3560 ), #3802, .F. ) ;
#58 = ADVANCED_FACE ( 'NONE', ( #3595 ), #3788, .F. ) ;
#59 = DIRECTION ( 'NONE',  ( 0.0000000000000000000, 1.000000000000000000, 0.0000000000000000000 ) ) ;
#60 = EDGE_CURVE ( 'NONE', #3278, #3237, #3620, .T. ) ;
#61 = EDGE_CURVE ( 'NONE', #3339, #3346, #3589, .T. ) ;
#62 = PRODUCT_DEFINITION_SHAPE ( 'NONE', 'NONE',  #918 ) ;
#63 = PRODUCT_DEFINITION_CONTEXT ( 'detailed design', #2414, 'design' ) ;
#64 = ORIENTED_EDGE ( 'NONE', *, *, #3522, .F. ) ;
#65 = FACE_OUTER_BOUND ( 'NONE', #2968, .T. ) ;
#66 = ORIENTED_EDGE ( 'NONE', *, *, #3061, .F. ) ;
#67 = ORIENTED_EDGE ( 'NONE', *, *, #3702, .F. ) ;
#68 = ORIENTED_EDGE ( 'NONE', *, *, #3112, .T. ) ;
#69 = ORIENTED_EDGE ( 'NONE', *, *, #686, .F. ) ;
#70 = ORIENTED_EDGE ( 'NONE', *, *, #514, .F. ) ;
#71 = ORIENTED_EDGE ( 'NONE', *, *, #3075, .F. ) ;
#72 = ORIENTED_EDGE ( 'NONE', *, *, #3698, .F. ) ;
#73 = ORIENTED_EDGE ( 'NONE', *, *, #3114, .T. ) ;
#74 = ORIENTED_EDGE ( 'NONE', *, *, #3454, .T. ) ;
#75 = ORIENTED_EDGE ( 'NONE', *, *, #3456, .T. ) ;
#76 = ORIENTED_EDGE ( 'NONE', *, *, #690, .T. ) ;
#77 = ORIENTED_EDGE ( 'NONE', *, *, #3714, .F. ) ;
#78 = ORIENTED_EDGE ( 'NONE', *, *, #3678, .F. ) ;
#79 = ORIENTED_EDGE ( 'NONE', *, *, #3124, .F. ) ;
#80 = ORIENTED_EDGE ( 'NONE', *, *, #3690, .T. ) ;
#81 = ORIENTED_EDGE ( 'NONE', *, *, #60, .F. ) ;
#82 = ORIENTED_EDGE ( 'NONE', *, *, #3737, .F. ) ;
#83 = ORIENTED_EDGE ( 'NONE', *, *, #3470, .F. ) ;
#84 = ORIENTED_EDGE ( 'NONE', *, *, #3142, .T. ) ;
#85 = ORIENTED_EDGE ( 'NONE', *, *, #3488, .F. ) ;
#86 = ORIENTED_EDGE ( 'NONE', *, *, #676, .T. ) ;
#87 = ORIENTED_EDGE ( 'NONE', *, *, #3730, .T. ) ;
#88 = ORIENTED_EDGE ( 'NONE', *, *, #684, .F. ) ;
#89 = ORIENTED_EDGE ( 'NONE', *, *, #3151, .T. ) ;
#90 = ORIENTED_EDGE ( 'NONE', *, *, #692, .F. ) ;
#91 = FACE_OUTER_BOUND ( 'NONE', #2681, .T. ) ;
#92 = ORIENTED_EDGE ( 'NONE', *, *, #3461, .T. ) ;
#93 = ORIENTED_EDGE ( 'NONE', *, *, #3133, .T. ) ;
#94 = ORIENTED_EDGE ( 'NONE', *, *, #3722, .T. ) ;
#95 = ORIENTED_EDGE ( 'NONE', *, *, #3094, .F. ) ;
#96 = ORIENTED_EDGE ( 'NONE', *, *, #3143, .F. ) ;
#97 = ORIENTED_EDGE ( 'NONE', *, *, #2421, .F. ) ;
#98 = ORIENTED_EDGE ( 'NONE', *, *, #3720, .F. ) ;
#99 = ORIENTED_EDGE ( 'NONE', *, *, #3078, .F. ) ;
#100 = ORIENTED_EDGE ( 'NONE', *, *, #3684, .T. ) ;
#101 = ORIENTED_EDGE ( 'NONE', *, *, #3511, .F. ) ;
#102 = ORIENTED_EDGE ( 'NONE', *, *, #3502, .T. ) ;
#103 = ORIENTED_EDGE ( 'NONE', *, *, #3496, .T. ) ;
#104 = ORIENTED_EDGE ( 'NONE', *, *, #3139, .F. ) ;
#105 = ORIENTED_EDGE ( 'NONE', *, *, #678, .F. ) ;
#106 = ORIENTED_EDGE ( 'NONE', *, *, #3467, .T. ) ;
#107 = ORIENTED_EDGE ( 'NONE', *, *, #3751, .T. ) ;
#108 = ORIENTED_EDGE ( 'NONE', *, *, #3465, .F. ) ;
#109 = ORIENTED_EDGE ( 'NONE', *, *, #4013, .F. ) ;
#110 = ORIENTED_EDGE ( 'NONE', *, *, #3107, .T. ) ;
#111 = ORIENTED_EDGE ( 'NONE', *, *, #3654, .F. ) ;
#112 = ORIENTED_EDGE ( 'NONE', *, *, #697, .T. ) ;
#113 = ORIENTED_EDGE ( 'NONE', *, *, #3077, .F. ) ;
#114 = ORIENTED_EDGE ( 'NONE', *, *, #3728, .F. ) ;
#115 = ORIENTED_EDGE ( 'NONE', *, *, #3483, .F. ) ;
#116 = ORIENTED_EDGE ( 'NONE', *, *, #3523, .T. ) ;
#117 = ORIENTED_EDGE ( 'NONE', *, *, #676, .F. ) ;
#118 = ORIENTED_EDGE ( 'NONE', *, *, #3077, .T. ) ;
#119 = ORIENTED_EDGE ( 'NONE', *, *, #3743, .F. ) ;
#120 = ORIENTED_EDGE ( 'NONE', *, *, #3733, .T. ) ;
#121 = ORIENTED_EDGE ( 'NONE', *, *, #3460, .T. ) ;
#122 = ORIENTED_EDGE ( 'NONE', *, *, #3464, .T. ) ;
#123 = ORIENTED_EDGE ( 'NONE', *, *, #3704, .T. ) ;
#124 = ORIENTED_EDGE ( 'NONE', *, *, #3719, .F. ) ;
#125 = ORIENTED_EDGE ( 'NONE', *, *, #3497, .T. ) ;
#126 = ORIENTED_EDGE ( 'NONE', *, *, #3523, .F. ) ;
#127 = ORIENTED_EDGE ( 'NONE', *, *, #3463, .F. ) ;
#128 = ORIENTED_EDGE ( 'NONE', *, *, #3472, .T. ) ;
#129 = ORIENTED_EDGE ( 'NONE', *, *, #3680, .T. ) ;
#130 = ORIENTED_EDGE ( 'NONE', *, *, #3524, .F. ) ;
#131 = CLOSED_SHELL ( 'NONE', ( #13, #14, #15, #16, #17, #18 ) ) ;
#132 = ORIENTED_EDGE ( 'NONE', *, *, #4009, .F. ) ;
#133 = ORIENTED_EDGE ( 'NONE', *, *, #3682, .T. ) ;
#134 = ORIENTED_EDGE ( 'NONE', *, *, #3748, .T. ) ;
#135 = ORIENTED_EDGE ( 'NONE', *, *, #3483, .T. ) ;
#136 = ORIENTED_EDGE ( 'NONE', *, *, #687, .F. ) ;
#137 = ORIENTED_EDGE ( 'NONE', *, *, #3127, .T. ) ;
#138 = ORIENTED_EDGE ( 'NONE', *, *, #3466, .T. ) ;
#139 = ORIENTED_EDGE ( 'NONE', *, *, #3695, .T. ) ;
#140 = ORIENTED_EDGE ( 'NONE', *, *, #4010, .F. ) ;
#141 = ORIENTED_EDGE ( 'NONE', *, *, #677, .F. ) ;
#142 = ORIENTED_EDGE ( 'NONE', *, *, #3727, .F. ) ;
#143 = ORIENTED_EDGE ( 'NONE', *, *, #3130, .F. ) ;
#144 = ORIENTED_EDGE ( 'NONE', *, *, #3151, .F. ) ;
#145 = ORIENTED_EDGE ( 'NONE', *, *, #3710, .F. ) ;
#146 = ORIENTED_EDGE ( 'NONE', *, *, #3700, .F. ) ;
#147 = ORIENTED_EDGE ( 'NONE', *, *, #3084, .T. ) ;
#148 = ORIENTED_EDGE ( 'NONE', *, *, #3452, .T. ) ;
#149 = ORIENTED_EDGE ( 'NONE', *, *, #687, .T. ) ;
#150 = ORIENTED_EDGE ( 'NONE', *, *, #3686, .T. ) ;
#151 = ORIENTED_EDGE ( 'NONE', *, *, #675, .F. ) ;
#152 = ORIENTED_EDGE ( 'NONE', *, *, #3134, .F. ) ;
#153 = ORIENTED_EDGE ( 'NONE', *, *, #3719, .T. ) ;
#154 = ORIENTED_EDGE ( 'NONE', *, *, #3734, .F. ) ;
#155 = ORIENTED_EDGE ( 'NONE', *, *, #3503, .T. ) ;
#156 = ORIENTED_EDGE ( 'NONE', *, *, #3737, .T. ) ;
#157 = CLOSED_SHELL ( 'NONE', ( #568, #569, #570, #571, #572, #573 ) ) ;
#158 = ORIENTED_EDGE ( 'NONE', *, *, #3475, .F. ) ;
#159 = ORIENTED_EDGE ( 'NONE', *, *, #3720, .T. ) ;
#160 = ORIENTED_EDGE ( 'NONE', *, *, #3721, .F. ) ;
#161 = CLOSED_SHELL ( 'NONE', ( #33, #34, #35, #36, #37, #38, #39, #40, #41, #42, #43, #44, #45, #46, #515, #516, #517, #518, #519, #520, #521, #522, #523, #524, #525, #526, #527, #528, #529, #530, #531, #532, #533, #534, #535, #536, #537, #538 ) ) ;
#162 = ORIENTED_EDGE ( 'NONE', *, *, #3081, .F. ) ;
#163 = ORIENTED_EDGE ( 'NONE', *, *, #3086, .T. ) ;
#164 = ORIENTED_EDGE ( 'NONE', *, *, #3699, .F. ) ;
#165 = FACE_OUTER_BOUND ( 'NONE', #3024, .T. ) ;
#166 = ORIENTED_EDGE ( 'NONE', *, *, #3069, .F. ) ;
#167 = ORIENTED_EDGE ( 'NONE', *, *, #3101, .T. ) ;
#168 = ORIENTED_EDGE ( 'NONE', *, *, #3492, .F. ) ;
#169 = ORIENTED_EDGE ( 'NONE', *, *, #3487, .F. ) ;
#170 = ORIENTED_EDGE ( 'NONE', *, *, #672, .T. ) ;
#171 = ORIENTED_EDGE ( 'NONE', *, *, #3098, .F. ) ;
#172 = ORIENTED_EDGE ( 'NONE', *, *, #3144, .F. ) ;
#173 = ORIENTED_EDGE ( 'NONE', *, *, #3728, .T. ) ;
#174 = ORIENTED_EDGE ( 'NONE', *, *, #3495, .F. ) ;
#175 = ORIENTED_EDGE ( 'NONE', *, *, #3729, .F. ) ;
#176 = ORIENTED_EDGE ( 'NONE', *, *, #3147, .F. ) ;
#177 = ORIENTED_EDGE ( 'NONE', *, *, #3690, .F. ) ;
#178 = ORIENTED_EDGE ( 'NONE', *, *, #3092, .F. ) ;
#179 = ORIENTED_EDGE ( 'NONE', *, *, #672, .F. ) ;
#180 = ORIENTED_EDGE ( 'NONE', *, *, #3698, .T. ) ;
#181 = ORIENTED_EDGE ( 'NONE', *, *, #3641, .F. ) ;
#182 = ORIENTED_EDGE ( 'NONE', *, *, #3725, .F. ) ;
#183 = ORIENTED_EDGE ( 'NONE', *, *, #671, .T. ) ;
#184 = ORIENTED_EDGE ( 'NONE', *, *, #3686, .F. ) ;
#185 = ORIENTED_EDGE ( 'NONE', *, *, #3516, .F. ) ;
#186 = ORIENTED_EDGE ( 'NONE', *, *, #3102, .F. ) ;
#187 = ORIENTED_EDGE ( 'NONE', *, *, #3501, .F. ) ;
#188 = ORIENTED_EDGE ( 'NONE', *, *, #3081, .T. ) ;
#189 = ORIENTED_EDGE ( 'NONE', *, *, #3658, .T. ) ;
#190 = ORIENTED_EDGE ( 'NONE', *, *, #2423, .T. ) ;
#191 = ORIENTED_EDGE ( 'NONE', *, *, #3462, .T. ) ;
#192 = ORIENTED_EDGE ( 'NONE', *, *, #3732, .T. ) ;
#193 = ORIENTED_EDGE ( 'NONE', *, *, #3139, .T. ) ;
#194 = ORIENTED_EDGE ( 'NONE', *, *, #3707, .F. ) ;
#195 = ORIENTED_EDGE ( 'NONE', *, *, #3133, .F. ) ;
#196 = ORIENTED_EDGE ( 'NONE', *, *, #3492, .T. ) ;
#197 = ORIENTED_EDGE ( 'NONE', *, *, #3486, .T. ) ;
#198 = ORIENTED_EDGE ( 'NONE', *, *, #3457, .T. ) ;
#199 = ORIENTED_EDGE ( 'NONE', *, *, #3722, .F. ) ;
#200 = ORIENTED_EDGE ( 'NONE', *, *, #3518, .T. ) ;
#201 = ORIENTED_EDGE ( 'NONE', *, *, #3735, .T. ) ;
#202 = ORIENTED_EDGE ( 'NONE', *, *, #3484, .F. ) ;
#203 = ORIENTED_EDGE ( 'NONE', *, *, #3726, .T. ) ;
#204 = ORIENTED_EDGE ( 'NONE', *, *, #4014, .F. ) ;
#205 = ORIENTED_EDGE ( 'NONE', *, *, #3474, .T. ) ;
#206 = ORIENTED_EDGE ( 'NONE', *, *, #3711, .F. ) ;
#207 = ORIENTED_EDGE ( 'NONE', *, *, #3488, .T. ) ;
#208 = ORIENTED_EDGE ( 'NONE', *, *, #3696, .T. ) ;
#209 = ORIENTED_EDGE ( 'NONE', *, *, #3705, .F. ) ;
#210 = ORIENTED_EDGE ( 'NONE', *, *, #3457, .F. ) ;
#211 = ORIENTED_EDGE ( 'NONE', *, *, #3090, .F. ) ;
#212 = ORIENTED_EDGE ( 'NONE', *, *, #3087, .F. ) ;
#213 = ORIENTED_EDGE ( 'NONE', *, *, #3454, .F. ) ;
#214 = ORIENTED_EDGE ( 'NONE', *, *, #3703, .T. ) ;
#215 = ORIENTED_EDGE ( 'NONE', *, *, #3071, .T. ) ;
#216 = ORIENTED_EDGE ( 'NONE', *, *, #3505, .F. ) ;
#217 = ORIENTED_EDGE ( 'NONE', *, *, #3694, .T. ) ;
#218 = ORIENTED_EDGE ( 'NONE', *, *, #3469, .F. ) ;
#219 = ORIENTED_EDGE ( 'NONE', *, *, #3520, .F. ) ;
#220 = ORIENTED_EDGE ( 'NONE', *, *, #3079, .F. ) ;
#221 = ORIENTED_EDGE ( 'NONE', *, *, #3063, .T. ) ;
#222 = ORIENTED_EDGE ( 'NONE', *, *, #3477, .T. ) ;
#223 = ORIENTED_EDGE ( 'NONE', *, *, #3709, .F. ) ;
#224 = ORIENTED_EDGE ( 'NONE', *, *, #3499, .F. ) ;
#225 = ORIENTED_EDGE ( 'NONE', *, *, #3741, .F. ) ;
#226 = ORIENTED_EDGE ( 'NONE', *, *, #3498, .F. ) ;
#227 = ORIENTED_EDGE ( 'NONE', *, *, #3080, .T. ) ;
#228 = ORIENTED_EDGE ( 'NONE', *, *, #689, .F. ) ;
#229 = ORIENTED_EDGE ( 'NONE', *, *, #3659, .F. ) ;
#230 = ORIENTED_EDGE ( 'NONE', *, *, #3489, .T. ) ;
#231 = ORIENTED_EDGE ( 'NONE', *, *, #3122, .T. ) ;
#232 = ORIENTED_EDGE ( 'NONE', *, *, #3715, .F. ) ;
#233 = ORIENTED_EDGE ( 'NONE', *, *, #3484, .T. ) ;
#234 = ORIENTED_EDGE ( 'NONE', *, *, #3470, .T. ) ;
#235 = ORIENTED_EDGE ( 'NONE', *, *, #3110, .F. ) ;
#236 = CLOSED_SHELL ( 'NONE', ( #22, #24, #23, #58, #54, #55, #56, #57, #51, #53 ) ) ;
#237 = ORIENTED_EDGE ( 'NONE', *, *, #688, .T. ) ;
#238 = CLOSED_SHELL ( 'NONE', ( #539, #540, #541, #542, #543, #544, #545, #546, #547, #548, #549, #550, #551, #553 ) ) ;
#239 = ORIENTED_EDGE ( 'NONE', *, *, #3503, .F. ) ;
#240 = ORIENTED_EDGE ( 'NONE', *, *, #3495, .T. ) ;
#241 = ORIENTED_EDGE ( 'NONE', *, *, #3083, .T. ) ;
#242 = ORIENTED_EDGE ( 'NONE', *, *, #3461, .F. ) ;
#243 = ORIENTED_EDGE ( 'NONE', *, *, #3112, .F. ) ;
#244 = ORIENTED_EDGE ( 'NONE', *, *, #684, .T. ) ;
#245 = ORIENTED_EDGE ( 'NONE', *, *, #3747, .T. ) ;
#246 = ORIENTED_EDGE ( 'NONE', *, *, #681, .F. ) ;
#247 = ORIENTED_EDGE ( 'NONE', *, *, #3711, .T. ) ;
#248 = ORIENTED_EDGE ( 'NONE', *, *, #3491, .T. ) ;
#249 = ORIENTED_EDGE ( 'NONE', *, *, #3075, .T. ) ;
#250 = ORIENTED_EDGE ( 'NONE', *, *, #4012, .T. ) ;
#251 = ORIENTED_EDGE ( 'NONE', *, *, #3706, .F. ) ;
#252 = ORIENTED_EDGE ( 'NONE', *, *, #3066, .T. ) ;
#253 = ORIENTED_EDGE ( 'NONE', *, *, #3718, .T. ) ;
#254 = ORIENTED_EDGE ( 'NONE', *, *, #3083, .F. ) ;
#255 = ORIENTED_EDGE ( 'NONE', *, *, #3666, .T. ) ;
#256 = ORIENTED_EDGE ( 'NONE', *, *, #3493, .T. ) ;
#257 = ORIENTED_EDGE ( 'NONE', *, *, #3706, .T. ) ;
#258 = FACE_OUTER_BOUND ( 'NONE', #2738, .T. ) ;
#259 = ORIENTED_EDGE ( 'NONE', *, *, #694, .T. ) ;
#260 = ORIENTED_EDGE ( 'NONE', *, *, #3505, .T. ) ;
#261 = ORIENTED_EDGE ( 'NONE', *, *, #3455, .F. ) ;
#262 = ORIENTED_EDGE ( 'NONE', *, *, #3693, .T. ) ;
#263 = ORIENTED_EDGE ( 'NONE', *, *, #3731, .F. ) ;
#264 = ORIENTED_EDGE ( 'NONE', *, *, #691, .T. ) ;
#265 = ORIENTED_EDGE ( 'NONE', *, *, #3715, .T. ) ;
#266 = ORIENTED_EDGE ( 'NONE', *, *, #3478, .F. ) ;
#267 = ORIENTED_EDGE ( 'NONE', *, *, #3695, .F. ) ;
#268 = ORIENTED_EDGE ( 'NONE', *, *, #3730, .F. ) ;
#269 = ORIENTED_EDGE ( 'NONE', *, *, #3074, .F. ) ;
#270 = FACE_OUTER_BOUND ( 'NONE', #2702, .T. ) ;
#271 = ORIENTED_EDGE ( 'NONE', *, *, #3122, .F. ) ;
#272 = ORIENTED_EDGE ( 'NONE', *, *, #3738, .F. ) ;
#273 = ORIENTED_EDGE ( 'NONE', *, *, #3752, .F. ) ;
#274 = ORIENTED_EDGE ( 'NONE', *, *, #3736, .T. ) ;
#275 = ORIENTED_EDGE ( 'NONE', *, *, #3678, .T. ) ;
#276 = ORIENTED_EDGE ( 'NONE', *, *, #695, .T. ) ;
#277 = ORIENTED_EDGE ( 'NONE', *, *, #671, .F. ) ;
#278 = ORIENTED_EDGE ( 'NONE', *, *, #3500, .F. ) ;
#279 = ORIENTED_EDGE ( 'NONE', *, *, #3458, .F. ) ;
#280 = ORIENTED_EDGE ( 'NONE', *, *, #3153, .F. ) ;
#281 = ORIENTED_EDGE ( 'NONE', *, *, #3682, .F. ) ;
#282 = ORIENTED_EDGE ( 'NONE', *, *, #3144, .T. ) ;
#283 = ORIENTED_EDGE ( 'NONE', *, *, #3701, .T. ) ;
#284 = ORIENTED_EDGE ( 'NONE', *, *, #3143, .T. ) ;
#285 = ORIENTED_EDGE ( 'NONE', *, *, #3681, .T. ) ;
#286 = ORIENTED_EDGE ( 'NONE', *, *, #3068, .T. ) ;
#287 = ORIENTED_EDGE ( 'NONE', *, *, #3692, .F. ) ;
#288 = ORIENTED_EDGE ( 'NONE', *, *, #3456, .F. ) ;
#289 = ORIENTED_EDGE ( 'NONE', *, *, #3725, .T. ) ;
#290 = ORIENTED_EDGE ( 'NONE', *, *, #3117, .T. ) ;
#291 = ORIENTED_EDGE ( 'NONE', *, *, #2417, .F. ) ;
#292 = ORIENTED_EDGE ( 'NONE', *, *, #3740, .T. ) ;
#293 = ORIENTED_EDGE ( 'NONE', *, *, #3127, .F. ) ;
#294 = ORIENTED_EDGE ( 'NONE', *, *, #697, .F. ) ;
#295 = ORIENTED_EDGE ( 'NONE', *, *, #3726, .F. ) ;
#296 = ORIENTED_EDGE ( 'NONE', *, *, #3732, .F. ) ;
#297 = ORIENTED_EDGE ( 'NONE', *, *, #3736, .F. ) ;
#298 = ORIENTED_EDGE ( 'NONE', *, *, #3688, .T. ) ;
#299 = ORIENTED_EDGE ( 'NONE', *, *, #3522, .T. ) ;
#300 = ORIENTED_EDGE ( 'NONE', *, *, #3155, .T. ) ;
#301 = ORIENTED_EDGE ( 'NONE', *, *, #3502, .F. ) ;
#302 = ORIENTED_EDGE ( 'NONE', *, *, #3471, .T. ) ;
#303 = ORIENTED_EDGE ( 'NONE', *, *, #3485, .T. ) ;
#304 = ORIENTED_EDGE ( 'NONE', *, *, #2422, .T. ) ;
#305 = ORIENTED_EDGE ( 'NONE', *, *, #3668, .T. ) ;
#306 = ORIENTED_EDGE ( 'NONE', *, *, #3746, .F. ) ;
#307 = ORIENTED_EDGE ( 'NONE', *, *, #3727, .T. ) ;
#308 = ORIENTED_EDGE ( 'NONE', *, *, #61, .T. ) ;
#309 = ORIENTED_EDGE ( 'NONE', *, *, #3519, .F. ) ;
#310 = ORIENTED_EDGE ( 'NONE', *, *, #3699, .T. ) ;
#311 = ORIENTED_EDGE ( 'NONE', *, *, #3078, .T. ) ;
#312 = ORIENTED_EDGE ( 'NONE', *, *, #3697, .T. ) ;
#313 = ORIENTED_EDGE ( 'NONE', *, *, #3662, .T. ) ;
#314 = ORIENTED_EDGE ( 'NONE', *, *, #3101, .F. ) ;
#315 = ORIENTED_EDGE ( 'NONE', *, *, #3704, .F. ) ;
#316 = ORIENTED_EDGE ( 'NONE', *, *, #3076, .T. ) ;
#317 = ORIENTED_EDGE ( 'NONE', *, *, #3459, .F. ) ;
#318 = ORIENTED_EDGE ( 'NONE', *, *, #2422, .F. ) ;
#319 = ORIENTED_EDGE ( 'NONE', *, *, #3148, .T. ) ;
#320 = ORIENTED_EDGE ( 'NONE', *, *, #3106, .T. ) ;
#321 = ORIENTED_EDGE ( 'NONE', *, *, #3478, .T. ) ;
#322 = ORIENTED_EDGE ( 'NONE', *, *, #3479, .F. ) ;
#323 = ORIENTED_EDGE ( 'NONE', *, *, #3098, .T. ) ;
#324 = ORIENTED_EDGE ( 'NONE', *, *, #673, .T. ) ;
#325 = CLOSED_SHELL ( 'NONE', ( #554, #555, #556, #557, #558, #559, #560, #561, #562, #563, #564, #565, #566, #567 ) ) ;
#326 = ORIENTED_EDGE ( 'NONE', *, *, #3125, .F. ) ;
#327 = ORIENTED_EDGE ( 'NONE', *, *, #3140, .F. ) ;
#328 = ORIENTED_EDGE ( 'NONE', *, *, #3141, .T. ) ;
#329 = ORIENTED_EDGE ( 'NONE', *, *, #3489, .F. ) ;
#330 = ORIENTED_EDGE ( 'NONE', *, *, #513, .F. ) ;
#331 = ORIENTED_EDGE ( 'NONE', *, *, #3679, .F. ) ;
#332 = ORIENTED_EDGE ( 'NONE', *, *, #3092, .T. ) ;
#333 = ORIENTED_EDGE ( 'NONE', *, *, #3717, .F. ) ;
#334 = ORIENTED_EDGE ( 'NONE', *, *, #3104, .T. ) ;
#335 = ORIENTED_EDGE ( 'NONE', *, *, #4012, .F. ) ;
#336 = ORIENTED_EDGE ( 'NONE', *, *, #3476, .F. ) ;
#337 = ORIENTED_EDGE ( 'NONE', *, *, #3472, .F. ) ;
#338 = FACE_OUTER_BOUND ( 'NONE', #2813, .T. ) ;
#339 = ORIENTED_EDGE ( 'NONE', *, *, #3703, .F. ) ;
#340 = ORIENTED_EDGE ( 'NONE', *, *, #3074, .T. ) ;
#341 = ORIENTED_EDGE ( 'NONE', *, *, #3485, .F. ) ;
#342 = ORIENTED_EDGE ( 'NONE', *, *, #3091, .F. ) ;
#343 = ORIENTED_EDGE ( 'NONE', *, *, #3475, .T. ) ;
#344 = ORIENTED_EDGE ( 'NONE', *, *, #3107, .F. ) ;
#345 = ORIENTED_EDGE ( 'NONE', *, *, #3702, .T. ) ;
#346 = ORIENTED_EDGE ( 'NONE', *, *, #683, .T. ) ;
#347 = ORIENTED_EDGE ( 'NONE', *, *, #3471, .F. ) ;
#348 = ORIENTED_EDGE ( 'NONE', *, *, #694, .F. ) ;
#349 = ORIENTED_EDGE ( 'NONE', *, *, #2417, .T. ) ;
#350 = ORIENTED_EDGE ( 'NONE', *, *, #3453, .F. ) ;
#351 = ORIENTED_EDGE ( 'NONE', *, *, #3745, .F. ) ;
#352 = ORIENTED_EDGE ( 'NONE', *, *, #3739, .T. ) ;
#353 = ORIENTED_EDGE ( 'NONE', *, *, #3128, .F. ) ;
#354 = ORIENTED_EDGE ( 'NONE', *, *, #3525, .F. ) ;
#355 = ORIENTED_EDGE ( 'NONE', *, *, #3096, .F. ) ;
#356 = ORIENTED_EDGE ( 'NONE', *, *, #3740, .F. ) ;
#357 = ORIENTED_EDGE ( 'NONE', *, *, #3481, .T. ) ;
#358 = ORIENTED_EDGE ( 'NONE', *, *, #3749, .T. ) ;
#359 = ORIENTED_EDGE ( 'NONE', *, *, #3486, .F. ) ;
#360 = ORIENTED_EDGE ( 'NONE', *, *, #3108, .F. ) ;
#361 = ORIENTED_EDGE ( 'NONE', *, *, #3064, .F. ) ;
#362 = ORIENTED_EDGE ( 'NONE', *, *, #3152, .T. ) ;
#363 = CLOSED_SHELL ( 'NONE', ( #7, #8, #9, #10, #11, #12 ) ) ;
#364 = ORIENTED_EDGE ( 'NONE', *, *, #3124, .T. ) ;
#365 = ORIENTED_EDGE ( 'NONE', *, *, #3504, .F. ) ;
#366 = ORIENTED_EDGE ( 'NONE', *, *, #3493, .F. ) ;
#367 = ORIENTED_EDGE ( 'NONE', *, *, #3494, .F. ) ;
#368 = ORIENTED_EDGE ( 'NONE', *, *, #3744, .F. ) ;
#369 = ORIENTED_EDGE ( 'NONE', *, *, #691, .F. ) ;
#370 = ORIENTED_EDGE ( 'NONE', *, *, #3468, .F. ) ;
#371 = ORIENTED_EDGE ( 'NONE', *, *, #3482, .F. ) ;
#372 = ORIENTED_EDGE ( 'NONE', *, *, #674, .F. ) ;
#373 = ORIENTED_EDGE ( 'NONE', *, *, #3688, .F. ) ;
#374 = ORIENTED_EDGE ( 'NONE', *, *, #3716, .F. ) ;
#375 = ORIENTED_EDGE ( 'NONE', *, *, #673, .F. ) ;
#376 = ORIENTED_EDGE ( 'NONE', *, *, #3473, .T. ) ;
#377 = ORIENTED_EDGE ( 'NONE', *, *, #3684, .F. ) ;
#378 = ORIENTED_EDGE ( 'NONE', *, *, #3468, .T. ) ;
#379 = ORIENTED_EDGE ( 'NONE', *, *, #3464, .F. ) ;
#380 = ORIENTED_EDGE ( 'NONE', *, *, #513, .T. ) ;
#381 = ORIENTED_EDGE ( 'NONE', *, *, #3121, .F. ) ;
#382 = ORIENTED_EDGE ( 'NONE', *, *, #3524, .T. ) ;
#383 = ORIENTED_EDGE ( 'NONE', *, *, #3480, .F. ) ;
#384 = ORIENTED_EDGE ( 'NONE', *, *, #3455, .T. ) ;
#385 = ORIENTED_EDGE ( 'NONE', *, *, #4013, .T. ) ;
#386 = ORIENTED_EDGE ( 'NONE', *, *, #3467, .F. ) ;
#387 = ORIENTED_EDGE ( 'NONE', *, *, #3693, .F. ) ;
#388 = ORIENTED_EDGE ( 'NONE', *, *, #3087, .T. ) ;
#389 = ORIENTED_EDGE ( 'NONE', *, *, #3501, .T. ) ;
#390 = ORIENTED_EDGE ( 'NONE', *, *, #3091, .T. ) ;
#391 = ORIENTED_EDGE ( 'NONE', *, *, #3103, .F. ) ;
#392 = ORIENTED_EDGE ( 'NONE', *, *, #3681, .F. ) ;
#393 = ORIENTED_EDGE ( 'NONE', *, *, #680, .T. ) ;
#394 = ORIENTED_EDGE ( 'NONE', *, *, #3718, .F. ) ;
#395 = ORIENTED_EDGE ( 'NONE', *, *, #3477, .F. ) ;
#396 = ORIENTED_EDGE ( 'NONE', *, *, #3482, .T. ) ;
#397 = ORIENTED_EDGE ( 'NONE', *, *, #2419, .T. ) ;
#398 = ORIENTED_EDGE ( 'NONE', *, *, #3481, .F. ) ;
#399 = ORIENTED_EDGE ( 'NONE', *, *, #3491, .F. ) ;
#400 = ORIENTED_EDGE ( 'NONE', *, *, #3073, .F. ) ;
#401 = ORIENTED_EDGE ( 'NONE', *, *, #3141, .F. ) ;
#402 = FACE_OUTER_BOUND ( 'NONE', #2799, .T. ) ;
#403 = ORIENTED_EDGE ( 'NONE', *, *, #514, .T. ) ;
#404 = ORIENTED_EDGE ( 'NONE', *, *, #3713, .T. ) ;
#405 = ORIENTED_EDGE ( 'NONE', *, *, #3147, .T. ) ;
#406 = ORIENTED_EDGE ( 'NONE', *, *, #3084, .F. ) ;
#407 = ORIENTED_EDGE ( 'NONE', *, *, #3102, .T. ) ;
#408 = ORIENTED_EDGE ( 'NONE', *, *, #3119, .T. ) ;
#409 = ORIENTED_EDGE ( 'NONE', *, *, #3494, .T. ) ;
#410 = ORIENTED_EDGE ( 'NONE', *, *, #681, .T. ) ;
#411 = ORIENTED_EDGE ( 'NONE', *, *, #3697, .F. ) ;
#412 = ORIENTED_EDGE ( 'NONE', *, *, #3474, .F. ) ;
#413 = ORIENTED_EDGE ( 'NONE', *, *, #3148, .F. ) ;
#414 = ORIENTED_EDGE ( 'NONE', *, *, #3511, .T. ) ;
#415 = ORIENTED_EDGE ( 'NONE', *, *, #3465, .T. ) ;
#416 = ORIENTED_EDGE ( 'NONE', *, *, #688, .F. ) ;
#417 = ORIENTED_EDGE ( 'NONE', *, *, #3132, .T. ) ;
#418 = ORIENTED_EDGE ( 'NONE', *, *, #3662, .F. ) ;
#419 = ORIENTED_EDGE ( 'NONE', *, *, #3462, .F. ) ;
#420 = ORIENTED_EDGE ( 'NONE', *, *, #3500, .T. ) ;
#421 = ORIENTED_EDGE ( 'NONE', *, *, #3743, .T. ) ;
#422 = ORIENTED_EDGE ( 'NONE', *, *, #3061, .T. ) ;
#423 = ORIENTED_EDGE ( 'NONE', *, *, #3080, .F. ) ;
#424 = ORIENTED_EDGE ( 'NONE', *, *, #3106, .F. ) ;
#425 = ORIENTED_EDGE ( 'NONE', *, *, #3685, .T. ) ;
#426 = ORIENTED_EDGE ( 'NONE', *, *, #3119, .F. ) ;
#427 = ORIENTED_EDGE ( 'NONE', *, *, #3517, .F. ) ;
#428 = CLOSED_SHELL ( 'NONE', ( #1, #2, #3, #4, #5, #6 ) ) ;
#429 = ORIENTED_EDGE ( 'NONE', *, *, #3683, .F. ) ;
#430 = ORIENTED_EDGE ( 'NONE', *, *, #3131, .T. ) ;
#431 = ORIENTED_EDGE ( 'NONE', *, *, #3668, .F. ) ;
#432 = ORIENTED_EDGE ( 'NONE', *, *, #690, .F. ) ;
#433 = ORIENTED_EDGE ( 'NONE', *, *, #3694, .F. ) ;
#434 = ORIENTED_EDGE ( 'NONE', *, *, #3463, .T. ) ;
#435 = SURFACE_STYLE_FILL_AREA ( #592 ) ;
#436 = ORIENTED_EDGE ( 'NONE', *, *, #3516, .T. ) ;
#437 = ORIENTED_EDGE ( 'NONE', *, *, #3689, .F. ) ;
#438 = ORIENTED_EDGE ( 'NONE', *, *, #3497, .F. ) ;
#439 = ORIENTED_EDGE ( 'NONE', *, *, #3521, .F. ) ;
#440 = ORIENTED_EDGE ( 'NONE', *, *, #2420, .F. ) ;
#441 = ORIENTED_EDGE ( 'NONE', *, *, #61, .F. ) ;
#442 = ORIENTED_EDGE ( 'NONE', *, *, #3130, .T. ) ;
#443 = ORIENTED_EDGE ( 'NONE', *, *, #3713, .F. ) ;
#444 = ORIENTED_EDGE ( 'NONE', *, *, #3459, .T. ) ;
#445 = ORIENTED_EDGE ( 'NONE', *, *, #3680, .F. ) ;
#446 = ORIENTED_EDGE ( 'NONE', *, *, #3469, .T. ) ;
#447 = ORIENTED_EDGE ( 'NONE', *, *, #3525, .T. ) ;
#448 = ORIENTED_EDGE ( 'NONE', *, *, #3498, .T. ) ;
#449 = ORIENTED_EDGE ( 'NONE', *, *, #3666, .F. ) ;
#450 = ORIENTED_EDGE ( 'NONE', *, *, #677, .T. ) ;
#451 = ORIENTED_EDGE ( 'NONE', *, *, #512, .F. ) ;
#452 = ORIENTED_EDGE ( 'NONE', *, *, #3466, .F. ) ;
#453 = ORIENTED_EDGE ( 'NONE', *, *, #3460, .F. ) ;
#454 = ORIENTED_EDGE ( 'NONE', *, *, #3096, .T. ) ;
#455 = ORIENTED_EDGE ( 'NONE', *, *, #3071, .F. ) ;
#456 = ORIENTED_EDGE ( 'NONE', *, *, #3521, .T. ) ;
#457 = ORIENTED_EDGE ( 'NONE', *, *, #3090, .T. ) ;
#458 = ORIENTED_EDGE ( 'NONE', *, *, #3064, .T. ) ;
#459 = ORIENTED_EDGE ( 'NONE', *, *, #3149, .F. ) ;
#460 = ORIENTED_EDGE ( 'NONE', *, *, #3519, .T. ) ;
#461 = ORIENTED_EDGE ( 'NONE', *, *, #695, .F. ) ;
#462 = ORIENTED_EDGE ( 'NONE', *, *, #3487, .T. ) ;
#463 = ORIENTED_EDGE ( 'NONE', *, *, #3708, .T. ) ;
#464 = ORIENTED_EDGE ( 'NONE', *, *, #3120, .T. ) ;
#465 = ORIENTED_EDGE ( 'NONE', *, *, #3111, .F. ) ;
#466 = ORIENTED_EDGE ( 'NONE', *, *, #3658, .F. ) ;
#467 = ORIENTED_EDGE ( 'NONE', *, *, #683, .F. ) ;
#468 = ORIENTED_EDGE ( 'NONE', *, *, #680, .F. ) ;
#469 = ORIENTED_EDGE ( 'NONE', *, *, #3111, .T. ) ;
#470 = ORIENTED_EDGE ( 'NONE', *, *, #3739, .F. ) ;
#471 = ORIENTED_EDGE ( 'NONE', *, *, #3490, .F. ) ;
#472 = ORIENTED_EDGE ( 'NONE', *, *, #3473, .F. ) ;
#473 = ORIENTED_EDGE ( 'NONE', *, *, #679, .T. ) ;
#474 = ORIENTED_EDGE ( 'NONE', *, *, #2423, .F. ) ;
#475 = ORIENTED_EDGE ( 'NONE', *, *, #3733, .F. ) ;
#476 = ORIENTED_EDGE ( 'NONE', *, *, #3717, .T. ) ;
#477 = ORIENTED_EDGE ( 'NONE', *, *, #3723, .F. ) ;
#478 = ORIENTED_EDGE ( 'NONE', *, *, #3751, .F. ) ;
#479 = ORIENTED_EDGE ( 'NONE', *, *, #3490, .T. ) ;
#480 = ORIENTED_EDGE ( 'NONE', *, *, #3114, .F. ) ;
#481 = ORIENTED_EDGE ( 'NONE', *, *, #3480, .T. ) ;
#482 = ORIENTED_EDGE ( 'NONE', *, *, #3712, .T. ) ;
#483 = ORIENTED_EDGE ( 'NONE', *, *, #3496, .F. ) ;
#484 = ORIENTED_EDGE ( 'NONE', *, *, #3458, .T. ) ;
#485 = ORIENTED_EDGE ( 'NONE', *, *, #3073, .T. ) ;
#486 = ORIENTED_EDGE ( 'NONE', *, *, #3132, .F. ) ;
#487 = ORIENTED_EDGE ( 'NONE', *, *, #679, .F. ) ;
#488 = ORIENTED_EDGE ( 'NONE', *, *, #3679, .T. ) ;
#489 = ORIENTED_EDGE ( 'NONE', *, *, #3752, .T. ) ;
#490 = ORIENTED_EDGE ( 'NONE', *, *, #3729, .T. ) ;
#491 = ORIENTED_EDGE ( 'NONE', *, *, #3504, .T. ) ;
#492 = ORIENTED_EDGE ( 'NONE', *, *, #3128, .T. ) ;
#493 = ORIENTED_EDGE ( 'NONE', *, *, #3140, .T. ) ;
#494 = ORIENTED_EDGE ( 'NONE', *, *, #3110, .T. ) ;
#495 = ORIENTED_EDGE ( 'NONE', *, *, #3097, .T. ) ;
#496 = ORIENTED_EDGE ( 'NONE', *, *, #4011, .T. ) ;
#497 = ORIENTED_EDGE ( 'NONE', *, *, #3142, .F. ) ;
#498 = ORIENTED_EDGE ( 'NONE', *, *, #3479, .T. ) ;
#499 = ORIENTED_EDGE ( 'NONE', *, *, #3746, .T. ) ;
#500 = ORIENTED_EDGE ( 'NONE', *, *, #3086, .F. ) ;
#501 = ORIENTED_EDGE ( 'NONE', *, *, #674, .T. ) ;
#502 = ORIENTED_EDGE ( 'NONE', *, *, #3741, .T. ) ;
#503 = ORIENTED_EDGE ( 'NONE', *, *, #3654, .T. ) ;
#504 = ORIENTED_EDGE ( 'NONE', *, *, #3117, .F. ) ;
#505 = ORIENTED_EDGE ( 'NONE', *, *, #3518, .F. ) ;
#506 = ORIENTED_EDGE ( 'NONE', *, *, #3476, .T. ) ;
#507 = ORIENTED_EDGE ( 'NONE', *, *, #3735, .F. ) ;
#508 = ORIENTED_EDGE ( 'NONE', *, *, #3149, .T. ) ;
#509 = CLOSED_SHELL ( 'NONE', ( #50, #52, #47, #48, #49, #20, #21, #552, #19, #25, #26, #27, #28, #29, #30, #31, #32 ) ) ;
#510 = ORIENTED_EDGE ( 'NONE', *, *, #3115, .T. ) ;
#511 = ORIENTED_EDGE ( 'NONE', *, *, #3685, .F. ) ;
#512 = EDGE_CURVE ( 'NONE', #3257, #3288, #3657, .T. ) ;
#513 = EDGE_CURVE ( 'NONE', #3250, #3280, #3575, .T. ) ;
#514 = EDGE_CURVE ( 'NONE', #3237, #3260, #3553, .T. ) ;
#515 = ADVANCED_FACE ( 'NONE', ( #3616 ), #3937, .F. ) ;
#516 = ADVANCED_FACE ( 'NONE', ( #3585 ), #3934, .F. ) ;
#517 = ADVANCED_FACE ( 'NONE', ( #3660 ), #3975, .F. ) ;
#518 = ADVANCED_FACE ( 'NONE', ( #3551 ), #3043, .F. ) ;
#519 = ADVANCED_FACE ( 'NONE', ( #3583 ), #3050, .F. ) ;
#520 = ADVANCED_FACE ( 'NONE', ( #3599 ), #3036, .F. ) ;
#521 = ADVANCED_FACE ( 'NONE', ( #3598 ), #3052, .F. ) ;
#522 = ADVANCED_FACE ( 'NONE', ( #3545 ), #3051, .T. ) ;
#523 = ADVANCED_FACE ( 'NONE', ( #3541 ), #3030, .T. ) ;
#524 = ADVANCED_FACE ( 'NONE', ( #3543 ), #3060, .F. ) ;
#525 = ADVANCED_FACE ( 'NONE', ( #3544 ), #3041, .F. ) ;
#526 = ADVANCED_FACE ( 'NONE', ( #3542 ), #3584, .T. ) ;
#527 = ADVANCED_FACE ( 'NONE', ( #3548 ), #2487, .F. ) ;
#528 = ADVANCED_FACE ( 'NONE', ( #3562 ), #2454, .F. ) ;
#529 = ADVANCED_FACE ( 'NONE', ( #3561 ), #2513, .F. ) ;
#530 = ADVANCED_FACE ( 'NONE', ( #3537 ), #3536, .T. ) ;
#531 = ADVANCED_FACE ( 'NONE', ( #3538 ), #2521, .F. ) ;
#532 = ADVANCED_FACE ( 'NONE', ( #3672 ), #2531, .F. ) ;
#533 = ADVANCED_FACE ( 'NONE', ( #3627 ), #2477, .F. ) ;
#534 = ADVANCED_FACE ( 'NONE', ( #3587 ), #3630, .T. ) ;
#535 = ADVANCED_FACE ( 'NONE', ( #3629 ), #2547, .F. ) ;
#536 = ADVANCED_FACE ( 'NONE', ( #3586 ), #2480, .F. ) ;
#537 = ADVANCED_FACE ( 'NONE', ( #3563 ), #2577, .F. ) ;
#538 = ADVANCED_FACE ( 'NONE', ( #3650 ), #3669, .T. ) ;
#539 = ADVANCED_FACE ( 'NONE', ( #3665 ), #3617, .F. ) ;
#540 = ADVANCED_FACE ( 'NONE', ( #3556 ), #2449, .F. ) ;
#541 = ADVANCED_FACE ( 'NONE', ( #3555 ), #2499, .F. ) ;
#542 = ADVANCED_FACE ( 'NONE', ( #3539 ), #2560, .F. ) ;
#543 = ADVANCED_FACE ( 'NONE', ( #3623 ), #2528, .F. ) ;
#544 = ADVANCED_FACE ( 'NONE', ( #3603 ), #2593, .F. ) ;
#545 = ADVANCED_FACE ( 'NONE', ( #3588 ), #2599, .F. ) ;
#546 = ADVANCED_FACE ( 'NONE', ( #3639 ), #2611, .F. ) ;
#547 = ADVANCED_FACE ( 'NONE', ( #3670 ), #3564, .F. ) ;
#548 = ADVANCED_FACE ( 'NONE', ( #3640 ), #2620, .F. ) ;
#549 = ADVANCED_FACE ( 'NONE', ( #3597 ), #2614, .F. ) ;
#550 = ADVANCED_FACE ( 'NONE', ( #3644 ), #2626, .F. ) ;
#551 = ADVANCED_FACE ( 'NONE', ( #3578 ), #2625, .T. ) ;
#552 = ADVANCED_FACE ( 'NONE', ( #3600 ), #2441, .F. ) ;
#553 = ADVANCED_FACE ( 'NONE', ( #3638 ), #2445, .F. ) ;
#554 = ADVANCED_FACE ( 'NONE', ( #3570 ), #3649, .F. ) ;
#555 = ADVANCED_FACE ( 'NONE', ( #3535 ), #2493, .F. ) ;
#556 = ADVANCED_FACE ( 'NONE', ( #3554 ), #2529, .F. ) ;
#557 = ADVANCED_FACE ( 'NONE', ( #3594 ), #2506, .F. ) ;
#558 = ADVANCED_FACE ( 'NONE', ( #3592 ), #3593, .F. ) ;
#559 = ADVANCED_FACE ( 'NONE', ( #3625 ), #2553, .F. ) ;
#560 = ADVANCED_FACE ( 'NONE', ( #3559 ), #2568, .F. ) ;
#561 = ADVANCED_FACE ( 'NONE', ( #3567 ), #2570, .F. ) ;
#562 = ADVANCED_FACE ( 'NONE', ( #3995 ), #2431, .F. ) ;
#563 = ADVANCED_FACE ( 'NONE', ( #4004 ), #2432, .F. ) ;
#564 = ADVANCED_FACE ( 'NONE', ( #3992 ), #3530, .F. ) ;
#565 = ADVANCED_FACE ( 'NONE', ( #4031 ), #931, .F. ) ;
#566 = ADVANCED_FACE ( 'NONE', ( #4033 ), #930, .T. ) ;
#567 = ADVANCED_FACE ( 'NONE', ( #4028 ), #947, .F. ) ;
#568 = ADVANCED_FACE ( 'NONE', ( #3674 ), #946, .T. ) ;
#569 = ADVANCED_FACE ( 'NONE', ( #4036 ), #951, .T. ) ;
#570 = ADVANCED_FACE ( 'NONE', ( #3513 ), #955, .T. ) ;
#571 = ADVANCED_FACE ( 'NONE', ( #3512 ), #959, .T. ) ;
#572 = ADVANCED_FACE ( 'NONE', ( #3514 ), #963, .F. ) ;
#573 = ADVANCED_FACE ( 'NONE', ( #3509 ), #967, .F. ) ;
#574 = PLANE ( 'NONE',  #735 ) ;
#575 = DIRECTION ( 'NONE',  ( 0.0000000000000000000, -0.0000000000000000000, 1.000000000000000000 ) ) ;
#576 = DIRECTION ( 'NONE',  ( 0.7071067811865474600, 0.0000000000000000000, -0.7071067811865474600 ) ) ;
#577 = DIRECTION ( 'NONE',  ( -0.7071067811865475700, 0.0000000000000000000, 0.7071067811865475700 ) ) ;
#578 = DIRECTION ( 'NONE',  ( 0.0000000000000000000, 0.0000000000000000000, 1.000000000000000000 ) ) ;
#579 =( NAMED_UNIT ( * ) PLANE_ANGLE_UNIT ( ) SI_UNIT ( $, .RADIAN. ) );
#580 =( NAMED_UNIT ( * ) SI_UNIT ( $, .STERADIAN. ) SOLID_ANGLE_UNIT ( ) );
#581 = SURFACE_SIDE_STYLE ('',( #2911 ) ) ;
#582 = DIRECTION ( 'NONE',  ( 0.0000000000000000000, -0.0000000000000000000, -1.000000000000000000 ) ) ;
#583 = CARTESIAN_POINT ( 'NONE',  ( 1.484999999999998300, 0.6799999999999999400, -0.7500000000000000000 ) ) ;
#584 = PLANE ( 'NONE',  #716 ) ;
#585 = DIRECTION ( 'NONE',  ( 0.0000000000000000000, -0.0000000000000000000, 1.000000000000000000 ) ) ;
#586 = DIRECTION ( 'NONE',  ( -0.7071067811865474600, 0.0000000000000000000, 0.7071067811865474600 ) ) ;
#587 = DIRECTION ( 'NONE',  ( -0.7071067811865475700, 0.0000000000000000000, -0.7071067811865475700 ) ) ;
#588 = PLANE ( 'NONE',  #739 ) ;
#589 =( NAMED_UNIT ( * ) PLANE_ANGLE_UNIT ( ) SI_UNIT ( $, .RADIAN. ) );
#590 = DIRECTION ( 'NONE',  ( 0.7071067811865450200, 0.0000000000000000000, -0.7071067811865500200 ) ) ;
#591 = CARTESIAN_POINT ( 'NONE',  ( 1.750000000000123000, 0.6640054944640595400, -1.050000000000000000 ) ) ;
#592 = FILL_AREA_STYLE ('',( #717 ) ) ;
#593 = SURFACE_STYLE_USAGE ( .BOTH. , #666 ) ;
#594 = DIRECTION ( 'NONE',  ( -1.000000000000000000, 0.0000000000000000000, -0.0000000000000000000 ) ) ;
#595 = FILL_AREA_STYLE ('',( #652 ) ) ;
#596 = DIRECTION ( 'NONE',  ( 0.0000000000000000000, -0.0000000000000000000, 1.000000000000000000 ) ) ;
#597 = DIRECTION ( 'NONE',  ( 0.0000000000000000000, -1.000000000000000000, 0.0000000000000000000 ) ) ;
#598 = CARTESIAN_POINT ( 'NONE',  ( 1.750000000000123000, 0.0000000000000000000, -1.399999999999999900 ) ) ;
#599 = CARTESIAN_POINT ( 'NONE',  ( -1.649999999999999900, 0.2999999999999999900, 1.399999999999999900 ) ) ;
#600 = FILL_AREA_STYLE ('',( #611 ) ) ;
#601 = PLANE ( 'NONE',  #722 ) ;
#602 = DIRECTION ( 'NONE',  ( 0.0000000000000000000, -1.000000000000000000, 0.0000000000000000000 ) ) ;
#603 = DIRECTION ( 'NONE',  ( 0.0000000000000000000, -0.0000000000000000000, 1.000000000000000000 ) ) ;
#604 = DIRECTION ( 'NONE',  ( -0.0000000000000000000, 0.0000000000000000000, 1.000000000000000000 ) ) ;
#605 = DIRECTION ( 'NONE',  ( 0.0000000000000000000, 0.0000000000000000000, 1.000000000000000000 ) ) ;
#606 =( LENGTH_UNIT ( ) NAMED_UNIT ( * ) SI_UNIT ( .MILLI., .METRE. ) );
#607 = DIRECTION ( 'NONE',  ( -0.7071067811865500200, 0.0000000000000000000, -0.7071067811865450200 ) ) ;
#608 =( LENGTH_UNIT ( ) NAMED_UNIT ( * ) SI_UNIT ( .MILLI., .METRE. ) );
#609 = SURFACE_STYLE_USAGE ( .BOTH. , #616 ) ;
#610 = PLANE ( 'NONE',  #720 ) ;
#611 = FILL_AREA_STYLE_COLOUR ( '', #2950 ) ;
#612 = DIRECTION ( 'NONE',  ( -1.000000000000000000, 0.0000000000000000000, 0.0000000000000000000 ) ) ;
#613 = DIRECTION ( 'NONE',  ( 1.000000000000000000, 0.0000000000000000000, -0.0000000000000000000 ) ) ;
#614 = PLANE ( 'NONE',  #734 ) ;
#615 =( NAMED_UNIT ( * ) SI_UNIT ( $, .STERADIAN. ) SOLID_ANGLE_UNIT ( ) );
#616 = SURFACE_SIDE_STYLE ('',( #2679 ) ) ;
#617 = CARTESIAN_POINT ( 'NONE',  ( -1.650000000000005900, 0.2999999999999999900, -1.050000000000000000 ) ) ;
#618 =( LENGTH_UNIT ( ) NAMED_UNIT ( * ) SI_UNIT ( .MILLI., .METRE. ) );
#619 = CARTESIAN_POINT ( 'NONE',  ( 1.750000000000123000, 0.6640054944640595400, -1.050000000000000000 ) ) ;
#620 = PLANE ( 'NONE',  #721 ) ;
#621 = PLANE ( 'NONE',  #719 ) ;
#622 = SURFACE_STYLE_USAGE ( .BOTH. , #581 ) ;
#623 = PLANE ( 'NONE',  #729 ) ;
#624 = DIRECTION ( 'NONE',  ( 0.0000000000000000000, -0.0000000000000000000, -1.000000000000000000 ) ) ;
#625 = CARTESIAN_POINT ( 'NONE',  ( -1.485000000000000100, 0.6799999999999999400, -0.7500000000000000000 ) ) ;
#626 =( NAMED_UNIT ( * ) SI_UNIT ( $, .STERADIAN. ) SOLID_ANGLE_UNIT ( ) );
#627 = PLANE ( 'NONE',  #733 ) ;
#628 = PLANE ( 'NONE',  #723 ) ;
#629 = DIRECTION ( 'NONE',  ( 0.0000000000000000000, 1.000000000000000000, 0.0000000000000000000 ) ) ;
#630 = CARTESIAN_POINT ( 'NONE',  ( -0.9849999999999999900, 0.6999999999999999600, -1.250000000000000000 ) ) ;
#631 = CARTESIAN_POINT ( 'NONE',  ( 1.649999999999999900, 0.6640054944640595400, -1.050000000000000000 ) ) ;
#632 = PLANE ( 'NONE',  #718 ) ;
#633 = DIRECTION ( 'NONE',  ( 0.0000000000000000000, 0.0000000000000000000, -1.000000000000000000 ) ) ;
#634 = CARTESIAN_POINT ( 'NONE',  ( 0.9849999999999947700, 0.6999999999999999600, -1.250000000000000000 ) ) ;
#635 = PLANE ( 'NONE',  #715 ) ;
#636 = DIRECTION ( 'NONE',  ( 0.0000000000000000000, 1.000000000000000000, 0.0000000000000000000 ) ) ;
#637 = CARTESIAN_POINT ( 'NONE',  ( 1.484999999999998300, 0.6799999999999999400, -0.7500000000000000000 ) ) ;
#638 = CARTESIAN_POINT ( 'NONE',  ( -1.485000000000000100, 0.6799999999999999400, -0.7500000000000000000 ) ) ;
#639 = PLANE ( 'NONE',  #732 ) ;
#640 = DIRECTION ( 'NONE',  ( 0.0000000000000000000, 0.0000000000000000000, -1.000000000000000000 ) ) ;
#641 = DIRECTION ( 'NONE',  ( -0.0000000000000000000, 0.0000000000000000000, 1.000000000000000000 ) ) ;
#642 = DIRECTION ( 'NONE',  ( 1.000000000000000000, 0.0000000000000000000, 0.0000000000000000000 ) ) ;
#643 = PLANE ( 'NONE',  #738 ) ;
#644 = DIRECTION ( 'NONE',  ( 1.000000000000000000, 0.0000000000000000000, -0.0000000000000000000 ) ) ;
#645 = CARTESIAN_POINT ( 'NONE',  ( -1.485000000000000100, 0.6799999999999999400, 0.7500000000000000000 ) ) ;
#646 = DIRECTION ( 'NONE',  ( -1.000000000000000000, 0.0000000000000000000, 0.0000000000000000000 ) ) ;
#647 = DIRECTION ( 'NONE',  ( -0.0000000000000000000, 0.0000000000000000000, -1.000000000000000000 ) ) ;
#648 = CARTESIAN_POINT ( 'NONE',  ( -0.9849999999999999900, 0.6799999999999999400, 1.250000000000000000 ) ) ;
#649 = CARTESIAN_POINT ( 'NONE',  ( 1.484999999999998300, 0.6799999999999999400, 0.7500000000000000000 ) ) ;
#650 = PLANE ( 'NONE',  #736 ) ;
#651 = DIRECTION ( 'NONE',  ( 0.7071067811865500200, 0.0000000000000000000, -0.7071067811865450200 ) ) ;
#652 = FILL_AREA_STYLE_COLOUR ( '', #2928 ) ;
#653 = DIRECTION ( 'NONE',  ( 0.7071067811865450200, 0.0000000000000000000, 0.7071067811865500200 ) ) ;
#654 = DIRECTION ( 'NONE',  ( 0.0000000000000000000, 1.000000000000000000, 0.0000000000000000000 ) ) ;
#655 = PLANE ( 'NONE',  #740 ) ;
#656 = CARTESIAN_POINT ( 'NONE',  ( -5.854691731421723900E-015, 0.6799999999999999400, -2.234999999999994100 ) ) ;
#657 = DIRECTION ( 'NONE',  ( 0.7071067811865474600, 0.0000000000000000000, 0.7071067811865474600 ) ) ;
#658 = DIRECTION ( 'NONE',  ( 1.000000000000000000, 0.0000000000000000000, 0.0000000000000000000 ) ) ;
#659 = PLANE ( 'NONE',  #737 ) ;
#660 = CARTESIAN_POINT ( 'NONE',  ( 1.650000000000000400, 0.5000000000000000000, 1.399999999999999900 ) ) ;
#661 = DIRECTION ( 'NONE',  ( 1.000000000000000000, 0.0000000000000000000, 0.0000000000000000000 ) ) ;
#662 = DIRECTION ( 'NONE',  ( 0.7071067811865475700, -0.0000000000000000000, 0.7071067811865475700 ) ) ;
#663 = CARTESIAN_POINT ( 'NONE',  ( -1.485000000000000100, 0.6999999999999999600, -0.7500000000000000000 ) ) ;
#664 = DIRECTION ( 'NONE',  ( -0.0000000000000000000, 0.0000000000000000000, -1.000000000000000000 ) ) ;
#665 = PLANE ( 'NONE',  #726 ) ;
#666 = SURFACE_SIDE_STYLE ('',( #435 ) ) ;
#667 = DIRECTION ( 'NONE',  ( 0.0000000000000000000, -0.0000000000000000000, -1.000000000000000000 ) ) ;
#668 = DIRECTION ( 'NONE',  ( 1.000000000000000000, 0.0000000000000000000, -0.0000000000000000000 ) ) ;
#669 = CARTESIAN_POINT ( 'NONE',  ( 1.750000000000123000, 0.6640054944640595400, -1.399999999999999900 ) ) ;
#670 = DIRECTION ( 'NONE',  ( 0.0000000000000000000, -1.000000000000000000, 0.0000000000000000000 ) ) ;
#671 = EDGE_CURVE ( 'NONE', #3289, #3285, #4032, .T. ) ;
#672 = EDGE_CURVE ( 'NONE', #3338, #3286, #3676, .T. ) ;
#673 = EDGE_CURVE ( 'NONE', #3213, #3327, #3507, .T. ) ;
#674 = EDGE_CURVE ( 'NONE', #3245, #3328, #4030, .T. ) ;
#675 = EDGE_CURVE ( 'NONE', #3358, #3414, #1546, .T. ) ;
#676 = EDGE_CURVE ( 'NONE', #3313, #3322, #1545, .T. ) ;
#677 = EDGE_CURVE ( 'NONE', #3287, #3252, #3652, .T. ) ;
#678 = EDGE_CURVE ( 'NONE', #3327, #3284, #2933, .T. ) ;
#679 = EDGE_CURVE ( 'NONE', #3204, #3251, #3994, .T. ) ;
#680 = EDGE_CURVE ( 'NONE', #3206, #3329, #1554, .T. ) ;
#681 = EDGE_CURVE ( 'NONE', #3335, #3223, #1556, .T. ) ;
#682 = EDGE_CURVE ( 'NONE', #3298, #3258, #1558, .T. ) ;
#683 = EDGE_CURVE ( 'NONE', #3203, #3254, #1549, .T. ) ;
#684 = EDGE_CURVE ( 'NONE', #3213, #3404, #1551, .T. ) ;
#685 = EDGE_CURVE ( 'NONE', #3238, #3288, #1564, .T. ) ;
#686 = EDGE_CURVE ( 'NONE', #3420, #3415, #1553, .T. ) ;
#687 = EDGE_CURVE ( 'NONE', #3227, #3277, #1561, .T. ) ;
#688 = EDGE_CURVE ( 'NONE', #3212, #3300, #1563, .T. ) ;
#689 = EDGE_CURVE ( 'NONE', #3309, #3231, #1567, .T. ) ;
#690 = EDGE_CURVE ( 'NONE', #3201, #3283, #1574, .T. ) ;
#691 = EDGE_CURVE ( 'NONE', #3404, #3406, #1569, .T. ) ;
#692 = EDGE_CURVE ( 'NONE', #3397, #3398, #1571, .T. ) ;
#693 = EDGE_CURVE ( 'NONE', #3238, #3234, #1573, .T. ) ;
#694 = EDGE_CURVE ( 'NONE', #3228, #3249, #1582, .T. ) ;
#695 = EDGE_CURVE ( 'NONE', #3406, #3212, #1577, .T. ) ;
#696 = EDGE_CURVE ( 'NONE', #3298, #3214, #1586, .T. ) ;
#697 = EDGE_CURVE ( 'NONE', #3258, #3209, #1588, .T. ) ;
#698 = MECHANICAL_DESIGN_GEOMETRIC_PRESENTATION_REPRESENTATION (  '', ( #2777 ), #2986 ) ;
#699 = PRESENTATION_LAYER_ASSIGNMENT (  '', '', ( #2777 ) ) ;
#700 = MECHANICAL_DESIGN_GEOMETRIC_PRESENTATION_REPRESENTATION (  '', ( #2783 ), #2944 ) ;
#701 = PRESENTATION_LAYER_ASSIGNMENT (  '', '', ( #2783 ) ) ;
#702 = AXIS2_PLACEMENT_3D ( 'NONE', #3394, #3393, #3392 ) ;
#703 = AXIS2_PLACEMENT_3D ( 'NONE', #3391, #3386, #3387 ) ;
#704 = AXIS2_PLACEMENT_3D ( 'NONE', #3389, #3385, #3381 ) ;
#705 = AXIS2_PLACEMENT_3D ( 'NONE', #3388, #3379, #3380 ) ;
#706 = AXIS2_PLACEMENT_3D ( 'NONE', #3382, #3374, #3375 ) ;
#707 = AXIS2_PLACEMENT_3D ( 'NONE', #3377, #3373, #3369 ) ;
#708 = AXIS2_PLACEMENT_3D ( 'NONE', #3376, #3367, #3368 ) ;
#709 = AXIS2_PLACEMENT_3D ( 'NONE', #3370, #3362, #3363 ) ;
#710 = AXIS2_PLACEMENT_3D ( 'NONE', #3365, #3361, #3354 ) ;
#711 = AXIS2_PLACEMENT_3D ( 'NONE', #3364, #3352, #3353 ) ;
#712 = AXIS2_PLACEMENT_3D ( 'NONE', #3355, #597, #582 ) ;
#713 = AXIS2_PLACEMENT_3D ( 'NONE', #3350, #670, #667 ) ;
#714 = AXIS2_PLACEMENT_3D ( 'NONE', #591, #661, #633 ) ;
#715 = AXIS2_PLACEMENT_3D ( 'NONE', #669, #664, #612 ) ;
#716 = AXIS2_PLACEMENT_3D ( 'NONE', #631, #594, #604 ) ;
#717 = FILL_AREA_STYLE_COLOUR ( '', #2847 ) ;
#718 = AXIS2_PLACEMENT_3D ( 'NONE', #619, #605, #613 ) ;
#719 = AXIS2_PLACEMENT_3D ( 'NONE', #598, #629, #596 ) ;
#720 = AXIS2_PLACEMENT_3D ( 'NONE', #617, #602, #624 ) ;
#721 = AXIS2_PLACEMENT_3D ( 'NONE', #583, #590, #607 ) ;
#722 = AXIS2_PLACEMENT_3D ( 'NONE', #599, #636, #585 ) ;
#723 = AXIS2_PLACEMENT_3D ( 'NONE', #625, #587, #586 ) ;
#724 = MECHANICAL_DESIGN_GEOMETRIC_PRESENTATION_REPRESENTATION (  '', ( #2734 ), #2906 ) ;
#725 = PRESENTATION_LAYER_ASSIGNMENT (  '', '', ( #2734 ) ) ;
#726 = AXIS2_PLACEMENT_3D ( 'NONE', #634, #603, #668 ) ;
#727 = MECHANICAL_DESIGN_GEOMETRIC_PRESENTATION_REPRESENTATION (  '', ( #2652 ), #2886 ) ;
#728 = PRESENTATION_LAYER_ASSIGNMENT (  '', '', ( #2652 ) ) ;
#729 = AXIS2_PLACEMENT_3D ( 'NONE', #663, #642, #640 ) ;
#730 = PRESENTATION_LAYER_ASSIGNMENT (  '', '', ( #2787 ) ) ;
#731 = MECHANICAL_DESIGN_GEOMETRIC_PRESENTATION_REPRESENTATION (  '', ( #2787 ), #2927 ) ;
#732 = AXIS2_PLACEMENT_3D ( 'NONE', #630, #662, #576 ) ;
#733 = AXIS2_PLACEMENT_3D ( 'NONE', #637, #644, #647 ) ;
#734 = AXIS2_PLACEMENT_3D ( 'NONE', #649, #653, #651 ) ;
#735 = AXIS2_PLACEMENT_3D ( 'NONE', #648, #641, #658 ) ;
#736 = AXIS2_PLACEMENT_3D ( 'NONE', #645, #577, #657 ) ;
#737 = AXIS2_PLACEMENT_3D ( 'NONE', #638, #646, #578 ) ;
#738 = AXIS2_PLACEMENT_3D ( 'NONE', #656, #654, #575 ) ;
#739 = AXIS2_PLACEMENT_3D ( 'NONE', #660, #59, #3451 ) ;
#740 = AXIS2_PLACEMENT_3D ( 'NONE', #3528, #3506, #3981 ) ;
#741 = AXIS2_PLACEMENT_3D ( 'NONE', #3987, #3990, #3989 ) ;
#742 = MECHANICAL_DESIGN_GEOMETRIC_PRESENTATION_REPRESENTATION (  '', ( #2643 ), #2934 ) ;
#743 = PRESENTATION_LAYER_ASSIGNMENT (  '', '', ( #2643 ) ) ;
#744 = AXIS2_PLACEMENT_3D ( 'NONE', #3761, #3772, #3776 ) ;
#745 = MECHANICAL_DESIGN_GEOMETRIC_PRESENTATION_REPRESENTATION (  '', ( #2827 ), #2745 ) ;
#746 = PRESENTATION_LAYER_ASSIGNMENT (  '', '', ( #2827 ) ) ;
#747 = AXIS2_PLACEMENT_3D ( 'NONE', #3988, #3806, #3807 ) ;
#748 = MECHANICAL_DESIGN_GEOMETRIC_PRESENTATION_REPRESENTATION (  '', ( #2802 ), #2875 ) ;
#749 = PRESENTATION_LAYER_ASSIGNMENT (  '', '', ( #2802 ) ) ;
#750 = AXIS2_PLACEMENT_3D ( 'NONE', #3816, #3843, #3844 ) ;
#751 = MECHANICAL_DESIGN_GEOMETRIC_PRESENTATION_REPRESENTATION (  '', ( #2882 ), #2825 ) ;
#752 = PRESENTATION_LAYER_ASSIGNMENT (  '', '', ( #2882 ) ) ;
#753 = AXIS2_PLACEMENT_3D ( 'NONE', #3808, #3873, #3874 ) ;
#754 = MECHANICAL_DESIGN_GEOMETRIC_PRESENTATION_REPRESENTATION (  '', ( #3606 ), #3540 ) ;
#755 = PRESENTATION_LAYER_ASSIGNMENT (  '', '', ( #3606 ) ) ;
#756 = AXIS2_PLACEMENT_3D ( 'NONE', #3845, #3912, #3913 ) ;
#757 = AXIS2_PLACEMENT_3D ( 'NONE', #3883, #3925, #3926 ) ;
#758 = AXIS2_PLACEMENT_3D ( 'NONE', #3914, #3938, #3939 ) ;
#759 = AXIS2_PLACEMENT_3D ( 'NONE', #3927, #3951, #3952 ) ;
#760 = MECHANICAL_DESIGN_GEOMETRIC_PRESENTATION_REPRESENTATION (  '', ( #2803 ), #2857 ) ;
#761 = PRESENTATION_LAYER_ASSIGNMENT (  '', '', ( #2803 ) ) ;
#762 = AXIS2_PLACEMENT_3D ( 'NONE', #3940, #3980, #3754 ) ;
#763 = MECHANICAL_DESIGN_GEOMETRIC_PRESENTATION_REPRESENTATION (  '', ( #2952 ), #2727 ) ;
#764 = PRESENTATION_LAYER_ASSIGNMENT (  '', '', ( #2952 ) ) ;
#765 = AXIS2_PLACEMENT_3D ( 'NONE', #3953, #3789, #3790 ) ;
#766 = MECHANICAL_DESIGN_GEOMETRIC_PRESENTATION_REPRESENTATION (  '', ( #2729 ), #2759 ) ;
#767 = PRESENTATION_LAYER_ASSIGNMENT (  '', '', ( #2729 ) ) ;
#768 = AXIS2_PLACEMENT_3D ( 'NONE', #3760, #3833, #3834 ) ;
#769 = MECHANICAL_DESIGN_GEOMETRIC_PRESENTATION_REPRESENTATION (  '', ( #2644 ), #2834 ) ;
#770 = PRESENTATION_LAYER_ASSIGNMENT (  '', '', ( #2644 ) ) ;
#771 = AXIS2_PLACEMENT_3D ( 'NONE', #3787, #3825, #3826 ) ;
#772 = MECHANICAL_DESIGN_GEOMETRIC_PRESENTATION_REPRESENTATION (  '', ( #2713 ), #2779 ) ;
#773 = PRESENTATION_LAYER_ASSIGNMENT (  '', '', ( #2713 ) ) ;
#774 = AXIS2_PLACEMENT_3D ( 'NONE', #3835, #3917, #3918 ) ;
#775 = AXIS2_PLACEMENT_3D ( 'NONE', #3955, #3901, #3902 ) ;
#776 = AXIS2_PLACEMENT_3D ( 'NONE', #3919, #3888, #3889 ) ;
#777 = AXIS2_PLACEMENT_3D ( 'NONE', #3920, #3778, #3765 ) ;
#778 = AXIS2_PLACEMENT_3D ( 'NONE', #3904, #3775, #3768 ) ;
#779 = PRESENTATION_LAYER_ASSIGNMENT (  '', '', ( #3550 ) ) ;
#780 =( NAMED_UNIT ( * ) PLANE_ANGLE_UNIT ( ) SI_UNIT ( $, .RADIAN. ) );
#781 = PRESENTATION_LAYER_ASSIGNMENT (  '', '', ( #3532 ) ) ;
#782 = AXIS2_PLACEMENT_3D ( 'NONE', #3764, #3971, #3972 ) ;
#783 = AXIS2_PLACEMENT_3D ( 'NONE', #3769, #3960, #3961 ) ;
#784 = MECHANICAL_DESIGN_GEOMETRIC_PRESENTATION_REPRESENTATION (  '', ( #3571 ), #3622 ) ;
#785 = PRESENTATION_LAYER_ASSIGNMENT (  '', '', ( #3571 ) ) ;
#786 = AXIS2_PLACEMENT_3D ( 'NONE', #3973, #3923, #3905 ) ;
#787 = MECHANICAL_DESIGN_GEOMETRIC_PRESENTATION_REPRESENTATION (  '', ( #3664 ), #3647 ) ;
#788 = PRESENTATION_LAYER_ASSIGNMENT (  '', '', ( #3664 ) ) ;
#789 = AXIS2_PLACEMENT_3D ( 'NONE', #3962, #3879, #3880 ) ;
#790 = MECHANICAL_DESIGN_GEOMETRIC_PRESENTATION_REPRESENTATION (  '', ( #3590 ), #3671 ) ;
#791 = PRESENTATION_LAYER_ASSIGNMENT (  '', '', ( #3590 ) ) ;
#792 = AXIS2_PLACEMENT_3D ( 'NONE', #3906, #3838, #3839 ) ;
#793 = MECHANICAL_DESIGN_GEOMETRIC_PRESENTATION_REPRESENTATION (  '', ( #3655 ), #3634 ) ;
#794 = PRESENTATION_LAYER_ASSIGNMENT (  '', '', ( #3655 ) ) ;
#795 = AXIS2_PLACEMENT_3D ( 'NONE', #3881, #3801, #3794 ) ;
#796 = MECHANICAL_DESIGN_GEOMETRIC_PRESENTATION_REPRESENTATION (  '', ( #3612 ), #3568 ) ;
#797 = PRESENTATION_LAYER_ASSIGNMENT (  '', '', ( #3612 ) ) ;
#798 = AXIS2_PLACEMENT_3D ( 'NONE', #3840, #3786, #3797 ) ;
#799 = PRESENTATION_LAYER_ASSIGNMENT (  '', '', ( #3618 ) ) ;
#800 = MECHANICAL_DESIGN_GEOMETRIC_PRESENTATION_REPRESENTATION (  '', ( #3532 ), #3596 ) ;
#801 = AXIS2_PLACEMENT_3D ( 'NONE', #3791, #3871, #3829 ) ;
#802 = AXIS2_PLACEMENT_3D ( 'NONE', #3924, #3977, #3058 ) ;
#803 = AXIS2_PLACEMENT_3D ( 'NONE', #3976, #3059, #3040 ) ;
#804 = AXIS2_PLACEMENT_3D ( 'NONE', #3029, #3038, #3056 ) ;
#805 = AXIS2_PLACEMENT_3D ( 'NONE', #3032, #3042, #3057 ) ;
#806 = AXIS2_PLACEMENT_3D ( 'NONE', #3055, #3046, #3045 ) ;
#807 = AXIS2_PLACEMENT_3D ( 'NONE', #3033, #3047, #3048 ) ;
#808 = AXIS2_PLACEMENT_3D ( 'NONE', #3027, #3031, #3026 ) ;
#809 = AXIS2_PLACEMENT_3D ( 'NONE', #3049, #3034, #3044 ) ;
#810 = AXIS2_PLACEMENT_3D ( 'NONE', #3037, #3054, #3053 ) ;
#811 = AXIS2_PLACEMENT_3D ( 'NONE', #3028, #3450, #3529 ) ;
#812 = AXIS2_PLACEMENT_3D ( 'NONE', #3039, #2515, #2472 ) ;
#813 = AXIS2_PLACEMENT_3D ( 'NONE', #2485, #2466, #2517 ) ;
#814 = AXIS2_PLACEMENT_3D ( 'NONE', #2520, #2542, #2512 ) ;
#815 = AXIS2_PLACEMENT_3D ( 'NONE', #2523, #2486, #2519 ) ;
#816 = AXIS2_PLACEMENT_3D ( 'NONE', #2458, #2575, #2544 ) ;
#817 = AXIS2_PLACEMENT_3D ( 'NONE', #2533, #2470, #2453 ) ;
#818 = AXIS2_PLACEMENT_3D ( 'NONE', #2545, #2462, #2530 ) ;
#819 = AXIS2_PLACEMENT_3D ( 'NONE', #2471, #2461, #2476 ) ;
#820 = AXIS2_PLACEMENT_3D ( 'NONE', #2514, #2501, #2534 ) ;
#821 = AXIS2_PLACEMENT_3D ( 'NONE', #2442, #2443, #2574 ) ;
#822 = AXIS2_PLACEMENT_3D ( 'NONE', #2488, #2543, #2518 ) ;
#823 = AXIS2_PLACEMENT_3D ( 'NONE', #2460, #2540, #2576 ) ;
#824 = AXIS2_PLACEMENT_3D ( 'NONE', #2516, #2522, #2474 ) ;
#825 = AXIS2_PLACEMENT_3D ( 'NONE', #2440, #2484, #2475 ) ;
#826 = AXIS2_PLACEMENT_3D ( 'NONE', #2503, #2535, #2546 ) ;
#827 = AXIS2_PLACEMENT_3D ( 'NONE', #2467, #2473, #2464 ) ;
#828 = MECHANICAL_DESIGN_GEOMETRIC_PRESENTATION_REPRESENTATION (  '', ( #3621 ), #3632 ) ;
#829 = PRESENTATION_LAYER_ASSIGNMENT (  '', '', ( #3621 ) ) ;
#830 = AXIS2_PLACEMENT_3D ( 'NONE', #2548, #2558, #2559 ) ;
#831 = MECHANICAL_DESIGN_GEOMETRIC_PRESENTATION_REPRESENTATION (  '', ( #3546 ), #3576 ) ;
#832 = PRESENTATION_LAYER_ASSIGNMENT (  '', '', ( #3546 ) ) ;
#833 = AXIS2_PLACEMENT_3D ( 'NONE', #2563, #2580, #2579 ) ;
#834 = MECHANICAL_DESIGN_GEOMETRIC_PRESENTATION_REPRESENTATION (  '', ( #3624 ), #3613 ) ;
#835 = PRESENTATION_LAYER_ASSIGNMENT (  '', '', ( #3624 ) ) ;
#836 = AXIS2_PLACEMENT_3D ( 'NONE', #2463, #2588, #2591 ) ;
#837 = MECHANICAL_DESIGN_GEOMETRIC_PRESENTATION_REPRESENTATION (  '', ( #3615 ), #3628 ) ;
#838 = PRESENTATION_LAYER_ASSIGNMENT (  '', '', ( #3615 ) ) ;
#839 = AXIS2_PLACEMENT_3D ( 'NONE', #2582, #2602, #2601 ) ;
#840 = MECHANICAL_DESIGN_GEOMETRIC_PRESENTATION_REPRESENTATION (  '', ( #3618 ), #3637 ) ;
#841 = MECHANICAL_DESIGN_GEOMETRIC_PRESENTATION_REPRESENTATION (  '', ( #3550 ), #4000 ) ;
#842 = AXIS2_PLACEMENT_3D ( 'NONE', #2590, #2617, #2612 ) ;
#843 = AXIS2_PLACEMENT_3D ( 'NONE', #2613, #2616, #2619 ) ;
#844 = AXIS2_PLACEMENT_3D ( 'NONE', #2622, #2609, #2615 ) ;
#845 = AXIS2_PLACEMENT_3D ( 'NONE', #2621, #2624, #2623 ) ;
#846 = AXIS2_PLACEMENT_3D ( 'NONE', #2618, #2627, #2552 ) ;
#847 = AXIS2_PLACEMENT_3D ( 'NONE', #2551, #2525, #2444 ) ;
#848 = MECHANICAL_DESIGN_GEOMETRIC_PRESENTATION_REPRESENTATION (  '', ( #4025 ), #3675 ) ;
#849 = PRESENTATION_LAYER_ASSIGNMENT (  '', '', ( #4025 ) ) ;
#850 = AXIS2_PLACEMENT_3D ( 'NONE', #2550, #2507, #2456 ) ;
#851 = AXIS2_PLACEMENT_3D ( 'NONE', #2459, #2505, #2538 ) ;
#852 = AXIS2_PLACEMENT_3D ( 'NONE', #2532, #2537, #2492 ) ;
#853 = AXIS2_PLACEMENT_3D ( 'NONE', #2479, #2541, #2526 ) ;
#854 = AXIS2_PLACEMENT_3D ( 'NONE', #2489, #2483, #2495 ) ;
#855 = AXIS2_PLACEMENT_3D ( 'NONE', #2502, #2496, #2572 ) ;
#856 = AXIS2_PLACEMENT_3D ( 'NONE', #2573, #2569, #2451 ) ;
#857 = AXIS2_PLACEMENT_3D ( 'NONE', #2504, #2478, #2571 ) ;
#858 = AXIS2_PLACEMENT_3D ( 'NONE', #2509, #2557, #2554 ) ;
#859 = MECHANICAL_DESIGN_GEOMETRIC_PRESENTATION_REPRESENTATION (  '', ( #4002 ), #4005 ) ;
#860 = PRESENTATION_LAYER_ASSIGNMENT (  '', '', ( #4002 ) ) ;
#861 = AXIS2_PLACEMENT_3D ( 'NONE', #2450, #2497, #2564 ) ;
#862 = MECHANICAL_DESIGN_GEOMETRIC_PRESENTATION_REPRESENTATION (  '', ( #3991 ), #4006 ) ;
#863 = PRESENTATION_LAYER_ASSIGNMENT (  '', '', ( #3991 ) ) ;
#864 = AXIS2_PLACEMENT_3D ( 'NONE', #2555, #2433, #2430 ) ;
#865 = MECHANICAL_DESIGN_GEOMETRIC_PRESENTATION_REPRESENTATION (  '', ( #3996 ), #4034 ) ;
#866 = PRESENTATION_LAYER_ASSIGNMENT (  '', '', ( #3996 ) ) ;
#867 = AXIS2_PLACEMENT_3D ( 'NONE', #2435, #2428, #2634 ) ;
#868 = MECHANICAL_DESIGN_GEOMETRIC_PRESENTATION_REPRESENTATION (  '', ( #4029 ), #4027 ) ;
#869 = PRESENTATION_LAYER_ASSIGNMENT (  '', '', ( #4029 ) ) ;
#870 = AXIS2_PLACEMENT_3D ( 'NONE', #2427, #2425, #921 ) ;
#871 = AXIS2_PLACEMENT_3D ( 'NONE', #1045, #1051, #1052 ) ;
#872 = AXIS2_PLACEMENT_3D ( 'NONE', #1086, #1087, #1088 ) ;
#873 = AXIS2_PLACEMENT_3D ( 'NONE', #932, #933, #934 ) ;
#874 = AXIS2_PLACEMENT_3D ( 'NONE', #922, #936, #937 ) ;
#875 = AXIS2_PLACEMENT_3D ( 'NONE', #1048, #1054, #1055 ) ;
#876 = AXIS2_PLACEMENT_3D ( 'NONE', #984, #985, #986 ) ;
#877 = AXIS2_PLACEMENT_3D ( 'NONE', #935, #948, #949 ) ;
#878 = AXIS2_PLACEMENT_3D ( 'NONE', #938, #952, #953 ) ;
#879 = AXIS2_PLACEMENT_3D ( 'NONE', #950, #956, #957 ) ;
#880 = AXIS2_PLACEMENT_3D ( 'NONE', #954, #960, #961 ) ;
#881 = AXIS2_PLACEMENT_3D ( 'NONE', #958, #964, #965 ) ;
#882 = AXIS2_PLACEMENT_3D ( 'NONE', #962, #968, #969 ) ;
#883 = AXIS2_PLACEMENT_3D ( 'NONE', #966, #971, #972 ) ;
#884 = AXIS2_PLACEMENT_3D ( 'NONE', #970, #973, #974 ) ;
#885 = AXIS2_PLACEMENT_3D ( 'NONE', #1050, #1056, #1057 ) ;
#886 = AXIS2_PLACEMENT_3D ( 'NONE', #1242, #1246, #1247 ) ;
#887 = AXIS2_PLACEMENT_3D ( 'NONE', #1125, #1129, #1130 ) ;
#888 = AXIS2_PLACEMENT_3D ( 'NONE', #1094, #1096, #1097 ) ;
#889 = AXIS2_PLACEMENT_3D ( 'NONE', #1170, #1174, #1175 ) ;
#890 = AXIS2_PLACEMENT_3D ( 'NONE', #1231, #1233, #1234 ) ;
#891 = AXIS2_PLACEMENT_3D ( 'NONE', #2279, #2291, #2292 ) ;
#892 = PRESENTATION_LAYER_ASSIGNMENT (  '', '', ( #1790 ) ) ;
#893 = MECHANICAL_DESIGN_GEOMETRIC_PRESENTATION_REPRESENTATION (  '', ( #2099 ), #2100 ) ;
#894 = MECHANICAL_DESIGN_GEOMETRIC_PRESENTATION_REPRESENTATION (  '', ( #1790 ), #1791 ) ;
#895 = AXIS2_PLACEMENT_3D ( 'NONE', #2179, #2181, #2182 ) ;
#896 = PRESENTATION_LAYER_ASSIGNMENT (  '', '', ( #2109 ) ) ;
#897 = AXIS2_PLACEMENT_3D ( 'NONE', #2250, #2254, #2255 ) ;
#898 = AXIS2_PLACEMENT_3D ( 'NONE', #2295, #2321, #2322 ) ;
#899 = AXIS2_PLACEMENT_3D ( 'NONE', #2298, #2301, #2302 ) ;
#900 = AXIS2_PLACEMENT_3D ( 'NONE', #2174, #2177, #2178 ) ;
#901 = PRESENTATION_LAYER_ASSIGNMENT (  '', '', ( #2099 ) ) ;
#902 = PRESENTATION_LAYER_ASSIGNMENT (  '', '', ( #2104 ) ) ;
#903 = MECHANICAL_DESIGN_GEOMETRIC_PRESENTATION_REPRESENTATION (  '', ( #2104 ), #2105 ) ;
#904 = MECHANICAL_DESIGN_GEOMETRIC_PRESENTATION_REPRESENTATION (  '', ( #2109 ), #2110 ) ;
#905 = PRESENTATION_LAYER_ASSIGNMENT (  '', '', ( #2114 ) ) ;
#906 = MECHANICAL_DESIGN_GEOMETRIC_PRESENTATION_REPRESENTATION (  '', ( #2114 ), #2115 ) ;
#907 = PRESENTATION_LAYER_ASSIGNMENT (  '', '', ( #2119 ) ) ;
#908 = MECHANICAL_DESIGN_GEOMETRIC_PRESENTATION_REPRESENTATION (  '', ( #2119 ), #2120 ) ;
#909 = PRESENTATION_LAYER_ASSIGNMENT (  '', '', ( #2123 ) ) ;
#910 = MECHANICAL_DESIGN_GEOMETRIC_PRESENTATION_REPRESENTATION (  '', ( #2123 ), #2124 ) ;
#911 = PRESENTATION_LAYER_ASSIGNMENT (  '', '', ( #2127 ) ) ;
#912 = MECHANICAL_DESIGN_GEOMETRIC_PRESENTATION_REPRESENTATION (  '', ( #2127 ), #3438 ) ;
#913 = PRESENTATION_LAYER_ASSIGNMENT (  '', '', ( #3441 ) ) ;
#914 = MECHANICAL_DESIGN_GEOMETRIC_PRESENTATION_REPRESENTATION (  '', ( #3441 ), #3442 ) ;
#915 = PRESENTATION_LAYER_ASSIGNMENT (  '', '', ( #3447 ) ) ;
#916 = MECHANICAL_DESIGN_GEOMETRIC_PRESENTATION_REPRESENTATION (  '', ( #3447 ), #3448 ) ;
#917 = AXIS2_PLACEMENT_3D ( 'NONE', #2408, #2409, #2410 ) ;
#918 = PRODUCT_DEFINITION ( 'UNKNOWN', '', #919, #63 ) ;
#919 = PRODUCT_DEFINITION_FORMATION_WITH_SPECIFIED_SOURCE ( 'ANY', '', #3510, .NOT_KNOWN. ) ;
#920 = PRODUCT_RELATED_PRODUCT_CATEGORY ( 'part', '', ( #3510 ) ) ;
#921 = DIRECTION ( 'NONE',  ( 1.000000000000000000, 0.0000000000000000000, -4.336808689931418600E-015 ) ) ;
#922 = CARTESIAN_POINT ( 'NONE',  ( 1.380000000000122900, 0.0000000000000000000, 1.049999999996112000 ) ) ;
#923 = FILL_AREA_STYLE_COLOUR ( '', #4024 ) ;
#924 = FILL_AREA_STYLE ('',( #923 ) ) ;
#925 = SURFACE_SIDE_STYLE ('',( #4003 ) ) ;
#926 = SURFACE_STYLE_USAGE ( .BOTH. , #925 ) ;
#927 =( LENGTH_UNIT ( ) NAMED_UNIT ( * ) SI_UNIT ( .MILLI., .METRE. ) );
#928 =( NAMED_UNIT ( * ) PLANE_ANGLE_UNIT ( ) SI_UNIT ( $, .RADIAN. ) );
#929 =( NAMED_UNIT ( * ) SI_UNIT ( $, .STERADIAN. ) SOLID_ANGLE_UNIT ( ) );
#930 = PLANE ( 'NONE',  #877 ) ;
#931 = PLANE ( 'NONE',  #874 ) ;
#932 = CARTESIAN_POINT ( 'NONE',  ( 1.750000000000122800, 0.0000000000000000000, 1.050000000000000000 ) ) ;
#933 = DIRECTION ( 'NONE',  ( -1.000000000000000000, 0.0000000000000000000, -0.0000000000000000000 ) ) ;
#934 = DIRECTION ( 'NONE',  ( -0.0000000000000000000, 0.0000000000000000000, 1.000000000000000000 ) ) ;
#935 = CARTESIAN_POINT ( 'NONE',  ( 1.115942034832921400, 0.0000000000000000000, 1.192384658695229600 ) ) ;
#936 = DIRECTION ( 'NONE',  ( 1.050855629991220900E-011, 0.0000000000000000000, -1.000000000000000000 ) ) ;
#937 = DIRECTION ( 'NONE',  ( -1.000000000000000000, 0.0000000000000000000, -1.050855629991220900E-011 ) ) ;
#938 = CARTESIAN_POINT ( 'NONE',  ( 1.115942034832921400, 0.02000000000000000000, 1.192384658695229600 ) ) ;
#939 = FILL_AREA_STYLE_COLOUR ( '', #4038 ) ;
#940 = FILL_AREA_STYLE ('',( #939 ) ) ;
#941 = SURFACE_SIDE_STYLE ('',( #4037 ) ) ;
#942 = SURFACE_STYLE_USAGE ( .BOTH. , #941 ) ;
#943 =( LENGTH_UNIT ( ) NAMED_UNIT ( * ) SI_UNIT ( .MILLI., .METRE. ) );
#944 =( NAMED_UNIT ( * ) PLANE_ANGLE_UNIT ( ) SI_UNIT ( $, .RADIAN. ) );
#945 =( NAMED_UNIT ( * ) SI_UNIT ( $, .STERADIAN. ) SOLID_ANGLE_UNIT ( ) );
#946 = PLANE ( 'NONE',  #879 ) ;
#947 = PLANE ( 'NONE',  #878 ) ;
#948 = DIRECTION ( 'NONE',  ( 0.0000000000000000000, -1.000000000000000000, 0.0000000000000000000 ) ) ;
#949 = DIRECTION ( 'NONE',  ( 0.0000000000000000000, -0.0000000000000000000, -1.000000000000000000 ) ) ;
#950 = CARTESIAN_POINT ( 'NONE',  ( -1.649999999999999500, 0.6640054944640595400, 1.399999999999999900 ) ) ;
#951 = PLANE ( 'NONE',  #880 ) ;
#952 = DIRECTION ( 'NONE',  ( 0.0000000000000000000, -1.000000000000000000, 0.0000000000000000000 ) ) ;
#953 = DIRECTION ( 'NONE',  ( 0.0000000000000000000, -0.0000000000000000000, -1.000000000000000000 ) ) ;
#954 = CARTESIAN_POINT ( 'NONE',  ( -1.649999999999999500, 0.6640054944640595400, 1.050000000000000000 ) ) ;
#955 = PLANE ( 'NONE',  #881 ) ;
#956 = DIRECTION ( 'NONE',  ( 1.000000000000000000, 0.0000000000000000000, 0.0000000000000000000 ) ) ;
#957 = DIRECTION ( 'NONE',  ( 0.0000000000000000000, 0.0000000000000000000, -1.000000000000000000 ) ) ;
#958 = CARTESIAN_POINT ( 'NONE',  ( -1.749999999999993600, 0.6640054944640595400, 1.399999999999999900 ) ) ;
#959 = PLANE ( 'NONE',  #882 ) ;
#960 = DIRECTION ( 'NONE',  ( -0.0000000000000000000, 0.0000000000000000000, -1.000000000000000000 ) ) ;
#961 = DIRECTION ( 'NONE',  ( -1.000000000000000000, 0.0000000000000000000, 0.0000000000000000000 ) ) ;
#962 = CARTESIAN_POINT ( 'NONE',  ( -1.649999999999999500, 0.6640054944640595400, 1.399999999999999900 ) ) ;
#963 = PLANE ( 'NONE',  #883 ) ;
#964 = DIRECTION ( 'NONE',  ( -1.000000000000000000, 0.0000000000000000000, -0.0000000000000000000 ) ) ;
#965 = DIRECTION ( 'NONE',  ( -0.0000000000000000000, 0.0000000000000000000, 1.000000000000000000 ) ) ;
#966 = CARTESIAN_POINT ( 'NONE',  ( -1.649999999999999500, 0.0000000000000000000, 1.050000000000000000 ) ) ;
#967 = PLANE ( 'NONE',  #884 ) ;
#968 = DIRECTION ( 'NONE',  ( 0.0000000000000000000, 0.0000000000000000000, 1.000000000000000000 ) ) ;
#969 = DIRECTION ( 'NONE',  ( 1.000000000000000000, 0.0000000000000000000, -0.0000000000000000000 ) ) ;
#970 = CARTESIAN_POINT ( 'NONE',  ( -1.650000000000005900, 0.2999999999999999900, -1.050000000000000000 ) ) ;
#971 = DIRECTION ( 'NONE',  ( 0.0000000000000000000, 1.000000000000000000, 0.0000000000000000000 ) ) ;
#972 = DIRECTION ( 'NONE',  ( 0.0000000000000000000, -0.0000000000000000000, 1.000000000000000000 ) ) ;
#973 = DIRECTION ( 'NONE',  ( 0.0000000000000000000, -1.000000000000000000, 0.0000000000000000000 ) ) ;
#974 = DIRECTION ( 'NONE',  ( 0.0000000000000000000, -0.0000000000000000000, -1.000000000000000000 ) ) ;
#975 = CARTESIAN_POINT ( 'NONE',  ( 1.650000000000000100, 0.2999999999999999900, -1.050000000000000000 ) ) ;
#976 = CARTESIAN_POINT ( 'NONE',  ( 1.750000000000000400, 0.2999999999999999900, 0.7500000000000002200 ) ) ;
#977 = DIRECTION ( 'NONE',  ( -0.0000000000000000000, -1.000000000000000000, -0.0000000000000000000 ) ) ;
#978 = CARTESIAN_POINT ( 'NONE',  ( 1.650000000000000400, 0.2999999999999999900, 1.050000000000000000 ) ) ;
#979 = DIRECTION ( 'NONE',  ( -0.0000000000000000000, -1.000000000000000000, -0.0000000000000000000 ) ) ;
#980 = CARTESIAN_POINT ( 'NONE',  ( -1.749999999999993600, 0.2999999999999999900, 0.7500000000000002200 ) ) ;
#981 = DIRECTION ( 'NONE',  ( -0.0000000000000000000, -1.000000000000000000, -0.0000000000000000000 ) ) ;
#982 = CARTESIAN_POINT ( 'NONE',  ( -1.649999999999991300, 0.0000000000000000000, 1.050000000000000000 ) ) ;
#983 = DIRECTION ( 'NONE',  ( -0.0000000000000000000, -1.000000000000000000, -0.0000000000000000000 ) ) ;
#984 = CARTESIAN_POINT ( 'NONE',  ( 1.115942034832921400, 0.0000000000000000000, -1.192384658695229600 ) ) ;
#985 = DIRECTION ( 'NONE',  ( -0.0000000000000000000, 1.000000000000000000, -0.0000000000000000000 ) ) ;
#986 = DIRECTION ( 'NONE',  ( 0.0000000000000000000, 0.0000000000000000000, -1.000000000000000000 ) ) ;
#987 = CARTESIAN_POINT ( 'NONE',  ( -1.699999999999993500, 0.2999999999999999900, 0.7500000000000002200 ) ) ;
#988 = DIRECTION ( 'NONE',  ( -2.354267574539953900E-014, 0.0000000000000000000, 1.000000000000000000 ) ) ;
#989 = CARTESIAN_POINT ( 'NONE',  ( 1.750000000000123000, 0.02000000000000000000, -1.050000000000000000 ) ) ;
#990 = DIRECTION ( 'NONE',  ( -0.0000000000000000000, -1.000000000000000000, -0.0000000000000000000 ) ) ;
#991 = CARTESIAN_POINT ( 'NONE',  ( 1.700000000000000400, 0.2999999999999999900, -0.7500000000000002200 ) ) ;
#992 = DIRECTION ( 'NONE',  ( 1.000000000000000000, -0.0000000000000000000, -1.050855629991220200E-011 ) ) ;
#993 = CARTESIAN_POINT ( 'NONE',  ( 1.750000000000000200, 0.2999999999999999900, 1.050000000000000000 ) ) ;
#994 = DIRECTION ( 'NONE',  ( -1.445602896647338900E-016, -0.0000000000000000000, -1.000000000000000000 ) ) ;
#995 = CARTESIAN_POINT ( 'NONE',  ( -1.650000000000005900, 0.2999999999999999900, -1.050000000000000000 ) ) ;
#996 = DIRECTION ( 'NONE',  ( -1.000000000000000000, 0.0000000000000000000, 0.0000000000000000000 ) ) ;
#997 = CARTESIAN_POINT ( 'NONE',  ( -1.649999999999991300, 0.2999999999999999900, 1.050000000000000000 ) ) ;
#998 = DIRECTION ( 'NONE',  ( -0.0000000000000000000, -1.000000000000000000, -0.0000000000000000000 ) ) ;
#999 = CARTESIAN_POINT ( 'NONE',  ( 0.9849999999999947700, 0.6799999999999999400, 1.250000000000000000 ) ) ;
#1000 = DIRECTION ( 'NONE',  ( -0.0000000000000000000, 1.000000000000000000, -0.0000000000000000000 ) ) ;
#1001 = CARTESIAN_POINT ( 'NONE',  ( 1.649999999999999900, 0.2999999999999999900, -1.399999999999999900 ) ) ;
#1002 = DIRECTION ( 'NONE',  ( -0.0000000000000000000, -1.000000000000000000, -0.0000000000000000000 ) ) ;
#1003 = CARTESIAN_POINT ( 'NONE',  ( 1.183107586715372200, 0.0000000000000000000, 0.9000000000006389600 ) ) ;
#1004 = DIRECTION ( 'NONE',  ( -6.195440985631457300E-016, -0.0000000000000000000, -1.000000000000000000 ) ) ;
#1005 = CARTESIAN_POINT ( 'NONE',  ( -1.485000000000000100, 0.6799999999999999400, 0.7500000000000000000 ) ) ;
#1006 = DIRECTION ( 'NONE',  ( -0.0000000000000000000, 1.000000000000000000, -0.0000000000000000000 ) ) ;
#1007 = CARTESIAN_POINT ( 'NONE',  ( -1.649999999999999900, 0.2999999999999999900, -1.399999999999999900 ) ) ;
#1008 = DIRECTION ( 'NONE',  ( -1.000000000000000000, 0.0000000000000000000, -4.501504508948723600E-013 ) ) ;
#1009 = CARTESIAN_POINT ( 'NONE',  ( -1.649999999999999900, 0.0000000000000000000, -1.399999999999999900 ) ) ;
#1010 = DIRECTION ( 'NONE',  ( -1.000000000000000000, -0.0000000000000000000, -0.0000000000000000000 ) ) ;
#1011 = CARTESIAN_POINT ( 'NONE',  ( 1.700000000000000400, 0.01999999999999999700, -0.7500000000000002200 ) ) ;
#1012 = DIRECTION ( 'NONE',  ( -1.672769066120493500E-014, 0.0000000000000000000, 1.000000000000000000 ) ) ;
#1013 = CARTESIAN_POINT ( 'NONE',  ( 1.649999999999999900, 0.2999999999999999900, -1.399999999999999900 ) ) ;
#1014 = DIRECTION ( 'NONE',  ( 1.445602896647338700E-016, 0.0000000000000000000, 1.000000000000000000 ) ) ;
#1015 = CARTESIAN_POINT ( 'NONE',  ( 1.484999999999998300, 0.6999999999999999600, -0.7500000000000000000 ) ) ;
#1016 = DIRECTION ( 'NONE',  ( -0.7071067811865500200, 0.0000000000000000000, -0.7071067811865450200 ) ) ;
#1017 = CARTESIAN_POINT ( 'NONE',  ( -0.8344999999999935800, 0.0000000000000000000, 0.9000000000000002400 ) ) ;
#1018 = DIRECTION ( 'NONE',  ( -0.0000000000000000000, -1.000000000000000000, -0.0000000000000000000 ) ) ;
#1019 = CARTESIAN_POINT ( 'NONE',  ( -1.485000000000000100, 0.6799999999999999400, 0.7500000000000000000 ) ) ;
#1020 = DIRECTION ( 'NONE',  ( -1.204669080539159400E-016, 0.0000000000000000000, 1.000000000000000000 ) ) ;
#1021 = CARTESIAN_POINT ( 'NONE',  ( -1.649999999999999900, 0.0000000000000000000, -1.399999999999999900 ) ) ;
#1022 = DIRECTION ( 'NONE',  ( 0.7071067811865474600, 0.0000000000000000000, 0.7071067811865474600 ) ) ;
#1023 = CARTESIAN_POINT ( 'NONE',  ( 1.750000000000000200, 0.2999999999999999900, -0.7500000000000002200 ) ) ;
#1024 = DIRECTION ( 'NONE',  ( -0.0000000000000000000, -1.000000000000000000, -0.0000000000000000000 ) ) ;
#1025 = CARTESIAN_POINT ( 'NONE',  ( 1.484999999999998300, 0.6799999999999999400, -0.7500000000000000000 ) ) ;
#1026 = DIRECTION ( 'NONE',  ( -1.000000000000000000, -0.0000000000000000000, -0.0000000000000000000 ) ) ;
#1027 = CARTESIAN_POINT ( 'NONE',  ( 1.484999999999998300, 0.6799999999999999400, 0.7500000000000000000 ) ) ;
#1028 = DIRECTION ( 'NONE',  ( 0.7071067811865500200, -0.0000000000000000000, -0.7071067811865450200 ) ) ;
#1029 = CARTESIAN_POINT ( 'NONE',  ( 1.484999999999998300, 0.6999999999999999600, 0.7500000000000000000 ) ) ;
#1030 = DIRECTION ( 'NONE',  ( 0.7071067811865500200, -0.0000000000000000000, -0.7071067811865450200 ) ) ;
#1031 = CARTESIAN_POINT ( 'NONE',  ( 1.150000000000000400, 0.5000000000000000000, 1.399999999999999900 ) ) ;
#1032 = DIRECTION ( 'NONE',  ( -0.7071067811865475700, -0.0000000000000000000, 0.7071067811865474600 ) ) ;
#1033 = CARTESIAN_POINT ( 'NONE',  ( -0.2360000000004451000, 0.0000000000000000000, 0.9000000000000002400 ) ) ;
#1034 = DIRECTION ( 'NONE',  ( -0.0000000000000000000, 1.000000000000000000, -0.0000000000000000000 ) ) ;
#1035 = CARTESIAN_POINT ( 'NONE',  ( -1.485000000000000100, 0.6799999999999999400, -0.7500000000000000000 ) ) ;
#1036 = DIRECTION ( 'NONE',  ( 0.0000000000000000000, 0.0000000000000000000, 1.000000000000000000 ) ) ;
#1037 = CARTESIAN_POINT ( 'NONE',  ( 1.650000000000000400, 0.2999999999999999900, 1.049999999998949300 ) ) ;
#1038 = DIRECTION ( 'NONE',  ( 0.0000000000000000000, 1.000000000000000000, 0.0000000000000000000 ) ) ;
#1039 = CARTESIAN_POINT ( 'NONE',  ( 1.750000000000000200, 0.01999999999999999700, -0.7500000000000002200 ) ) ;
#1040 = DIRECTION ( 'NONE',  ( 2.915901509445035500E-013, -0.0000000000000000000, -1.000000000000000000 ) ) ;
#1041 = CARTESIAN_POINT ( 'NONE',  ( -1.649999999999991300, 0.2999999999999999900, 1.050000000000000000 ) ) ;
#1042 = DIRECTION ( 'NONE',  ( -1.000000000000000000, 0.0000000000000000000, 0.0000000000000000000 ) ) ;
#1043 = CARTESIAN_POINT ( 'NONE',  ( -1.649999999999999500, 0.0000000000000000000, 1.399999999999999900 ) ) ;
#1044 = DIRECTION ( 'NONE',  ( 1.000000000000000000, 0.0000000000000000000, 0.0000000000000000000 ) ) ;
#1045 = CARTESIAN_POINT ( 'NONE',  ( 1.115942034832921400, 0.02000000000000000000, -1.192384658695229600 ) ) ;
#1046 = CARTESIAN_POINT ( 'NONE',  ( 1.750000000000122800, 0.0000000000000000000, 0.7500000000000002200 ) ) ;
#1047 = DIRECTION ( 'NONE',  ( -2.354267574539953900E-014, 0.0000000000000000000, 1.000000000000000000 ) ) ;
#1048 = CARTESIAN_POINT ( 'NONE',  ( 1.115942034832921400, 0.02000000000000000000, 1.192384658695229600 ) ) ;
#1049 = DIRECTION ( 'NONE',  ( 1.000000000000000000, -0.0000000000000000000, -4.336808689931417800E-015 ) ) ;
#1050 = CARTESIAN_POINT ( 'NONE',  ( 1.115942034832921400, 0.0000000000000000000, 1.192384658695229600 ) ) ;
#1051 = DIRECTION ( 'NONE',  ( -0.0000000000000000000, 1.000000000000000000, -0.0000000000000000000 ) ) ;
#1052 = DIRECTION ( 'NONE',  ( 0.0000000000000000000, 0.0000000000000000000, -1.000000000000000000 ) ) ;
#1053 = CARTESIAN_POINT ( 'NONE',  ( 1.750000000000123000, 0.02000000000000000000, -1.050000000000000000 ) ) ;
#1054 = DIRECTION ( 'NONE',  ( -0.0000000000000000000, 1.000000000000000000, -0.0000000000000000000 ) ) ;
#1055 = DIRECTION ( 'NONE',  ( 0.0000000000000000000, 0.0000000000000000000, 1.000000000000000000 ) ) ;
#1056 = DIRECTION ( 'NONE',  ( -0.0000000000000000000, 1.000000000000000000, -0.0000000000000000000 ) ) ;
#1057 = DIRECTION ( 'NONE',  ( 0.0000000000000000000, 0.0000000000000000000, -1.000000000000000000 ) ) ;
#1058 = CARTESIAN_POINT ( 'NONE',  ( -0.2360000000004451000, 0.02000000000000000000, 0.9000000000000002400 ) ) ;
#1059 = DIRECTION ( 'NONE',  ( -0.0000000000000000000, -1.000000000000000000, -0.0000000000000000000 ) ) ;
#1060 = CARTESIAN_POINT ( 'NONE',  ( -0.8344999999999935800, 0.0000000000000000000, 0.9000000000000002400 ) ) ;
#1061 = DIRECTION ( 'NONE',  ( -0.0000000000000000000, 1.000000000000000000, -0.0000000000000000000 ) ) ;
#1062 = CARTESIAN_POINT ( 'NONE',  ( -1.749999999999993600, 0.02000000000000000000, 0.7500000000000002200 ) ) ;
#1063 = DIRECTION ( 'NONE',  ( 1.000000000000000000, -0.0000000000000000000, -1.050855629991220200E-011 ) ) ;
#1064 = CARTESIAN_POINT ( 'NONE',  ( -1.749999999999993100, 0.0000000000000000000, -0.7500000000000002200 ) ) ;
#1065 = DIRECTION ( 'NONE',  ( 0.0000000000000000000, 0.0000000000000000000, -1.000000000000000000 ) ) ;
#1066 = CARTESIAN_POINT ( 'NONE',  ( 1.183107586715648400, 0.02000000000000000000, 0.8999999999994362500 ) ) ;
#1067 = DIRECTION ( 'NONE',  ( 1.000000000000000000, 0.0000000000000000000, 0.0000000000000000000 ) ) ;
#1068 = CARTESIAN_POINT ( 'NONE',  ( -1.379999999999870900, 0.02000000000000000000, 1.050000000000000000 ) ) ;
#1069 = DIRECTION ( 'NONE',  ( -0.0000000000000000000, -1.000000000000000000, -0.0000000000000000000 ) ) ;
#1070 = CARTESIAN_POINT ( 'NONE',  ( -1.649999999999999500, 0.0000000000000000000, 1.399999999999999900 ) ) ;
#1071 = DIRECTION ( 'NONE',  ( -1.000000000000000000, 0.0000000000000000000, 0.0000000000000000000 ) ) ;
#1072 = CARTESIAN_POINT ( 'NONE',  ( 1.649999999999999900, 0.6640054944640595400, -1.050000000000000000 ) ) ;
#1073 = DIRECTION ( 'NONE',  ( -0.0000000000000000000, -1.000000000000000000, -0.0000000000000000000 ) ) ;
#1074 = CARTESIAN_POINT ( 'NONE',  ( -1.649999999999999500, 0.2999999999999999900, 1.050000000000000000 ) ) ;
#1075 = DIRECTION ( 'NONE',  ( 0.0000000000000000000, -1.000000000000000000, 0.0000000000000000000 ) ) ;
#1076 = CARTESIAN_POINT ( 'NONE',  ( -1.649999999999999900, 0.2999999999999999900, -1.399999999999999900 ) ) ;
#1077 = DIRECTION ( 'NONE',  ( -1.000000000000000000, 0.0000000000000000000, 0.0000000000000000000 ) ) ;
#1078 = CARTESIAN_POINT ( 'NONE',  ( -1.700000000000003700, 0.0000000000000000000, -0.7500000000000002200 ) ) ;
#1079 = DIRECTION ( 'NONE',  ( -1.000000000000000000, 0.0000000000000000000, 0.0000000000000000000 ) ) ;
#1080 = CARTESIAN_POINT ( 'NONE',  ( 1.750000000000123000, 0.0000000000000000000, -1.050000000000000000 ) ) ;
#1081 = DIRECTION ( 'NONE',  ( -1.000000000000000000, 0.0000000000000000000, 0.0000000000000000000 ) ) ;
#1082 = CARTESIAN_POINT ( 'NONE',  ( -1.649999999999999900, -0.0000000000000000000, -1.399999999999999900 ) ) ;
#1083 = DIRECTION ( 'NONE',  ( 1.000000000000000000, -0.0000000000000000000, -0.0000000000000000000 ) ) ;
#1084 = CARTESIAN_POINT ( 'NONE',  ( -1.649999999999999500, 0.0000000000000000000, 1.050000000000000000 ) ) ;
#1085 = DIRECTION ( 'NONE',  ( -1.000000000000000000, 0.0000000000000000000, 0.0000000000000000000 ) ) ;
#1086 = CARTESIAN_POINT ( 'NONE',  ( -1.118628699808089400, 0.02000000000000000000, -1.197258423990051200 ) ) ;
#1087 = DIRECTION ( 'NONE',  ( -0.0000000000000000000, 1.000000000000000000, -0.0000000000000000000 ) ) ;
#1088 = DIRECTION ( 'NONE',  ( 0.0000000000000000000, 0.0000000000000000000, 1.000000000000000000 ) ) ;
#1089 = CARTESIAN_POINT ( 'NONE',  ( -1.379999999999684100, 0.0000000000000000000, -1.050000000000105500 ) ) ;
#1090 = DIRECTION ( 'NONE',  ( 1.000000000000000000, -0.0000000000000000000, -0.0000000000000000000 ) ) ;
#1091 = CARTESIAN_POINT ( 'NONE',  ( 1.750000000000122800, 0.0000000000000000000, 1.399999999999999900 ) ) ;
#1092 = CARTESIAN_POINT ( 'NONE',  ( 1.650000000000000400, 0.2999999999999999900, 1.399999999999999900 ) ) ;
#1093 = DIRECTION ( 'NONE',  ( 0.0000000000000000000, 0.0000000000000000000, 1.000000000000000000 ) ) ;
#1094 = CARTESIAN_POINT ( 'NONE',  ( 1.115942034832921400, 0.02000000000000000000, 1.192384658695229600 ) ) ;
#1095 = DIRECTION ( 'NONE',  ( -0.0000000000000000000, 1.000000000000000000, -0.0000000000000000000 ) ) ;
#1096 = DIRECTION ( 'NONE',  ( -0.0000000000000000000, 1.000000000000000000, -0.0000000000000000000 ) ) ;
#1097 = DIRECTION ( 'NONE',  ( 0.0000000000000000000, 0.0000000000000000000, -1.000000000000000000 ) ) ;
#1098 = CARTESIAN_POINT ( 'NONE',  ( -1.379999999999684100, 0.02000000000000000000, -1.050000000000105500 ) ) ;
#1099 = DIRECTION ( 'NONE',  ( -0.0000000000000000000, -0.0000000000000000000, 1.000000000000000000 ) ) ;
#1100 = CARTESIAN_POINT ( 'NONE',  ( 1.650000000000000400, 0.0000000000000000000, 1.399999999999999900 ) ) ;
#1101 = DIRECTION ( 'NONE',  ( -0.0000000000000000000, -1.000000000000000000, -0.0000000000000000000 ) ) ;
#1102 = CARTESIAN_POINT ( 'NONE',  ( -1.159093862195701900, 0.02000000000000000000, -0.9000000000004331200 ) ) ;
#1103 = DIRECTION ( 'NONE',  ( -1.000000000000000000, -0.0000000000000000000, -0.0000000000000000000 ) ) ;
#1104 = CARTESIAN_POINT ( 'NONE',  ( 1.183107586715648400, 0.0000000000000000000, 0.8999999999994362500 ) ) ;
#1105 = DIRECTION ( 'NONE',  ( -0.0000000000000000000, 1.000000000000000000, -0.0000000000000000000 ) ) ;
#1106 = CARTESIAN_POINT ( 'NONE',  ( -1.700000000000003700, 0.0000000000000000000, -0.7500000000000002200 ) ) ;
#1107 = DIRECTION ( 'NONE',  ( -0.0000000000000000000, -1.000000000000000000, -0.0000000000000000000 ) ) ;
#1108 = CARTESIAN_POINT ( 'NONE',  ( -1.159093862195731000, 0.02000000000000000000, 0.9000000000002205100 ) ) ;
#1109 = DIRECTION ( 'NONE',  ( -0.0000000000000000000, 1.000000000000000000, -0.0000000000000000000 ) ) ;
#1110 = CARTESIAN_POINT ( 'NONE',  ( 1.750000000000123000, 0.6640054944640595400, -1.399999999999999900 ) ) ;
#1111 = DIRECTION ( 'NONE',  ( -1.000000000000000000, -0.0000000000000000000, 6.787247299094112100E-013 ) ) ;
#1112 = CARTESIAN_POINT ( 'NONE',  ( -1.749999999999993600, 0.6640054944640595400, 1.399999999999999900 ) ) ;
#1113 = DIRECTION ( 'NONE',  ( 0.0000000000000000000, -1.000000000000000000, 0.0000000000000000000 ) ) ;
#1114 = CARTESIAN_POINT ( 'NONE',  ( 1.183107586715372200, 0.02000000000000000000, 0.9000000000006389600 ) ) ;
#1115 = DIRECTION ( 'NONE',  ( 0.0000000000000000000, -1.000000000000000000, 0.0000000000000000000 ) ) ;
#1116 = CARTESIAN_POINT ( 'NONE',  ( -1.159093862195702100, 0.0000000000000000000, -0.9000000000004332300 ) ) ;
#1117 = DIRECTION ( 'NONE',  ( -1.000000000000000000, 0.0000000000000000000, -4.501504508948723600E-013 ) ) ;
#1118 = CARTESIAN_POINT ( 'NONE',  ( -1.749999999999993600, 0.02000000000000000000, 1.050000000000000000 ) ) ;
#1119 = DIRECTION ( 'NONE',  ( 0.0000000000000000000, 0.0000000000000000000, -1.000000000000000000 ) ) ;
#1120 = CARTESIAN_POINT ( 'NONE',  ( 1.649999999999999900, 0.2999999999999999900, -1.050000000000000000 ) ) ;
#1121 = DIRECTION ( 'NONE',  ( -0.0000000000000000000, 1.000000000000000000, -0.0000000000000000000 ) ) ;
#1122 = CARTESIAN_POINT ( 'NONE',  ( 1.750000000000122800, 0.02000000000000000000, 1.050000000000000000 ) ) ;
#1123 = CARTESIAN_POINT ( 'NONE',  ( 1.379999999999036700, 0.02000000000000000000, -1.049999999996697600 ) ) ;
#1124 = DIRECTION ( 'NONE',  ( 0.0000000000000000000, 0.0000000000000000000, 1.000000000000000000 ) ) ;
#1125 = CARTESIAN_POINT ( 'NONE',  ( -1.118628699807932000, 0.02000000000000000000, -1.197258423989853600 ) ) ;
#1126 = DIRECTION ( 'NONE',  ( -1.000000000000000000, 0.0000000000000000000, -1.050855629991220900E-011 ) ) ;
#1127 = CARTESIAN_POINT ( 'NONE',  ( -0.2359999999999202500, 0.0000000000000000000, -0.9000000000004330100 ) ) ;
#1128 = DIRECTION ( 'NONE',  ( 1.000000000000000000, 0.0000000000000000000, -1.451605323660172600E-013 ) ) ;
#1129 = DIRECTION ( 'NONE',  ( -0.0000000000000000000, 1.000000000000000000, -0.0000000000000000000 ) ) ;
#1130 = DIRECTION ( 'NONE',  ( 0.0000000000000000000, 0.0000000000000000000, 1.000000000000000000 ) ) ;
#1131 = CARTESIAN_POINT ( 'NONE',  ( 1.650000000000000400, 0.0000000000000000000, 1.050000000000000000 ) ) ;
#1132 = DIRECTION ( 'NONE',  ( -0.0000000000000000000, -1.000000000000000000, -0.0000000000000000000 ) ) ;
#1133 = CARTESIAN_POINT ( 'NONE',  ( -0.8344999999999935800, 0.0000000000000000000, 0.9000000000000002400 ) ) ;
#1134 = DIRECTION ( 'NONE',  ( 1.000000000000000000, 0.0000000000000000000, 0.0000000000000000000 ) ) ;
#1135 = CARTESIAN_POINT ( 'NONE',  ( 1.750000000000123000, 0.0000000000000000000, -1.050000000000000000 ) ) ;
#1136 = DIRECTION ( 'NONE',  ( -0.0000000000000000000, -0.0000000000000000000, 1.000000000000000000 ) ) ;
#1137 = CARTESIAN_POINT ( 'NONE',  ( -1.749999999999993100, 0.02000000000000000000, -1.050000000000000000 ) ) ;
#1138 = DIRECTION ( 'NONE',  ( 1.000000000000000000, 0.0000000000000000000, -2.848228409878460900E-013 ) ) ;
#1139 = CARTESIAN_POINT ( 'NONE',  ( 1.649999999999999900, 0.0000000000000000000, -1.050000000000000000 ) ) ;
#1140 = DIRECTION ( 'NONE',  ( -1.204669080539159400E-016, -0.0000000000000000000, 1.000000000000000000 ) ) ;
#1141 = CARTESIAN_POINT ( 'NONE',  ( -0.8344999999999933600, 0.02000000000000000000, -0.9000000000004330100 ) ) ;
#1142 = DIRECTION ( 'NONE',  ( -0.0000000000000000000, -1.000000000000000000, -0.0000000000000000000 ) ) ;
#1143 = CARTESIAN_POINT ( 'NONE',  ( -1.649999999999999500, 0.6640054944640595400, 1.399999999999999900 ) ) ;
#1144 = DIRECTION ( 'NONE',  ( 0.0000000000000000000, -1.000000000000000000, 0.0000000000000000000 ) ) ;
#1145 = CARTESIAN_POINT ( 'NONE',  ( -1.649999999999999500, 0.2999999999999999900, 1.399999999999999900 ) ) ;
#1146 = DIRECTION ( 'NONE',  ( 0.0000000000000000000, 0.0000000000000000000, -1.000000000000000000 ) ) ;
#1147 = CARTESIAN_POINT ( 'NONE',  ( -0.8344999999999933600, 0.02000000000000000000, -0.9000000000004330100 ) ) ;
#1148 = DIRECTION ( 'NONE',  ( 1.000000000000000000, -0.0000000000000000000, 3.340180757428501500E-016 ) ) ;
#1149 = CARTESIAN_POINT ( 'NONE',  ( -1.749999999999993600, 0.0000000000000000000, 1.050000000000000000 ) ) ;
#1150 = DIRECTION ( 'NONE',  ( -0.0000000000000000000, 1.000000000000000000, -0.0000000000000000000 ) ) ;
#1151 = CARTESIAN_POINT ( 'NONE',  ( 1.750000000000122800, 0.6640054944640595400, 1.399999999999999900 ) ) ;
#1152 = DIRECTION ( 'NONE',  ( 0.0000000000000000000, -1.000000000000000000, 0.0000000000000000000 ) ) ;
#1153 = CARTESIAN_POINT ( 'NONE',  ( -1.749999999999993600, 0.0000000000000000000, 1.050000000000000000 ) ) ;
#1154 = DIRECTION ( 'NONE',  ( 1.000000000000000000, 0.0000000000000000000, 0.0000000000000000000 ) ) ;
#1155 = CARTESIAN_POINT ( 'NONE',  ( 1.650000000000000400, 0.2999999999999999900, 1.399999999999999900 ) ) ;
#1156 = DIRECTION ( 'NONE',  ( 1.000000000000000000, 0.0000000000000000000, 0.0000000000000000000 ) ) ;
#1157 = CARTESIAN_POINT ( 'NONE',  ( -1.749999999999993600, 0.0000000000000000000, 0.7500000000000002200 ) ) ;
#1158 = DIRECTION ( 'NONE',  ( -0.0000000000000000000, 1.000000000000000000, -0.0000000000000000000 ) ) ;
#1159 = CARTESIAN_POINT ( 'NONE',  ( -1.749999999999993100, 0.6640054944640595400, -1.050000000000000000 ) ) ;
#1160 = DIRECTION ( 'NONE',  ( 0.0000000000000000000, -1.000000000000000000, 0.0000000000000000000 ) ) ;
#1161 = CARTESIAN_POINT ( 'NONE',  ( 1.750000000000123000, 0.0000000000000000000, -1.399999999999999900 ) ) ;
#1162 = DIRECTION ( 'NONE',  ( 0.0000000000000000000, 0.0000000000000000000, -1.000000000000000000 ) ) ;
#1163 = CARTESIAN_POINT ( 'NONE',  ( -1.699999999999993500, 0.0000000000000000000, 0.7500000000000002200 ) ) ;
#1164 = DIRECTION ( 'NONE',  ( -0.0000000000000000000, 1.000000000000000000, -0.0000000000000000000 ) ) ;
#1165 = CARTESIAN_POINT ( 'NONE',  ( -0.2360000000004451000, 0.0000000000000000000, 0.9000000000000002400 ) ) ;
#1166 = DIRECTION ( 'NONE',  ( 1.000000000000000000, -0.0000000000000000000, -0.0000000000000000000 ) ) ;
#1167 = CARTESIAN_POINT ( 'NONE',  ( 1.183107586715648400, 0.0000000000000000000, 0.8999999999994362500 ) ) ;
#1168 = CARTESIAN_POINT ( 'NONE',  ( 1.380000000000122900, 0.02000000000000000000, 1.049999999996112000 ) ) ;
#1169 = DIRECTION ( 'NONE',  ( -0.0000000000000000000, -1.000000000000000000, -0.0000000000000000000 ) ) ;
#1170 = CARTESIAN_POINT ( 'NONE',  ( -1.118628699808308400, 0.02000000000000000000, 1.197258423989728400 ) ) ;
#1171 = DIRECTION ( 'NONE',  ( 2.915901509445035500E-013, 0.0000000000000000000, -1.000000000000000000 ) ) ;
#1172 = CARTESIAN_POINT ( 'NONE',  ( -1.699999999999993500, 0.0000000000000000000, 0.7500000000000002200 ) ) ;
#1173 = DIRECTION ( 'NONE',  ( -6.794333614242492600E-015, 0.0000000000000000000, -1.000000000000000000 ) ) ;
#1174 = DIRECTION ( 'NONE',  ( -0.0000000000000000000, 1.000000000000000000, -0.0000000000000000000 ) ) ;
#1175 = DIRECTION ( 'NONE',  ( 0.0000000000000000000, 0.0000000000000000000, -1.000000000000000000 ) ) ;
#1176 = CARTESIAN_POINT ( 'NONE',  ( -1.650000000022073800, 0.0000000000000000000, 1.049999999964270800 ) ) ;
#1177 = DIRECTION ( 'NONE',  ( -1.000000000000000000, 0.0000000000000000000, 3.973578572816997700E-013 ) ) ;
#1178 = CARTESIAN_POINT ( 'NONE',  ( -0.2360000000004451000, 0.02000000000000000000, 0.9000000000000002400 ) ) ;
#1179 = DIRECTION ( 'NONE',  ( 2.915901509445035500E-013, -0.0000000000000000000, -1.000000000000000000 ) ) ;
#1180 = CARTESIAN_POINT ( 'NONE',  ( 1.650000000000000400, 0.6640054944640595400, 1.399999999999999900 ) ) ;
#1181 = DIRECTION ( 'NONE',  ( 0.0000000000000000000, -1.000000000000000000, 0.0000000000000000000 ) ) ;
#1182 = CARTESIAN_POINT ( 'NONE',  ( 1.183107586715372200, 0.02000000000000000000, -0.9000000000006389600 ) ) ;
#1183 = DIRECTION ( 'NONE',  ( -1.000000000000000000, 0.0000000000000000000, -1.050855629991220900E-011 ) ) ;
#1184 = CARTESIAN_POINT ( 'NONE',  ( -0.8344999999999935800, 0.02000000000000000000, 0.9000000000000002400 ) ) ;
#1185 = DIRECTION ( 'NONE',  ( -0.0000000000000000000, -1.000000000000000000, -0.0000000000000000000 ) ) ;
#1186 = CARTESIAN_POINT ( 'NONE',  ( 1.750000000000123000, 0.2999999999999999900, -1.050000000000000000 ) ) ;
#1187 = DIRECTION ( 'NONE',  ( 1.000000000000000000, 0.0000000000000000000, 0.0000000000000000000 ) ) ;
#1188 = CARTESIAN_POINT ( 'NONE',  ( -0.2360000000004451000, 0.0000000000000000000, 0.9000000000000002400 ) ) ;
#1189 = DIRECTION ( 'NONE',  ( -0.0000000000000000000, 1.000000000000000000, -0.0000000000000000000 ) ) ;
#1190 = CARTESIAN_POINT ( 'NONE',  ( -0.8344999999999935800, 0.02000000000000000000, 0.9000000000000002400 ) ) ;
#1191 = DIRECTION ( 'NONE',  ( -1.204669080539159400E-016, 0.0000000000000000000, 1.000000000000000000 ) ) ;
#1192 = CARTESIAN_POINT ( 'NONE',  ( -1.649999999999999900, 0.2999999999999999900, -1.399999999999999900 ) ) ;
#1193 = DIRECTION ( 'NONE',  ( 0.0000000000000000000, 0.0000000000000000000, -1.000000000000000000 ) ) ;
#1194 = CARTESIAN_POINT ( 'NONE',  ( -1.749999999999993600, 0.0000000000000000000, 0.7500000000000002200 ) ) ;
#1195 = DIRECTION ( 'NONE',  ( 1.000000000000000000, 0.0000000000000000000, 0.0000000000000000000 ) ) ;
#1196 = CARTESIAN_POINT ( 'NONE',  ( -1.159093862195731000, 0.0000000000000000000, 0.9000000000002205100 ) ) ;
#1197 = DIRECTION ( 'NONE',  ( -1.000000000000000000, -0.0000000000000000000, 6.787247299094112100E-013 ) ) ;
#1198 = CARTESIAN_POINT ( 'NONE',  ( 1.750000000000123000, 0.0000000000000000000, -0.7500000000000002200 ) ) ;
#1199 = DIRECTION ( 'NONE',  ( -0.0000000000000000000, 1.000000000000000000, -0.0000000000000000000 ) ) ;
#1200 = CARTESIAN_POINT ( 'NONE',  ( 1.183107586715372200, 0.02000000000000000000, -0.9000000000006389600 ) ) ;
#1201 = DIRECTION ( 'NONE',  ( -1.204669080539159400E-016, -0.0000000000000000000, 1.000000000000000000 ) ) ;
#1202 = CARTESIAN_POINT ( 'NONE',  ( -1.749999999999993600, 0.02000000000000000000, 1.050000000000000000 ) ) ;
#1203 = DIRECTION ( 'NONE',  ( 1.000000000000000000, 0.0000000000000000000, -1.451605323660172600E-013 ) ) ;
#1204 = CARTESIAN_POINT ( 'NONE',  ( -0.2359999999999202500, 0.02000000000000000000, -0.9000000000004330100 ) ) ;
#1205 = DIRECTION ( 'NONE',  ( -0.0000000000000000000, -1.000000000000000000, -0.0000000000000000000 ) ) ;
#1206 = CARTESIAN_POINT ( 'NONE',  ( -1.649999999999999500, 0.0000000000000000000, 1.399999999999999900 ) ) ;
#1207 = DIRECTION ( 'NONE',  ( -1.000000000000000000, -0.0000000000000000000, -0.0000000000000000000 ) ) ;
#1208 = CARTESIAN_POINT ( 'NONE',  ( -0.8344999999999935800, 0.02000000000000000000, 0.9000000000000002400 ) ) ;
#1209 = DIRECTION ( 'NONE',  ( -1.000000000000000000, 0.0000000000000000000, 1.333734176441201500E-012 ) ) ;
#1210 = CARTESIAN_POINT ( 'NONE',  ( 1.380000000000122900, 0.02000000000000000000, 1.049999999996112000 ) ) ;
#1211 = DIRECTION ( 'NONE',  ( -1.000000000000000000, -0.0000000000000000000, -1.050855629991220900E-011 ) ) ;
#1212 = CARTESIAN_POINT ( 'NONE',  ( -1.749999999999993100, 0.6640054944640595400, -1.399999999999999900 ) ) ;
#1213 = DIRECTION ( 'NONE',  ( -0.0000000000000000000, -0.0000000000000000000, 1.000000000000000000 ) ) ;
#1214 = CARTESIAN_POINT ( 'NONE',  ( 1.750000000000123000, 0.6640054944640595400, -1.050000000000000000 ) ) ;
#1215 = DIRECTION ( 'NONE',  ( 0.0000000000000000000, -1.000000000000000000, 0.0000000000000000000 ) ) ;
#1216 = CARTESIAN_POINT ( 'NONE',  ( 1.649999999999999900, 0.6640054944640595400, -1.399999999999999900 ) ) ;
#1217 = DIRECTION ( 'NONE',  ( 0.0000000000000000000, -1.000000000000000000, 0.0000000000000000000 ) ) ;
#1218 = CARTESIAN_POINT ( 'NONE',  ( 1.380000000000122900, 0.0000000000000000000, 1.049999999996112000 ) ) ;
#1219 = DIRECTION ( 'NONE',  ( 0.0000000000000000000, -1.000000000000000000, 0.0000000000000000000 ) ) ;
#1220 = CARTESIAN_POINT ( 'NONE',  ( -1.649999999999999900, 0.6640054944640595400, -1.050000000000000000 ) ) ;
#1221 = DIRECTION ( 'NONE',  ( -0.0000000000000000000, 1.000000000000000000, -0.0000000000000000000 ) ) ;
#1222 = CARTESIAN_POINT ( 'NONE',  ( -1.749999999999993100, 0.02000000000000000000, -1.050000000000000000 ) ) ;
#1223 = DIRECTION ( 'NONE',  ( 1.000000000000000000, 0.0000000000000000000, 0.0000000000000000000 ) ) ;
#1224 = CARTESIAN_POINT ( 'NONE',  ( -0.8344999999999933600, 0.0000000000000000000, -0.9000000000004330100 ) ) ;
#1225 = DIRECTION ( 'NONE',  ( -0.0000000000000000000, 1.000000000000000000, -0.0000000000000000000 ) ) ;
#1226 = CARTESIAN_POINT ( 'NONE',  ( -1.649999999999999500, 0.6640054944640595400, 1.050000000000000000 ) ) ;
#1227 = DIRECTION ( 'NONE',  ( 0.0000000000000000000, -1.000000000000000000, 0.0000000000000000000 ) ) ;
#1228 = CARTESIAN_POINT ( 'NONE',  ( -1.649999999999999900, 0.2999999999999999900, -1.050000000000000000 ) ) ;
#1229 = CARTESIAN_POINT ( 'NONE',  ( -1.159093862195701900, 0.02000000000000000000, -0.9000000000004331200 ) ) ;
#1230 = DIRECTION ( 'NONE',  ( 0.0000000000000000000, -1.000000000000000000, 0.0000000000000000000 ) ) ;
#1231 = CARTESIAN_POINT ( 'NONE',  ( -1.118628699807932000, 0.02000000000000000000, 1.197258423989853600 ) ) ;
#1232 = DIRECTION ( 'NONE',  ( 1.000000000000000000, 0.0000000000000000000, 0.0000000000000000000 ) ) ;
#1233 = DIRECTION ( 'NONE',  ( -0.0000000000000000000, 1.000000000000000000, -0.0000000000000000000 ) ) ;
#1234 = DIRECTION ( 'NONE',  ( 0.0000000000000000000, 0.0000000000000000000, -1.000000000000000000 ) ) ;
#1235 = CARTESIAN_POINT ( 'NONE',  ( 1.650000000000000400, 0.0000000000000000000, 1.399999999999999900 ) ) ;
#1236 = DIRECTION ( 'NONE',  ( 0.0000000000000000000, 0.0000000000000000000, -1.000000000000000000 ) ) ;
#1237 = CARTESIAN_POINT ( 'NONE',  ( -1.379999999999870900, 0.0000000000000000000, 1.050000000000000000 ) ) ;
#1238 = DIRECTION ( 'NONE',  ( -1.000000000000000000, 0.0000000000000000000, 0.0000000000000000000 ) ) ;
#1239 = CARTESIAN_POINT ( 'NONE',  ( 1.700000000000000600, 0.2999999999999999900, 0.7500000000000002200 ) ) ;
#1240 = CARTESIAN_POINT ( 'NONE',  ( -1.379999999999870900, 0.02000000000000000000, 1.050000000000000000 ) ) ;
#1241 = DIRECTION ( 'NONE',  ( -1.000000000000000000, 0.0000000000000000000, 0.0000000000000000000 ) ) ;
#1242 = CARTESIAN_POINT ( 'NONE',  ( -1.118628699808308400, 0.0000000000000000000, 1.197258423989728400 ) ) ;
#1243 = DIRECTION ( 'NONE',  ( 1.000000000000000000, 0.0000000000000000000, 3.340180757428501500E-016 ) ) ;
#1244 = FILL_AREA_STYLE_COLOUR ( '', #1785 ) ;
#1245 = CARTESIAN_POINT ( 'NONE',  ( 1.484999999999998300, 0.6999999999999999600, 0.7500000000000000000 ) ) ;
#1246 = DIRECTION ( 'NONE',  ( -0.0000000000000000000, 1.000000000000000000, -0.0000000000000000000 ) ) ;
#1247 = DIRECTION ( 'NONE',  ( 0.0000000000000000000, 0.0000000000000000000, -1.000000000000000000 ) ) ;
#1248 = FILL_AREA_STYLE ('',( #1244 ) ) ;
#1249 = SURFACE_SIDE_STYLE ('',( #1786 ) ) ;
#1250 = SURFACE_STYLE_USAGE ( .BOTH. , #1249 ) ;
#1251 =( LENGTH_UNIT ( ) NAMED_UNIT ( * ) SI_UNIT ( .MILLI., .METRE. ) );
#1252 =( NAMED_UNIT ( * ) PLANE_ANGLE_UNIT ( ) SI_UNIT ( $, .RADIAN. ) );
#1253 =( NAMED_UNIT ( * ) SI_UNIT ( $, .STERADIAN. ) SOLID_ANGLE_UNIT ( ) );
#1254 = CARTESIAN_POINT ( 'NONE',  ( 1.484999999999998300, 0.6999999999999999600, -0.7500000000000000000 ) ) ;
#1255 = CARTESIAN_POINT ( 'NONE',  ( 1.750000000000122800, 0.2999999999999999900, 1.050000000000000000 ) ) ;
#1256 = CARTESIAN_POINT ( 'NONE',  ( 1.750000000000000200, 0.2999999999999999900, 1.050000000000000000 ) ) ;
#1257 = CARTESIAN_POINT ( 'NONE',  ( 1.700000000000000400, 0.0000000000000000000, -0.7500000000000002200 ) ) ;
#1258 = CARTESIAN_POINT ( 'NONE',  ( -1.650000000000005900, 0.2999999999999999900, -1.050000000000000000 ) ) ;
#1259 = CARTESIAN_POINT ( 'NONE',  ( -1.649999999999999900, 0.2999999999999999900, -1.399999999999999900 ) ) ;
#1260 = CARTESIAN_POINT ( 'NONE',  ( -0.8344999999999933600, 0.02000000000000000000, -0.9000000000004330100 ) ) ;
#1261 = CARTESIAN_POINT ( 'NONE',  ( -1.159093862195702100, 0.02000000000000000000, -0.9000000000004332300 ) ) ;
#1262 = CARTESIAN_POINT ( 'NONE',  ( -0.2360000000004451000, 0.02000000000000000000, 0.9000000000000002400 ) ) ;
#1263 = CARTESIAN_POINT ( 'NONE',  ( -1.649999999999999900, 0.0000000000000000000, -1.399999999999999900 ) ) ;
#1264 = CARTESIAN_POINT ( 'NONE',  ( 1.650000000000000100, 0.2999999999999999900, -1.050000000000000000 ) ) ;
#1265 = CARTESIAN_POINT ( 'NONE',  ( 1.484999999999998300, 0.6799999999999999400, 0.7500000000000000000 ) ) ;
#1266 = CARTESIAN_POINT ( 'NONE',  ( 1.750000000000123000, 0.0000000000000000000, -0.7500000000000002200 ) ) ;
#1267 = CARTESIAN_POINT ( 'NONE',  ( 1.163985362388702200, 0.5000000000000000000, 1.386014637611298100 ) ) ;
#1268 = CARTESIAN_POINT ( 'NONE',  ( 0.9849999999999947700, 0.6999999999999999600, 1.250000000000000000 ) ) ;
#1269 = CARTESIAN_POINT ( 'NONE',  ( 1.700000000000000400, 0.02000000000000000000, -0.7500000000000002200 ) ) ;
#1270 = CARTESIAN_POINT ( 'NONE',  ( 1.177970724777405200, 0.6999999999999999600, 1.372029275222595300 ) ) ;
#1271 = CARTESIAN_POINT ( 'NONE',  ( -1.749999999999993600, 0.0000000000000000000, 1.050000000000000000 ) ) ;
#1272 = CARTESIAN_POINT ( 'NONE',  ( -1.749999999999991100, 0.2999999999999999900, 1.050000000000000000 ) ) ;
#1273 = CARTESIAN_POINT ( 'NONE',  ( 1.750000000000000200, 0.2999999999999999900, -1.050000000000000000 ) ) ;
#1274 = CARTESIAN_POINT ( 'NONE',  ( -1.649999999999991300, 0.02000000000000000000, 1.050000000000000000 ) ) ;
#1275 = CARTESIAN_POINT ( 'NONE',  ( 1.750000000000123000, 0.0000000000000000000, -1.399999999999999900 ) ) ;
#1276 = CARTESIAN_POINT ( 'NONE',  ( 1.183107586715372200, 0.02000000000000000000, -0.9000000000006389600 ) ) ;
#1277 = CARTESIAN_POINT ( 'NONE',  ( -0.9849999999999999900, 0.6999999999999999600, 1.250000000000000000 ) ) ;
#1278 = CARTESIAN_POINT ( 'NONE',  ( 1.650000000000000400, 0.2999999999999999900, -1.399999999999999900 ) ) ;
#1279 = CARTESIAN_POINT ( 'NONE',  ( 1.750000000000000200, 0.2999999999999999900, -0.7500000000000002200 ) ) ;
#1280 = CARTESIAN_POINT ( 'NONE',  ( -1.649999999999999900, 0.2999999999999999900, -1.050000000000000000 ) ) ;
#1281 = CARTESIAN_POINT ( 'NONE',  ( -1.485000000000000100, 0.6999999999999999600, 0.7500000000000000000 ) ) ;
#1282 = CARTESIAN_POINT ( 'NONE',  ( 1.700000000000000600, 0.01999999999999999700, 0.7500000000000004400 ) ) ;
#1283 = CARTESIAN_POINT ( 'NONE',  ( -0.8344999999999935800, 0.02000000000000000000, 0.9000000000000002400 ) ) ;
#1284 = CARTESIAN_POINT ( 'NONE',  ( -1.159093862195731000, 0.02000000000000000000, 0.9000000000002205100 ) ) ;
#1285 = CARTESIAN_POINT ( 'NONE',  ( -0.9849999999999999900, 0.6799999999999999400, 1.250000000000000000 ) ) ;
#1286 = CARTESIAN_POINT ( 'NONE',  ( 1.650000000000000100, 0.0000000000000000000, -1.049999999998949300 ) ) ;
#1287 = CARTESIAN_POINT ( 'NONE',  ( 1.379999999998493500, 0.0000000000000000000, -1.049999999996990500 ) ) ;
#1288 = CARTESIAN_POINT ( 'NONE',  ( -0.9849999999999999900, 0.6799999999999999400, -1.250000000000000000 ) ) ;
#1289 = CARTESIAN_POINT ( 'NONE',  ( -1.485000000000000100, 0.6799999999999999400, 0.7500000000000000000 ) ) ;
#1290 = CARTESIAN_POINT ( 'NONE',  ( -1.749999999999993100, 0.02000000000000000000, -1.050000000000000000 ) ) ;
#1291 = CARTESIAN_POINT ( 'NONE',  ( -1.700000000000003700, 0.0000000000000000000, -0.7500000000000002200 ) ) ;
#1292 = CARTESIAN_POINT ( 'NONE',  ( -1.700000000000003700, 0.01999999999999999700, -0.7500000000000002200 ) ) ;
#1293 = CARTESIAN_POINT ( 'NONE',  ( -1.159093862195731000, 0.0000000000000000000, 0.9000000000002205100 ) ) ;
#1294 = CARTESIAN_POINT ( 'NONE',  ( -0.8344999999999933600, 0.0000000000000000000, -0.9000000000004330100 ) ) ;
#1295 = CARTESIAN_POINT ( 'NONE',  ( -1.749999999999993100, 0.02000000000000000000, -0.7500000000000002200 ) ) ;
#1296 = CARTESIAN_POINT ( 'NONE',  ( -1.749999999999993600, 0.2999999999999999900, 0.7500000000000002200 ) ) ;
#1297 = CARTESIAN_POINT ( 'NONE',  ( -1.379999999999870900, 0.0000000000000000000, 1.050000000000000000 ) ) ;
#1298 = CARTESIAN_POINT ( 'NONE',  ( -1.749999999999993600, 0.0000000000000000000, 1.050000000000000000 ) ) ;
#1299 = CARTESIAN_POINT ( 'NONE',  ( -1.622029275222595800, 0.6999999999999999600, -1.372029275222595800 ) ) ;
#1300 = CARTESIAN_POINT ( 'NONE',  ( 1.750000000000123000, 0.02000000000000000000, -0.7500000000000002200 ) ) ;
#1301 = CARTESIAN_POINT ( 'NONE',  ( -1.750000000000003800, 0.2999999999999999900, -0.7500000000000002200 ) ) ;
#1302 = CARTESIAN_POINT ( 'NONE',  ( 1.700000000000000400, 0.2999999999999999900, -0.7500000000000002200 ) ) ;
#1303 = CARTESIAN_POINT ( 'NONE',  ( -1.699999999999993500, 0.01999999999999999700, 0.7500000000000002200 ) ) ;
#1304 = CARTESIAN_POINT ( 'NONE',  ( -1.649999999999999500, 0.0000000000000000000, 1.399999999999999900 ) ) ;
#1305 = CARTESIAN_POINT ( 'NONE',  ( 1.750000000000122800, 0.02000000000000000000, 1.050000000000000000 ) ) ;
#1306 = CARTESIAN_POINT ( 'NONE',  ( -1.649999999999999500, 0.2999999999999999900, 1.399999999999999900 ) ) ;
#1307 = CARTESIAN_POINT ( 'NONE',  ( 1.636014637611298300, 0.5000000000000000000, 0.9139853623887017600 ) ) ;
#1308 = CARTESIAN_POINT ( 'NONE',  ( -1.485000000000000100, 0.6999999999999999600, -0.7500000000000000000 ) ) ;
#1309 = CARTESIAN_POINT ( 'NONE',  ( 0.9849999999999947700, 0.6999999999999999600, 1.250000000000000000 ) ) ;
#1310 = CARTESIAN_POINT ( 'NONE',  ( 0.9849999999999947700, 0.6999999999999999600, -1.250000000000000000 ) ) ;
#1311 = CARTESIAN_POINT ( 'NONE',  ( -0.9849999999999999900, 0.6999999999999999600, -1.250000000000000000 ) ) ;
#1312 = CARTESIAN_POINT ( 'NONE',  ( -1.749999999999993100, 0.02000000000000000000, -0.7500000000000002200 ) ) ;
#1313 = CARTESIAN_POINT ( 'NONE',  ( 1.650000000000000400, 0.0000000000000000000, 1.399999999999999900 ) ) ;
#1314 = CARTESIAN_POINT ( 'NONE',  ( 1.484999999999998300, 0.6799999999999999400, -0.7500000000000000000 ) ) ;
#1315 = CARTESIAN_POINT ( 'NONE',  ( 1.650000000000000400, 0.2999999999999999900, 1.399999999999999900 ) ) ;
#1316 = CARTESIAN_POINT ( 'NONE',  ( -0.9849999999999999900, 0.6999999999999999600, 1.250000000000000000 ) ) ;
#1317 = CARTESIAN_POINT ( 'NONE',  ( -0.9849999999999999900, 0.6799999999999999400, 1.250000000000000000 ) ) ;
#1318 = CARTESIAN_POINT ( 'NONE',  ( 1.484999999999998300, 0.6999999999999999600, 0.7500000000000000000 ) ) ;
#1319 = CARTESIAN_POINT ( 'NONE',  ( 1.622029275222595800, 0.6999999999999999600, 0.9279707247774055000 ) ) ;
#1320 = CARTESIAN_POINT ( 'NONE',  ( 1.750000000000123000, 0.0000000000000000000, -1.050000000000000000 ) ) ;
#1321 = CARTESIAN_POINT ( 'NONE',  ( 1.750000000000123000, 0.02000000000000000000, -1.050000000000000000 ) ) ;
#1322 = CARTESIAN_POINT ( 'NONE',  ( 0.9849999999999947700, 0.6799999999999999400, -1.250000000000000000 ) ) ;
#1323 = CARTESIAN_POINT ( 'NONE',  ( 1.649999999999999900, 0.0000000000000000000, -1.050000000000000000 ) ) ;
#1324 = CARTESIAN_POINT ( 'NONE',  ( 1.484999999999998300, 0.6799999999999999400, 0.7500000000000000000 ) ) ;
#1325 = CARTESIAN_POINT ( 'NONE',  ( 1.379999999998493500, 0.02000000000000000000, -1.049999999996990500 ) ) ;
#1326 = CARTESIAN_POINT ( 'NONE',  ( -1.749999999999993600, 0.2999999999999999900, 1.050000000000000000 ) ) ;
#1327 = CARTESIAN_POINT ( 'NONE',  ( -1.649999999999999900, 0.2999999999999999900, 1.399999999999999900 ) ) ;
#1328 = CARTESIAN_POINT ( 'NONE',  ( -1.649999999999999900, 0.2999999999999999900, -1.399999999999999900 ) ) ;
#1329 = CARTESIAN_POINT ( 'NONE',  ( 0.9849999999999947700, 0.6799999999999999400, -1.250000000000000000 ) ) ;
#1330 = CARTESIAN_POINT ( 'NONE',  ( 1.750000000000123000, 0.0000000000000000000, -1.050000000000000000 ) ) ;
#1331 = CARTESIAN_POINT ( 'NONE',  ( -1.700000000000003700, 0.2999999999999999900, -0.7500000000000002200 ) ) ;
#1332 = CARTESIAN_POINT ( 'NONE',  ( -0.9849999999999999900, 0.6999999999999999600, -1.250000000000000000 ) ) ;
#1333 = CARTESIAN_POINT ( 'NONE',  ( -1.622029275222595800, 0.6999999999999999600, 1.372029275222595800 ) ) ;
#1334 = CARTESIAN_POINT ( 'NONE',  ( 0.9849999999999947700, 0.6999999999999999600, -1.250000000000000000 ) ) ;
#1335 = CARTESIAN_POINT ( 'NONE',  ( 1.750000000000123000, 0.02000000000000000000, -1.050000000000000000 ) ) ;
#1336 = CARTESIAN_POINT ( 'NONE',  ( 1.750000000000122800, 0.02000000000000000000, 0.7500000000000002200 ) ) ;
#1337 = CARTESIAN_POINT ( 'NONE',  ( 1.650000000000000400, 0.02000000000000000000, 1.049999999998949300 ) ) ;
#1338 = CARTESIAN_POINT ( 'NONE',  ( -1.699999999999993500, 0.2999999999999999900, 0.7500000000000002200 ) ) ;
#1339 = CARTESIAN_POINT ( 'NONE',  ( -1.485000000000000100, 0.6999999999999999600, 0.7500000000000000000 ) ) ;
#1340 = CARTESIAN_POINT ( 'NONE',  ( 1.750000000000000400, 0.2999999999999999900, 0.7500000000000002200 ) ) ;
#1341 = CARTESIAN_POINT ( 'NONE',  ( 1.750000000000122800, 0.0000000000000000000, 0.7500000000000002200 ) ) ;
#1342 = CARTESIAN_POINT ( 'NONE',  ( -1.485000000000000100, 0.6799999999999999400, -0.7500000000000000000 ) ) ;
#1343 = CARTESIAN_POINT ( 'NONE',  ( -1.485000000000000100, 0.6999999999999999600, -0.7500000000000000000 ) ) ;
#1344 = CARTESIAN_POINT ( 'NONE',  ( 1.750000000000123000, 0.02000000000000000000, -0.7500000000000002200 ) ) ;
#1345 = CARTESIAN_POINT ( 'NONE',  ( -1.649999999999999900, -0.0000000000000000000, -1.050000000000000000 ) ) ;
#1346 = CARTESIAN_POINT ( 'NONE',  ( -0.9849999999999999900, 0.6799999999999999400, -1.250000000000000000 ) ) ;
#1347 = CARTESIAN_POINT ( 'NONE',  ( -1.749999999999993100, -0.0000000000000000000, -1.050000000000000000 ) ) ;
#1348 = CARTESIAN_POINT ( 'NONE',  ( 1.380000000000122900, 0.0000000000000000000, 1.049999999996112000 ) ) ;
#1349 = CARTESIAN_POINT ( 'NONE',  ( 0.9849999999999947700, 0.6799999999999999400, 1.250000000000000000 ) ) ;
#1350 = CARTESIAN_POINT ( 'NONE',  ( -1.749999999999993600, 0.2999999999999999900, 1.399999999999999900 ) ) ;
#1351 = CARTESIAN_POINT ( 'NONE',  ( -1.650000000000005900, 0.0000000000000000000, -1.050000000000000000 ) ) ;
#1352 = CARTESIAN_POINT ( 'NONE',  ( 1.700000000000000600, 0.02000000000000000000, 0.7500000000000004400 ) ) ;
#1353 = CARTESIAN_POINT ( 'NONE',  ( -1.485000000000000100, 0.6799999999999999400, -0.7500000000000000000 ) ) ;
#1354 = CARTESIAN_POINT ( 'NONE',  ( 1.650000000000000400, 0.2999999999999999900, 1.399999999999999900 ) ) ;
#1355 = CARTESIAN_POINT ( 'NONE',  ( 1.750000000000122800, 0.2999999999999999900, 1.399999999999999900 ) ) ;
#1356 = CARTESIAN_POINT ( 'NONE',  ( 1.484999999999998300, 0.6999999999999999600, -0.7500000000000000000 ) ) ;
#1357 = CARTESIAN_POINT ( 'NONE',  ( 1.380000000000122900, 0.02000000000000000000, 1.049999999996112000 ) ) ;
#1358 = CARTESIAN_POINT ( 'NONE',  ( 1.750000000000122800, 0.0000000000000000000, 1.399999999999999900 ) ) ;
#1359 = CARTESIAN_POINT ( 'NONE',  ( 0.9849999999999947700, 0.6799999999999999400, 1.250000000000000000 ) ) ;
#1360 = CARTESIAN_POINT ( 'NONE',  ( 1.700000000000000400, 0.01999999999999999700, -0.7500000000000002200 ) ) ;
#1361 = CARTESIAN_POINT ( 'NONE',  ( 1.636014637611298300, 0.5000000000000000000, 1.386014637611297800 ) ) ;
#1362 = CARTESIAN_POINT ( 'NONE',  ( -1.650000000000005900, 0.02000000000000000000, -1.050000000000000000 ) ) ;
#1363 = CARTESIAN_POINT ( 'NONE',  ( 1.649999999999999900, 0.2999999999999999900, -1.050000000000000000 ) ) ;
#1364 = CARTESIAN_POINT ( 'NONE',  ( -1.649999999999995500, 0.0000000000000000000, 1.050000000000000000 ) ) ;
#1365 = CARTESIAN_POINT ( 'NONE',  ( -1.485000000000000100, 0.6799999999999999400, 0.7500000000000000000 ) ) ;
#1366 = CARTESIAN_POINT ( 'NONE',  ( 1.622029275222596200, 0.6999999999999999600, -1.372029275222595800 ) ) ;
#1367 = CARTESIAN_POINT ( 'NONE',  ( 1.650000000000000400, 0.0000000000000000000, 1.399999999999999900 ) ) ;
#1368 = CARTESIAN_POINT ( 'NONE',  ( 1.750000000000122800, 0.02000000000000000000, 0.7500000000000002200 ) ) ;
#1369 = CARTESIAN_POINT ( 'NONE',  ( 1.650000000000000400, 0.0000000000000000000, 1.050000000000000000 ) ) ;
#1370 = CARTESIAN_POINT ( 'NONE',  ( -1.649999999999999500, 0.2999999999999999900, 1.050000000000000000 ) ) ;
#1371 = CARTESIAN_POINT ( 'NONE',  ( 1.650000000000000400, 0.2999999999999999900, 1.050000000000000000 ) ) ;
#1372 = CARTESIAN_POINT ( 'NONE',  ( -1.699999999999993500, 0.02000000000000000000, 0.7500000000000002200 ) ) ;
#1373 = CARTESIAN_POINT ( 'NONE',  ( -1.649999999999999500, 0.0000000000000000000, 1.399999999999999900 ) ) ;
#1374 = CARTESIAN_POINT ( 'NONE',  ( -1.159093862195702100, 0.0000000000000000000, -0.9000000000004332300 ) ) ;
#1375 = CARTESIAN_POINT ( 'NONE',  ( -1.649999999999999500, 0.0000000000000000000, 1.050000000000000000 ) ) ;
#1376 = CARTESIAN_POINT ( 'NONE',  ( -1.749999999999993600, 0.02000000000000000000, 1.050000000000000000 ) ) ;
#1377 = CARTESIAN_POINT ( 'NONE',  ( 1.750000000000123000, 0.2999999999999999900, -1.050000000000000000 ) ) ;
#1378 = CARTESIAN_POINT ( 'NONE',  ( 1.650000000000000100, 0.02000000000000000000, -1.049999999998949300 ) ) ;
#1379 = CARTESIAN_POINT ( 'NONE',  ( -1.749999999999993600, 0.02000000000000000000, 0.7500000000000002200 ) ) ;
#1380 = CARTESIAN_POINT ( 'NONE',  ( -1.750000000000006000, 0.2999999999999999900, -1.050000000000000000 ) ) ;
#1381 = CARTESIAN_POINT ( 'NONE',  ( -1.749999999999993100, 0.2999999999999999900, -1.050000000000000000 ) ) ;
#1382 = CARTESIAN_POINT ( 'NONE',  ( -1.649999999999999900, -0.0000000000000000000, -1.399999999999999900 ) ) ;
#1383 = CARTESIAN_POINT ( 'NONE',  ( -1.749999999999993100, 0.02000000000000000000, -1.050000000000000000 ) ) ;
#1384 = CARTESIAN_POINT ( 'NONE',  ( -1.379999999999684100, 0.02000000000000000000, -1.050000000000105500 ) ) ;
#1385 = CARTESIAN_POINT ( 'NONE',  ( -0.2359999999999202500, 0.0000000000000000000, -0.9000000000004330100 ) ) ;
#1386 = CARTESIAN_POINT ( 'NONE',  ( -1.649999999999991300, 0.2999999999999999900, 1.050000000000000000 ) ) ;
#1387 = CARTESIAN_POINT ( 'NONE',  ( -1.699999999999993500, 0.0000000000000000000, 0.7500000000000002200 ) ) ;
#1388 = CARTESIAN_POINT ( 'NONE',  ( -1.749999999999993100, 0.0000000000000000000, -0.7500000000000002200 ) ) ;
#1389 = CARTESIAN_POINT ( 'NONE',  ( 1.650000000000000400, 0.2999999999999999900, 1.050000000000000000 ) ) ;
#1390 = CARTESIAN_POINT ( 'NONE',  ( -1.649999999999999500, 0.2999999999999999900, 1.399999999999999900 ) ) ;
#1391 = CARTESIAN_POINT ( 'NONE',  ( -1.379999999999684100, 0.0000000000000000000, -1.050000000000105500 ) ) ;
#1392 = CARTESIAN_POINT ( 'NONE',  ( -1.749999999999993600, 0.02000000000000000000, 1.050000000000000000 ) ) ;
#1393 = CARTESIAN_POINT ( 'NONE',  ( 1.484999999999998300, 0.6799999999999999400, -0.7500000000000000000 ) ) ;
#1394 = CARTESIAN_POINT ( 'NONE',  ( -1.749999999999993600, 0.02000000000000000000, 0.7500000000000002200 ) ) ;
#1395 = CARTESIAN_POINT ( 'NONE',  ( -1.700000000000003700, 0.02000000000000000000, -0.7500000000000002200 ) ) ;
#1396 = CARTESIAN_POINT ( 'NONE',  ( -1.749999999999993100, 0.0000000000000000000, -1.050000000000000000 ) ) ;
#1397 = CARTESIAN_POINT ( 'NONE',  ( 1.650000000000000400, 0.2999999999999999900, 1.399999999999999900 ) ) ;
#1398 = CARTESIAN_POINT ( 'NONE',  ( 1.750000000000122800, 0.0000000000000000000, 1.050000000000000000 ) ) ;
#1399 = CARTESIAN_POINT ( 'NONE',  ( 1.650000000000000400, 0.0000000000000000000, 1.050000000000000000 ) ) ;
#1400 = CARTESIAN_POINT ( 'NONE',  ( 1.700000000000000600, 0.0000000000000000000, 0.7500000000000004400 ) ) ;
#1401 = CARTESIAN_POINT ( 'NONE',  ( -1.379999999999684100, 0.02000000000000000000, -1.050000000000105500 ) ) ;
#1402 = CARTESIAN_POINT ( 'NONE',  ( 1.183107586715372200, 0.0000000000000000000, -0.9000000000006389600 ) ) ;
#1403 = CARTESIAN_POINT ( 'NONE',  ( 1.380000000000122900, 0.0000000000000000000, 1.049999999996112000 ) ) ;
#1404 = CARTESIAN_POINT ( 'NONE',  ( -0.8344999999999933600, -0.0000000000000000000, -0.9000000000004330100 ) ) ;
#1405 = CARTESIAN_POINT ( 'NONE',  ( -0.8344999999999935800, 0.0000000000000000000, 0.9000000000000002400 ) ) ;
#1406 = CARTESIAN_POINT ( 'NONE',  ( -1.379999999999870900, 0.0000000000000000000, 1.050000000000000000 ) ) ;
#1407 = CARTESIAN_POINT ( 'NONE',  ( -1.159093862195701900, 0.02000000000000000000, -0.9000000000004331200 ) ) ;
#1408 = CARTESIAN_POINT ( 'NONE',  ( 1.183107586715648400, 0.02000000000000000000, 0.8999999999994362500 ) ) ;
#1409 = CARTESIAN_POINT ( 'NONE',  ( -1.159093862195731000, 0.02000000000000000000, 0.9000000000002205100 ) ) ;
#1410 = CARTESIAN_POINT ( 'NONE',  ( 1.649999999999999900, 0.2999999999999999900, -1.399999999999999900 ) ) ;
#1411 = CARTESIAN_POINT ( 'NONE',  ( -0.8344999999999935800, 0.02000000000000000000, 0.9000000000000002400 ) ) ;
#1412 = CARTESIAN_POINT ( 'NONE',  ( 1.649999999999999900, 0.0000000000000000000, -1.399999999999999900 ) ) ;
#1413 = CARTESIAN_POINT ( 'NONE',  ( -1.159093862195701900, -0.0000000000000000000, -0.9000000000004331200 ) ) ;
#1414 = CARTESIAN_POINT ( 'NONE',  ( -0.2359999999999202500, 0.02000000000000000000, -0.9000000000004330100 ) ) ;
#1415 = CARTESIAN_POINT ( 'NONE',  ( 1.183107586715372200, 0.02000000000000000000, -0.9000000000006389600 ) ) ;
#1416 = CARTESIAN_POINT ( 'NONE',  ( 1.379999999999036700, 0.02000000000000000000, -1.049999999996697600 ) ) ;
#1417 = CARTESIAN_POINT ( 'NONE',  ( -0.8344999999999933600, 0.02000000000000000000, -0.9000000000004330100 ) ) ;
#1418 = CARTESIAN_POINT ( 'NONE',  ( -1.159093862195731000, 0.0000000000000000000, 0.9000000000002205100 ) ) ;
#1419 = CARTESIAN_POINT ( 'NONE',  ( 1.380000000000122900, 0.02000000000000000000, 1.049999999996112000 ) ) ;
#1420 = CARTESIAN_POINT ( 'NONE',  ( 1.379999999999036700, 0.0000000000000000000, -1.049999999996697600 ) ) ;
#1421 = CARTESIAN_POINT ( 'NONE',  ( -0.2360000000004451000, 0.0000000000000000000, 0.9000000000000002400 ) ) ;
#1422 = CARTESIAN_POINT ( 'NONE',  ( -0.2360000000004451000, 0.02000000000000000000, 0.9000000000000002400 ) ) ;
#1423 = CARTESIAN_POINT ( 'NONE',  ( -1.379999999999870900, 0.02000000000000000000, 1.050000000000000000 ) ) ;
#1424 = CARTESIAN_POINT ( 'NONE',  ( -1.379999999999684100, 0.0000000000000000000, -1.050000000000105500 ) ) ;
#1425 = CARTESIAN_POINT ( 'NONE',  ( -0.2359999999999202500, -0.0000000000000000000, -0.9000000000004330100 ) ) ;
#1426 = CARTESIAN_POINT ( 'NONE',  ( 1.183107586715648400, 0.0000000000000000000, 0.8999999999994362500 ) ) ;
#1427 = CARTESIAN_POINT ( 'NONE',  ( -1.749999999999993100, -0.0000000000000000000, -1.399999999999999900 ) ) ;
#1428 = CARTESIAN_POINT ( 'NONE',  ( 1.750000000000123000, 0.2999999999999999900, -1.399999999999999900 ) ) ;
#1429 = CARTESIAN_POINT ( 'NONE',  ( -1.749999999999993100, 0.2999999999999999900, -1.399999999999999900 ) ) ;
#1430 = CARTESIAN_POINT ( 'NONE',  ( -0.8344999999999935800, 0.0000000000000000000, 0.9000000000000002400 ) ) ;
#1431 = CARTESIAN_POINT ( 'NONE',  ( 1.649999999999999900, 0.0000000000000000000, -1.399999999999999900 ) ) ;
#1432 = CARTESIAN_POINT ( 'NONE',  ( -1.649999999999999900, 0.2999999999999999900, -1.399999999999999900 ) ) ;
#1433 = CARTESIAN_POINT ( 'NONE',  ( -1.379999999999870900, 0.02000000000000000000, 1.050000000000000000 ) ) ;
#1434 = CARTESIAN_POINT ( 'NONE',  ( 1.649999999999999900, 0.2999999999999999900, -1.399999999999999900 ) ) ;
#1435 = CARTESIAN_POINT ( 'NONE',  ( 1.183107586715372200, 0.0000000000000000000, -0.9000000000006389600 ) ) ;
#1436 = CARTESIAN_POINT ( 'NONE',  ( 1.183107586715648400, 0.02000000000000000000, 0.8999999999994362500 ) ) ;
#1437 = CARTESIAN_POINT ( 'NONE',  ( 1.183107586715648400, 0.0000000000000000000, 0.8999999999994362500 ) ) ;
#1438 = CARTESIAN_POINT ( 'NONE',  ( -1.749999999999993600, 0.0000000000000000000, 1.399999999999999900 ) ) ;
#1439 = CARTESIAN_POINT ( 'NONE',  ( 1.750000000000122800, 0.0000000000000000000, 1.050000000000000000 ) ) ;
#1440 = CARTESIAN_POINT ( 'NONE',  ( -0.2359999999999202500, 0.02000000000000000000, -0.9000000000004330100 ) ) ;
#1441 = CARTESIAN_POINT ( 'NONE',  ( -1.749999999999993600, 0.0000000000000000000, 0.7500000000000002200 ) ) ;
#1442 = CARTESIAN_POINT ( 'NONE',  ( -0.2360000000004451000, 0.0000000000000000000, 0.9000000000000002400 ) ) ;
#1443 = CARTESIAN_POINT ( 'NONE',  ( 1.750000000000122800, 0.02000000000000000000, 1.050000000000000000 ) ) ;
#1444 = CARTESIAN_POINT ( 'NONE',  ( -1.750000000000003800, 0.01999999999999999700, -0.7500000000000002200 ) ) ;
#1445 = DIRECTION ( 'NONE',  ( 1.000000000000000000, 0.0000000000000000000, 0.0000000000000000000 ) ) ;
#1446 = CARTESIAN_POINT ( 'NONE',  ( 1.636014637611298300, 0.5000000000000000000, -1.399999999999999900 ) ) ;
#1447 = CARTESIAN_POINT ( 'NONE',  ( -1.485000000000000100, 0.6799999999999999400, 0.7500000000000000000 ) ) ;
#1448 = DIRECTION ( 'NONE',  ( -0.0000000000000000000, -0.0000000000000000000, -1.000000000000000000 ) ) ;
#1449 = CARTESIAN_POINT ( 'NONE',  ( 1.661137526127862000, 0.1407259559200435000, 0.8888624738721385700 ) ) ;
#1450 = DIRECTION ( 'NONE',  ( 0.06958737431666478500, -0.9951458157835084700, -0.06958737431666478500 ) ) ;
#1451 = CARTESIAN_POINT ( 'NONE',  ( -0.9849999999999999900, 0.6799999999999999400, -1.250000000000000000 ) ) ;
#1452 = DIRECTION ( 'NONE',  ( 0.7071067811865474600, 0.0000000000000000000, 0.7071067811865474600 ) ) ;
#1453 = CARTESIAN_POINT ( 'NONE',  ( 1.636441272539995100, 0.4938988362712513600, 1.386441272539994600 ) ) ;
#1454 = DIRECTION ( 'NONE',  ( -0.7071067811865474600, 0.0000000000000000000, 0.7071067811865474600 ) ) ;
#1455 = CARTESIAN_POINT ( 'NONE',  ( 1.650000000000000400, 0.2999999999999999900, 1.050000000000000000 ) ) ;
#1456 = DIRECTION ( 'NONE',  ( 0.06958737431666479900, -0.9951458157835084700, 0.06958737431666479900 ) ) ;
#1457 = CARTESIAN_POINT ( 'NONE',  ( -1.485000000000000100, 0.6799999999999999400, -0.7500000000000000000 ) ) ;
#1458 = DIRECTION ( 'NONE',  ( 0.0000000000000000000, 0.0000000000000000000, 1.000000000000000000 ) ) ;
#1459 = CARTESIAN_POINT ( 'NONE',  ( -1.749999999999993600, 0.0000000000000000000, 1.399999999999999900 ) ) ;
#1460 = DIRECTION ( 'NONE',  ( -1.000000000000000000, 0.0000000000000000000, 0.0000000000000000000 ) ) ;
#1461 = CARTESIAN_POINT ( 'NONE',  ( -1.622029275222595800, 0.6999999999999999600, -1.399999999999999900 ) ) ;
#1462 = DIRECTION ( 'NONE',  ( -0.0000000000000000000, -0.0000000000000000000, 1.000000000000000000 ) ) ;
#1463 = CARTESIAN_POINT ( 'NONE',  ( -0.9849999999999999900, 0.6999999999999999600, 1.250000000000000000 ) ) ;
#1464 = DIRECTION ( 'NONE',  ( 0.0000000000000000000, 0.0000000000000000000, -1.000000000000000000 ) ) ;
#1465 = CARTESIAN_POINT ( 'NONE',  ( 0.9849999999999947700, 0.6999999999999999600, 1.250000000000000000 ) ) ;
#1466 = DIRECTION ( 'NONE',  ( -0.0000000000000000000, -1.000000000000000000, -0.0000000000000000000 ) ) ;
#1467 = CARTESIAN_POINT ( 'NONE',  ( -0.9849999999999999900, 0.6999999999999999600, -1.250000000000000000 ) ) ;
#1468 = DIRECTION ( 'NONE',  ( 1.000000000000000000, 0.0000000000000000000, 0.0000000000000000000 ) ) ;
#1469 = CARTESIAN_POINT ( 'NONE',  ( 0.9849999999999947700, 0.6799999999999999400, 1.250000000000000000 ) ) ;
#1470 = DIRECTION ( 'NONE',  ( -0.0000000000000000000, -1.000000000000000000, -0.0000000000000000000 ) ) ;
#1471 = CARTESIAN_POINT ( 'NONE',  ( -1.649999999999999900, 0.2999999999999999900, -1.399999999999999900 ) ) ;
#1472 = DIRECTION ( 'NONE',  ( 0.0000000000000000000, 0.0000000000000000000, 1.000000000000000000 ) ) ;
#1473 = CARTESIAN_POINT ( 'NONE',  ( 1.484999999999998300, 0.6999999999999999600, -0.7500000000000000000 ) ) ;
#1474 = DIRECTION ( 'NONE',  ( 0.7071067811865500200, 0.0000000000000000000, -0.7071067811865450200 ) ) ;
#1475 = CARTESIAN_POINT ( 'NONE',  ( 1.484999999999998300, 0.6999999999999999600, 0.7500000000000000000 ) ) ;
#1476 = DIRECTION ( 'NONE',  ( 0.0000000000000000000, 0.0000000000000000000, -1.000000000000000000 ) ) ;
#1477 = CARTESIAN_POINT ( 'NONE',  ( 0.9849999999999947700, 0.6999999999999999600, -1.250000000000000000 ) ) ;
#1478 = DIRECTION ( 'NONE',  ( -0.0000000000000000000, -1.000000000000000000, -0.0000000000000000000 ) ) ;
#1479 = CARTESIAN_POINT ( 'NONE',  ( 1.750000000000122800, 0.2999999999999999900, 1.399999999999999900 ) ) ;
#1480 = DIRECTION ( 'NONE',  ( -0.7071067811865500200, 0.0000000000000000000, -0.7071067811865450200 ) ) ;
#1481 = CARTESIAN_POINT ( 'NONE',  ( -1.649999999999999900, -0.0000000000000000000, -1.399999999999999900 ) ) ;
#1482 = DIRECTION ( 'NONE',  ( 0.0000000000000000000, 0.0000000000000000000, 1.000000000000000000 ) ) ;
#1483 = CARTESIAN_POINT ( 'NONE',  ( -1.649999999999999900, 0.6640054944640595400, -1.399999999999999900 ) ) ;
#1484 = DIRECTION ( 'NONE',  ( 0.0000000000000000000, -1.000000000000000000, 0.0000000000000000000 ) ) ;
#1485 = CARTESIAN_POINT ( 'NONE',  ( 1.484999999999998300, 0.6799999999999999400, -0.7500000000000000000 ) ) ;
#1486 = DIRECTION ( 'NONE',  ( 0.0000000000000000000, 0.0000000000000000000, -1.000000000000000000 ) ) ;
#1487 = CARTESIAN_POINT ( 'NONE',  ( 1.750000000000123000, 0.2999999999999999900, -1.399999999999999900 ) ) ;
#1488 = DIRECTION ( 'NONE',  ( -1.000000000000000000, 0.0000000000000000000, 0.0000000000000000000 ) ) ;
#1489 = CARTESIAN_POINT ( 'NONE',  ( 0.9849999999999947700, 0.6999999999999999600, -1.250000000000000000 ) ) ;
#1490 = DIRECTION ( 'NONE',  ( -1.000000000000000000, 0.0000000000000000000, 0.0000000000000000000 ) ) ;
#1491 = CARTESIAN_POINT ( 'NONE',  ( -1.749999999999993100, -0.0000000000000000000, -1.399999999999999900 ) ) ;
#1492 = DIRECTION ( 'NONE',  ( -0.0000000000000000000, -0.0000000000000000000, -1.000000000000000000 ) ) ;
#1493 = CARTESIAN_POINT ( 'NONE',  ( -1.485000000000000100, 0.6999999999999999600, -0.7500000000000000000 ) ) ;
#1494 = DIRECTION ( 'NONE',  ( -0.0000000000000000000, -1.000000000000000000, -0.0000000000000000000 ) ) ;
#1495 = CARTESIAN_POINT ( 'NONE',  ( -1.649999999999999900, 0.2999999999999999900, 1.399999999999999900 ) ) ;
#1496 = DIRECTION ( 'NONE',  ( -0.06958737431666479900, -0.9951458157835084700, 0.06958737431666479900 ) ) ;
#1497 = CARTESIAN_POINT ( 'NONE',  ( -0.9849999999999999900, 0.6999999999999999600, 1.250000000000000000 ) ) ;
#1498 = DIRECTION ( 'NONE',  ( -0.7071067811865500200, 0.0000000000000000000, -0.7071067811865450200 ) ) ;
#1499 = CARTESIAN_POINT ( 'NONE',  ( -1.485000000000000100, 0.6999999999999999600, 0.7500000000000000000 ) ) ;
#1500 = DIRECTION ( 'NONE',  ( -0.0000000000000000000, -1.000000000000000000, -0.0000000000000000000 ) ) ;
#1501 = CARTESIAN_POINT ( 'NONE',  ( -1.749999999999993600, 0.2999999999999999900, 1.399999999999999900 ) ) ;
#1502 = DIRECTION ( 'NONE',  ( -0.0000000000000000000, -1.000000000000000000, -0.0000000000000000000 ) ) ;
#1503 = CARTESIAN_POINT ( 'NONE',  ( -1.649999999999999900, 0.2999999999999999900, 1.399999999999999900 ) ) ;
#1504 = DIRECTION ( 'NONE',  ( 1.000000000000000000, 0.0000000000000000000, 0.0000000000000000000 ) ) ;
#1505 = CARTESIAN_POINT ( 'NONE',  ( 1.484999999999998300, 0.6999999999999999600, -0.7500000000000000000 ) ) ;
#1506 = DIRECTION ( 'NONE',  ( -0.0000000000000000000, -1.000000000000000000, -0.0000000000000000000 ) ) ;
#1507 = CARTESIAN_POINT ( 'NONE',  ( 1.622029275222596200, 0.6999999999999999600, -1.399999999999999900 ) ) ;
#1508 = DIRECTION ( 'NONE',  ( -0.0000000000000000000, -0.0000000000000000000, -1.000000000000000000 ) ) ;
#1509 = CARTESIAN_POINT ( 'NONE',  ( -1.749999999999993600, 0.6640054944640595400, 1.050000000000000000 ) ) ;
#1510 = DIRECTION ( 'NONE',  ( 0.0000000000000000000, -1.000000000000000000, 0.0000000000000000000 ) ) ;
#1511 = CARTESIAN_POINT ( 'NONE',  ( -0.9849999999999999900, 0.6999999999999999600, -1.250000000000000000 ) ) ;
#1512 = DIRECTION ( 'NONE',  ( 0.0000000000000000000, 0.0000000000000000000, 1.000000000000000000 ) ) ;
#1513 = CARTESIAN_POINT ( 'NONE',  ( -1.485000000000000100, 0.6999999999999999600, 0.7500000000000000000 ) ) ;
#1514 = DIRECTION ( 'NONE',  ( 0.7071067811865474600, 0.0000000000000000000, 0.7071067811865474600 ) ) ;
#1515 = CARTESIAN_POINT ( 'NONE',  ( 1.650000000000000400, 0.2999999999999999900, -1.399999999999999900 ) ) ;
#1516 = DIRECTION ( 'NONE',  ( -0.0000000000000000000, -0.0000000000000000000, -1.000000000000000000 ) ) ;
#1517 = CARTESIAN_POINT ( 'NONE',  ( -1.649999999999999900, 0.2999999999999999900, -1.399999999999999900 ) ) ;
#1518 = DIRECTION ( 'NONE',  ( -0.06958737431666479900, -0.9951458157835084700, -0.06958737431666479900 ) ) ;
#1519 = CARTESIAN_POINT ( 'NONE',  ( -1.649999999999999500, 0.2999999999999999900, 1.399999999999999900 ) ) ;
#1520 = DIRECTION ( 'NONE',  ( 0.0000000000000000000, 0.0000000000000000000, -1.000000000000000000 ) ) ;
#1521 = CARTESIAN_POINT ( 'NONE',  ( 1.650000000000000400, 0.6640054944640595400, 1.050000000000000000 ) ) ;
#1522 = DIRECTION ( 'NONE',  ( 0.0000000000000000000, -1.000000000000000000, 0.0000000000000000000 ) ) ;
#1523 = CARTESIAN_POINT ( 'NONE',  ( 1.750000000000123000, 0.2999999999999999900, -1.050000000000000000 ) ) ;
#1524 = DIRECTION ( 'NONE',  ( -0.7071067811865474600, 0.0000000000000000000, 0.7071067811865474600 ) ) ;
#1525 = CARTESIAN_POINT ( 'NONE',  ( -1.649999999999999900, 0.6999999999999999600, 1.372029275222595800 ) ) ;
#1526 = DIRECTION ( 'NONE',  ( 1.000000000000000000, -0.0000000000000000000, -0.0000000000000000000 ) ) ;
#1527 = CARTESIAN_POINT ( 'NONE',  ( 0.9849999999999947700, 0.6999999999999999600, 1.250000000000000000 ) ) ;
#1528 = DIRECTION ( 'NONE',  ( 0.7071067811865500200, 0.0000000000000000000, -0.7071067811865450200 ) ) ;
#1529 = CARTESIAN_POINT ( 'NONE',  ( 1.136441272539995500, 0.1061011637287485500, 1.413558727460005200 ) ) ;
#1530 = DIRECTION ( 'NONE',  ( 0.06958737431666479900, 0.9951458157835084700, -0.06958737431666479900 ) ) ;
#1531 = CARTESIAN_POINT ( 'NONE',  ( -0.9849999999999999900, 0.6799999999999999400, 1.250000000000000000 ) ) ;
#1532 = DIRECTION ( 'NONE',  ( 1.000000000000000000, 0.0000000000000000000, 0.0000000000000000000 ) ) ;
#1533 = CARTESIAN_POINT ( 'NONE',  ( -1.485000000000000100, 0.6999999999999999600, -0.7500000000000000000 ) ) ;
#1534 = DIRECTION ( 'NONE',  ( 0.0000000000000000000, 0.0000000000000000000, 1.000000000000000000 ) ) ;
#1535 = CARTESIAN_POINT ( 'NONE',  ( 1.634020071207851600, 0.5285236284625463000, -1.384020071207851000 ) ) ;
#1536 = DIRECTION ( 'NONE',  ( 0.06958737431666479900, -0.9951458157835084700, -0.06958737431666479900 ) ) ;
#1537 = CARTESIAN_POINT ( 'NONE',  ( -1.749999999999993100, 0.2999999999999999900, -1.399999999999999900 ) ) ;
#1538 = DIRECTION ( 'NONE',  ( 0.0000000000000000000, 0.0000000000000000000, 1.000000000000000000 ) ) ;
#1539 = CARTESIAN_POINT ( 'NONE',  ( -1.649999999999999900, 0.5000000000000000000, 1.386014637611297800 ) ) ;
#1540 = DIRECTION ( 'NONE',  ( 1.000000000000000000, -0.0000000000000000000, -0.0000000000000000000 ) ) ;
#1541 = CARTESIAN_POINT ( 'NONE',  ( -1.649999999999999900, -0.0000000000000000000, -1.050000000000000000 ) ) ;
#1542 = DIRECTION ( 'NONE',  ( -1.000000000000000000, 0.0000000000000000000, 0.0000000000000000000 ) ) ;
#1543 = CARTESIAN_POINT ( 'NONE',  ( 1.484999999999998300, 0.6799999999999999400, 0.7500000000000000000 ) ) ;
#1544 = DIRECTION ( 'NONE',  ( 0.0000000000000000000, 0.0000000000000000000, -1.000000000000000000 ) ) ;
#1545 = LINE ( 'NONE', #982, #1547 ) ;
#1546 = CIRCLE ( 'NONE', #876, 0.3000000000006111700 ) ;
#1547 = VECTOR ( 'NONE', #988, 1000.000000000000000 ) ;
#1548 = VECTOR ( 'NONE', #990, 1000.000000000000000 ) ;
#1549 = LINE ( 'NONE', #993, #1560 ) ;
#1550 = VECTOR ( 'NONE', #992, 1000.000000000000000 ) ;
#1551 = LINE ( 'NONE', #1001, #1562 ) ;
#1552 = VECTOR ( 'NONE', #994, 1000.000000000000000 ) ;
#1553 = LINE ( 'NONE', #1003, #1566 ) ;
#1554 = LINE ( 'NONE', #995, #1555 ) ;
#1555 = VECTOR ( 'NONE', #996, 1000.000000000000000 ) ;
#1556 = LINE ( 'NONE', #997, #1557 ) ;
#1557 = VECTOR ( 'NONE', #998, 1000.000000000000000 ) ;
#1558 = LINE ( 'NONE', #999, #1559 ) ;
#1559 = VECTOR ( 'NONE', #1000, 1000.000000000000000 ) ;
#1560 = VECTOR ( 'NONE', #1002, 1000.000000000000000 ) ;
#1561 = LINE ( 'NONE', #1007, #1568 ) ;
#1562 = VECTOR ( 'NONE', #1004, 1000.000000000000000 ) ;
#1563 = LINE ( 'NONE', #1009, #1570 ) ;
#1564 = LINE ( 'NONE', #1005, #1565 ) ;
#1565 = VECTOR ( 'NONE', #1006, 1000.000000000000000 ) ;
#1566 = VECTOR ( 'NONE', #1008, 1000.000000000000000 ) ;
#1567 = LINE ( 'NONE', #1011, #1572 ) ;
#1568 = VECTOR ( 'NONE', #1010, 1000.000000000000000 ) ;
#1569 = LINE ( 'NONE', #1013, #1576 ) ;
#1570 = VECTOR ( 'NONE', #1012, 1000.000000000000000 ) ;
#1571 = LINE ( 'NONE', #1017, #1578 ) ;
#1572 = VECTOR ( 'NONE', #1014, 1000.000000000000000 ) ;
#1573 = LINE ( 'NONE', #1019, #1580 ) ;
#1574 = LINE ( 'NONE', #1015, #1575 ) ;
#1575 = VECTOR ( 'NONE', #1016, 1000.000000000000000 ) ;
#1576 = VECTOR ( 'NONE', #1018, 1000.000000000000000 ) ;
#1577 = LINE ( 'NONE', #1021, #1584 ) ;
#1578 = VECTOR ( 'NONE', #1020, 1000.000000000000000 ) ;
#1579 = LINE ( 'NONE', #1025, #1592 ) ;
#1580 = VECTOR ( 'NONE', #1022, 1000.000000000000100 ) ;
#1581 = LINE ( 'NONE', #1033, #1598 ) ;
#1582 = LINE ( 'NONE', #1023, #1583 ) ;
#1583 = VECTOR ( 'NONE', #1024, 1000.000000000000000 ) ;
#1584 = VECTOR ( 'NONE', #1026, 1000.000000000000000 ) ;
#1585 = LINE ( 'NONE', #1039, #1600 ) ;
#1586 = LINE ( 'NONE', #1027, #1587 ) ;
#1587 = VECTOR ( 'NONE', #1028, 1000.000000000000000 ) ;
#1588 = LINE ( 'NONE', #1029, #1589 ) ;
#1589 = VECTOR ( 'NONE', #1030, 1000.000000000000000 ) ;
#1590 = LINE ( 'NONE', #1031, #1591 ) ;
#1591 = VECTOR ( 'NONE', #1032, 1000.000000000000000 ) ;
#1592 = VECTOR ( 'NONE', #1034, 1000.000000000000000 ) ;
#1593 = LINE ( 'NONE', #1041, #1603 ) ;
#1594 = LINE ( 'NONE', #1035, #1595 ) ;
#1595 = VECTOR ( 'NONE', #1036, 1000.000000000000000 ) ;
#1596 = LINE ( 'NONE', #1037, #1597 ) ;
#1597 = VECTOR ( 'NONE', #1038, 1000.000000000000000 ) ;
#1598 = VECTOR ( 'NONE', #1040, 1000.000000000000000 ) ;
#1599 = LINE ( 'NONE', #1062, #1619 ) ;
#1600 = VECTOR ( 'NONE', #1042, 1000.000000000000000 ) ;
#1601 = LINE ( 'NONE', #1043, #1602 ) ;
#1602 = VECTOR ( 'NONE', #1044, 1000.000000000000000 ) ;
#1603 = VECTOR ( 'NONE', #1047, 1000.000000000000000 ) ;
#1604 = VECTOR ( 'NONE', #1049, 1000.000000000000000 ) ;
#1605 = LINE ( 'NONE', #1046, #1604 ) ;
#1606 = LINE ( 'NONE', #1058, #1609 ) ;
#1607 = LINE ( 'NONE', #1066, #1621 ) ;
#1608 = CIRCLE ( 'NONE', #871, 0.3000000000006111700 ) ;
#1609 = VECTOR ( 'NONE', #1059, 1000.000000000000000 ) ;
#1610 = CIRCLE ( 'NONE', #875, 0.3000000000006111700 ) ;
#1611 = LINE ( 'NONE', #1053, #1615 ) ;
#1612 = CIRCLE ( 'NONE', #885, 0.3000000000012283400 ) ;
#1613 = LINE ( 'NONE', #1060, #1614 ) ;
#1614 = VECTOR ( 'NONE', #1061, 1000.000000000000000 ) ;
#1615 = VECTOR ( 'NONE', #1063, 1000.000000000000000 ) ;
#1616 = LINE ( 'NONE', #1068, #1625 ) ;
#1617 = LINE ( 'NONE', #1064, #1618 ) ;
#1618 = VECTOR ( 'NONE', #1065, 1000.000000000000000 ) ;
#1619 = VECTOR ( 'NONE', #1067, 1000.000000000000000 ) ;
#1620 = LINE ( 'NONE', #1072, #1627 ) ;
#1621 = VECTOR ( 'NONE', #1069, 1000.000000000000000 ) ;
#1622 = LINE ( 'NONE', #1074, #1629 ) ;
#1623 = LINE ( 'NONE', #1070, #1624 ) ;
#1624 = VECTOR ( 'NONE', #1071, 1000.000000000000000 ) ;
#1625 = VECTOR ( 'NONE', #1073, 1000.000000000000000 ) ;
#1626 = LINE ( 'NONE', #1076, #1631 ) ;
#1627 = VECTOR ( 'NONE', #1075, 1000.000000000000000 ) ;
#1628 = LINE ( 'NONE', #1078, #1632 ) ;
#1629 = VECTOR ( 'NONE', #1077, 1000.000000000000000 ) ;
#1630 = LINE ( 'NONE', #1080, #1636 ) ;
#1631 = VECTOR ( 'NONE', #1079, 1000.000000000000000 ) ;
#1632 = VECTOR ( 'NONE', #1081, 1000.000000000000000 ) ;
#1633 = VECTOR ( 'NONE', #1099, 1000.000000000000000 ) ;
#1634 = LINE ( 'NONE', #1082, #1635 ) ;
#1635 = VECTOR ( 'NONE', #1083, 1000.000000000000000 ) ;
#1636 = VECTOR ( 'NONE', #1085, 1000.000000000000000 ) ;
#1637 = VECTOR ( 'NONE', #1090, 1000.000000000000000 ) ;
#1638 = LINE ( 'NONE', #1102, #1655 ) ;
#1639 = LINE ( 'NONE', #1089, #1644 ) ;
#1640 = LINE ( 'NONE', #1084, #1637 ) ;
#1641 = CIRCLE ( 'NONE', #872, 0.2999999999997456900 ) ;
#1642 = LINE ( 'NONE', #1092, #1643 ) ;
#1643 = VECTOR ( 'NONE', #1093, 1000.000000000000000 ) ;
#1644 = VECTOR ( 'NONE', #1095, 1000.000000000000000 ) ;
#1645 = LINE ( 'NONE', #1098, #1649 ) ;
#1646 = LINE ( 'NONE', #1100, #1651 ) ;
#1647 = LINE ( 'NONE', #1091, #1633 ) ;
#1648 = CIRCLE ( 'NONE', #888, 0.3000000000012283400 ) ;
#1649 = VECTOR ( 'NONE', #1101, 1000.000000000000000 ) ;
#1650 = LINE ( 'NONE', #1106, #1657 ) ;
#1651 = VECTOR ( 'NONE', #1103, 1000.000000000000000 ) ;
#1652 = LINE ( 'NONE', #1108, #1659 ) ;
#1653 = LINE ( 'NONE', #1104, #1654 ) ;
#1654 = VECTOR ( 'NONE', #1105, 1000.000000000000000 ) ;
#1655 = VECTOR ( 'NONE', #1107, 1000.000000000000000 ) ;
#1656 = LINE ( 'NONE', #1110, #1663 ) ;
#1657 = VECTOR ( 'NONE', #1109, 1000.000000000000000 ) ;
#1658 = LINE ( 'NONE', #1114, #1665 ) ;
#1659 = VECTOR ( 'NONE', #1111, 1000.000000000000000 ) ;
#1660 = LINE ( 'NONE', #1116, #1669 ) ;
#1661 = LINE ( 'NONE', #1112, #1662 ) ;
#1662 = VECTOR ( 'NONE', #1113, 1000.000000000000000 ) ;
#1663 = VECTOR ( 'NONE', #1115, 1000.000000000000000 ) ;
#1664 = LINE ( 'NONE', #1120, #1671 ) ;
#1665 = VECTOR ( 'NONE', #1117, 1000.000000000000000 ) ;
#1666 = LINE ( 'NONE', #1122, #1673 ) ;
#1667 = LINE ( 'NONE', #1118, #1668 ) ;
#1668 = VECTOR ( 'NONE', #1119, 1000.000000000000000 ) ;
#1669 = VECTOR ( 'NONE', #1121, 1000.000000000000000 ) ;
#1670 = LINE ( 'NONE', #1139, #1692 ) ;
#1671 = VECTOR ( 'NONE', #1124, 1000.000000000000000 ) ;
#1672 = VECTOR ( 'NONE', #1132, 1000.000000000000000 ) ;
#1673 = VECTOR ( 'NONE', #1126, 1000.000000000000000 ) ;
#1674 = LINE ( 'NONE', #1131, #1680 ) ;
#1675 = LINE ( 'NONE', #1127, #1676 ) ;
#1676 = VECTOR ( 'NONE', #1128, 1000.000000000000000 ) ;
#1677 = LINE ( 'NONE', #1133, #1686 ) ;
#1678 = LINE ( 'NONE', #1123, #1672 ) ;
#1679 = CIRCLE ( 'NONE', #887, 0.2999999999997855500 ) ;
#1680 = VECTOR ( 'NONE', #1134, 1000.000000000000000 ) ;
#1681 = LINE ( 'NONE', #1145, #1700 ) ;
#1682 = LINE ( 'NONE', #1135, #1683 ) ;
#1683 = VECTOR ( 'NONE', #1136, 1000.000000000000000 ) ;
#1684 = LINE ( 'NONE', #1137, #1685 ) ;
#1685 = VECTOR ( 'NONE', #1138, 1000.000000000000000 ) ;
#1686 = VECTOR ( 'NONE', #1140, 1000.000000000000000 ) ;
#1687 = LINE ( 'NONE', #1153, #1708 ) ;
#1688 = LINE ( 'NONE', #1141, #1689 ) ;
#1689 = VECTOR ( 'NONE', #1142, 1000.000000000000000 ) ;
#1690 = LINE ( 'NONE', #1143, #1691 ) ;
#1691 = VECTOR ( 'NONE', #1144, 1000.000000000000000 ) ;
#1692 = VECTOR ( 'NONE', #1146, 1000.000000000000000 ) ;
#1693 = LINE ( 'NONE', #1161, #1712 ) ;
#1694 = LINE ( 'NONE', #1147, #1695 ) ;
#1695 = VECTOR ( 'NONE', #1148, 1000.000000000000000 ) ;
#1696 = LINE ( 'NONE', #1149, #1697 ) ;
#1697 = VECTOR ( 'NONE', #1150, 1000.000000000000000 ) ;
#1698 = LINE ( 'NONE', #1151, #1699 ) ;
#1699 = VECTOR ( 'NONE', #1152, 1000.000000000000000 ) ;
#1700 = VECTOR ( 'NONE', #1154, 1000.000000000000000 ) ;
#1701 = LINE ( 'NONE', #1165, #1716 ) ;
#1702 = LINE ( 'NONE', #1155, #1703 ) ;
#1703 = VECTOR ( 'NONE', #1156, 1000.000000000000000 ) ;
#1704 = LINE ( 'NONE', #1157, #1705 ) ;
#1705 = VECTOR ( 'NONE', #1158, 1000.000000000000000 ) ;
#1706 = LINE ( 'NONE', #1159, #1707 ) ;
#1707 = VECTOR ( 'NONE', #1160, 1000.000000000000000 ) ;
#1708 = VECTOR ( 'NONE', #1162, 1000.000000000000000 ) ;
#1709 = LINE ( 'NONE', #1184, #1735 ) ;
#1710 = LINE ( 'NONE', #1163, #1711 ) ;
#1711 = VECTOR ( 'NONE', #1164, 1000.000000000000000 ) ;
#1712 = VECTOR ( 'NONE', #1166, 1000.000000000000000 ) ;
#1713 = VECTOR ( 'NONE', #1177, 1000.000000000000000 ) ;
#1714 = LINE ( 'NONE', #1168, #1715 ) ;
#1715 = VECTOR ( 'NONE', #1169, 1000.000000000000000 ) ;
#1716 = VECTOR ( 'NONE', #1171, 1000.000000000000000 ) ;
#1717 = LINE ( 'NONE', #1176, #1727 ) ;
#1718 = LINE ( 'NONE', #1172, #1719 ) ;
#1719 = VECTOR ( 'NONE', #1173, 1000.000000000000000 ) ;
#1720 = LINE ( 'NONE', #1182, #1729 ) ;
#1721 = LINE ( 'NONE', #1167, #1713 ) ;
#1722 = CIRCLE ( 'NONE', #889, 0.2999999999996109100 ) ;
#1723 = LINE ( 'NONE', #1178, #1724 ) ;
#1724 = VECTOR ( 'NONE', #1179, 1000.000000000000000 ) ;
#1725 = LINE ( 'NONE', #1180, #1726 ) ;
#1726 = VECTOR ( 'NONE', #1181, 1000.000000000000000 ) ;
#1727 = VECTOR ( 'NONE', #1183, 1000.000000000000000 ) ;
#1728 = LINE ( 'NONE', #1190, #1745 ) ;
#1729 = VECTOR ( 'NONE', #1185, 1000.000000000000000 ) ;
#1730 = LINE ( 'NONE', #1200, #1747 ) ;
#1731 = LINE ( 'NONE', #1186, #1732 ) ;
#1732 = VECTOR ( 'NONE', #1187, 1000.000000000000000 ) ;
#1733 = LINE ( 'NONE', #1188, #1734 ) ;
#1734 = VECTOR ( 'NONE', #1189, 1000.000000000000000 ) ;
#1735 = VECTOR ( 'NONE', #1191, 1000.000000000000000 ) ;
#1736 = LINE ( 'NONE', #1202, #1751 ) ;
#1737 = LINE ( 'NONE', #1192, #1738 ) ;
#1738 = VECTOR ( 'NONE', #1193, 1000.000000000000000 ) ;
#1739 = LINE ( 'NONE', #1194, #1740 ) ;
#1740 = VECTOR ( 'NONE', #1195, 1000.000000000000000 ) ;
#1741 = LINE ( 'NONE', #1196, #1742 ) ;
#1742 = VECTOR ( 'NONE', #1197, 1000.000000000000000 ) ;
#1743 = LINE ( 'NONE', #1198, #1744 ) ;
#1744 = VECTOR ( 'NONE', #1199, 1000.000000000000000 ) ;
#1745 = VECTOR ( 'NONE', #1201, 1000.000000000000000 ) ;
#1746 = LINE ( 'NONE', #1206, #1757 ) ;
#1747 = VECTOR ( 'NONE', #1203, 1000.000000000000000 ) ;
#1748 = LINE ( 'NONE', #1212, #1761 ) ;
#1749 = LINE ( 'NONE', #1204, #1750 ) ;
#1750 = VECTOR ( 'NONE', #1205, 1000.000000000000000 ) ;
#1751 = VECTOR ( 'NONE', #1207, 1000.000000000000000 ) ;
#1752 = LINE ( 'NONE', #1216, #1763 ) ;
#1753 = LINE ( 'NONE', #1208, #1754 ) ;
#1754 = VECTOR ( 'NONE', #1209, 1000.000000000000000 ) ;
#1755 = LINE ( 'NONE', #1210, #1756 ) ;
#1756 = VECTOR ( 'NONE', #1211, 1000.000000000000000 ) ;
#1757 = VECTOR ( 'NONE', #1213, 1000.000000000000000 ) ;
#1758 = LINE ( 'NONE', #1218, #1765 ) ;
#1759 = LINE ( 'NONE', #1214, #1760 ) ;
#1760 = VECTOR ( 'NONE', #1215, 1000.000000000000000 ) ;
#1761 = VECTOR ( 'NONE', #1217, 1000.000000000000000 ) ;
#1762 = LINE ( 'NONE', #1220, #1773 ) ;
#1763 = VECTOR ( 'NONE', #1219, 1000.000000000000000 ) ;
#1764 = LINE ( 'NONE', #1228, #1775 ) ;
#1765 = VECTOR ( 'NONE', #1221, 1000.000000000000000 ) ;
#1766 = VECTOR ( 'NONE', #1236, 1000.000000000000000 ) ;
#1767 = LINE ( 'NONE', #1222, #1768 ) ;
#1768 = VECTOR ( 'NONE', #1223, 1000.000000000000000 ) ;
#1769 = LINE ( 'NONE', #1224, #1770 ) ;
#1770 = VECTOR ( 'NONE', #1225, 1000.000000000000000 ) ;
#1771 = LINE ( 'NONE', #1226, #1772 ) ;
#1772 = VECTOR ( 'NONE', #1227, 1000.000000000000000 ) ;
#1773 = VECTOR ( 'NONE', #1230, 1000.000000000000000 ) ;
#1774 = LINE ( 'NONE', #1235, #1766 ) ;
#1775 = VECTOR ( 'NONE', #1232, 1000.000000000000000 ) ;
#1776 = VECTOR ( 'NONE', #1445, 1000.000000000000000 ) ;
#1777 = LINE ( 'NONE', #1444, #1776 ) ;
#1778 = LINE ( 'NONE', #1229, #1784 ) ;
#1779 = CIRCLE ( 'NONE', #890, 0.2999999999997855500 ) ;
#1780 = LINE ( 'NONE', #1237, #1781 ) ;
#1781 = VECTOR ( 'NONE', #1238, 1000.000000000000000 ) ;
#1782 = LINE ( 'NONE', #1240, #1783 ) ;
#1783 = VECTOR ( 'NONE', #1241, 1000.000000000000000 ) ;
#1784 = VECTOR ( 'NONE', #1243, 1000.000000000000000 ) ;
#1785 = COLOUR_RGB ( '',0.7529411764705882200, 0.7529411764705882200, 0.7529411764705882200 ) ;
#1786 = SURFACE_STYLE_FILL_AREA ( #1248 ) ;
#1787 = LINE ( 'NONE', #1451, #1800 ) ;
#1788 = CIRCLE ( 'NONE', #886, 0.2999999999996109100 ) ;
#1789 = PRESENTATION_STYLE_ASSIGNMENT (( #1250 ) ) ;
#1790 = STYLED_ITEM ( 'NONE', ( #1789 ), #3156 ) ;
#1791 =( GEOMETRIC_REPRESENTATION_CONTEXT ( 3 ) GLOBAL_UNCERTAINTY_ASSIGNED_CONTEXT ( ( #3189 ) ) GLOBAL_UNIT_ASSIGNED_CONTEXT ( ( #1251, #1252, #1253 ) ) REPRESENTATION_CONTEXT ( 'NONE', 'WORKASPACE' ) );
#1792 = LINE ( 'NONE', #1447, #1798 ) ;
#1793 = VECTOR ( 'NONE', #1448, 1000.000000000000000 ) ;
#1794 = LINE ( 'NONE', #1446, #1793 ) ;
#1795 = LINE ( 'NONE', #1453, #1802 ) ;
#1796 = LINE ( 'NONE', #1449, #1797 ) ;
#1797 = VECTOR ( 'NONE', #1450, 1000.000000000000200 ) ;
#1798 = VECTOR ( 'NONE', #1452, 1000.000000000000100 ) ;
#1799 = LINE ( 'NONE', #1455, #1806 ) ;
#1800 = VECTOR ( 'NONE', #1454, 1000.000000000000100 ) ;
#1801 = LINE ( 'NONE', #1459, #1810 ) ;
#1802 = VECTOR ( 'NONE', #1456, 1000.000000000000200 ) ;
#1803 = LINE ( 'NONE', #1463, #1814 ) ;
#1804 = LINE ( 'NONE', #1457, #1805 ) ;
#1805 = VECTOR ( 'NONE', #1458, 1000.000000000000000 ) ;
#1806 = VECTOR ( 'NONE', #1460, 1000.000000000000000 ) ;
#1807 = LINE ( 'NONE', #1467, #1816 ) ;
#1808 = LINE ( 'NONE', #1461, #1809 ) ;
#1809 = VECTOR ( 'NONE', #1462, 1000.000000000000000 ) ;
#1810 = VECTOR ( 'NONE', #1464, 1000.000000000000000 ) ;
#1811 = LINE ( 'NONE', #1469, #1820 ) ;
#1812 = LINE ( 'NONE', #1465, #1813 ) ;
#1813 = VECTOR ( 'NONE', #1466, 1000.000000000000000 ) ;
#1814 = VECTOR ( 'NONE', #1468, 1000.000000000000000 ) ;
#1815 = LINE ( 'NONE', #1473, #1826 ) ;
#1816 = VECTOR ( 'NONE', #1470, 1000.000000000000000 ) ;
#1817 = LINE ( 'NONE', #1479, #1832 ) ;
#1818 = LINE ( 'NONE', #1471, #1819 ) ;
#1819 = VECTOR ( 'NONE', #1472, 1000.000000000000000 ) ;
#1820 = VECTOR ( 'NONE', #1474, 1000.000000000000000 ) ;
#1821 = LINE ( 'NONE', #1485, #1844 ) ;
#1822 = LINE ( 'NONE', #1475, #1823 ) ;
#1823 = VECTOR ( 'NONE', #1476, 1000.000000000000000 ) ;
#1824 = LINE ( 'NONE', #1477, #1825 ) ;
#1825 = VECTOR ( 'NONE', #1478, 1000.000000000000000 ) ;
#1826 = VECTOR ( 'NONE', #1480, 1000.000000000000000 ) ;
#1827 = LINE ( 'NONE', #1497, #1846 ) ;
#1828 = LINE ( 'NONE', #1481, #1829 ) ;
#1829 = VECTOR ( 'NONE', #1482, 1000.000000000000000 ) ;
#1830 = LINE ( 'NONE', #1483, #1831 ) ;
#1831 = VECTOR ( 'NONE', #1484, 1000.000000000000000 ) ;
#1832 = VECTOR ( 'NONE', #1486, 1000.000000000000000 ) ;
#1833 = LINE ( 'NONE', #1499, #1848 ) ;
#1834 = LINE ( 'NONE', #1487, #1835 ) ;
#1835 = VECTOR ( 'NONE', #1488, 1000.000000000000000 ) ;
#1836 = LINE ( 'NONE', #1489, #1837 ) ;
#1837 = VECTOR ( 'NONE', #1490, 1000.000000000000000 ) ;
#1838 = LINE ( 'NONE', #1491, #1839 ) ;
#1839 = VECTOR ( 'NONE', #1492, 1000.000000000000000 ) ;
#1840 = LINE ( 'NONE', #1493, #1841 ) ;
#1841 = VECTOR ( 'NONE', #1494, 1000.000000000000000 ) ;
#1842 = LINE ( 'NONE', #1495, #1843 ) ;
#1843 = VECTOR ( 'NONE', #1496, 1000.000000000000200 ) ;
#1844 = VECTOR ( 'NONE', #1498, 1000.000000000000000 ) ;
#1845 = LINE ( 'NONE', #1501, #1858 ) ;
#1846 = VECTOR ( 'NONE', #1500, 1000.000000000000000 ) ;
#1847 = LINE ( 'NONE', #1511, #1870 ) ;
#1848 = VECTOR ( 'NONE', #1502, 1000.000000000000000 ) ;
#1849 = LINE ( 'NONE', #1523, #1892 ) ;
#1850 = LINE ( 'NONE', #1503, #1851 ) ;
#1851 = VECTOR ( 'NONE', #1504, 1000.000000000000000 ) ;
#1852 = LINE ( 'NONE', #1505, #1853 ) ;
#1853 = VECTOR ( 'NONE', #1506, 1000.000000000000000 ) ;
#1854 = LINE ( 'NONE', #1507, #1855 ) ;
#1855 = VECTOR ( 'NONE', #1508, 1000.000000000000000 ) ;
#1856 = LINE ( 'NONE', #1509, #1857 ) ;
#1857 = VECTOR ( 'NONE', #1510, 1000.000000000000000 ) ;
#1858 = VECTOR ( 'NONE', #1512, 1000.000000000000000 ) ;
#1859 = LINE ( 'NONE', #2638, #1896 ) ;
#1860 = LINE ( 'NONE', #1513, #1861 ) ;
#1861 = VECTOR ( 'NONE', #1514, 1000.000000000000100 ) ;
#1862 = LINE ( 'NONE', #1515, #1863 ) ;
#1863 = VECTOR ( 'NONE', #1516, 1000.000000000000000 ) ;
#1864 = LINE ( 'NONE', #1517, #1865 ) ;
#1865 = VECTOR ( 'NONE', #1518, 1000.000000000000200 ) ;
#1866 = LINE ( 'NONE', #1519, #1867 ) ;
#1867 = VECTOR ( 'NONE', #1520, 1000.000000000000000 ) ;
#1868 = LINE ( 'NONE', #1521, #1869 ) ;
#1869 = VECTOR ( 'NONE', #1522, 1000.000000000000000 ) ;
#1870 = VECTOR ( 'NONE', #1524, 1000.000000000000100 ) ;
#1871 = LINE ( 'NONE', #2131, #1902 ) ;
#1872 = LINE ( 'NONE', #1525, #1873 ) ;
#1873 = VECTOR ( 'NONE', #1526, 1000.000000000000000 ) ;
#1874 = LINE ( 'NONE', #1527, #1875 ) ;
#1875 = VECTOR ( 'NONE', #1528, 1000.000000000000000 ) ;
#1876 = LINE ( 'NONE', #1529, #1877 ) ;
#1877 = VECTOR ( 'NONE', #1530, 1000.000000000000200 ) ;
#1878 = LINE ( 'NONE', #1531, #1879 ) ;
#1879 = VECTOR ( 'NONE', #1532, 1000.000000000000000 ) ;
#1880 = LINE ( 'NONE', #1533, #1881 ) ;
#1881 = VECTOR ( 'NONE', #1534, 1000.000000000000000 ) ;
#1882 = LINE ( 'NONE', #1535, #1883 ) ;
#1883 = VECTOR ( 'NONE', #1536, 1000.000000000000200 ) ;
#1884 = LINE ( 'NONE', #1537, #1885 ) ;
#1885 = VECTOR ( 'NONE', #1538, 1000.000000000000000 ) ;
#1886 = LINE ( 'NONE', #1539, #1887 ) ;
#1887 = VECTOR ( 'NONE', #1540, 1000.000000000000000 ) ;
#1888 = LINE ( 'NONE', #1541, #1889 ) ;
#1889 = VECTOR ( 'NONE', #1542, 1000.000000000000000 ) ;
#1890 = LINE ( 'NONE', #1543, #1891 ) ;
#1891 = VECTOR ( 'NONE', #1544, 1000.000000000000000 ) ;
#1892 = VECTOR ( 'NONE', #2128, 1000.000000000000000 ) ;
#1893 = LINE ( 'NONE', #2137, #1910 ) ;
#1894 = LINE ( 'NONE', #2129, #1895 ) ;
#1895 = VECTOR ( 'NONE', #2130, 1000.000000000000000 ) ;
#1896 = VECTOR ( 'NONE', #2132, 1000.000000000000000 ) ;
#1897 = LINE ( 'NONE', #2145, #1928 ) ;
#1898 = LINE ( 'NONE', #2133, #1899 ) ;
#1899 = VECTOR ( 'NONE', #2134, 1000.000000000000000 ) ;
#1900 = LINE ( 'NONE', #2135, #1901 ) ;
#1901 = VECTOR ( 'NONE', #2136, 1000.000000000000000 ) ;
#1902 = VECTOR ( 'NONE', #2138, 1000.000000000000000 ) ;
#1903 = LINE ( 'NONE', #2163, #1930 ) ;
#1904 = LINE ( 'NONE', #2139, #1905 ) ;
#1905 = VECTOR ( 'NONE', #2140, 1000.000000000000000 ) ;
#1906 = LINE ( 'NONE', #2141, #1907 ) ;
#1907 = VECTOR ( 'NONE', #2142, 1000.000000000000000 ) ;
#1908 = LINE ( 'NONE', #2143, #1909 ) ;
#1909 = VECTOR ( 'NONE', #2144, 1000.000000000000000 ) ;
#1910 = VECTOR ( 'NONE', #2146, 1000.000000000000000 ) ;
#1911 = LINE ( 'NONE', #2165, #1932 ) ;
#1912 = LINE ( 'NONE', #2147, #1913 ) ;
#1913 = VECTOR ( 'NONE', #2148, 1000.000000000000100 ) ;
#1914 = LINE ( 'NONE', #2149, #1915 ) ;
#1915 = VECTOR ( 'NONE', #2150, 1000.000000000000000 ) ;
#1916 = LINE ( 'NONE', #2151, #1917 ) ;
#1917 = VECTOR ( 'NONE', #2152, 1000.000000000000000 ) ;
#1918 = LINE ( 'NONE', #2153, #1919 ) ;
#1919 = VECTOR ( 'NONE', #2154, 1000.000000000000000 ) ;
#1920 = LINE ( 'NONE', #2155, #1921 ) ;
#1921 = VECTOR ( 'NONE', #2156, 1000.000000000000000 ) ;
#1922 = LINE ( 'NONE', #2157, #1923 ) ;
#1923 = VECTOR ( 'NONE', #2158, 1000.000000000000000 ) ;
#1924 = LINE ( 'NONE', #2159, #1925 ) ;
#1925 = VECTOR ( 'NONE', #2160, 1000.000000000000000 ) ;
#1926 = LINE ( 'NONE', #2161, #1927 ) ;
#1927 = VECTOR ( 'NONE', #2162, 1000.000000000000000 ) ;
#1928 = VECTOR ( 'NONE', #2164, 1000.000000000000000 ) ;
#1929 = LINE ( 'NONE', #2167, #1934 ) ;
#1930 = VECTOR ( 'NONE', #2166, 1000.000000000000000 ) ;
#1931 = LINE ( 'NONE', #2169, #1938 ) ;
#1932 = VECTOR ( 'NONE', #2168, 1000.000000000000000 ) ;
#1933 = LINE ( 'NONE', #2187, #1954 ) ;
#1934 = VECTOR ( 'NONE', #2170, 1000.000000000000000 ) ;
#1935 = VECTOR ( 'NONE', #2180, 1000.000000000000000 ) ;
#1936 = LINE ( 'NONE', #2172, #1937 ) ;
#1937 = VECTOR ( 'NONE', #2173, 1000.000000000000000 ) ;
#1938 = VECTOR ( 'NONE', #2175, 1000.000000000000000 ) ;
#1939 = VECTOR ( 'NONE', #2184, 1000.000000000000000 ) ;
#1940 = LINE ( 'NONE', #2183, #1939 ) ;
#1941 = LINE ( 'NONE', #2171, #1935 ) ;
#1942 = CIRCLE ( 'NONE', #900, 0.2999999999999942700 ) ;
#1943 = LINE ( 'NONE', #2193, #1958 ) ;
#1944 = LINE ( 'NONE', #2176, #1948 ) ;
#1945 = CIRCLE ( 'NONE', #895, 0.2999999999999942700 ) ;
#1946 = LINE ( 'NONE', #2185, #1947 ) ;
#1947 = VECTOR ( 'NONE', #2186, 1000.000000000000000 ) ;
#1948 = VECTOR ( 'NONE', #2188, 1000.000000000000000 ) ;
#1949 = LINE ( 'NONE', #2197, #1960 ) ;
#1950 = LINE ( 'NONE', #2189, #1951 ) ;
#1951 = VECTOR ( 'NONE', #2190, 1000.000000000000000 ) ;
#1952 = LINE ( 'NONE', #2191, #1953 ) ;
#1953 = VECTOR ( 'NONE', #2192, 1000.000000000000000 ) ;
#1954 = VECTOR ( 'NONE', #2194, 1000.000000000000000 ) ;
#1955 = LINE ( 'NONE', #2199, #1994 ) ;
#1956 = LINE ( 'NONE', #2195, #1957 ) ;
#1957 = VECTOR ( 'NONE', #2196, 1000.000000000000000 ) ;
#1958 = VECTOR ( 'NONE', #2198, 1000.000000000000000 ) ;
#1959 = LINE ( 'NONE', #2233, #2004 ) ;
#1960 = VECTOR ( 'NONE', #2200, 1000.000000000000100 ) ;
#1961 = LINE ( 'NONE', #2243, #2010 ) ;
#1962 = LINE ( 'NONE', #2201, #1963 ) ;
#1963 = VECTOR ( 'NONE', #2202, 1000.000000000000000 ) ;
#1964 = LINE ( 'NONE', #2203, #1965 ) ;
#1965 = VECTOR ( 'NONE', #2204, 1000.000000000000000 ) ;
#1966 = LINE ( 'NONE', #2205, #1967 ) ;
#1967 = VECTOR ( 'NONE', #2206, 1000.000000000000000 ) ;
#1968 = LINE ( 'NONE', #2207, #1969 ) ;
#1969 = VECTOR ( 'NONE', #2208, 1000.000000000000000 ) ;
#1970 = LINE ( 'NONE', #2209, #1971 ) ;
#1971 = VECTOR ( 'NONE', #2210, 1000.000000000000000 ) ;
#1972 = LINE ( 'NONE', #2211, #1973 ) ;
#1973 = VECTOR ( 'NONE', #2212, 1000.000000000000000 ) ;
#1974 = LINE ( 'NONE', #2213, #1975 ) ;
#1975 = VECTOR ( 'NONE', #2214, 1000.000000000000000 ) ;
#1976 = LINE ( 'NONE', #2215, #1977 ) ;
#1977 = VECTOR ( 'NONE', #2216, 1000.000000000000000 ) ;
#1978 = LINE ( 'NONE', #2217, #1979 ) ;
#1979 = VECTOR ( 'NONE', #2218, 1000.000000000000000 ) ;
#1980 = LINE ( 'NONE', #2219, #1981 ) ;
#1981 = VECTOR ( 'NONE', #2220, 1000.000000000000000 ) ;
#1982 = LINE ( 'NONE', #2221, #1983 ) ;
#1983 = VECTOR ( 'NONE', #2222, 1000.000000000000000 ) ;
#1984 = LINE ( 'NONE', #2223, #1985 ) ;
#1985 = VECTOR ( 'NONE', #2224, 1000.000000000000000 ) ;
#1986 = LINE ( 'NONE', #2225, #1987 ) ;
#1987 = VECTOR ( 'NONE', #2226, 1000.000000000000000 ) ;
#1988 = LINE ( 'NONE', #2227, #1989 ) ;
#1989 = VECTOR ( 'NONE', #2228, 1000.000000000000000 ) ;
#1990 = LINE ( 'NONE', #2229, #1991 ) ;
#1991 = VECTOR ( 'NONE', #2230, 1000.000000000000000 ) ;
#1992 = LINE ( 'NONE', #2231, #1993 ) ;
#1993 = VECTOR ( 'NONE', #2232, 1000.000000000000000 ) ;
#1994 = VECTOR ( 'NONE', #2234, 1000.000000000000000 ) ;
#1995 = LINE ( 'NONE', #2262, #2027 ) ;
#1996 = LINE ( 'NONE', #2235, #1997 ) ;
#1997 = VECTOR ( 'NONE', #2236, 1000.000000000000000 ) ;
#1998 = LINE ( 'NONE', #2237, #1999 ) ;
#1999 = VECTOR ( 'NONE', #2238, 1000.000000000000000 ) ;
#2000 = LINE ( 'NONE', #2239, #2001 ) ;
#2001 = VECTOR ( 'NONE', #2240, 1000.000000000000000 ) ;
#2002 = LINE ( 'NONE', #2241, #2003 ) ;
#2003 = VECTOR ( 'NONE', #2242, 1000.000000000000000 ) ;
#2004 = VECTOR ( 'NONE', #2244, 1000.000000000000000 ) ;
#2005 = VECTOR ( 'NONE', #2257, 1000.000000000000000 ) ;
#2006 = LINE ( 'NONE', #2245, #2007 ) ;
#2007 = VECTOR ( 'NONE', #2246, 1000.000000000000000 ) ;
#2008 = LINE ( 'NONE', #2248, #2009 ) ;
#2009 = VECTOR ( 'NONE', #2249, 1000.000000000000000 ) ;
#2010 = VECTOR ( 'NONE', #2251, 1000.000000000000000 ) ;
#2011 = LINE ( 'NONE', #2256, #2019 ) ;
#2012 = LINE ( 'NONE', #2252, #2013 ) ;
#2013 = VECTOR ( 'NONE', #2253, 1000.000000000000000 ) ;
#2014 = LINE ( 'NONE', #2260, #2021 ) ;
#2015 = LINE ( 'NONE', #2247, #2005 ) ;
#2016 = CIRCLE ( 'NONE', #897, 0.2999999999997855500 ) ;
#2017 = LINE ( 'NONE', #2258, #2018 ) ;
#2018 = VECTOR ( 'NONE', #2259, 1000.000000000000000 ) ;
#2019 = VECTOR ( 'NONE', #2261, 1000.000000000000000 ) ;
#2020 = LINE ( 'NONE', #2268, #2037 ) ;
#2021 = VECTOR ( 'NONE', #2263, 1000.000000000000000 ) ;
#2022 = VECTOR ( 'NONE', #2294, 1000.000000000000000 ) ;
#2023 = LINE ( 'NONE', #2264, #2024 ) ;
#2024 = VECTOR ( 'NONE', #2265, 1000.000000000000000 ) ;
#2025 = LINE ( 'NONE', #2266, #2026 ) ;
#2026 = VECTOR ( 'NONE', #2267, 1000.000000000000000 ) ;
#2027 = VECTOR ( 'NONE', #2269, 1000.000000000000000 ) ;
#2028 = LINE ( 'NONE', #2293, #2022 ) ;
#2029 = LINE ( 'NONE', #2270, #2030 ) ;
#2030 = VECTOR ( 'NONE', #2271, 1000.000000000000000 ) ;
#2031 = LINE ( 'NONE', #2272, #2032 ) ;
#2032 = VECTOR ( 'NONE', #2273, 1000.000000000000000 ) ;
#2033 = LINE ( 'NONE', #2274, #2034 ) ;
#2034 = VECTOR ( 'NONE', #2275, 1000.000000000000000 ) ;
#2035 = LINE ( 'NONE', #2277, #2036 ) ;
#2036 = VECTOR ( 'NONE', #2278, 1000.000000000000000 ) ;
#2037 = VECTOR ( 'NONE', #2280, 1000.000000000000000 ) ;
#2038 = VECTOR ( 'NONE', #2304, 1000.000000000000000 ) ;
#2039 = LINE ( 'NONE', #2281, #2040 ) ;
#2040 = VECTOR ( 'NONE', #2282, 1000.000000000000000 ) ;
#2041 = LINE ( 'NONE', #2283, #2042 ) ;
#2042 = VECTOR ( 'NONE', #2284, 1000.000000000000000 ) ;
#2043 = LINE ( 'NONE', #2285, #2044 ) ;
#2044 = VECTOR ( 'NONE', #2286, 1000.000000000000000 ) ;
#2045 = LINE ( 'NONE', #2287, #2046 ) ;
#2046 = VECTOR ( 'NONE', #2288, 1000.000000000000000 ) ;
#2047 = LINE ( 'NONE', #2289, #2048 ) ;
#2048 = VECTOR ( 'NONE', #2290, 1000.000000000000000 ) ;
#2049 = LINE ( 'NONE', #2303, #2038 ) ;
#2050 = LINE ( 'NONE', #2276, #2054 ) ;
#2051 = CIRCLE ( 'NONE', #891, 0.2999999999997855500 ) ;
#2052 = LINE ( 'NONE', #2296, #2053 ) ;
#2053 = VECTOR ( 'NONE', #2297, 1000.000000000000000 ) ;
#2054 = VECTOR ( 'NONE', #2299, 1000.000000000000000 ) ;
#2055 = LINE ( 'NONE', #2323, #2057 ) ;
#2056 = COLOUR_RGB ( '',0.7529411764705882200, 0.7529411764705882200, 0.7529411764705882200 ) ;
#2057 = VECTOR ( 'NONE', #2324, 1000.000000000000000 ) ;
#2058 = CIRCLE ( 'NONE', #899, 0.3000000000006111700 ) ;
#2059 = LINE ( 'NONE', #2305, #2060 ) ;
#2060 = VECTOR ( 'NONE', #2306, 1000.000000000000000 ) ;
#2061 = LINE ( 'NONE', #2307, #2062 ) ;
#2062 = VECTOR ( 'NONE', #2308, 1000.000000000000000 ) ;
#2063 = LINE ( 'NONE', #2309, #2064 ) ;
#2064 = VECTOR ( 'NONE', #2310, 1000.000000000000000 ) ;
#2065 = LINE ( 'NONE', #2311, #2066 ) ;
#2066 = VECTOR ( 'NONE', #2312, 1000.000000000000000 ) ;
#2067 = LINE ( 'NONE', #2313, #2068 ) ;
#2068 = VECTOR ( 'NONE', #2314, 1000.000000000000000 ) ;
#2069 = LINE ( 'NONE', #2315, #2070 ) ;
#2070 = VECTOR ( 'NONE', #2316, 1000.000000000000000 ) ;
#2071 = LINE ( 'NONE', #2317, #2072 ) ;
#2072 = VECTOR ( 'NONE', #2318, 1000.000000000000000 ) ;
#2073 = LINE ( 'NONE', #2319, #2074 ) ;
#2074 = VECTOR ( 'NONE', #2320, 1000.000000000000000 ) ;
#2075 = COLOUR_RGB ( '',0.7529411764705882200, 0.7529411764705882200, 0.7529411764705882200 ) ;
#2076 = LINE ( 'NONE', #2300, #2084 ) ;
#2077 = CIRCLE ( 'NONE', #898, 0.2999999999997456900 ) ;
#2078 = LINE ( 'NONE', #2325, #2079 ) ;
#2079 = VECTOR ( 'NONE', #2326, 1000.000000000000000 ) ;
#2080 = LINE ( 'NONE', #2327, #2081 ) ;
#2081 = VECTOR ( 'NONE', #2328, 1000.000000000000000 ) ;
#2082 = LINE ( 'NONE', #2330, #2083 ) ;
#2083 = VECTOR ( 'NONE', #2331, 1000.000000000000000 ) ;
#2084 = VECTOR ( 'NONE', #2333, 1000.000000000000000 ) ;
#2085 = COLOUR_RGB ( '',0.7529411764705882200, 0.7529411764705882200, 0.7529411764705882200 ) ;
#2086 = LINE ( 'NONE', #2334, #2087 ) ;
#2087 = VECTOR ( 'NONE', #2335, 1000.000000000000100 ) ;
#2088 = LINE ( 'NONE', #2336, #2089 ) ;
#2089 = VECTOR ( 'NONE', #2337, 1000.000000000000000 ) ;
#2090 = LINE ( 'NONE', #2338, #2091 ) ;
#2091 = VECTOR ( 'NONE', #2339, 1000.000000000000000 ) ;
#2092 = LINE ( 'NONE', #2340, #2093 ) ;
#2093 = VECTOR ( 'NONE', #2341, 1000.000000000000000 ) ;
#2094 = LINE ( 'NONE', #2343, #2095 ) ;
#2095 = VECTOR ( 'NONE', #2344, 1000.000000000000000 ) ;
#2096 = COLOUR_RGB ( '',0.7529411764705882200, 0.7529411764705882200, 0.7529411764705882200 ) ;
#2097 = SURFACE_STYLE_FILL_AREA ( #2345 ) ;
#2098 = PRESENTATION_STYLE_ASSIGNMENT (( #2347 ) ) ;
#2099 = STYLED_ITEM ( 'NONE', ( #2098 ), #4015 ) ;
#2100 =( GEOMETRIC_REPRESENTATION_CONTEXT ( 3 ) GLOBAL_UNCERTAINTY_ASSIGNED_CONTEXT ( ( #3190 ) ) GLOBAL_UNIT_ASSIGNED_CONTEXT ( ( #2348, #2349, #2350 ) ) REPRESENTATION_CONTEXT ( 'NONE', 'WORKASPACE' ) );
#2101 = COLOUR_RGB ( '',0.7529411764705882200, 0.7529411764705882200, 0.7529411764705882200 ) ;
#2102 = SURFACE_STYLE_FILL_AREA ( #2352 ) ;
#2103 = PRESENTATION_STYLE_ASSIGNMENT (( #2354 ) ) ;
#2104 = STYLED_ITEM ( 'NONE', ( #2103 ), #4016 ) ;
#2105 =( GEOMETRIC_REPRESENTATION_CONTEXT ( 3 ) GLOBAL_UNCERTAINTY_ASSIGNED_CONTEXT ( ( #3191 ) ) GLOBAL_UNIT_ASSIGNED_CONTEXT ( ( #2355, #2356, #2357 ) ) REPRESENTATION_CONTEXT ( 'NONE', 'WORKASPACE' ) );
#2106 = COLOUR_RGB ( '',0.7529411764705882200, 0.7529411764705882200, 0.7529411764705882200 ) ;
#2107 = SURFACE_STYLE_FILL_AREA ( #2359 ) ;
#2108 = PRESENTATION_STYLE_ASSIGNMENT (( #2361 ) ) ;
#2109 = STYLED_ITEM ( 'NONE', ( #2108 ), #4017 ) ;
#2110 =( GEOMETRIC_REPRESENTATION_CONTEXT ( 3 ) GLOBAL_UNCERTAINTY_ASSIGNED_CONTEXT ( ( #3192 ) ) GLOBAL_UNIT_ASSIGNED_CONTEXT ( ( #2362, #2363, #2364 ) ) REPRESENTATION_CONTEXT ( 'NONE', 'WORKASPACE' ) );
#2111 = COLOUR_RGB ( '',0.7529411764705882200, 0.7529411764705882200, 0.7529411764705882200 ) ;
#2112 = SURFACE_STYLE_FILL_AREA ( #2367 ) ;
#2113 = PRESENTATION_STYLE_ASSIGNMENT (( #2369 ) ) ;
#2114 = STYLED_ITEM ( 'NONE', ( #2113 ), #4018 ) ;
#2115 =( GEOMETRIC_REPRESENTATION_CONTEXT ( 3 ) GLOBAL_UNCERTAINTY_ASSIGNED_CONTEXT ( ( #3193 ) ) GLOBAL_UNIT_ASSIGNED_CONTEXT ( ( #2370, #2371, #2372 ) ) REPRESENTATION_CONTEXT ( 'NONE', 'WORKASPACE' ) );
#2116 = COLOUR_RGB ( '',0.7529411764705882200, 0.7529411764705882200, 0.7529411764705882200 ) ;
#2117 = SURFACE_STYLE_FILL_AREA ( #2374 ) ;
#2118 = PRESENTATION_STYLE_ASSIGNMENT (( #2376 ) ) ;
#2119 = STYLED_ITEM ( 'NONE', ( #2118 ), #4019 ) ;
#2120 =( GEOMETRIC_REPRESENTATION_CONTEXT ( 3 ) GLOBAL_UNCERTAINTY_ASSIGNED_CONTEXT ( ( #3194 ) ) GLOBAL_UNIT_ASSIGNED_CONTEXT ( ( #2377, #2378, #2379 ) ) REPRESENTATION_CONTEXT ( 'NONE', 'WORKASPACE' ) );
#2121 = SURFACE_STYLE_FILL_AREA ( #2380 ) ;
#2122 = PRESENTATION_STYLE_ASSIGNMENT (( #2382 ) ) ;
#2123 = STYLED_ITEM ( 'NONE', ( #2122 ), #4020 ) ;
#2124 =( GEOMETRIC_REPRESENTATION_CONTEXT ( 3 ) GLOBAL_UNCERTAINTY_ASSIGNED_CONTEXT ( ( #3195 ) ) GLOBAL_UNIT_ASSIGNED_CONTEXT ( ( #2383, #2384, #2385 ) ) REPRESENTATION_CONTEXT ( 'NONE', 'WORKASPACE' ) );
#2125 = SURFACE_STYLE_FILL_AREA ( #2387 ) ;
#2126 = PRESENTATION_STYLE_ASSIGNMENT (( #2389 ) ) ;
#2127 = STYLED_ITEM ( 'NONE', ( #2126 ), #4021 ) ;
#2128 = DIRECTION ( 'NONE',  ( 0.0000000000000000000, 0.0000000000000000000, -1.000000000000000000 ) ) ;
#2129 = CARTESIAN_POINT ( 'NONE',  ( 1.750000000000122800, 0.6640054944640595400, 1.050000000000000000 ) ) ;
#2130 = DIRECTION ( 'NONE',  ( 0.0000000000000000000, -1.000000000000000000, 0.0000000000000000000 ) ) ;
#2131 = CARTESIAN_POINT ( 'NONE',  ( 1.750000000000000400, 0.2999999999999999900, 0.7500000000000002200 ) ) ;
#2132 = DIRECTION ( 'NONE',  ( -0.0000000000000000000, -1.000000000000000000, -0.0000000000000000000 ) ) ;
#2133 = CARTESIAN_POINT ( 'NONE',  ( 0.9849999999999947700, 0.6799999999999999400, -1.250000000000000000 ) ) ;
#2134 = DIRECTION ( 'NONE',  ( -1.000000000000000000, 0.0000000000000000000, 0.0000000000000000000 ) ) ;
#2135 = CARTESIAN_POINT ( 'NONE',  ( 1.484999999999998300, 0.6799999999999999400, 0.7500000000000000000 ) ) ;
#2136 = DIRECTION ( 'NONE',  ( -0.0000000000000000000, 1.000000000000000000, -0.0000000000000000000 ) ) ;
#2137 = CARTESIAN_POINT ( 'NONE',  ( 1.750000000000123000, 0.0000000000000000000, -1.050000000000000000 ) ) ;
#2138 = DIRECTION ( 'NONE',  ( 7.228014483236698500E-016, -0.0000000000000000000, -1.000000000000000000 ) ) ;
#2139 = CARTESIAN_POINT ( 'NONE',  ( 1.484999999999998300, 0.6799999999999999400, -0.7500000000000000000 ) ) ;
#2140 = DIRECTION ( 'NONE',  ( -0.7071067811865500200, 0.0000000000000000000, -0.7071067811865450200 ) ) ;
#2141 = CARTESIAN_POINT ( 'NONE',  ( 1.484999999999998300, 0.6999999999999999600, -0.7500000000000000000 ) ) ;
#2142 = DIRECTION ( 'NONE',  ( -0.0000000000000000000, -0.0000000000000000000, -1.000000000000000000 ) ) ;
#2143 = CARTESIAN_POINT ( 'NONE',  ( 0.9849999999999947700, 0.6799999999999999400, -1.250000000000000000 ) ) ;
#2144 = DIRECTION ( 'NONE',  ( -0.0000000000000000000, 1.000000000000000000, -0.0000000000000000000 ) ) ;
#2145 = CARTESIAN_POINT ( 'NONE',  ( -1.650000000000005900, 0.2999999999999999900, -1.050000000000000000 ) ) ;
#2146 = DIRECTION ( 'NONE',  ( 1.000000000000000000, -0.0000000000000000000, -1.050855629991220200E-011 ) ) ;
#2147 = CARTESIAN_POINT ( 'NONE',  ( -1.485000000000000100, 0.6999999999999999600, -0.7500000000000000000 ) ) ;
#2148 = DIRECTION ( 'NONE',  ( -0.7071067811865474600, -0.0000000000000000000, 0.7071067811865474600 ) ) ;
#2149 = CARTESIAN_POINT ( 'NONE',  ( 1.750000000000000400, 0.01999999999999999700, 0.7500000000000002200 ) ) ;
#2150 = DIRECTION ( 'NONE',  ( 1.000000000000000000, 0.0000000000000000000, 0.0000000000000000000 ) ) ;
#2151 = CARTESIAN_POINT ( 'NONE',  ( -1.649999999999999900, 0.6999999999999999600, -1.372029275222595800 ) ) ;
#2152 = DIRECTION ( 'NONE',  ( -1.000000000000000000, -0.0000000000000000000, -0.0000000000000000000 ) ) ;
#2153 = CARTESIAN_POINT ( 'NONE',  ( 1.750000000000122800, 0.02000000000000000000, 1.050000000000000000 ) ) ;
#2154 = DIRECTION ( 'NONE',  ( -1.000000000000000000, 0.0000000000000000000, -1.050855629991220900E-011 ) ) ;
#2155 = CARTESIAN_POINT ( 'NONE',  ( 1.750000000000000200, 0.2999999999999999900, -1.050000000000000000 ) ) ;
#2156 = DIRECTION ( 'NONE',  ( -0.0000000000000000000, -0.0000000000000000000, -1.000000000000000000 ) ) ;
#2157 = CARTESIAN_POINT ( 'NONE',  ( 1.484999999999998300, 0.6799999999999999400, -0.7500000000000000000 ) ) ;
#2158 = DIRECTION ( 'NONE',  ( -0.0000000000000000000, -0.0000000000000000000, -1.000000000000000000 ) ) ;
#2159 = CARTESIAN_POINT ( 'NONE',  ( -0.9849999999999999900, 0.6799999999999999400, 1.250000000000000000 ) ) ;
#2160 = DIRECTION ( 'NONE',  ( 1.000000000000000000, 0.0000000000000000000, 0.0000000000000000000 ) ) ;
#2161 = CARTESIAN_POINT ( 'NONE',  ( -1.700000000000003700, 0.2999999999999999900, -0.7500000000000002200 ) ) ;
#2162 = DIRECTION ( 'NONE',  ( -0.0000000000000000000, -1.000000000000000000, -0.0000000000000000000 ) ) ;
#2163 = CARTESIAN_POINT ( 'NONE',  ( -0.8344999999999935800, 0.0000000000000000000, 0.9000000000000002400 ) ) ;
#2164 = DIRECTION ( 'NONE',  ( -0.0000000000000000000, -1.000000000000000000, -0.0000000000000000000 ) ) ;
#2165 = CARTESIAN_POINT ( 'NONE',  ( -0.2499999999999997800, 0.6999999999999999600, 2.800000000000000300 ) ) ;
#2166 = DIRECTION ( 'NONE',  ( -1.000000000000000000, 0.0000000000000000000, 1.333734176441201500E-012 ) ) ;
#2167 = CARTESIAN_POINT ( 'NONE',  ( -1.749999999999993600, 0.2999999999999999900, 0.7500000000000002200 ) ) ;
#2168 = DIRECTION ( 'NONE',  ( -0.7071067811865475700, 0.0000000000000000000, 0.7071067811865474600 ) ) ;
#2169 = CARTESIAN_POINT ( 'NONE',  ( -1.749999999999993100, 0.0000000000000000000, -1.050000000000000000 ) ) ;
#2170 = DIRECTION ( 'NONE',  ( -1.000000000000000000, -0.0000000000000000000, -0.0000000000000000000 ) ) ;
#2171 = CARTESIAN_POINT ( 'NONE',  ( 1.750000000000123000, 0.0000000000000000000, -1.050000000000000000 ) ) ;
#2172 = CARTESIAN_POINT ( 'NONE',  ( -1.749999999999991100, 0.2999999999999999900, 1.050000000000000000 ) ) ;
#2173 = DIRECTION ( 'NONE',  ( -0.0000000000000000000, -1.000000000000000000, -0.0000000000000000000 ) ) ;
#2174 = CARTESIAN_POINT ( 'NONE',  ( 1.115942034832921400, 0.02000000000000000000, -1.192384658695229600 ) ) ;
#2175 = DIRECTION ( 'NONE',  ( -0.0000000000000000000, 1.000000000000000000, -0.0000000000000000000 ) ) ;
#2176 = CARTESIAN_POINT ( 'NONE',  ( -1.749999999999993100, 0.02000000000000000000, -1.050000000000000000 ) ) ;
#2177 = DIRECTION ( 'NONE',  ( -0.0000000000000000000, 1.000000000000000000, -0.0000000000000000000 ) ) ;
#2178 = DIRECTION ( 'NONE',  ( 0.0000000000000000000, 0.0000000000000000000, -1.000000000000000000 ) ) ;
#2179 = CARTESIAN_POINT ( 'NONE',  ( 1.115942034832921400, 0.0000000000000000000, -1.192384658695229600 ) ) ;
#2180 = DIRECTION ( 'NONE',  ( 1.000000000000000000, -0.0000000000000000000, -8.925621128057164200E-012 ) ) ;
#2181 = DIRECTION ( 'NONE',  ( -0.0000000000000000000, 1.000000000000000000, -0.0000000000000000000 ) ) ;
#2182 = DIRECTION ( 'NONE',  ( 0.0000000000000000000, 0.0000000000000000000, -1.000000000000000000 ) ) ;
#2183 = CARTESIAN_POINT ( 'NONE',  ( 1.183107586715648400, 0.02000000000000000000, 0.8999999999994362500 ) ) ;
#2184 = DIRECTION ( 'NONE',  ( -1.000000000000000000, 0.0000000000000000000, 3.973578572816997700E-013 ) ) ;
#2185 = CARTESIAN_POINT ( 'NONE',  ( 1.750000000000123000, 0.02000000000000000000, -0.7500000000000002200 ) ) ;
#2186 = DIRECTION ( 'NONE',  ( -0.0000000000000000000, -0.0000000000000000000, 1.000000000000000000 ) ) ;
#2187 = CARTESIAN_POINT ( 'NONE',  ( 1.750000000000122800, 0.0000000000000000000, 1.050000000000000000 ) ) ;
#2188 = DIRECTION ( 'NONE',  ( 1.000000000000000000, 0.0000000000000000000, 0.0000000000000000000 ) ) ;
#2189 = CARTESIAN_POINT ( 'NONE',  ( 1.183107586715372200, 0.0000000000000000000, -0.9000000000006389600 ) ) ;
#2190 = DIRECTION ( 'NONE',  ( -0.0000000000000000000, 1.000000000000000000, -0.0000000000000000000 ) ) ;
#2191 = CARTESIAN_POINT ( 'NONE',  ( 1.750000000000122800, 0.02000000000000000000, 1.050000000000000000 ) ) ;
#2192 = DIRECTION ( 'NONE',  ( -0.0000000000000000000, -0.0000000000000000000, 1.000000000000000000 ) ) ;
#2193 = CARTESIAN_POINT ( 'NONE',  ( 1.700000000000000600, 0.0000000000000000000, 0.7500000000000004400 ) ) ;
#2194 = DIRECTION ( 'NONE',  ( -0.0000000000000000000, -0.0000000000000000000, 1.000000000000000000 ) ) ;
#2195 = CARTESIAN_POINT ( 'NONE',  ( -0.9849999999999999900, 0.6799999999999999400, 1.250000000000000000 ) ) ;
#2196 = DIRECTION ( 'NONE',  ( -0.0000000000000000000, 1.000000000000000000, -0.0000000000000000000 ) ) ;
#2197 = CARTESIAN_POINT ( 'NONE',  ( -1.485000000000000100, 0.6999999999999999600, 0.7500000000000000000 ) ) ;
#2198 = DIRECTION ( 'NONE',  ( -0.0000000000000000000, 1.000000000000000000, -0.0000000000000000000 ) ) ;
#2199 = CARTESIAN_POINT ( 'NONE',  ( 1.750000000000000400, 0.2999999999999999900, 0.7500000000000002200 ) ) ;
#2200 = DIRECTION ( 'NONE',  ( 0.7071067811865474600, 0.0000000000000000000, 0.7071067811865474600 ) ) ;
#2201 = CARTESIAN_POINT ( 'NONE',  ( 1.750000000000122800, 0.02000000000000000000, 0.7500000000000002200 ) ) ;
#2202 = DIRECTION ( 'NONE',  ( 1.000000000000000000, -0.0000000000000000000, -4.336808689931417800E-015 ) ) ;
#2203 = CARTESIAN_POINT ( 'NONE',  ( -0.8344999999999935800, 0.02000000000000000000, 0.9000000000000002400 ) ) ;
#2204 = DIRECTION ( 'NONE',  ( -0.0000000000000000000, -1.000000000000000000, -0.0000000000000000000 ) ) ;
#2205 = CARTESIAN_POINT ( 'NONE',  ( -1.699999999999993500, 0.02000000000000000000, 0.7500000000000002200 ) ) ;
#2206 = DIRECTION ( 'NONE',  ( -6.794333614242492600E-015, 0.0000000000000000000, -1.000000000000000000 ) ) ;
#2207 = CARTESIAN_POINT ( 'NONE',  ( -0.2360000000004451000, 0.02000000000000000000, 0.9000000000000002400 ) ) ;
#2208 = DIRECTION ( 'NONE',  ( 2.915901509445035500E-013, 0.0000000000000000000, -1.000000000000000000 ) ) ;
#2209 = CARTESIAN_POINT ( 'NONE',  ( -0.9849999999999999900, 0.6999999999999999600, -1.250000000000000000 ) ) ;
#2210 = DIRECTION ( 'NONE',  ( -1.000000000000000000, -0.0000000000000000000, -0.0000000000000000000 ) ) ;
#2211 = CARTESIAN_POINT ( 'NONE',  ( 1.750000000000122800, 0.0000000000000000000, 1.050000000000000000 ) ) ;
#2212 = DIRECTION ( 'NONE',  ( -0.0000000000000000000, 1.000000000000000000, -0.0000000000000000000 ) ) ;
#2213 = CARTESIAN_POINT ( 'NONE',  ( -1.749999999999993100, 0.0000000000000000000, -1.050000000000000000 ) ) ;
#2214 = DIRECTION ( 'NONE',  ( 1.000000000000000000, 0.0000000000000000000, -2.848228409878460900E-013 ) ) ;
#2215 = CARTESIAN_POINT ( 'NONE',  ( 1.750000000000123000, 0.0000000000000000000, -1.050000000000000000 ) ) ;
#2216 = DIRECTION ( 'NONE',  ( -0.0000000000000000000, 1.000000000000000000, -0.0000000000000000000 ) ) ;
#2217 = CARTESIAN_POINT ( 'NONE',  ( 1.750000000000000200, 0.2999999999999999900, -0.7500000000000002200 ) ) ;
#2218 = DIRECTION ( 'NONE',  ( 1.000000000000000000, -0.0000000000000000000, -0.0000000000000000000 ) ) ;
#2219 = CARTESIAN_POINT ( 'NONE',  ( 1.650000000000000400, 0.2999999999999999900, 1.399999999999999900 ) ) ;
#2220 = DIRECTION ( 'NONE',  ( -0.0000000000000000000, -1.000000000000000000, -0.0000000000000000000 ) ) ;
#2221 = CARTESIAN_POINT ( 'NONE',  ( -1.749999999999993600, 0.02000000000000000000, 1.050000000000000000 ) ) ;
#2222 = DIRECTION ( 'NONE',  ( -1.000000000000000000, -0.0000000000000000000, -0.0000000000000000000 ) ) ;
#2223 = CARTESIAN_POINT ( 'NONE',  ( -1.700000000000003700, 0.01999999999999999700, -0.7500000000000002200 ) ) ;
#2224 = DIRECTION ( 'NONE',  ( 6.794333614242492600E-015, 0.0000000000000000000, 1.000000000000000000 ) ) ;
#2225 = CARTESIAN_POINT ( 'NONE',  ( -1.649999999999991300, 0.2999999999999999900, 1.050000000000000000 ) ) ;
#2226 = DIRECTION ( 'NONE',  ( 1.000000000000000000, -0.0000000000000000000, -0.0000000000000000000 ) ) ;
#2227 = CARTESIAN_POINT ( 'NONE',  ( 1.700000000000000400, 0.02000000000000000000, -0.7500000000000002200 ) ) ;
#2228 = DIRECTION ( 'NONE',  ( -1.000000000000000000, -0.0000000000000000000, -0.0000000000000000000 ) ) ;
#2229 = CARTESIAN_POINT ( 'NONE',  ( 1.750000000000122800, 0.0000000000000000000, 0.7500000000000002200 ) ) ;
#2230 = DIRECTION ( 'NONE',  ( -0.0000000000000000000, 1.000000000000000000, -0.0000000000000000000 ) ) ;
#2231 = CARTESIAN_POINT ( 'NONE',  ( -1.749999999999993100, 0.02000000000000000000, -0.7500000000000002200 ) ) ;
#2232 = DIRECTION ( 'NONE',  ( 0.0000000000000000000, 0.0000000000000000000, -1.000000000000000000 ) ) ;
#2233 = CARTESIAN_POINT ( 'NONE',  ( 1.700000000000000400, 0.0000000000000000000, -0.7500000000000002200 ) ) ;
#2234 = DIRECTION ( 'NONE',  ( -1.000000000000000000, 0.0000000000000000000, 0.0000000000000000000 ) ) ;
#2235 = CARTESIAN_POINT ( 'NONE',  ( 1.750000000000122800, 0.02000000000000000000, 1.050000000000000000 ) ) ;
#2236 = DIRECTION ( 'NONE',  ( -1.032573497605242200E-016, -0.0000000000000000000, 1.000000000000000000 ) ) ;
#2237 = CARTESIAN_POINT ( 'NONE',  ( 1.650000000000000100, 0.2999999999999999900, -1.049999999998949300 ) ) ;
#2238 = DIRECTION ( 'NONE',  ( 0.0000000000000000000, -1.000000000000000000, 0.0000000000000000000 ) ) ;
#2239 = CARTESIAN_POINT ( 'NONE',  ( -1.749999999999993600, 0.0000000000000000000, 1.050000000000000000 ) ) ;
#2240 = DIRECTION ( 'NONE',  ( -1.000000000000000000, -0.0000000000000000000, -0.0000000000000000000 ) ) ;
#2241 = CARTESIAN_POINT ( 'NONE',  ( -1.650000000000005900, 0.0000000000000000000, -1.050000000000000000 ) ) ;
#2242 = DIRECTION ( 'NONE',  ( 1.000000000000000000, 0.0000000000000000000, 0.0000000000000000000 ) ) ;
#2243 = CARTESIAN_POINT ( 'NONE',  ( -1.749999999999993600, 0.02000000000000000000, 1.050000000000000000 ) ) ;
#2244 = DIRECTION ( 'NONE',  ( -1.000000000000000000, -0.0000000000000000000, -0.0000000000000000000 ) ) ;
#2245 = CARTESIAN_POINT ( 'NONE',  ( -0.8344999999999933600, 0.0000000000000000000, -0.9000000000004330100 ) ) ;
#2246 = DIRECTION ( 'NONE',  ( 1.000000000000000000, -0.0000000000000000000, 3.340180757428501500E-016 ) ) ;
#2247 = CARTESIAN_POINT ( 'NONE',  ( -1.649999999999999900, 0.2999999999999999900, -1.399999999999999900 ) ) ;
#2248 = CARTESIAN_POINT ( 'NONE',  ( 1.750000000000123000, 0.02000000000000000000, -1.050000000000000000 ) ) ;
#2249 = DIRECTION ( 'NONE',  ( 1.000000000000000000, -0.0000000000000000000, -8.925621128057164200E-012 ) ) ;
#2250 = CARTESIAN_POINT ( 'NONE',  ( -1.118628699807932000, 0.0000000000000000000, 1.197258423989853600 ) ) ;
#2251 = DIRECTION ( 'NONE',  ( 2.065146995210484400E-016, -0.0000000000000000000, -1.000000000000000000 ) ) ;
#2252 = CARTESIAN_POINT ( 'NONE',  ( -1.649999999999999500, 0.2999999999999999900, 1.399999999999999900 ) ) ;
#2253 = DIRECTION ( 'NONE',  ( -0.0000000000000000000, -1.000000000000000000, -0.0000000000000000000 ) ) ;
#2254 = DIRECTION ( 'NONE',  ( -0.0000000000000000000, 1.000000000000000000, -0.0000000000000000000 ) ) ;
#2255 = DIRECTION ( 'NONE',  ( 0.0000000000000000000, 0.0000000000000000000, -1.000000000000000000 ) ) ;
#2256 = CARTESIAN_POINT ( 'NONE',  ( 1.700000000000000600, 0.02000000000000000000, 0.7500000000000004400 ) ) ;
#2257 = DIRECTION ( 'NONE',  ( -0.0000000000000000000, -1.000000000000000000, -0.0000000000000000000 ) ) ;
#2258 = CARTESIAN_POINT ( 'NONE',  ( -1.750000000000006000, 0.2999999999999999900, -1.050000000000000000 ) ) ;
#2259 = DIRECTION ( 'NONE',  ( -0.0000000000000000000, -1.000000000000000000, -0.0000000000000000000 ) ) ;
#2260 = CARTESIAN_POINT ( 'NONE',  ( 1.379999999998493500, 0.0000000000000000000, -1.049999999996990500 ) ) ;
#2261 = DIRECTION ( 'NONE',  ( 1.445602896647338700E-016, -0.0000000000000000000, 1.000000000000000000 ) ) ;
#2262 = CARTESIAN_POINT ( 'NONE',  ( -1.485000000000000100, 0.6799999999999999400, -0.7500000000000000000 ) ) ;
#2263 = DIRECTION ( 'NONE',  ( -0.0000000000000000000, 1.000000000000000000, -0.0000000000000000000 ) ) ;
#2264 = CARTESIAN_POINT ( 'NONE',  ( -1.159093862195731000, 0.0000000000000000000, 0.9000000000002205100 ) ) ;
#2265 = DIRECTION ( 'NONE',  ( -0.0000000000000000000, 1.000000000000000000, -0.0000000000000000000 ) ) ;
#2266 = CARTESIAN_POINT ( 'NONE',  ( -0.2359999999999202500, 0.0000000000000000000, -0.9000000000004330100 ) ) ;
#2267 = DIRECTION ( 'NONE',  ( -0.0000000000000000000, 1.000000000000000000, -0.0000000000000000000 ) ) ;
#2268 = CARTESIAN_POINT ( 'NONE',  ( 1.650000000000000400, 0.0000000000000000000, 1.050000000000000000 ) ) ;
#2269 = DIRECTION ( 'NONE',  ( -0.0000000000000000000, 1.000000000000000000, -0.0000000000000000000 ) ) ;
#2270 = CARTESIAN_POINT ( 'NONE',  ( -1.379999999999870900, 0.0000000000000000000, 1.050000000000000000 ) ) ;
#2271 = DIRECTION ( 'NONE',  ( -0.0000000000000000000, 1.000000000000000000, -0.0000000000000000000 ) ) ;
#2272 = CARTESIAN_POINT ( 'NONE',  ( 1.650000000000000400, 0.2999999999999999900, 1.050000000000000000 ) ) ;
#2273 = DIRECTION ( 'NONE',  ( 1.000000000000000000, 0.0000000000000000000, 0.0000000000000000000 ) ) ;
#2274 = CARTESIAN_POINT ( 'NONE',  ( 1.650000000000000400, 0.2999999999999999900, 1.050000000000000000 ) ) ;
#2275 = DIRECTION ( 'NONE',  ( -0.0000000000000000000, -0.0000000000000000000, -1.000000000000000000 ) ) ;
#2276 = CARTESIAN_POINT ( 'NONE',  ( 1.750000000000123000, 0.0000000000000000000, -0.7500000000000002200 ) ) ;
#2277 = CARTESIAN_POINT ( 'NONE',  ( 1.700000000000000600, 0.2999999999999999900, 0.7500000000000002200 ) ) ;
#2278 = DIRECTION ( 'NONE',  ( -0.0000000000000000000, -1.000000000000000000, -0.0000000000000000000 ) ) ;
#2279 = CARTESIAN_POINT ( 'NONE',  ( -1.118628699807932000, -0.0000000000000000000, -1.197258423989853600 ) ) ;
#2280 = DIRECTION ( 'NONE',  ( -0.0000000000000000000, -0.0000000000000000000, -1.000000000000000000 ) ) ;
#2281 = CARTESIAN_POINT ( 'NONE',  ( -1.649999999999999900, 0.2999999999999999900, -1.399999999999999900 ) ) ;
#2282 = DIRECTION ( 'NONE',  ( -1.672769066120493500E-014, 0.0000000000000000000, 1.000000000000000000 ) ) ;
#2283 = CARTESIAN_POINT ( 'NONE',  ( -1.649999999999999900, 0.2999999999999999900, -1.399999999999999900 ) ) ;
#2284 = DIRECTION ( 'NONE',  ( -1.000000000000000000, -0.0000000000000000000, -0.0000000000000000000 ) ) ;
#2285 = CARTESIAN_POINT ( 'NONE',  ( -1.749999999999993600, 0.02000000000000000000, 1.050000000000000000 ) ) ;
#2286 = DIRECTION ( 'NONE',  ( 2.065146995210484400E-016, -0.0000000000000000000, -1.000000000000000000 ) ) ;
#2287 = CARTESIAN_POINT ( 'NONE',  ( -0.2359999999999202500, 0.02000000000000000000, -0.9000000000004330100 ) ) ;
#2288 = DIRECTION ( 'NONE',  ( 1.000000000000000000, 0.0000000000000000000, -1.451605323660172600E-013 ) ) ;
#2289 = CARTESIAN_POINT ( 'NONE',  ( 1.750000000000122800, 0.02000000000000000000, 1.050000000000000000 ) ) ;
#2290 = DIRECTION ( 'NONE',  ( -1.032573497605242200E-016, -0.0000000000000000000, 1.000000000000000000 ) ) ;
#2291 = DIRECTION ( 'NONE',  ( -0.0000000000000000000, 1.000000000000000000, -0.0000000000000000000 ) ) ;
#2292 = DIRECTION ( 'NONE',  ( 0.0000000000000000000, 0.0000000000000000000, 1.000000000000000000 ) ) ;
#2293 = CARTESIAN_POINT ( 'NONE',  ( -1.749999999999993600, 0.2999999999999999900, 0.7500000000000002200 ) ) ;
#2294 = DIRECTION ( 'NONE',  ( 7.950815931560368500E-015, 0.0000000000000000000, 1.000000000000000000 ) ) ;
#2295 = CARTESIAN_POINT ( 'NONE',  ( -1.118628699808089400, 0.0000000000000000000, -1.197258423990051200 ) ) ;
#2296 = CARTESIAN_POINT ( 'NONE',  ( 1.700000000000000400, 0.2999999999999999900, -0.7500000000000002200 ) ) ;
#2297 = DIRECTION ( 'NONE',  ( -0.0000000000000000000, -1.000000000000000000, -0.0000000000000000000 ) ) ;
#2298 = CARTESIAN_POINT ( 'NONE',  ( 1.115942034832921400, 0.0000000000000000000, 1.192384658695229600 ) ) ;
#2299 = DIRECTION ( 'NONE',  ( -0.0000000000000000000, -0.0000000000000000000, 1.000000000000000000 ) ) ;
#2300 = CARTESIAN_POINT ( 'NONE',  ( -1.159093862195701900, -0.0000000000000000000, -0.9000000000004331200 ) ) ;
#2301 = DIRECTION ( 'NONE',  ( -0.0000000000000000000, 1.000000000000000000, -0.0000000000000000000 ) ) ;
#2302 = DIRECTION ( 'NONE',  ( 0.0000000000000000000, 0.0000000000000000000, 1.000000000000000000 ) ) ;
#2303 = CARTESIAN_POINT ( 'NONE',  ( -1.700000000000003700, 0.2999999999999999900, -0.7500000000000002200 ) ) ;
#2304 = DIRECTION ( 'NONE',  ( 6.794333614242492600E-015, 0.0000000000000000000, 1.000000000000000000 ) ) ;
#2305 = CARTESIAN_POINT ( 'NONE',  ( 1.700000000000000400, 0.0000000000000000000, -0.7500000000000002200 ) ) ;
#2306 = DIRECTION ( 'NONE',  ( -0.0000000000000000000, 1.000000000000000000, -0.0000000000000000000 ) ) ;
#2307 = CARTESIAN_POINT ( 'NONE',  ( 1.380000000000122900, 0.0000000000000000000, 1.049999999996112000 ) ) ;
#2308 = DIRECTION ( 'NONE',  ( -1.000000000000000000, -0.0000000000000000000, -1.050855629991220900E-011 ) ) ;
#2309 = CARTESIAN_POINT ( 'NONE',  ( -1.749999999999993100, 0.0000000000000000000, -0.7500000000000002200 ) ) ;
#2310 = DIRECTION ( 'NONE',  ( -0.0000000000000000000, 1.000000000000000000, -0.0000000000000000000 ) ) ;
#2311 = CARTESIAN_POINT ( 'NONE',  ( 1.700000000000000600, 0.0000000000000000000, 0.7500000000000004400 ) ) ;
#2312 = DIRECTION ( 'NONE',  ( 1.445602896647338700E-016, -0.0000000000000000000, 1.000000000000000000 ) ) ;
#2313 = CARTESIAN_POINT ( 'NONE',  ( 1.183107586715372200, 0.0000000000000000000, -0.9000000000006389600 ) ) ;
#2314 = DIRECTION ( 'NONE',  ( 1.000000000000000000, 0.0000000000000000000, -1.451605323660172600E-013 ) ) ;
#2315 = CARTESIAN_POINT ( 'NONE',  ( -1.700000000000003700, 0.02000000000000000000, -0.7500000000000002200 ) ) ;
#2316 = DIRECTION ( 'NONE',  ( -1.000000000000000000, 0.0000000000000000000, 0.0000000000000000000 ) ) ;
#2317 = CARTESIAN_POINT ( 'NONE',  ( 1.649999999999999900, 0.0000000000000000000, -1.399999999999999900 ) ) ;
#2318 = DIRECTION ( 'NONE',  ( -6.195440985631457300E-016, -0.0000000000000000000, -1.000000000000000000 ) ) ;
#2319 = CARTESIAN_POINT ( 'NONE',  ( -1.650000000000005900, 0.2999999999999999900, -1.050000000000000000 ) ) ;
#2320 = DIRECTION ( 'NONE',  ( 0.0000000000000000000, 1.000000000000000000, 0.0000000000000000000 ) ) ;
#2321 = DIRECTION ( 'NONE',  ( -0.0000000000000000000, 1.000000000000000000, -0.0000000000000000000 ) ) ;
#2322 = DIRECTION ( 'NONE',  ( 0.0000000000000000000, 0.0000000000000000000, 1.000000000000000000 ) ) ;
#2323 = CARTESIAN_POINT ( 'NONE',  ( -1.649999999999991300, 0.2999999999999999900, 1.050000000000000000 ) ) ;
#2324 = DIRECTION ( 'NONE',  ( 0.0000000000000000000, -1.000000000000000000, 0.0000000000000000000 ) ) ;
#2325 = CARTESIAN_POINT ( 'NONE',  ( -1.159093862195731000, 0.02000000000000000000, 0.9000000000002205100 ) ) ;
#2326 = DIRECTION ( 'NONE',  ( -0.0000000000000000000, -1.000000000000000000, -0.0000000000000000000 ) ) ;
#2327 = CARTESIAN_POINT ( 'NONE',  ( -1.750000000000006000, 0.2999999999999999900, -1.050000000000000000 ) ) ;
#2328 = DIRECTION ( 'NONE',  ( 7.228014483236698300E-015, 0.0000000000000000000, 1.000000000000000000 ) ) ;
#2329 = FILL_AREA_STYLE_COLOUR ( '', #2075 ) ;
#2330 = CARTESIAN_POINT ( 'NONE',  ( 1.750000000000000200, 0.2999999999999999900, -1.050000000000000000 ) ) ;
#2331 = DIRECTION ( 'NONE',  ( -0.0000000000000000000, -1.000000000000000000, -0.0000000000000000000 ) ) ;
#2332 = FILL_AREA_STYLE_COLOUR ( '', #2096 ) ;
#2333 = DIRECTION ( 'NONE',  ( 1.000000000000000000, 0.0000000000000000000, 3.340180757428501500E-016 ) ) ;
#2334 = CARTESIAN_POINT ( 'NONE',  ( -1.485000000000000100, 0.6799999999999999400, -0.7500000000000000000 ) ) ;
#2335 = DIRECTION ( 'NONE',  ( -0.7071067811865474600, -0.0000000000000000000, 0.7071067811865474600 ) ) ;
#2336 = CARTESIAN_POINT ( 'NONE',  ( -1.749999999999993600, 0.01999999999999999700, 0.7500000000000002200 ) ) ;
#2337 = DIRECTION ( 'NONE',  ( -1.000000000000000000, 0.0000000000000000000, 0.0000000000000000000 ) ) ;
#2338 = CARTESIAN_POINT ( 'NONE',  ( 1.650000000000000100, 0.2999999999999999900, -1.050000000000000000 ) ) ;
#2339 = DIRECTION ( 'NONE',  ( -1.000000000000000000, -0.0000000000000000000, -0.0000000000000000000 ) ) ;
#2340 = CARTESIAN_POINT ( 'NONE',  ( -1.750000000000003800, 0.2999999999999999900, -0.7500000000000002200 ) ) ;
#2341 = DIRECTION ( 'NONE',  ( -0.0000000000000000000, -1.000000000000000000, -0.0000000000000000000 ) ) ;
#2342 = FILL_AREA_STYLE_COLOUR ( '', #2085 ) ;
#2343 = CARTESIAN_POINT ( 'NONE',  ( -0.9849999999999999900, 0.6999999999999999600, 1.250000000000000000 ) ) ;
#2344 = DIRECTION ( 'NONE',  ( 1.000000000000000000, 0.0000000000000000000, 0.0000000000000000000 ) ) ;
#2345 = FILL_AREA_STYLE ('',( #2329 ) ) ;
#2346 = SURFACE_SIDE_STYLE ('',( #2097 ) ) ;
#2347 = SURFACE_STYLE_USAGE ( .BOTH. , #2346 ) ;
#2348 =( LENGTH_UNIT ( ) NAMED_UNIT ( * ) SI_UNIT ( .MILLI., .METRE. ) );
#2349 =( NAMED_UNIT ( * ) PLANE_ANGLE_UNIT ( ) SI_UNIT ( $, .RADIAN. ) );
#2350 =( NAMED_UNIT ( * ) SI_UNIT ( $, .STERADIAN. ) SOLID_ANGLE_UNIT ( ) );
#2351 = FILL_AREA_STYLE_COLOUR ( '', #2101 ) ;
#2352 = FILL_AREA_STYLE ('',( #2342 ) ) ;
#2353 = SURFACE_SIDE_STYLE ('',( #2102 ) ) ;
#2354 = SURFACE_STYLE_USAGE ( .BOTH. , #2353 ) ;
#2355 =( LENGTH_UNIT ( ) NAMED_UNIT ( * ) SI_UNIT ( .MILLI., .METRE. ) );
#2356 =( NAMED_UNIT ( * ) PLANE_ANGLE_UNIT ( ) SI_UNIT ( $, .RADIAN. ) );
#2357 =( NAMED_UNIT ( * ) SI_UNIT ( $, .STERADIAN. ) SOLID_ANGLE_UNIT ( ) );
#2358 = FILL_AREA_STYLE_COLOUR ( '', #2106 ) ;
#2359 = FILL_AREA_STYLE ('',( #2332 ) ) ;
#2360 = SURFACE_SIDE_STYLE ('',( #2107 ) ) ;
#2361 = SURFACE_STYLE_USAGE ( .BOTH. , #2360 ) ;
#2362 =( LENGTH_UNIT ( ) NAMED_UNIT ( * ) SI_UNIT ( .MILLI., .METRE. ) );
#2363 =( NAMED_UNIT ( * ) PLANE_ANGLE_UNIT ( ) SI_UNIT ( $, .RADIAN. ) );
#2364 =( NAMED_UNIT ( * ) SI_UNIT ( $, .STERADIAN. ) SOLID_ANGLE_UNIT ( ) );
#2365 = FILL_AREA_STYLE_COLOUR ( '', #2111 ) ;
#2366 = FILL_AREA_STYLE_COLOUR ( '', #2056 ) ;
#2367 = FILL_AREA_STYLE ('',( #2366 ) ) ;
#2368 = SURFACE_SIDE_STYLE ('',( #2112 ) ) ;
#2369 = SURFACE_STYLE_USAGE ( .BOTH. , #2368 ) ;
#2370 =( LENGTH_UNIT ( ) NAMED_UNIT ( * ) SI_UNIT ( .MILLI., .METRE. ) );
#2371 =( NAMED_UNIT ( * ) PLANE_ANGLE_UNIT ( ) SI_UNIT ( $, .RADIAN. ) );
#2372 =( NAMED_UNIT ( * ) SI_UNIT ( $, .STERADIAN. ) SOLID_ANGLE_UNIT ( ) );
#2373 = FILL_AREA_STYLE_COLOUR ( '', #2116 ) ;
#2374 = FILL_AREA_STYLE ('',( #2351 ) ) ;
#2375 = SURFACE_SIDE_STYLE ('',( #2117 ) ) ;
#2376 = SURFACE_STYLE_USAGE ( .BOTH. , #2375 ) ;
#2377 =( LENGTH_UNIT ( ) NAMED_UNIT ( * ) SI_UNIT ( .MILLI., .METRE. ) );
#2378 =( NAMED_UNIT ( * ) PLANE_ANGLE_UNIT ( ) SI_UNIT ( $, .RADIAN. ) );
#2379 =( NAMED_UNIT ( * ) SI_UNIT ( $, .STERADIAN. ) SOLID_ANGLE_UNIT ( ) );
#2380 = FILL_AREA_STYLE ('',( #2358 ) ) ;
#2381 = SURFACE_SIDE_STYLE ('',( #2121 ) ) ;
#2382 = SURFACE_STYLE_USAGE ( .BOTH. , #2381 ) ;
#2383 =( LENGTH_UNIT ( ) NAMED_UNIT ( * ) SI_UNIT ( .MILLI., .METRE. ) );
#2384 =( NAMED_UNIT ( * ) PLANE_ANGLE_UNIT ( ) SI_UNIT ( $, .RADIAN. ) );
#2385 =( NAMED_UNIT ( * ) SI_UNIT ( $, .STERADIAN. ) SOLID_ANGLE_UNIT ( ) );
#2386 =( NAMED_UNIT ( * ) SI_UNIT ( $, .STERADIAN. ) SOLID_ANGLE_UNIT ( ) );
#2387 = FILL_AREA_STYLE ('',( #2365 ) ) ;
#2388 = SURFACE_SIDE_STYLE ('',( #2125 ) ) ;
#2389 = SURFACE_STYLE_USAGE ( .BOTH. , #2388 ) ;
#2390 =( LENGTH_UNIT ( ) NAMED_UNIT ( * ) SI_UNIT ( .MILLI., .METRE. ) );
#2391 =( NAMED_UNIT ( * ) PLANE_ANGLE_UNIT ( ) SI_UNIT ( $, .RADIAN. ) );
#2392 =( NAMED_UNIT ( * ) SI_UNIT ( $, .STERADIAN. ) SOLID_ANGLE_UNIT ( ) );
#2393 =( NAMED_UNIT ( * ) PLANE_ANGLE_UNIT ( ) SI_UNIT ( $, .RADIAN. ) );
#2394 = FILL_AREA_STYLE ('',( #2373 ) ) ;
#2395 = SURFACE_SIDE_STYLE ('',( #3439 ) ) ;
#2396 = SURFACE_STYLE_USAGE ( .BOTH. , #2395 ) ;
#2397 =( LENGTH_UNIT ( ) NAMED_UNIT ( * ) SI_UNIT ( .MILLI., .METRE. ) );
#2398 =( NAMED_UNIT ( * ) PLANE_ANGLE_UNIT ( ) SI_UNIT ( $, .RADIAN. ) );
#2399 =( NAMED_UNIT ( * ) SI_UNIT ( $, .STERADIAN. ) SOLID_ANGLE_UNIT ( ) );
#2400 =( LENGTH_UNIT ( ) NAMED_UNIT ( * ) SI_UNIT ( .MILLI., .METRE. ) );
#2401 = FILL_AREA_STYLE_COLOUR ( '', #3443 ) ;
#2402 = FILL_AREA_STYLE ('',( #2401 ) ) ;
#2403 = SURFACE_SIDE_STYLE ('',( #3445 ) ) ;
#2404 = SURFACE_STYLE_USAGE ( .BOTH. , #2403 ) ;
#2405 =( LENGTH_UNIT ( ) NAMED_UNIT ( * ) SI_UNIT ( .MILLI., .METRE. ) );
#2406 =( NAMED_UNIT ( * ) PLANE_ANGLE_UNIT ( ) SI_UNIT ( $, .RADIAN. ) );
#2407 =( NAMED_UNIT ( * ) SI_UNIT ( $, .STERADIAN. ) SOLID_ANGLE_UNIT ( ) );
#2408 = CARTESIAN_POINT ( 'NONE',  ( 0.0000000000000000000, 0.0000000000000000000, 0.0000000000000000000 ) ) ;
#2409 = DIRECTION ( 'NONE',  ( 0.0000000000000000000, 0.0000000000000000000, 1.000000000000000000 ) ) ;
#2410 = DIRECTION ( 'NONE',  ( 1.000000000000000000, 0.0000000000000000000, 0.0000000000000000000 ) ) ;
#2411 = APPLICATION_CONTEXT ( 'automotive_design' ) ;
#2412 = APPLICATION_PROTOCOL_DEFINITION ( 'draft international standard', 'automotive_design', 1998, #2411 ) ;
#2413 = PRODUCT_CONTEXT ( 'NONE', #2411, 'mechanical' ) ;
#2414 = APPLICATION_CONTEXT ( 'automotive_design' ) ;
#2415 = APPLICATION_PROTOCOL_DEFINITION ( 'draft international standard', 'automotive_design', 1998, #2414 ) ;
#2416 = EDGE_CURVE ( 'NONE', #3256, #3216, #1590, .T. ) ;
#2417 = EDGE_CURVE ( 'NONE', #3342, #3201, #1579, .T. ) ;
#2418 = EDGE_CURVE ( 'NONE', #3302, #3238, #1594, .T. ) ;
#2419 = EDGE_CURVE ( 'NONE', #3318, #3286, #1596, .T. ) ;
#2420 = EDGE_CURVE ( 'NONE', #3415, #3419, #1581, .T. ) ;
#2421 = EDGE_CURVE ( 'NONE', #3249, #3309, #1585, .T. ) ;
#2422 = EDGE_CURVE ( 'NONE', #3322, #3262, #1601, .T. ) ;
#2423 = EDGE_CURVE ( 'NONE', #3335, #3339, #1593, .T. ) ;
#2424 =( NAMED_UNIT ( * ) SI_UNIT ( $, .STERADIAN. ) SOLID_ANGLE_UNIT ( ) );
#2425 = DIRECTION ( 'NONE',  ( 4.336808689931418600E-015, 0.0000000000000000000, 1.000000000000000000 ) ) ;
#2426 =( NAMED_UNIT ( * ) SI_UNIT ( $, .STERADIAN. ) SOLID_ANGLE_UNIT ( ) );
#2427 = CARTESIAN_POINT ( 'NONE',  ( 1.750000000000122800, 0.0000000000000000000, 0.7500000000000002200 ) ) ;
#2428 = DIRECTION ( 'NONE',  ( -1.000000000000000000, 0.0000000000000000000, 1.445602896647338900E-016 ) ) ;
#2429 = SURFACE_SIDE_STYLE ('',( #3999 ) ) ;
#2430 = DIRECTION ( 'NONE',  ( -1.000000000000000000, 0.0000000000000000000, -0.0000000000000000000 ) ) ;
#2431 = PLANE ( 'NONE',  #867 ) ;
#2432 = PLANE ( 'NONE',  #870 ) ;
#2433 = DIRECTION ( 'NONE',  ( 0.0000000000000000000, 0.0000000000000000000, -1.000000000000000000 ) ) ;
#2434 = FILL_AREA_STYLE ('',( #2439 ) ) ;
#2435 = CARTESIAN_POINT ( 'NONE',  ( 1.700000000000000600, 0.0000000000000000000, 0.7500000000000004400 ) ) ;
#2436 =( LENGTH_UNIT ( ) NAMED_UNIT ( * ) SI_UNIT ( .MILLI., .METRE. ) );
#2437 = SURFACE_STYLE_USAGE ( .BOTH. , #2429 ) ;
#2438 =( NAMED_UNIT ( * ) PLANE_ANGLE_UNIT ( ) SI_UNIT ( $, .RADIAN. ) );
#2439 = FILL_AREA_STYLE_COLOUR ( '', #4007 ) ;
#2440 = CARTESIAN_POINT ( 'NONE',  ( -1.118628699807932000, 0.02000000000000000000, -1.197258423989853600 ) ) ;
#2441 = PLANE ( 'NONE',  #851 ) ;
#2442 = CARTESIAN_POINT ( 'NONE',  ( -1.118628699807932000, 0.02000000000000000000, 1.197258423989853600 ) ) ;
#2443 = DIRECTION ( 'NONE',  ( -0.0000000000000000000, -1.000000000000000000, -0.0000000000000000000 ) ) ;
#2444 = DIRECTION ( 'NONE',  ( -1.000000000000000000, 0.0000000000000000000, 6.787247299094113100E-013 ) ) ;
#2445 = PLANE ( 'NONE',  #852 ) ;
#2446 = SURFACE_SIDE_STYLE ('',( #3648 ) ) ;
#2447 =( NAMED_UNIT ( * ) SI_UNIT ( $, .STERADIAN. ) SOLID_ANGLE_UNIT ( ) );
#2448 = FILL_AREA_STYLE ('',( #2561 ) ) ;
#2449 = PLANE ( 'NONE',  #827 ) ;
#2450 = CARTESIAN_POINT ( 'NONE',  ( 1.750000000000123000, 0.0000000000000000000, -0.7500000000000002200 ) ) ;
#2451 = DIRECTION ( 'NONE',  ( 1.000000000000000000, 0.0000000000000000000, -1.451605323660172900E-013 ) ) ;
#2452 =( NAMED_UNIT ( * ) PLANE_ANGLE_UNIT ( ) SI_UNIT ( $, .RADIAN. ) );
#2453 = DIRECTION ( 'NONE',  ( 0.0000000000000000000, 0.0000000000000000000, -1.000000000000000000 ) ) ;
#2454 = PLANE ( 'NONE',  #815 ) ;
#2455 =( LENGTH_UNIT ( ) NAMED_UNIT ( * ) SI_UNIT ( .MILLI., .METRE. ) );
#2456 = DIRECTION ( 'NONE',  ( 0.0000000000000000000, -0.0000000000000000000, -1.000000000000000000 ) ) ;
#2457 = FILL_AREA_STYLE ('',( #2508 ) ) ;
#2458 = CARTESIAN_POINT ( 'NONE',  ( 1.183107586715372200, 0.02000000000000000000, 0.9000000000006389600 ) ) ;
#2459 = CARTESIAN_POINT ( 'NONE',  ( -0.9849999999999999900, 0.6799999999999999400, -1.250000000000000000 ) ) ;
#2460 = CARTESIAN_POINT ( 'NONE',  ( -0.8344999999999935800, 0.02000000000000000000, 0.9000000000000002400 ) ) ;
#2461 = DIRECTION ( 'NONE',  ( 0.0000000000000000000, 0.0000000000000000000, 1.000000000000000000 ) ) ;
#2462 = DIRECTION ( 'NONE',  ( -0.0000000000000000000, 1.000000000000000000, 0.0000000000000000000 ) ) ;
#2463 = CARTESIAN_POINT ( 'NONE',  ( -1.699999999999993500, 0.0000000000000000000, 0.7500000000000002200 ) ) ;
#2464 = DIRECTION ( 'NONE',  ( -1.000000000000000000, 0.0000000000000000000, 0.0000000000000000000 ) ) ;
#2465 =( LENGTH_UNIT ( ) NAMED_UNIT ( * ) SI_UNIT ( .MILLI., .METRE. ) );
#2466 = DIRECTION ( 'NONE',  ( -0.0000000000000000000, -1.000000000000000000, -0.0000000000000000000 ) ) ;
#2467 = CARTESIAN_POINT ( 'NONE',  ( -1.379999999999870900, 0.0000000000000000000, 1.050000000000000000 ) ) ;
#2468 =( LENGTH_UNIT ( ) NAMED_UNIT ( * ) SI_UNIT ( .MILLI., .METRE. ) );
#2469 = SURFACE_STYLE_USAGE ( .BOTH. , #2578 ) ;
#2470 = DIRECTION ( 'NONE',  ( -0.0000000000000000000, -1.000000000000000000, -0.0000000000000000000 ) ) ;
#2471 = CARTESIAN_POINT ( 'NONE',  ( -1.749999999999993600, 0.02000000000000000000, 1.050000000000000000 ) ) ;
#2472 = DIRECTION ( 'NONE',  ( 1.000000000000000000, 0.0000000000000000000, 1.050855629991220900E-011 ) ) ;
#2473 = DIRECTION ( 'NONE',  ( -0.0000000000000000000, 0.0000000000000000000, -1.000000000000000000 ) ) ;
#2474 = DIRECTION ( 'NONE',  ( -1.000000000000000000, 0.0000000000000000000, -3.340180757428502000E-016 ) ) ;
#2475 = DIRECTION ( 'NONE',  ( 0.0000000000000000000, 0.0000000000000000000, -1.000000000000000000 ) ) ;
#2476 = DIRECTION ( 'NONE',  ( 1.000000000000000000, 0.0000000000000000000, -0.0000000000000000000 ) ) ;
#2477 = PLANE ( 'NONE',  #820 ) ;
#2478 = DIRECTION ( 'NONE',  ( -0.0000000000000000000, 1.000000000000000000, -0.0000000000000000000 ) ) ;
#2479 = CARTESIAN_POINT ( 'NONE',  ( 1.115942034832921400, 0.0000000000000000000, 1.192384658695229600 ) ) ;
#2480 = PLANE ( 'NONE',  #823 ) ;
#2481 = SURFACE_STYLE_USAGE ( .BOTH. , #2446 ) ;
#2482 =( NAMED_UNIT ( * ) PLANE_ANGLE_UNIT ( ) SI_UNIT ( $, .RADIAN. ) );
#2483 = DIRECTION ( 'NONE',  ( -3.973578572816998700E-013, 0.0000000000000000000, -1.000000000000000000 ) ) ;
#2484 = DIRECTION ( 'NONE',  ( -0.0000000000000000000, -1.000000000000000000, -0.0000000000000000000 ) ) ;
#2485 = CARTESIAN_POINT ( 'NONE',  ( 1.115942034832921400, 0.02000000000000000000, -1.192384658695229600 ) ) ;
#2486 = DIRECTION ( 'NONE',  ( -1.000000000000000000, 0.0000000000000000000, -2.915901509445036000E-013 ) ) ;
#2487 = PLANE ( 'NONE',  #814 ) ;
#2488 = CARTESIAN_POINT ( 'NONE',  ( -0.8344999999999935800, 0.02000000000000000000, 0.9000000000000002400 ) ) ;
#2489 = CARTESIAN_POINT ( 'NONE',  ( 1.183107586715648400, 0.0000000000000000000, 0.8999999999994362500 ) ) ;
#2490 = FILL_AREA_STYLE_COLOUR ( '', #3549 ) ;
#2491 = FILL_AREA_STYLE ('',( #2490 ) ) ;
#2492 = DIRECTION ( 'NONE',  ( 0.0000000000000000000, -0.0000000000000000000, -1.000000000000000000 ) ) ;
#2493 = PLANE ( 'NONE',  #854 ) ;
#2494 =( NAMED_UNIT ( * ) PLANE_ANGLE_UNIT ( ) SI_UNIT ( $, .RADIAN. ) );
#2495 = DIRECTION ( 'NONE',  ( -1.000000000000000000, 0.0000000000000000000, 3.973578572816998700E-013 ) ) ;
#2496 = DIRECTION ( 'NONE',  ( 1.000000000000000000, 0.0000000000000000000, 2.915901509445036000E-013 ) ) ;
#2497 = DIRECTION ( 'NONE',  ( -1.000000000000000000, 0.0000000000000000000, -0.0000000000000000000 ) ) ;
#2498 =( NAMED_UNIT ( * ) SI_UNIT ( $, .STERADIAN. ) SOLID_ANGLE_UNIT ( ) );
#2499 = PLANE ( 'NONE',  #830 ) ;
#2500 =( NAMED_UNIT ( * ) SI_UNIT ( $, .STERADIAN. ) SOLID_ANGLE_UNIT ( ) );
#2501 = DIRECTION ( 'NONE',  ( 0.0000000000000000000, 0.0000000000000000000, -1.000000000000000000 ) ) ;
#2502 = CARTESIAN_POINT ( 'NONE',  ( -0.2360000000004451000, 0.0000000000000000000, 0.9000000000000002400 ) ) ;
#2503 = CARTESIAN_POINT ( 'NONE',  ( -1.118628699808308400, 0.0000000000000000000, 1.197258423989728400 ) ) ;
#2504 = CARTESIAN_POINT ( 'NONE',  ( 1.115942034832921400, 0.0000000000000000000, -1.192384658695229600 ) ) ;
#2505 = DIRECTION ( 'NONE',  ( 0.0000000000000000000, 0.0000000000000000000, -1.000000000000000000 ) ) ;
#2506 = PLANE ( 'NONE',  #856 ) ;
#2507 = DIRECTION ( 'NONE',  ( 0.0000000000000000000, -1.000000000000000000, 0.0000000000000000000 ) ) ;
#2508 = FILL_AREA_STYLE_COLOUR ( '', #3569 ) ;
#2509 = CARTESIAN_POINT ( 'NONE',  ( 1.750000000000123000, 0.0000000000000000000, -1.050000000000000000 ) ) ;
#2510 =( LENGTH_UNIT ( ) NAMED_UNIT ( * ) SI_UNIT ( .MILLI., .METRE. ) );
#2511 = FILL_AREA_STYLE_COLOUR ( '', #3993 ) ;
#2512 = DIRECTION ( 'NONE',  ( -1.000000000000000000, 0.0000000000000000000, 1.451605323660172900E-013 ) ) ;
#2513 = PLANE ( 'NONE',  #816 ) ;
#2514 = CARTESIAN_POINT ( 'NONE',  ( -1.749999999999993100, 0.02000000000000000000, -1.050000000000000000 ) ) ;
#2515 = DIRECTION ( 'NONE',  ( -1.050855629991220900E-011, 0.0000000000000000000, 1.000000000000000000 ) ) ;
#2516 = CARTESIAN_POINT ( 'NONE',  ( -1.159093862195701900, 0.02000000000000000000, -0.9000000000004331200 ) ) ;
#2517 = DIRECTION ( 'NONE',  ( 0.0000000000000000000, 0.0000000000000000000, -1.000000000000000000 ) ) ;
#2518 = DIRECTION ( 'NONE',  ( 1.000000000000000000, 0.0000000000000000000, -1.333734176441201700E-012 ) ) ;
#2519 = DIRECTION ( 'NONE',  ( -2.915901509445036000E-013, 0.0000000000000000000, 1.000000000000000000 ) ) ;
#2520 = CARTESIAN_POINT ( 'NONE',  ( 1.183107586715372200, 0.02000000000000000000, -0.9000000000006389600 ) ) ;
#2521 = PLANE ( 'NONE',  #818 ) ;
#2522 = DIRECTION ( 'NONE',  ( 3.340180757428502000E-016, 0.0000000000000000000, -1.000000000000000000 ) ) ;
#2523 = CARTESIAN_POINT ( 'NONE',  ( -0.2360000000004451000, 0.02000000000000000000, 0.9000000000000002400 ) ) ;
#2524 = SURFACE_SIDE_STYLE ('',( #3591 ) ) ;
#2525 = DIRECTION ( 'NONE',  ( -6.787247299094113100E-013, 0.0000000000000000000, -1.000000000000000000 ) ) ;
#2526 = DIRECTION ( 'NONE',  ( 0.0000000000000000000, 0.0000000000000000000, 1.000000000000000000 ) ) ;
#2527 = SURFACE_STYLE_USAGE ( .BOTH. , #2536 ) ;
#2528 = PLANE ( 'NONE',  #836 ) ;
#2529 = PLANE ( 'NONE',  #855 ) ;
#2530 = DIRECTION ( 'NONE',  ( 0.0000000000000000000, 0.0000000000000000000, 1.000000000000000000 ) ) ;
#2531 = PLANE ( 'NONE',  #819 ) ;
#2532 = CARTESIAN_POINT ( 'NONE',  ( -1.118628699808308400, 0.02000000000000000000, 1.197258423989728400 ) ) ;
#2533 = CARTESIAN_POINT ( 'NONE',  ( 1.115942034832921400, 0.02000000000000000000, 1.192384658695229600 ) ) ;
#2534 = DIRECTION ( 'NONE',  ( -1.000000000000000000, 0.0000000000000000000, -0.0000000000000000000 ) ) ;
#2535 = DIRECTION ( 'NONE',  ( -0.0000000000000000000, 1.000000000000000000, -0.0000000000000000000 ) ) ;
#2536 = SURFACE_SIDE_STYLE ('',( #3653 ) ) ;
#2537 = DIRECTION ( 'NONE',  ( 0.0000000000000000000, -1.000000000000000000, 0.0000000000000000000 ) ) ;
#2538 = DIRECTION ( 'NONE',  ( -1.000000000000000000, 0.0000000000000000000, -0.0000000000000000000 ) ) ;
#2539 =( NAMED_UNIT ( * ) PLANE_ANGLE_UNIT ( ) SI_UNIT ( $, .RADIAN. ) );
#2540 = DIRECTION ( 'NONE',  ( 1.000000000000000000, -0.0000000000000000000, 1.204669080539159700E-016 ) ) ;
#2541 = DIRECTION ( 'NONE',  ( -0.0000000000000000000, 1.000000000000000000, -0.0000000000000000000 ) ) ;
#2542 = DIRECTION ( 'NONE',  ( -1.451605323660172900E-013, 0.0000000000000000000, -1.000000000000000000 ) ) ;
#2543 = DIRECTION ( 'NONE',  ( 1.333734176441201700E-012, -0.0000000000000000000, 1.000000000000000000 ) ) ;
#2544 = DIRECTION ( 'NONE',  ( 1.000000000000000000, 0.0000000000000000000, 4.501504508948724100E-013 ) ) ;
#2545 = CARTESIAN_POINT ( 'NONE',  ( -1.118628699807932000, 0.02000000000000000000, -1.197258423989853600 ) ) ;
#2546 = DIRECTION ( 'NONE',  ( 0.0000000000000000000, 0.0000000000000000000, 1.000000000000000000 ) ) ;
#2547 = PLANE ( 'NONE',  #822 ) ;
#2548 = CARTESIAN_POINT ( 'NONE',  ( -1.749999999999993600, 0.0000000000000000000, 1.050000000000000000 ) ) ;
#2549 = SURFACE_STYLE_USAGE ( .BOTH. , #2556 ) ;
#2550 = CARTESIAN_POINT ( 'NONE',  ( -1.118628699808308400, 0.0000000000000000000, 1.197258423989728400 ) ) ;
#2551 = CARTESIAN_POINT ( 'NONE',  ( -1.159093862195731000, 0.0000000000000000000, 0.9000000000002205100 ) ) ;
#2552 = DIRECTION ( 'NONE',  ( -1.204669080539159700E-016, 0.0000000000000000000, 1.000000000000000000 ) ) ;
#2553 = PLANE ( 'NONE',  #858 ) ;
#2554 = DIRECTION ( 'NONE',  ( 1.000000000000000000, 0.0000000000000000000, -8.925621128057165800E-012 ) ) ;
#2555 = CARTESIAN_POINT ( 'NONE',  ( 1.700000000000000400, 0.0000000000000000000, -0.7500000000000002200 ) ) ;
#2556 = SURFACE_SIDE_STYLE ('',( #3566 ) ) ;
#2557 = DIRECTION ( 'NONE',  ( 8.925621128057165800E-012, 0.0000000000000000000, 1.000000000000000000 ) ) ;
#2558 = DIRECTION ( 'NONE',  ( 1.000000000000000000, 0.0000000000000000000, 0.0000000000000000000 ) ) ;
#2559 = DIRECTION ( 'NONE',  ( 0.0000000000000000000, 0.0000000000000000000, -1.000000000000000000 ) ) ;
#2560 = PLANE ( 'NONE',  #833 ) ;
#2561 = FILL_AREA_STYLE_COLOUR ( '', #3633 ) ;
#2562 =( NAMED_UNIT ( * ) SI_UNIT ( $, .STERADIAN. ) SOLID_ANGLE_UNIT ( ) );
#2563 = CARTESIAN_POINT ( 'NONE',  ( -1.749999999999993600, 0.0000000000000000000, 0.7500000000000002200 ) ) ;
#2564 = DIRECTION ( 'NONE',  ( -0.0000000000000000000, 0.0000000000000000000, 1.000000000000000000 ) ) ;
#2565 =( LENGTH_UNIT ( ) NAMED_UNIT ( * ) SI_UNIT ( .MILLI., .METRE. ) );
#2566 = FILL_AREA_STYLE ('',( #2567 ) ) ;
#2567 = FILL_AREA_STYLE_COLOUR ( '', #3531 ) ;
#2568 = PLANE ( 'NONE',  #861 ) ;
#2569 = DIRECTION ( 'NONE',  ( 1.451605323660172900E-013, 0.0000000000000000000, 1.000000000000000000 ) ) ;
#2570 = PLANE ( 'NONE',  #864 ) ;
#2571 = DIRECTION ( 'NONE',  ( 0.0000000000000000000, 0.0000000000000000000, 1.000000000000000000 ) ) ;
#2572 = DIRECTION ( 'NONE',  ( 2.915901509445036000E-013, 0.0000000000000000000, -1.000000000000000000 ) ) ;
#2573 = CARTESIAN_POINT ( 'NONE',  ( -0.2359999999999202500, 0.0000000000000000000, -0.9000000000004330100 ) ) ;
#2574 = DIRECTION ( 'NONE',  ( 0.0000000000000000000, 0.0000000000000000000, -1.000000000000000000 ) ) ;
#2575 = DIRECTION ( 'NONE',  ( -4.501504508948724100E-013, 0.0000000000000000000, 1.000000000000000000 ) ) ;
#2576 = DIRECTION ( 'NONE',  ( 1.204669080539159700E-016, 0.0000000000000000000, -1.000000000000000000 ) ) ;
#2577 = PLANE ( 'NONE',  #824 ) ;
#2578 = SURFACE_SIDE_STYLE ('',( #3626 ) ) ;
#2579 = DIRECTION ( 'NONE',  ( 1.000000000000000000, 0.0000000000000000000, 0.0000000000000000000 ) ) ;
#2580 = DIRECTION ( 'NONE',  ( -0.0000000000000000000, 0.0000000000000000000, 1.000000000000000000 ) ) ;
#2581 = FILL_AREA_STYLE ('',( #2584 ) ) ;
#2582 = CARTESIAN_POINT ( 'NONE',  ( -1.700000000000003700, 0.0000000000000000000, -0.7500000000000002200 ) ) ;
#2583 = SURFACE_STYLE_USAGE ( .BOTH. , #2587 ) ;
#2584 = FILL_AREA_STYLE_COLOUR ( '', #3557 ) ;
#2585 =( LENGTH_UNIT ( ) NAMED_UNIT ( * ) SI_UNIT ( .MILLI., .METRE. ) );
#2586 =( NAMED_UNIT ( * ) SI_UNIT ( $, .STERADIAN. ) SOLID_ANGLE_UNIT ( ) );
#2587 = SURFACE_SIDE_STYLE ('',( #3661 ) ) ;
#2588 = DIRECTION ( 'NONE',  ( 1.000000000000000000, 0.0000000000000000000, -6.794333614242494200E-015 ) ) ;
#2589 =( NAMED_UNIT ( * ) PLANE_ANGLE_UNIT ( ) SI_UNIT ( $, .RADIAN. ) );
#2590 = CARTESIAN_POINT ( 'NONE',  ( -1.749999999999993100, 0.0000000000000000000, -0.7500000000000002200 ) ) ;
#2591 = DIRECTION ( 'NONE',  ( -6.794333614242494200E-015, 0.0000000000000000000, -1.000000000000000000 ) ) ;
#2592 = FILL_AREA_STYLE ('',( #2597 ) ) ;
#2593 = PLANE ( 'NONE',  #839 ) ;
#2594 = SURFACE_STYLE_USAGE ( .BOTH. , #2595 ) ;
#2595 = SURFACE_SIDE_STYLE ('',( #3602 ) ) ;
#2596 =( NAMED_UNIT ( * ) PLANE_ANGLE_UNIT ( ) SI_UNIT ( $, .RADIAN. ) );
#2597 = FILL_AREA_STYLE_COLOUR ( '', #3646 ) ;
#2598 =( NAMED_UNIT ( * ) SI_UNIT ( $, .STERADIAN. ) SOLID_ANGLE_UNIT ( ) );
#2599 = PLANE ( 'NONE',  #842 ) ;
#2600 =( LENGTH_UNIT ( ) NAMED_UNIT ( * ) SI_UNIT ( .MILLI., .METRE. ) );
#2601 = DIRECTION ( 'NONE',  ( -1.000000000000000000, 0.0000000000000000000, 0.0000000000000000000 ) ) ;
#2602 = DIRECTION ( 'NONE',  ( -0.0000000000000000000, 0.0000000000000000000, -1.000000000000000000 ) ) ;
#2603 = FILL_AREA_STYLE_COLOUR ( '', #3642 ) ;
#2604 = SURFACE_STYLE_USAGE ( .BOTH. , #2606 ) ;
#2605 = FILL_AREA_STYLE ('',( #2603 ) ) ;
#2606 = SURFACE_SIDE_STYLE ('',( #3645 ) ) ;
#2607 =( NAMED_UNIT ( * ) SI_UNIT ( $, .STERADIAN. ) SOLID_ANGLE_UNIT ( ) );
#2608 =( LENGTH_UNIT ( ) NAMED_UNIT ( * ) SI_UNIT ( .MILLI., .METRE. ) );
#2609 = DIRECTION ( 'NONE',  ( -0.0000000000000000000, 1.000000000000000000, -0.0000000000000000000 ) ) ;
#2610 =( NAMED_UNIT ( * ) PLANE_ANGLE_UNIT ( ) SI_UNIT ( $, .RADIAN. ) );
#2611 = PLANE ( 'NONE',  #843 ) ;
#2612 = DIRECTION ( 'NONE',  ( 0.0000000000000000000, 0.0000000000000000000, -1.000000000000000000 ) ) ;
#2613 = CARTESIAN_POINT ( 'NONE',  ( -1.749999999999993100, 0.0000000000000000000, -1.050000000000000000 ) ) ;
#2614 = PLANE ( 'NONE',  #846 ) ;
#2615 = DIRECTION ( 'NONE',  ( 0.0000000000000000000, 0.0000000000000000000, 1.000000000000000000 ) ) ;
#2616 = DIRECTION ( 'NONE',  ( 2.848228409878461400E-013, 0.0000000000000000000, 1.000000000000000000 ) ) ;
#2617 = DIRECTION ( 'NONE',  ( 1.000000000000000000, 0.0000000000000000000, 0.0000000000000000000 ) ) ;
#2618 = CARTESIAN_POINT ( 'NONE',  ( -0.8344999999999935800, 0.0000000000000000000, 0.9000000000000002400 ) ) ;
#2619 = DIRECTION ( 'NONE',  ( 1.000000000000000000, 0.0000000000000000000, -2.848228409878461400E-013 ) ) ;
#2620 = PLANE ( 'NONE',  #845 ) ;
#2621 = CARTESIAN_POINT ( 'NONE',  ( -0.8344999999999933600, 0.0000000000000000000, -0.9000000000004330100 ) ) ;
#2622 = CARTESIAN_POINT ( 'NONE',  ( -1.118628699808089400, 0.0000000000000000000, -1.197258423990051200 ) ) ;
#2623 = DIRECTION ( 'NONE',  ( 1.000000000000000000, 0.0000000000000000000, 3.340180757428502000E-016 ) ) ;
#2624 = DIRECTION ( 'NONE',  ( -3.340180757428502000E-016, 0.0000000000000000000, 1.000000000000000000 ) ) ;
#2625 = PLANE ( 'NONE',  #850 ) ;
#2626 = PLANE ( 'NONE',  #847 ) ;
#2627 = DIRECTION ( 'NONE',  ( -1.000000000000000000, 0.0000000000000000000, -1.204669080539159700E-016 ) ) ;
#2628 = SURFACE_STYLE_USAGE ( .BOTH. , #2524 ) ;
#2629 = FILL_AREA_STYLE ('',( #2511 ) ) ;
#2630 = FILL_AREA_STYLE_COLOUR ( '', #3997 ) ;
#2631 =( LENGTH_UNIT ( ) NAMED_UNIT ( * ) SI_UNIT ( .MILLI., .METRE. ) );
#2632 = SURFACE_STYLE_USAGE ( .BOTH. , #2635 ) ;
#2633 = FILL_AREA_STYLE ('',( #2630 ) ) ;
#2634 = DIRECTION ( 'NONE',  ( 1.445602896647338900E-016, 0.0000000000000000000, 1.000000000000000000 ) ) ;
#2635 = SURFACE_SIDE_STYLE ('',( #3636 ) ) ;
#2636 =( NAMED_UNIT ( * ) SI_UNIT ( $, .STERADIAN. ) SOLID_ANGLE_UNIT ( ) );
#2637 =( NAMED_UNIT ( * ) PLANE_ANGLE_UNIT ( ) SI_UNIT ( $, .RADIAN. ) );
#2638 = CARTESIAN_POINT ( 'NONE',  ( 1.484999999999998300, 0.6999999999999999600, 0.7500000000000000000 ) ) ;
#2639 = EDGE_LOOP ( 'NONE', ( #355, #284, #344, #400 ) ) ;
#2640 = EDGE_LOOP ( 'NONE', ( #2942, #2979, #2800 ) ) ;
#2641 = EDGE_LOOP ( 'NONE', ( #425, #267, #184, #123 ) ) ;
#2642 = ORIENTED_EDGE ( 'NONE', *, *, #3146, .T. ) ;
#2643 = STYLED_ITEM ( 'NONE', ( #2898 ), #35 ) ;
#2644 = STYLED_ITEM ( 'NONE', ( #2851 ), #46 ) ;
#2645 = EDGE_LOOP ( 'NONE', ( #2885, #2848, #2997, #2749 ) ) ;
#2646 = FACE_OUTER_BOUND ( 'NONE', #2860, .T. ) ;
#2647 = EDGE_LOOP ( 'NONE', ( #2750, #3021, #2788, #2775 ) ) ;
#2648 = EDGE_LOOP ( 'NONE', ( #86, #232, #474, #410, #358 ) ) ;
#2649 = ORIENTED_EDGE ( 'NONE', *, *, #3067, .F. ) ;
#2650 = ORIENTED_EDGE ( 'NONE', *, *, #3105, .F. ) ;
#2651 = EDGE_LOOP ( 'NONE', ( #305, #146, #246, #67 ) ) ;
#2652 = STYLED_ITEM ( 'NONE', ( #2784 ), #24 ) ;
#2653 = FACE_OUTER_BOUND ( 'NONE', #2659, .T. ) ;
#2654 = EDGE_LOOP ( 'NONE', ( #341, #233, #242, #342 ) ) ;
#2655 = FACE_OUTER_BOUND ( 'NONE', #2971, .T. ) ;
#2656 = ORIENTED_EDGE ( 'NONE', *, *, #3131, .F. ) ;
#2657 = EDGE_LOOP ( 'NONE', ( #285, #353, #271, #388 ) ) ;
#2658 = COLOUR_RGB ( '',0.0000000000000000000, 0.7529411764705882200, 0.0000000000000000000 ) ;
#2659 = EDGE_LOOP ( 'NONE', ( #2690, #2962, #2969, #2666 ) ) ;
#2660 = EDGE_LOOP ( 'NONE', ( #456, #477, #140, #403 ) ) ;
#2661 = ORIENTED_EDGE ( 'NONE', *, *, #2416, .F. ) ;
#2662 = ORIENTED_EDGE ( 'NONE', *, *, #3115, .F. ) ;
#2663 = EDGE_LOOP ( 'NONE', ( #2649, #2680, #2752, #2946 ) ) ;
#2664 = ORIENTED_EDGE ( 'NONE', *, *, #696, .F. ) ;
#2665 = FACE_OUTER_BOUND ( 'NONE', #2689, .T. ) ;
#2666 = ORIENTED_EDGE ( 'NONE', *, *, #3687, .T. ) ;
#2667 = ORIENTED_EDGE ( 'NONE', *, *, #3126, .F. ) ;
#2668 = FACE_OUTER_BOUND ( 'NONE', #2796, .T. ) ;
#2669 = FACE_OUTER_BOUND ( 'NONE', #3020, .T. ) ;
#2670 = EDGE_LOOP ( 'NONE', ( #193, #172, #225, #139 ) ) ;
#2671 = ORIENTED_EDGE ( 'NONE', *, *, #3716, .T. ) ;
#2672 = ORIENTED_EDGE ( 'NONE', *, *, #3088, .T. ) ;
#2673 = COLOUR_RGB ( '',0.0000000000000000000, 0.7529411764705882200, 0.0000000000000000000 ) ;
#2674 = ORIENTED_EDGE ( 'NONE', *, *, #4011, .F. ) ;
#2675 = EDGE_LOOP ( 'NONE', ( #275, #98, #445, #100 ) ) ;
#2676 = ORIENTED_EDGE ( 'NONE', *, *, #693, .T. ) ;
#2677 = SURFACE_STYLE_FILL_AREA ( #3867 ) ;
#2678 = ORIENTED_EDGE ( 'NONE', *, *, #3104, .F. ) ;
#2679 = SURFACE_STYLE_FILL_AREA ( #600 ) ;
#2680 = ORIENTED_EDGE ( 'NONE', *, *, #3100, .T. ) ;
#2681 = EDGE_LOOP ( 'NONE', ( #143, #319, #83, #347 ) ) ;
#2682 = EDGE_LOOP ( 'NONE', ( #234, #420, #343, #118 ) ) ;
#2683 = ORIENTED_EDGE ( 'NONE', *, *, #3072, .F. ) ;
#2684 = ORIENTED_EDGE ( 'NONE', *, *, #3095, .T. ) ;
#2685 = FACE_OUTER_BOUND ( 'NONE', #2739, .T. ) ;
#2686 = ORIENTED_EDGE ( 'NONE', *, *, #3135, .F. ) ;
#2687 = ORIENTED_EDGE ( 'NONE', *, *, #3137, .F. ) ;
#2688 = ORIENTED_EDGE ( 'NONE', *, *, #3710, .T. ) ;
#2689 = EDGE_LOOP ( 'NONE', ( #442, #249, #448, #508 ) ) ;
#2690 = ORIENTED_EDGE ( 'NONE', *, *, #4014, .T. ) ;
#2691 = EDGE_LOOP ( 'NONE', ( #108, #136, #169, #398 ) ) ;
#2692 = FACE_OUTER_BOUND ( 'NONE', #2808, .T. ) ;
#2693 = EDGE_LOOP ( 'NONE', ( #2757, #2922, #2959, #2820, #3001, #2817, #2914, #2874, #2865, #2721, #2758, #2674, #2921, #2866 ) ) ;
#2694 = FACE_OUTER_BOUND ( 'NONE', #2715, .T. ) ;
#2695 = FACE_OUTER_BOUND ( 'NONE', #2747, .T. ) ;
#2696 = ORIENTED_EDGE ( 'NONE', *, *, #682, .T. ) ;
#2697 = ORIENTED_EDGE ( 'NONE', *, *, #3088, .F. ) ;
#2698 = ORIENTED_EDGE ( 'NONE', *, *, #3134, .T. ) ;
#2699 = FACE_OUTER_BOUND ( 'NONE', #2640, .T. ) ;
#2700 = EDGE_LOOP ( 'NONE', ( #75, #336, #399, #122 ) ) ;
#2701 = ORIENTED_EDGE ( 'NONE', *, *, #3745, .T. ) ;
#2702 = EDGE_LOOP ( 'NONE', ( #89, #167, #147, #163 ) ) ;
#2703 = EDGE_LOOP ( 'NONE', ( #304, #164, #441, #265 ) ) ;
#2704 = EDGE_LOOP ( 'NONE', ( #2698, #2846, #2678, #2642 ) ) ;
#2705 = ORIENTED_EDGE ( 'NONE', *, *, #3123, .F. ) ;
#2706 = EDGE_LOOP ( 'NONE', ( #217, #70, #81, #460 ) ) ;
#2707 = FACE_OUTER_BOUND ( 'NONE', #2945, .T. ) ;
#2708 = SURFACE_STYLE_FILL_AREA ( #3773 ) ;
#2709 = ORIENTED_EDGE ( 'NONE', *, *, #3738, .T. ) ;
#2710 = FACE_OUTER_BOUND ( 'NONE', #2807, .T. ) ;
#2711 = ORIENTED_EDGE ( 'NONE', *, *, #3076, .F. ) ;
#2712 = EDGE_LOOP ( 'NONE', ( #384, #322, #359, #481 ) ) ;
#2713 = STYLED_ITEM ( 'NONE', ( #2841 ), #51 ) ;
#2714 = ORIENTED_EDGE ( 'NONE', *, *, #3677, .T. ) ;
#2715 = EDGE_LOOP ( 'NONE', ( #293, #485, #99, #401 ) ) ;
#2716 = ORIENTED_EDGE ( 'NONE', *, *, #3744, .T. ) ;
#2717 = ORIENTED_EDGE ( 'NONE', *, *, #3136, .T. ) ;
#2718 = EDGE_LOOP ( 'NONE', ( #321, #370, #218, #396 ) ) ;
#2719 = ORIENTED_EDGE ( 'NONE', *, *, #3099, .F. ) ;
#2720 = EDGE_LOOP ( 'NONE', ( #188, #68, #128, #444 ) ) ;
#2721 = ORIENTED_EDGE ( 'NONE', *, *, #3700, .T. ) ;
#2722 = EDGE_LOOP ( 'NONE', ( #105, #375, #335, #489 ) ) ;
#2723 = ORIENTED_EDGE ( 'NONE', *, *, #3750, .F. ) ;
#2724 = ORIENTED_EDGE ( 'NONE', *, *, #3063, .F. ) ;
#2725 = COLOUR_RGB ( '',0.0000000000000000000, 0.7529411764705882200, 0.0000000000000000000 ) ;
#2726 = ORIENTED_EDGE ( 'NONE', *, *, #3742, .T. ) ;
#2727 =( GEOMETRIC_REPRESENTATION_CONTEXT ( 3 ) GLOBAL_UNCERTAINTY_ASSIGNED_CONTEXT ( ( #3167 ) ) GLOBAL_UNIT_ASSIGNED_CONTEXT ( ( #3865, #3875, #3876 ) ) REPRESENTATION_CONTEXT ( 'NONE', 'WORKASPACE' ) );
#2728 = ORIENTED_EDGE ( 'NONE', *, *, #3113, .T. ) ;
#2729 = STYLED_ITEM ( 'NONE', ( #2809 ), #45 ) ;
#2730 = ORIENTED_EDGE ( 'NONE', *, *, #3105, .T. ) ;
#2731 = ORIENTED_EDGE ( 'NONE', *, *, #3103, .T. ) ;
#2732 = FACE_OUTER_BOUND ( 'NONE', #2789, .T. ) ;
#2733 = ORIENTED_EDGE ( 'NONE', *, *, #60, .T. ) ;
#2734 = STYLED_ITEM ( 'NONE', ( #2840 ), #23 ) ;
#2735 = FACE_OUTER_BOUND ( 'NONE', #2743, .T. ) ;
#2736 = FACE_OUTER_BOUND ( 'NONE', #2909, .T. ) ;
#2737 = FACE_OUTER_BOUND ( 'NONE', #3008, .T. ) ;
#2738 = EDGE_LOOP ( 'NONE', ( #162, #479, #144, #79 ) ) ;
#2739 = EDGE_LOOP ( 'NONE', ( #189, #429, #394, #468 ) ) ;
#2740 = ORIENTED_EDGE ( 'NONE', *, *, #4010, .T. ) ;
#2741 = ORIENTED_EDGE ( 'NONE', *, *, #3070, .F. ) ;
#2742 = EDGE_LOOP ( 'NONE', ( #439, #433, #432, #505, #294, #204, #437, #451 ) ) ;
#2743 = EDGE_LOOP ( 'NONE', ( #2958, #2870, #2965, #2953 ) ) ;
#2744 = EDGE_LOOP ( 'NONE', ( #102, #376, #454, #137 ) ) ;
#2745 =( GEOMETRIC_REPRESENTATION_CONTEXT ( 3 ) GLOBAL_UNCERTAINTY_ASSIGNED_CONTEXT ( ( #3162 ) ) GLOBAL_UNIT_ASSIGNED_CONTEXT ( ( #3813, #3830, #3831 ) ) REPRESENTATION_CONTEXT ( 'NONE', 'WORKASPACE' ) );
#2746 = ORIENTED_EDGE ( 'NONE', *, *, #2418, .T. ) ;
#2747 = EDGE_LOOP ( 'NONE', ( #450, #496, #372, #449 ) ) ;
#2748 = ORIENTED_EDGE ( 'NONE', *, *, #3082, .F. ) ;
#2749 = ORIENTED_EDGE ( 'NONE', *, *, #3724, .T. ) ;
#2750 = ORIENTED_EDGE ( 'NONE', *, *, #686, .T. ) ;
#2751 = EDGE_LOOP ( 'NONE', ( #241, #212, #361, #282 ) ) ;
#2752 = ORIENTED_EDGE ( 'NONE', *, *, #3520, .T. ) ;
#2753 = EDGE_LOOP ( 'NONE', ( #3004, #2650, #2987, #2672 ) ) ;
#2754 = ORIENTED_EDGE ( 'NONE', *, *, #3721, .T. ) ;
#2755 = PRESENTATION_STYLE_ASSIGNMENT (( #3983 ) ) ;
#2756 = FACE_OUTER_BOUND ( 'NONE', #2844, .T. ) ;
#2757 = ORIENTED_EDGE ( 'NONE', *, *, #3731, .T. ) ;
#2758 = ORIENTED_EDGE ( 'NONE', *, *, #3714, .T. ) ;
#2759 =( GEOMETRIC_REPRESENTATION_CONTEXT ( 3 ) GLOBAL_UNCERTAINTY_ASSIGNED_CONTEXT ( ( #3168 ) ) GLOBAL_UNIT_ASSIGNED_CONTEXT ( ( #3850, #3851, #3852 ) ) REPRESENTATION_CONTEXT ( 'NONE', 'WORKASPACE' ) );
#2760 = EDGE_LOOP ( 'NONE', ( #499, #369, #88, #324, #463 ) ) ;
#2761 = FACE_OUTER_BOUND ( 'NONE', #2771, .T. ) ;
#2762 = EDGE_LOOP ( 'NONE', ( #299, #120, #382, #495, #221, #2855, #2805, #3003, #2984, #2978, #2824, #2774, #2863, #2900 ) ) ;
#2763 = PRESENTATION_STYLE_ASSIGNMENT (( #3800 ) ) ;
#2764 = EDGE_LOOP ( 'NONE', ( #418, #135, #116, #121, #196 ) ) ;
#2765 = FACE_OUTER_BOUND ( 'NONE', #2660, .T. ) ;
#2766 = ORIENTED_EDGE ( 'NONE', *, *, #692, .T. ) ;
#2767 = ORIENTED_EDGE ( 'NONE', *, *, #3097, .F. ) ;
#2768 = ORIENTED_EDGE ( 'NONE', *, *, #3691, .F. ) ;
#2769 = PRESENTATION_STYLE_ASSIGNMENT (( #3864 ) ) ;
#2770 = FACE_OUTER_BOUND ( 'NONE', #2835, .T. ) ;
#2771 = EDGE_LOOP ( 'NONE', ( #407, #311, #110, #290 ) ) ;
#2772 = EDGE_LOOP ( 'NONE', ( #2731, #2748, #3019, #2714 ) ) ;
#2773 = FACE_OUTER_BOUND ( 'NONE', #2744, .T. ) ;
#2774 = ORIENTED_EDGE ( 'NONE', *, *, #3707, .T. ) ;
#2775 = ORIENTED_EDGE ( 'NONE', *, *, #3070, .T. ) ;
#2776 = ORIENTED_EDGE ( 'NONE', *, *, #3659, .T. ) ;
#2777 = STYLED_ITEM ( 'NONE', ( #2755 ), #34 ) ;
#2778 = SURFACE_STYLE_FILL_AREA ( #3957 ) ;
#2779 =( GEOMETRIC_REPRESENTATION_CONTEXT ( 3 ) GLOBAL_UNCERTAINTY_ASSIGNED_CONTEXT ( ( #3170 ) ) GLOBAL_UNIT_ASSIGNED_CONTEXT ( ( #3929, #3930, #3931 ) ) REPRESENTATION_CONTEXT ( 'NONE', 'WORKASPACE' ) );
#2780 = EDGE_LOOP ( 'NONE', ( #2920, #2947, #2656, #2728 ) ) ;
#2781 = EDGE_LOOP ( 'NONE', ( #2701, #2982, #2711, #2867 ) ) ;
#2782 = FACE_OUTER_BOUND ( 'NONE', #2908, .T. ) ;
#2783 = STYLED_ITEM ( 'NONE', ( #2972 ), #22 ) ;
#2784 = PRESENTATION_STYLE_ASSIGNMENT (( #622 ) ) ;
#2785 = FACE_OUTER_BOUND ( 'NONE', #3007, .T. ) ;
#2786 = ORIENTED_EDGE ( 'NONE', *, *, #3723, .T. ) ;
#2787 = STYLED_ITEM ( 'NONE', ( #2913 ), #42 ) ;
#2788 = ORIENTED_EDGE ( 'NONE', *, *, #3093, .F. ) ;
#2789 = EDGE_LOOP ( 'NONE', ( #216, #266, #187, #452, #174, #261, #279, #288 ) ) ;
#2790 = EDGE_LOOP ( 'NONE', ( #230, #340, #303, #469 ) ) ;
#2791 = EDGE_LOOP ( 'NONE', ( #153, #373, #119, #292 ) ) ;
#2792 = SURFACE_STYLE_FILL_AREA ( #3885 ) ;
#2793 = EDGE_LOOP ( 'NONE', ( #2842, #2917, #2767, #2943 ) ) ;
#2794 = ORIENTED_EDGE ( 'NONE', *, *, #3072, .T. ) ;
#2795 = FACE_OUTER_BOUND ( 'NONE', #2720, .T. ) ;
#2796 = EDGE_LOOP ( 'NONE', ( #130, #467, #182, #170 ) ) ;
#2797 = EDGE_LOOP ( 'NONE', ( #276, #333, #268, #264 ) ) ;
#2798 = EDGE_LOOP ( 'NONE', ( #269, #405, #423, #202 ) ) ;
#2799 = EDGE_LOOP ( 'NONE', ( #243, #364, #500, #235 ) ) ;
#2800 = ORIENTED_EDGE ( 'NONE', *, *, #2416, .T. ) ;
#2801 = ORIENTED_EDGE ( 'NONE', *, *, #3750, .T. ) ;
#2802 = STYLED_ITEM ( 'NONE', ( #2889 ), #37 ) ;
#2803 = STYLED_ITEM ( 'NONE', ( #2763 ), #43 ) ;
#2804 = EDGE_LOOP ( 'NONE', ( #404, #411, #331, #159 ) ) ;
#2805 = ORIENTED_EDGE ( 'NONE', *, *, #3123, .T. ) ;
#2806 = ORIENTED_EDGE ( 'NONE', *, *, #3065, .T. ) ;
#2807 = EDGE_LOOP ( 'NONE', ( #2893, #2888, #2924, #2786 ) ) ;
#2808 = EDGE_LOOP ( 'NONE', ( #484, #383, #483, #506 ) ) ;
#2809 = PRESENTATION_STYLE_ASSIGNMENT (( #3849 ) ) ;
#2810 = ORIENTED_EDGE ( 'NONE', *, *, #3118, .T. ) ;
#2811 = EDGE_LOOP ( 'NONE', ( #223, #374, #229, #90, #132, #154, #145, #416, #461, #306, #219, #151, #368, #440, #69, #272, #326, #114, #318, #117 ) ) ;
#2812 = EDGE_LOOP ( 'NONE', ( #465, #390, #455, #424 ) ) ;
#2813 = EDGE_LOOP ( 'NONE', ( #337, #494, #406, #239 ) ) ;
#2814 = EDGE_LOOP ( 'NONE', ( #97, #348, #72, #274 ) ) ;
#2815 = ORIENTED_EDGE ( 'NONE', *, *, #3651, .T. ) ;
#2816 = EDGE_LOOP ( 'NONE', ( #490, #393, #107, #380, #352, #255, #201, #345, #190, #308, #203, #289, #436, #257, #473, #180, #447, #250, #244, #87 ) ) ;
#2817 = ORIENTED_EDGE ( 'NONE', *, *, #3129, .T. ) ;
#2818 = EDGE_LOOP ( 'NONE', ( #214, #356, #206, #93 ) ) ;
#2819 = SURFACE_STYLE_FILL_AREA ( #3965 ) ;
#2820 = ORIENTED_EDGE ( 'NONE', *, *, #3099, .T. ) ;
#2821 = EDGE_LOOP ( 'NONE', ( #200, #291, #181, #414 ) ) ;
#2822 = FACE_OUTER_BOUND ( 'NONE', #2821, .T. ) ;
#2823 = FACE_OUTER_BOUND ( 'NONE', #3023, .T. ) ;
#2824 = ORIENTED_EDGE ( 'NONE', *, *, #678, .T. ) ;
#2825 =( GEOMETRIC_REPRESENTATION_CONTEXT ( 3 ) GLOBAL_UNCERTAINTY_ASSIGNED_CONTEXT ( ( #3164 ) ) GLOBAL_UNIT_ASSIGNED_CONTEXT ( ( #3897, #3898, #3899 ) ) REPRESENTATION_CONTEXT ( 'NONE', 'WORKASPACE' ) );
#2826 = SURFACE_STYLE_FILL_AREA ( #3817 ) ;
#2827 = STYLED_ITEM ( 'NONE', ( #2964 ), #36 ) ;
#2828 = EDGE_LOOP ( 'NONE', ( #381, #211, #152, #360, #220, #391, #209, #351, #287, #166, #95, #280 ) ) ;
#2829 = FACE_OUTER_BOUND ( 'NONE', #2682, .T. ) ;
#2830 = ORIENTED_EDGE ( 'NONE', *, *, #3145, .F. ) ;
#2831 = COLOUR_RGB ( '',0.0000000000000000000, 0.7529411764705882200, 0.0000000000000000000 ) ;
#2832 = EDGE_LOOP ( 'NONE', ( #2661, #213, #313, #367 ) ) ;
#2833 = FACE_OUTER_BOUND ( 'NONE', #2868, .T. ) ;
#2834 =( GEOMETRIC_REPRESENTATION_CONTEXT ( 3 ) GLOBAL_UNCERTAINTY_ASSIGNED_CONTEXT ( ( #3169 ) ) GLOBAL_UNIT_ASSIGNED_CONTEXT ( ( #3941, #3942, #3943 ) ) REPRESENTATION_CONTEXT ( 'NONE', 'WORKASPACE' ) );
#2835 = EDGE_LOOP ( 'NONE', ( #149, #85, #126, #125 ) ) ;
#2836 = COLOUR_RGB ( '',0.0000000000000000000, 0.7529411764705882200, 0.0000000000000000000 ) ;
#2837 = ORIENTED_EDGE ( 'NONE', *, *, #3705, .T. ) ;
#2838 = FACE_OUTER_BOUND ( 'NONE', #2639, .T. ) ;
#2839 = EDGE_LOOP ( 'NONE', ( #458, #231, #408, #323, #129, #488, #156, #247, #421, #422, #150, #502 ) ) ;
#2840 = PRESENTATION_STYLE_ASSIGNMENT (( #593 ) ) ;
#2841 = PRESENTATION_STYLE_ASSIGNMENT (( #3766 ) ) ;
#2842 = ORIENTED_EDGE ( 'NONE', *, *, #3125, .T. ) ;
#2843 = COLOUR_RGB ( '',0.0000000000000000000, 0.7529411764705882200, 0.0000000000000000000 ) ;
#2844 = EDGE_LOOP ( 'NONE', ( #224, #409, #168, #222, #357, #210 ) ) ;
#2845 = FACE_OUTER_BOUND ( 'NONE', #2926, .T. ) ;
#2846 = ORIENTED_EDGE ( 'NONE', *, *, #3066, .F. ) ;
#2847 = COLOUR_RGB ( '',1.000000000000000000, 1.000000000000000000, 0.5019607843137254800 ) ;
#2848 = ORIENTED_EDGE ( 'NONE', *, *, #3109, .F. ) ;
#2849 = ORIENTED_EDGE ( 'NONE', *, *, #3709, .T. ) ;
#2850 = EDGE_LOOP ( 'NONE', ( #389, #371, #386, #491 ) ) ;
#2851 = PRESENTATION_STYLE_ASSIGNMENT (( #3959 ) ) ;
#2852 = COLOUR_RGB ( '',1.000000000000000000, 1.000000000000000000, 0.5019607843137254800 ) ;
#2853 = SURFACE_STYLE_FILL_AREA ( #3847 ) ;
#2854 = EDGE_LOOP ( 'NONE', ( #2688, #2899, #2830, #2877 ) ) ;
#2855 = ORIENTED_EDGE ( 'NONE', *, *, #3093, .T. ) ;
#2856 = EDGE_LOOP ( 'NONE', ( #501, #77, #431, #507 ) ) ;
#2857 =( GEOMETRIC_REPRESENTATION_CONTEXT ( 3 ) GLOBAL_UNCERTAINTY_ASSIGNED_CONTEXT ( ( #3166 ) ) GLOBAL_UNIT_ASSIGNED_CONTEXT ( ( #3798, #3784, #3785 ) ) REPRESENTATION_CONTEXT ( 'NONE', 'WORKASPACE' ) );
#2858 = EDGE_LOOP ( 'NONE', ( #138, #365, #366, #191 ) ) ;
#2859 = COLOUR_RGB ( '',0.0000000000000000000, 0.7529411764705882200, 0.0000000000000000000 ) ;
#2860 = EDGE_LOOP ( 'NONE', ( #112, #101, #2664, #2696 ) ) ;
#2861 = SURFACE_STYLE_FILL_AREA ( #3810 ) ;
#2862 = ORIENTED_EDGE ( 'NONE', *, *, #3082, .T. ) ;
#2863 = ORIENTED_EDGE ( 'NONE', *, *, #2421, .T. ) ;
#2864 = ORIENTED_EDGE ( 'NONE', *, *, #3109, .T. ) ;
#2865 = ORIENTED_EDGE ( 'NONE', *, *, #3137, .T. ) ;
#2866 = ORIENTED_EDGE ( 'NONE', *, *, #3452, .F. ) ;
#2867 = ORIENTED_EDGE ( 'NONE', *, *, #3089, .T. ) ;
#2868 = EDGE_LOOP ( 'NONE', ( #301, #328, #186, #178 ) ) ;
#2869 = SURFACE_STYLE_FILL_AREA ( #3945 ) ;
#2870 = ORIENTED_EDGE ( 'NONE', *, *, #3687, .F. ) ;
#2871 = FACE_OUTER_BOUND ( 'NONE', #2955, .T. ) ;
#2872 = EDGE_LOOP ( 'NONE', ( #2951, #2884, #2996, #2923 ) ) ;
#2873 = EDGE_LOOP ( 'NONE', ( #262, #199, #426, #492 ) ) ;
#2874 = ORIENTED_EDGE ( 'NONE', *, *, #3150, .T. ) ;
#2875 =( GEOMETRIC_REPRESENTATION_CONTEXT ( 3 ) GLOBAL_UNCERTAINTY_ASSIGNED_CONTEXT ( ( #3163 ) ) GLOBAL_UNIT_ASSIGNED_CONTEXT ( ( #3858, #3859, #3860 ) ) REPRESENTATION_CONTEXT ( 'NONE', 'WORKASPACE' ) );
#2876 = SURFACE_STYLE_FILL_AREA ( #3862 ) ;
#2877 = ORIENTED_EDGE ( 'NONE', *, *, #3747, .F. ) ;
#2878 = ORIENTED_EDGE ( 'NONE', *, *, #3129, .F. ) ;
#2879 = FACE_OUTER_BOUND ( 'NONE', #2722, .T. ) ;
#2880 = EDGE_LOOP ( 'NONE', ( #2990, #2938, #2995, #2948 ) ) ;
#2881 = ORIENTED_EDGE ( 'NONE', *, *, #3085, .T. ) ;
#2882 = STYLED_ITEM ( 'NONE', ( #3022 ), #38 ) ;
#2883 = ORIENTED_EDGE ( 'NONE', *, *, #3641, .T. ) ;
#2884 = ORIENTED_EDGE ( 'NONE', *, *, #3100, .F. ) ;
#2885 = ORIENTED_EDGE ( 'NONE', *, *, #3153, .T. ) ;
#2886 =( GEOMETRIC_REPRESENTATION_CONTEXT ( 3 ) GLOBAL_UNCERTAINTY_ASSIGNED_CONTEXT ( ( #3159 ) ) GLOBAL_UNIT_ASSIGNED_CONTEXT ( ( #606, #780, #626 ) ) REPRESENTATION_CONTEXT ( 'NONE', 'WORKASPACE' ) );
#2887 = FACE_OUTER_BOUND ( 'NONE', #3017, .T. ) ;
#2888 = ORIENTED_EDGE ( 'NONE', *, *, #685, .F. ) ;
#2889 = PRESENTATION_STYLE_ASSIGNMENT (( #3857 ) ) ;
#2890 = ORIENTED_EDGE ( 'NONE', *, *, #3724, .F. ) ;
#2891 = ORIENTED_EDGE ( 'NONE', *, *, #3150, .F. ) ;
#2892 = FACE_OUTER_BOUND ( 'NONE', #2814, .T. ) ;
#2893 = ORIENTED_EDGE ( 'NONE', *, *, #512, .T. ) ;
#2894 = ORIENTED_EDGE ( 'NONE', *, *, #3108, .T. ) ;
#2895 = EDGE_LOOP ( 'NONE', ( #237, #245, #466, #175, #476 ) ) ;
#2896 = ORIENTED_EDGE ( 'NONE', *, *, #3146, .F. ) ;
#2897 = EDGE_LOOP ( 'NONE', ( #133, #195, #82, #312 ) ) ;
#2898 = PRESENTATION_STYLE_ASSIGNMENT (( #3780 ) ) ;
#2899 = ORIENTED_EDGE ( 'NONE', *, *, #3085, .F. ) ;
#2900 = ORIENTED_EDGE ( 'NONE', *, *, #689, .T. ) ;
#2901 = FACE_OUTER_BOUND ( 'NONE', #2832, .T. ) ;
#2902 = EDGE_LOOP ( 'NONE', ( #254, #104, #511, #177, #124, #339, #281, #443, #78, #296, #387, #392 ) ) ;
#2903 = EDGE_LOOP ( 'NONE', ( #329, #320, #327, #176 ) ) ;
#2904 = SURFACE_STYLE_FILL_AREA ( #3837 ) ;
#2905 = ORIENTED_EDGE ( 'NONE', *, *, #3095, .F. ) ;
#2906 =( GEOMETRIC_REPRESENTATION_CONTEXT ( 3 ) GLOBAL_UNCERTAINTY_ASSIGNED_CONTEXT ( ( #3158 ) ) GLOBAL_UNIT_ASSIGNED_CONTEXT ( ( #608, #589, #580 ) ) REPRESENTATION_CONTEXT ( 'NONE', 'WORKASPACE' ) );
#2907 = ORIENTED_EDGE ( 'NONE', *, *, #2420, .T. ) ;
#2908 = EDGE_LOOP ( 'NONE', ( #228, #297, #487, #307 ) ) ;
#2909 = EDGE_LOOP ( 'NONE', ( #472, #332, #504, #96 ) ) ;
#2910 = FACE_OUTER_BOUND ( 'NONE', #2999, .T. ) ;
#2911 = SURFACE_STYLE_FILL_AREA ( #595 ) ;
#2912 = EDGE_LOOP ( 'NONE', ( #2709, #2741, #2724, #2810 ) ) ;
#2913 = PRESENTATION_STYLE_ASSIGNMENT (( #3967 ) ) ;
#2914 = ORIENTED_EDGE ( 'NONE', *, *, #3138, .T. ) ;
#2915 = ORIENTED_EDGE ( 'NONE', *, *, #696, .T. ) ;
#2916 = ORIENTED_EDGE ( 'NONE', *, *, #3712, .F. ) ;
#2917 = ORIENTED_EDGE ( 'NONE', *, *, #3118, .F. ) ;
#2918 = EDGE_LOOP ( 'NONE', ( #205, #248, #103, #197, #434, #256, #106, #446 ) ) ;
#2919 = EDGE_LOOP ( 'NONE', ( #2837, #2932, #2991, #2726 ) ) ;
#2920 = ORIENTED_EDGE ( 'NONE', *, *, #3069, .T. ) ;
#2921 = ORIENTED_EDGE ( 'NONE', *, *, #3701, .F. ) ;
#2922 = ORIENTED_EDGE ( 'NONE', *, *, #3683, .T. ) ;
#2923 = ORIENTED_EDGE ( 'NONE', *, *, #3126, .T. ) ;
#2924 = ORIENTED_EDGE ( 'NONE', *, *, #2418, .F. ) ;
#2925 = FACE_OUTER_BOUND ( 'NONE', #3010, .T. ) ;
#2926 = EDGE_LOOP ( 'NONE', ( #415, #395, #453, #207 ) ) ;
#2927 =( GEOMETRIC_REPRESENTATION_CONTEXT ( 3 ) GLOBAL_UNCERTAINTY_ASSIGNED_CONTEXT ( ( #3165 ) ) GLOBAL_UNIT_ASSIGNED_CONTEXT ( ( #3968, #3969, #3978 ) ) REPRESENTATION_CONTEXT ( 'NONE', 'WORKASPACE' ) );
#2928 = COLOUR_RGB ( '',1.000000000000000000, 1.000000000000000000, 0.5019607843137254800 ) ;
#2929 = ORIENTED_EDGE ( 'NONE', *, *, #3691, .T. ) ;
#2930 = SURFACE_STYLE_FILL_AREA ( #3782 ) ;
#2931 = FACE_BOUND ( 'NONE', #2742, .T. ) ;
#2932 = ORIENTED_EDGE ( 'NONE', *, *, #3677, .F. ) ;
#2933 = LINE ( 'NONE', #989, #1550 ) ;
#2934 =( GEOMETRIC_REPRESENTATION_CONTEXT ( 3 ) GLOBAL_UNCERTAINTY_ASSIGNED_CONTEXT ( ( #3161 ) ) GLOBAL_UNIT_ASSIGNED_CONTEXT ( ( #3758, #3821, #3822 ) ) REPRESENTATION_CONTEXT ( 'NONE', 'WORKASPACE' ) );
#2935 = EDGE_LOOP ( 'NONE', ( #2907, #3016, #2705, #2806 ) ) ;
#2936 = EDGE_LOOP ( 'NONE', ( #457, #160, #486, #252 ) ) ;
#2937 = EDGE_LOOP ( 'NONE', ( #493, #215, #92, #227 ) ) ;
#2938 = ORIENTED_EDGE ( 'NONE', *, *, #3089, .F. ) ;
#2939 = EDGE_LOOP ( 'NONE', ( #192, #377, #171, #94 ) ) ;
#2940 = ORIENTED_EDGE ( 'NONE', *, *, #3113, .F. ) ;
#2941 = ORIENTED_EDGE ( 'NONE', *, *, #3748, .F. ) ;
#2942 = ORIENTED_EDGE ( 'NONE', *, *, #3499, .T. ) ;
#2943 = ORIENTED_EDGE ( 'NONE', *, *, #2419, .F. ) ;
#2944 =( GEOMETRIC_REPRESENTATION_CONTEXT ( 3 ) GLOBAL_UNCERTAINTY_ASSIGNED_CONTEXT ( ( #3157 ) ) GLOBAL_UNIT_ASSIGNED_CONTEXT ( ( #618, #579, #615 ) ) REPRESENTATION_CONTEXT ( 'NONE', 'WORKASPACE' ) );
#2945 = EDGE_LOOP ( 'NONE', ( #459, #73, #278, #413 ) ) ;
#2946 = ORIENTED_EDGE ( 'NONE', *, *, #3708, .F. ) ;
#2947 = ORIENTED_EDGE ( 'NONE', *, *, #3116, .F. ) ;
#2948 = ORIENTED_EDGE ( 'NONE', *, *, #3116, .T. ) ;
#2949 = FACE_OUTER_BOUND ( 'NONE', #3013, .T. ) ;
#2950 = COLOUR_RGB ( '',1.000000000000000000, 1.000000000000000000, 0.5019607843137254800 ) ;
#2951 = ORIENTED_EDGE ( 'NONE', *, *, #675, .T. ) ;
#2952 = STYLED_ITEM ( 'NONE', ( #2769 ), #44 ) ;
#2953 = ORIENTED_EDGE ( 'NONE', *, *, #685, .T. ) ;
#2954 = EDGE_LOOP ( 'NONE', ( #2716, #2667, #2686, #2717 ) ) ;
#2955 = EDGE_LOOP ( 'NONE', ( #260, #379, #412, #378 ) ) ;
#2956 = FACE_OUTER_BOUND ( 'NONE', #2700, .T. ) ;
#2957 = EDGE_LOOP ( 'NONE', ( #2981, #2697, #2719, #2881 ) ) ;
#2958 = ORIENTED_EDGE ( 'NONE', *, *, #3689, .T. ) ;
#2959 = ORIENTED_EDGE ( 'NONE', *, *, #3145, .T. ) ;
#2960 = EDGE_LOOP ( 'NONE', ( #240, #419, #127, #498 ) ) ;
#2961 = EDGE_LOOP ( 'NONE', ( #2766, #2768, #2878, #2730 ) ) ;
#2962 = ORIENTED_EDGE ( 'NONE', *, *, #682, .F. ) ;
#2963 = EDGE_LOOP ( 'NONE', ( #3005, #2905, #2941, #2862 ) ) ;
#2964 = PRESENTATION_STYLE_ASSIGNMENT (( #3812 ) ) ;
#2965 = ORIENTED_EDGE ( 'NONE', *, *, #693, .F. ) ;
#2966 = ORIENTED_EDGE ( 'NONE', *, *, #3138, .F. ) ;
#2967 = EDGE_LOOP ( 'NONE', ( #2993, #2940, #2662, #2864 ) ) ;
#2968 = EDGE_LOOP ( 'NONE', ( #317, #155, #314, #471 ) ) ;
#2969 = ORIENTED_EDGE ( 'NONE', *, *, #3651, .F. ) ;
#2970 = COLOUR_RGB ( '',0.0000000000000000000, 0.7529411764705882200, 0.0000000000000000000 ) ;
#2971 = EDGE_LOOP ( 'NONE', ( #115, #74, #350, #198, #462, #438 ) ) ;
#2972 = PRESENTATION_STYLE_ASSIGNMENT (( #609 ) ) ;
#2973 = COLOUR_RGB ( '',1.000000000000000000, 1.000000000000000000, 0.5019607843137254800 ) ;
#2974 = EDGE_LOOP ( 'NONE', ( #2894, #2896, #2916, #2684 ) ) ;
#2975 = COLOUR_RGB ( '',0.0000000000000000000, 0.7529411764705882200, 0.0000000000000000000 ) ;
#2976 = EDGE_LOOP ( 'NONE', ( #80, #315, #66, #298 ) ) ;
#2977 = ORIENTED_EDGE ( 'NONE', *, *, #3517, .T. ) ;
#2978 = ORIENTED_EDGE ( 'NONE', *, *, #3067, .T. ) ;
#2979 = ORIENTED_EDGE ( 'NONE', *, *, #3453, .T. ) ;
#2980 = ORIENTED_EDGE ( 'NONE', *, *, #3749, .F. ) ;
#2981 = ORIENTED_EDGE ( 'NONE', *, *, #3734, .T. ) ;
#2982 = ORIENTED_EDGE ( 'NONE', *, *, #3742, .F. ) ;
#2983 = SURFACE_STYLE_FILL_AREA ( #3985 ) ;
#2984 = ORIENTED_EDGE ( 'NONE', *, *, #3062, .T. ) ;
#2985 = EDGE_LOOP ( 'NONE', ( #2687, #2794, #2849, #2980 ) ) ;
#2986 =( GEOMETRIC_REPRESENTATION_CONTEXT ( 3 ) GLOBAL_UNCERTAINTY_ASSIGNED_CONTEXT ( ( #3160 ) ) GLOBAL_UNIT_ASSIGNED_CONTEXT ( ( #3982, #3770, #3755 ) ) REPRESENTATION_CONTEXT ( 'NONE', 'WORKASPACE' ) );
#2987 = ORIENTED_EDGE ( 'NONE', *, *, #3154, .F. ) ;
#2988 = EDGE_LOOP ( 'NONE', ( #2776, #2723, #2966, #2929 ) ) ;
#2989 = ORIENTED_EDGE ( 'NONE', *, *, #3155, .F. ) ;
#2990 = ORIENTED_EDGE ( 'NONE', *, *, #3692, .T. ) ;
#2991 = ORIENTED_EDGE ( 'NONE', *, *, #3068, .F. ) ;
#2992 = FACE_OUTER_BOUND ( 'NONE', #2691, .T. ) ;
#2993 = ORIENTED_EDGE ( 'NONE', *, *, #3094, .T. ) ;
#2994 = EDGE_LOOP ( 'NONE', ( #173, #397, #179, #295, #310 ) ) ;
#2995 = ORIENTED_EDGE ( 'NONE', *, *, #3120, .F. ) ;
#2996 = ORIENTED_EDGE ( 'NONE', *, *, #3062, .F. ) ;
#2997 = ORIENTED_EDGE ( 'NONE', *, *, #3152, .F. ) ;
#2998 = EDGE_LOOP ( 'NONE', ( #64, #142, #251, #183 ) ) ;
#2999 = EDGE_LOOP ( 'NONE', ( #253, #263, #109, #478 ) ) ;
#3000 = FACE_OUTER_BOUND ( 'NONE', #2764, .T. ) ;
#3001 = ORIENTED_EDGE ( 'NONE', *, *, #3154, .T. ) ;
#3002 = ORIENTED_EDGE ( 'NONE', *, *, #3121, .T. ) ;
#3003 = ORIENTED_EDGE ( 'NONE', *, *, #3135, .T. ) ;
#3004 = ORIENTED_EDGE ( 'NONE', *, *, #4009, .T. ) ;
#3005 = ORIENTED_EDGE ( 'NONE', *, *, #3079, .T. ) ;
#3006 = FACE_OUTER_BOUND ( 'NONE', #2998, .T. ) ;
#3007 = EDGE_LOOP ( 'NONE', ( #2740, #2746, #2676, #2815, #2915, #2883, #2977, #2733 ) ) ;
#3008 = EDGE_LOOP ( 'NONE', ( #71, #302, #113, #497 ) ) ;
#3009 = FACE_OUTER_BOUND ( 'NONE', #2918, .T. ) ;
#3010 = EDGE_LOOP ( 'NONE', ( #503, #283, #141, #470 ) ) ;
#3011 = FACE_OUTER_BOUND ( 'NONE', #2856, .T. ) ;
#3012 = COLOUR_RGB ( '',0.0000000000000000000, 0.7529411764705882200, 0.0000000000000000000 ) ;
#3013 = EDGE_LOOP ( 'NONE', ( #475, #277, #185, #346 ) ) ;
#3014 = EDGE_LOOP ( 'NONE', ( #300, #362, #510, #430, #464, #316, #286, #208, #134, #482, #334, #417 ) ) ;
#3015 = FACE_OUTER_BOUND ( 'NONE', #2895, .T. ) ;
#3016 = ORIENTED_EDGE ( 'NONE', *, *, #3136, .F. ) ;
#3017 = EDGE_LOOP ( 'NONE', ( #76, #309, #427, #349 ) ) ;
#3018 = EDGE_LOOP ( 'NONE', ( #2671, #2683, #2891, #2801 ) ) ;
#3019 = ORIENTED_EDGE ( 'NONE', *, *, #3696, .F. ) ;
#3020 = EDGE_LOOP ( 'NONE', ( #194, #273, #354, #259 ) ) ;
#3021 = ORIENTED_EDGE ( 'NONE', *, *, #3065, .F. ) ;
#3022 = PRESENTATION_STYLE_ASSIGNMENT (( #3887 ) ) ;
#3023 = EDGE_LOOP ( 'NONE', ( #385, #148, #111, #330 ) ) ;
#3024 = EDGE_LOOP ( 'NONE', ( #226, #84, #158, #480 ) ) ;
#3025 = EDGE_LOOP ( 'NONE', ( #3002, #2890, #2989, #2754 ) ) ;
#3026 = DIRECTION ( 'NONE',  ( 0.0000000000000000000, -0.0000000000000000000, -1.000000000000000000 ) ) ;
#3027 = CARTESIAN_POINT ( 'NONE',  ( -1.650000000000005900, 0.2999999999999999900, -1.050000000000000000 ) ) ;
#3028 = CARTESIAN_POINT ( 'NONE',  ( 1.750000000000123000, 0.02000000000000000000, -1.050000000000000000 ) ) ;
#3029 = CARTESIAN_POINT ( 'NONE',  ( -1.649999999999999500, 0.2999999999999999900, 1.399999999999999900 ) ) ;
#3030 = PLANE ( 'NONE',  #810 ) ;
#3031 = DIRECTION ( 'NONE',  ( 0.0000000000000000000, -1.000000000000000000, 0.0000000000000000000 ) ) ;
#3032 = CARTESIAN_POINT ( 'NONE',  ( 1.650000000000000400, 0.2999999999999999900, 1.050000000000000000 ) ) ;
#3033 = CARTESIAN_POINT ( 'NONE',  ( -1.649999999999999900, 0.2999999999999999900, -1.399999999999999900 ) ) ;
#3034 = DIRECTION ( 'NONE',  ( 0.0000000000000000000, -1.000000000000000000, 0.0000000000000000000 ) ) ;
#3035 =( NAMED_UNIT ( * ) PLANE_ANGLE_UNIT ( ) SI_UNIT ( $, .RADIAN. ) );
#3036 = PLANE ( 'NONE',  #807 ) ;
#3037 = CARTESIAN_POINT ( 'NONE',  ( 1.115942034832921400, 0.02000000000000000000, -1.192384658695229600 ) ) ;
#3038 = DIRECTION ( 'NONE',  ( 0.0000000000000000000, 0.0000000000000000000, -1.000000000000000000 ) ) ;
#3039 = CARTESIAN_POINT ( 'NONE',  ( 1.750000000000122800, 0.02000000000000000000, 1.050000000000000000 ) ) ;
#3040 = DIRECTION ( 'NONE',  ( 2.354267574539953900E-014, 0.0000000000000000000, -1.000000000000000000 ) ) ;
#3041 = PLANE ( 'NONE',  #812 ) ;
#3042 = DIRECTION ( 'NONE',  ( -1.000000000000000000, 0.0000000000000000000, 0.0000000000000000000 ) ) ;
#3043 = PLANE ( 'NONE',  #805 ) ;
#3044 = DIRECTION ( 'NONE',  ( 0.0000000000000000000, -0.0000000000000000000, -1.000000000000000000 ) ) ;
#3045 = DIRECTION ( 'NONE',  ( 6.195440985631457300E-016, 0.0000000000000000000, 1.000000000000000000 ) ) ;
#3046 = DIRECTION ( 'NONE',  ( -1.000000000000000000, 0.0000000000000000000, 6.195440985631457300E-016 ) ) ;
#3047 = DIRECTION ( 'NONE',  ( 0.0000000000000000000, 0.0000000000000000000, 1.000000000000000000 ) ) ;
#3048 = DIRECTION ( 'NONE',  ( 1.000000000000000000, 0.0000000000000000000, -0.0000000000000000000 ) ) ;
#3049 = CARTESIAN_POINT ( 'NONE',  ( -1.650000000000005900, 0.0000000000000000000, -1.050000000000000000 ) ) ;
#3050 = PLANE ( 'NONE',  #806 ) ;
#3051 = PLANE ( 'NONE',  #809 ) ;
#3052 = PLANE ( 'NONE',  #808 ) ;
#3053 = DIRECTION ( 'NONE',  ( 0.0000000000000000000, -0.0000000000000000000, -1.000000000000000000 ) ) ;
#3054 = DIRECTION ( 'NONE',  ( 0.0000000000000000000, -1.000000000000000000, 0.0000000000000000000 ) ) ;
#3055 = CARTESIAN_POINT ( 'NONE',  ( 1.649999999999999900, 0.2999999999999999900, -1.399999999999999900 ) ) ;
#3056 = DIRECTION ( 'NONE',  ( -1.000000000000000000, 0.0000000000000000000, -0.0000000000000000000 ) ) ;
#3057 = DIRECTION ( 'NONE',  ( 0.0000000000000000000, 0.0000000000000000000, 1.000000000000000000 ) ) ;
#3058 = DIRECTION ( 'NONE',  ( -1.000000000000000000, 0.0000000000000000000, -0.0000000000000000000 ) ) ;
#3059 = DIRECTION ( 'NONE',  ( 1.000000000000000000, -0.0000000000000000000, 2.354267574539953900E-014 ) ) ;
#3060 = PLANE ( 'NONE',  #811 ) ;
#3061 = EDGE_CURVE ( 'NONE', #3349, #3290, #1605, .T. ) ;
#3062 = EDGE_CURVE ( 'NONE', #3409, #3410, #1608, .T. ) ;
#3063 = EDGE_CURVE ( 'NONE', #3413, #3402, #1610, .T. ) ;
#3064 = EDGE_CURVE ( 'NONE', #3297, #3431, #1612, .T. ) ;
#3065 = EDGE_CURVE ( 'NONE', #3416, #3415, #1606, .T. ) ;
#3066 = EDGE_CURVE ( 'NONE', #3424, #3232, #1613, .T. ) ;
#3067 = EDGE_CURVE ( 'NONE', #3410, #3327, #1611, .T. ) ;
#3068 = EDGE_CURVE ( 'NONE', #3337, #3345, #1617, .T. ) ;
#3069 = EDGE_CURVE ( 'NONE', #3343, #3321, #1599, .T. ) ;
#3070 = EDGE_CURVE ( 'NONE', #3402, #3420, #1607, .T. ) ;
#3071 = EDGE_CURVE ( 'NONE', #3253, #3432, #1623, .T. ) ;
#3072 = EDGE_CURVE ( 'NONE', #3417, #3400, #1616, .T. ) ;
#3073 = EDGE_CURVE ( 'NONE', #3312, #3272, #1620, .T. ) ;
#3074 = EDGE_CURVE ( 'NONE', #3319, #3275, #1622, .T. ) ;
#3075 = EDGE_CURVE ( 'NONE', #3426, #3423, #1626, .T. ) ;
#3076 = EDGE_CURVE ( 'NONE', #3240, #3337, #1628, .T. ) ;
#3077 = EDGE_CURVE ( 'NONE', #3421, #3331, #1634, .T. ) ;
#3078 = EDGE_CURVE ( 'NONE', #3279, #3272, #1630, .T. ) ;
#3079 = EDGE_CURVE ( 'NONE', #3333, #3210, #1641, .T. ) ;
#3080 = EDGE_CURVE ( 'NONE', #3220, #3324, #1640, .T. ) ;
#3081 = EDGE_CURVE ( 'NONE', #3320, #3303, #1642, .T. ) ;
#3082 = EDGE_CURVE ( 'NONE', #3340, #3333, #1639, .T. ) ;
#3083 = EDGE_CURVE ( 'NONE', #3306, #3430, #1648, .T. ) ;
#3084 = EDGE_CURVE ( 'NONE', #3347, #3307, #1647, .T. ) ;
#3085 = EDGE_CURVE ( 'NONE', #3357, #3418, #1645, .T. ) ;
#3086 = EDGE_CURVE ( 'NONE', #3307, #3316, #1646, .T. ) ;
#3087 = EDGE_CURVE ( 'NONE', #3431, #3430, #1653, .T. ) ;
#3088 = EDGE_CURVE ( 'NONE', #3401, #3407, #1638, .T. ) ;
#3089 = EDGE_CURVE ( 'NONE', #3240, #3344, #1650, .T. ) ;
#3090 = EDGE_CURVE ( 'NONE', #3232, #3233, #1652, .T. ) ;
#3091 = EDGE_CURVE ( 'NONE', #3299, #3432, #1661, .T. ) ;
#3092 = EDGE_CURVE ( 'NONE', #3422, #3224, #1656, .T. ) ;
#3093 = EDGE_CURVE ( 'NONE', #3402, #3416, #1658, .T. ) ;
#3094 = EDGE_CURVE ( 'NONE', #3341, #3343, #1667, .T. ) ;
#3095 = EDGE_CURVE ( 'NONE', #3323, #3210, #1660, .T. ) ;
#3096 = EDGE_CURVE ( 'NONE', #3428, #3312, #1664, .T. ) ;
#3097 = EDGE_CURVE ( 'NONE', #3286, #3413, #1666, .T. ) ;
#3098 = EDGE_CURVE ( 'NONE', #3334, #3429, #1675, .T. ) ;
#3099 = EDGE_CURVE ( 'NONE', #3357, #3401, #1679, .T. ) ;
#3100 = EDGE_CURVE ( 'NONE', #3410, #3414, #1678, .T. ) ;
#3101 = EDGE_CURVE ( 'NONE', #3348, #3347, #1674, .T. ) ;
#3102 = EDGE_CURVE ( 'NONE', #3224, #3279, #1682, .T. ) ;
#3103 = EDGE_CURVE ( 'NONE', #3239, #3333, #1684, .T. ) ;
#3104 = EDGE_CURVE ( 'NONE', #3243, #3424, #1677, .T. ) ;
#3105 = EDGE_CURVE ( 'NONE', #3411, #3397, #1688, .T. ) ;
#3106 = EDGE_CURVE ( 'NONE', #3255, #3253, #1690, .T. ) ;
#3107 = EDGE_CURVE ( 'NONE', #3272, #3425, #1670, .T. ) ;
#3108 = EDGE_CURVE ( 'NONE', #3210, #3208, #1694, .T. ) ;
#3109 = EDGE_CURVE ( 'NONE', #3247, #3341, #1696, .T. ) ;
#3110 = EDGE_CURVE ( 'NONE', #3304, #3307, #1698, .T. ) ;
#3111 = EDGE_CURVE ( 'NONE', #3299, #3255, #1681, .T. ) ;
#3112 = EDGE_CURVE ( 'NONE', #3303, #3304, #1702, .T. ) ;
#3113 = EDGE_CURVE ( 'NONE', #3435, #3343, #1704, .T. ) ;
#3114 = EDGE_CURVE ( 'NONE', #3330, #3296, #1706, .T. ) ;
#3115 = EDGE_CURVE ( 'NONE', #3247, #3435, #1687, .T. ) ;
#3116 = EDGE_CURVE ( 'NONE', #3336, #3321, #1710, .T. ) ;
#3117 = EDGE_CURVE ( 'NONE', #3425, #3224, #1693, .T. ) ;
#3118 = EDGE_CURVE ( 'NONE', #3413, #3359, #1714, .T. ) ;
#3119 = EDGE_CURVE ( 'NONE', #3436, #3334, #1701, .T. ) ;
#3120 = EDGE_CURVE ( 'NONE', #3336, #3240, #1718, .T. ) ;
#3121 = EDGE_CURVE ( 'NONE', #3233, #3427, #1722, .T. ) ;
#3122 = EDGE_CURVE ( 'NONE', #3431, #3436, #1721, .T. ) ;
#3123 = EDGE_CURVE ( 'NONE', #3416, #3408, #1723, .T. ) ;
#3124 = EDGE_CURVE ( 'NONE', #3303, #3316, #1725, .T. ) ;
#3125 = EDGE_CURVE ( 'NONE', #3318, #3359, #1717, .T. ) ;
#3126 = EDGE_CURVE ( 'NONE', #3409, #3358, #1720, .T. ) ;
#3127 = EDGE_CURVE ( 'NONE', #3312, #3326, #1731, .T. ) ;
#3128 = EDGE_CURVE ( 'NONE', #3436, #3211, #1733, .T. ) ;
#3129 = EDGE_CURVE ( 'NONE', #3411, #3405, #1709, .T. ) ;
#3130 = EDGE_CURVE ( 'NONE', #3229, #3426, #1737, .T. ) ;
#3131 = EDGE_CURVE ( 'NONE', #3435, #3336, #1739, .T. ) ;
#3132 = EDGE_CURVE ( 'NONE', #3424, #3242, #1741, .T. ) ;
#3133 = EDGE_CURVE ( 'NONE', #3215, #3293, #1743, .T. ) ;
#3134 = EDGE_CURVE ( 'NONE', #3208, #3232, #1728, .T. ) ;
#3135 = EDGE_CURVE ( 'NONE', #3408, #3409, #1730, .T. ) ;
#3136 = EDGE_CURVE ( 'NONE', #3408, #3419, #1749, .T. ) ;
#3137 = EDGE_CURVE ( 'NONE', #3417, #3223, #1736, .T. ) ;
#3138 = EDGE_CURVE ( 'NONE', #3405, #3403, #1753, .T. ) ;
#3139 = EDGE_CURVE ( 'NONE', #3437, #3306, #1755, .T. ) ;
#3140 = EDGE_CURVE ( 'NONE', #3324, #3253, #1746, .T. ) ;
#3141 = EDGE_CURVE ( 'NONE', #3326, #3279, #1759, .T. ) ;
#3142 = EDGE_CURVE ( 'NONE', #3423, #3421, #1748, .T. ) ;
#3143 = EDGE_CURVE ( 'NONE', #3428, #3425, #1752, .T. ) ;
#3144 = EDGE_CURVE ( 'NONE', #3297, #3306, #1758, .T. ) ;
#3145 = EDGE_CURVE ( 'NONE', #3311, #3357, #1767, .T. ) ;
#3146 = EDGE_CURVE ( 'NONE', #3243, #3208, #1769, .T. ) ;
#3147 = EDGE_CURVE ( 'NONE', #3319, #3324, #1771, .T. ) ;
#3148 = EDGE_CURVE ( 'NONE', #3229, #3294, #1762, .T. ) ;
#3149 = EDGE_CURVE ( 'NONE', #3330, #3229, #1764, .T. ) ;
#3150 = EDGE_CURVE ( 'NONE', #3403, #3417, #1779, .T. ) ;
#3151 = EDGE_CURVE ( 'NONE', #3316, #3348, #1774, .T. ) ;
#3152 = EDGE_CURVE ( 'NONE', #3246, #3247, #1780, .T. ) ;
#3153 = EDGE_CURVE ( 'NONE', #3427, #3341, #1782, .T. ) ;
#3154 = EDGE_CURVE ( 'NONE', #3401, #3411, #1778, .T. ) ;
#3155 = EDGE_CURVE ( 'NONE', #3242, #3246, #1788, .T. ) ;
#3156 = MANIFOLD_SOLID_BREP ( '填料-伸長4[1]', #238 ) ;
#3157 = UNCERTAINTY_MEASURE_WITH_UNIT (LENGTH_MEASURE( 1.000000000000000100E-005 ), #618, 'distance_accuracy_value', 'NONE');
#3158 = UNCERTAINTY_MEASURE_WITH_UNIT (LENGTH_MEASURE( 1.000000000000000100E-005 ), #608, 'distance_accuracy_value', 'NONE');
#3159 = UNCERTAINTY_MEASURE_WITH_UNIT (LENGTH_MEASURE( 1.000000000000000100E-005 ), #606, 'distance_accuracy_value', 'NONE');
#3160 = UNCERTAINTY_MEASURE_WITH_UNIT (LENGTH_MEASURE( 1.000000000000000100E-005 ), #3982, 'distance_accuracy_value', 'NONE');
#3161 = UNCERTAINTY_MEASURE_WITH_UNIT (LENGTH_MEASURE( 1.000000000000000100E-005 ), #3758, 'distance_accuracy_value', 'NONE');
#3162 = UNCERTAINTY_MEASURE_WITH_UNIT (LENGTH_MEASURE( 1.000000000000000100E-005 ), #3813, 'distance_accuracy_value', 'NONE');
#3163 = UNCERTAINTY_MEASURE_WITH_UNIT (LENGTH_MEASURE( 1.000000000000000100E-005 ), #3858, 'distance_accuracy_value', 'NONE');
#3164 = UNCERTAINTY_MEASURE_WITH_UNIT (LENGTH_MEASURE( 1.000000000000000100E-005 ), #3897, 'distance_accuracy_value', 'NONE');
#3165 = UNCERTAINTY_MEASURE_WITH_UNIT (LENGTH_MEASURE( 1.000000000000000100E-005 ), #3968, 'distance_accuracy_value', 'NONE');
#3166 = UNCERTAINTY_MEASURE_WITH_UNIT (LENGTH_MEASURE( 1.000000000000000100E-005 ), #3798, 'distance_accuracy_value', 'NONE');
#3167 = UNCERTAINTY_MEASURE_WITH_UNIT (LENGTH_MEASURE( 1.000000000000000100E-005 ), #3865, 'distance_accuracy_value', 'NONE');
#3168 = UNCERTAINTY_MEASURE_WITH_UNIT (LENGTH_MEASURE( 1.000000000000000100E-005 ), #3850, 'distance_accuracy_value', 'NONE');
#3169 = UNCERTAINTY_MEASURE_WITH_UNIT (LENGTH_MEASURE( 1.000000000000000100E-005 ), #3941, 'distance_accuracy_value', 'NONE');
#3170 = UNCERTAINTY_MEASURE_WITH_UNIT (LENGTH_MEASURE( 1.000000000000000100E-005 ), #3929, 'distance_accuracy_value', 'NONE');
#3171 = UNCERTAINTY_MEASURE_WITH_UNIT (LENGTH_MEASURE( 1.000000000000000100E-005 ), #3948, 'distance_accuracy_value', 'NONE');
#3172 = UNCERTAINTY_MEASURE_WITH_UNIT (LENGTH_MEASURE( 1.000000000000000100E-005 ), #3893, 'distance_accuracy_value', 'NONE');
#3173 = UNCERTAINTY_MEASURE_WITH_UNIT (LENGTH_MEASURE( 1.000000000000000100E-005 ), #3870, 'distance_accuracy_value', 'NONE');
#3174 = UNCERTAINTY_MEASURE_WITH_UNIT (LENGTH_MEASURE( 1.000000000000000100E-005 ), #3819, 'distance_accuracy_value', 'NONE');
#3175 = UNCERTAINTY_MEASURE_WITH_UNIT (LENGTH_MEASURE( 1.000000000000000100E-005 ), #3804, 'distance_accuracy_value', 'NONE');
#3176 = UNCERTAINTY_MEASURE_WITH_UNIT (LENGTH_MEASURE( 1.000000000000000100E-005 ), #3779, 'distance_accuracy_value', 'NONE');
#3177 = UNCERTAINTY_MEASURE_WITH_UNIT (LENGTH_MEASURE( 1.000000000000000100E-005 ), #2565, 'distance_accuracy_value', 'NONE');
#3178 = UNCERTAINTY_MEASURE_WITH_UNIT (LENGTH_MEASURE( 1.000000000000000100E-005 ), #2465, 'distance_accuracy_value', 'NONE');
#3179 = UNCERTAINTY_MEASURE_WITH_UNIT (LENGTH_MEASURE( 1.000000000000000100E-005 ), #2585, 'distance_accuracy_value', 'NONE');
#3180 = UNCERTAINTY_MEASURE_WITH_UNIT (LENGTH_MEASURE( 1.000000000000000100E-005 ), #2600, 'distance_accuracy_value', 'NONE');
#3181 = UNCERTAINTY_MEASURE_WITH_UNIT (LENGTH_MEASURE( 1.000000000000000100E-005 ), #2608, 'distance_accuracy_value', 'NONE');
#3182 = UNCERTAINTY_MEASURE_WITH_UNIT (LENGTH_MEASURE( 1.000000000000000100E-005 ), #2468, 'distance_accuracy_value', 'NONE');
#3183 = UNCERTAINTY_MEASURE_WITH_UNIT (LENGTH_MEASURE( 1.000000000000000100E-005 ), #2510, 'distance_accuracy_value', 'NONE');
#3184 = UNCERTAINTY_MEASURE_WITH_UNIT (LENGTH_MEASURE( 1.000000000000000100E-005 ), #2455, 'distance_accuracy_value', 'NONE');
#3185 = UNCERTAINTY_MEASURE_WITH_UNIT (LENGTH_MEASURE( 1.000000000000000100E-005 ), #2436, 'distance_accuracy_value', 'NONE');
#3186 = UNCERTAINTY_MEASURE_WITH_UNIT (LENGTH_MEASURE( 1.000000000000000100E-005 ), #2631, 'distance_accuracy_value', 'NONE');
#3187 = UNCERTAINTY_MEASURE_WITH_UNIT (LENGTH_MEASURE( 1.000000000000000100E-005 ), #927, 'distance_accuracy_value', 'NONE');
#3188 = UNCERTAINTY_MEASURE_WITH_UNIT (LENGTH_MEASURE( 1.000000000000000100E-005 ), #943, 'distance_accuracy_value', 'NONE');
#3189 = UNCERTAINTY_MEASURE_WITH_UNIT (LENGTH_MEASURE( 1.000000000000000100E-005 ), #1251, 'distance_accuracy_value', 'NONE');
#3190 = UNCERTAINTY_MEASURE_WITH_UNIT (LENGTH_MEASURE( 1.000000000000000100E-005 ), #2348, 'distance_accuracy_value', 'NONE');
#3191 = UNCERTAINTY_MEASURE_WITH_UNIT (LENGTH_MEASURE( 1.000000000000000100E-005 ), #2355, 'distance_accuracy_value', 'NONE');
#3192 = UNCERTAINTY_MEASURE_WITH_UNIT (LENGTH_MEASURE( 1.000000000000000100E-005 ), #2362, 'distance_accuracy_value', 'NONE');
#3193 = UNCERTAINTY_MEASURE_WITH_UNIT (LENGTH_MEASURE( 1.000000000000000100E-005 ), #2370, 'distance_accuracy_value', 'NONE');
#3194 = UNCERTAINTY_MEASURE_WITH_UNIT (LENGTH_MEASURE( 1.000000000000000100E-005 ), #2377, 'distance_accuracy_value', 'NONE');
#3195 = UNCERTAINTY_MEASURE_WITH_UNIT (LENGTH_MEASURE( 1.000000000000000100E-005 ), #2383, 'distance_accuracy_value', 'NONE');
#3196 = UNCERTAINTY_MEASURE_WITH_UNIT (LENGTH_MEASURE( 1.000000000000000100E-005 ), #2390, 'distance_accuracy_value', 'NONE');
#3197 = UNCERTAINTY_MEASURE_WITH_UNIT (LENGTH_MEASURE( 1.000000000000000100E-005 ), #2397, 'distance_accuracy_value', 'NONE');
#3198 = UNCERTAINTY_MEASURE_WITH_UNIT (LENGTH_MEASURE( 1.000000000000000100E-005 ), #2400, 'distance_accuracy_value', 'NONE');
#3199 = ADVANCED_BREP_SHAPE_REPRESENTATION ( '67-21S', ( #4017, #4020, #4022, #3156, #4019, #4015, #4021, #4016, #4018, #917 ), #3444 ) ;
#3200 = UNCERTAINTY_MEASURE_WITH_UNIT (LENGTH_MEASURE( 1.000000000000000100E-005 ), #2405, 'distance_accuracy_value', 'NONE');
#3201 = VERTEX_POINT ( 'NONE', #1254 ) ;
#3202 = VERTEX_POINT ( 'NONE', #1255 ) ;
#3203 = VERTEX_POINT ( 'NONE', #1256 ) ;
#3204 = VERTEX_POINT ( 'NONE', #1239 ) ;
#3205 = VERTEX_POINT ( 'NONE', #1257 ) ;
#3206 = VERTEX_POINT ( 'NONE', #1258 ) ;
#3207 = VERTEX_POINT ( 'NONE', #1259 ) ;
#3208 = VERTEX_POINT ( 'NONE', #1260 ) ;
#3209 = VERTEX_POINT ( 'NONE', #1245 ) ;
#3210 = VERTEX_POINT ( 'NONE', #1261 ) ;
#3211 = VERTEX_POINT ( 'NONE', #1262 ) ;
#3212 = VERTEX_POINT ( 'NONE', #1263 ) ;
#3213 = VERTEX_POINT ( 'NONE', #1264 ) ;
#3214 = VERTEX_POINT ( 'NONE', #1265 ) ;
#3215 = VERTEX_POINT ( 'NONE', #1266 ) ;
#3216 = VERTEX_POINT ( 'NONE', #1267 ) ;
#3217 = VERTEX_POINT ( 'NONE', #1268 ) ;
#3218 = VERTEX_POINT ( 'NONE', #1269 ) ;
#3219 = VERTEX_POINT ( 'NONE', #1270 ) ;
#3220 = VERTEX_POINT ( 'NONE', #1271 ) ;
#3221 = VERTEX_POINT ( 'NONE', #1272 ) ;
#3222 = VERTEX_POINT ( 'NONE', #1273 ) ;
#3223 = VERTEX_POINT ( 'NONE', #1274 ) ;
#3224 = VERTEX_POINT ( 'NONE', #1275 ) ;
#3225 = VERTEX_POINT ( 'NONE', #1276 ) ;
#3226 = VERTEX_POINT ( 'NONE', #1277 ) ;
#3227 = VERTEX_POINT ( 'NONE', #1278 ) ;
#3228 = VERTEX_POINT ( 'NONE', #1279 ) ;
#3229 = VERTEX_POINT ( 'NONE', #1280 ) ;
#3230 = VERTEX_POINT ( 'NONE', #1281 ) ;
#3231 = VERTEX_POINT ( 'NONE', #1282 ) ;
#3232 = VERTEX_POINT ( 'NONE', #1283 ) ;
#3233 = VERTEX_POINT ( 'NONE', #1284 ) ;
#3234 = VERTEX_POINT ( 'NONE', #1285 ) ;
#3235 = VERTEX_POINT ( 'NONE', #1286 ) ;
#3236 = VERTEX_POINT ( 'NONE', #1287 ) ;
#3237 = VERTEX_POINT ( 'NONE', #1288 ) ;
#3238 = VERTEX_POINT ( 'NONE', #1289 ) ;
#3239 = VERTEX_POINT ( 'NONE', #1290 ) ;
#3240 = VERTEX_POINT ( 'NONE', #1291 ) ;
#3241 = VERTEX_POINT ( 'NONE', #1292 ) ;
#3242 = VERTEX_POINT ( 'NONE', #1293 ) ;
#3243 = VERTEX_POINT ( 'NONE', #1294 ) ;
#3244 = VERTEX_POINT ( 'NONE', #1295 ) ;
#3245 = VERTEX_POINT ( 'NONE', #1296 ) ;
#3246 = VERTEX_POINT ( 'NONE', #1297 ) ;
#3247 = VERTEX_POINT ( 'NONE', #1298 ) ;
#3248 = VERTEX_POINT ( 'NONE', #1299 ) ;
#3249 = VERTEX_POINT ( 'NONE', #1300 ) ;
#3250 = VERTEX_POINT ( 'NONE', #1301 ) ;
#3251 = VERTEX_POINT ( 'NONE', #1302 ) ;
#3252 = VERTEX_POINT ( 'NONE', #1303 ) ;
#3253 = VERTEX_POINT ( 'NONE', #1304 ) ;
#3254 = VERTEX_POINT ( 'NONE', #1305 ) ;
#3255 = VERTEX_POINT ( 'NONE', #1306 ) ;
#3256 = VERTEX_POINT ( 'NONE', #1307 ) ;
#3257 = VERTEX_POINT ( 'NONE', #1308 ) ;
#3258 = VERTEX_POINT ( 'NONE', #1309 ) ;
#3259 = VERTEX_POINT ( 'NONE', #1310 ) ;
#3260 = VERTEX_POINT ( 'NONE', #1311 ) ;
#3261 = VERTEX_POINT ( 'NONE', #1312 ) ;
#3262 = VERTEX_POINT ( 'NONE', #1313 ) ;
#3263 = VERTEX_POINT ( 'NONE', #1314 ) ;
#3264 = VERTEX_POINT ( 'NONE', #1315 ) ;
#3265 = VERTEX_POINT ( 'NONE', #1316 ) ;
#3266 = VERTEX_POINT ( 'NONE', #1317 ) ;
#3267 = VERTEX_POINT ( 'NONE', #1318 ) ;
#3268 = VERTEX_POINT ( 'NONE', #1319 ) ;
#3269 = VERTEX_POINT ( 'NONE', #1320 ) ;
#3270 = VERTEX_POINT ( 'NONE', #1321 ) ;
#3271 = VERTEX_POINT ( 'NONE', #1322 ) ;
#3272 = VERTEX_POINT ( 'NONE', #1323 ) ;
#3273 = VERTEX_POINT ( 'NONE', #1324 ) ;
#3274 = VERTEX_POINT ( 'NONE', #1325 ) ;
#3275 = VERTEX_POINT ( 'NONE', #1326 ) ;
#3276 = VERTEX_POINT ( 'NONE', #1327 ) ;
#3277 = VERTEX_POINT ( 'NONE', #1328 ) ;
#3278 = VERTEX_POINT ( 'NONE', #1329 ) ;
#3279 = VERTEX_POINT ( 'NONE', #1330 ) ;
#3280 = VERTEX_POINT ( 'NONE', #1331 ) ;
#3281 = VERTEX_POINT ( 'NONE', #1332 ) ;
#3282 = VERTEX_POINT ( 'NONE', #1333 ) ;
#3283 = VERTEX_POINT ( 'NONE', #1334 ) ;
#3284 = VERTEX_POINT ( 'NONE', #1335 ) ;
#3285 = VERTEX_POINT ( 'NONE', #1336 ) ;
#3286 = VERTEX_POINT ( 'NONE', #1337 ) ;
#3287 = VERTEX_POINT ( 'NONE', #1338 ) ;
#3288 = VERTEX_POINT ( 'NONE', #1339 ) ;
#3289 = VERTEX_POINT ( 'NONE', #1340 ) ;
#3290 = VERTEX_POINT ( 'NONE', #1341 ) ;
#3291 = VERTEX_POINT ( 'NONE', #1342 ) ;
#3292 = VERTEX_POINT ( 'NONE', #1343 ) ;
#3293 = VERTEX_POINT ( 'NONE', #1344 ) ;
#3294 = VERTEX_POINT ( 'NONE', #1345 ) ;
#3295 = VERTEX_POINT ( 'NONE', #1346 ) ;
#3296 = VERTEX_POINT ( 'NONE', #1347 ) ;
#3297 = VERTEX_POINT ( 'NONE', #1348 ) ;
#3298 = VERTEX_POINT ( 'NONE', #1349 ) ;
#3299 = VERTEX_POINT ( 'NONE', #1350 ) ;
#3300 = VERTEX_POINT ( 'NONE', #1351 ) ;
#3301 = VERTEX_POINT ( 'NONE', #1352 ) ;
#3302 = VERTEX_POINT ( 'NONE', #1353 ) ;
#3303 = VERTEX_POINT ( 'NONE', #1354 ) ;
#3304 = VERTEX_POINT ( 'NONE', #1355 ) ;
#3305 = VERTEX_POINT ( 'NONE', #1356 ) ;
#3306 = VERTEX_POINT ( 'NONE', #1357 ) ;
#3307 = VERTEX_POINT ( 'NONE', #1358 ) ;
#3308 = VERTEX_POINT ( 'NONE', #1359 ) ;
#3309 = VERTEX_POINT ( 'NONE', #1360 ) ;
#3310 = VERTEX_POINT ( 'NONE', #1361 ) ;
#3311 = VERTEX_POINT ( 'NONE', #1362 ) ;
#3312 = VERTEX_POINT ( 'NONE', #1363 ) ;
#3313 = VERTEX_POINT ( 'NONE', #1364 ) ;
#3314 = VERTEX_POINT ( 'NONE', #1365 ) ;
#3315 = VERTEX_POINT ( 'NONE', #1366 ) ;
#3316 = VERTEX_POINT ( 'NONE', #1367 ) ;
#3317 = VERTEX_POINT ( 'NONE', #1368 ) ;
#3318 = VERTEX_POINT ( 'NONE', #1369 ) ;
#3319 = VERTEX_POINT ( 'NONE', #1370 ) ;
#3320 = VERTEX_POINT ( 'NONE', #1371 ) ;
#3321 = VERTEX_POINT ( 'NONE', #1372 ) ;
#3322 = VERTEX_POINT ( 'NONE', #1373 ) ;
#3323 = VERTEX_POINT ( 'NONE', #1374 ) ;
#3324 = VERTEX_POINT ( 'NONE', #1375 ) ;
#3325 = VERTEX_POINT ( 'NONE', #1376 ) ;
#3326 = VERTEX_POINT ( 'NONE', #1377 ) ;
#3327 = VERTEX_POINT ( 'NONE', #1378 ) ;
#3328 = VERTEX_POINT ( 'NONE', #1379 ) ;
#3329 = VERTEX_POINT ( 'NONE', #1380 ) ;
#3330 = VERTEX_POINT ( 'NONE', #1381 ) ;
#3331 = VERTEX_POINT ( 'NONE', #1382 ) ;
#3332 = VERTEX_POINT ( 'NONE', #1383 ) ;
#3333 = VERTEX_POINT ( 'NONE', #1384 ) ;
#3334 = VERTEX_POINT ( 'NONE', #1385 ) ;
#3335 = VERTEX_POINT ( 'NONE', #1386 ) ;
#3336 = VERTEX_POINT ( 'NONE', #1387 ) ;
#3337 = VERTEX_POINT ( 'NONE', #1388 ) ;
#3338 = VERTEX_POINT ( 'NONE', #1389 ) ;
#3339 = VERTEX_POINT ( 'NONE', #1390 ) ;
#3340 = VERTEX_POINT ( 'NONE', #1391 ) ;
#3341 = VERTEX_POINT ( 'NONE', #1392 ) ;
#3342 = VERTEX_POINT ( 'NONE', #1393 ) ;
#3343 = VERTEX_POINT ( 'NONE', #1394 ) ;
#3344 = VERTEX_POINT ( 'NONE', #1395 ) ;
#3345 = VERTEX_POINT ( 'NONE', #1396 ) ;
#3346 = VERTEX_POINT ( 'NONE', #1397 ) ;
#3347 = VERTEX_POINT ( 'NONE', #1398 ) ;
#3348 = VERTEX_POINT ( 'NONE', #1399 ) ;
#3349 = VERTEX_POINT ( 'NONE', #1400 ) ;
#3350 = CARTESIAN_POINT ( 'NONE',  ( -1.650000000000005900, 0.2999999999999999900, -1.050000000000000000 ) ) ;
#3351 = PLANE ( 'NONE',  #714 ) ;
#3352 = DIRECTION ( 'NONE',  ( 0.0000000000000000000, 0.0000000000000000000, 1.000000000000000000 ) ) ;
#3353 = DIRECTION ( 'NONE',  ( 1.000000000000000000, 0.0000000000000000000, -0.0000000000000000000 ) ) ;
#3354 = DIRECTION ( 'NONE',  ( 0.0000000000000000000, 0.0000000000000000000, 1.000000000000000000 ) ) ;
#3355 = CARTESIAN_POINT ( 'NONE',  ( -1.649999999999999900, 0.0000000000000000000, -1.050000000000000000 ) ) ;
#3356 = PLANE ( 'NONE',  #713 ) ;
#3357 = VERTEX_POINT ( 'NONE', #1401 ) ;
#3358 = VERTEX_POINT ( 'NONE', #1402 ) ;
#3359 = VERTEX_POINT ( 'NONE', #1403 ) ;
#3360 = PLANE ( 'NONE',  #712 ) ;
#3361 = DIRECTION ( 'NONE',  ( -1.000000000000000000, 0.0000000000000000000, 0.0000000000000000000 ) ) ;
#3362 = DIRECTION ( 'NONE',  ( -0.0000000000000000000, 0.0000000000000000000, -1.000000000000000000 ) ) ;
#3363 = DIRECTION ( 'NONE',  ( -1.000000000000000000, 0.0000000000000000000, 0.0000000000000000000 ) ) ;
#3364 = CARTESIAN_POINT ( 'NONE',  ( -1.649999999999999900, 0.6640054944640595400, -1.050000000000000000 ) ) ;
#3365 = CARTESIAN_POINT ( 'NONE',  ( -1.749999999999993100, 0.6640054944640595400, -1.399999999999999900 ) ) ;
#3366 = PLANE ( 'NONE',  #711 ) ;
#3367 = DIRECTION ( 'NONE',  ( 1.000000000000000000, 0.0000000000000000000, -0.0000000000000000000 ) ) ;
#3368 = DIRECTION ( 'NONE',  ( -0.0000000000000000000, 0.0000000000000000000, -1.000000000000000000 ) ) ;
#3369 = DIRECTION ( 'NONE',  ( 0.0000000000000000000, -0.0000000000000000000, -1.000000000000000000 ) ) ;
#3370 = CARTESIAN_POINT ( 'NONE',  ( -1.649999999999999900, 0.6640054944640595400, -1.399999999999999900 ) ) ;
#3371 = PLANE ( 'NONE',  #710 ) ;
#3372 = PLANE ( 'NONE',  #709 ) ;
#3373 = DIRECTION ( 'NONE',  ( 0.0000000000000000000, -1.000000000000000000, 0.0000000000000000000 ) ) ;
#3374 = DIRECTION ( 'NONE',  ( 0.0000000000000000000, -1.000000000000000000, 0.0000000000000000000 ) ) ;
#3375 = DIRECTION ( 'NONE',  ( 0.0000000000000000000, -0.0000000000000000000, -1.000000000000000000 ) ) ;
#3376 = CARTESIAN_POINT ( 'NONE',  ( -1.649999999999999900, 0.6640054944640595400, -1.399999999999999900 ) ) ;
#3377 = CARTESIAN_POINT ( 'NONE',  ( -1.650000000000005900, 0.2999999999999999900, -1.050000000000000000 ) ) ;
#3378 = PLANE ( 'NONE',  #708 ) ;
#3379 = DIRECTION ( 'NONE',  ( 0.0000000000000000000, 0.0000000000000000000, -1.000000000000000000 ) ) ;
#3380 = DIRECTION ( 'NONE',  ( -1.000000000000000000, 0.0000000000000000000, -0.0000000000000000000 ) ) ;
#3381 = DIRECTION ( 'NONE',  ( 0.0000000000000000000, 0.0000000000000000000, -1.000000000000000000 ) ) ;
#3382 = CARTESIAN_POINT ( 'NONE',  ( 1.650000000000000400, 0.0000000000000000000, 1.050000000000000000 ) ) ;
#3383 = PLANE ( 'NONE',  #707 ) ;
#3384 = PLANE ( 'NONE',  #706 ) ;
#3385 = DIRECTION ( 'NONE',  ( 1.000000000000000000, 0.0000000000000000000, 0.0000000000000000000 ) ) ;
#3386 = DIRECTION ( 'NONE',  ( -0.0000000000000000000, 0.0000000000000000000, 1.000000000000000000 ) ) ;
#3387 = DIRECTION ( 'NONE',  ( 1.000000000000000000, 0.0000000000000000000, 0.0000000000000000000 ) ) ;
#3388 = CARTESIAN_POINT ( 'NONE',  ( 1.650000000000000400, 0.6640054944640595400, 1.050000000000000000 ) ) ;
#3389 = CARTESIAN_POINT ( 'NONE',  ( 1.750000000000122800, 0.6640054944640595400, 1.399999999999999900 ) ) ;
#3390 = PLANE ( 'NONE',  #705 ) ;
#3391 = CARTESIAN_POINT ( 'NONE',  ( 1.650000000000000400, 0.6640054944640595400, 1.399999999999999900 ) ) ;
#3392 = DIRECTION ( 'NONE',  ( -0.0000000000000000000, 0.0000000000000000000, 1.000000000000000000 ) ) ;
#3393 = DIRECTION ( 'NONE',  ( -1.000000000000000000, 0.0000000000000000000, -0.0000000000000000000 ) ) ;
#3394 = CARTESIAN_POINT ( 'NONE',  ( 1.650000000000000400, 0.6640054944640595400, 1.399999999999999900 ) ) ;
#3395 = PLANE ( 'NONE',  #702 ) ;
#3396 = PLANE ( 'NONE',  #704 ) ;
#3397 = VERTEX_POINT ( 'NONE', #1404 ) ;
#3398 = VERTEX_POINT ( 'NONE', #1405 ) ;
#3399 = PLANE ( 'NONE',  #703 ) ;
#3400 = VERTEX_POINT ( 'NONE', #1406 ) ;
#3401 = VERTEX_POINT ( 'NONE', #1407 ) ;
#3402 = VERTEX_POINT ( 'NONE', #1408 ) ;
#3403 = VERTEX_POINT ( 'NONE', #1409 ) ;
#3404 = VERTEX_POINT ( 'NONE', #1410 ) ;
#3405 = VERTEX_POINT ( 'NONE', #1411 ) ;
#3406 = VERTEX_POINT ( 'NONE', #1412 ) ;
#3407 = VERTEX_POINT ( 'NONE', #1413 ) ;
#3408 = VERTEX_POINT ( 'NONE', #1414 ) ;
#3409 = VERTEX_POINT ( 'NONE', #1415 ) ;
#3410 = VERTEX_POINT ( 'NONE', #1416 ) ;
#3411 = VERTEX_POINT ( 'NONE', #1417 ) ;
#3412 = VERTEX_POINT ( 'NONE', #1418 ) ;
#3413 = VERTEX_POINT ( 'NONE', #1419 ) ;
#3414 = VERTEX_POINT ( 'NONE', #1420 ) ;
#3415 = VERTEX_POINT ( 'NONE', #1421 ) ;
#3416 = VERTEX_POINT ( 'NONE', #1422 ) ;
#3417 = VERTEX_POINT ( 'NONE', #1423 ) ;
#3418 = VERTEX_POINT ( 'NONE', #1424 ) ;
#3419 = VERTEX_POINT ( 'NONE', #1425 ) ;
#3420 = VERTEX_POINT ( 'NONE', #1426 ) ;
#3421 = VERTEX_POINT ( 'NONE', #1427 ) ;
#3422 = VERTEX_POINT ( 'NONE', #1428 ) ;
#3423 = VERTEX_POINT ( 'NONE', #1429 ) ;
#3424 = VERTEX_POINT ( 'NONE', #1430 ) ;
#3425 = VERTEX_POINT ( 'NONE', #1431 ) ;
#3426 = VERTEX_POINT ( 'NONE', #1432 ) ;
#3427 = VERTEX_POINT ( 'NONE', #1433 ) ;
#3428 = VERTEX_POINT ( 'NONE', #1434 ) ;
#3429 = VERTEX_POINT ( 'NONE', #1435 ) ;
#3430 = VERTEX_POINT ( 'NONE', #1436 ) ;
#3431 = VERTEX_POINT ( 'NONE', #1437 ) ;
#3432 = VERTEX_POINT ( 'NONE', #1438 ) ;
#3433 = VERTEX_POINT ( 'NONE', #1439 ) ;
#3434 = VERTEX_POINT ( 'NONE', #1440 ) ;
#3435 = VERTEX_POINT ( 'NONE', #1441 ) ;
#3436 = VERTEX_POINT ( 'NONE', #1442 ) ;
#3437 = VERTEX_POINT ( 'NONE', #1443 ) ;
#3438 =( GEOMETRIC_REPRESENTATION_CONTEXT ( 3 ) GLOBAL_UNCERTAINTY_ASSIGNED_CONTEXT ( ( #3196 ) ) GLOBAL_UNIT_ASSIGNED_CONTEXT ( ( #2390, #2391, #2392 ) ) REPRESENTATION_CONTEXT ( 'NONE', 'WORKASPACE' ) );
#3439 = SURFACE_STYLE_FILL_AREA ( #2394 ) ;
#3440 = PRESENTATION_STYLE_ASSIGNMENT (( #2396 ) ) ;
#3441 = STYLED_ITEM ( 'NONE', ( #3440 ), #4022 ) ;
#3442 =( GEOMETRIC_REPRESENTATION_CONTEXT ( 3 ) GLOBAL_UNCERTAINTY_ASSIGNED_CONTEXT ( ( #3197 ) ) GLOBAL_UNIT_ASSIGNED_CONTEXT ( ( #2397, #2398, #2399 ) ) REPRESENTATION_CONTEXT ( 'NONE', 'WORKASPACE' ) );
#3443 = COLOUR_RGB ( '',0.7529411764705882200, 0.7529411764705882200, 0.7529411764705882200 ) ;
#3444 =( GEOMETRIC_REPRESENTATION_CONTEXT ( 3 ) GLOBAL_UNCERTAINTY_ASSIGNED_CONTEXT ( ( #3198 ) ) GLOBAL_UNIT_ASSIGNED_CONTEXT ( ( #2400, #2393, #2386 ) ) REPRESENTATION_CONTEXT ( 'NONE', 'WORKASPACE' ) );
#3445 = SURFACE_STYLE_FILL_AREA ( #2402 ) ;
#3446 = PRESENTATION_STYLE_ASSIGNMENT (( #2404 ) ) ;
#3447 = STYLED_ITEM ( 'NONE', ( #3446 ), #3199 ) ;
#3448 =( GEOMETRIC_REPRESENTATION_CONTEXT ( 3 ) GLOBAL_UNCERTAINTY_ASSIGNED_CONTEXT ( ( #3200 ) ) GLOBAL_UNIT_ASSIGNED_CONTEXT ( ( #2405, #2406, #2407 ) ) REPRESENTATION_CONTEXT ( 'NONE', 'WORKASPACE' ) );
#3449 = SHAPE_DEFINITION_REPRESENTATION ( #62, #3199 ) ;
#3450 = DIRECTION ( 'NONE',  ( -1.050855629991220200E-011, 0.0000000000000000000, -1.000000000000000000 ) ) ;
#3451 = DIRECTION ( 'NONE',  ( 0.0000000000000000000, -0.0000000000000000000, 1.000000000000000000 ) ) ;
#3452 = EDGE_CURVE ( 'NONE', #3261, #3241, #1777, .T. ) ;
#3453 = EDGE_CURVE ( 'NONE', #3310, #3256, #1794, .T. ) ;
#3454 = EDGE_CURVE ( 'NONE', #3268, #3256, #1796, .T. ) ;
#3455 = EDGE_CURVE ( 'NONE', #3314, #3266, #1792, .T. ) ;
#3456 = EDGE_CURVE ( 'NONE', #3295, #3291, #1787, .T. ) ;
#3457 = EDGE_CURVE ( 'NONE', #3310, #3264, #1795, .T. ) ;
#3458 = EDGE_CURVE ( 'NONE', #3291, #3314, #1804, .T. ) ;
#3459 = EDGE_CURVE ( 'NONE', #3202, #3320, #1799, .T. ) ;
#3460 = EDGE_CURVE ( 'NONE', #3248, #3282, #1808, .T. ) ;
#3461 = EDGE_CURVE ( 'NONE', #3432, #3220, #1801, .T. ) ;
#3462 = EDGE_CURVE ( 'NONE', #3217, #3308, #1812, .T. ) ;
#3463 = EDGE_CURVE ( 'NONE', #3265, #3217, #1803, .T. ) ;
#3464 = EDGE_CURVE ( 'NONE', #3281, #3295, #1807, .T. ) ;
#3465 = EDGE_CURVE ( 'NONE', #3277, #3276, #1818, .T. ) ;
#3466 = EDGE_CURVE ( 'NONE', #3308, #3273, #1811, .T. ) ;
#3467 = EDGE_CURVE ( 'NONE', #3267, #3305, #1822, .T. ) ;
#3468 = EDGE_CURVE ( 'NONE', #3259, #3271, #1824, .T. ) ;
#3469 = EDGE_CURVE ( 'NONE', #3305, #3259, #1815, .T. ) ;
#3470 = EDGE_CURVE ( 'NONE', #3331, #3294, #1828, .T. ) ;
#3471 = EDGE_CURVE ( 'NONE', #3426, #3331, #1830, .T. ) ;
#3472 = EDGE_CURVE ( 'NONE', #3304, #3202, #1817, .T. ) ;
#3473 = EDGE_CURVE ( 'NONE', #3422, #3428, #1834, .T. ) ;
#3474 = EDGE_CURVE ( 'NONE', #3259, #3281, #1836, .T. ) ;
#3475 = EDGE_CURVE ( 'NONE', #3296, #3421, #1838, .T. ) ;
#3476 = EDGE_CURVE ( 'NONE', #3292, #3291, #1840, .T. ) ;
#3477 = EDGE_CURVE ( 'NONE', #3282, #3276, #1842, .T. ) ;
#3478 = EDGE_CURVE ( 'NONE', #3263, #3271, #1821, .T. ) ;
#3479 = EDGE_CURVE ( 'NONE', #3265, #3266, #1827, .T. ) ;
#3480 = EDGE_CURVE ( 'NONE', #3230, #3314, #1833, .T. ) ;
#3481 = EDGE_CURVE ( 'NONE', #3276, #3264, #1850, .T. ) ;
#3482 = EDGE_CURVE ( 'NONE', #3305, #3263, #1852, .T. ) ;
#3483 = EDGE_CURVE ( 'NONE', #3268, #3315, #1854, .T. ) ;
#3484 = EDGE_CURVE ( 'NONE', #3275, #3220, #1856, .T. ) ;
#3485 = EDGE_CURVE ( 'NONE', #3275, #3299, #1845, .T. ) ;
#3486 = EDGE_CURVE ( 'NONE', #3230, #3265, #1860, .T. ) ;
#3487 = EDGE_CURVE ( 'NONE', #3264, #3227, #1862, .T. ) ;
#3488 = EDGE_CURVE ( 'NONE', #3248, #3277, #1864, .T. ) ;
#3489 = EDGE_CURVE ( 'NONE', #3255, #3319, #1866, .T. ) ;
#3490 = EDGE_CURVE ( 'NONE', #3320, #3348, #1868, .T. ) ;
#3491 = EDGE_CURVE ( 'NONE', #3281, #3292, #1847, .T. ) ;
#3492 = EDGE_CURVE ( 'NONE', #3282, #3219, #1872, .T. ) ;
#3493 = EDGE_CURVE ( 'NONE', #3217, #3267, #1874, .T. ) ;
#3494 = EDGE_CURVE ( 'NONE', #3216, #3219, #1876, .T. ) ;
#3495 = EDGE_CURVE ( 'NONE', #3266, #3308, #1878, .T. ) ;
#3496 = EDGE_CURVE ( 'NONE', #3292, #3230, #1880, .T. ) ;
#3497 = EDGE_CURVE ( 'NONE', #3315, #3227, #1882, .T. ) ;
#3498 = EDGE_CURVE ( 'NONE', #3423, #3330, #1884, .T. ) ;
#3499 = EDGE_CURVE ( 'NONE', #3216, #3310, #1886, .T. ) ;
#3500 = EDGE_CURVE ( 'NONE', #3294, #3296, #1888, .T. ) ;
#3501 = EDGE_CURVE ( 'NONE', #3273, #3263, #1890, .T. ) ;
#3502 = EDGE_CURVE ( 'NONE', #3326, #3422, #1849, .T. ) ;
#3503 = EDGE_CURVE ( 'NONE', #3202, #3347, #1894, .T. ) ;
#3504 = EDGE_CURVE ( 'NONE', #3267, #3273, #1859, .T. ) ;
#3505 = EDGE_CURVE ( 'NONE', #3271, #3295, #1898, .T. ) ;
#3506 = DIRECTION ( 'NONE',  ( -0.7071067811865474600, 0.0000000000000000000, -0.7071067811865475700 ) ) ;
#3507 = LINE ( 'NONE', #975, #3515 ) ;
#3508 = VECTOR ( 'NONE', #977, 1000.000000000000000 ) ;
#3509 = FACE_OUTER_BOUND ( 'NONE', #2790, .T. ) ;
#3510 = PRODUCT ( '67-21S', '67-21S', '', ( #2413 ) ) ;
#3511 = EDGE_CURVE ( 'NONE', #3214, #3209, #1900, .T. ) ;
#3512 = FACE_OUTER_BOUND ( 'NONE', #2812, .T. ) ;
#3513 = FACE_OUTER_BOUND ( 'NONE', #2654, .T. ) ;
#3514 = FACE_OUTER_BOUND ( 'NONE', #2937, .T. ) ;
#3515 = VECTOR ( 'NONE', #981, 1000.000000000000000 ) ;
#3516 = EDGE_CURVE ( 'NONE', #3203, #3289, #1871, .T. ) ;
#3517 = EDGE_CURVE ( 'NONE', #3342, #3278, #1904, .T. ) ;
#3518 = EDGE_CURVE ( 'NONE', #3209, #3201, #1906, .T. ) ;
#3519 = EDGE_CURVE ( 'NONE', #3278, #3283, #1908, .T. ) ;
#3520 = EDGE_CURVE ( 'NONE', #3414, #3235, #1893, .T. ) ;
#3521 = EDGE_CURVE ( 'NONE', #3260, #3257, #1912, .T. ) ;
#3522 = EDGE_CURVE ( 'NONE', #3231, #3285, #1914, .T. ) ;
#3523 = EDGE_CURVE ( 'NONE', #3315, #3248, #1916, .T. ) ;
#3524 = EDGE_CURVE ( 'NONE', #3254, #3286, #1918, .T. ) ;
#3525 = EDGE_CURVE ( 'NONE', #3228, #3222, #1920, .T. ) ;
#3526 = VECTOR ( 'NONE', #983, 1000.000000000000000 ) ;
#3527 = PLANE ( 'NONE',  #741 ) ;
#3528 = CARTESIAN_POINT ( 'NONE',  ( 1.150000000000000400, 0.5000000000000000000, 1.399999999999999900 ) ) ;
#3529 = DIRECTION ( 'NONE',  ( -1.000000000000000000, 0.0000000000000000000, 1.050855629991220200E-011 ) ) ;
#3530 = PLANE ( 'NONE',  #873 ) ;
#3531 = COLOUR_RGB ( '',0.0000000000000000000, 0.7529411764705882200, 0.0000000000000000000 ) ;
#3532 = STYLED_ITEM ( 'NONE', ( #3534 ), #541 ) ;
#3533 = PRESENTATION_STYLE_ASSIGNMENT (( #3892 ) ) ;
#3534 = PRESENTATION_STYLE_ASSIGNMENT (( #2469 ) ) ;
#3535 = FACE_OUTER_BOUND ( 'NONE', #2657, .T. ) ;
#3536 = CYLINDRICAL_SURFACE ( 'NONE', #817, 0.3000000000006112800 ) ;
#3537 = FACE_OUTER_BOUND ( 'NONE', #2912, .T. ) ;
#3538 = FACE_OUTER_BOUND ( 'NONE', #2693, .T. ) ;
#3539 = FACE_OUTER_BOUND ( 'NONE', #2780, .T. ) ;
#3540 =( GEOMETRIC_REPRESENTATION_CONTEXT ( 3 ) GLOBAL_UNCERTAINTY_ASSIGNED_CONTEXT ( ( #3171 ) ) GLOBAL_UNIT_ASSIGNED_CONTEXT ( ( #3948, #3949, #3921 ) ) REPRESENTATION_CONTEXT ( 'NONE', 'WORKASPACE' ) );
#3541 = FACE_OUTER_BOUND ( 'NONE', #2762, .T. ) ;
#3542 = FACE_OUTER_BOUND ( 'NONE', #2872, .T. ) ;
#3543 = FACE_OUTER_BOUND ( 'NONE', #2663, .T. ) ;
#3544 = FACE_OUTER_BOUND ( 'NONE', #2793, .T. ) ;
#3545 = FACE_OUTER_BOUND ( 'NONE', #2811, .T. ) ;
#3546 = STYLED_ITEM ( 'NONE', ( #3547 ), #543 ) ;
#3547 = PRESENTATION_STYLE_ASSIGNMENT (( #2583 ) ) ;
#3548 = FACE_OUTER_BOUND ( 'NONE', #2954, .T. ) ;
#3549 = COLOUR_RGB ( '',0.0000000000000000000, 0.7529411764705882200, 0.0000000000000000000 ) ;
#3550 = STYLED_ITEM ( 'NONE', ( #3608 ), #560 ) ;
#3551 = FACE_OUTER_BOUND ( 'NONE', #2994, .T. ) ;
#3552 = VECTOR ( 'NONE', #3974, 1000.000000000000000 ) ;
#3553 = LINE ( 'NONE', #3936, #3552 ) ;
#3554 = FACE_OUTER_BOUND ( 'NONE', #2873, .T. ) ;
#3555 = FACE_OUTER_BOUND ( 'NONE', #2967, .T. ) ;
#3556 = FACE_OUTER_BOUND ( 'NONE', #2645, .T. ) ;
#3557 = COLOUR_RGB ( '',0.0000000000000000000, 0.7529411764705882200, 0.0000000000000000000 ) ;
#3558 = PRESENTATION_STYLE_ASSIGNMENT (( #2594 ) ) ;
#3559 = FACE_OUTER_BOUND ( 'NONE', #2897, .T. ) ;
#3560 = FACE_OUTER_BOUND ( 'NONE', #2718, .T. ) ;
#3561 = FACE_OUTER_BOUND ( 'NONE', #2647, .T. ) ;
#3562 = FACE_OUTER_BOUND ( 'NONE', #2935, .T. ) ;
#3563 = FACE_OUTER_BOUND ( 'NONE', #2753, .T. ) ;
#3564 = CYLINDRICAL_SURFACE ( 'NONE', #844, 0.2999999999997456900 ) ;
#3565 = PRESENTATION_STYLE_ASSIGNMENT (( #3947 ) ) ;
#3566 = SURFACE_STYLE_FILL_AREA ( #2491 ) ;
#3567 = FACE_OUTER_BOUND ( 'NONE', #2818, .T. ) ;
#3568 =( GEOMETRIC_REPRESENTATION_CONTEXT ( 3 ) GLOBAL_UNCERTAINTY_ASSIGNED_CONTEXT ( ( #3176 ) ) GLOBAL_UNIT_ASSIGNED_CONTEXT ( ( #3779, #3756, #3777 ) ) REPRESENTATION_CONTEXT ( 'NONE', 'WORKASPACE' ) );
#3569 = COLOUR_RGB ( '',0.0000000000000000000, 0.7529411764705882200, 0.0000000000000000000 ) ;
#3570 = FACE_OUTER_BOUND ( 'NONE', #2751, .T. ) ;
#3571 = STYLED_ITEM ( 'NONE', ( #3533 ), #54 ) ;
#3572 = FACE_OUTER_BOUND ( 'NONE', #2850, .T. ) ;
#3573 = SURFACE_STYLE_FILL_AREA ( #3842 ) ;
#3574 = PRESENTATION_STYLE_ASSIGNMENT (( #3796 ) ) ;
#3575 = LINE ( 'NONE', #3882, #3580 ) ;
#3576 =( GEOMETRIC_REPRESENTATION_CONTEXT ( 3 ) GLOBAL_UNCERTAINTY_ASSIGNED_CONTEXT ( ( #3179 ) ) GLOBAL_UNIT_ASSIGNED_CONTEXT ( ( #2585, #2589, #2586 ) ) REPRESENTATION_CONTEXT ( 'NONE', 'WORKASPACE' ) );
#3577 = PRESENTATION_STYLE_ASSIGNMENT (( #2481 ) ) ;
#3578 = FACE_OUTER_BOUND ( 'NONE', #3014, .T. ) ;
#3579 = SURFACE_STYLE_FILL_AREA ( #3815 ) ;
#3580 = VECTOR ( 'NONE', #3935, 1000.000000000000000 ) ;
#3581 = COLOUR_RGB ( '',1.000000000000000000, 1.000000000000000000, 0.5019607843137254800 ) ;
#3582 = SURFACE_STYLE_FILL_AREA ( #3793 ) ;
#3583 = FACE_OUTER_BOUND ( 'NONE', #2760, .T. ) ;
#3584 = CYLINDRICAL_SURFACE ( 'NONE', #813, 0.3000000000006111700 ) ;
#3585 = FACE_OUTER_BOUND ( 'NONE', #2648, .T. ) ;
#3586 = FACE_OUTER_BOUND ( 'NONE', #2961, .T. ) ;
#3587 = FACE_OUTER_BOUND ( 'NONE', #3018, .T. ) ;
#3588 = FACE_OUTER_BOUND ( 'NONE', #2919, .T. ) ;
#3589 = LINE ( 'NONE', #3950, #3631 ) ;
#3590 = STYLED_ITEM ( 'NONE', ( #3609 ), #56 ) ;
#3591 = SURFACE_STYLE_FILL_AREA ( #2629 ) ;
#3592 = FACE_OUTER_BOUND ( 'NONE', #2675, .T. ) ;
#3593 = CYLINDRICAL_SURFACE ( 'NONE', #857, 0.2999999999999942700 ) ;
#3594 = FACE_OUTER_BOUND ( 'NONE', #2939, .T. ) ;
#3595 = FACE_OUTER_BOUND ( 'NONE', #2712, .T. ) ;
#3596 =( GEOMETRIC_REPRESENTATION_CONTEXT ( 3 ) GLOBAL_UNCERTAINTY_ASSIGNED_CONTEXT ( ( #3177 ) ) GLOBAL_UNIT_ASSIGNED_CONTEXT ( ( #2565, #2482, #2562 ) ) REPRESENTATION_CONTEXT ( 'NONE', 'WORKASPACE' ) );
#3597 = FACE_OUTER_BOUND ( 'NONE', #2704, .T. ) ;
#3598 = FACE_OUTER_BOUND ( 'NONE', #2816, .T. ) ;
#3599 = FACE_OUTER_BOUND ( 'NONE', #2797, .T. ) ;
#3600 = FACE_OUTER_BOUND ( 'NONE', #2706, .T. ) ;
#3601 = VECTOR ( 'NONE', #3933, 1000.000000000000000 ) ;
#3602 = SURFACE_STYLE_FILL_AREA ( #2592 ) ;
#3603 = FACE_OUTER_BOUND ( 'NONE', #2781, .T. ) ;
#3604 = COLOUR_RGB ( '',1.000000000000000000, 1.000000000000000000, 0.5019607843137254800 ) ;
#3605 = FACE_OUTER_BOUND ( 'NONE', #2960, .T. ) ;
#3606 = STYLED_ITEM ( 'NONE', ( #3565 ), #53 ) ;
#3607 = SURFACE_STYLE_FILL_AREA ( #3908 ) ;
#3608 = PRESENTATION_STYLE_ASSIGNMENT (( #2549 ) ) ;
#3609 = PRESENTATION_STYLE_ASSIGNMENT (( #3818 ) ) ;
#3610 = PRESENTATION_STYLE_ASSIGNMENT (( #3767 ) ) ;
#3611 = COLOUR_RGB ( '',1.000000000000000000, 1.000000000000000000, 0.5019607843137254800 ) ;
#3612 = STYLED_ITEM ( 'NONE', ( #3610 ), #58 ) ;
#3613 =( GEOMETRIC_REPRESENTATION_CONTEXT ( 3 ) GLOBAL_UNCERTAINTY_ASSIGNED_CONTEXT ( ( #3180 ) ) GLOBAL_UNIT_ASSIGNED_CONTEXT ( ( #2600, #2596, #2598 ) ) REPRESENTATION_CONTEXT ( 'NONE', 'WORKASPACE' ) );
#3614 = PRESENTATION_STYLE_ASSIGNMENT (( #2604 ) ) ;
#3615 = STYLED_ITEM ( 'NONE', ( #3614 ), #545 ) ;
#3616 = FACE_OUTER_BOUND ( 'NONE', #2651, .T. ) ;
#3617 = CYLINDRICAL_SURFACE ( 'NONE', #826, 0.2999999999996109100 ) ;
#3618 = STYLED_ITEM ( 'NONE', ( #3619 ), #551 ) ;
#3619 = PRESENTATION_STYLE_ASSIGNMENT (( #2527 ) ) ;
#3620 = LINE ( 'NONE', #3814, #3663 ) ;
#3621 = STYLED_ITEM ( 'NONE', ( #3577 ), #542 ) ;
#3622 =( GEOMETRIC_REPRESENTATION_CONTEXT ( 3 ) GLOBAL_UNCERTAINTY_ASSIGNED_CONTEXT ( ( #3172 ) ) GLOBAL_UNIT_ASSIGNED_CONTEXT ( ( #3893, #3894, #3895 ) ) REPRESENTATION_CONTEXT ( 'NONE', 'WORKASPACE' ) );
#3623 = FACE_OUTER_BOUND ( 'NONE', #2880, .T. ) ;
#3624 = STYLED_ITEM ( 'NONE', ( #3558 ), #544 ) ;
#3625 = FACE_OUTER_BOUND ( 'NONE', #2804, .T. ) ;
#3626 = SURFACE_STYLE_FILL_AREA ( #2566 ) ;
#3627 = FACE_OUTER_BOUND ( 'NONE', #2854, .T. ) ;
#3628 =( GEOMETRIC_REPRESENTATION_CONTEXT ( 3 ) GLOBAL_UNCERTAINTY_ASSIGNED_CONTEXT ( ( #3181 ) ) GLOBAL_UNIT_ASSIGNED_CONTEXT ( ( #2608, #2610, #2607 ) ) REPRESENTATION_CONTEXT ( 'NONE', 'WORKASPACE' ) );
#3629 = FACE_OUTER_BOUND ( 'NONE', #2988, .T. ) ;
#3630 = CYLINDRICAL_SURFACE ( 'NONE', #821, 0.2999999999997855500 ) ;
#3631 = VECTOR ( 'NONE', #3910, 1000.000000000000000 ) ;
#3632 =( GEOMETRIC_REPRESENTATION_CONTEXT ( 3 ) GLOBAL_UNCERTAINTY_ASSIGNED_CONTEXT ( ( #3178 ) ) GLOBAL_UNIT_ASSIGNED_CONTEXT ( ( #2465, #2494, #2498 ) ) REPRESENTATION_CONTEXT ( 'NONE', 'WORKASPACE' ) );
#3633 = COLOUR_RGB ( '',0.0000000000000000000, 0.7529411764705882200, 0.0000000000000000000 ) ;
#3634 =( GEOMETRIC_REPRESENTATION_CONTEXT ( 3 ) GLOBAL_UNCERTAINTY_ASSIGNED_CONTEXT ( ( #3175 ) ) GLOBAL_UNIT_ASSIGNED_CONTEXT ( ( #3804, #3803, #3805 ) ) REPRESENTATION_CONTEXT ( 'NONE', 'WORKASPACE' ) );
#3635 = FACE_OUTER_BOUND ( 'NONE', #2858, .T. ) ;
#3636 = SURFACE_STYLE_FILL_AREA ( #2633 ) ;
#3637 =( GEOMETRIC_REPRESENTATION_CONTEXT ( 3 ) GLOBAL_UNCERTAINTY_ASSIGNED_CONTEXT ( ( #3182 ) ) GLOBAL_UNIT_ASSIGNED_CONTEXT ( ( #2468, #2539, #2447 ) ) REPRESENTATION_CONTEXT ( 'NONE', 'WORKASPACE' ) );
#3638 = FACE_OUTER_BOUND ( 'NONE', #2828, .T. ) ;
#3639 = FACE_OUTER_BOUND ( 'NONE', #2772, .T. ) ;
#3641 = EDGE_CURVE ( 'NONE', #3214, #3342, #1922, .T. ) ;
#3640 = FACE_OUTER_BOUND ( 'NONE', #2974, .T. ) ;
#3642 = COLOUR_RGB ( '',0.0000000000000000000, 0.7529411764705882200, 0.0000000000000000000 ) ;
#3643 = COLOUR_RGB ( '',1.000000000000000000, 1.000000000000000000, 0.5019607843137254800 ) ;
#3644 = FACE_OUTER_BOUND ( 'NONE', #2936, .T. ) ;
#3645 = SURFACE_STYLE_FILL_AREA ( #2605 ) ;
#3646 = COLOUR_RGB ( '',0.0000000000000000000, 0.7529411764705882200, 0.0000000000000000000 ) ;
#3647 =( GEOMETRIC_REPRESENTATION_CONTEXT ( 3 ) GLOBAL_UNCERTAINTY_ASSIGNED_CONTEXT ( ( #3173 ) ) GLOBAL_UNIT_ASSIGNED_CONTEXT ( ( #3870, #3853, #3854 ) ) REPRESENTATION_CONTEXT ( 'NONE', 'WORKASPACE' ) );
#3648 = SURFACE_STYLE_FILL_AREA ( #2448 ) ;
#3649 = CYLINDRICAL_SURFACE ( 'NONE', #853, 0.3000000000012283400 ) ;
#3650 = FACE_OUTER_BOUND ( 'NONE', #2957, .T. ) ;
#3651 = EDGE_CURVE ( 'NONE', #3234, #3298, #1924, .T. ) ;
#3652 = LINE ( 'NONE', #987, #1548 ) ;
#3654 = EDGE_CURVE ( 'NONE', #3280, #3241, #1926, .T. ) ;
#3653 = SURFACE_STYLE_FILL_AREA ( #2457 ) ;
#3655 = STYLED_ITEM ( 'NONE', ( #3574 ), #57 ) ;
#3656 = PRESENTATION_STYLE_ASSIGNMENT (( #3869 ) ) ;
#3657 = LINE ( 'NONE', #3896, #3601 ) ;
#3658 = EDGE_CURVE ( 'NONE', #3206, #3311, #1897, .T. ) ;
#3659 = EDGE_CURVE ( 'NONE', #3398, #3412, #1903, .T. ) ;
#3660 = FACE_OUTER_BOUND ( 'NONE', #2703, .T. ) ;
#3661 = SURFACE_STYLE_FILL_AREA ( #2581 ) ;
#3662 = EDGE_CURVE ( 'NONE', #3268, #3219, #1911, .T. ) ;
#3663 = VECTOR ( 'NONE', #3964, 1000.000000000000000 ) ;
#3664 = STYLED_ITEM ( 'NONE', ( #3656 ), #55 ) ;
#3665 = FACE_OUTER_BOUND ( 'NONE', #3025, .T. ) ;
#3666 = EDGE_CURVE ( 'NONE', #3287, #3245, #1929, .T. ) ;
#3667 = COLOUR_RGB ( '',1.000000000000000000, 1.000000000000000000, 0.5019607843137254800 ) ;
#3668 = EDGE_CURVE ( 'NONE', #3221, #3325, #1936, .T. ) ;
#3669 = CYLINDRICAL_SURFACE ( 'NONE', #825, 0.2999999999997854400 ) ;
#3670 = FACE_OUTER_BOUND ( 'NONE', #2963, .T. ) ;
#3671 =( GEOMETRIC_REPRESENTATION_CONTEXT ( 3 ) GLOBAL_UNCERTAINTY_ASSIGNED_CONTEXT ( ( #3174 ) ) GLOBAL_UNIT_ASSIGNED_CONTEXT ( ( #3819, #3820, #3828 ) ) REPRESENTATION_CONTEXT ( 'NONE', 'WORKASPACE' ) );
#3672 = FACE_OUTER_BOUND ( 'NONE', #2985, .T. ) ;
#3673 = VECTOR ( 'NONE', #979, 1000.000000000000000 ) ;
#3674 = FACE_OUTER_BOUND ( 'NONE', #2903, .T. ) ;
#3675 =( GEOMETRIC_REPRESENTATION_CONTEXT ( 3 ) GLOBAL_UNCERTAINTY_ASSIGNED_CONTEXT ( ( #3188 ) ) GLOBAL_UNIT_ASSIGNED_CONTEXT ( ( #943, #944, #945 ) ) REPRESENTATION_CONTEXT ( 'NONE', 'WORKASPACE' ) );
#3676 = LINE ( 'NONE', #978, #3673 ) ;
#3677 = EDGE_CURVE ( 'NONE', #3345, #3239, #1931, .T. ) ;
#3678 = EDGE_CURVE ( 'NONE', #3225, #3274, #1942, .T. ) ;
#3679 = EDGE_CURVE ( 'NONE', #3236, #3269, #1941, .T. ) ;
#3680 = EDGE_CURVE ( 'NONE', #3429, #3236, #1945, .T. ) ;
#3681 = EDGE_CURVE ( 'NONE', #3430, #3211, #1940, .T. ) ;
#3682 = EDGE_CURVE ( 'NONE', #3270, #3293, #1946, .T. ) ;
#3683 = EDGE_CURVE ( 'NONE', #3332, #3311, #1944, .T. ) ;
#3684 = EDGE_CURVE ( 'NONE', #3429, #3225, #1950, .T. ) ;
#3685 = EDGE_CURVE ( 'NONE', #3317, #3437, #1952, .T. ) ;
#3686 = EDGE_CURVE ( 'NONE', #3290, #3433, #1933, .T. ) ;
#3687 = EDGE_CURVE ( 'NONE', #3234, #3226, #1956, .T. ) ;
#3688 = EDGE_CURVE ( 'NONE', #3349, #3301, #1943, .T. ) ;
#3689 = EDGE_CURVE ( 'NONE', #3288, #3226, #1949, .T. ) ;
#3690 = EDGE_CURVE ( 'NONE', #3301, #3317, #1962, .T. ) ;
#3691 = EDGE_CURVE ( 'NONE', #3405, #3398, #1964, .T. ) ;
#3692 = EDGE_CURVE ( 'NONE', #3321, #3344, #1966, .T. ) ;
#3693 = EDGE_CURVE ( 'NONE', #3211, #3434, #1968, .T. ) ;
#3694 = EDGE_CURVE ( 'NONE', #3283, #3260, #1970, .T. ) ;
#3695 = EDGE_CURVE ( 'NONE', #3433, #3437, #1972, .T. ) ;
#3696 = EDGE_CURVE ( 'NONE', #3345, #3340, #1974, .T. ) ;
#3697 = EDGE_CURVE ( 'NONE', #3269, #3270, #1976, .T. ) ;
#3698 = EDGE_CURVE ( 'NONE', #3251, #3228, #1978, .T. ) ;
#3699 = EDGE_CURVE ( 'NONE', #3346, #3262, #1980, .T. ) ;
#3700 = EDGE_CURVE ( 'NONE', #3223, #3325, #1982, .T. ) ;
#3701 = EDGE_CURVE ( 'NONE', #3241, #3252, #1984, .T. ) ;
#3702 = EDGE_CURVE ( 'NONE', #3221, #3335, #1986, .T. ) ;
#3703 = EDGE_CURVE ( 'NONE', #3293, #3218, #1988, .T. ) ;
#3704 = EDGE_CURVE ( 'NONE', #3290, #3317, #1990, .T. ) ;
#3705 = EDGE_CURVE ( 'NONE', #3244, #3239, #1992, .T. ) ;
#3706 = EDGE_CURVE ( 'NONE', #3289, #3204, #1955, .T. ) ;
#3707 = EDGE_CURVE ( 'NONE', #3284, #3249, #1996, .T. ) ;
#3708 = EDGE_CURVE ( 'NONE', #3327, #3235, #1998, .T. ) ;
#3709 = EDGE_CURVE ( 'NONE', #3400, #3313, #2000, .T. ) ;
#3710 = EDGE_CURVE ( 'NONE', #3300, #3418, #2002, .T. ) ;
#3711 = EDGE_CURVE ( 'NONE', #3215, #3205, #1959, .T. ) ;
#3712 = EDGE_CURVE ( 'NONE', #3323, #3243, #2006, .T. ) ;
#3713 = EDGE_CURVE ( 'NONE', #3274, #3270, #2008, .T. ) ;
#3714 = EDGE_CURVE ( 'NONE', #3325, #3328, #1961, .T. ) ;
#3715 = EDGE_CURVE ( 'NONE', #3339, #3322, #2012, .T. ) ;
#3716 = EDGE_CURVE ( 'NONE', #3412, #3400, #2016, .T. ) ;
#3717 = EDGE_CURVE ( 'NONE', #3207, #3212, #2015, .T. ) ;
#3718 = EDGE_CURVE ( 'NONE', #3329, #3332, #2017, .T. ) ;
#3719 = EDGE_CURVE ( 'NONE', #3218, #3301, #2011, .T. ) ;
#3720 = EDGE_CURVE ( 'NONE', #3236, #3274, #2014, .T. ) ;
#3721 = EDGE_CURVE ( 'NONE', #3242, #3233, #2023, .T. ) ;
#3722 = EDGE_CURVE ( 'NONE', #3334, #3434, #2025, .T. ) ;
#3723 = EDGE_CURVE ( 'NONE', #3302, #3257, #1995, .T. ) ;
#3724 = EDGE_CURVE ( 'NONE', #3246, #3427, #2029, .T. ) ;
#3725 = EDGE_CURVE ( 'NONE', #3338, #3203, #2031, .T. ) ;
#3726 = EDGE_CURVE ( 'NONE', #3346, #3338, #2033, .T. ) ;
#3727 = EDGE_CURVE ( 'NONE', #3204, #3231, #2035, .T. ) ;
#3728 = EDGE_CURVE ( 'NONE', #3262, #3318, #2020, .T. ) ;
#3729 = EDGE_CURVE ( 'NONE', #3207, #3206, #2039, .T. ) ;
#3730 = EDGE_CURVE ( 'NONE', #3404, #3207, #2041, .T. ) ;
#3731 = EDGE_CURVE ( 'NONE', #3261, #3332, #2043, .T. ) ;
#3732 = EDGE_CURVE ( 'NONE', #3434, #3225, #2045, .T. ) ;
#3733 = EDGE_CURVE ( 'NONE', #3285, #3254, #2047, .T. ) ;
#3734 = EDGE_CURVE ( 'NONE', #3418, #3407, #2051, .T. ) ;
#3735 = EDGE_CURVE ( 'NONE', #3245, #3221, #2028, .T. ) ;
#3736 = EDGE_CURVE ( 'NONE', #3251, #3309, #2052, .T. ) ;
#3737 = EDGE_CURVE ( 'NONE', #3269, #3215, #2050, .T. ) ;
#3738 = EDGE_CURVE ( 'NONE', #3359, #3420, #2058, .T. ) ;
#3739 = EDGE_CURVE ( 'NONE', #3280, #3287, #2049, .T. ) ;
#3740 = EDGE_CURVE ( 'NONE', #3205, #3218, #2059, .T. ) ;
#3741 = EDGE_CURVE ( 'NONE', #3433, #3297, #2061, .T. ) ;
#3742 = EDGE_CURVE ( 'NONE', #3337, #3244, #2063, .T. ) ;
#3743 = EDGE_CURVE ( 'NONE', #3205, #3349, #2065, .T. ) ;
#3744 = EDGE_CURVE ( 'NONE', #3419, #3358, #2067, .T. ) ;
#3745 = EDGE_CURVE ( 'NONE', #3344, #3244, #2069, .T. ) ;
#3746 = EDGE_CURVE ( 'NONE', #3235, #3406, #2071, .T. ) ;
#3747 = EDGE_CURVE ( 'NONE', #3300, #3311, #2073, .T. ) ;
#3748 = EDGE_CURVE ( 'NONE', #3340, #3323, #2077, .T. ) ;
#3749 = EDGE_CURVE ( 'NONE', #3223, #3313, #2055, .T. ) ;
#3750 = EDGE_CURVE ( 'NONE', #3403, #3412, #2078, .T. ) ;
#3751 = EDGE_CURVE ( 'NONE', #3329, #3250, #2080, .T. ) ;
#3752 = EDGE_CURVE ( 'NONE', #3222, #3284, #2082, .T. ) ;
#3753 = FILL_AREA_STYLE_COLOUR ( '', #2852 ) ;
#3754 = DIRECTION ( 'NONE',  ( -7.228014483236698300E-015, 0.0000000000000000000, -1.000000000000000000 ) ) ;
#3755 =( NAMED_UNIT ( * ) SI_UNIT ( $, .STERADIAN. ) SOLID_ANGLE_UNIT ( ) );
#3756 =( NAMED_UNIT ( * ) PLANE_ANGLE_UNIT ( ) SI_UNIT ( $, .RADIAN. ) );
#3757 = FILL_AREA_STYLE_COLOUR ( '', #2673 ) ;
#3758 =( LENGTH_UNIT ( ) NAMED_UNIT ( * ) SI_UNIT ( .MILLI., .METRE. ) );
#3759 = PLANE ( 'NONE',  #768 ) ;
#3760 = CARTESIAN_POINT ( 'NONE',  ( -1.700000000000003700, 0.2999999999999999900, -0.7500000000000002200 ) ) ;
#3761 = CARTESIAN_POINT ( 'NONE',  ( 1.750000000000000400, 0.2999999999999999900, 0.7500000000000002200 ) ) ;
#3762 = PLANE ( 'NONE',  #747 ) ;
#3763 = FILL_AREA_STYLE_COLOUR ( '', #3611 ) ;
#3764 = CARTESIAN_POINT ( 'NONE',  ( -1.485000000000000100, 0.6999999999999999600, -1.250000000000000000 ) ) ;
#3765 = DIRECTION ( 'NONE',  ( 0.0000000000000000000, -0.0000000000000000000, 1.000000000000000000 ) ) ;
#3766 = SURFACE_STYLE_USAGE ( .BOTH. , #3783 ) ;
#3767 = SURFACE_STYLE_USAGE ( .BOTH. , #3771 ) ;
#3768 = DIRECTION ( 'NONE',  ( -0.06975647374412545500, -0.9975640502598242000, 0.0000000000000000000 ) ) ;
#3769 = CARTESIAN_POINT ( 'NONE',  ( -1.649999999999999900, 0.2999999999999999900, 1.399999999999999900 ) ) ;
#3770 =( NAMED_UNIT ( * ) PLANE_ANGLE_UNIT ( ) SI_UNIT ( $, .RADIAN. ) );
#3771 = SURFACE_SIDE_STYLE ('',( #3579 ) ) ;
#3772 = DIRECTION ( 'NONE',  ( -1.000000000000000000, 0.0000000000000000000, -7.228014483236698500E-016 ) ) ;
#3773 = FILL_AREA_STYLE ('',( #3757 ) ) ;
#3774 = FILL_AREA_STYLE_COLOUR ( '', #2658 ) ;
#3775 = DIRECTION ( 'NONE',  ( -0.9975640502598243100, 0.06975647374412546900, 0.0000000000000000000 ) ) ;
#3776 = DIRECTION ( 'NONE',  ( -7.228014483236698500E-016, 0.0000000000000000000, 1.000000000000000000 ) ) ;
#3777 =( NAMED_UNIT ( * ) SI_UNIT ( $, .STERADIAN. ) SOLID_ANGLE_UNIT ( ) );
#3778 = DIRECTION ( 'NONE',  ( 0.0000000000000000000, 1.000000000000000000, 0.0000000000000000000 ) ) ;
#3779 =( LENGTH_UNIT ( ) NAMED_UNIT ( * ) SI_UNIT ( .MILLI., .METRE. ) );
#3780 = SURFACE_STYLE_USAGE ( .BOTH. , #3781 ) ;
#3781 = SURFACE_SIDE_STYLE ('',( #2826 ) ) ;
#3782 = FILL_AREA_STYLE ('',( #3753 ) ) ;
#3783 = SURFACE_SIDE_STYLE ('',( #2930 ) ) ;
#3784 =( NAMED_UNIT ( * ) PLANE_ANGLE_UNIT ( ) SI_UNIT ( $, .RADIAN. ) );
#3785 =( NAMED_UNIT ( * ) SI_UNIT ( $, .STERADIAN. ) SOLID_ANGLE_UNIT ( ) );
#3786 = DIRECTION ( 'NONE',  ( -0.7071067811865450200, 0.0000000000000000000, 0.7071067811865500200 ) ) ;
#3787 = CARTESIAN_POINT ( 'NONE',  ( -1.749999999999993600, 0.2999999999999999900, 0.7500000000000002200 ) ) ;
#3788 = PLANE ( 'NONE',  #801 ) ;
#3789 = DIRECTION ( 'NONE',  ( 0.0000000000000000000, 0.0000000000000000000, -1.000000000000000000 ) ) ;
#3790 = DIRECTION ( 'NONE',  ( -1.000000000000000000, 0.0000000000000000000, -0.0000000000000000000 ) ) ;
#3791 = CARTESIAN_POINT ( 'NONE',  ( -1.485000000000000100, 0.6999999999999999600, 0.7500000000000000000 ) ) ;
#3792 = FILL_AREA_STYLE_COLOUR ( '', #3667 ) ;
#3793 = FILL_AREA_STYLE ('',( #3792 ) ) ;
#3794 = DIRECTION ( 'NONE',  ( 0.0000000000000000000, 0.0000000000000000000, 1.000000000000000000 ) ) ;
#3795 = SURFACE_SIDE_STYLE ('',( #3582 ) ) ;
#3796 = SURFACE_STYLE_USAGE ( .BOTH. , #3795 ) ;
#3797 = DIRECTION ( 'NONE',  ( 0.7071067811865500200, 0.0000000000000000000, 0.7071067811865450200 ) ) ;
#3798 =( LENGTH_UNIT ( ) NAMED_UNIT ( * ) SI_UNIT ( .MILLI., .METRE. ) );
#3799 = SURFACE_SIDE_STYLE ('',( #2708 ) ) ;
#3800 = SURFACE_STYLE_USAGE ( .BOTH. , #3799 ) ;
#3801 = DIRECTION ( 'NONE',  ( -1.000000000000000000, 0.0000000000000000000, 0.0000000000000000000 ) ) ;
#3802 = PLANE ( 'NONE',  #798 ) ;
#3803 =( NAMED_UNIT ( * ) PLANE_ANGLE_UNIT ( ) SI_UNIT ( $, .RADIAN. ) );
#3804 =( LENGTH_UNIT ( ) NAMED_UNIT ( * ) SI_UNIT ( .MILLI., .METRE. ) );
#3805 =( NAMED_UNIT ( * ) SI_UNIT ( $, .STERADIAN. ) SOLID_ANGLE_UNIT ( ) );
#3806 = DIRECTION ( 'NONE',  ( 0.0000000000000000000, -0.0000000000000000000, 1.000000000000000000 ) ) ;
#3807 = DIRECTION ( 'NONE',  ( 1.000000000000000000, 0.0000000000000000000, -0.0000000000000000000 ) ) ;
#3808 = CARTESIAN_POINT ( 'NONE',  ( 1.750000000000000200, 0.2999999999999999900, -0.7500000000000002200 ) ) ;
#3809 = FILL_AREA_STYLE_COLOUR ( '', #2970 ) ;
#3810 = FILL_AREA_STYLE ('',( #3809 ) ) ;
#3811 = SURFACE_SIDE_STYLE ('',( #2861 ) ) ;
#3812 = SURFACE_STYLE_USAGE ( .BOTH. , #3811 ) ;
#3813 =( LENGTH_UNIT ( ) NAMED_UNIT ( * ) SI_UNIT ( .MILLI., .METRE. ) );
#3814 = CARTESIAN_POINT ( 'NONE',  ( -0.9849999999999999900, 0.6799999999999999400, -1.250000000000000000 ) ) ;
#3815 = FILL_AREA_STYLE ('',( #3763 ) ) ;
#3816 = CARTESIAN_POINT ( 'NONE',  ( 1.700000000000000400, 0.2999999999999999900, -0.7500000000000002200 ) ) ;
#3817 = FILL_AREA_STYLE ('',( #3774 ) ) ;
#3818 = SURFACE_STYLE_USAGE ( .BOTH. , #3827 ) ;
#3819 =( LENGTH_UNIT ( ) NAMED_UNIT ( * ) SI_UNIT ( .MILLI., .METRE. ) );
#3820 =( NAMED_UNIT ( * ) PLANE_ANGLE_UNIT ( ) SI_UNIT ( $, .RADIAN. ) );
#3821 =( NAMED_UNIT ( * ) PLANE_ANGLE_UNIT ( ) SI_UNIT ( $, .RADIAN. ) );
#3822 =( NAMED_UNIT ( * ) SI_UNIT ( $, .STERADIAN. ) SOLID_ANGLE_UNIT ( ) );
#3823 = PLANE ( 'NONE',  #750 ) ;
#3824 = PLANE ( 'NONE',  #774 ) ;
#3825 = DIRECTION ( 'NONE',  ( 0.0000000000000000000, 0.0000000000000000000, 1.000000000000000000 ) ) ;
#3826 = DIRECTION ( 'NONE',  ( 1.000000000000000000, 0.0000000000000000000, -0.0000000000000000000 ) ) ;
#3827 = SURFACE_SIDE_STYLE ('',( #3573 ) ) ;
#3828 =( NAMED_UNIT ( * ) SI_UNIT ( $, .STERADIAN. ) SOLID_ANGLE_UNIT ( ) );
#3829 = DIRECTION ( 'NONE',  ( -0.7071067811865474600, 0.0000000000000000000, -0.7071067811865474600 ) ) ;
#3830 =( NAMED_UNIT ( * ) PLANE_ANGLE_UNIT ( ) SI_UNIT ( $, .RADIAN. ) );
#3831 =( NAMED_UNIT ( * ) SI_UNIT ( $, .STERADIAN. ) SOLID_ANGLE_UNIT ( ) );
#3832 = PLANE ( 'NONE',  #753 ) ;
#3833 = DIRECTION ( 'NONE',  ( 1.000000000000000000, 0.0000000000000000000, -6.794333614242492600E-015 ) ) ;
#3834 = DIRECTION ( 'NONE',  ( -6.794333614242492600E-015, 0.0000000000000000000, -1.000000000000000000 ) ) ;
#3835 = CARTESIAN_POINT ( 'NONE',  ( -1.749999999999993600, 0.2999999999999999900, 0.7500000000000002200 ) ) ;
#3836 = FILL_AREA_STYLE_COLOUR ( '', #2975 ) ;
#3837 = FILL_AREA_STYLE ('',( #3836 ) ) ;
#3838 = DIRECTION ( 'NONE',  ( -0.7071067811865450200, 0.0000000000000000000, -0.7071067811865500200 ) ) ;
#3839 = DIRECTION ( 'NONE',  ( -0.7071067811865500200, 0.0000000000000000000, 0.7071067811865450200 ) ) ;
#3840 = CARTESIAN_POINT ( 'NONE',  ( 1.484999999999998300, 0.6999999999999999600, -0.7500000000000000000 ) ) ;
#3841 = FILL_AREA_STYLE_COLOUR ( '', #3604 ) ;
#3842 = FILL_AREA_STYLE ('',( #3841 ) ) ;
#3843 = DIRECTION ( 'NONE',  ( -1.000000000000000000, 0.0000000000000000000, 1.445602896647338700E-016 ) ) ;
#3844 = DIRECTION ( 'NONE',  ( 1.445602896647338700E-016, 0.0000000000000000000, 1.000000000000000000 ) ) ;
#3845 = CARTESIAN_POINT ( 'NONE',  ( 1.750000000000000200, 0.2999999999999999900, -1.050000000000000000 ) ) ;
#3846 = FILL_AREA_STYLE_COLOUR ( '', #2725 ) ;
#3847 = FILL_AREA_STYLE ('',( #3846 ) ) ;
#3848 = SURFACE_SIDE_STYLE ('',( #2904 ) ) ;
#3849 = SURFACE_STYLE_USAGE ( .BOTH. , #3848 ) ;
#3850 =( LENGTH_UNIT ( ) NAMED_UNIT ( * ) SI_UNIT ( .MILLI., .METRE. ) );
#3851 =( NAMED_UNIT ( * ) PLANE_ANGLE_UNIT ( ) SI_UNIT ( $, .RADIAN. ) );
#3852 =( NAMED_UNIT ( * ) SI_UNIT ( $, .STERADIAN. ) SOLID_ANGLE_UNIT ( ) );
#3853 =( NAMED_UNIT ( * ) PLANE_ANGLE_UNIT ( ) SI_UNIT ( $, .RADIAN. ) );
#3854 =( NAMED_UNIT ( * ) SI_UNIT ( $, .STERADIAN. ) SOLID_ANGLE_UNIT ( ) );
#3855 = PLANE ( 'NONE',  #795 ) ;
#3856 = SURFACE_SIDE_STYLE ('',( #2853 ) ) ;
#3857 = SURFACE_STYLE_USAGE ( .BOTH. , #3856 ) ;
#3858 =( LENGTH_UNIT ( ) NAMED_UNIT ( * ) SI_UNIT ( .MILLI., .METRE. ) );
#3859 =( NAMED_UNIT ( * ) PLANE_ANGLE_UNIT ( ) SI_UNIT ( $, .RADIAN. ) );
#3860 =( NAMED_UNIT ( * ) SI_UNIT ( $, .STERADIAN. ) SOLID_ANGLE_UNIT ( ) );
#3861 = FILL_AREA_STYLE_COLOUR ( '', #3012 ) ;
#3862 = FILL_AREA_STYLE ('',( #3861 ) ) ;
#3863 = SURFACE_SIDE_STYLE ('',( #2876 ) ) ;
#3864 = SURFACE_STYLE_USAGE ( .BOTH. , #3863 ) ;
#3865 =( LENGTH_UNIT ( ) NAMED_UNIT ( * ) SI_UNIT ( .MILLI., .METRE. ) );
#3866 = FILL_AREA_STYLE_COLOUR ( '', #3581 ) ;
#3867 = FILL_AREA_STYLE ('',( #3866 ) ) ;
#3868 = SURFACE_SIDE_STYLE ('',( #2677 ) ) ;
#3869 = SURFACE_STYLE_USAGE ( .BOTH. , #3868 ) ;
#3870 =( LENGTH_UNIT ( ) NAMED_UNIT ( * ) SI_UNIT ( .MILLI., .METRE. ) );
#3871 = DIRECTION ( 'NONE',  ( 0.7071067811865475700, 0.0000000000000000000, -0.7071067811865475700 ) ) ;
#3872 = PLANE ( 'NONE',  #756 ) ;
#3873 = DIRECTION ( 'NONE',  ( 0.0000000000000000000, 0.0000000000000000000, -1.000000000000000000 ) ) ;
#3874 = DIRECTION ( 'NONE',  ( -1.000000000000000000, 0.0000000000000000000, -0.0000000000000000000 ) ) ;
#3875 =( NAMED_UNIT ( * ) PLANE_ANGLE_UNIT ( ) SI_UNIT ( $, .RADIAN. ) );
#3876 =( NAMED_UNIT ( * ) SI_UNIT ( $, .STERADIAN. ) SOLID_ANGLE_UNIT ( ) );
#3877 = PLANE ( 'NONE',  #771 ) ;
#3878 = PLANE ( 'NONE',  #792 ) ;
#3879 = DIRECTION ( 'NONE',  ( 0.0000000000000000000, 0.0000000000000000000, -1.000000000000000000 ) ) ;
#3880 = DIRECTION ( 'NONE',  ( -1.000000000000000000, 0.0000000000000000000, -0.0000000000000000000 ) ) ;
#3881 = CARTESIAN_POINT ( 'NONE',  ( 1.484999999999998300, 0.6999999999999999600, 0.7500000000000000000 ) ) ;
#3882 = CARTESIAN_POINT ( 'NONE',  ( -1.750000000000003800, 0.2999999999999999900, -0.7500000000000002200 ) ) ;
#3883 = CARTESIAN_POINT ( 'NONE',  ( 1.650000000000000100, 0.2999999999999999900, -1.050000000000000000 ) ) ;
#3884 = FILL_AREA_STYLE_COLOUR ( '', #2859 ) ;
#3885 = FILL_AREA_STYLE ('',( #3884 ) ) ;
#3886 = SURFACE_SIDE_STYLE ('',( #2792 ) ) ;
#3887 = SURFACE_STYLE_USAGE ( .BOTH. , #3886 ) ;
#3888 = DIRECTION ( 'NONE',  ( 0.0000000000000000000, 0.06975647374412546900, -0.9975640502598243100 ) ) ;
#3889 = DIRECTION ( 'NONE',  ( 0.0000000000000000000, 0.9975640502598242000, 0.06975647374412545500 ) ) ;
#3890 = PLANE ( 'NONE',  #782 ) ;
#3891 = PLANE ( 'NONE',  #777 ) ;
#3892 = SURFACE_STYLE_USAGE ( .BOTH. , #3909 ) ;
#3893 =( LENGTH_UNIT ( ) NAMED_UNIT ( * ) SI_UNIT ( .MILLI., .METRE. ) );
#3894 =( NAMED_UNIT ( * ) PLANE_ANGLE_UNIT ( ) SI_UNIT ( $, .RADIAN. ) );
#3895 =( NAMED_UNIT ( * ) SI_UNIT ( $, .STERADIAN. ) SOLID_ANGLE_UNIT ( ) );
#3896 = CARTESIAN_POINT ( 'NONE',  ( -1.485000000000000100, 0.6999999999999999600, -0.7500000000000000000 ) ) ;
#3897 =( LENGTH_UNIT ( ) NAMED_UNIT ( * ) SI_UNIT ( .MILLI., .METRE. ) );
#3898 =( NAMED_UNIT ( * ) PLANE_ANGLE_UNIT ( ) SI_UNIT ( $, .RADIAN. ) );
#3899 =( NAMED_UNIT ( * ) SI_UNIT ( $, .STERADIAN. ) SOLID_ANGLE_UNIT ( ) );
#3900 = PLANE ( 'NONE',  #758 ) ;
#3901 = DIRECTION ( 'NONE',  ( 0.9975640502598243100, 0.06975647374412546900, 0.0000000000000000000 ) ) ;
#3902 = DIRECTION ( 'NONE',  ( -0.06975647374412545500, 0.9975640502598242000, 0.0000000000000000000 ) ) ;
#3903 = PLANE ( 'NONE',  #778 ) ;
#3904 = CARTESIAN_POINT ( 'NONE',  ( -1.649999999999999900, 0.2999999999999999900, -1.399999999999999900 ) ) ;
#3905 = DIRECTION ( 'NONE',  ( 0.0000000000000000000, 0.0000000000000000000, 1.000000000000000000 ) ) ;
#3906 = CARTESIAN_POINT ( 'NONE',  ( 0.9849999999999947700, 0.6999999999999999600, 1.250000000000000000 ) ) ;
#3907 = FILL_AREA_STYLE_COLOUR ( '', #2973 ) ;
#3908 = FILL_AREA_STYLE ('',( #3907 ) ) ;
#3909 = SURFACE_SIDE_STYLE ('',( #3607 ) ) ;
#3910 = DIRECTION ( 'NONE',  ( 1.000000000000000000, 0.0000000000000000000, 0.0000000000000000000 ) ) ;
#3911 = PLANE ( 'NONE',  #757 ) ;
#3912 = DIRECTION ( 'NONE',  ( -1.000000000000000000, 0.0000000000000000000, 0.0000000000000000000 ) ) ;
#3913 = DIRECTION ( 'NONE',  ( 0.0000000000000000000, 0.0000000000000000000, 1.000000000000000000 ) ) ;
#3914 = CARTESIAN_POINT ( 'NONE',  ( -1.649999999999999900, 0.2999999999999999900, -1.399999999999999900 ) ) ;
#3915 = PLANE ( 'NONE',  #759 ) ;
#3916 = PLANE ( 'NONE',  #775 ) ;
#3917 = DIRECTION ( 'NONE',  ( 1.000000000000000000, 0.0000000000000000000, -7.950815931560368500E-015 ) ) ;
#3918 = DIRECTION ( 'NONE',  ( -7.950815931560368500E-015, 0.0000000000000000000, -1.000000000000000000 ) ) ;
#3919 = CARTESIAN_POINT ( 'NONE',  ( -1.649999999999999900, 0.2999999999999999900, -1.399999999999999900 ) ) ;
#3920 = CARTESIAN_POINT ( 'NONE',  ( -1.649999999999999900, 0.6999999999999999600, 1.399999999999999900 ) ) ;
#3921 =( NAMED_UNIT ( * ) SI_UNIT ( $, .STERADIAN. ) SOLID_ANGLE_UNIT ( ) );
#3922 = PLANE ( 'NONE',  #789 ) ;
#3923 = DIRECTION ( 'NONE',  ( 0.0000000000000000000, 1.000000000000000000, -0.0000000000000000000 ) ) ;
#3924 = CARTESIAN_POINT ( 'NONE',  ( -1.649999999999991300, 0.2999999999999999900, 1.050000000000000000 ) ) ;
#3925 = DIRECTION ( 'NONE',  ( 0.0000000000000000000, 0.0000000000000000000, 1.000000000000000000 ) ) ;
#3926 = DIRECTION ( 'NONE',  ( 1.000000000000000000, 0.0000000000000000000, -0.0000000000000000000 ) ) ;
#3927 = CARTESIAN_POINT ( 'NONE',  ( -1.650000000000005900, 0.2999999999999999900, -1.050000000000000000 ) ) ;
#3928 = PLANE ( 'NONE',  #762 ) ;
#3929 =( LENGTH_UNIT ( ) NAMED_UNIT ( * ) SI_UNIT ( .MILLI., .METRE. ) );
#3930 =( NAMED_UNIT ( * ) PLANE_ANGLE_UNIT ( ) SI_UNIT ( $, .RADIAN. ) );
#3931 =( NAMED_UNIT ( * ) SI_UNIT ( $, .STERADIAN. ) SOLID_ANGLE_UNIT ( ) );
#3932 = PLANE ( 'NONE',  #786 ) ;
#3933 = DIRECTION ( 'NONE',  ( 0.0000000000000000000, 0.0000000000000000000, 1.000000000000000000 ) ) ;
#3934 = PLANE ( 'NONE',  #803 ) ;
#3935 = DIRECTION ( 'NONE',  ( 1.000000000000000000, 0.0000000000000000000, 0.0000000000000000000 ) ) ;
#3936 = CARTESIAN_POINT ( 'NONE',  ( -0.9849999999999999900, 0.6799999999999999400, -1.250000000000000000 ) ) ;
#3937 = PLANE ( 'NONE',  #802 ) ;
#3938 = DIRECTION ( 'NONE',  ( 1.000000000000000000, -0.0000000000000000000, 1.672769066120493200E-014 ) ) ;
#3939 = DIRECTION ( 'NONE',  ( 1.672769066120493200E-014, 0.0000000000000000000, -1.000000000000000000 ) ) ;
#3940 = CARTESIAN_POINT ( 'NONE',  ( -1.750000000000006000, 0.2999999999999999900, -1.050000000000000000 ) ) ;
#3941 =( LENGTH_UNIT ( ) NAMED_UNIT ( * ) SI_UNIT ( .MILLI., .METRE. ) );
#3942 =( NAMED_UNIT ( * ) PLANE_ANGLE_UNIT ( ) SI_UNIT ( $, .RADIAN. ) );
#3943 =( NAMED_UNIT ( * ) SI_UNIT ( $, .STERADIAN. ) SOLID_ANGLE_UNIT ( ) );
#3944 = PLANE ( 'NONE',  #776 ) ;
#3945 = FILL_AREA_STYLE ('',( #3963 ) ) ;
#3946 = SURFACE_SIDE_STYLE ('',( #2869 ) ) ;
#3947 = SURFACE_STYLE_USAGE ( .BOTH. , #3946 ) ;
#3948 =( LENGTH_UNIT ( ) NAMED_UNIT ( * ) SI_UNIT ( .MILLI., .METRE. ) );
#3949 =( NAMED_UNIT ( * ) PLANE_ANGLE_UNIT ( ) SI_UNIT ( $, .RADIAN. ) );
#3950 = CARTESIAN_POINT ( 'NONE',  ( -1.649999999999999500, 0.2999999999999999900, 1.399999999999999900 ) ) ;
#3951 = DIRECTION ( 'NONE',  ( 0.0000000000000000000, -0.0000000000000000000, 1.000000000000000000 ) ) ;
#3952 = DIRECTION ( 'NONE',  ( 1.000000000000000000, 0.0000000000000000000, -0.0000000000000000000 ) ) ;
#3953 = CARTESIAN_POINT ( 'NONE',  ( -1.750000000000003800, 0.2999999999999999900, -0.7500000000000002200 ) ) ;
#3954 = FILL_AREA_STYLE_COLOUR ( '', #2843 ) ;
#3955 = CARTESIAN_POINT ( 'NONE',  ( 1.650000000000000400, 0.2999999999999999900, -1.399999999999999900 ) ) ;
#3956 = FILL_AREA_STYLE_COLOUR ( '', #2831 ) ;
#3957 = FILL_AREA_STYLE ('',( #3956 ) ) ;
#3958 = SURFACE_SIDE_STYLE ('',( #2778 ) ) ;
#3959 = SURFACE_STYLE_USAGE ( .BOTH. , #3958 ) ;
#3960 = DIRECTION ( 'NONE',  ( 0.0000000000000000000, 0.06975647374412546900, 0.9975640502598243100 ) ) ;
#3961 = DIRECTION ( 'NONE',  ( 0.0000000000000000000, -0.9975640502598242000, 0.06975647374412545500 ) ) ;
#3962 = CARTESIAN_POINT ( 'NONE',  ( -0.9849999999999999900, 0.6999999999999999600, 1.250000000000000000 ) ) ;
#3963 = FILL_AREA_STYLE_COLOUR ( '', #3643 ) ;
#3964 = DIRECTION ( 'NONE',  ( -1.000000000000000000, -0.0000000000000000000, -0.0000000000000000000 ) ) ;
#3965 = FILL_AREA_STYLE ('',( #3954 ) ) ;
#3966 = SURFACE_SIDE_STYLE ('',( #2819 ) ) ;
#3967 = SURFACE_STYLE_USAGE ( .BOTH. , #3966 ) ;
#3968 =( LENGTH_UNIT ( ) NAMED_UNIT ( * ) SI_UNIT ( .MILLI., .METRE. ) );
#3969 =( NAMED_UNIT ( * ) PLANE_ANGLE_UNIT ( ) SI_UNIT ( $, .RADIAN. ) );
#3970 = PLANE ( 'NONE',  #783 ) ;
#3971 = DIRECTION ( 'NONE',  ( 0.0000000000000000000, 1.000000000000000000, -0.0000000000000000000 ) ) ;
#3972 = DIRECTION ( 'NONE',  ( 0.0000000000000000000, 0.0000000000000000000, 1.000000000000000000 ) ) ;
#3973 = CARTESIAN_POINT ( 'NONE',  ( -1.485000000000000100, 0.6799999999999999400, -1.250000000000000000 ) ) ;
#3974 = DIRECTION ( 'NONE',  ( -0.0000000000000000000, 1.000000000000000000, -0.0000000000000000000 ) ) ;
#3975 = PLANE ( 'NONE',  #804 ) ;
#3976 = CARTESIAN_POINT ( 'NONE',  ( -1.649999999999991300, 0.2999999999999999900, 1.050000000000000000 ) ) ;
#3977 = DIRECTION ( 'NONE',  ( 0.0000000000000000000, 0.0000000000000000000, -1.000000000000000000 ) ) ;
#3978 =( NAMED_UNIT ( * ) SI_UNIT ( $, .STERADIAN. ) SOLID_ANGLE_UNIT ( ) );
#3979 = PLANE ( 'NONE',  #765 ) ;
#3980 = DIRECTION ( 'NONE',  ( 1.000000000000000000, 0.0000000000000000000, -7.228014483236698300E-015 ) ) ;
#3981 = DIRECTION ( 'NONE',  ( -0.7071067811865475700, 0.0000000000000000000, 0.7071067811865474600 ) ) ;
#3982 =( LENGTH_UNIT ( ) NAMED_UNIT ( * ) SI_UNIT ( .MILLI., .METRE. ) );
#3983 = SURFACE_STYLE_USAGE ( .BOTH. , #3984 ) ;
#3984 = SURFACE_SIDE_STYLE ('',( #2983 ) ) ;
#3985 = FILL_AREA_STYLE ('',( #3986 ) ) ;
#3986 = FILL_AREA_STYLE_COLOUR ( '', #2836 ) ;
#3987 = CARTESIAN_POINT ( 'NONE',  ( 1.650000000000000400, 0.2999999999999999900, 1.050000000000000000 ) ) ;
#3988 = CARTESIAN_POINT ( 'NONE',  ( 1.750000000000000400, 0.2999999999999999900, 0.7500000000000002200 ) ) ;
#3989 = DIRECTION ( 'NONE',  ( -1.000000000000000000, 0.0000000000000000000, -0.0000000000000000000 ) ) ;
#3990 = DIRECTION ( 'NONE',  ( 0.0000000000000000000, 0.0000000000000000000, -1.000000000000000000 ) ) ;
#3991 = STYLED_ITEM ( 'NONE', ( #4008 ), #562 ) ;
#3992 = FACE_OUTER_BOUND ( 'NONE', #2641, .T. ) ;
#3993 = COLOUR_RGB ( '',0.0000000000000000000, 0.7529411764705882200, 0.0000000000000000000 ) ;
#3994 = LINE ( 'NONE', #991, #1552 ) ;
#3995 = FACE_OUTER_BOUND ( 'NONE', #2791, .T. ) ;
#3996 = STYLED_ITEM ( 'NONE', ( #3998 ), #563 ) ;
#3997 = COLOUR_RGB ( '',0.0000000000000000000, 0.7529411764705882200, 0.0000000000000000000 ) ;
#3998 = PRESENTATION_STYLE_ASSIGNMENT (( #2632 ) ) ;
#3999 = SURFACE_STYLE_FILL_AREA ( #2434 ) ;
#4000 =( GEOMETRIC_REPRESENTATION_CONTEXT ( 3 ) GLOBAL_UNCERTAINTY_ASSIGNED_CONTEXT ( ( #3183 ) ) GLOBAL_UNIT_ASSIGNED_CONTEXT ( ( #2510, #2452, #2500 ) ) REPRESENTATION_CONTEXT ( 'NONE', 'WORKASPACE' ) );
#4001 = PRESENTATION_STYLE_ASSIGNMENT (( #2628 ) ) ;
#4002 = STYLED_ITEM ( 'NONE', ( #4001 ), #561 ) ;
#4003 = SURFACE_STYLE_FILL_AREA ( #924 ) ;
#4004 = FACE_OUTER_BOUND ( 'NONE', #2976, .T. ) ;
#4005 =( GEOMETRIC_REPRESENTATION_CONTEXT ( 3 ) GLOBAL_UNCERTAINTY_ASSIGNED_CONTEXT ( ( #3184 ) ) GLOBAL_UNIT_ASSIGNED_CONTEXT ( ( #2455, #3035, #2424 ) ) REPRESENTATION_CONTEXT ( 'NONE', 'WORKASPACE' ) );
#4006 =( GEOMETRIC_REPRESENTATION_CONTEXT ( 3 ) GLOBAL_UNCERTAINTY_ASSIGNED_CONTEXT ( ( #3185 ) ) GLOBAL_UNIT_ASSIGNED_CONTEXT ( ( #2436, #2438, #2426 ) ) REPRESENTATION_CONTEXT ( 'NONE', 'WORKASPACE' ) );
#4007 = COLOUR_RGB ( '',0.0000000000000000000, 0.7529411764705882200, 0.0000000000000000000 ) ;
#4008 = PRESENTATION_STYLE_ASSIGNMENT (( #2437 ) ) ;
#4009 = EDGE_CURVE ( 'NONE', #3407, #3397, #2076, .T. ) ;
#4010 = EDGE_CURVE ( 'NONE', #3237, #3302, #2086, .T. ) ;
#4011 = EDGE_CURVE ( 'NONE', #3252, #3328, #2088, .T. ) ;
#4012 = EDGE_CURVE ( 'NONE', #3222, #3213, #2090, .T. ) ;
#4013 = EDGE_CURVE ( 'NONE', #3250, #3261, #2092, .T. ) ;
#4014 = EDGE_CURVE ( 'NONE', #3226, #3258, #2094, .T. ) ;
#4015 = MANIFOLD_SOLID_BREP ( '填料-伸長5[1]', #157 ) ;
#4016 = MANIFOLD_SOLID_BREP ( '填料-伸長5[3]', #363 ) ;
#4017 = MANIFOLD_SOLID_BREP ( '填料-伸長3', #236 ) ;
#4018 = MANIFOLD_SOLID_BREP ( '填料-伸長5[4]', #131 ) ;
#4019 = MANIFOLD_SOLID_BREP ( '填料-伸長4[2]', #325 ) ;
#4020 = MANIFOLD_SOLID_BREP ( '除料-伸長7', #509 ) ;
#4021 = MANIFOLD_SOLID_BREP ( '填料-伸長5[2]', #428 ) ;
#4022 = MANIFOLD_SOLID_BREP ( '除料-伸長8', #161 ) ;
#4023 = PLANE ( 'NONE',  #744 ) ;
#4024 = COLOUR_RGB ( '',0.0000000000000000000, 0.7529411764705882200, 0.0000000000000000000 ) ;
#4025 = STYLED_ITEM ( 'NONE', ( #4026 ), #566 ) ;
#4026 = PRESENTATION_STYLE_ASSIGNMENT (( #942 ) ) ;
#4027 =( GEOMETRIC_REPRESENTATION_CONTEXT ( 3 ) GLOBAL_UNCERTAINTY_ASSIGNED_CONTEXT ( ( #3187 ) ) GLOBAL_UNIT_ASSIGNED_CONTEXT ( ( #927, #928, #929 ) ) REPRESENTATION_CONTEXT ( 'NONE', 'WORKASPACE' ) );
#4028 = FACE_OUTER_BOUND ( 'NONE', #2902, .T. ) ;
#4029 = STYLED_ITEM ( 'NONE', ( #4035 ), #564 ) ;
#4030 = LINE ( 'NONE', #980, #3526 ) ;
#4031 = FACE_OUTER_BOUND ( 'NONE', #2670, .T. ) ;
#4032 = LINE ( 'NONE', #976, #3508 ) ;
#4033 = FACE_OUTER_BOUND ( 'NONE', #2839, .T. ) ;
#4034 =( GEOMETRIC_REPRESENTATION_CONTEXT ( 3 ) GLOBAL_UNCERTAINTY_ASSIGNED_CONTEXT ( ( #3186 ) ) GLOBAL_UNIT_ASSIGNED_CONTEXT ( ( #2631, #2637, #2636 ) ) REPRESENTATION_CONTEXT ( 'NONE', 'WORKASPACE' ) );
#4035 = PRESENTATION_STYLE_ASSIGNMENT (( #926 ) ) ;
#4036 = FACE_OUTER_BOUND ( 'NONE', #2798, .T. ) ;
#4037 = SURFACE_STYLE_FILL_AREA ( #940 ) ;
#4038 = COLOUR_RGB ( '',0.0000000000000000000, 0.7529411764705882200, 0.0000000000000000000 ) ;
ENDSEC;
END-ISO-10303-21;
