ISO-10303-21;
HEADER;
/* Generated by software containing ST-Developer
 * from STEP Tools, Inc. (www.steptools.com) 
 */
/* OPTION: using custom renumber hook */

FILE_DESCRIPTION(
/* description */ ('STEP AP214'),
/* implementation_level */ '2;1');

FILE_NAME(
/* name */ 'FTR-110-51-L-D-06',
/* time_stamp */ '2025-03-21T18:32:49+01:00',
/* author */ ('License CC BY-ND 4.0'),
/* organization */ ('CADENAS'),
/* preprocessor_version */ 'ST-DEVELOPER v19.3',
/* originating_system */ 'PARTsolutions',
/* authorisation */ '  ');

FILE_SCHEMA (('AUTOMOTIVE_DESIGN {1 0 10303 214 3 1 1}'));
ENDSEC;

DATA;
#10=PROPERTY_DEFINITION_REPRESENTATION(#14,#12);
#11=PROPERTY_DEFINITION_REPRESENTATION(#15,#13);
#12=REPRESENTATION('',(#16),#13639);
#13=REPRESENTATION('',(#17),#13639);
#14=PROPERTY_DEFINITION('pmi validation property','',#13653);
#15=PROPERTY_DEFINITION('pmi validation property','',#13653);
#16=VALUE_REPRESENTATION_ITEM('number of annotations',COUNT_MEASURE(0.));
#17=VALUE_REPRESENTATION_ITEM('number of views',COUNT_MEASURE(0.));
#18=CYLINDRICAL_SURFACE('',#8695,0.0379999999999994);
#19=CYLINDRICAL_SURFACE('',#8697,0.0379999999999994);
#20=CYLINDRICAL_SURFACE('',#8700,0.0379999999999994);
#21=CYLINDRICAL_SURFACE('',#8703,0.0379999999999994);
#22=CYLINDRICAL_SURFACE('',#8706,0.0379999999999994);
#23=CYLINDRICAL_SURFACE('',#8709,0.0379999999999994);
#24=CYLINDRICAL_SURFACE('',#8712,0.0379999999999994);
#25=CYLINDRICAL_SURFACE('',#8715,0.0379999999999994);
#26=CYLINDRICAL_SURFACE('',#8735,0.0379999999999993);
#27=CYLINDRICAL_SURFACE('',#8737,0.0379999999999993);
#28=CYLINDRICAL_SURFACE('',#8740,0.0379999999999993);
#29=CYLINDRICAL_SURFACE('',#8743,0.0379999999999993);
#30=CYLINDRICAL_SURFACE('',#8746,0.0379999999999993);
#31=CYLINDRICAL_SURFACE('',#8749,0.0379999999999993);
#32=CYLINDRICAL_SURFACE('',#8752,0.0379999999999993);
#33=CYLINDRICAL_SURFACE('',#8755,0.0379999999999993);
#34=CYLINDRICAL_SURFACE('',#8758,0.0379999999999993);
#35=CYLINDRICAL_SURFACE('',#8788,0.0200000000000016);
#36=CYLINDRICAL_SURFACE('',#8790,0.0200000000000016);
#37=CYLINDRICAL_SURFACE('',#8793,0.0200000000000016);
#38=CYLINDRICAL_SURFACE('',#8796,0.0200000000000016);
#39=CYLINDRICAL_SURFACE('',#8799,0.0200000000000016);
#40=CYLINDRICAL_SURFACE('',#8802,0.0200000000000016);
#41=CYLINDRICAL_SURFACE('',#8805,0.0200000000000016);
#42=CYLINDRICAL_SURFACE('',#8808,0.0200000000000016);
#43=CYLINDRICAL_SURFACE('',#8811,0.0200000000000016);
#44=CYLINDRICAL_SURFACE('',#8831,0.0199999999999998);
#45=CYLINDRICAL_SURFACE('',#8833,0.0199999999999998);
#46=CYLINDRICAL_SURFACE('',#8836,0.0199999999999998);
#47=CYLINDRICAL_SURFACE('',#8839,0.0199999999999998);
#48=CYLINDRICAL_SURFACE('',#8842,0.0199999999999998);
#49=CYLINDRICAL_SURFACE('',#8845,0.0199999999999998);
#50=CYLINDRICAL_SURFACE('',#8848,0.0199999999999998);
#51=CYLINDRICAL_SURFACE('',#8851,0.0199999999999998);
#52=CYLINDRICAL_SURFACE('',#8864,0.0379999999999994);
#53=CYLINDRICAL_SURFACE('',#8868,0.0379999999999993);
#54=CYLINDRICAL_SURFACE('',#8873,0.0200000000000016);
#55=CYLINDRICAL_SURFACE('',#8877,0.0199999999999998);
#56=CIRCLE('',#8666,0.0199999999999998);
#57=CIRCLE('',#8667,0.0379999999999994);
#58=CIRCLE('',#8668,0.0379999999999993);
#59=CIRCLE('',#8669,0.0200000000000016);
#60=CIRCLE('',#8671,0.0200000000000016);
#61=CIRCLE('',#8672,0.0379999999999993);
#62=CIRCLE('',#8673,0.0379999999999994);
#63=CIRCLE('',#8674,0.0199999999999998);
#64=CIRCLE('',#8696,0.0379999999999994);
#65=CIRCLE('',#8698,0.0379999999999994);
#66=CIRCLE('',#8699,0.0379999999999994);
#67=CIRCLE('',#8701,0.0379999999999994);
#68=CIRCLE('',#8702,0.0379999999999994);
#69=CIRCLE('',#8704,0.0379999999999994);
#70=CIRCLE('',#8705,0.0379999999999994);
#71=CIRCLE('',#8707,0.0379999999999994);
#72=CIRCLE('',#8708,0.0379999999999994);
#73=CIRCLE('',#8710,0.0379999999999994);
#74=CIRCLE('',#8711,0.0379999999999994);
#75=CIRCLE('',#8713,0.0379999999999994);
#76=CIRCLE('',#8714,0.0379999999999994);
#77=CIRCLE('',#8716,0.0379999999999994);
#78=CIRCLE('',#8717,0.0379999999999994);
#79=CIRCLE('',#8736,0.0379999999999993);
#80=CIRCLE('',#8738,0.0379999999999993);
#81=CIRCLE('',#8739,0.0379999999999993);
#82=CIRCLE('',#8741,0.0379999999999993);
#83=CIRCLE('',#8742,0.0379999999999993);
#84=CIRCLE('',#8744,0.0379999999999993);
#85=CIRCLE('',#8745,0.0379999999999993);
#86=CIRCLE('',#8747,0.0379999999999993);
#87=CIRCLE('',#8748,0.0379999999999993);
#88=CIRCLE('',#8750,0.0379999999999993);
#89=CIRCLE('',#8751,0.0379999999999993);
#90=CIRCLE('',#8753,0.0379999999999993);
#91=CIRCLE('',#8754,0.0379999999999993);
#92=CIRCLE('',#8756,0.0379999999999993);
#93=CIRCLE('',#8757,0.0379999999999993);
#94=CIRCLE('',#8759,0.0379999999999993);
#95=CIRCLE('',#8760,0.0379999999999993);
#96=CIRCLE('',#8789,0.0200000000000016);
#97=CIRCLE('',#8791,0.0200000000000016);
#98=CIRCLE('',#8792,0.0200000000000016);
#99=CIRCLE('',#8794,0.0200000000000016);
#100=CIRCLE('',#8795,0.0200000000000016);
#101=CIRCLE('',#8797,0.0200000000000016);
#102=CIRCLE('',#8798,0.0200000000000016);
#103=CIRCLE('',#8800,0.0200000000000016);
#104=CIRCLE('',#8801,0.0200000000000016);
#105=CIRCLE('',#8803,0.0200000000000016);
#106=CIRCLE('',#8804,0.0200000000000016);
#107=CIRCLE('',#8806,0.0200000000000016);
#108=CIRCLE('',#8807,0.0200000000000016);
#109=CIRCLE('',#8809,0.0200000000000016);
#110=CIRCLE('',#8810,0.0200000000000016);
#111=CIRCLE('',#8812,0.0200000000000016);
#112=CIRCLE('',#8813,0.0200000000000016);
#113=CIRCLE('',#8832,0.0199999999999998);
#114=CIRCLE('',#8834,0.0199999999999998);
#115=CIRCLE('',#8835,0.0199999999999998);
#116=CIRCLE('',#8837,0.0199999999999998);
#117=CIRCLE('',#8838,0.0199999999999998);
#118=CIRCLE('',#8840,0.0199999999999998);
#119=CIRCLE('',#8841,0.0199999999999998);
#120=CIRCLE('',#8843,0.0199999999999998);
#121=CIRCLE('',#8844,0.0199999999999998);
#122=CIRCLE('',#8846,0.0199999999999998);
#123=CIRCLE('',#8847,0.0199999999999998);
#124=CIRCLE('',#8849,0.0199999999999998);
#125=CIRCLE('',#8850,0.0199999999999998);
#126=CIRCLE('',#8852,0.0199999999999998);
#127=CIRCLE('',#8853,0.0199999999999998);
#128=CIRCLE('',#8865,0.0379999999999994);
#129=CIRCLE('',#8869,0.0379999999999993);
#130=CIRCLE('',#8874,0.0200000000000016);
#131=CIRCLE('',#8878,0.0199999999999998);
#132=CONTEXT_DEPENDENT_SHAPE_REPRESENTATION(#138,#13655);
#133=CONTEXT_DEPENDENT_SHAPE_REPRESENTATION(#139,#13657);
#134=CONTEXT_DEPENDENT_SHAPE_REPRESENTATION(#140,#13659);
#135=NEXT_ASSEMBLY_USAGE_OCCURRENCE('NAUO1','FTR-110-51-L-D-006_body',
'FTR-110-51-L-D-006_body',#13660,#13661,'');
#136=NEXT_ASSEMBLY_USAGE_OCCURRENCE('NAUO2','FTR-110-51-L-D-006_pins',
'FTR-110-51-L-D-006_pins',#13660,#13662,'');
#137=NEXT_ASSEMBLY_USAGE_OCCURRENCE('NAUO3','FTR-110-51-L-D-0062PNS',
'FTR-110-51-L-D-0062PNS',#13660,#13663,'');
#138=(
REPRESENTATION_RELATIONSHIP(' ',' ',#8559,#8558)
REPRESENTATION_RELATIONSHIP_WITH_TRANSFORMATION(#141)
SHAPE_REPRESENTATION_RELATIONSHIP()
);
#139=(
REPRESENTATION_RELATIONSHIP(' ',' ',#8560,#8558)
REPRESENTATION_RELATIONSHIP_WITH_TRANSFORMATION(#142)
SHAPE_REPRESENTATION_RELATIONSHIP()
);
#140=(
REPRESENTATION_RELATIONSHIP(' ',' ',#8561,#8558)
REPRESENTATION_RELATIONSHIP_WITH_TRANSFORMATION(#143)
SHAPE_REPRESENTATION_RELATIONSHIP()
);
#141=ITEM_DEFINED_TRANSFORMATION(' ',' ',#8562,#8661);
#142=ITEM_DEFINED_TRANSFORMATION(' ',' ',#8562,#8915);
#143=ITEM_DEFINED_TRANSFORMATION(' ',' ',#8562,#9093);
#144=SHAPE_REPRESENTATION_RELATIONSHIP('','',#8559,#147);
#145=SHAPE_REPRESENTATION_RELATIONSHIP('','',#8560,#148);
#146=SHAPE_REPRESENTATION_RELATIONSHIP('','',#8561,#149);
#147=ADVANCED_BREP_SHAPE_REPRESENTATION('',(#8551),#13640);
#148=ADVANCED_BREP_SHAPE_REPRESENTATION('',(#8552),#13641);
#149=ADVANCED_BREP_SHAPE_REPRESENTATION('',(#8553),#13642);
#150=ORIENTED_EDGE('',*,*,#2494,.F.);
#151=ORIENTED_EDGE('',*,*,#2495,.T.);
#152=ORIENTED_EDGE('',*,*,#2496,.T.);
#153=ORIENTED_EDGE('',*,*,#2497,.T.);
#154=ORIENTED_EDGE('',*,*,#2498,.T.);
#155=ORIENTED_EDGE('',*,*,#2499,.T.);
#156=ORIENTED_EDGE('',*,*,#2500,.F.);
#157=ORIENTED_EDGE('',*,*,#2501,.F.);
#158=ORIENTED_EDGE('',*,*,#2502,.F.);
#159=ORIENTED_EDGE('',*,*,#2503,.T.);
#160=ORIENTED_EDGE('',*,*,#2504,.F.);
#161=ORIENTED_EDGE('',*,*,#2505,.F.);
#162=ORIENTED_EDGE('',*,*,#2500,.T.);
#163=ORIENTED_EDGE('',*,*,#2506,.F.);
#164=ORIENTED_EDGE('',*,*,#2507,.F.);
#165=ORIENTED_EDGE('',*,*,#2508,.F.);
#166=ORIENTED_EDGE('',*,*,#2509,.T.);
#167=ORIENTED_EDGE('',*,*,#2504,.T.);
#168=ORIENTED_EDGE('',*,*,#2510,.F.);
#169=ORIENTED_EDGE('',*,*,#2511,.F.);
#170=ORIENTED_EDGE('',*,*,#2512,.F.);
#171=ORIENTED_EDGE('',*,*,#2513,.T.);
#172=ORIENTED_EDGE('',*,*,#2496,.F.);
#173=ORIENTED_EDGE('',*,*,#2514,.F.);
#174=ORIENTED_EDGE('',*,*,#2515,.F.);
#175=ORIENTED_EDGE('',*,*,#2516,.F.);
#176=ORIENTED_EDGE('',*,*,#2517,.F.);
#177=ORIENTED_EDGE('',*,*,#2518,.F.);
#178=ORIENTED_EDGE('',*,*,#2517,.T.);
#179=ORIENTED_EDGE('',*,*,#2519,.F.);
#180=ORIENTED_EDGE('',*,*,#2520,.F.);
#181=ORIENTED_EDGE('',*,*,#2521,.F.);
#182=ORIENTED_EDGE('',*,*,#2522,.T.);
#183=ORIENTED_EDGE('',*,*,#2523,.T.);
#184=ORIENTED_EDGE('',*,*,#2498,.F.);
#185=ORIENTED_EDGE('',*,*,#2524,.F.);
#186=ORIENTED_EDGE('',*,*,#2520,.T.);
#187=ORIENTED_EDGE('',*,*,#2525,.T.);
#188=ORIENTED_EDGE('',*,*,#2526,.T.);
#189=ORIENTED_EDGE('',*,*,#2527,.T.);
#190=ORIENTED_EDGE('',*,*,#2494,.T.);
#191=ORIENTED_EDGE('',*,*,#2528,.T.);
#192=ORIENTED_EDGE('',*,*,#2529,.T.);
#193=ORIENTED_EDGE('',*,*,#2530,.T.);
#194=ORIENTED_EDGE('',*,*,#2531,.T.);
#195=ORIENTED_EDGE('',*,*,#2502,.T.);
#196=ORIENTED_EDGE('',*,*,#2532,.F.);
#197=ORIENTED_EDGE('',*,*,#2533,.T.);
#198=ORIENTED_EDGE('',*,*,#2534,.F.);
#199=ORIENTED_EDGE('',*,*,#2535,.F.);
#200=ORIENTED_EDGE('',*,*,#2536,.T.);
#201=ORIENTED_EDGE('',*,*,#2537,.T.);
#202=ORIENTED_EDGE('',*,*,#2538,.F.);
#203=ORIENTED_EDGE('',*,*,#2539,.F.);
#204=ORIENTED_EDGE('',*,*,#2540,.T.);
#205=ORIENTED_EDGE('',*,*,#2535,.T.);
#206=ORIENTED_EDGE('',*,*,#2541,.F.);
#207=ORIENTED_EDGE('',*,*,#2542,.F.);
#208=ORIENTED_EDGE('',*,*,#2543,.T.);
#209=ORIENTED_EDGE('',*,*,#2539,.T.);
#210=ORIENTED_EDGE('',*,*,#2544,.F.);
#211=ORIENTED_EDGE('',*,*,#2545,.F.);
#212=ORIENTED_EDGE('',*,*,#2546,.T.);
#213=ORIENTED_EDGE('',*,*,#2547,.T.);
#214=ORIENTED_EDGE('',*,*,#2548,.F.);
#215=ORIENTED_EDGE('',*,*,#2549,.F.);
#216=ORIENTED_EDGE('',*,*,#2550,.T.);
#217=ORIENTED_EDGE('',*,*,#2545,.T.);
#218=ORIENTED_EDGE('',*,*,#2551,.F.);
#219=ORIENTED_EDGE('',*,*,#2552,.F.);
#220=ORIENTED_EDGE('',*,*,#2553,.T.);
#221=ORIENTED_EDGE('',*,*,#2549,.T.);
#222=ORIENTED_EDGE('',*,*,#2554,.F.);
#223=ORIENTED_EDGE('',*,*,#2555,.F.);
#224=ORIENTED_EDGE('',*,*,#2556,.T.);
#225=ORIENTED_EDGE('',*,*,#2557,.T.);
#226=ORIENTED_EDGE('',*,*,#2558,.F.);
#227=ORIENTED_EDGE('',*,*,#2559,.F.);
#228=ORIENTED_EDGE('',*,*,#2560,.T.);
#229=ORIENTED_EDGE('',*,*,#2555,.T.);
#230=ORIENTED_EDGE('',*,*,#2561,.F.);
#231=ORIENTED_EDGE('',*,*,#2562,.F.);
#232=ORIENTED_EDGE('',*,*,#2563,.T.);
#233=ORIENTED_EDGE('',*,*,#2559,.T.);
#234=ORIENTED_EDGE('',*,*,#2564,.F.);
#235=ORIENTED_EDGE('',*,*,#2565,.F.);
#236=ORIENTED_EDGE('',*,*,#2566,.T.);
#237=ORIENTED_EDGE('',*,*,#2567,.T.);
#238=ORIENTED_EDGE('',*,*,#2568,.F.);
#239=ORIENTED_EDGE('',*,*,#2569,.F.);
#240=ORIENTED_EDGE('',*,*,#2570,.T.);
#241=ORIENTED_EDGE('',*,*,#2565,.T.);
#242=ORIENTED_EDGE('',*,*,#2571,.F.);
#243=ORIENTED_EDGE('',*,*,#2572,.F.);
#244=ORIENTED_EDGE('',*,*,#2573,.T.);
#245=ORIENTED_EDGE('',*,*,#2569,.T.);
#246=ORIENTED_EDGE('',*,*,#2574,.F.);
#247=ORIENTED_EDGE('',*,*,#2575,.F.);
#248=ORIENTED_EDGE('',*,*,#2576,.T.);
#249=ORIENTED_EDGE('',*,*,#2577,.T.);
#250=ORIENTED_EDGE('',*,*,#2578,.F.);
#251=ORIENTED_EDGE('',*,*,#2579,.F.);
#252=ORIENTED_EDGE('',*,*,#2580,.T.);
#253=ORIENTED_EDGE('',*,*,#2575,.T.);
#254=ORIENTED_EDGE('',*,*,#2581,.F.);
#255=ORIENTED_EDGE('',*,*,#2582,.F.);
#256=ORIENTED_EDGE('',*,*,#2583,.T.);
#257=ORIENTED_EDGE('',*,*,#2579,.T.);
#258=ORIENTED_EDGE('',*,*,#2584,.F.);
#259=ORIENTED_EDGE('',*,*,#2585,.F.);
#260=ORIENTED_EDGE('',*,*,#2586,.T.);
#261=ORIENTED_EDGE('',*,*,#2587,.T.);
#262=ORIENTED_EDGE('',*,*,#2588,.F.);
#263=ORIENTED_EDGE('',*,*,#2589,.F.);
#264=ORIENTED_EDGE('',*,*,#2590,.T.);
#265=ORIENTED_EDGE('',*,*,#2585,.T.);
#266=ORIENTED_EDGE('',*,*,#2591,.F.);
#267=ORIENTED_EDGE('',*,*,#2592,.F.);
#268=ORIENTED_EDGE('',*,*,#2593,.T.);
#269=ORIENTED_EDGE('',*,*,#2589,.T.);
#270=ORIENTED_EDGE('',*,*,#2594,.F.);
#271=ORIENTED_EDGE('',*,*,#2595,.F.);
#272=ORIENTED_EDGE('',*,*,#2596,.T.);
#273=ORIENTED_EDGE('',*,*,#2597,.T.);
#274=ORIENTED_EDGE('',*,*,#2598,.F.);
#275=ORIENTED_EDGE('',*,*,#2599,.F.);
#276=ORIENTED_EDGE('',*,*,#2600,.T.);
#277=ORIENTED_EDGE('',*,*,#2595,.T.);
#278=ORIENTED_EDGE('',*,*,#2601,.F.);
#279=ORIENTED_EDGE('',*,*,#2602,.F.);
#280=ORIENTED_EDGE('',*,*,#2603,.T.);
#281=ORIENTED_EDGE('',*,*,#2599,.T.);
#282=ORIENTED_EDGE('',*,*,#2604,.F.);
#283=ORIENTED_EDGE('',*,*,#2605,.F.);
#284=ORIENTED_EDGE('',*,*,#2606,.T.);
#285=ORIENTED_EDGE('',*,*,#2607,.T.);
#286=ORIENTED_EDGE('',*,*,#2608,.F.);
#287=ORIENTED_EDGE('',*,*,#2609,.F.);
#288=ORIENTED_EDGE('',*,*,#2610,.T.);
#289=ORIENTED_EDGE('',*,*,#2605,.T.);
#290=ORIENTED_EDGE('',*,*,#2611,.F.);
#291=ORIENTED_EDGE('',*,*,#2612,.F.);
#292=ORIENTED_EDGE('',*,*,#2613,.T.);
#293=ORIENTED_EDGE('',*,*,#2609,.T.);
#294=ORIENTED_EDGE('',*,*,#2614,.F.);
#295=ORIENTED_EDGE('',*,*,#2615,.F.);
#296=ORIENTED_EDGE('',*,*,#2616,.T.);
#297=ORIENTED_EDGE('',*,*,#2617,.T.);
#298=ORIENTED_EDGE('',*,*,#2618,.F.);
#299=ORIENTED_EDGE('',*,*,#2619,.F.);
#300=ORIENTED_EDGE('',*,*,#2620,.T.);
#301=ORIENTED_EDGE('',*,*,#2615,.T.);
#302=ORIENTED_EDGE('',*,*,#2621,.F.);
#303=ORIENTED_EDGE('',*,*,#2622,.F.);
#304=ORIENTED_EDGE('',*,*,#2623,.T.);
#305=ORIENTED_EDGE('',*,*,#2619,.T.);
#306=ORIENTED_EDGE('',*,*,#2624,.F.);
#307=ORIENTED_EDGE('',*,*,#2625,.F.);
#308=ORIENTED_EDGE('',*,*,#2626,.T.);
#309=ORIENTED_EDGE('',*,*,#2627,.T.);
#310=ORIENTED_EDGE('',*,*,#2628,.F.);
#311=ORIENTED_EDGE('',*,*,#2629,.F.);
#312=ORIENTED_EDGE('',*,*,#2630,.T.);
#313=ORIENTED_EDGE('',*,*,#2625,.T.);
#314=ORIENTED_EDGE('',*,*,#2631,.F.);
#315=ORIENTED_EDGE('',*,*,#2632,.F.);
#316=ORIENTED_EDGE('',*,*,#2633,.T.);
#317=ORIENTED_EDGE('',*,*,#2629,.T.);
#318=ORIENTED_EDGE('',*,*,#2634,.F.);
#319=ORIENTED_EDGE('',*,*,#2635,.F.);
#320=ORIENTED_EDGE('',*,*,#2636,.T.);
#321=ORIENTED_EDGE('',*,*,#2637,.T.);
#322=ORIENTED_EDGE('',*,*,#2638,.F.);
#323=ORIENTED_EDGE('',*,*,#2639,.F.);
#324=ORIENTED_EDGE('',*,*,#2640,.T.);
#325=ORIENTED_EDGE('',*,*,#2635,.T.);
#326=ORIENTED_EDGE('',*,*,#2641,.F.);
#327=ORIENTED_EDGE('',*,*,#2642,.F.);
#328=ORIENTED_EDGE('',*,*,#2643,.T.);
#329=ORIENTED_EDGE('',*,*,#2639,.T.);
#330=ORIENTED_EDGE('',*,*,#2644,.F.);
#331=ORIENTED_EDGE('',*,*,#2645,.F.);
#332=ORIENTED_EDGE('',*,*,#2646,.T.);
#333=ORIENTED_EDGE('',*,*,#2647,.T.);
#334=ORIENTED_EDGE('',*,*,#2648,.F.);
#335=ORIENTED_EDGE('',*,*,#2649,.F.);
#336=ORIENTED_EDGE('',*,*,#2650,.T.);
#337=ORIENTED_EDGE('',*,*,#2645,.T.);
#338=ORIENTED_EDGE('',*,*,#2651,.F.);
#339=ORIENTED_EDGE('',*,*,#2652,.F.);
#340=ORIENTED_EDGE('',*,*,#2653,.T.);
#341=ORIENTED_EDGE('',*,*,#2649,.T.);
#342=ORIENTED_EDGE('',*,*,#2654,.F.);
#343=ORIENTED_EDGE('',*,*,#2655,.F.);
#344=ORIENTED_EDGE('',*,*,#2656,.T.);
#345=ORIENTED_EDGE('',*,*,#2657,.T.);
#346=ORIENTED_EDGE('',*,*,#2658,.F.);
#347=ORIENTED_EDGE('',*,*,#2659,.F.);
#348=ORIENTED_EDGE('',*,*,#2660,.T.);
#349=ORIENTED_EDGE('',*,*,#2655,.T.);
#350=ORIENTED_EDGE('',*,*,#2661,.F.);
#351=ORIENTED_EDGE('',*,*,#2662,.F.);
#352=ORIENTED_EDGE('',*,*,#2663,.T.);
#353=ORIENTED_EDGE('',*,*,#2659,.T.);
#354=ORIENTED_EDGE('',*,*,#2664,.F.);
#355=ORIENTED_EDGE('',*,*,#2665,.F.);
#356=ORIENTED_EDGE('',*,*,#2666,.T.);
#357=ORIENTED_EDGE('',*,*,#2667,.T.);
#358=ORIENTED_EDGE('',*,*,#2668,.F.);
#359=ORIENTED_EDGE('',*,*,#2669,.F.);
#360=ORIENTED_EDGE('',*,*,#2670,.T.);
#361=ORIENTED_EDGE('',*,*,#2665,.T.);
#362=ORIENTED_EDGE('',*,*,#2671,.F.);
#363=ORIENTED_EDGE('',*,*,#2672,.F.);
#364=ORIENTED_EDGE('',*,*,#2673,.T.);
#365=ORIENTED_EDGE('',*,*,#2669,.T.);
#366=ORIENTED_EDGE('',*,*,#2674,.F.);
#367=ORIENTED_EDGE('',*,*,#2675,.F.);
#368=ORIENTED_EDGE('',*,*,#2676,.T.);
#369=ORIENTED_EDGE('',*,*,#2677,.T.);
#370=ORIENTED_EDGE('',*,*,#2678,.F.);
#371=ORIENTED_EDGE('',*,*,#2679,.F.);
#372=ORIENTED_EDGE('',*,*,#2680,.T.);
#373=ORIENTED_EDGE('',*,*,#2675,.T.);
#374=ORIENTED_EDGE('',*,*,#2681,.F.);
#375=ORIENTED_EDGE('',*,*,#2682,.F.);
#376=ORIENTED_EDGE('',*,*,#2683,.T.);
#377=ORIENTED_EDGE('',*,*,#2679,.T.);
#378=ORIENTED_EDGE('',*,*,#2684,.F.);
#379=ORIENTED_EDGE('',*,*,#2685,.F.);
#380=ORIENTED_EDGE('',*,*,#2686,.T.);
#381=ORIENTED_EDGE('',*,*,#2687,.T.);
#382=ORIENTED_EDGE('',*,*,#2688,.F.);
#383=ORIENTED_EDGE('',*,*,#2689,.F.);
#384=ORIENTED_EDGE('',*,*,#2690,.T.);
#385=ORIENTED_EDGE('',*,*,#2685,.T.);
#386=ORIENTED_EDGE('',*,*,#2691,.F.);
#387=ORIENTED_EDGE('',*,*,#2692,.F.);
#388=ORIENTED_EDGE('',*,*,#2693,.T.);
#389=ORIENTED_EDGE('',*,*,#2689,.T.);
#390=ORIENTED_EDGE('',*,*,#2694,.F.);
#391=ORIENTED_EDGE('',*,*,#2695,.F.);
#392=ORIENTED_EDGE('',*,*,#2696,.T.);
#393=ORIENTED_EDGE('',*,*,#2697,.T.);
#394=ORIENTED_EDGE('',*,*,#2698,.F.);
#395=ORIENTED_EDGE('',*,*,#2699,.F.);
#396=ORIENTED_EDGE('',*,*,#2700,.T.);
#397=ORIENTED_EDGE('',*,*,#2695,.T.);
#398=ORIENTED_EDGE('',*,*,#2701,.F.);
#399=ORIENTED_EDGE('',*,*,#2702,.F.);
#400=ORIENTED_EDGE('',*,*,#2703,.T.);
#401=ORIENTED_EDGE('',*,*,#2699,.T.);
#402=ORIENTED_EDGE('',*,*,#2704,.F.);
#403=ORIENTED_EDGE('',*,*,#2705,.F.);
#404=ORIENTED_EDGE('',*,*,#2706,.T.);
#405=ORIENTED_EDGE('',*,*,#2707,.T.);
#406=ORIENTED_EDGE('',*,*,#2708,.F.);
#407=ORIENTED_EDGE('',*,*,#2709,.F.);
#408=ORIENTED_EDGE('',*,*,#2710,.T.);
#409=ORIENTED_EDGE('',*,*,#2705,.T.);
#410=ORIENTED_EDGE('',*,*,#2711,.F.);
#411=ORIENTED_EDGE('',*,*,#2712,.F.);
#412=ORIENTED_EDGE('',*,*,#2713,.T.);
#413=ORIENTED_EDGE('',*,*,#2709,.T.);
#414=ORIENTED_EDGE('',*,*,#2714,.F.);
#415=ORIENTED_EDGE('',*,*,#2715,.F.);
#416=ORIENTED_EDGE('',*,*,#2716,.T.);
#417=ORIENTED_EDGE('',*,*,#2717,.T.);
#418=ORIENTED_EDGE('',*,*,#2718,.F.);
#419=ORIENTED_EDGE('',*,*,#2719,.F.);
#420=ORIENTED_EDGE('',*,*,#2720,.T.);
#421=ORIENTED_EDGE('',*,*,#2715,.T.);
#422=ORIENTED_EDGE('',*,*,#2721,.F.);
#423=ORIENTED_EDGE('',*,*,#2722,.F.);
#424=ORIENTED_EDGE('',*,*,#2723,.T.);
#425=ORIENTED_EDGE('',*,*,#2719,.T.);
#426=ORIENTED_EDGE('',*,*,#2724,.F.);
#427=ORIENTED_EDGE('',*,*,#2725,.F.);
#428=ORIENTED_EDGE('',*,*,#2726,.T.);
#429=ORIENTED_EDGE('',*,*,#2727,.T.);
#430=ORIENTED_EDGE('',*,*,#2728,.F.);
#431=ORIENTED_EDGE('',*,*,#2729,.F.);
#432=ORIENTED_EDGE('',*,*,#2730,.T.);
#433=ORIENTED_EDGE('',*,*,#2725,.T.);
#434=ORIENTED_EDGE('',*,*,#2731,.F.);
#435=ORIENTED_EDGE('',*,*,#2732,.F.);
#436=ORIENTED_EDGE('',*,*,#2733,.T.);
#437=ORIENTED_EDGE('',*,*,#2729,.T.);
#438=ORIENTED_EDGE('',*,*,#2734,.F.);
#439=ORIENTED_EDGE('',*,*,#2537,.F.);
#440=ORIENTED_EDGE('',*,*,#2735,.T.);
#441=ORIENTED_EDGE('',*,*,#2542,.T.);
#442=ORIENTED_EDGE('',*,*,#2736,.F.);
#443=ORIENTED_EDGE('',*,*,#2547,.F.);
#444=ORIENTED_EDGE('',*,*,#2737,.T.);
#445=ORIENTED_EDGE('',*,*,#2552,.T.);
#446=ORIENTED_EDGE('',*,*,#2738,.F.);
#447=ORIENTED_EDGE('',*,*,#2557,.F.);
#448=ORIENTED_EDGE('',*,*,#2739,.T.);
#449=ORIENTED_EDGE('',*,*,#2562,.T.);
#450=ORIENTED_EDGE('',*,*,#2740,.F.);
#451=ORIENTED_EDGE('',*,*,#2567,.F.);
#452=ORIENTED_EDGE('',*,*,#2741,.T.);
#453=ORIENTED_EDGE('',*,*,#2572,.T.);
#454=ORIENTED_EDGE('',*,*,#2742,.F.);
#455=ORIENTED_EDGE('',*,*,#2577,.F.);
#456=ORIENTED_EDGE('',*,*,#2743,.T.);
#457=ORIENTED_EDGE('',*,*,#2582,.T.);
#458=ORIENTED_EDGE('',*,*,#2744,.F.);
#459=ORIENTED_EDGE('',*,*,#2587,.F.);
#460=ORIENTED_EDGE('',*,*,#2745,.T.);
#461=ORIENTED_EDGE('',*,*,#2592,.T.);
#462=ORIENTED_EDGE('',*,*,#2746,.F.);
#463=ORIENTED_EDGE('',*,*,#2597,.F.);
#464=ORIENTED_EDGE('',*,*,#2747,.T.);
#465=ORIENTED_EDGE('',*,*,#2602,.T.);
#466=ORIENTED_EDGE('',*,*,#2748,.F.);
#467=ORIENTED_EDGE('',*,*,#2607,.F.);
#468=ORIENTED_EDGE('',*,*,#2749,.T.);
#469=ORIENTED_EDGE('',*,*,#2612,.T.);
#470=ORIENTED_EDGE('',*,*,#2750,.F.);
#471=ORIENTED_EDGE('',*,*,#2617,.F.);
#472=ORIENTED_EDGE('',*,*,#2751,.T.);
#473=ORIENTED_EDGE('',*,*,#2622,.T.);
#474=ORIENTED_EDGE('',*,*,#2752,.F.);
#475=ORIENTED_EDGE('',*,*,#2627,.F.);
#476=ORIENTED_EDGE('',*,*,#2753,.T.);
#477=ORIENTED_EDGE('',*,*,#2632,.T.);
#478=ORIENTED_EDGE('',*,*,#2754,.F.);
#479=ORIENTED_EDGE('',*,*,#2637,.F.);
#480=ORIENTED_EDGE('',*,*,#2755,.T.);
#481=ORIENTED_EDGE('',*,*,#2642,.T.);
#482=ORIENTED_EDGE('',*,*,#2756,.F.);
#483=ORIENTED_EDGE('',*,*,#2647,.F.);
#484=ORIENTED_EDGE('',*,*,#2757,.T.);
#485=ORIENTED_EDGE('',*,*,#2652,.T.);
#486=ORIENTED_EDGE('',*,*,#2758,.F.);
#487=ORIENTED_EDGE('',*,*,#2657,.F.);
#488=ORIENTED_EDGE('',*,*,#2759,.T.);
#489=ORIENTED_EDGE('',*,*,#2662,.T.);
#490=ORIENTED_EDGE('',*,*,#2760,.F.);
#491=ORIENTED_EDGE('',*,*,#2667,.F.);
#492=ORIENTED_EDGE('',*,*,#2761,.T.);
#493=ORIENTED_EDGE('',*,*,#2672,.T.);
#494=ORIENTED_EDGE('',*,*,#2762,.F.);
#495=ORIENTED_EDGE('',*,*,#2677,.F.);
#496=ORIENTED_EDGE('',*,*,#2763,.T.);
#497=ORIENTED_EDGE('',*,*,#2682,.T.);
#498=ORIENTED_EDGE('',*,*,#2764,.F.);
#499=ORIENTED_EDGE('',*,*,#2687,.F.);
#500=ORIENTED_EDGE('',*,*,#2765,.T.);
#501=ORIENTED_EDGE('',*,*,#2692,.T.);
#502=ORIENTED_EDGE('',*,*,#2766,.F.);
#503=ORIENTED_EDGE('',*,*,#2697,.F.);
#504=ORIENTED_EDGE('',*,*,#2767,.T.);
#505=ORIENTED_EDGE('',*,*,#2702,.T.);
#506=ORIENTED_EDGE('',*,*,#2768,.F.);
#507=ORIENTED_EDGE('',*,*,#2707,.F.);
#508=ORIENTED_EDGE('',*,*,#2769,.T.);
#509=ORIENTED_EDGE('',*,*,#2712,.T.);
#510=ORIENTED_EDGE('',*,*,#2770,.F.);
#511=ORIENTED_EDGE('',*,*,#2717,.F.);
#512=ORIENTED_EDGE('',*,*,#2771,.T.);
#513=ORIENTED_EDGE('',*,*,#2722,.T.);
#514=ORIENTED_EDGE('',*,*,#2772,.F.);
#515=ORIENTED_EDGE('',*,*,#2727,.F.);
#516=ORIENTED_EDGE('',*,*,#2773,.T.);
#517=ORIENTED_EDGE('',*,*,#2732,.T.);
#518=ORIENTED_EDGE('',*,*,#2509,.F.);
#519=ORIENTED_EDGE('',*,*,#2774,.F.);
#520=ORIENTED_EDGE('',*,*,#2532,.T.);
#521=ORIENTED_EDGE('',*,*,#2505,.T.);
#522=ORIENTED_EDGE('',*,*,#2726,.F.);
#523=ORIENTED_EDGE('',*,*,#2730,.F.);
#524=ORIENTED_EDGE('',*,*,#2733,.F.);
#525=ORIENTED_EDGE('',*,*,#2773,.F.);
#526=ORIENTED_EDGE('',*,*,#2716,.F.);
#527=ORIENTED_EDGE('',*,*,#2720,.F.);
#528=ORIENTED_EDGE('',*,*,#2723,.F.);
#529=ORIENTED_EDGE('',*,*,#2771,.F.);
#530=ORIENTED_EDGE('',*,*,#2706,.F.);
#531=ORIENTED_EDGE('',*,*,#2710,.F.);
#532=ORIENTED_EDGE('',*,*,#2713,.F.);
#533=ORIENTED_EDGE('',*,*,#2769,.F.);
#534=ORIENTED_EDGE('',*,*,#2696,.F.);
#535=ORIENTED_EDGE('',*,*,#2700,.F.);
#536=ORIENTED_EDGE('',*,*,#2703,.F.);
#537=ORIENTED_EDGE('',*,*,#2767,.F.);
#538=ORIENTED_EDGE('',*,*,#2686,.F.);
#539=ORIENTED_EDGE('',*,*,#2690,.F.);
#540=ORIENTED_EDGE('',*,*,#2693,.F.);
#541=ORIENTED_EDGE('',*,*,#2765,.F.);
#542=ORIENTED_EDGE('',*,*,#2676,.F.);
#543=ORIENTED_EDGE('',*,*,#2680,.F.);
#544=ORIENTED_EDGE('',*,*,#2683,.F.);
#545=ORIENTED_EDGE('',*,*,#2763,.F.);
#546=ORIENTED_EDGE('',*,*,#2666,.F.);
#547=ORIENTED_EDGE('',*,*,#2670,.F.);
#548=ORIENTED_EDGE('',*,*,#2673,.F.);
#549=ORIENTED_EDGE('',*,*,#2761,.F.);
#550=ORIENTED_EDGE('',*,*,#2656,.F.);
#551=ORIENTED_EDGE('',*,*,#2660,.F.);
#552=ORIENTED_EDGE('',*,*,#2663,.F.);
#553=ORIENTED_EDGE('',*,*,#2759,.F.);
#554=ORIENTED_EDGE('',*,*,#2646,.F.);
#555=ORIENTED_EDGE('',*,*,#2650,.F.);
#556=ORIENTED_EDGE('',*,*,#2653,.F.);
#557=ORIENTED_EDGE('',*,*,#2757,.F.);
#558=ORIENTED_EDGE('',*,*,#2636,.F.);
#559=ORIENTED_EDGE('',*,*,#2640,.F.);
#560=ORIENTED_EDGE('',*,*,#2643,.F.);
#561=ORIENTED_EDGE('',*,*,#2755,.F.);
#562=ORIENTED_EDGE('',*,*,#2626,.F.);
#563=ORIENTED_EDGE('',*,*,#2630,.F.);
#564=ORIENTED_EDGE('',*,*,#2633,.F.);
#565=ORIENTED_EDGE('',*,*,#2753,.F.);
#566=ORIENTED_EDGE('',*,*,#2616,.F.);
#567=ORIENTED_EDGE('',*,*,#2620,.F.);
#568=ORIENTED_EDGE('',*,*,#2623,.F.);
#569=ORIENTED_EDGE('',*,*,#2751,.F.);
#570=ORIENTED_EDGE('',*,*,#2606,.F.);
#571=ORIENTED_EDGE('',*,*,#2610,.F.);
#572=ORIENTED_EDGE('',*,*,#2613,.F.);
#573=ORIENTED_EDGE('',*,*,#2749,.F.);
#574=ORIENTED_EDGE('',*,*,#2596,.F.);
#575=ORIENTED_EDGE('',*,*,#2600,.F.);
#576=ORIENTED_EDGE('',*,*,#2603,.F.);
#577=ORIENTED_EDGE('',*,*,#2747,.F.);
#578=ORIENTED_EDGE('',*,*,#2586,.F.);
#579=ORIENTED_EDGE('',*,*,#2590,.F.);
#580=ORIENTED_EDGE('',*,*,#2593,.F.);
#581=ORIENTED_EDGE('',*,*,#2745,.F.);
#582=ORIENTED_EDGE('',*,*,#2576,.F.);
#583=ORIENTED_EDGE('',*,*,#2580,.F.);
#584=ORIENTED_EDGE('',*,*,#2583,.F.);
#585=ORIENTED_EDGE('',*,*,#2743,.F.);
#586=ORIENTED_EDGE('',*,*,#2566,.F.);
#587=ORIENTED_EDGE('',*,*,#2570,.F.);
#588=ORIENTED_EDGE('',*,*,#2573,.F.);
#589=ORIENTED_EDGE('',*,*,#2741,.F.);
#590=ORIENTED_EDGE('',*,*,#2556,.F.);
#591=ORIENTED_EDGE('',*,*,#2560,.F.);
#592=ORIENTED_EDGE('',*,*,#2563,.F.);
#593=ORIENTED_EDGE('',*,*,#2739,.F.);
#594=ORIENTED_EDGE('',*,*,#2546,.F.);
#595=ORIENTED_EDGE('',*,*,#2550,.F.);
#596=ORIENTED_EDGE('',*,*,#2553,.F.);
#597=ORIENTED_EDGE('',*,*,#2737,.F.);
#598=ORIENTED_EDGE('',*,*,#2536,.F.);
#599=ORIENTED_EDGE('',*,*,#2540,.F.);
#600=ORIENTED_EDGE('',*,*,#2543,.F.);
#601=ORIENTED_EDGE('',*,*,#2735,.F.);
#602=ORIENTED_EDGE('',*,*,#2518,.T.);
#603=ORIENTED_EDGE('',*,*,#2521,.T.);
#604=ORIENTED_EDGE('',*,*,#2524,.T.);
#605=ORIENTED_EDGE('',*,*,#2501,.T.);
#606=ORIENTED_EDGE('',*,*,#2513,.F.);
#607=ORIENTED_EDGE('',*,*,#2775,.F.);
#608=ORIENTED_EDGE('',*,*,#2528,.F.);
#609=ORIENTED_EDGE('',*,*,#2497,.F.);
#610=ORIENTED_EDGE('',*,*,#2510,.T.);
#611=ORIENTED_EDGE('',*,*,#2503,.F.);
#612=ORIENTED_EDGE('',*,*,#2531,.F.);
#613=ORIENTED_EDGE('',*,*,#2776,.T.);
#614=ORIENTED_EDGE('',*,*,#2512,.T.);
#615=ORIENTED_EDGE('',*,*,#2777,.F.);
#616=ORIENTED_EDGE('',*,*,#2529,.F.);
#617=ORIENTED_EDGE('',*,*,#2775,.T.);
#618=ORIENTED_EDGE('',*,*,#2534,.T.);
#619=ORIENTED_EDGE('',*,*,#2734,.T.);
#620=ORIENTED_EDGE('',*,*,#2541,.T.);
#621=ORIENTED_EDGE('',*,*,#2538,.T.);
#622=ORIENTED_EDGE('',*,*,#2544,.T.);
#623=ORIENTED_EDGE('',*,*,#2736,.T.);
#624=ORIENTED_EDGE('',*,*,#2551,.T.);
#625=ORIENTED_EDGE('',*,*,#2548,.T.);
#626=ORIENTED_EDGE('',*,*,#2554,.T.);
#627=ORIENTED_EDGE('',*,*,#2738,.T.);
#628=ORIENTED_EDGE('',*,*,#2561,.T.);
#629=ORIENTED_EDGE('',*,*,#2558,.T.);
#630=ORIENTED_EDGE('',*,*,#2564,.T.);
#631=ORIENTED_EDGE('',*,*,#2740,.T.);
#632=ORIENTED_EDGE('',*,*,#2571,.T.);
#633=ORIENTED_EDGE('',*,*,#2568,.T.);
#634=ORIENTED_EDGE('',*,*,#2574,.T.);
#635=ORIENTED_EDGE('',*,*,#2742,.T.);
#636=ORIENTED_EDGE('',*,*,#2581,.T.);
#637=ORIENTED_EDGE('',*,*,#2578,.T.);
#638=ORIENTED_EDGE('',*,*,#2584,.T.);
#639=ORIENTED_EDGE('',*,*,#2744,.T.);
#640=ORIENTED_EDGE('',*,*,#2591,.T.);
#641=ORIENTED_EDGE('',*,*,#2588,.T.);
#642=ORIENTED_EDGE('',*,*,#2594,.T.);
#643=ORIENTED_EDGE('',*,*,#2746,.T.);
#644=ORIENTED_EDGE('',*,*,#2601,.T.);
#645=ORIENTED_EDGE('',*,*,#2598,.T.);
#646=ORIENTED_EDGE('',*,*,#2604,.T.);
#647=ORIENTED_EDGE('',*,*,#2748,.T.);
#648=ORIENTED_EDGE('',*,*,#2611,.T.);
#649=ORIENTED_EDGE('',*,*,#2608,.T.);
#650=ORIENTED_EDGE('',*,*,#2614,.T.);
#651=ORIENTED_EDGE('',*,*,#2750,.T.);
#652=ORIENTED_EDGE('',*,*,#2621,.T.);
#653=ORIENTED_EDGE('',*,*,#2618,.T.);
#654=ORIENTED_EDGE('',*,*,#2624,.T.);
#655=ORIENTED_EDGE('',*,*,#2752,.T.);
#656=ORIENTED_EDGE('',*,*,#2631,.T.);
#657=ORIENTED_EDGE('',*,*,#2628,.T.);
#658=ORIENTED_EDGE('',*,*,#2634,.T.);
#659=ORIENTED_EDGE('',*,*,#2754,.T.);
#660=ORIENTED_EDGE('',*,*,#2641,.T.);
#661=ORIENTED_EDGE('',*,*,#2638,.T.);
#662=ORIENTED_EDGE('',*,*,#2644,.T.);
#663=ORIENTED_EDGE('',*,*,#2756,.T.);
#664=ORIENTED_EDGE('',*,*,#2651,.T.);
#665=ORIENTED_EDGE('',*,*,#2648,.T.);
#666=ORIENTED_EDGE('',*,*,#2654,.T.);
#667=ORIENTED_EDGE('',*,*,#2758,.T.);
#668=ORIENTED_EDGE('',*,*,#2661,.T.);
#669=ORIENTED_EDGE('',*,*,#2658,.T.);
#670=ORIENTED_EDGE('',*,*,#2664,.T.);
#671=ORIENTED_EDGE('',*,*,#2760,.T.);
#672=ORIENTED_EDGE('',*,*,#2671,.T.);
#673=ORIENTED_EDGE('',*,*,#2668,.T.);
#674=ORIENTED_EDGE('',*,*,#2674,.T.);
#675=ORIENTED_EDGE('',*,*,#2762,.T.);
#676=ORIENTED_EDGE('',*,*,#2681,.T.);
#677=ORIENTED_EDGE('',*,*,#2678,.T.);
#678=ORIENTED_EDGE('',*,*,#2684,.T.);
#679=ORIENTED_EDGE('',*,*,#2764,.T.);
#680=ORIENTED_EDGE('',*,*,#2691,.T.);
#681=ORIENTED_EDGE('',*,*,#2688,.T.);
#682=ORIENTED_EDGE('',*,*,#2694,.T.);
#683=ORIENTED_EDGE('',*,*,#2766,.T.);
#684=ORIENTED_EDGE('',*,*,#2701,.T.);
#685=ORIENTED_EDGE('',*,*,#2698,.T.);
#686=ORIENTED_EDGE('',*,*,#2704,.T.);
#687=ORIENTED_EDGE('',*,*,#2768,.T.);
#688=ORIENTED_EDGE('',*,*,#2711,.T.);
#689=ORIENTED_EDGE('',*,*,#2708,.T.);
#690=ORIENTED_EDGE('',*,*,#2714,.T.);
#691=ORIENTED_EDGE('',*,*,#2770,.T.);
#692=ORIENTED_EDGE('',*,*,#2721,.T.);
#693=ORIENTED_EDGE('',*,*,#2718,.T.);
#694=ORIENTED_EDGE('',*,*,#2724,.T.);
#695=ORIENTED_EDGE('',*,*,#2772,.T.);
#696=ORIENTED_EDGE('',*,*,#2731,.T.);
#697=ORIENTED_EDGE('',*,*,#2728,.T.);
#698=ORIENTED_EDGE('',*,*,#2511,.T.);
#699=ORIENTED_EDGE('',*,*,#2776,.F.);
#700=ORIENTED_EDGE('',*,*,#2530,.F.);
#701=ORIENTED_EDGE('',*,*,#2777,.T.);
#702=ORIENTED_EDGE('',*,*,#2506,.T.);
#703=ORIENTED_EDGE('',*,*,#2499,.F.);
#704=ORIENTED_EDGE('',*,*,#2523,.F.);
#705=ORIENTED_EDGE('',*,*,#2778,.T.);
#706=ORIENTED_EDGE('',*,*,#2508,.T.);
#707=ORIENTED_EDGE('',*,*,#2779,.F.);
#708=ORIENTED_EDGE('',*,*,#2533,.F.);
#709=ORIENTED_EDGE('',*,*,#2774,.T.);
#710=ORIENTED_EDGE('',*,*,#2507,.T.);
#711=ORIENTED_EDGE('',*,*,#2778,.F.);
#712=ORIENTED_EDGE('',*,*,#2522,.F.);
#713=ORIENTED_EDGE('',*,*,#2779,.T.);
#714=ORIENTED_EDGE('',*,*,#2514,.T.);
#715=ORIENTED_EDGE('',*,*,#2495,.F.);
#716=ORIENTED_EDGE('',*,*,#2527,.F.);
#717=ORIENTED_EDGE('',*,*,#2780,.T.);
#718=ORIENTED_EDGE('',*,*,#2515,.T.);
#719=ORIENTED_EDGE('',*,*,#2780,.F.);
#720=ORIENTED_EDGE('',*,*,#2526,.F.);
#721=ORIENTED_EDGE('',*,*,#2781,.T.);
#722=ORIENTED_EDGE('',*,*,#2516,.T.);
#723=ORIENTED_EDGE('',*,*,#2781,.F.);
#724=ORIENTED_EDGE('',*,*,#2525,.F.);
#725=ORIENTED_EDGE('',*,*,#2519,.T.);
#726=ORIENTED_EDGE('',*,*,#2782,.F.);
#727=ORIENTED_EDGE('',*,*,#2783,.T.);
#728=ORIENTED_EDGE('',*,*,#2784,.F.);
#729=ORIENTED_EDGE('',*,*,#2785,.F.);
#730=ORIENTED_EDGE('',*,*,#2786,.F.);
#731=ORIENTED_EDGE('',*,*,#2787,.F.);
#732=ORIENTED_EDGE('',*,*,#2788,.T.);
#733=ORIENTED_EDGE('',*,*,#2789,.T.);
#734=ORIENTED_EDGE('',*,*,#2790,.F.);
#735=ORIENTED_EDGE('',*,*,#2791,.T.);
#736=ORIENTED_EDGE('',*,*,#2792,.F.);
#737=ORIENTED_EDGE('',*,*,#2793,.F.);
#738=ORIENTED_EDGE('',*,*,#2787,.T.);
#739=ORIENTED_EDGE('',*,*,#2794,.T.);
#740=ORIENTED_EDGE('',*,*,#2793,.T.);
#741=ORIENTED_EDGE('',*,*,#2795,.T.);
#742=ORIENTED_EDGE('',*,*,#2796,.T.);
#743=ORIENTED_EDGE('',*,*,#2797,.F.);
#744=ORIENTED_EDGE('',*,*,#2798,.T.);
#745=ORIENTED_EDGE('',*,*,#2799,.T.);
#746=ORIENTED_EDGE('',*,*,#2800,.T.);
#747=ORIENTED_EDGE('',*,*,#2801,.T.);
#748=ORIENTED_EDGE('',*,*,#2802,.T.);
#749=ORIENTED_EDGE('',*,*,#2803,.T.);
#750=ORIENTED_EDGE('',*,*,#2804,.T.);
#751=ORIENTED_EDGE('',*,*,#2805,.T.);
#752=ORIENTED_EDGE('',*,*,#2806,.T.);
#753=ORIENTED_EDGE('',*,*,#2807,.T.);
#754=ORIENTED_EDGE('',*,*,#2808,.T.);
#755=ORIENTED_EDGE('',*,*,#2809,.F.);
#756=ORIENTED_EDGE('',*,*,#2810,.T.);
#757=ORIENTED_EDGE('',*,*,#2811,.T.);
#758=ORIENTED_EDGE('',*,*,#2812,.F.);
#759=ORIENTED_EDGE('',*,*,#2789,.F.);
#760=ORIENTED_EDGE('',*,*,#2813,.F.);
#761=ORIENTED_EDGE('',*,*,#2814,.F.);
#762=ORIENTED_EDGE('',*,*,#2815,.T.);
#763=ORIENTED_EDGE('',*,*,#2816,.F.);
#764=ORIENTED_EDGE('',*,*,#2817,.F.);
#765=ORIENTED_EDGE('',*,*,#2818,.F.);
#766=ORIENTED_EDGE('',*,*,#2819,.F.);
#767=ORIENTED_EDGE('',*,*,#2820,.F.);
#768=ORIENTED_EDGE('',*,*,#2821,.F.);
#769=ORIENTED_EDGE('',*,*,#2822,.F.);
#770=ORIENTED_EDGE('',*,*,#2823,.F.);
#771=ORIENTED_EDGE('',*,*,#2824,.F.);
#772=ORIENTED_EDGE('',*,*,#2825,.F.);
#773=ORIENTED_EDGE('',*,*,#2826,.F.);
#774=ORIENTED_EDGE('',*,*,#2827,.T.);
#775=ORIENTED_EDGE('',*,*,#2828,.F.);
#776=ORIENTED_EDGE('',*,*,#2829,.F.);
#777=ORIENTED_EDGE('',*,*,#2783,.F.);
#778=ORIENTED_EDGE('',*,*,#2830,.F.);
#779=ORIENTED_EDGE('',*,*,#2831,.F.);
#780=ORIENTED_EDGE('',*,*,#2832,.F.);
#781=ORIENTED_EDGE('',*,*,#2791,.F.);
#782=ORIENTED_EDGE('',*,*,#2833,.F.);
#783=ORIENTED_EDGE('',*,*,#2834,.F.);
#784=ORIENTED_EDGE('',*,*,#2835,.F.);
#785=ORIENTED_EDGE('',*,*,#2831,.T.);
#786=ORIENTED_EDGE('',*,*,#2834,.T.);
#787=ORIENTED_EDGE('',*,*,#2836,.T.);
#788=ORIENTED_EDGE('',*,*,#2785,.T.);
#789=ORIENTED_EDGE('',*,*,#2837,.T.);
#790=ORIENTED_EDGE('',*,*,#2838,.F.);
#791=ORIENTED_EDGE('',*,*,#2839,.T.);
#792=ORIENTED_EDGE('',*,*,#2840,.T.);
#793=ORIENTED_EDGE('',*,*,#2841,.F.);
#794=ORIENTED_EDGE('',*,*,#2842,.F.);
#795=ORIENTED_EDGE('',*,*,#2843,.T.);
#796=ORIENTED_EDGE('',*,*,#2844,.T.);
#797=ORIENTED_EDGE('',*,*,#2845,.F.);
#798=ORIENTED_EDGE('',*,*,#2846,.F.);
#799=ORIENTED_EDGE('',*,*,#2847,.T.);
#800=ORIENTED_EDGE('',*,*,#2848,.T.);
#801=ORIENTED_EDGE('',*,*,#2849,.F.);
#802=ORIENTED_EDGE('',*,*,#2850,.F.);
#803=ORIENTED_EDGE('',*,*,#2851,.T.);
#804=ORIENTED_EDGE('',*,*,#2852,.T.);
#805=ORIENTED_EDGE('',*,*,#2853,.F.);
#806=ORIENTED_EDGE('',*,*,#2854,.F.);
#807=ORIENTED_EDGE('',*,*,#2855,.T.);
#808=ORIENTED_EDGE('',*,*,#2856,.T.);
#809=ORIENTED_EDGE('',*,*,#2857,.F.);
#810=ORIENTED_EDGE('',*,*,#2858,.F.);
#811=ORIENTED_EDGE('',*,*,#2859,.T.);
#812=ORIENTED_EDGE('',*,*,#2860,.T.);
#813=ORIENTED_EDGE('',*,*,#2861,.F.);
#814=ORIENTED_EDGE('',*,*,#2862,.F.);
#815=ORIENTED_EDGE('',*,*,#2863,.T.);
#816=ORIENTED_EDGE('',*,*,#2864,.T.);
#817=ORIENTED_EDGE('',*,*,#2865,.F.);
#818=ORIENTED_EDGE('',*,*,#2866,.F.);
#819=ORIENTED_EDGE('',*,*,#2867,.T.);
#820=ORIENTED_EDGE('',*,*,#2868,.T.);
#821=ORIENTED_EDGE('',*,*,#2869,.F.);
#822=ORIENTED_EDGE('',*,*,#2870,.T.);
#823=ORIENTED_EDGE('',*,*,#2871,.T.);
#824=ORIENTED_EDGE('',*,*,#2872,.F.);
#825=ORIENTED_EDGE('',*,*,#2873,.F.);
#826=ORIENTED_EDGE('',*,*,#2874,.T.);
#827=ORIENTED_EDGE('',*,*,#2875,.T.);
#828=ORIENTED_EDGE('',*,*,#2876,.F.);
#829=ORIENTED_EDGE('',*,*,#2877,.F.);
#830=ORIENTED_EDGE('',*,*,#2878,.T.);
#831=ORIENTED_EDGE('',*,*,#2879,.T.);
#832=ORIENTED_EDGE('',*,*,#2880,.F.);
#833=ORIENTED_EDGE('',*,*,#2881,.F.);
#834=ORIENTED_EDGE('',*,*,#2882,.T.);
#835=ORIENTED_EDGE('',*,*,#2883,.T.);
#836=ORIENTED_EDGE('',*,*,#2884,.F.);
#837=ORIENTED_EDGE('',*,*,#2885,.F.);
#838=ORIENTED_EDGE('',*,*,#2886,.T.);
#839=ORIENTED_EDGE('',*,*,#2887,.T.);
#840=ORIENTED_EDGE('',*,*,#2888,.F.);
#841=ORIENTED_EDGE('',*,*,#2889,.F.);
#842=ORIENTED_EDGE('',*,*,#2890,.T.);
#843=ORIENTED_EDGE('',*,*,#2891,.T.);
#844=ORIENTED_EDGE('',*,*,#2892,.F.);
#845=ORIENTED_EDGE('',*,*,#2893,.F.);
#846=ORIENTED_EDGE('',*,*,#2894,.T.);
#847=ORIENTED_EDGE('',*,*,#2895,.T.);
#848=ORIENTED_EDGE('',*,*,#2896,.F.);
#849=ORIENTED_EDGE('',*,*,#2897,.F.);
#850=ORIENTED_EDGE('',*,*,#2837,.F.);
#851=ORIENTED_EDGE('',*,*,#2784,.T.);
#852=ORIENTED_EDGE('',*,*,#2829,.T.);
#853=ORIENTED_EDGE('',*,*,#2898,.F.);
#854=ORIENTED_EDGE('',*,*,#2899,.T.);
#855=ORIENTED_EDGE('',*,*,#2900,.T.);
#856=ORIENTED_EDGE('',*,*,#2821,.T.);
#857=ORIENTED_EDGE('',*,*,#2901,.F.);
#858=ORIENTED_EDGE('',*,*,#2902,.T.);
#859=ORIENTED_EDGE('',*,*,#2903,.T.);
#860=ORIENTED_EDGE('',*,*,#2813,.T.);
#861=ORIENTED_EDGE('',*,*,#2788,.F.);
#862=ORIENTED_EDGE('',*,*,#2811,.F.);
#863=ORIENTED_EDGE('',*,*,#2904,.T.);
#864=ORIENTED_EDGE('',*,*,#2905,.F.);
#865=ORIENTED_EDGE('',*,*,#2906,.F.);
#866=ORIENTED_EDGE('',*,*,#2803,.F.);
#867=ORIENTED_EDGE('',*,*,#2907,.T.);
#868=ORIENTED_EDGE('',*,*,#2908,.F.);
#869=ORIENTED_EDGE('',*,*,#2909,.F.);
#870=ORIENTED_EDGE('',*,*,#2795,.F.);
#871=ORIENTED_EDGE('',*,*,#2792,.T.);
#872=ORIENTED_EDGE('',*,*,#2832,.T.);
#873=ORIENTED_EDGE('',*,*,#2835,.T.);
#874=ORIENTED_EDGE('',*,*,#2910,.T.);
#875=ORIENTED_EDGE('',*,*,#2911,.T.);
#876=ORIENTED_EDGE('',*,*,#2912,.F.);
#877=ORIENTED_EDGE('',*,*,#2799,.F.);
#878=ORIENTED_EDGE('',*,*,#2913,.F.);
#879=ORIENTED_EDGE('',*,*,#2914,.T.);
#880=ORIENTED_EDGE('',*,*,#2915,.T.);
#881=ORIENTED_EDGE('',*,*,#2916,.T.);
#882=ORIENTED_EDGE('',*,*,#2917,.F.);
#883=ORIENTED_EDGE('',*,*,#2918,.T.);
#884=ORIENTED_EDGE('',*,*,#2919,.T.);
#885=ORIENTED_EDGE('',*,*,#2920,.T.);
#886=ORIENTED_EDGE('',*,*,#2921,.F.);
#887=ORIENTED_EDGE('',*,*,#2922,.T.);
#888=ORIENTED_EDGE('',*,*,#2923,.T.);
#889=ORIENTED_EDGE('',*,*,#2924,.T.);
#890=ORIENTED_EDGE('',*,*,#2925,.F.);
#891=ORIENTED_EDGE('',*,*,#2926,.T.);
#892=ORIENTED_EDGE('',*,*,#2927,.T.);
#893=ORIENTED_EDGE('',*,*,#2928,.T.);
#894=ORIENTED_EDGE('',*,*,#2929,.F.);
#895=ORIENTED_EDGE('',*,*,#2930,.T.);
#896=ORIENTED_EDGE('',*,*,#2931,.T.);
#897=ORIENTED_EDGE('',*,*,#2932,.T.);
#898=ORIENTED_EDGE('',*,*,#2933,.F.);
#899=ORIENTED_EDGE('',*,*,#2934,.T.);
#900=ORIENTED_EDGE('',*,*,#2935,.T.);
#901=ORIENTED_EDGE('',*,*,#2936,.T.);
#902=ORIENTED_EDGE('',*,*,#2937,.F.);
#903=ORIENTED_EDGE('',*,*,#2938,.T.);
#904=ORIENTED_EDGE('',*,*,#2939,.T.);
#905=ORIENTED_EDGE('',*,*,#2940,.T.);
#906=ORIENTED_EDGE('',*,*,#2912,.T.);
#907=ORIENTED_EDGE('',*,*,#2941,.T.);
#908=ORIENTED_EDGE('',*,*,#2942,.F.);
#909=ORIENTED_EDGE('',*,*,#2800,.F.);
#910=ORIENTED_EDGE('',*,*,#2943,.F.);
#911=ORIENTED_EDGE('',*,*,#2944,.F.);
#912=ORIENTED_EDGE('',*,*,#2913,.T.);
#913=ORIENTED_EDGE('',*,*,#2945,.T.);
#914=ORIENTED_EDGE('',*,*,#2946,.F.);
#915=ORIENTED_EDGE('',*,*,#2947,.F.);
#916=ORIENTED_EDGE('',*,*,#2917,.T.);
#917=ORIENTED_EDGE('',*,*,#2948,.T.);
#918=ORIENTED_EDGE('',*,*,#2949,.F.);
#919=ORIENTED_EDGE('',*,*,#2950,.F.);
#920=ORIENTED_EDGE('',*,*,#2921,.T.);
#921=ORIENTED_EDGE('',*,*,#2951,.T.);
#922=ORIENTED_EDGE('',*,*,#2952,.F.);
#923=ORIENTED_EDGE('',*,*,#2953,.F.);
#924=ORIENTED_EDGE('',*,*,#2925,.T.);
#925=ORIENTED_EDGE('',*,*,#2954,.T.);
#926=ORIENTED_EDGE('',*,*,#2955,.F.);
#927=ORIENTED_EDGE('',*,*,#2956,.F.);
#928=ORIENTED_EDGE('',*,*,#2929,.T.);
#929=ORIENTED_EDGE('',*,*,#2957,.T.);
#930=ORIENTED_EDGE('',*,*,#2958,.F.);
#931=ORIENTED_EDGE('',*,*,#2959,.F.);
#932=ORIENTED_EDGE('',*,*,#2933,.T.);
#933=ORIENTED_EDGE('',*,*,#2960,.T.);
#934=ORIENTED_EDGE('',*,*,#2961,.F.);
#935=ORIENTED_EDGE('',*,*,#2962,.F.);
#936=ORIENTED_EDGE('',*,*,#2937,.T.);
#937=ORIENTED_EDGE('',*,*,#2963,.T.);
#938=ORIENTED_EDGE('',*,*,#2942,.T.);
#939=ORIENTED_EDGE('',*,*,#2964,.T.);
#940=ORIENTED_EDGE('',*,*,#2965,.F.);
#941=ORIENTED_EDGE('',*,*,#2801,.F.);
#942=ORIENTED_EDGE('',*,*,#2966,.F.);
#943=ORIENTED_EDGE('',*,*,#2967,.T.);
#944=ORIENTED_EDGE('',*,*,#2943,.T.);
#945=ORIENTED_EDGE('',*,*,#2968,.T.);
#946=ORIENTED_EDGE('',*,*,#2969,.F.);
#947=ORIENTED_EDGE('',*,*,#2970,.T.);
#948=ORIENTED_EDGE('',*,*,#2946,.T.);
#949=ORIENTED_EDGE('',*,*,#2971,.T.);
#950=ORIENTED_EDGE('',*,*,#2972,.F.);
#951=ORIENTED_EDGE('',*,*,#2973,.T.);
#952=ORIENTED_EDGE('',*,*,#2949,.T.);
#953=ORIENTED_EDGE('',*,*,#2974,.T.);
#954=ORIENTED_EDGE('',*,*,#2975,.F.);
#955=ORIENTED_EDGE('',*,*,#2976,.T.);
#956=ORIENTED_EDGE('',*,*,#2952,.T.);
#957=ORIENTED_EDGE('',*,*,#2977,.T.);
#958=ORIENTED_EDGE('',*,*,#2978,.F.);
#959=ORIENTED_EDGE('',*,*,#2979,.T.);
#960=ORIENTED_EDGE('',*,*,#2955,.T.);
#961=ORIENTED_EDGE('',*,*,#2980,.T.);
#962=ORIENTED_EDGE('',*,*,#2981,.F.);
#963=ORIENTED_EDGE('',*,*,#2982,.T.);
#964=ORIENTED_EDGE('',*,*,#2958,.T.);
#965=ORIENTED_EDGE('',*,*,#2983,.T.);
#966=ORIENTED_EDGE('',*,*,#2984,.F.);
#967=ORIENTED_EDGE('',*,*,#2985,.T.);
#968=ORIENTED_EDGE('',*,*,#2961,.T.);
#969=ORIENTED_EDGE('',*,*,#2986,.T.);
#970=ORIENTED_EDGE('',*,*,#2965,.T.);
#971=ORIENTED_EDGE('',*,*,#2987,.T.);
#972=ORIENTED_EDGE('',*,*,#2907,.F.);
#973=ORIENTED_EDGE('',*,*,#2802,.F.);
#974=ORIENTED_EDGE('',*,*,#2895,.F.);
#975=ORIENTED_EDGE('',*,*,#2988,.T.);
#976=ORIENTED_EDGE('',*,*,#2966,.T.);
#977=ORIENTED_EDGE('',*,*,#2989,.T.);
#978=ORIENTED_EDGE('',*,*,#2891,.F.);
#979=ORIENTED_EDGE('',*,*,#2990,.T.);
#980=ORIENTED_EDGE('',*,*,#2969,.T.);
#981=ORIENTED_EDGE('',*,*,#2991,.T.);
#982=ORIENTED_EDGE('',*,*,#2887,.F.);
#983=ORIENTED_EDGE('',*,*,#2992,.T.);
#984=ORIENTED_EDGE('',*,*,#2972,.T.);
#985=ORIENTED_EDGE('',*,*,#2993,.T.);
#986=ORIENTED_EDGE('',*,*,#2883,.F.);
#987=ORIENTED_EDGE('',*,*,#2994,.T.);
#988=ORIENTED_EDGE('',*,*,#2975,.T.);
#989=ORIENTED_EDGE('',*,*,#2995,.T.);
#990=ORIENTED_EDGE('',*,*,#2879,.F.);
#991=ORIENTED_EDGE('',*,*,#2996,.T.);
#992=ORIENTED_EDGE('',*,*,#2978,.T.);
#993=ORIENTED_EDGE('',*,*,#2997,.T.);
#994=ORIENTED_EDGE('',*,*,#2875,.F.);
#995=ORIENTED_EDGE('',*,*,#2998,.T.);
#996=ORIENTED_EDGE('',*,*,#2981,.T.);
#997=ORIENTED_EDGE('',*,*,#2999,.T.);
#998=ORIENTED_EDGE('',*,*,#2871,.F.);
#999=ORIENTED_EDGE('',*,*,#3000,.T.);
#1000=ORIENTED_EDGE('',*,*,#2984,.T.);
#1001=ORIENTED_EDGE('',*,*,#3001,.T.);
#1002=ORIENTED_EDGE('',*,*,#2906,.T.);
#1003=ORIENTED_EDGE('',*,*,#3002,.T.);
#1004=ORIENTED_EDGE('',*,*,#3003,.F.);
#1005=ORIENTED_EDGE('',*,*,#2804,.F.);
#1006=ORIENTED_EDGE('',*,*,#3004,.F.);
#1007=ORIENTED_EDGE('',*,*,#3005,.T.);
#1008=ORIENTED_EDGE('',*,*,#2866,.T.);
#1009=ORIENTED_EDGE('',*,*,#3006,.T.);
#1010=ORIENTED_EDGE('',*,*,#3007,.F.);
#1011=ORIENTED_EDGE('',*,*,#3008,.T.);
#1012=ORIENTED_EDGE('',*,*,#2862,.T.);
#1013=ORIENTED_EDGE('',*,*,#3009,.T.);
#1014=ORIENTED_EDGE('',*,*,#3010,.F.);
#1015=ORIENTED_EDGE('',*,*,#3011,.T.);
#1016=ORIENTED_EDGE('',*,*,#2858,.T.);
#1017=ORIENTED_EDGE('',*,*,#3012,.T.);
#1018=ORIENTED_EDGE('',*,*,#3013,.F.);
#1019=ORIENTED_EDGE('',*,*,#3014,.T.);
#1020=ORIENTED_EDGE('',*,*,#2854,.T.);
#1021=ORIENTED_EDGE('',*,*,#3015,.T.);
#1022=ORIENTED_EDGE('',*,*,#3016,.F.);
#1023=ORIENTED_EDGE('',*,*,#3017,.T.);
#1024=ORIENTED_EDGE('',*,*,#2850,.T.);
#1025=ORIENTED_EDGE('',*,*,#3018,.T.);
#1026=ORIENTED_EDGE('',*,*,#3019,.F.);
#1027=ORIENTED_EDGE('',*,*,#3020,.T.);
#1028=ORIENTED_EDGE('',*,*,#2846,.T.);
#1029=ORIENTED_EDGE('',*,*,#3021,.T.);
#1030=ORIENTED_EDGE('',*,*,#3022,.F.);
#1031=ORIENTED_EDGE('',*,*,#3023,.T.);
#1032=ORIENTED_EDGE('',*,*,#2842,.T.);
#1033=ORIENTED_EDGE('',*,*,#3024,.T.);
#1034=ORIENTED_EDGE('',*,*,#3025,.F.);
#1035=ORIENTED_EDGE('',*,*,#3026,.T.);
#1036=ORIENTED_EDGE('',*,*,#2838,.T.);
#1037=ORIENTED_EDGE('',*,*,#3027,.T.);
#1038=ORIENTED_EDGE('',*,*,#3003,.T.);
#1039=ORIENTED_EDGE('',*,*,#3028,.T.);
#1040=ORIENTED_EDGE('',*,*,#3029,.F.);
#1041=ORIENTED_EDGE('',*,*,#2805,.F.);
#1042=ORIENTED_EDGE('',*,*,#3030,.F.);
#1043=ORIENTED_EDGE('',*,*,#3031,.T.);
#1044=ORIENTED_EDGE('',*,*,#3004,.T.);
#1045=ORIENTED_EDGE('',*,*,#3032,.T.);
#1046=ORIENTED_EDGE('',*,*,#3033,.F.);
#1047=ORIENTED_EDGE('',*,*,#3034,.T.);
#1048=ORIENTED_EDGE('',*,*,#3007,.T.);
#1049=ORIENTED_EDGE('',*,*,#3035,.T.);
#1050=ORIENTED_EDGE('',*,*,#3036,.F.);
#1051=ORIENTED_EDGE('',*,*,#3037,.T.);
#1052=ORIENTED_EDGE('',*,*,#3010,.T.);
#1053=ORIENTED_EDGE('',*,*,#3038,.T.);
#1054=ORIENTED_EDGE('',*,*,#3039,.F.);
#1055=ORIENTED_EDGE('',*,*,#3040,.T.);
#1056=ORIENTED_EDGE('',*,*,#3013,.T.);
#1057=ORIENTED_EDGE('',*,*,#3041,.T.);
#1058=ORIENTED_EDGE('',*,*,#3042,.F.);
#1059=ORIENTED_EDGE('',*,*,#3043,.T.);
#1060=ORIENTED_EDGE('',*,*,#3016,.T.);
#1061=ORIENTED_EDGE('',*,*,#3044,.T.);
#1062=ORIENTED_EDGE('',*,*,#3045,.F.);
#1063=ORIENTED_EDGE('',*,*,#3046,.T.);
#1064=ORIENTED_EDGE('',*,*,#3019,.T.);
#1065=ORIENTED_EDGE('',*,*,#3047,.T.);
#1066=ORIENTED_EDGE('',*,*,#3048,.F.);
#1067=ORIENTED_EDGE('',*,*,#3049,.T.);
#1068=ORIENTED_EDGE('',*,*,#3022,.T.);
#1069=ORIENTED_EDGE('',*,*,#3050,.T.);
#1070=ORIENTED_EDGE('',*,*,#3051,.F.);
#1071=ORIENTED_EDGE('',*,*,#3052,.T.);
#1072=ORIENTED_EDGE('',*,*,#3025,.T.);
#1073=ORIENTED_EDGE('',*,*,#3053,.T.);
#1074=ORIENTED_EDGE('',*,*,#3029,.T.);
#1075=ORIENTED_EDGE('',*,*,#3054,.T.);
#1076=ORIENTED_EDGE('',*,*,#3055,.F.);
#1077=ORIENTED_EDGE('',*,*,#2806,.F.);
#1078=ORIENTED_EDGE('',*,*,#3056,.F.);
#1079=ORIENTED_EDGE('',*,*,#3057,.F.);
#1080=ORIENTED_EDGE('',*,*,#3030,.T.);
#1081=ORIENTED_EDGE('',*,*,#3058,.T.);
#1082=ORIENTED_EDGE('',*,*,#3059,.F.);
#1083=ORIENTED_EDGE('',*,*,#3060,.F.);
#1084=ORIENTED_EDGE('',*,*,#3033,.T.);
#1085=ORIENTED_EDGE('',*,*,#3061,.T.);
#1086=ORIENTED_EDGE('',*,*,#3062,.F.);
#1087=ORIENTED_EDGE('',*,*,#3063,.F.);
#1088=ORIENTED_EDGE('',*,*,#3036,.T.);
#1089=ORIENTED_EDGE('',*,*,#3064,.T.);
#1090=ORIENTED_EDGE('',*,*,#3065,.F.);
#1091=ORIENTED_EDGE('',*,*,#3066,.F.);
#1092=ORIENTED_EDGE('',*,*,#3039,.T.);
#1093=ORIENTED_EDGE('',*,*,#3067,.T.);
#1094=ORIENTED_EDGE('',*,*,#3068,.F.);
#1095=ORIENTED_EDGE('',*,*,#3069,.F.);
#1096=ORIENTED_EDGE('',*,*,#3042,.T.);
#1097=ORIENTED_EDGE('',*,*,#3070,.T.);
#1098=ORIENTED_EDGE('',*,*,#3071,.F.);
#1099=ORIENTED_EDGE('',*,*,#3072,.F.);
#1100=ORIENTED_EDGE('',*,*,#3045,.T.);
#1101=ORIENTED_EDGE('',*,*,#3073,.T.);
#1102=ORIENTED_EDGE('',*,*,#3074,.F.);
#1103=ORIENTED_EDGE('',*,*,#3075,.F.);
#1104=ORIENTED_EDGE('',*,*,#3048,.T.);
#1105=ORIENTED_EDGE('',*,*,#3076,.T.);
#1106=ORIENTED_EDGE('',*,*,#3077,.F.);
#1107=ORIENTED_EDGE('',*,*,#3078,.F.);
#1108=ORIENTED_EDGE('',*,*,#3051,.T.);
#1109=ORIENTED_EDGE('',*,*,#3079,.T.);
#1110=ORIENTED_EDGE('',*,*,#3055,.T.);
#1111=ORIENTED_EDGE('',*,*,#3080,.T.);
#1112=ORIENTED_EDGE('',*,*,#3081,.F.);
#1113=ORIENTED_EDGE('',*,*,#2807,.F.);
#1114=ORIENTED_EDGE('',*,*,#3082,.F.);
#1115=ORIENTED_EDGE('',*,*,#3083,.T.);
#1116=ORIENTED_EDGE('',*,*,#3056,.T.);
#1117=ORIENTED_EDGE('',*,*,#3084,.T.);
#1118=ORIENTED_EDGE('',*,*,#3085,.F.);
#1119=ORIENTED_EDGE('',*,*,#3086,.T.);
#1120=ORIENTED_EDGE('',*,*,#3059,.T.);
#1121=ORIENTED_EDGE('',*,*,#3087,.T.);
#1122=ORIENTED_EDGE('',*,*,#3088,.F.);
#1123=ORIENTED_EDGE('',*,*,#3089,.T.);
#1124=ORIENTED_EDGE('',*,*,#3062,.T.);
#1125=ORIENTED_EDGE('',*,*,#3090,.T.);
#1126=ORIENTED_EDGE('',*,*,#3091,.F.);
#1127=ORIENTED_EDGE('',*,*,#3092,.T.);
#1128=ORIENTED_EDGE('',*,*,#3065,.T.);
#1129=ORIENTED_EDGE('',*,*,#3093,.T.);
#1130=ORIENTED_EDGE('',*,*,#3094,.F.);
#1131=ORIENTED_EDGE('',*,*,#3095,.T.);
#1132=ORIENTED_EDGE('',*,*,#3068,.T.);
#1133=ORIENTED_EDGE('',*,*,#3096,.T.);
#1134=ORIENTED_EDGE('',*,*,#3097,.F.);
#1135=ORIENTED_EDGE('',*,*,#3098,.T.);
#1136=ORIENTED_EDGE('',*,*,#3071,.T.);
#1137=ORIENTED_EDGE('',*,*,#3099,.T.);
#1138=ORIENTED_EDGE('',*,*,#3100,.F.);
#1139=ORIENTED_EDGE('',*,*,#3101,.T.);
#1140=ORIENTED_EDGE('',*,*,#3074,.T.);
#1141=ORIENTED_EDGE('',*,*,#3102,.T.);
#1142=ORIENTED_EDGE('',*,*,#3103,.F.);
#1143=ORIENTED_EDGE('',*,*,#3104,.T.);
#1144=ORIENTED_EDGE('',*,*,#3077,.T.);
#1145=ORIENTED_EDGE('',*,*,#3105,.T.);
#1146=ORIENTED_EDGE('',*,*,#3081,.T.);
#1147=ORIENTED_EDGE('',*,*,#3106,.T.);
#1148=ORIENTED_EDGE('',*,*,#3107,.F.);
#1149=ORIENTED_EDGE('',*,*,#2808,.F.);
#1150=ORIENTED_EDGE('',*,*,#3108,.F.);
#1151=ORIENTED_EDGE('',*,*,#3109,.T.);
#1152=ORIENTED_EDGE('',*,*,#3082,.T.);
#1153=ORIENTED_EDGE('',*,*,#3110,.T.);
#1154=ORIENTED_EDGE('',*,*,#3111,.F.);
#1155=ORIENTED_EDGE('',*,*,#3112,.T.);
#1156=ORIENTED_EDGE('',*,*,#3085,.T.);
#1157=ORIENTED_EDGE('',*,*,#3113,.T.);
#1158=ORIENTED_EDGE('',*,*,#3114,.F.);
#1159=ORIENTED_EDGE('',*,*,#3115,.T.);
#1160=ORIENTED_EDGE('',*,*,#3088,.T.);
#1161=ORIENTED_EDGE('',*,*,#3116,.T.);
#1162=ORIENTED_EDGE('',*,*,#3117,.F.);
#1163=ORIENTED_EDGE('',*,*,#3118,.T.);
#1164=ORIENTED_EDGE('',*,*,#3091,.T.);
#1165=ORIENTED_EDGE('',*,*,#3119,.T.);
#1166=ORIENTED_EDGE('',*,*,#3120,.F.);
#1167=ORIENTED_EDGE('',*,*,#3121,.T.);
#1168=ORIENTED_EDGE('',*,*,#3094,.T.);
#1169=ORIENTED_EDGE('',*,*,#3122,.T.);
#1170=ORIENTED_EDGE('',*,*,#3123,.F.);
#1171=ORIENTED_EDGE('',*,*,#3124,.T.);
#1172=ORIENTED_EDGE('',*,*,#3097,.T.);
#1173=ORIENTED_EDGE('',*,*,#3125,.T.);
#1174=ORIENTED_EDGE('',*,*,#3126,.F.);
#1175=ORIENTED_EDGE('',*,*,#3127,.T.);
#1176=ORIENTED_EDGE('',*,*,#3100,.T.);
#1177=ORIENTED_EDGE('',*,*,#3128,.T.);
#1178=ORIENTED_EDGE('',*,*,#3129,.F.);
#1179=ORIENTED_EDGE('',*,*,#3130,.T.);
#1180=ORIENTED_EDGE('',*,*,#3103,.T.);
#1181=ORIENTED_EDGE('',*,*,#3131,.T.);
#1182=ORIENTED_EDGE('',*,*,#3132,.F.);
#1183=ORIENTED_EDGE('',*,*,#3133,.F.);
#1184=ORIENTED_EDGE('',*,*,#2809,.T.);
#1185=ORIENTED_EDGE('',*,*,#3107,.T.);
#1186=ORIENTED_EDGE('',*,*,#3134,.F.);
#1187=ORIENTED_EDGE('',*,*,#3108,.T.);
#1188=ORIENTED_EDGE('',*,*,#3135,.F.);
#1189=ORIENTED_EDGE('',*,*,#3136,.F.);
#1190=ORIENTED_EDGE('',*,*,#3137,.F.);
#1191=ORIENTED_EDGE('',*,*,#3111,.T.);
#1192=ORIENTED_EDGE('',*,*,#3138,.F.);
#1193=ORIENTED_EDGE('',*,*,#3139,.F.);
#1194=ORIENTED_EDGE('',*,*,#3140,.F.);
#1195=ORIENTED_EDGE('',*,*,#3114,.T.);
#1196=ORIENTED_EDGE('',*,*,#3141,.F.);
#1197=ORIENTED_EDGE('',*,*,#3142,.F.);
#1198=ORIENTED_EDGE('',*,*,#3143,.F.);
#1199=ORIENTED_EDGE('',*,*,#3117,.T.);
#1200=ORIENTED_EDGE('',*,*,#3144,.F.);
#1201=ORIENTED_EDGE('',*,*,#3145,.F.);
#1202=ORIENTED_EDGE('',*,*,#3146,.F.);
#1203=ORIENTED_EDGE('',*,*,#3120,.T.);
#1204=ORIENTED_EDGE('',*,*,#3147,.F.);
#1205=ORIENTED_EDGE('',*,*,#3148,.F.);
#1206=ORIENTED_EDGE('',*,*,#3149,.F.);
#1207=ORIENTED_EDGE('',*,*,#3123,.T.);
#1208=ORIENTED_EDGE('',*,*,#3150,.F.);
#1209=ORIENTED_EDGE('',*,*,#3151,.F.);
#1210=ORIENTED_EDGE('',*,*,#3152,.F.);
#1211=ORIENTED_EDGE('',*,*,#3126,.T.);
#1212=ORIENTED_EDGE('',*,*,#3153,.F.);
#1213=ORIENTED_EDGE('',*,*,#3154,.F.);
#1214=ORIENTED_EDGE('',*,*,#3155,.F.);
#1215=ORIENTED_EDGE('',*,*,#3129,.T.);
#1216=ORIENTED_EDGE('',*,*,#3156,.F.);
#1217=ORIENTED_EDGE('',*,*,#3157,.F.);
#1218=ORIENTED_EDGE('',*,*,#3133,.T.);
#1219=ORIENTED_EDGE('',*,*,#3158,.T.);
#1220=ORIENTED_EDGE('',*,*,#2904,.F.);
#1221=ORIENTED_EDGE('',*,*,#2810,.F.);
#1222=ORIENTED_EDGE('',*,*,#2868,.F.);
#1223=ORIENTED_EDGE('',*,*,#3159,.T.);
#1224=ORIENTED_EDGE('',*,*,#3136,.T.);
#1225=ORIENTED_EDGE('',*,*,#3160,.T.);
#1226=ORIENTED_EDGE('',*,*,#2864,.F.);
#1227=ORIENTED_EDGE('',*,*,#3161,.T.);
#1228=ORIENTED_EDGE('',*,*,#3139,.T.);
#1229=ORIENTED_EDGE('',*,*,#3162,.T.);
#1230=ORIENTED_EDGE('',*,*,#2860,.F.);
#1231=ORIENTED_EDGE('',*,*,#3163,.T.);
#1232=ORIENTED_EDGE('',*,*,#3142,.T.);
#1233=ORIENTED_EDGE('',*,*,#3164,.T.);
#1234=ORIENTED_EDGE('',*,*,#2856,.F.);
#1235=ORIENTED_EDGE('',*,*,#3165,.T.);
#1236=ORIENTED_EDGE('',*,*,#3145,.T.);
#1237=ORIENTED_EDGE('',*,*,#3166,.T.);
#1238=ORIENTED_EDGE('',*,*,#2852,.F.);
#1239=ORIENTED_EDGE('',*,*,#3167,.T.);
#1240=ORIENTED_EDGE('',*,*,#3148,.T.);
#1241=ORIENTED_EDGE('',*,*,#3168,.T.);
#1242=ORIENTED_EDGE('',*,*,#2848,.F.);
#1243=ORIENTED_EDGE('',*,*,#3169,.T.);
#1244=ORIENTED_EDGE('',*,*,#3151,.T.);
#1245=ORIENTED_EDGE('',*,*,#3170,.T.);
#1246=ORIENTED_EDGE('',*,*,#2844,.F.);
#1247=ORIENTED_EDGE('',*,*,#3171,.T.);
#1248=ORIENTED_EDGE('',*,*,#3154,.T.);
#1249=ORIENTED_EDGE('',*,*,#3172,.T.);
#1250=ORIENTED_EDGE('',*,*,#2840,.F.);
#1251=ORIENTED_EDGE('',*,*,#3173,.T.);
#1252=ORIENTED_EDGE('',*,*,#3157,.T.);
#1253=ORIENTED_EDGE('',*,*,#3174,.T.);
#1254=ORIENTED_EDGE('',*,*,#2909,.T.);
#1255=ORIENTED_EDGE('',*,*,#3175,.T.);
#1256=ORIENTED_EDGE('',*,*,#3176,.F.);
#1257=ORIENTED_EDGE('',*,*,#2796,.F.);
#1258=ORIENTED_EDGE('',*,*,#3177,.F.);
#1259=ORIENTED_EDGE('',*,*,#3178,.T.);
#1260=ORIENTED_EDGE('',*,*,#2897,.T.);
#1261=ORIENTED_EDGE('',*,*,#3179,.T.);
#1262=ORIENTED_EDGE('',*,*,#3180,.F.);
#1263=ORIENTED_EDGE('',*,*,#3181,.T.);
#1264=ORIENTED_EDGE('',*,*,#2893,.T.);
#1265=ORIENTED_EDGE('',*,*,#3182,.T.);
#1266=ORIENTED_EDGE('',*,*,#3183,.F.);
#1267=ORIENTED_EDGE('',*,*,#3184,.T.);
#1268=ORIENTED_EDGE('',*,*,#2889,.T.);
#1269=ORIENTED_EDGE('',*,*,#3185,.T.);
#1270=ORIENTED_EDGE('',*,*,#3186,.F.);
#1271=ORIENTED_EDGE('',*,*,#3187,.T.);
#1272=ORIENTED_EDGE('',*,*,#2885,.T.);
#1273=ORIENTED_EDGE('',*,*,#3188,.T.);
#1274=ORIENTED_EDGE('',*,*,#3189,.F.);
#1275=ORIENTED_EDGE('',*,*,#3190,.T.);
#1276=ORIENTED_EDGE('',*,*,#2881,.T.);
#1277=ORIENTED_EDGE('',*,*,#3191,.T.);
#1278=ORIENTED_EDGE('',*,*,#3192,.F.);
#1279=ORIENTED_EDGE('',*,*,#3193,.T.);
#1280=ORIENTED_EDGE('',*,*,#2877,.T.);
#1281=ORIENTED_EDGE('',*,*,#3194,.T.);
#1282=ORIENTED_EDGE('',*,*,#3195,.F.);
#1283=ORIENTED_EDGE('',*,*,#3196,.T.);
#1284=ORIENTED_EDGE('',*,*,#2873,.T.);
#1285=ORIENTED_EDGE('',*,*,#3197,.T.);
#1286=ORIENTED_EDGE('',*,*,#3198,.F.);
#1287=ORIENTED_EDGE('',*,*,#3199,.F.);
#1288=ORIENTED_EDGE('',*,*,#2797,.T.);
#1289=ORIENTED_EDGE('',*,*,#3176,.T.);
#1290=ORIENTED_EDGE('',*,*,#3200,.F.);
#1291=ORIENTED_EDGE('',*,*,#3177,.T.);
#1292=ORIENTED_EDGE('',*,*,#3201,.F.);
#1293=ORIENTED_EDGE('',*,*,#3202,.F.);
#1294=ORIENTED_EDGE('',*,*,#3203,.F.);
#1295=ORIENTED_EDGE('',*,*,#3180,.T.);
#1296=ORIENTED_EDGE('',*,*,#3204,.F.);
#1297=ORIENTED_EDGE('',*,*,#3205,.F.);
#1298=ORIENTED_EDGE('',*,*,#3206,.F.);
#1299=ORIENTED_EDGE('',*,*,#3183,.T.);
#1300=ORIENTED_EDGE('',*,*,#3207,.F.);
#1301=ORIENTED_EDGE('',*,*,#3208,.F.);
#1302=ORIENTED_EDGE('',*,*,#3209,.F.);
#1303=ORIENTED_EDGE('',*,*,#3186,.T.);
#1304=ORIENTED_EDGE('',*,*,#3210,.F.);
#1305=ORIENTED_EDGE('',*,*,#3211,.F.);
#1306=ORIENTED_EDGE('',*,*,#3212,.F.);
#1307=ORIENTED_EDGE('',*,*,#3189,.T.);
#1308=ORIENTED_EDGE('',*,*,#3213,.F.);
#1309=ORIENTED_EDGE('',*,*,#3214,.F.);
#1310=ORIENTED_EDGE('',*,*,#3215,.F.);
#1311=ORIENTED_EDGE('',*,*,#3192,.T.);
#1312=ORIENTED_EDGE('',*,*,#3216,.F.);
#1313=ORIENTED_EDGE('',*,*,#3217,.F.);
#1314=ORIENTED_EDGE('',*,*,#3218,.F.);
#1315=ORIENTED_EDGE('',*,*,#3195,.T.);
#1316=ORIENTED_EDGE('',*,*,#3219,.F.);
#1317=ORIENTED_EDGE('',*,*,#3220,.F.);
#1318=ORIENTED_EDGE('',*,*,#3199,.T.);
#1319=ORIENTED_EDGE('',*,*,#3221,.T.);
#1320=ORIENTED_EDGE('',*,*,#2910,.F.);
#1321=ORIENTED_EDGE('',*,*,#2798,.F.);
#1322=ORIENTED_EDGE('',*,*,#2915,.F.);
#1323=ORIENTED_EDGE('',*,*,#3222,.T.);
#1324=ORIENTED_EDGE('',*,*,#3202,.T.);
#1325=ORIENTED_EDGE('',*,*,#3223,.T.);
#1326=ORIENTED_EDGE('',*,*,#2919,.F.);
#1327=ORIENTED_EDGE('',*,*,#3224,.T.);
#1328=ORIENTED_EDGE('',*,*,#3205,.T.);
#1329=ORIENTED_EDGE('',*,*,#3225,.T.);
#1330=ORIENTED_EDGE('',*,*,#2923,.F.);
#1331=ORIENTED_EDGE('',*,*,#3226,.T.);
#1332=ORIENTED_EDGE('',*,*,#3208,.T.);
#1333=ORIENTED_EDGE('',*,*,#3227,.T.);
#1334=ORIENTED_EDGE('',*,*,#2927,.F.);
#1335=ORIENTED_EDGE('',*,*,#3228,.T.);
#1336=ORIENTED_EDGE('',*,*,#3211,.T.);
#1337=ORIENTED_EDGE('',*,*,#3229,.T.);
#1338=ORIENTED_EDGE('',*,*,#2931,.F.);
#1339=ORIENTED_EDGE('',*,*,#3230,.T.);
#1340=ORIENTED_EDGE('',*,*,#3214,.T.);
#1341=ORIENTED_EDGE('',*,*,#3231,.T.);
#1342=ORIENTED_EDGE('',*,*,#2935,.F.);
#1343=ORIENTED_EDGE('',*,*,#3232,.T.);
#1344=ORIENTED_EDGE('',*,*,#3217,.T.);
#1345=ORIENTED_EDGE('',*,*,#3233,.T.);
#1346=ORIENTED_EDGE('',*,*,#2939,.F.);
#1347=ORIENTED_EDGE('',*,*,#3234,.T.);
#1348=ORIENTED_EDGE('',*,*,#3220,.T.);
#1349=ORIENTED_EDGE('',*,*,#3235,.T.);
#1350=ORIENTED_EDGE('',*,*,#3236,.F.);
#1351=ORIENTED_EDGE('',*,*,#3237,.T.);
#1352=ORIENTED_EDGE('',*,*,#3238,.T.);
#1353=ORIENTED_EDGE('',*,*,#2825,.T.);
#1354=ORIENTED_EDGE('',*,*,#3239,.F.);
#1355=ORIENTED_EDGE('',*,*,#3240,.F.);
#1356=ORIENTED_EDGE('',*,*,#3236,.T.);
#1357=ORIENTED_EDGE('',*,*,#2824,.T.);
#1358=ORIENTED_EDGE('',*,*,#3241,.F.);
#1359=ORIENTED_EDGE('',*,*,#3242,.T.);
#1360=ORIENTED_EDGE('',*,*,#3239,.T.);
#1361=ORIENTED_EDGE('',*,*,#2823,.T.);
#1362=ORIENTED_EDGE('',*,*,#2900,.F.);
#1363=ORIENTED_EDGE('',*,*,#3243,.T.);
#1364=ORIENTED_EDGE('',*,*,#3241,.T.);
#1365=ORIENTED_EDGE('',*,*,#2822,.T.);
#1366=ORIENTED_EDGE('',*,*,#3244,.F.);
#1367=ORIENTED_EDGE('',*,*,#3245,.T.);
#1368=ORIENTED_EDGE('',*,*,#2901,.T.);
#1369=ORIENTED_EDGE('',*,*,#2820,.T.);
#1370=ORIENTED_EDGE('',*,*,#3246,.F.);
#1371=ORIENTED_EDGE('',*,*,#3247,.T.);
#1372=ORIENTED_EDGE('',*,*,#3244,.T.);
#1373=ORIENTED_EDGE('',*,*,#2819,.T.);
#1374=ORIENTED_EDGE('',*,*,#3248,.F.);
#1375=ORIENTED_EDGE('',*,*,#3249,.F.);
#1376=ORIENTED_EDGE('',*,*,#3246,.T.);
#1377=ORIENTED_EDGE('',*,*,#2818,.T.);
#1378=ORIENTED_EDGE('',*,*,#3250,.F.);
#1379=ORIENTED_EDGE('',*,*,#3251,.T.);
#1380=ORIENTED_EDGE('',*,*,#3248,.T.);
#1381=ORIENTED_EDGE('',*,*,#2817,.T.);
#1382=ORIENTED_EDGE('',*,*,#3252,.F.);
#1383=ORIENTED_EDGE('',*,*,#3253,.T.);
#1384=ORIENTED_EDGE('',*,*,#3250,.T.);
#1385=ORIENTED_EDGE('',*,*,#2816,.T.);
#1386=ORIENTED_EDGE('',*,*,#3254,.F.);
#1387=ORIENTED_EDGE('',*,*,#3252,.T.);
#1388=ORIENTED_EDGE('',*,*,#2815,.F.);
#1389=ORIENTED_EDGE('',*,*,#3255,.F.);
#1390=ORIENTED_EDGE('',*,*,#2903,.F.);
#1391=ORIENTED_EDGE('',*,*,#3256,.T.);
#1392=ORIENTED_EDGE('',*,*,#3255,.T.);
#1393=ORIENTED_EDGE('',*,*,#2814,.T.);
#1394=ORIENTED_EDGE('',*,*,#3257,.F.);
#1395=ORIENTED_EDGE('',*,*,#3258,.T.);
#1396=ORIENTED_EDGE('',*,*,#2898,.T.);
#1397=ORIENTED_EDGE('',*,*,#2828,.T.);
#1398=ORIENTED_EDGE('',*,*,#3259,.F.);
#1399=ORIENTED_EDGE('',*,*,#3257,.T.);
#1400=ORIENTED_EDGE('',*,*,#2827,.F.);
#1401=ORIENTED_EDGE('',*,*,#3260,.F.);
#1402=ORIENTED_EDGE('',*,*,#3238,.F.);
#1403=ORIENTED_EDGE('',*,*,#3261,.T.);
#1404=ORIENTED_EDGE('',*,*,#3260,.T.);
#1405=ORIENTED_EDGE('',*,*,#2826,.T.);
#1406=ORIENTED_EDGE('',*,*,#3243,.F.);
#1407=ORIENTED_EDGE('',*,*,#2899,.F.);
#1408=ORIENTED_EDGE('',*,*,#3258,.F.);
#1409=ORIENTED_EDGE('',*,*,#3259,.T.);
#1410=ORIENTED_EDGE('',*,*,#3261,.F.);
#1411=ORIENTED_EDGE('',*,*,#3237,.F.);
#1412=ORIENTED_EDGE('',*,*,#3240,.T.);
#1413=ORIENTED_EDGE('',*,*,#3242,.F.);
#1414=ORIENTED_EDGE('',*,*,#2963,.F.);
#1415=ORIENTED_EDGE('',*,*,#2940,.F.);
#1416=ORIENTED_EDGE('',*,*,#3235,.F.);
#1417=ORIENTED_EDGE('',*,*,#3219,.T.);
#1418=ORIENTED_EDGE('',*,*,#3197,.F.);
#1419=ORIENTED_EDGE('',*,*,#2872,.T.);
#1420=ORIENTED_EDGE('',*,*,#3001,.F.);
#1421=ORIENTED_EDGE('',*,*,#2986,.F.);
#1422=ORIENTED_EDGE('',*,*,#3000,.F.);
#1423=ORIENTED_EDGE('',*,*,#2870,.F.);
#1424=ORIENTED_EDGE('',*,*,#3196,.F.);
#1425=ORIENTED_EDGE('',*,*,#3218,.T.);
#1426=ORIENTED_EDGE('',*,*,#3234,.F.);
#1427=ORIENTED_EDGE('',*,*,#2938,.F.);
#1428=ORIENTED_EDGE('',*,*,#2962,.T.);
#1429=ORIENTED_EDGE('',*,*,#2985,.F.);
#1430=ORIENTED_EDGE('',*,*,#2960,.F.);
#1431=ORIENTED_EDGE('',*,*,#2936,.F.);
#1432=ORIENTED_EDGE('',*,*,#3233,.F.);
#1433=ORIENTED_EDGE('',*,*,#3216,.T.);
#1434=ORIENTED_EDGE('',*,*,#3194,.F.);
#1435=ORIENTED_EDGE('',*,*,#2876,.T.);
#1436=ORIENTED_EDGE('',*,*,#2999,.F.);
#1437=ORIENTED_EDGE('',*,*,#2983,.F.);
#1438=ORIENTED_EDGE('',*,*,#2998,.F.);
#1439=ORIENTED_EDGE('',*,*,#2874,.F.);
#1440=ORIENTED_EDGE('',*,*,#3193,.F.);
#1441=ORIENTED_EDGE('',*,*,#3215,.T.);
#1442=ORIENTED_EDGE('',*,*,#3232,.F.);
#1443=ORIENTED_EDGE('',*,*,#2934,.F.);
#1444=ORIENTED_EDGE('',*,*,#2959,.T.);
#1445=ORIENTED_EDGE('',*,*,#2982,.F.);
#1446=ORIENTED_EDGE('',*,*,#2957,.F.);
#1447=ORIENTED_EDGE('',*,*,#2932,.F.);
#1448=ORIENTED_EDGE('',*,*,#3231,.F.);
#1449=ORIENTED_EDGE('',*,*,#3213,.T.);
#1450=ORIENTED_EDGE('',*,*,#3191,.F.);
#1451=ORIENTED_EDGE('',*,*,#2880,.T.);
#1452=ORIENTED_EDGE('',*,*,#2997,.F.);
#1453=ORIENTED_EDGE('',*,*,#2980,.F.);
#1454=ORIENTED_EDGE('',*,*,#2996,.F.);
#1455=ORIENTED_EDGE('',*,*,#2878,.F.);
#1456=ORIENTED_EDGE('',*,*,#3190,.F.);
#1457=ORIENTED_EDGE('',*,*,#3212,.T.);
#1458=ORIENTED_EDGE('',*,*,#3230,.F.);
#1459=ORIENTED_EDGE('',*,*,#2930,.F.);
#1460=ORIENTED_EDGE('',*,*,#2956,.T.);
#1461=ORIENTED_EDGE('',*,*,#2979,.F.);
#1462=ORIENTED_EDGE('',*,*,#2954,.F.);
#1463=ORIENTED_EDGE('',*,*,#2928,.F.);
#1464=ORIENTED_EDGE('',*,*,#3229,.F.);
#1465=ORIENTED_EDGE('',*,*,#3210,.T.);
#1466=ORIENTED_EDGE('',*,*,#3188,.F.);
#1467=ORIENTED_EDGE('',*,*,#2884,.T.);
#1468=ORIENTED_EDGE('',*,*,#2995,.F.);
#1469=ORIENTED_EDGE('',*,*,#2977,.F.);
#1470=ORIENTED_EDGE('',*,*,#2994,.F.);
#1471=ORIENTED_EDGE('',*,*,#2882,.F.);
#1472=ORIENTED_EDGE('',*,*,#3187,.F.);
#1473=ORIENTED_EDGE('',*,*,#3209,.T.);
#1474=ORIENTED_EDGE('',*,*,#3228,.F.);
#1475=ORIENTED_EDGE('',*,*,#2926,.F.);
#1476=ORIENTED_EDGE('',*,*,#2953,.T.);
#1477=ORIENTED_EDGE('',*,*,#2976,.F.);
#1478=ORIENTED_EDGE('',*,*,#2951,.F.);
#1479=ORIENTED_EDGE('',*,*,#2924,.F.);
#1480=ORIENTED_EDGE('',*,*,#3227,.F.);
#1481=ORIENTED_EDGE('',*,*,#3207,.T.);
#1482=ORIENTED_EDGE('',*,*,#3185,.F.);
#1483=ORIENTED_EDGE('',*,*,#2888,.T.);
#1484=ORIENTED_EDGE('',*,*,#2993,.F.);
#1485=ORIENTED_EDGE('',*,*,#2974,.F.);
#1486=ORIENTED_EDGE('',*,*,#2992,.F.);
#1487=ORIENTED_EDGE('',*,*,#2886,.F.);
#1488=ORIENTED_EDGE('',*,*,#3184,.F.);
#1489=ORIENTED_EDGE('',*,*,#3206,.T.);
#1490=ORIENTED_EDGE('',*,*,#3226,.F.);
#1491=ORIENTED_EDGE('',*,*,#2922,.F.);
#1492=ORIENTED_EDGE('',*,*,#2950,.T.);
#1493=ORIENTED_EDGE('',*,*,#2973,.F.);
#1494=ORIENTED_EDGE('',*,*,#2948,.F.);
#1495=ORIENTED_EDGE('',*,*,#2920,.F.);
#1496=ORIENTED_EDGE('',*,*,#3225,.F.);
#1497=ORIENTED_EDGE('',*,*,#3204,.T.);
#1498=ORIENTED_EDGE('',*,*,#3182,.F.);
#1499=ORIENTED_EDGE('',*,*,#2892,.T.);
#1500=ORIENTED_EDGE('',*,*,#2991,.F.);
#1501=ORIENTED_EDGE('',*,*,#2971,.F.);
#1502=ORIENTED_EDGE('',*,*,#2990,.F.);
#1503=ORIENTED_EDGE('',*,*,#2890,.F.);
#1504=ORIENTED_EDGE('',*,*,#3181,.F.);
#1505=ORIENTED_EDGE('',*,*,#3203,.T.);
#1506=ORIENTED_EDGE('',*,*,#3224,.F.);
#1507=ORIENTED_EDGE('',*,*,#2918,.F.);
#1508=ORIENTED_EDGE('',*,*,#2947,.T.);
#1509=ORIENTED_EDGE('',*,*,#2970,.F.);
#1510=ORIENTED_EDGE('',*,*,#2945,.F.);
#1511=ORIENTED_EDGE('',*,*,#2916,.F.);
#1512=ORIENTED_EDGE('',*,*,#3223,.F.);
#1513=ORIENTED_EDGE('',*,*,#3201,.T.);
#1514=ORIENTED_EDGE('',*,*,#3179,.F.);
#1515=ORIENTED_EDGE('',*,*,#2896,.T.);
#1516=ORIENTED_EDGE('',*,*,#2989,.F.);
#1517=ORIENTED_EDGE('',*,*,#2968,.F.);
#1518=ORIENTED_EDGE('',*,*,#2988,.F.);
#1519=ORIENTED_EDGE('',*,*,#2894,.F.);
#1520=ORIENTED_EDGE('',*,*,#3178,.F.);
#1521=ORIENTED_EDGE('',*,*,#3200,.T.);
#1522=ORIENTED_EDGE('',*,*,#3222,.F.);
#1523=ORIENTED_EDGE('',*,*,#2914,.F.);
#1524=ORIENTED_EDGE('',*,*,#2944,.T.);
#1525=ORIENTED_EDGE('',*,*,#2967,.F.);
#1526=ORIENTED_EDGE('',*,*,#2941,.F.);
#1527=ORIENTED_EDGE('',*,*,#2911,.F.);
#1528=ORIENTED_EDGE('',*,*,#3221,.F.);
#1529=ORIENTED_EDGE('',*,*,#3198,.T.);
#1530=ORIENTED_EDGE('',*,*,#3175,.F.);
#1531=ORIENTED_EDGE('',*,*,#2908,.T.);
#1532=ORIENTED_EDGE('',*,*,#2987,.F.);
#1533=ORIENTED_EDGE('',*,*,#2964,.F.);
#1534=ORIENTED_EDGE('',*,*,#3247,.F.);
#1535=ORIENTED_EDGE('',*,*,#3249,.T.);
#1536=ORIENTED_EDGE('',*,*,#3251,.F.);
#1537=ORIENTED_EDGE('',*,*,#3253,.F.);
#1538=ORIENTED_EDGE('',*,*,#3254,.T.);
#1539=ORIENTED_EDGE('',*,*,#3256,.F.);
#1540=ORIENTED_EDGE('',*,*,#2902,.F.);
#1541=ORIENTED_EDGE('',*,*,#3245,.F.);
#1542=ORIENTED_EDGE('',*,*,#2841,.T.);
#1543=ORIENTED_EDGE('',*,*,#3174,.F.);
#1544=ORIENTED_EDGE('',*,*,#3156,.T.);
#1545=ORIENTED_EDGE('',*,*,#3131,.F.);
#1546=ORIENTED_EDGE('',*,*,#3105,.F.);
#1547=ORIENTED_EDGE('',*,*,#3079,.F.);
#1548=ORIENTED_EDGE('',*,*,#3053,.F.);
#1549=ORIENTED_EDGE('',*,*,#3027,.F.);
#1550=ORIENTED_EDGE('',*,*,#3052,.F.);
#1551=ORIENTED_EDGE('',*,*,#3078,.T.);
#1552=ORIENTED_EDGE('',*,*,#3104,.F.);
#1553=ORIENTED_EDGE('',*,*,#3130,.F.);
#1554=ORIENTED_EDGE('',*,*,#3155,.T.);
#1555=ORIENTED_EDGE('',*,*,#3173,.F.);
#1556=ORIENTED_EDGE('',*,*,#2839,.F.);
#1557=ORIENTED_EDGE('',*,*,#3026,.F.);
#1558=ORIENTED_EDGE('',*,*,#2845,.T.);
#1559=ORIENTED_EDGE('',*,*,#3172,.F.);
#1560=ORIENTED_EDGE('',*,*,#3153,.T.);
#1561=ORIENTED_EDGE('',*,*,#3128,.F.);
#1562=ORIENTED_EDGE('',*,*,#3102,.F.);
#1563=ORIENTED_EDGE('',*,*,#3076,.F.);
#1564=ORIENTED_EDGE('',*,*,#3050,.F.);
#1565=ORIENTED_EDGE('',*,*,#3024,.F.);
#1566=ORIENTED_EDGE('',*,*,#3049,.F.);
#1567=ORIENTED_EDGE('',*,*,#3075,.T.);
#1568=ORIENTED_EDGE('',*,*,#3101,.F.);
#1569=ORIENTED_EDGE('',*,*,#3127,.F.);
#1570=ORIENTED_EDGE('',*,*,#3152,.T.);
#1571=ORIENTED_EDGE('',*,*,#3171,.F.);
#1572=ORIENTED_EDGE('',*,*,#2843,.F.);
#1573=ORIENTED_EDGE('',*,*,#3023,.F.);
#1574=ORIENTED_EDGE('',*,*,#2849,.T.);
#1575=ORIENTED_EDGE('',*,*,#3170,.F.);
#1576=ORIENTED_EDGE('',*,*,#3150,.T.);
#1577=ORIENTED_EDGE('',*,*,#3125,.F.);
#1578=ORIENTED_EDGE('',*,*,#3099,.F.);
#1579=ORIENTED_EDGE('',*,*,#3073,.F.);
#1580=ORIENTED_EDGE('',*,*,#3047,.F.);
#1581=ORIENTED_EDGE('',*,*,#3021,.F.);
#1582=ORIENTED_EDGE('',*,*,#3046,.F.);
#1583=ORIENTED_EDGE('',*,*,#3072,.T.);
#1584=ORIENTED_EDGE('',*,*,#3098,.F.);
#1585=ORIENTED_EDGE('',*,*,#3124,.F.);
#1586=ORIENTED_EDGE('',*,*,#3149,.T.);
#1587=ORIENTED_EDGE('',*,*,#3169,.F.);
#1588=ORIENTED_EDGE('',*,*,#2847,.F.);
#1589=ORIENTED_EDGE('',*,*,#3020,.F.);
#1590=ORIENTED_EDGE('',*,*,#2853,.T.);
#1591=ORIENTED_EDGE('',*,*,#3168,.F.);
#1592=ORIENTED_EDGE('',*,*,#3147,.T.);
#1593=ORIENTED_EDGE('',*,*,#3122,.F.);
#1594=ORIENTED_EDGE('',*,*,#3096,.F.);
#1595=ORIENTED_EDGE('',*,*,#3070,.F.);
#1596=ORIENTED_EDGE('',*,*,#3044,.F.);
#1597=ORIENTED_EDGE('',*,*,#3018,.F.);
#1598=ORIENTED_EDGE('',*,*,#3043,.F.);
#1599=ORIENTED_EDGE('',*,*,#3069,.T.);
#1600=ORIENTED_EDGE('',*,*,#3095,.F.);
#1601=ORIENTED_EDGE('',*,*,#3121,.F.);
#1602=ORIENTED_EDGE('',*,*,#3146,.T.);
#1603=ORIENTED_EDGE('',*,*,#3167,.F.);
#1604=ORIENTED_EDGE('',*,*,#2851,.F.);
#1605=ORIENTED_EDGE('',*,*,#3017,.F.);
#1606=ORIENTED_EDGE('',*,*,#2857,.T.);
#1607=ORIENTED_EDGE('',*,*,#3166,.F.);
#1608=ORIENTED_EDGE('',*,*,#3144,.T.);
#1609=ORIENTED_EDGE('',*,*,#3119,.F.);
#1610=ORIENTED_EDGE('',*,*,#3093,.F.);
#1611=ORIENTED_EDGE('',*,*,#3067,.F.);
#1612=ORIENTED_EDGE('',*,*,#3041,.F.);
#1613=ORIENTED_EDGE('',*,*,#3015,.F.);
#1614=ORIENTED_EDGE('',*,*,#3040,.F.);
#1615=ORIENTED_EDGE('',*,*,#3066,.T.);
#1616=ORIENTED_EDGE('',*,*,#3092,.F.);
#1617=ORIENTED_EDGE('',*,*,#3118,.F.);
#1618=ORIENTED_EDGE('',*,*,#3143,.T.);
#1619=ORIENTED_EDGE('',*,*,#3165,.F.);
#1620=ORIENTED_EDGE('',*,*,#2855,.F.);
#1621=ORIENTED_EDGE('',*,*,#3014,.F.);
#1622=ORIENTED_EDGE('',*,*,#2861,.T.);
#1623=ORIENTED_EDGE('',*,*,#3164,.F.);
#1624=ORIENTED_EDGE('',*,*,#3141,.T.);
#1625=ORIENTED_EDGE('',*,*,#3116,.F.);
#1626=ORIENTED_EDGE('',*,*,#3090,.F.);
#1627=ORIENTED_EDGE('',*,*,#3064,.F.);
#1628=ORIENTED_EDGE('',*,*,#3038,.F.);
#1629=ORIENTED_EDGE('',*,*,#3012,.F.);
#1630=ORIENTED_EDGE('',*,*,#3037,.F.);
#1631=ORIENTED_EDGE('',*,*,#3063,.T.);
#1632=ORIENTED_EDGE('',*,*,#3089,.F.);
#1633=ORIENTED_EDGE('',*,*,#3115,.F.);
#1634=ORIENTED_EDGE('',*,*,#3140,.T.);
#1635=ORIENTED_EDGE('',*,*,#3163,.F.);
#1636=ORIENTED_EDGE('',*,*,#2859,.F.);
#1637=ORIENTED_EDGE('',*,*,#3011,.F.);
#1638=ORIENTED_EDGE('',*,*,#2865,.T.);
#1639=ORIENTED_EDGE('',*,*,#3162,.F.);
#1640=ORIENTED_EDGE('',*,*,#3138,.T.);
#1641=ORIENTED_EDGE('',*,*,#3113,.F.);
#1642=ORIENTED_EDGE('',*,*,#3087,.F.);
#1643=ORIENTED_EDGE('',*,*,#3061,.F.);
#1644=ORIENTED_EDGE('',*,*,#3035,.F.);
#1645=ORIENTED_EDGE('',*,*,#3009,.F.);
#1646=ORIENTED_EDGE('',*,*,#3034,.F.);
#1647=ORIENTED_EDGE('',*,*,#3060,.T.);
#1648=ORIENTED_EDGE('',*,*,#3086,.F.);
#1649=ORIENTED_EDGE('',*,*,#3112,.F.);
#1650=ORIENTED_EDGE('',*,*,#3137,.T.);
#1651=ORIENTED_EDGE('',*,*,#3161,.F.);
#1652=ORIENTED_EDGE('',*,*,#2863,.F.);
#1653=ORIENTED_EDGE('',*,*,#3008,.F.);
#1654=ORIENTED_EDGE('',*,*,#2869,.T.);
#1655=ORIENTED_EDGE('',*,*,#3160,.F.);
#1656=ORIENTED_EDGE('',*,*,#3135,.T.);
#1657=ORIENTED_EDGE('',*,*,#3110,.F.);
#1658=ORIENTED_EDGE('',*,*,#3084,.F.);
#1659=ORIENTED_EDGE('',*,*,#3058,.F.);
#1660=ORIENTED_EDGE('',*,*,#3032,.F.);
#1661=ORIENTED_EDGE('',*,*,#3006,.F.);
#1662=ORIENTED_EDGE('',*,*,#2905,.T.);
#1663=ORIENTED_EDGE('',*,*,#3158,.F.);
#1664=ORIENTED_EDGE('',*,*,#3132,.T.);
#1665=ORIENTED_EDGE('',*,*,#3106,.F.);
#1666=ORIENTED_EDGE('',*,*,#3080,.F.);
#1667=ORIENTED_EDGE('',*,*,#3054,.F.);
#1668=ORIENTED_EDGE('',*,*,#3028,.F.);
#1669=ORIENTED_EDGE('',*,*,#3002,.F.);
#1670=ORIENTED_EDGE('',*,*,#3031,.F.);
#1671=ORIENTED_EDGE('',*,*,#3057,.T.);
#1672=ORIENTED_EDGE('',*,*,#3083,.F.);
#1673=ORIENTED_EDGE('',*,*,#3109,.F.);
#1674=ORIENTED_EDGE('',*,*,#3134,.T.);
#1675=ORIENTED_EDGE('',*,*,#3159,.F.);
#1676=ORIENTED_EDGE('',*,*,#2867,.F.);
#1677=ORIENTED_EDGE('',*,*,#3005,.F.);
#1678=ORIENTED_EDGE('',*,*,#2786,.T.);
#1679=ORIENTED_EDGE('',*,*,#2812,.T.);
#1680=ORIENTED_EDGE('',*,*,#2782,.T.);
#1681=ORIENTED_EDGE('',*,*,#2836,.F.);
#1682=ORIENTED_EDGE('',*,*,#2833,.T.);
#1683=ORIENTED_EDGE('',*,*,#2830,.T.);
#1684=ORIENTED_EDGE('',*,*,#2790,.T.);
#1685=ORIENTED_EDGE('',*,*,#2794,.F.);
#1686=ORIENTED_EDGE('',*,*,#3262,.F.);
#1687=ORIENTED_EDGE('',*,*,#3263,.F.);
#1688=ORIENTED_EDGE('',*,*,#3264,.T.);
#1689=ORIENTED_EDGE('',*,*,#3265,.T.);
#1690=ORIENTED_EDGE('',*,*,#3266,.F.);
#1691=ORIENTED_EDGE('',*,*,#3267,.T.);
#1692=ORIENTED_EDGE('',*,*,#3268,.F.);
#1693=ORIENTED_EDGE('',*,*,#3269,.F.);
#1694=ORIENTED_EDGE('',*,*,#3270,.F.);
#1695=ORIENTED_EDGE('',*,*,#3271,.F.);
#1696=ORIENTED_EDGE('',*,*,#3272,.T.);
#1697=ORIENTED_EDGE('',*,*,#3273,.T.);
#1698=ORIENTED_EDGE('',*,*,#3271,.T.);
#1699=ORIENTED_EDGE('',*,*,#3274,.T.);
#1700=ORIENTED_EDGE('',*,*,#3269,.T.);
#1701=ORIENTED_EDGE('',*,*,#3275,.T.);
#1702=ORIENTED_EDGE('',*,*,#3276,.T.);
#1703=ORIENTED_EDGE('',*,*,#3277,.F.);
#1704=ORIENTED_EDGE('',*,*,#3278,.T.);
#1705=ORIENTED_EDGE('',*,*,#3279,.T.);
#1706=ORIENTED_EDGE('',*,*,#3280,.T.);
#1707=ORIENTED_EDGE('',*,*,#3281,.F.);
#1708=ORIENTED_EDGE('',*,*,#3282,.T.);
#1709=ORIENTED_EDGE('',*,*,#3283,.T.);
#1710=ORIENTED_EDGE('',*,*,#3284,.F.);
#1711=ORIENTED_EDGE('',*,*,#3265,.F.);
#1712=ORIENTED_EDGE('',*,*,#3285,.F.);
#1713=ORIENTED_EDGE('',*,*,#3286,.F.);
#1714=ORIENTED_EDGE('',*,*,#3287,.T.);
#1715=ORIENTED_EDGE('',*,*,#3288,.F.);
#1716=ORIENTED_EDGE('',*,*,#3289,.F.);
#1717=ORIENTED_EDGE('',*,*,#3290,.F.);
#1718=ORIENTED_EDGE('',*,*,#3291,.T.);
#1719=ORIENTED_EDGE('',*,*,#3292,.F.);
#1720=ORIENTED_EDGE('',*,*,#3293,.F.);
#1721=ORIENTED_EDGE('',*,*,#3267,.F.);
#1722=ORIENTED_EDGE('',*,*,#3294,.F.);
#1723=ORIENTED_EDGE('',*,*,#3273,.F.);
#1724=ORIENTED_EDGE('',*,*,#3295,.T.);
#1725=ORIENTED_EDGE('',*,*,#3296,.F.);
#1726=ORIENTED_EDGE('',*,*,#3297,.F.);
#1727=ORIENTED_EDGE('',*,*,#3296,.T.);
#1728=ORIENTED_EDGE('',*,*,#3298,.T.);
#1729=ORIENTED_EDGE('',*,*,#3299,.F.);
#1730=ORIENTED_EDGE('',*,*,#3263,.T.);
#1731=ORIENTED_EDGE('',*,*,#3300,.T.);
#1732=ORIENTED_EDGE('',*,*,#3299,.T.);
#1733=ORIENTED_EDGE('',*,*,#3301,.F.);
#1734=ORIENTED_EDGE('',*,*,#3302,.T.);
#1735=ORIENTED_EDGE('',*,*,#3303,.F.);
#1736=ORIENTED_EDGE('',*,*,#3304,.F.);
#1737=ORIENTED_EDGE('',*,*,#3305,.T.);
#1738=ORIENTED_EDGE('',*,*,#3306,.T.);
#1739=ORIENTED_EDGE('',*,*,#3307,.F.);
#1740=ORIENTED_EDGE('',*,*,#3308,.F.);
#1741=ORIENTED_EDGE('',*,*,#3309,.T.);
#1742=ORIENTED_EDGE('',*,*,#3310,.T.);
#1743=ORIENTED_EDGE('',*,*,#3311,.F.);
#1744=ORIENTED_EDGE('',*,*,#3312,.F.);
#1745=ORIENTED_EDGE('',*,*,#3313,.T.);
#1746=ORIENTED_EDGE('',*,*,#3314,.T.);
#1747=ORIENTED_EDGE('',*,*,#3315,.F.);
#1748=ORIENTED_EDGE('',*,*,#3316,.F.);
#1749=ORIENTED_EDGE('',*,*,#3317,.T.);
#1750=ORIENTED_EDGE('',*,*,#3318,.T.);
#1751=ORIENTED_EDGE('',*,*,#3319,.F.);
#1752=ORIENTED_EDGE('',*,*,#3320,.F.);
#1753=ORIENTED_EDGE('',*,*,#3321,.T.);
#1754=ORIENTED_EDGE('',*,*,#3322,.T.);
#1755=ORIENTED_EDGE('',*,*,#3323,.F.);
#1756=ORIENTED_EDGE('',*,*,#3324,.F.);
#1757=ORIENTED_EDGE('',*,*,#3325,.T.);
#1758=ORIENTED_EDGE('',*,*,#3326,.T.);
#1759=ORIENTED_EDGE('',*,*,#3327,.F.);
#1760=ORIENTED_EDGE('',*,*,#3328,.F.);
#1761=ORIENTED_EDGE('',*,*,#3329,.T.);
#1762=ORIENTED_EDGE('',*,*,#3330,.T.);
#1763=ORIENTED_EDGE('',*,*,#3331,.F.);
#1764=ORIENTED_EDGE('',*,*,#3332,.F.);
#1765=ORIENTED_EDGE('',*,*,#3333,.T.);
#1766=ORIENTED_EDGE('',*,*,#3334,.T.);
#1767=ORIENTED_EDGE('',*,*,#3335,.F.);
#1768=ORIENTED_EDGE('',*,*,#3336,.F.);
#1769=ORIENTED_EDGE('',*,*,#3337,.T.);
#1770=ORIENTED_EDGE('',*,*,#3338,.T.);
#1771=ORIENTED_EDGE('',*,*,#3339,.F.);
#1772=ORIENTED_EDGE('',*,*,#3340,.F.);
#1773=ORIENTED_EDGE('',*,*,#3341,.T.);
#1774=ORIENTED_EDGE('',*,*,#3342,.T.);
#1775=ORIENTED_EDGE('',*,*,#3343,.F.);
#1776=ORIENTED_EDGE('',*,*,#3344,.F.);
#1777=ORIENTED_EDGE('',*,*,#3345,.T.);
#1778=ORIENTED_EDGE('',*,*,#3346,.T.);
#1779=ORIENTED_EDGE('',*,*,#3347,.F.);
#1780=ORIENTED_EDGE('',*,*,#3348,.F.);
#1781=ORIENTED_EDGE('',*,*,#3349,.T.);
#1782=ORIENTED_EDGE('',*,*,#3350,.T.);
#1783=ORIENTED_EDGE('',*,*,#3351,.F.);
#1784=ORIENTED_EDGE('',*,*,#3352,.F.);
#1785=ORIENTED_EDGE('',*,*,#3353,.T.);
#1786=ORIENTED_EDGE('',*,*,#3354,.T.);
#1787=ORIENTED_EDGE('',*,*,#3355,.F.);
#1788=ORIENTED_EDGE('',*,*,#3356,.F.);
#1789=ORIENTED_EDGE('',*,*,#3357,.T.);
#1790=ORIENTED_EDGE('',*,*,#3358,.T.);
#1791=ORIENTED_EDGE('',*,*,#3359,.F.);
#1792=ORIENTED_EDGE('',*,*,#3360,.F.);
#1793=ORIENTED_EDGE('',*,*,#3361,.T.);
#1794=ORIENTED_EDGE('',*,*,#3264,.F.);
#1795=ORIENTED_EDGE('',*,*,#3301,.T.);
#1796=ORIENTED_EDGE('',*,*,#3298,.F.);
#1797=ORIENTED_EDGE('',*,*,#3295,.F.);
#1798=ORIENTED_EDGE('',*,*,#3272,.F.);
#1799=ORIENTED_EDGE('',*,*,#3283,.F.);
#1800=ORIENTED_EDGE('',*,*,#3362,.T.);
#1801=ORIENTED_EDGE('',*,*,#3363,.T.);
#1802=ORIENTED_EDGE('',*,*,#3364,.F.);
#1803=ORIENTED_EDGE('',*,*,#3279,.F.);
#1804=ORIENTED_EDGE('',*,*,#3365,.T.);
#1805=ORIENTED_EDGE('',*,*,#3366,.T.);
#1806=ORIENTED_EDGE('',*,*,#3367,.F.);
#1807=ORIENTED_EDGE('',*,*,#3275,.F.);
#1808=ORIENTED_EDGE('',*,*,#3268,.T.);
#1809=ORIENTED_EDGE('',*,*,#3293,.T.);
#1810=ORIENTED_EDGE('',*,*,#3368,.F.);
#1811=ORIENTED_EDGE('',*,*,#3369,.F.);
#1812=ORIENTED_EDGE('',*,*,#3370,.T.);
#1813=ORIENTED_EDGE('',*,*,#3289,.T.);
#1814=ORIENTED_EDGE('',*,*,#3371,.F.);
#1815=ORIENTED_EDGE('',*,*,#3372,.F.);
#1816=ORIENTED_EDGE('',*,*,#3373,.T.);
#1817=ORIENTED_EDGE('',*,*,#3285,.T.);
#1818=ORIENTED_EDGE('',*,*,#3374,.F.);
#1819=ORIENTED_EDGE('',*,*,#3375,.T.);
#1820=ORIENTED_EDGE('',*,*,#3368,.T.);
#1821=ORIENTED_EDGE('',*,*,#3292,.T.);
#1822=ORIENTED_EDGE('',*,*,#3359,.T.);
#1823=ORIENTED_EDGE('',*,*,#3376,.T.);
#1824=ORIENTED_EDGE('',*,*,#3377,.F.);
#1825=ORIENTED_EDGE('',*,*,#3378,.T.);
#1826=ORIENTED_EDGE('',*,*,#3355,.T.);
#1827=ORIENTED_EDGE('',*,*,#3379,.T.);
#1828=ORIENTED_EDGE('',*,*,#3380,.F.);
#1829=ORIENTED_EDGE('',*,*,#3381,.T.);
#1830=ORIENTED_EDGE('',*,*,#3351,.T.);
#1831=ORIENTED_EDGE('',*,*,#3382,.T.);
#1832=ORIENTED_EDGE('',*,*,#3383,.F.);
#1833=ORIENTED_EDGE('',*,*,#3384,.T.);
#1834=ORIENTED_EDGE('',*,*,#3347,.T.);
#1835=ORIENTED_EDGE('',*,*,#3385,.T.);
#1836=ORIENTED_EDGE('',*,*,#3386,.F.);
#1837=ORIENTED_EDGE('',*,*,#3387,.T.);
#1838=ORIENTED_EDGE('',*,*,#3343,.T.);
#1839=ORIENTED_EDGE('',*,*,#3388,.T.);
#1840=ORIENTED_EDGE('',*,*,#3389,.F.);
#1841=ORIENTED_EDGE('',*,*,#3390,.T.);
#1842=ORIENTED_EDGE('',*,*,#3339,.T.);
#1843=ORIENTED_EDGE('',*,*,#3391,.T.);
#1844=ORIENTED_EDGE('',*,*,#3392,.F.);
#1845=ORIENTED_EDGE('',*,*,#3393,.T.);
#1846=ORIENTED_EDGE('',*,*,#3335,.T.);
#1847=ORIENTED_EDGE('',*,*,#3394,.T.);
#1848=ORIENTED_EDGE('',*,*,#3395,.F.);
#1849=ORIENTED_EDGE('',*,*,#3396,.T.);
#1850=ORIENTED_EDGE('',*,*,#3331,.T.);
#1851=ORIENTED_EDGE('',*,*,#3397,.T.);
#1852=ORIENTED_EDGE('',*,*,#3398,.F.);
#1853=ORIENTED_EDGE('',*,*,#3399,.T.);
#1854=ORIENTED_EDGE('',*,*,#3374,.T.);
#1855=ORIENTED_EDGE('',*,*,#3400,.T.);
#1856=ORIENTED_EDGE('',*,*,#3401,.F.);
#1857=ORIENTED_EDGE('',*,*,#3402,.T.);
#1858=ORIENTED_EDGE('',*,*,#3377,.T.);
#1859=ORIENTED_EDGE('',*,*,#3403,.T.);
#1860=ORIENTED_EDGE('',*,*,#3404,.F.);
#1861=ORIENTED_EDGE('',*,*,#3405,.T.);
#1862=ORIENTED_EDGE('',*,*,#3380,.T.);
#1863=ORIENTED_EDGE('',*,*,#3406,.T.);
#1864=ORIENTED_EDGE('',*,*,#3407,.F.);
#1865=ORIENTED_EDGE('',*,*,#3408,.T.);
#1866=ORIENTED_EDGE('',*,*,#3383,.T.);
#1867=ORIENTED_EDGE('',*,*,#3409,.T.);
#1868=ORIENTED_EDGE('',*,*,#3410,.F.);
#1869=ORIENTED_EDGE('',*,*,#3411,.T.);
#1870=ORIENTED_EDGE('',*,*,#3386,.T.);
#1871=ORIENTED_EDGE('',*,*,#3412,.T.);
#1872=ORIENTED_EDGE('',*,*,#3413,.F.);
#1873=ORIENTED_EDGE('',*,*,#3414,.T.);
#1874=ORIENTED_EDGE('',*,*,#3389,.T.);
#1875=ORIENTED_EDGE('',*,*,#3415,.T.);
#1876=ORIENTED_EDGE('',*,*,#3416,.F.);
#1877=ORIENTED_EDGE('',*,*,#3417,.T.);
#1878=ORIENTED_EDGE('',*,*,#3392,.T.);
#1879=ORIENTED_EDGE('',*,*,#3418,.T.);
#1880=ORIENTED_EDGE('',*,*,#3419,.F.);
#1881=ORIENTED_EDGE('',*,*,#3420,.T.);
#1882=ORIENTED_EDGE('',*,*,#3395,.T.);
#1883=ORIENTED_EDGE('',*,*,#3421,.T.);
#1884=ORIENTED_EDGE('',*,*,#3422,.F.);
#1885=ORIENTED_EDGE('',*,*,#3423,.T.);
#1886=ORIENTED_EDGE('',*,*,#3398,.T.);
#1887=ORIENTED_EDGE('',*,*,#3424,.T.);
#1888=ORIENTED_EDGE('',*,*,#3425,.F.);
#1889=ORIENTED_EDGE('',*,*,#3426,.T.);
#1890=ORIENTED_EDGE('',*,*,#3401,.T.);
#1891=ORIENTED_EDGE('',*,*,#3427,.F.);
#1892=ORIENTED_EDGE('',*,*,#3428,.F.);
#1893=ORIENTED_EDGE('',*,*,#3429,.T.);
#1894=ORIENTED_EDGE('',*,*,#3404,.T.);
#1895=ORIENTED_EDGE('',*,*,#3430,.F.);
#1896=ORIENTED_EDGE('',*,*,#3431,.F.);
#1897=ORIENTED_EDGE('',*,*,#3432,.T.);
#1898=ORIENTED_EDGE('',*,*,#3407,.T.);
#1899=ORIENTED_EDGE('',*,*,#3433,.F.);
#1900=ORIENTED_EDGE('',*,*,#3434,.F.);
#1901=ORIENTED_EDGE('',*,*,#3435,.T.);
#1902=ORIENTED_EDGE('',*,*,#3410,.T.);
#1903=ORIENTED_EDGE('',*,*,#3436,.F.);
#1904=ORIENTED_EDGE('',*,*,#3437,.F.);
#1905=ORIENTED_EDGE('',*,*,#3438,.T.);
#1906=ORIENTED_EDGE('',*,*,#3413,.T.);
#1907=ORIENTED_EDGE('',*,*,#3439,.F.);
#1908=ORIENTED_EDGE('',*,*,#3440,.F.);
#1909=ORIENTED_EDGE('',*,*,#3441,.T.);
#1910=ORIENTED_EDGE('',*,*,#3416,.T.);
#1911=ORIENTED_EDGE('',*,*,#3442,.F.);
#1912=ORIENTED_EDGE('',*,*,#3443,.F.);
#1913=ORIENTED_EDGE('',*,*,#3444,.T.);
#1914=ORIENTED_EDGE('',*,*,#3419,.T.);
#1915=ORIENTED_EDGE('',*,*,#3445,.F.);
#1916=ORIENTED_EDGE('',*,*,#3446,.F.);
#1917=ORIENTED_EDGE('',*,*,#3447,.T.);
#1918=ORIENTED_EDGE('',*,*,#3422,.T.);
#1919=ORIENTED_EDGE('',*,*,#3448,.F.);
#1920=ORIENTED_EDGE('',*,*,#3449,.F.);
#1921=ORIENTED_EDGE('',*,*,#3450,.T.);
#1922=ORIENTED_EDGE('',*,*,#3425,.T.);
#1923=ORIENTED_EDGE('',*,*,#3451,.F.);
#1924=ORIENTED_EDGE('',*,*,#3452,.F.);
#1925=ORIENTED_EDGE('',*,*,#3453,.T.);
#1926=ORIENTED_EDGE('',*,*,#3428,.T.);
#1927=ORIENTED_EDGE('',*,*,#3454,.T.);
#1928=ORIENTED_EDGE('',*,*,#3455,.F.);
#1929=ORIENTED_EDGE('',*,*,#3456,.T.);
#1930=ORIENTED_EDGE('',*,*,#3431,.T.);
#1931=ORIENTED_EDGE('',*,*,#3457,.T.);
#1932=ORIENTED_EDGE('',*,*,#3458,.F.);
#1933=ORIENTED_EDGE('',*,*,#3459,.T.);
#1934=ORIENTED_EDGE('',*,*,#3434,.T.);
#1935=ORIENTED_EDGE('',*,*,#3460,.T.);
#1936=ORIENTED_EDGE('',*,*,#3461,.F.);
#1937=ORIENTED_EDGE('',*,*,#3462,.T.);
#1938=ORIENTED_EDGE('',*,*,#3437,.T.);
#1939=ORIENTED_EDGE('',*,*,#3463,.T.);
#1940=ORIENTED_EDGE('',*,*,#3464,.F.);
#1941=ORIENTED_EDGE('',*,*,#3465,.T.);
#1942=ORIENTED_EDGE('',*,*,#3440,.T.);
#1943=ORIENTED_EDGE('',*,*,#3466,.T.);
#1944=ORIENTED_EDGE('',*,*,#3467,.F.);
#1945=ORIENTED_EDGE('',*,*,#3468,.T.);
#1946=ORIENTED_EDGE('',*,*,#3443,.T.);
#1947=ORIENTED_EDGE('',*,*,#3469,.T.);
#1948=ORIENTED_EDGE('',*,*,#3470,.F.);
#1949=ORIENTED_EDGE('',*,*,#3471,.T.);
#1950=ORIENTED_EDGE('',*,*,#3446,.T.);
#1951=ORIENTED_EDGE('',*,*,#3472,.T.);
#1952=ORIENTED_EDGE('',*,*,#3473,.F.);
#1953=ORIENTED_EDGE('',*,*,#3474,.T.);
#1954=ORIENTED_EDGE('',*,*,#3449,.T.);
#1955=ORIENTED_EDGE('',*,*,#3475,.T.);
#1956=ORIENTED_EDGE('',*,*,#3476,.F.);
#1957=ORIENTED_EDGE('',*,*,#3477,.T.);
#1958=ORIENTED_EDGE('',*,*,#3452,.T.);
#1959=ORIENTED_EDGE('',*,*,#3478,.T.);
#1960=ORIENTED_EDGE('',*,*,#3479,.F.);
#1961=ORIENTED_EDGE('',*,*,#3480,.T.);
#1962=ORIENTED_EDGE('',*,*,#3370,.F.);
#1963=ORIENTED_EDGE('',*,*,#3481,.T.);
#1964=ORIENTED_EDGE('',*,*,#3455,.T.);
#1965=ORIENTED_EDGE('',*,*,#3290,.T.);
#1966=ORIENTED_EDGE('',*,*,#3458,.T.);
#1967=ORIENTED_EDGE('',*,*,#3482,.T.);
#1968=ORIENTED_EDGE('',*,*,#3361,.F.);
#1969=ORIENTED_EDGE('',*,*,#3483,.T.);
#1970=ORIENTED_EDGE('',*,*,#3461,.T.);
#1971=ORIENTED_EDGE('',*,*,#3484,.T.);
#1972=ORIENTED_EDGE('',*,*,#3357,.F.);
#1973=ORIENTED_EDGE('',*,*,#3485,.T.);
#1974=ORIENTED_EDGE('',*,*,#3464,.T.);
#1975=ORIENTED_EDGE('',*,*,#3486,.T.);
#1976=ORIENTED_EDGE('',*,*,#3353,.F.);
#1977=ORIENTED_EDGE('',*,*,#3487,.T.);
#1978=ORIENTED_EDGE('',*,*,#3467,.T.);
#1979=ORIENTED_EDGE('',*,*,#3488,.T.);
#1980=ORIENTED_EDGE('',*,*,#3349,.F.);
#1981=ORIENTED_EDGE('',*,*,#3489,.T.);
#1982=ORIENTED_EDGE('',*,*,#3470,.T.);
#1983=ORIENTED_EDGE('',*,*,#3490,.T.);
#1984=ORIENTED_EDGE('',*,*,#3345,.F.);
#1985=ORIENTED_EDGE('',*,*,#3491,.T.);
#1986=ORIENTED_EDGE('',*,*,#3473,.T.);
#1987=ORIENTED_EDGE('',*,*,#3492,.T.);
#1988=ORIENTED_EDGE('',*,*,#3341,.F.);
#1989=ORIENTED_EDGE('',*,*,#3493,.T.);
#1990=ORIENTED_EDGE('',*,*,#3476,.T.);
#1991=ORIENTED_EDGE('',*,*,#3494,.T.);
#1992=ORIENTED_EDGE('',*,*,#3337,.F.);
#1993=ORIENTED_EDGE('',*,*,#3495,.T.);
#1994=ORIENTED_EDGE('',*,*,#3479,.T.);
#1995=ORIENTED_EDGE('',*,*,#3496,.T.);
#1996=ORIENTED_EDGE('',*,*,#3333,.F.);
#1997=ORIENTED_EDGE('',*,*,#3497,.T.);
#1998=ORIENTED_EDGE('',*,*,#3498,.F.);
#1999=ORIENTED_EDGE('',*,*,#3499,.T.);
#2000=ORIENTED_EDGE('',*,*,#3371,.T.);
#2001=ORIENTED_EDGE('',*,*,#3288,.T.);
#2002=ORIENTED_EDGE('',*,*,#3327,.T.);
#2003=ORIENTED_EDGE('',*,*,#3500,.T.);
#2004=ORIENTED_EDGE('',*,*,#3501,.F.);
#2005=ORIENTED_EDGE('',*,*,#3502,.T.);
#2006=ORIENTED_EDGE('',*,*,#3323,.T.);
#2007=ORIENTED_EDGE('',*,*,#3503,.T.);
#2008=ORIENTED_EDGE('',*,*,#3504,.F.);
#2009=ORIENTED_EDGE('',*,*,#3505,.T.);
#2010=ORIENTED_EDGE('',*,*,#3319,.T.);
#2011=ORIENTED_EDGE('',*,*,#3506,.T.);
#2012=ORIENTED_EDGE('',*,*,#3507,.F.);
#2013=ORIENTED_EDGE('',*,*,#3508,.T.);
#2014=ORIENTED_EDGE('',*,*,#3315,.T.);
#2015=ORIENTED_EDGE('',*,*,#3509,.T.);
#2016=ORIENTED_EDGE('',*,*,#3510,.F.);
#2017=ORIENTED_EDGE('',*,*,#3511,.T.);
#2018=ORIENTED_EDGE('',*,*,#3311,.T.);
#2019=ORIENTED_EDGE('',*,*,#3512,.T.);
#2020=ORIENTED_EDGE('',*,*,#3513,.F.);
#2021=ORIENTED_EDGE('',*,*,#3514,.T.);
#2022=ORIENTED_EDGE('',*,*,#3307,.T.);
#2023=ORIENTED_EDGE('',*,*,#3515,.T.);
#2024=ORIENTED_EDGE('',*,*,#3516,.F.);
#2025=ORIENTED_EDGE('',*,*,#3517,.T.);
#2026=ORIENTED_EDGE('',*,*,#3303,.T.);
#2027=ORIENTED_EDGE('',*,*,#3518,.T.);
#2028=ORIENTED_EDGE('',*,*,#3519,.F.);
#2029=ORIENTED_EDGE('',*,*,#3520,.T.);
#2030=ORIENTED_EDGE('',*,*,#3498,.T.);
#2031=ORIENTED_EDGE('',*,*,#3521,.T.);
#2032=ORIENTED_EDGE('',*,*,#3522,.F.);
#2033=ORIENTED_EDGE('',*,*,#3523,.T.);
#2034=ORIENTED_EDGE('',*,*,#3501,.T.);
#2035=ORIENTED_EDGE('',*,*,#3524,.T.);
#2036=ORIENTED_EDGE('',*,*,#3525,.F.);
#2037=ORIENTED_EDGE('',*,*,#3526,.T.);
#2038=ORIENTED_EDGE('',*,*,#3504,.T.);
#2039=ORIENTED_EDGE('',*,*,#3527,.T.);
#2040=ORIENTED_EDGE('',*,*,#3528,.F.);
#2041=ORIENTED_EDGE('',*,*,#3529,.T.);
#2042=ORIENTED_EDGE('',*,*,#3507,.T.);
#2043=ORIENTED_EDGE('',*,*,#3530,.T.);
#2044=ORIENTED_EDGE('',*,*,#3531,.F.);
#2045=ORIENTED_EDGE('',*,*,#3532,.T.);
#2046=ORIENTED_EDGE('',*,*,#3510,.T.);
#2047=ORIENTED_EDGE('',*,*,#3533,.T.);
#2048=ORIENTED_EDGE('',*,*,#3534,.F.);
#2049=ORIENTED_EDGE('',*,*,#3535,.T.);
#2050=ORIENTED_EDGE('',*,*,#3513,.T.);
#2051=ORIENTED_EDGE('',*,*,#3536,.T.);
#2052=ORIENTED_EDGE('',*,*,#3537,.F.);
#2053=ORIENTED_EDGE('',*,*,#3538,.T.);
#2054=ORIENTED_EDGE('',*,*,#3516,.T.);
#2055=ORIENTED_EDGE('',*,*,#3539,.T.);
#2056=ORIENTED_EDGE('',*,*,#3540,.F.);
#2057=ORIENTED_EDGE('',*,*,#3541,.T.);
#2058=ORIENTED_EDGE('',*,*,#3519,.T.);
#2059=ORIENTED_EDGE('',*,*,#3542,.T.);
#2060=ORIENTED_EDGE('',*,*,#3543,.F.);
#2061=ORIENTED_EDGE('',*,*,#3544,.T.);
#2062=ORIENTED_EDGE('',*,*,#3522,.T.);
#2063=ORIENTED_EDGE('',*,*,#3545,.F.);
#2064=ORIENTED_EDGE('',*,*,#3546,.F.);
#2065=ORIENTED_EDGE('',*,*,#3547,.T.);
#2066=ORIENTED_EDGE('',*,*,#3525,.T.);
#2067=ORIENTED_EDGE('',*,*,#3548,.F.);
#2068=ORIENTED_EDGE('',*,*,#3549,.F.);
#2069=ORIENTED_EDGE('',*,*,#3550,.T.);
#2070=ORIENTED_EDGE('',*,*,#3528,.T.);
#2071=ORIENTED_EDGE('',*,*,#3551,.F.);
#2072=ORIENTED_EDGE('',*,*,#3552,.F.);
#2073=ORIENTED_EDGE('',*,*,#3553,.T.);
#2074=ORIENTED_EDGE('',*,*,#3531,.T.);
#2075=ORIENTED_EDGE('',*,*,#3554,.F.);
#2076=ORIENTED_EDGE('',*,*,#3555,.F.);
#2077=ORIENTED_EDGE('',*,*,#3556,.T.);
#2078=ORIENTED_EDGE('',*,*,#3534,.T.);
#2079=ORIENTED_EDGE('',*,*,#3557,.F.);
#2080=ORIENTED_EDGE('',*,*,#3558,.F.);
#2081=ORIENTED_EDGE('',*,*,#3559,.T.);
#2082=ORIENTED_EDGE('',*,*,#3537,.T.);
#2083=ORIENTED_EDGE('',*,*,#3560,.F.);
#2084=ORIENTED_EDGE('',*,*,#3561,.F.);
#2085=ORIENTED_EDGE('',*,*,#3562,.T.);
#2086=ORIENTED_EDGE('',*,*,#3540,.T.);
#2087=ORIENTED_EDGE('',*,*,#3563,.F.);
#2088=ORIENTED_EDGE('',*,*,#3564,.F.);
#2089=ORIENTED_EDGE('',*,*,#3565,.T.);
#2090=ORIENTED_EDGE('',*,*,#3543,.T.);
#2091=ORIENTED_EDGE('',*,*,#3566,.F.);
#2092=ORIENTED_EDGE('',*,*,#3567,.F.);
#2093=ORIENTED_EDGE('',*,*,#3568,.T.);
#2094=ORIENTED_EDGE('',*,*,#3546,.T.);
#2095=ORIENTED_EDGE('',*,*,#3569,.T.);
#2096=ORIENTED_EDGE('',*,*,#3570,.F.);
#2097=ORIENTED_EDGE('',*,*,#3571,.T.);
#2098=ORIENTED_EDGE('',*,*,#3549,.T.);
#2099=ORIENTED_EDGE('',*,*,#3572,.T.);
#2100=ORIENTED_EDGE('',*,*,#3573,.F.);
#2101=ORIENTED_EDGE('',*,*,#3574,.T.);
#2102=ORIENTED_EDGE('',*,*,#3552,.T.);
#2103=ORIENTED_EDGE('',*,*,#3575,.T.);
#2104=ORIENTED_EDGE('',*,*,#3576,.F.);
#2105=ORIENTED_EDGE('',*,*,#3577,.T.);
#2106=ORIENTED_EDGE('',*,*,#3555,.T.);
#2107=ORIENTED_EDGE('',*,*,#3578,.T.);
#2108=ORIENTED_EDGE('',*,*,#3579,.F.);
#2109=ORIENTED_EDGE('',*,*,#3580,.T.);
#2110=ORIENTED_EDGE('',*,*,#3558,.T.);
#2111=ORIENTED_EDGE('',*,*,#3581,.T.);
#2112=ORIENTED_EDGE('',*,*,#3582,.F.);
#2113=ORIENTED_EDGE('',*,*,#3583,.T.);
#2114=ORIENTED_EDGE('',*,*,#3561,.T.);
#2115=ORIENTED_EDGE('',*,*,#3584,.T.);
#2116=ORIENTED_EDGE('',*,*,#3585,.F.);
#2117=ORIENTED_EDGE('',*,*,#3586,.T.);
#2118=ORIENTED_EDGE('',*,*,#3564,.T.);
#2119=ORIENTED_EDGE('',*,*,#3587,.T.);
#2120=ORIENTED_EDGE('',*,*,#3588,.F.);
#2121=ORIENTED_EDGE('',*,*,#3589,.T.);
#2122=ORIENTED_EDGE('',*,*,#3567,.T.);
#2123=ORIENTED_EDGE('',*,*,#3590,.T.);
#2124=ORIENTED_EDGE('',*,*,#3591,.F.);
#2125=ORIENTED_EDGE('',*,*,#3592,.T.);
#2126=ORIENTED_EDGE('',*,*,#3373,.F.);
#2127=ORIENTED_EDGE('',*,*,#3593,.T.);
#2128=ORIENTED_EDGE('',*,*,#3570,.T.);
#2129=ORIENTED_EDGE('',*,*,#3286,.T.);
#2130=ORIENTED_EDGE('',*,*,#3573,.T.);
#2131=ORIENTED_EDGE('',*,*,#3594,.T.);
#2132=ORIENTED_EDGE('',*,*,#3329,.F.);
#2133=ORIENTED_EDGE('',*,*,#3595,.T.);
#2134=ORIENTED_EDGE('',*,*,#3576,.T.);
#2135=ORIENTED_EDGE('',*,*,#3596,.T.);
#2136=ORIENTED_EDGE('',*,*,#3325,.F.);
#2137=ORIENTED_EDGE('',*,*,#3597,.T.);
#2138=ORIENTED_EDGE('',*,*,#3579,.T.);
#2139=ORIENTED_EDGE('',*,*,#3598,.T.);
#2140=ORIENTED_EDGE('',*,*,#3321,.F.);
#2141=ORIENTED_EDGE('',*,*,#3599,.T.);
#2142=ORIENTED_EDGE('',*,*,#3582,.T.);
#2143=ORIENTED_EDGE('',*,*,#3600,.T.);
#2144=ORIENTED_EDGE('',*,*,#3317,.F.);
#2145=ORIENTED_EDGE('',*,*,#3601,.T.);
#2146=ORIENTED_EDGE('',*,*,#3585,.T.);
#2147=ORIENTED_EDGE('',*,*,#3602,.T.);
#2148=ORIENTED_EDGE('',*,*,#3313,.F.);
#2149=ORIENTED_EDGE('',*,*,#3603,.T.);
#2150=ORIENTED_EDGE('',*,*,#3588,.T.);
#2151=ORIENTED_EDGE('',*,*,#3604,.T.);
#2152=ORIENTED_EDGE('',*,*,#3309,.F.);
#2153=ORIENTED_EDGE('',*,*,#3605,.T.);
#2154=ORIENTED_EDGE('',*,*,#3591,.T.);
#2155=ORIENTED_EDGE('',*,*,#3606,.T.);
#2156=ORIENTED_EDGE('',*,*,#3305,.F.);
#2157=ORIENTED_EDGE('',*,*,#3607,.T.);
#2158=ORIENTED_EDGE('',*,*,#3367,.T.);
#2159=ORIENTED_EDGE('',*,*,#3608,.T.);
#2160=ORIENTED_EDGE('',*,*,#3609,.F.);
#2161=ORIENTED_EDGE('',*,*,#3276,.F.);
#2162=ORIENTED_EDGE('',*,*,#3609,.T.);
#2163=ORIENTED_EDGE('',*,*,#3610,.T.);
#2164=ORIENTED_EDGE('',*,*,#3611,.F.);
#2165=ORIENTED_EDGE('',*,*,#3612,.T.);
#2166=ORIENTED_EDGE('',*,*,#3611,.T.);
#2167=ORIENTED_EDGE('',*,*,#3613,.F.);
#2168=ORIENTED_EDGE('',*,*,#3614,.F.);
#2169=ORIENTED_EDGE('',*,*,#3615,.T.);
#2170=ORIENTED_EDGE('',*,*,#3614,.T.);
#2171=ORIENTED_EDGE('',*,*,#3616,.T.);
#2172=ORIENTED_EDGE('',*,*,#3617,.F.);
#2173=ORIENTED_EDGE('',*,*,#3618,.T.);
#2174=ORIENTED_EDGE('',*,*,#3617,.T.);
#2175=ORIENTED_EDGE('',*,*,#3619,.T.);
#2176=ORIENTED_EDGE('',*,*,#3365,.F.);
#2177=ORIENTED_EDGE('',*,*,#3278,.F.);
#2178=ORIENTED_EDGE('',*,*,#3364,.T.);
#2179=ORIENTED_EDGE('',*,*,#3620,.T.);
#2180=ORIENTED_EDGE('',*,*,#3621,.F.);
#2181=ORIENTED_EDGE('',*,*,#3280,.F.);
#2182=ORIENTED_EDGE('',*,*,#3621,.T.);
#2183=ORIENTED_EDGE('',*,*,#3622,.T.);
#2184=ORIENTED_EDGE('',*,*,#3623,.F.);
#2185=ORIENTED_EDGE('',*,*,#3624,.T.);
#2186=ORIENTED_EDGE('',*,*,#3623,.T.);
#2187=ORIENTED_EDGE('',*,*,#3625,.F.);
#2188=ORIENTED_EDGE('',*,*,#3626,.F.);
#2189=ORIENTED_EDGE('',*,*,#3627,.T.);
#2190=ORIENTED_EDGE('',*,*,#3626,.T.);
#2191=ORIENTED_EDGE('',*,*,#3628,.T.);
#2192=ORIENTED_EDGE('',*,*,#3629,.F.);
#2193=ORIENTED_EDGE('',*,*,#3630,.T.);
#2194=ORIENTED_EDGE('',*,*,#3629,.T.);
#2195=ORIENTED_EDGE('',*,*,#3631,.T.);
#2196=ORIENTED_EDGE('',*,*,#3362,.F.);
#2197=ORIENTED_EDGE('',*,*,#3282,.F.);
#2198=ORIENTED_EDGE('',*,*,#3291,.F.);
#2199=ORIENTED_EDGE('',*,*,#3454,.F.);
#2200=ORIENTED_EDGE('',*,*,#3427,.T.);
#2201=ORIENTED_EDGE('',*,*,#3400,.F.);
#2202=ORIENTED_EDGE('',*,*,#3287,.F.);
#2203=ORIENTED_EDGE('',*,*,#3569,.F.);
#2204=ORIENTED_EDGE('',*,*,#3545,.T.);
#2205=ORIENTED_EDGE('',*,*,#3521,.F.);
#2206=ORIENTED_EDGE('',*,*,#3615,.F.);
#2207=ORIENTED_EDGE('',*,*,#3618,.F.);
#2208=ORIENTED_EDGE('',*,*,#3277,.T.);
#2209=ORIENTED_EDGE('',*,*,#3612,.F.);
#2210=ORIENTED_EDGE('',*,*,#3627,.F.);
#2211=ORIENTED_EDGE('',*,*,#3630,.F.);
#2212=ORIENTED_EDGE('',*,*,#3281,.T.);
#2213=ORIENTED_EDGE('',*,*,#3624,.F.);
#2214=ORIENTED_EDGE('',*,*,#3363,.F.);
#2215=ORIENTED_EDGE('',*,*,#3631,.F.);
#2216=ORIENTED_EDGE('',*,*,#3632,.T.);
#2217=ORIENTED_EDGE('',*,*,#3620,.F.);
#2218=ORIENTED_EDGE('',*,*,#3633,.F.);
#2219=ORIENTED_EDGE('',*,*,#3607,.F.);
#2220=ORIENTED_EDGE('',*,*,#3304,.T.);
#2221=ORIENTED_EDGE('',*,*,#3520,.F.);
#2222=ORIENTED_EDGE('',*,*,#3632,.F.);
#2223=ORIENTED_EDGE('',*,*,#3628,.F.);
#2224=ORIENTED_EDGE('',*,*,#3625,.T.);
#2225=ORIENTED_EDGE('',*,*,#3622,.F.);
#2226=ORIENTED_EDGE('',*,*,#3568,.F.);
#2227=ORIENTED_EDGE('',*,*,#3592,.F.);
#2228=ORIENTED_EDGE('',*,*,#3633,.T.);
#2229=ORIENTED_EDGE('',*,*,#3544,.F.);
#2230=ORIENTED_EDGE('',*,*,#3302,.F.);
#2231=ORIENTED_EDGE('',*,*,#3606,.F.);
#2232=ORIENTED_EDGE('',*,*,#3634,.T.);
#2233=ORIENTED_EDGE('',*,*,#3518,.F.);
#2234=ORIENTED_EDGE('',*,*,#3634,.F.);
#2235=ORIENTED_EDGE('',*,*,#3590,.F.);
#2236=ORIENTED_EDGE('',*,*,#3566,.T.);
#2237=ORIENTED_EDGE('',*,*,#3542,.F.);
#2238=ORIENTED_EDGE('',*,*,#3635,.F.);
#2239=ORIENTED_EDGE('',*,*,#3605,.F.);
#2240=ORIENTED_EDGE('',*,*,#3308,.T.);
#2241=ORIENTED_EDGE('',*,*,#3517,.F.);
#2242=ORIENTED_EDGE('',*,*,#3565,.F.);
#2243=ORIENTED_EDGE('',*,*,#3589,.F.);
#2244=ORIENTED_EDGE('',*,*,#3635,.T.);
#2245=ORIENTED_EDGE('',*,*,#3541,.F.);
#2246=ORIENTED_EDGE('',*,*,#3306,.F.);
#2247=ORIENTED_EDGE('',*,*,#3604,.F.);
#2248=ORIENTED_EDGE('',*,*,#3636,.T.);
#2249=ORIENTED_EDGE('',*,*,#3515,.F.);
#2250=ORIENTED_EDGE('',*,*,#3637,.F.);
#2251=ORIENTED_EDGE('',*,*,#3603,.F.);
#2252=ORIENTED_EDGE('',*,*,#3312,.T.);
#2253=ORIENTED_EDGE('',*,*,#3514,.F.);
#2254=ORIENTED_EDGE('',*,*,#3636,.F.);
#2255=ORIENTED_EDGE('',*,*,#3587,.F.);
#2256=ORIENTED_EDGE('',*,*,#3563,.T.);
#2257=ORIENTED_EDGE('',*,*,#3539,.F.);
#2258=ORIENTED_EDGE('',*,*,#3562,.F.);
#2259=ORIENTED_EDGE('',*,*,#3586,.F.);
#2260=ORIENTED_EDGE('',*,*,#3637,.T.);
#2261=ORIENTED_EDGE('',*,*,#3538,.F.);
#2262=ORIENTED_EDGE('',*,*,#3310,.F.);
#2263=ORIENTED_EDGE('',*,*,#3602,.F.);
#2264=ORIENTED_EDGE('',*,*,#3638,.T.);
#2265=ORIENTED_EDGE('',*,*,#3512,.F.);
#2266=ORIENTED_EDGE('',*,*,#3639,.F.);
#2267=ORIENTED_EDGE('',*,*,#3601,.F.);
#2268=ORIENTED_EDGE('',*,*,#3316,.T.);
#2269=ORIENTED_EDGE('',*,*,#3511,.F.);
#2270=ORIENTED_EDGE('',*,*,#3638,.F.);
#2271=ORIENTED_EDGE('',*,*,#3584,.F.);
#2272=ORIENTED_EDGE('',*,*,#3560,.T.);
#2273=ORIENTED_EDGE('',*,*,#3536,.F.);
#2274=ORIENTED_EDGE('',*,*,#3559,.F.);
#2275=ORIENTED_EDGE('',*,*,#3583,.F.);
#2276=ORIENTED_EDGE('',*,*,#3639,.T.);
#2277=ORIENTED_EDGE('',*,*,#3535,.F.);
#2278=ORIENTED_EDGE('',*,*,#3314,.F.);
#2279=ORIENTED_EDGE('',*,*,#3600,.F.);
#2280=ORIENTED_EDGE('',*,*,#3640,.T.);
#2281=ORIENTED_EDGE('',*,*,#3509,.F.);
#2282=ORIENTED_EDGE('',*,*,#3641,.F.);
#2283=ORIENTED_EDGE('',*,*,#3599,.F.);
#2284=ORIENTED_EDGE('',*,*,#3320,.T.);
#2285=ORIENTED_EDGE('',*,*,#3508,.F.);
#2286=ORIENTED_EDGE('',*,*,#3640,.F.);
#2287=ORIENTED_EDGE('',*,*,#3581,.F.);
#2288=ORIENTED_EDGE('',*,*,#3557,.T.);
#2289=ORIENTED_EDGE('',*,*,#3533,.F.);
#2290=ORIENTED_EDGE('',*,*,#3556,.F.);
#2291=ORIENTED_EDGE('',*,*,#3580,.F.);
#2292=ORIENTED_EDGE('',*,*,#3641,.T.);
#2293=ORIENTED_EDGE('',*,*,#3532,.F.);
#2294=ORIENTED_EDGE('',*,*,#3318,.F.);
#2295=ORIENTED_EDGE('',*,*,#3598,.F.);
#2296=ORIENTED_EDGE('',*,*,#3642,.T.);
#2297=ORIENTED_EDGE('',*,*,#3506,.F.);
#2298=ORIENTED_EDGE('',*,*,#3643,.F.);
#2299=ORIENTED_EDGE('',*,*,#3597,.F.);
#2300=ORIENTED_EDGE('',*,*,#3324,.T.);
#2301=ORIENTED_EDGE('',*,*,#3505,.F.);
#2302=ORIENTED_EDGE('',*,*,#3642,.F.);
#2303=ORIENTED_EDGE('',*,*,#3578,.F.);
#2304=ORIENTED_EDGE('',*,*,#3554,.T.);
#2305=ORIENTED_EDGE('',*,*,#3530,.F.);
#2306=ORIENTED_EDGE('',*,*,#3553,.F.);
#2307=ORIENTED_EDGE('',*,*,#3577,.F.);
#2308=ORIENTED_EDGE('',*,*,#3643,.T.);
#2309=ORIENTED_EDGE('',*,*,#3529,.F.);
#2310=ORIENTED_EDGE('',*,*,#3322,.F.);
#2311=ORIENTED_EDGE('',*,*,#3596,.F.);
#2312=ORIENTED_EDGE('',*,*,#3644,.T.);
#2313=ORIENTED_EDGE('',*,*,#3503,.F.);
#2314=ORIENTED_EDGE('',*,*,#3645,.F.);
#2315=ORIENTED_EDGE('',*,*,#3595,.F.);
#2316=ORIENTED_EDGE('',*,*,#3328,.T.);
#2317=ORIENTED_EDGE('',*,*,#3502,.F.);
#2318=ORIENTED_EDGE('',*,*,#3644,.F.);
#2319=ORIENTED_EDGE('',*,*,#3575,.F.);
#2320=ORIENTED_EDGE('',*,*,#3551,.T.);
#2321=ORIENTED_EDGE('',*,*,#3527,.F.);
#2322=ORIENTED_EDGE('',*,*,#3550,.F.);
#2323=ORIENTED_EDGE('',*,*,#3574,.F.);
#2324=ORIENTED_EDGE('',*,*,#3645,.T.);
#2325=ORIENTED_EDGE('',*,*,#3526,.F.);
#2326=ORIENTED_EDGE('',*,*,#3326,.F.);
#2327=ORIENTED_EDGE('',*,*,#3594,.F.);
#2328=ORIENTED_EDGE('',*,*,#3646,.T.);
#2329=ORIENTED_EDGE('',*,*,#3500,.F.);
#2330=ORIENTED_EDGE('',*,*,#3647,.F.);
#2331=ORIENTED_EDGE('',*,*,#3593,.F.);
#2332=ORIENTED_EDGE('',*,*,#3372,.T.);
#2333=ORIENTED_EDGE('',*,*,#3499,.F.);
#2334=ORIENTED_EDGE('',*,*,#3646,.F.);
#2335=ORIENTED_EDGE('',*,*,#3572,.F.);
#2336=ORIENTED_EDGE('',*,*,#3548,.T.);
#2337=ORIENTED_EDGE('',*,*,#3524,.F.);
#2338=ORIENTED_EDGE('',*,*,#3547,.F.);
#2339=ORIENTED_EDGE('',*,*,#3571,.F.);
#2340=ORIENTED_EDGE('',*,*,#3647,.T.);
#2341=ORIENTED_EDGE('',*,*,#3523,.F.);
#2342=ORIENTED_EDGE('',*,*,#3366,.F.);
#2343=ORIENTED_EDGE('',*,*,#3619,.F.);
#2344=ORIENTED_EDGE('',*,*,#3648,.T.);
#2345=ORIENTED_EDGE('',*,*,#3608,.F.);
#2346=ORIENTED_EDGE('',*,*,#3649,.F.);
#2347=ORIENTED_EDGE('',*,*,#3497,.F.);
#2348=ORIENTED_EDGE('',*,*,#3332,.T.);
#2349=ORIENTED_EDGE('',*,*,#3399,.F.);
#2350=ORIENTED_EDGE('',*,*,#3648,.F.);
#2351=ORIENTED_EDGE('',*,*,#3616,.F.);
#2352=ORIENTED_EDGE('',*,*,#3613,.T.);
#2353=ORIENTED_EDGE('',*,*,#3610,.F.);
#2354=ORIENTED_EDGE('',*,*,#3453,.F.);
#2355=ORIENTED_EDGE('',*,*,#3480,.F.);
#2356=ORIENTED_EDGE('',*,*,#3649,.T.);
#2357=ORIENTED_EDGE('',*,*,#3426,.F.);
#2358=ORIENTED_EDGE('',*,*,#3330,.F.);
#2359=ORIENTED_EDGE('',*,*,#3496,.F.);
#2360=ORIENTED_EDGE('',*,*,#3650,.T.);
#2361=ORIENTED_EDGE('',*,*,#3397,.F.);
#2362=ORIENTED_EDGE('',*,*,#3651,.F.);
#2363=ORIENTED_EDGE('',*,*,#3495,.F.);
#2364=ORIENTED_EDGE('',*,*,#3336,.T.);
#2365=ORIENTED_EDGE('',*,*,#3396,.F.);
#2366=ORIENTED_EDGE('',*,*,#3650,.F.);
#2367=ORIENTED_EDGE('',*,*,#3478,.F.);
#2368=ORIENTED_EDGE('',*,*,#3451,.T.);
#2369=ORIENTED_EDGE('',*,*,#3424,.F.);
#2370=ORIENTED_EDGE('',*,*,#3450,.F.);
#2371=ORIENTED_EDGE('',*,*,#3477,.F.);
#2372=ORIENTED_EDGE('',*,*,#3651,.T.);
#2373=ORIENTED_EDGE('',*,*,#3423,.F.);
#2374=ORIENTED_EDGE('',*,*,#3334,.F.);
#2375=ORIENTED_EDGE('',*,*,#3494,.F.);
#2376=ORIENTED_EDGE('',*,*,#3652,.T.);
#2377=ORIENTED_EDGE('',*,*,#3394,.F.);
#2378=ORIENTED_EDGE('',*,*,#3653,.F.);
#2379=ORIENTED_EDGE('',*,*,#3493,.F.);
#2380=ORIENTED_EDGE('',*,*,#3340,.T.);
#2381=ORIENTED_EDGE('',*,*,#3393,.F.);
#2382=ORIENTED_EDGE('',*,*,#3652,.F.);
#2383=ORIENTED_EDGE('',*,*,#3475,.F.);
#2384=ORIENTED_EDGE('',*,*,#3448,.T.);
#2385=ORIENTED_EDGE('',*,*,#3421,.F.);
#2386=ORIENTED_EDGE('',*,*,#3447,.F.);
#2387=ORIENTED_EDGE('',*,*,#3474,.F.);
#2388=ORIENTED_EDGE('',*,*,#3653,.T.);
#2389=ORIENTED_EDGE('',*,*,#3420,.F.);
#2390=ORIENTED_EDGE('',*,*,#3338,.F.);
#2391=ORIENTED_EDGE('',*,*,#3492,.F.);
#2392=ORIENTED_EDGE('',*,*,#3654,.T.);
#2393=ORIENTED_EDGE('',*,*,#3391,.F.);
#2394=ORIENTED_EDGE('',*,*,#3655,.F.);
#2395=ORIENTED_EDGE('',*,*,#3491,.F.);
#2396=ORIENTED_EDGE('',*,*,#3344,.T.);
#2397=ORIENTED_EDGE('',*,*,#3390,.F.);
#2398=ORIENTED_EDGE('',*,*,#3654,.F.);
#2399=ORIENTED_EDGE('',*,*,#3472,.F.);
#2400=ORIENTED_EDGE('',*,*,#3445,.T.);
#2401=ORIENTED_EDGE('',*,*,#3418,.F.);
#2402=ORIENTED_EDGE('',*,*,#3444,.F.);
#2403=ORIENTED_EDGE('',*,*,#3471,.F.);
#2404=ORIENTED_EDGE('',*,*,#3655,.T.);
#2405=ORIENTED_EDGE('',*,*,#3417,.F.);
#2406=ORIENTED_EDGE('',*,*,#3342,.F.);
#2407=ORIENTED_EDGE('',*,*,#3490,.F.);
#2408=ORIENTED_EDGE('',*,*,#3656,.T.);
#2409=ORIENTED_EDGE('',*,*,#3388,.F.);
#2410=ORIENTED_EDGE('',*,*,#3657,.F.);
#2411=ORIENTED_EDGE('',*,*,#3489,.F.);
#2412=ORIENTED_EDGE('',*,*,#3348,.T.);
#2413=ORIENTED_EDGE('',*,*,#3387,.F.);
#2414=ORIENTED_EDGE('',*,*,#3656,.F.);
#2415=ORIENTED_EDGE('',*,*,#3469,.F.);
#2416=ORIENTED_EDGE('',*,*,#3442,.T.);
#2417=ORIENTED_EDGE('',*,*,#3415,.F.);
#2418=ORIENTED_EDGE('',*,*,#3441,.F.);
#2419=ORIENTED_EDGE('',*,*,#3468,.F.);
#2420=ORIENTED_EDGE('',*,*,#3657,.T.);
#2421=ORIENTED_EDGE('',*,*,#3414,.F.);
#2422=ORIENTED_EDGE('',*,*,#3346,.F.);
#2423=ORIENTED_EDGE('',*,*,#3488,.F.);
#2424=ORIENTED_EDGE('',*,*,#3658,.T.);
#2425=ORIENTED_EDGE('',*,*,#3385,.F.);
#2426=ORIENTED_EDGE('',*,*,#3659,.F.);
#2427=ORIENTED_EDGE('',*,*,#3487,.F.);
#2428=ORIENTED_EDGE('',*,*,#3352,.T.);
#2429=ORIENTED_EDGE('',*,*,#3384,.F.);
#2430=ORIENTED_EDGE('',*,*,#3658,.F.);
#2431=ORIENTED_EDGE('',*,*,#3466,.F.);
#2432=ORIENTED_EDGE('',*,*,#3439,.T.);
#2433=ORIENTED_EDGE('',*,*,#3412,.F.);
#2434=ORIENTED_EDGE('',*,*,#3438,.F.);
#2435=ORIENTED_EDGE('',*,*,#3465,.F.);
#2436=ORIENTED_EDGE('',*,*,#3659,.T.);
#2437=ORIENTED_EDGE('',*,*,#3411,.F.);
#2438=ORIENTED_EDGE('',*,*,#3350,.F.);
#2439=ORIENTED_EDGE('',*,*,#3486,.F.);
#2440=ORIENTED_EDGE('',*,*,#3660,.T.);
#2441=ORIENTED_EDGE('',*,*,#3382,.F.);
#2442=ORIENTED_EDGE('',*,*,#3661,.F.);
#2443=ORIENTED_EDGE('',*,*,#3485,.F.);
#2444=ORIENTED_EDGE('',*,*,#3356,.T.);
#2445=ORIENTED_EDGE('',*,*,#3381,.F.);
#2446=ORIENTED_EDGE('',*,*,#3660,.F.);
#2447=ORIENTED_EDGE('',*,*,#3463,.F.);
#2448=ORIENTED_EDGE('',*,*,#3436,.T.);
#2449=ORIENTED_EDGE('',*,*,#3409,.F.);
#2450=ORIENTED_EDGE('',*,*,#3435,.F.);
#2451=ORIENTED_EDGE('',*,*,#3462,.F.);
#2452=ORIENTED_EDGE('',*,*,#3661,.T.);
#2453=ORIENTED_EDGE('',*,*,#3408,.F.);
#2454=ORIENTED_EDGE('',*,*,#3354,.F.);
#2455=ORIENTED_EDGE('',*,*,#3484,.F.);
#2456=ORIENTED_EDGE('',*,*,#3662,.T.);
#2457=ORIENTED_EDGE('',*,*,#3379,.F.);
#2458=ORIENTED_EDGE('',*,*,#3663,.F.);
#2459=ORIENTED_EDGE('',*,*,#3483,.F.);
#2460=ORIENTED_EDGE('',*,*,#3360,.T.);
#2461=ORIENTED_EDGE('',*,*,#3378,.F.);
#2462=ORIENTED_EDGE('',*,*,#3662,.F.);
#2463=ORIENTED_EDGE('',*,*,#3460,.F.);
#2464=ORIENTED_EDGE('',*,*,#3433,.T.);
#2465=ORIENTED_EDGE('',*,*,#3406,.F.);
#2466=ORIENTED_EDGE('',*,*,#3432,.F.);
#2467=ORIENTED_EDGE('',*,*,#3459,.F.);
#2468=ORIENTED_EDGE('',*,*,#3663,.T.);
#2469=ORIENTED_EDGE('',*,*,#3405,.F.);
#2470=ORIENTED_EDGE('',*,*,#3358,.F.);
#2471=ORIENTED_EDGE('',*,*,#3482,.F.);
#2472=ORIENTED_EDGE('',*,*,#3664,.T.);
#2473=ORIENTED_EDGE('',*,*,#3376,.F.);
#2474=ORIENTED_EDGE('',*,*,#3665,.F.);
#2475=ORIENTED_EDGE('',*,*,#3481,.F.);
#2476=ORIENTED_EDGE('',*,*,#3369,.T.);
#2477=ORIENTED_EDGE('',*,*,#3375,.F.);
#2478=ORIENTED_EDGE('',*,*,#3664,.F.);
#2479=ORIENTED_EDGE('',*,*,#3457,.F.);
#2480=ORIENTED_EDGE('',*,*,#3430,.T.);
#2481=ORIENTED_EDGE('',*,*,#3403,.F.);
#2482=ORIENTED_EDGE('',*,*,#3429,.F.);
#2483=ORIENTED_EDGE('',*,*,#3456,.F.);
#2484=ORIENTED_EDGE('',*,*,#3665,.T.);
#2485=ORIENTED_EDGE('',*,*,#3402,.F.);
#2486=ORIENTED_EDGE('',*,*,#3266,.T.);
#2487=ORIENTED_EDGE('',*,*,#3274,.F.);
#2488=ORIENTED_EDGE('',*,*,#3270,.T.);
#2489=ORIENTED_EDGE('',*,*,#3294,.T.);
#2490=ORIENTED_EDGE('',*,*,#3297,.T.);
#2491=ORIENTED_EDGE('',*,*,#3300,.F.);
#2492=ORIENTED_EDGE('',*,*,#3262,.T.);
#2493=ORIENTED_EDGE('',*,*,#3284,.T.);
#2494=EDGE_CURVE('',#3666,#3667,#4422,.T.);
#2495=EDGE_CURVE('',#3666,#3668,#4423,.T.);
#2496=EDGE_CURVE('',#3668,#3669,#4424,.T.);
#2497=EDGE_CURVE('',#3669,#3667,#4425,.T.);
#2498=EDGE_CURVE('',#3670,#3671,#4426,.T.);
#2499=EDGE_CURVE('',#3671,#3672,#4427,.T.);
#2500=EDGE_CURVE('',#3673,#3672,#4428,.T.);
#2501=EDGE_CURVE('',#3670,#3673,#4429,.T.);
#2502=EDGE_CURVE('',#3674,#3675,#4430,.T.);
#2503=EDGE_CURVE('',#3674,#3676,#4431,.T.);
#2504=EDGE_CURVE('',#3677,#3676,#4432,.T.);
#2505=EDGE_CURVE('',#3675,#3677,#4433,.T.);
#2506=EDGE_CURVE('',#3678,#3672,#4434,.T.);
#2507=EDGE_CURVE('',#3679,#3678,#4435,.T.);
#2508=EDGE_CURVE('',#3680,#3679,#4436,.T.);
#2509=EDGE_CURVE('',#3680,#3677,#4437,.T.);
#2510=EDGE_CURVE('',#3681,#3676,#4438,.T.);
#2511=EDGE_CURVE('',#3682,#3681,#4439,.T.);
#2512=EDGE_CURVE('',#3683,#3682,#4440,.T.);
#2513=EDGE_CURVE('',#3683,#3669,#4441,.T.);
#2514=EDGE_CURVE('',#3684,#3668,#4442,.T.);
#2515=EDGE_CURVE('',#3685,#3684,#4443,.T.);
#2516=EDGE_CURVE('',#3686,#3685,#4444,.T.);
#2517=EDGE_CURVE('',#3687,#3686,#4445,.T.);
#2518=EDGE_CURVE('',#3673,#3687,#4446,.T.);
#2519=EDGE_CURVE('',#3688,#3686,#4447,.T.);
#2520=EDGE_CURVE('',#3689,#3688,#4448,.T.);
#2521=EDGE_CURVE('',#3687,#3689,#4449,.T.);
#2522=EDGE_CURVE('',#3690,#3691,#4450,.T.);
#2523=EDGE_CURVE('',#3691,#3671,#4451,.T.);
#2524=EDGE_CURVE('',#3689,#3670,#4452,.T.);
#2525=EDGE_CURVE('',#3688,#3692,#4453,.T.);
#2526=EDGE_CURVE('',#3692,#3693,#4454,.T.);
#2527=EDGE_CURVE('',#3693,#3666,#4455,.T.);
#2528=EDGE_CURVE('',#3667,#3694,#4456,.T.);
#2529=EDGE_CURVE('',#3694,#3695,#4457,.T.);
#2530=EDGE_CURVE('',#3695,#3696,#4458,.T.);
#2531=EDGE_CURVE('',#3696,#3674,#4459,.T.);
#2532=EDGE_CURVE('',#3697,#3675,#4460,.T.);
#2533=EDGE_CURVE('',#3697,#3690,#4461,.T.);
#2534=EDGE_CURVE('',#3698,#3699,#4462,.T.);
#2535=EDGE_CURVE('',#3700,#3698,#4463,.T.);
#2536=EDGE_CURVE('',#3700,#3701,#4464,.T.);
#2537=EDGE_CURVE('',#3701,#3699,#4465,.T.);
#2538=EDGE_CURVE('',#3702,#3698,#4466,.T.);
#2539=EDGE_CURVE('',#3703,#3702,#4467,.T.);
#2540=EDGE_CURVE('',#3703,#3700,#4468,.T.);
#2541=EDGE_CURVE('',#3704,#3702,#4469,.T.);
#2542=EDGE_CURVE('',#3705,#3704,#4470,.T.);
#2543=EDGE_CURVE('',#3705,#3703,#4471,.T.);
#2544=EDGE_CURVE('',#3706,#3707,#4472,.T.);
#2545=EDGE_CURVE('',#3708,#3706,#4473,.T.);
#2546=EDGE_CURVE('',#3708,#3709,#4474,.T.);
#2547=EDGE_CURVE('',#3709,#3707,#4475,.T.);
#2548=EDGE_CURVE('',#3710,#3706,#4476,.T.);
#2549=EDGE_CURVE('',#3711,#3710,#4477,.T.);
#2550=EDGE_CURVE('',#3711,#3708,#4478,.T.);
#2551=EDGE_CURVE('',#3712,#3710,#4479,.T.);
#2552=EDGE_CURVE('',#3713,#3712,#4480,.T.);
#2553=EDGE_CURVE('',#3713,#3711,#4481,.T.);
#2554=EDGE_CURVE('',#3714,#3715,#4482,.T.);
#2555=EDGE_CURVE('',#3716,#3714,#4483,.T.);
#2556=EDGE_CURVE('',#3716,#3717,#4484,.T.);
#2557=EDGE_CURVE('',#3717,#3715,#4485,.T.);
#2558=EDGE_CURVE('',#3718,#3714,#4486,.T.);
#2559=EDGE_CURVE('',#3719,#3718,#4487,.T.);
#2560=EDGE_CURVE('',#3719,#3716,#4488,.T.);
#2561=EDGE_CURVE('',#3720,#3718,#4489,.T.);
#2562=EDGE_CURVE('',#3721,#3720,#4490,.T.);
#2563=EDGE_CURVE('',#3721,#3719,#4491,.T.);
#2564=EDGE_CURVE('',#3722,#3723,#4492,.T.);
#2565=EDGE_CURVE('',#3724,#3722,#4493,.T.);
#2566=EDGE_CURVE('',#3724,#3725,#4494,.T.);
#2567=EDGE_CURVE('',#3725,#3723,#4495,.T.);
#2568=EDGE_CURVE('',#3726,#3722,#4496,.T.);
#2569=EDGE_CURVE('',#3727,#3726,#4497,.T.);
#2570=EDGE_CURVE('',#3727,#3724,#4498,.T.);
#2571=EDGE_CURVE('',#3728,#3726,#4499,.T.);
#2572=EDGE_CURVE('',#3729,#3728,#4500,.T.);
#2573=EDGE_CURVE('',#3729,#3727,#4501,.T.);
#2574=EDGE_CURVE('',#3730,#3731,#4502,.T.);
#2575=EDGE_CURVE('',#3732,#3730,#4503,.T.);
#2576=EDGE_CURVE('',#3732,#3733,#4504,.T.);
#2577=EDGE_CURVE('',#3733,#3731,#4505,.T.);
#2578=EDGE_CURVE('',#3734,#3730,#4506,.T.);
#2579=EDGE_CURVE('',#3735,#3734,#4507,.T.);
#2580=EDGE_CURVE('',#3735,#3732,#4508,.T.);
#2581=EDGE_CURVE('',#3736,#3734,#4509,.T.);
#2582=EDGE_CURVE('',#3737,#3736,#4510,.T.);
#2583=EDGE_CURVE('',#3737,#3735,#4511,.T.);
#2584=EDGE_CURVE('',#3738,#3739,#4512,.T.);
#2585=EDGE_CURVE('',#3740,#3738,#4513,.T.);
#2586=EDGE_CURVE('',#3740,#3741,#4514,.T.);
#2587=EDGE_CURVE('',#3741,#3739,#4515,.T.);
#2588=EDGE_CURVE('',#3742,#3738,#4516,.T.);
#2589=EDGE_CURVE('',#3743,#3742,#4517,.T.);
#2590=EDGE_CURVE('',#3743,#3740,#4518,.T.);
#2591=EDGE_CURVE('',#3744,#3742,#4519,.T.);
#2592=EDGE_CURVE('',#3745,#3744,#4520,.T.);
#2593=EDGE_CURVE('',#3745,#3743,#4521,.T.);
#2594=EDGE_CURVE('',#3746,#3747,#4522,.T.);
#2595=EDGE_CURVE('',#3748,#3746,#4523,.T.);
#2596=EDGE_CURVE('',#3748,#3749,#4524,.T.);
#2597=EDGE_CURVE('',#3749,#3747,#4525,.T.);
#2598=EDGE_CURVE('',#3750,#3746,#4526,.T.);
#2599=EDGE_CURVE('',#3751,#3750,#4527,.T.);
#2600=EDGE_CURVE('',#3751,#3748,#4528,.T.);
#2601=EDGE_CURVE('',#3752,#3750,#4529,.T.);
#2602=EDGE_CURVE('',#3753,#3752,#4530,.T.);
#2603=EDGE_CURVE('',#3753,#3751,#4531,.T.);
#2604=EDGE_CURVE('',#3754,#3755,#4532,.T.);
#2605=EDGE_CURVE('',#3756,#3754,#4533,.T.);
#2606=EDGE_CURVE('',#3756,#3757,#4534,.T.);
#2607=EDGE_CURVE('',#3757,#3755,#4535,.T.);
#2608=EDGE_CURVE('',#3758,#3754,#4536,.T.);
#2609=EDGE_CURVE('',#3759,#3758,#4537,.T.);
#2610=EDGE_CURVE('',#3759,#3756,#4538,.T.);
#2611=EDGE_CURVE('',#3760,#3758,#4539,.T.);
#2612=EDGE_CURVE('',#3761,#3760,#4540,.T.);
#2613=EDGE_CURVE('',#3761,#3759,#4541,.T.);
#2614=EDGE_CURVE('',#3762,#3763,#4542,.T.);
#2615=EDGE_CURVE('',#3764,#3762,#4543,.T.);
#2616=EDGE_CURVE('',#3764,#3765,#4544,.T.);
#2617=EDGE_CURVE('',#3765,#3763,#4545,.T.);
#2618=EDGE_CURVE('',#3766,#3762,#4546,.T.);
#2619=EDGE_CURVE('',#3767,#3766,#4547,.T.);
#2620=EDGE_CURVE('',#3767,#3764,#4548,.T.);
#2621=EDGE_CURVE('',#3768,#3766,#4549,.T.);
#2622=EDGE_CURVE('',#3769,#3768,#4550,.T.);
#2623=EDGE_CURVE('',#3769,#3767,#4551,.T.);
#2624=EDGE_CURVE('',#3770,#3771,#4552,.T.);
#2625=EDGE_CURVE('',#3772,#3770,#4553,.T.);
#2626=EDGE_CURVE('',#3772,#3773,#4554,.T.);
#2627=EDGE_CURVE('',#3773,#3771,#4555,.T.);
#2628=EDGE_CURVE('',#3774,#3770,#4556,.T.);
#2629=EDGE_CURVE('',#3775,#3774,#4557,.T.);
#2630=EDGE_CURVE('',#3775,#3772,#4558,.T.);
#2631=EDGE_CURVE('',#3776,#3774,#4559,.T.);
#2632=EDGE_CURVE('',#3777,#3776,#4560,.T.);
#2633=EDGE_CURVE('',#3777,#3775,#4561,.T.);
#2634=EDGE_CURVE('',#3778,#3779,#4562,.T.);
#2635=EDGE_CURVE('',#3780,#3778,#4563,.T.);
#2636=EDGE_CURVE('',#3780,#3781,#4564,.T.);
#2637=EDGE_CURVE('',#3781,#3779,#4565,.T.);
#2638=EDGE_CURVE('',#3782,#3778,#4566,.T.);
#2639=EDGE_CURVE('',#3783,#3782,#4567,.T.);
#2640=EDGE_CURVE('',#3783,#3780,#4568,.T.);
#2641=EDGE_CURVE('',#3784,#3782,#4569,.T.);
#2642=EDGE_CURVE('',#3785,#3784,#4570,.T.);
#2643=EDGE_CURVE('',#3785,#3783,#4571,.T.);
#2644=EDGE_CURVE('',#3786,#3787,#4572,.T.);
#2645=EDGE_CURVE('',#3788,#3786,#4573,.T.);
#2646=EDGE_CURVE('',#3788,#3789,#4574,.T.);
#2647=EDGE_CURVE('',#3789,#3787,#4575,.T.);
#2648=EDGE_CURVE('',#3790,#3786,#4576,.T.);
#2649=EDGE_CURVE('',#3791,#3790,#4577,.T.);
#2650=EDGE_CURVE('',#3791,#3788,#4578,.T.);
#2651=EDGE_CURVE('',#3792,#3790,#4579,.T.);
#2652=EDGE_CURVE('',#3793,#3792,#4580,.T.);
#2653=EDGE_CURVE('',#3793,#3791,#4581,.T.);
#2654=EDGE_CURVE('',#3794,#3795,#4582,.T.);
#2655=EDGE_CURVE('',#3796,#3794,#4583,.T.);
#2656=EDGE_CURVE('',#3796,#3797,#4584,.T.);
#2657=EDGE_CURVE('',#3797,#3795,#4585,.T.);
#2658=EDGE_CURVE('',#3798,#3794,#4586,.T.);
#2659=EDGE_CURVE('',#3799,#3798,#4587,.T.);
#2660=EDGE_CURVE('',#3799,#3796,#4588,.T.);
#2661=EDGE_CURVE('',#3800,#3798,#4589,.T.);
#2662=EDGE_CURVE('',#3801,#3800,#4590,.T.);
#2663=EDGE_CURVE('',#3801,#3799,#4591,.T.);
#2664=EDGE_CURVE('',#3802,#3803,#4592,.T.);
#2665=EDGE_CURVE('',#3804,#3802,#4593,.T.);
#2666=EDGE_CURVE('',#3804,#3805,#4594,.T.);
#2667=EDGE_CURVE('',#3805,#3803,#4595,.T.);
#2668=EDGE_CURVE('',#3806,#3802,#4596,.T.);
#2669=EDGE_CURVE('',#3807,#3806,#4597,.T.);
#2670=EDGE_CURVE('',#3807,#3804,#4598,.T.);
#2671=EDGE_CURVE('',#3808,#3806,#4599,.T.);
#2672=EDGE_CURVE('',#3809,#3808,#4600,.T.);
#2673=EDGE_CURVE('',#3809,#3807,#4601,.T.);
#2674=EDGE_CURVE('',#3810,#3811,#4602,.T.);
#2675=EDGE_CURVE('',#3812,#3810,#4603,.T.);
#2676=EDGE_CURVE('',#3812,#3813,#4604,.T.);
#2677=EDGE_CURVE('',#3813,#3811,#4605,.T.);
#2678=EDGE_CURVE('',#3814,#3810,#4606,.T.);
#2679=EDGE_CURVE('',#3815,#3814,#4607,.T.);
#2680=EDGE_CURVE('',#3815,#3812,#4608,.T.);
#2681=EDGE_CURVE('',#3816,#3814,#4609,.T.);
#2682=EDGE_CURVE('',#3817,#3816,#4610,.T.);
#2683=EDGE_CURVE('',#3817,#3815,#4611,.T.);
#2684=EDGE_CURVE('',#3818,#3819,#4612,.T.);
#2685=EDGE_CURVE('',#3820,#3818,#4613,.T.);
#2686=EDGE_CURVE('',#3820,#3821,#4614,.T.);
#2687=EDGE_CURVE('',#3821,#3819,#4615,.T.);
#2688=EDGE_CURVE('',#3822,#3818,#4616,.T.);
#2689=EDGE_CURVE('',#3823,#3822,#4617,.T.);
#2690=EDGE_CURVE('',#3823,#3820,#4618,.T.);
#2691=EDGE_CURVE('',#3824,#3822,#4619,.T.);
#2692=EDGE_CURVE('',#3825,#3824,#4620,.T.);
#2693=EDGE_CURVE('',#3825,#3823,#4621,.T.);
#2694=EDGE_CURVE('',#3826,#3827,#4622,.T.);
#2695=EDGE_CURVE('',#3828,#3826,#4623,.T.);
#2696=EDGE_CURVE('',#3828,#3829,#4624,.T.);
#2697=EDGE_CURVE('',#3829,#3827,#4625,.T.);
#2698=EDGE_CURVE('',#3830,#3826,#4626,.T.);
#2699=EDGE_CURVE('',#3831,#3830,#4627,.T.);
#2700=EDGE_CURVE('',#3831,#3828,#4628,.T.);
#2701=EDGE_CURVE('',#3832,#3830,#4629,.T.);
#2702=EDGE_CURVE('',#3833,#3832,#4630,.T.);
#2703=EDGE_CURVE('',#3833,#3831,#4631,.T.);
#2704=EDGE_CURVE('',#3834,#3835,#4632,.T.);
#2705=EDGE_CURVE('',#3836,#3834,#4633,.T.);
#2706=EDGE_CURVE('',#3836,#3837,#4634,.T.);
#2707=EDGE_CURVE('',#3837,#3835,#4635,.T.);
#2708=EDGE_CURVE('',#3838,#3834,#4636,.T.);
#2709=EDGE_CURVE('',#3839,#3838,#4637,.T.);
#2710=EDGE_CURVE('',#3839,#3836,#4638,.T.);
#2711=EDGE_CURVE('',#3840,#3838,#4639,.T.);
#2712=EDGE_CURVE('',#3841,#3840,#4640,.T.);
#2713=EDGE_CURVE('',#3841,#3839,#4641,.T.);
#2714=EDGE_CURVE('',#3842,#3843,#4642,.T.);
#2715=EDGE_CURVE('',#3844,#3842,#4643,.T.);
#2716=EDGE_CURVE('',#3844,#3845,#4644,.T.);
#2717=EDGE_CURVE('',#3845,#3843,#4645,.T.);
#2718=EDGE_CURVE('',#3846,#3842,#4646,.T.);
#2719=EDGE_CURVE('',#3847,#3846,#4647,.T.);
#2720=EDGE_CURVE('',#3847,#3844,#4648,.T.);
#2721=EDGE_CURVE('',#3848,#3846,#4649,.T.);
#2722=EDGE_CURVE('',#3849,#3848,#4650,.T.);
#2723=EDGE_CURVE('',#3849,#3847,#4651,.T.);
#2724=EDGE_CURVE('',#3850,#3851,#4652,.T.);
#2725=EDGE_CURVE('',#3852,#3850,#4653,.T.);
#2726=EDGE_CURVE('',#3852,#3853,#4654,.T.);
#2727=EDGE_CURVE('',#3853,#3851,#4655,.T.);
#2728=EDGE_CURVE('',#3854,#3850,#4656,.T.);
#2729=EDGE_CURVE('',#3855,#3854,#4657,.T.);
#2730=EDGE_CURVE('',#3855,#3852,#4658,.T.);
#2731=EDGE_CURVE('',#3856,#3854,#4659,.T.);
#2732=EDGE_CURVE('',#3857,#3856,#4660,.T.);
#2733=EDGE_CURVE('',#3857,#3855,#4661,.T.);
#2734=EDGE_CURVE('',#3699,#3704,#4662,.T.);
#2735=EDGE_CURVE('',#3701,#3705,#4663,.T.);
#2736=EDGE_CURVE('',#3707,#3712,#4664,.T.);
#2737=EDGE_CURVE('',#3709,#3713,#4665,.T.);
#2738=EDGE_CURVE('',#3715,#3720,#4666,.T.);
#2739=EDGE_CURVE('',#3717,#3721,#4667,.T.);
#2740=EDGE_CURVE('',#3723,#3728,#4668,.T.);
#2741=EDGE_CURVE('',#3725,#3729,#4669,.T.);
#2742=EDGE_CURVE('',#3731,#3736,#4670,.T.);
#2743=EDGE_CURVE('',#3733,#3737,#4671,.T.);
#2744=EDGE_CURVE('',#3739,#3744,#4672,.T.);
#2745=EDGE_CURVE('',#3741,#3745,#4673,.T.);
#2746=EDGE_CURVE('',#3747,#3752,#4674,.T.);
#2747=EDGE_CURVE('',#3749,#3753,#4675,.T.);
#2748=EDGE_CURVE('',#3755,#3760,#4676,.T.);
#2749=EDGE_CURVE('',#3757,#3761,#4677,.T.);
#2750=EDGE_CURVE('',#3763,#3768,#4678,.T.);
#2751=EDGE_CURVE('',#3765,#3769,#4679,.T.);
#2752=EDGE_CURVE('',#3771,#3776,#4680,.T.);
#2753=EDGE_CURVE('',#3773,#3777,#4681,.T.);
#2754=EDGE_CURVE('',#3779,#3784,#4682,.T.);
#2755=EDGE_CURVE('',#3781,#3785,#4683,.T.);
#2756=EDGE_CURVE('',#3787,#3792,#4684,.T.);
#2757=EDGE_CURVE('',#3789,#3793,#4685,.T.);
#2758=EDGE_CURVE('',#3795,#3800,#4686,.T.);
#2759=EDGE_CURVE('',#3797,#3801,#4687,.T.);
#2760=EDGE_CURVE('',#3803,#3808,#4688,.T.);
#2761=EDGE_CURVE('',#3805,#3809,#4689,.T.);
#2762=EDGE_CURVE('',#3811,#3816,#4690,.T.);
#2763=EDGE_CURVE('',#3813,#3817,#4691,.T.);
#2764=EDGE_CURVE('',#3819,#3824,#4692,.T.);
#2765=EDGE_CURVE('',#3821,#3825,#4693,.T.);
#2766=EDGE_CURVE('',#3827,#3832,#4694,.T.);
#2767=EDGE_CURVE('',#3829,#3833,#4695,.T.);
#2768=EDGE_CURVE('',#3835,#3840,#4696,.T.);
#2769=EDGE_CURVE('',#3837,#3841,#4697,.T.);
#2770=EDGE_CURVE('',#3843,#3848,#4698,.T.);
#2771=EDGE_CURVE('',#3845,#3849,#4699,.T.);
#2772=EDGE_CURVE('',#3851,#3856,#4700,.T.);
#2773=EDGE_CURVE('',#3853,#3857,#4701,.T.);
#2774=EDGE_CURVE('',#3697,#3680,#4702,.T.);
#2775=EDGE_CURVE('',#3694,#3683,#4703,.T.);
#2776=EDGE_CURVE('',#3696,#3681,#4704,.T.);
#2777=EDGE_CURVE('',#3695,#3682,#4705,.T.);
#2778=EDGE_CURVE('',#3691,#3678,#4706,.T.);
#2779=EDGE_CURVE('',#3690,#3679,#4707,.T.);
#2780=EDGE_CURVE('',#3693,#3684,#4708,.T.);
#2781=EDGE_CURVE('',#3692,#3685,#4709,.T.);
#2782=EDGE_CURVE('',#3858,#3859,#4710,.T.);
#2783=EDGE_CURVE('',#3858,#3860,#4711,.T.);
#2784=EDGE_CURVE('',#3861,#3860,#4712,.T.);
#2785=EDGE_CURVE('',#3859,#3861,#4713,.T.);
#2786=EDGE_CURVE('',#3862,#3863,#4714,.T.);
#2787=EDGE_CURVE('',#3864,#3862,#4715,.T.);
#2788=EDGE_CURVE('',#3864,#3865,#4716,.T.);
#2789=EDGE_CURVE('',#3865,#3863,#4717,.T.);
#2790=EDGE_CURVE('',#3866,#3867,#4718,.T.);
#2791=EDGE_CURVE('',#3866,#3868,#4719,.T.);
#2792=EDGE_CURVE('',#3869,#3868,#4720,.T.);
#2793=EDGE_CURVE('',#3867,#3869,#4721,.T.);
#2794=EDGE_CURVE('',#3862,#3867,#4722,.T.);
#2795=EDGE_CURVE('',#3869,#3870,#4723,.T.);
#2796=EDGE_CURVE('',#3870,#3871,#4724,.T.);
#2797=EDGE_CURVE('',#3872,#3871,#56,.T.);
#2798=EDGE_CURVE('',#3872,#3873,#4725,.T.);
#2799=EDGE_CURVE('',#3873,#3874,#4726,.T.);
#2800=EDGE_CURVE('',#3874,#3875,#4727,.T.);
#2801=EDGE_CURVE('',#3875,#3876,#57,.T.);
#2802=EDGE_CURVE('',#3876,#3877,#4728,.T.);
#2803=EDGE_CURVE('',#3877,#3878,#4729,.T.);
#2804=EDGE_CURVE('',#3878,#3879,#4730,.T.);
#2805=EDGE_CURVE('',#3879,#3880,#58,.T.);
#2806=EDGE_CURVE('',#3880,#3881,#4731,.T.);
#2807=EDGE_CURVE('',#3881,#3882,#4732,.T.);
#2808=EDGE_CURVE('',#3882,#3883,#4733,.T.);
#2809=EDGE_CURVE('',#3884,#3883,#59,.T.);
#2810=EDGE_CURVE('',#3884,#3885,#4734,.T.);
#2811=EDGE_CURVE('',#3885,#3864,#4735,.T.);
#2812=EDGE_CURVE('',#3863,#3858,#4736,.T.);
#2813=EDGE_CURVE('',#3886,#3865,#4737,.T.);
#2814=EDGE_CURVE('',#3887,#3886,#4738,.T.);
#2815=EDGE_CURVE('',#3887,#3888,#60,.T.);
#2816=EDGE_CURVE('',#3889,#3888,#4739,.T.);
#2817=EDGE_CURVE('',#3890,#3889,#4740,.T.);
#2818=EDGE_CURVE('',#3891,#3890,#4741,.T.);
#2819=EDGE_CURVE('',#3892,#3891,#61,.T.);
#2820=EDGE_CURVE('',#3893,#3892,#4742,.T.);
#2821=EDGE_CURVE('',#3894,#3893,#4743,.T.);
#2822=EDGE_CURVE('',#3895,#3894,#4744,.T.);
#2823=EDGE_CURVE('',#3896,#3895,#62,.T.);
#2824=EDGE_CURVE('',#3897,#3896,#4745,.T.);
#2825=EDGE_CURVE('',#3898,#3897,#4746,.T.);
#2826=EDGE_CURVE('',#3899,#3898,#4747,.T.);
#2827=EDGE_CURVE('',#3899,#3900,#63,.T.);
#2828=EDGE_CURVE('',#3901,#3900,#4748,.T.);
#2829=EDGE_CURVE('',#3860,#3901,#4749,.T.);
#2830=EDGE_CURVE('',#3902,#3866,#4750,.T.);
#2831=EDGE_CURVE('',#3903,#3902,#4751,.T.);
#2832=EDGE_CURVE('',#3868,#3903,#4752,.T.);
#2833=EDGE_CURVE('',#3904,#3902,#4753,.T.);
#2834=EDGE_CURVE('',#3905,#3904,#4754,.T.);
#2835=EDGE_CURVE('',#3903,#3905,#4755,.T.);
#2836=EDGE_CURVE('',#3904,#3859,#4756,.T.);
#2837=EDGE_CURVE('',#3861,#3905,#4757,.T.);
#2838=EDGE_CURVE('',#3906,#3907,#4758,.T.);
#2839=EDGE_CURVE('',#3906,#3908,#4759,.T.);
#2840=EDGE_CURVE('',#3908,#3909,#4760,.T.);
#2841=EDGE_CURVE('',#3907,#3909,#4761,.T.);
#2842=EDGE_CURVE('',#3910,#3911,#4762,.T.);
#2843=EDGE_CURVE('',#3910,#3912,#4763,.T.);
#2844=EDGE_CURVE('',#3912,#3913,#4764,.T.);
#2845=EDGE_CURVE('',#3911,#3913,#4765,.T.);
#2846=EDGE_CURVE('',#3914,#3915,#4766,.T.);
#2847=EDGE_CURVE('',#3914,#3916,#4767,.T.);
#2848=EDGE_CURVE('',#3916,#3917,#4768,.T.);
#2849=EDGE_CURVE('',#3915,#3917,#4769,.T.);
#2850=EDGE_CURVE('',#3918,#3919,#4770,.T.);
#2851=EDGE_CURVE('',#3918,#3920,#4771,.T.);
#2852=EDGE_CURVE('',#3920,#3921,#4772,.T.);
#2853=EDGE_CURVE('',#3919,#3921,#4773,.T.);
#2854=EDGE_CURVE('',#3922,#3923,#4774,.T.);
#2855=EDGE_CURVE('',#3922,#3924,#4775,.T.);
#2856=EDGE_CURVE('',#3924,#3925,#4776,.T.);
#2857=EDGE_CURVE('',#3923,#3925,#4777,.T.);
#2858=EDGE_CURVE('',#3926,#3927,#4778,.T.);
#2859=EDGE_CURVE('',#3926,#3928,#4779,.T.);
#2860=EDGE_CURVE('',#3928,#3929,#4780,.T.);
#2861=EDGE_CURVE('',#3927,#3929,#4781,.T.);
#2862=EDGE_CURVE('',#3930,#3931,#4782,.T.);
#2863=EDGE_CURVE('',#3930,#3932,#4783,.T.);
#2864=EDGE_CURVE('',#3932,#3933,#4784,.T.);
#2865=EDGE_CURVE('',#3931,#3933,#4785,.T.);
#2866=EDGE_CURVE('',#3934,#3935,#4786,.T.);
#2867=EDGE_CURVE('',#3934,#3936,#4787,.T.);
#2868=EDGE_CURVE('',#3936,#3937,#4788,.T.);
#2869=EDGE_CURVE('',#3935,#3937,#4789,.T.);
#2870=EDGE_CURVE('',#3938,#3939,#4790,.T.);
#2871=EDGE_CURVE('',#3939,#3940,#4791,.T.);
#2872=EDGE_CURVE('',#3941,#3940,#4792,.T.);
#2873=EDGE_CURVE('',#3938,#3941,#4793,.T.);
#2874=EDGE_CURVE('',#3942,#3943,#4794,.T.);
#2875=EDGE_CURVE('',#3943,#3944,#4795,.T.);
#2876=EDGE_CURVE('',#3945,#3944,#4796,.T.);
#2877=EDGE_CURVE('',#3942,#3945,#4797,.T.);
#2878=EDGE_CURVE('',#3946,#3947,#4798,.T.);
#2879=EDGE_CURVE('',#3947,#3948,#4799,.T.);
#2880=EDGE_CURVE('',#3949,#3948,#4800,.T.);
#2881=EDGE_CURVE('',#3946,#3949,#4801,.T.);
#2882=EDGE_CURVE('',#3950,#3951,#4802,.T.);
#2883=EDGE_CURVE('',#3951,#3952,#4803,.T.);
#2884=EDGE_CURVE('',#3953,#3952,#4804,.T.);
#2885=EDGE_CURVE('',#3950,#3953,#4805,.T.);
#2886=EDGE_CURVE('',#3954,#3955,#4806,.T.);
#2887=EDGE_CURVE('',#3955,#3956,#4807,.T.);
#2888=EDGE_CURVE('',#3957,#3956,#4808,.T.);
#2889=EDGE_CURVE('',#3954,#3957,#4809,.T.);
#2890=EDGE_CURVE('',#3958,#3959,#4810,.T.);
#2891=EDGE_CURVE('',#3959,#3960,#4811,.T.);
#2892=EDGE_CURVE('',#3961,#3960,#4812,.T.);
#2893=EDGE_CURVE('',#3958,#3961,#4813,.T.);
#2894=EDGE_CURVE('',#3962,#3963,#4814,.T.);
#2895=EDGE_CURVE('',#3963,#3964,#4815,.T.);
#2896=EDGE_CURVE('',#3965,#3964,#4816,.T.);
#2897=EDGE_CURVE('',#3962,#3965,#4817,.T.);
#2898=EDGE_CURVE('',#3966,#3901,#4818,.T.);
#2899=EDGE_CURVE('',#3966,#3967,#4819,.T.);
#2900=EDGE_CURVE('',#3967,#3894,#4820,.T.);
#2901=EDGE_CURVE('',#3968,#3893,#4821,.T.);
#2902=EDGE_CURVE('',#3968,#3969,#4822,.T.);
#2903=EDGE_CURVE('',#3969,#3886,#4823,.T.);
#2904=EDGE_CURVE('',#3885,#3970,#4824,.T.);
#2905=EDGE_CURVE('',#3971,#3970,#4825,.T.);
#2906=EDGE_CURVE('',#3878,#3971,#4826,.T.);
#2907=EDGE_CURVE('',#3877,#3972,#4827,.T.);
#2908=EDGE_CURVE('',#3973,#3972,#4828,.T.);
#2909=EDGE_CURVE('',#3870,#3973,#4829,.T.);
#2910=EDGE_CURVE('',#3873,#3974,#4830,.T.);
#2911=EDGE_CURVE('',#3974,#3975,#4831,.T.);
#2912=EDGE_CURVE('',#3874,#3975,#4832,.T.);
#2913=EDGE_CURVE('',#3976,#3977,#4833,.T.);
#2914=EDGE_CURVE('',#3976,#3978,#4834,.T.);
#2915=EDGE_CURVE('',#3978,#3979,#4835,.T.);
#2916=EDGE_CURVE('',#3979,#3977,#4836,.T.);
#2917=EDGE_CURVE('',#3980,#3981,#4837,.T.);
#2918=EDGE_CURVE('',#3980,#3982,#4838,.T.);
#2919=EDGE_CURVE('',#3982,#3983,#4839,.T.);
#2920=EDGE_CURVE('',#3983,#3981,#4840,.T.);
#2921=EDGE_CURVE('',#3984,#3985,#4841,.T.);
#2922=EDGE_CURVE('',#3984,#3986,#4842,.T.);
#2923=EDGE_CURVE('',#3986,#3987,#4843,.T.);
#2924=EDGE_CURVE('',#3987,#3985,#4844,.T.);
#2925=EDGE_CURVE('',#3988,#3989,#4845,.T.);
#2926=EDGE_CURVE('',#3988,#3990,#4846,.T.);
#2927=EDGE_CURVE('',#3990,#3991,#4847,.T.);
#2928=EDGE_CURVE('',#3991,#3989,#4848,.T.);
#2929=EDGE_CURVE('',#3992,#3993,#4849,.T.);
#2930=EDGE_CURVE('',#3992,#3994,#4850,.T.);
#2931=EDGE_CURVE('',#3994,#3995,#4851,.T.);
#2932=EDGE_CURVE('',#3995,#3993,#4852,.T.);
#2933=EDGE_CURVE('',#3996,#3997,#4853,.T.);
#2934=EDGE_CURVE('',#3996,#3998,#4854,.T.);
#2935=EDGE_CURVE('',#3998,#3999,#4855,.T.);
#2936=EDGE_CURVE('',#3999,#3997,#4856,.T.);
#2937=EDGE_CURVE('',#4000,#4001,#4857,.T.);
#2938=EDGE_CURVE('',#4000,#4002,#4858,.T.);
#2939=EDGE_CURVE('',#4002,#4003,#4859,.T.);
#2940=EDGE_CURVE('',#4003,#4001,#4860,.T.);
#2941=EDGE_CURVE('',#3975,#4004,#4861,.T.);
#2942=EDGE_CURVE('',#3875,#4004,#4862,.T.);
#2943=EDGE_CURVE('',#4005,#4006,#4863,.T.);
#2944=EDGE_CURVE('',#3976,#4005,#4864,.T.);
#2945=EDGE_CURVE('',#3977,#4006,#4865,.T.);
#2946=EDGE_CURVE('',#4007,#4008,#4866,.T.);
#2947=EDGE_CURVE('',#3980,#4007,#4867,.T.);
#2948=EDGE_CURVE('',#3981,#4008,#4868,.T.);
#2949=EDGE_CURVE('',#4009,#4010,#4869,.T.);
#2950=EDGE_CURVE('',#3984,#4009,#4870,.T.);
#2951=EDGE_CURVE('',#3985,#4010,#4871,.T.);
#2952=EDGE_CURVE('',#4011,#4012,#4872,.T.);
#2953=EDGE_CURVE('',#3988,#4011,#4873,.T.);
#2954=EDGE_CURVE('',#3989,#4012,#4874,.T.);
#2955=EDGE_CURVE('',#4013,#4014,#4875,.T.);
#2956=EDGE_CURVE('',#3992,#4013,#4876,.T.);
#2957=EDGE_CURVE('',#3993,#4014,#4877,.T.);
#2958=EDGE_CURVE('',#4015,#4016,#4878,.T.);
#2959=EDGE_CURVE('',#3996,#4015,#4879,.T.);
#2960=EDGE_CURVE('',#3997,#4016,#4880,.T.);
#2961=EDGE_CURVE('',#4017,#4018,#4881,.T.);
#2962=EDGE_CURVE('',#4000,#4017,#4882,.T.);
#2963=EDGE_CURVE('',#4001,#4018,#4883,.T.);
#2964=EDGE_CURVE('',#4004,#4019,#64,.T.);
#2965=EDGE_CURVE('',#3876,#4019,#4884,.T.);
#2966=EDGE_CURVE('',#4020,#4021,#4885,.T.);
#2967=EDGE_CURVE('',#4020,#4005,#65,.T.);
#2968=EDGE_CURVE('',#4006,#4021,#66,.T.);
#2969=EDGE_CURVE('',#4022,#4023,#4886,.T.);
#2970=EDGE_CURVE('',#4022,#4007,#67,.T.);
#2971=EDGE_CURVE('',#4008,#4023,#68,.T.);
#2972=EDGE_CURVE('',#4024,#4025,#4887,.T.);
#2973=EDGE_CURVE('',#4024,#4009,#69,.T.);
#2974=EDGE_CURVE('',#4010,#4025,#70,.T.);
#2975=EDGE_CURVE('',#4026,#4027,#4888,.T.);
#2976=EDGE_CURVE('',#4026,#4011,#71,.T.);
#2977=EDGE_CURVE('',#4012,#4027,#72,.T.);
#2978=EDGE_CURVE('',#4028,#4029,#4889,.T.);
#2979=EDGE_CURVE('',#4028,#4013,#73,.T.);
#2980=EDGE_CURVE('',#4014,#4029,#74,.T.);
#2981=EDGE_CURVE('',#4030,#4031,#4890,.T.);
#2982=EDGE_CURVE('',#4030,#4015,#75,.T.);
#2983=EDGE_CURVE('',#4016,#4031,#76,.T.);
#2984=EDGE_CURVE('',#4032,#4033,#4891,.T.);
#2985=EDGE_CURVE('',#4032,#4017,#77,.T.);
#2986=EDGE_CURVE('',#4018,#4033,#78,.T.);
#2987=EDGE_CURVE('',#4019,#3972,#4892,.T.);
#2988=EDGE_CURVE('',#3963,#4020,#4893,.T.);
#2989=EDGE_CURVE('',#4021,#3964,#4894,.T.);
#2990=EDGE_CURVE('',#3959,#4022,#4895,.T.);
#2991=EDGE_CURVE('',#4023,#3960,#4896,.T.);
#2992=EDGE_CURVE('',#3955,#4024,#4897,.T.);
#2993=EDGE_CURVE('',#4025,#3956,#4898,.T.);
#2994=EDGE_CURVE('',#3951,#4026,#4899,.T.);
#2995=EDGE_CURVE('',#4027,#3952,#4900,.T.);
#2996=EDGE_CURVE('',#3947,#4028,#4901,.T.);
#2997=EDGE_CURVE('',#4029,#3948,#4902,.T.);
#2998=EDGE_CURVE('',#3943,#4030,#4903,.T.);
#2999=EDGE_CURVE('',#4031,#3944,#4904,.T.);
#3000=EDGE_CURVE('',#3939,#4032,#4905,.T.);
#3001=EDGE_CURVE('',#4033,#3940,#4906,.T.);
#3002=EDGE_CURVE('',#3971,#4034,#4907,.T.);
#3003=EDGE_CURVE('',#3879,#4034,#4908,.T.);
#3004=EDGE_CURVE('',#4035,#4036,#4909,.T.);
#3005=EDGE_CURVE('',#4035,#3934,#4910,.T.);
#3006=EDGE_CURVE('',#3935,#4036,#4911,.T.);
#3007=EDGE_CURVE('',#4037,#4038,#4912,.T.);
#3008=EDGE_CURVE('',#4037,#3930,#4913,.T.);
#3009=EDGE_CURVE('',#3931,#4038,#4914,.T.);
#3010=EDGE_CURVE('',#4039,#4040,#4915,.T.);
#3011=EDGE_CURVE('',#4039,#3926,#4916,.T.);
#3012=EDGE_CURVE('',#3927,#4040,#4917,.T.);
#3013=EDGE_CURVE('',#4041,#4042,#4918,.T.);
#3014=EDGE_CURVE('',#4041,#3922,#4919,.T.);
#3015=EDGE_CURVE('',#3923,#4042,#4920,.T.);
#3016=EDGE_CURVE('',#4043,#4044,#4921,.T.);
#3017=EDGE_CURVE('',#4043,#3918,#4922,.T.);
#3018=EDGE_CURVE('',#3919,#4044,#4923,.T.);
#3019=EDGE_CURVE('',#4045,#4046,#4924,.T.);
#3020=EDGE_CURVE('',#4045,#3914,#4925,.T.);
#3021=EDGE_CURVE('',#3915,#4046,#4926,.T.);
#3022=EDGE_CURVE('',#4047,#4048,#4927,.T.);
#3023=EDGE_CURVE('',#4047,#3910,#4928,.T.);
#3024=EDGE_CURVE('',#3911,#4048,#4929,.T.);
#3025=EDGE_CURVE('',#4049,#4050,#4930,.T.);
#3026=EDGE_CURVE('',#4049,#3906,#4931,.T.);
#3027=EDGE_CURVE('',#3907,#4050,#4932,.T.);
#3028=EDGE_CURVE('',#4034,#4051,#79,.T.);
#3029=EDGE_CURVE('',#3880,#4051,#4933,.T.);
#3030=EDGE_CURVE('',#4052,#4053,#4934,.T.);
#3031=EDGE_CURVE('',#4052,#4035,#80,.T.);
#3032=EDGE_CURVE('',#4036,#4053,#81,.T.);
#3033=EDGE_CURVE('',#4054,#4055,#4935,.T.);
#3034=EDGE_CURVE('',#4054,#4037,#82,.T.);
#3035=EDGE_CURVE('',#4038,#4055,#83,.T.);
#3036=EDGE_CURVE('',#4056,#4057,#4936,.T.);
#3037=EDGE_CURVE('',#4056,#4039,#84,.T.);
#3038=EDGE_CURVE('',#4040,#4057,#85,.T.);
#3039=EDGE_CURVE('',#4058,#4059,#4937,.T.);
#3040=EDGE_CURVE('',#4058,#4041,#86,.T.);
#3041=EDGE_CURVE('',#4042,#4059,#87,.T.);
#3042=EDGE_CURVE('',#4060,#4061,#4938,.T.);
#3043=EDGE_CURVE('',#4060,#4043,#88,.T.);
#3044=EDGE_CURVE('',#4044,#4061,#89,.T.);
#3045=EDGE_CURVE('',#4062,#4063,#4939,.T.);
#3046=EDGE_CURVE('',#4062,#4045,#90,.T.);
#3047=EDGE_CURVE('',#4046,#4063,#91,.T.);
#3048=EDGE_CURVE('',#4064,#4065,#4940,.T.);
#3049=EDGE_CURVE('',#4064,#4047,#92,.T.);
#3050=EDGE_CURVE('',#4048,#4065,#93,.T.);
#3051=EDGE_CURVE('',#4066,#4067,#4941,.T.);
#3052=EDGE_CURVE('',#4066,#4049,#94,.T.);
#3053=EDGE_CURVE('',#4050,#4067,#95,.T.);
#3054=EDGE_CURVE('',#4051,#4068,#4942,.T.);
#3055=EDGE_CURVE('',#3881,#4068,#4943,.T.);
#3056=EDGE_CURVE('',#4069,#4070,#4944,.T.);
#3057=EDGE_CURVE('',#4052,#4069,#4945,.T.);
#3058=EDGE_CURVE('',#4053,#4070,#4946,.T.);
#3059=EDGE_CURVE('',#4071,#4072,#4947,.T.);
#3060=EDGE_CURVE('',#4054,#4071,#4948,.T.);
#3061=EDGE_CURVE('',#4055,#4072,#4949,.T.);
#3062=EDGE_CURVE('',#4073,#4074,#4950,.T.);
#3063=EDGE_CURVE('',#4056,#4073,#4951,.T.);
#3064=EDGE_CURVE('',#4057,#4074,#4952,.T.);
#3065=EDGE_CURVE('',#4075,#4076,#4953,.T.);
#3066=EDGE_CURVE('',#4058,#4075,#4954,.T.);
#3067=EDGE_CURVE('',#4059,#4076,#4955,.T.);
#3068=EDGE_CURVE('',#4077,#4078,#4956,.T.);
#3069=EDGE_CURVE('',#4060,#4077,#4957,.T.);
#3070=EDGE_CURVE('',#4061,#4078,#4958,.T.);
#3071=EDGE_CURVE('',#4079,#4080,#4959,.T.);
#3072=EDGE_CURVE('',#4062,#4079,#4960,.T.);
#3073=EDGE_CURVE('',#4063,#4080,#4961,.T.);
#3074=EDGE_CURVE('',#4081,#4082,#4962,.T.);
#3075=EDGE_CURVE('',#4064,#4081,#4963,.T.);
#3076=EDGE_CURVE('',#4065,#4082,#4964,.T.);
#3077=EDGE_CURVE('',#4083,#4084,#4965,.T.);
#3078=EDGE_CURVE('',#4066,#4083,#4966,.T.);
#3079=EDGE_CURVE('',#4067,#4084,#4967,.T.);
#3080=EDGE_CURVE('',#4068,#4085,#4968,.T.);
#3081=EDGE_CURVE('',#3882,#4085,#4969,.T.);
#3082=EDGE_CURVE('',#4086,#4087,#4970,.T.);
#3083=EDGE_CURVE('',#4086,#4069,#4971,.T.);
#3084=EDGE_CURVE('',#4070,#4087,#4972,.T.);
#3085=EDGE_CURVE('',#4088,#4089,#4973,.T.);
#3086=EDGE_CURVE('',#4088,#4071,#4974,.T.);
#3087=EDGE_CURVE('',#4072,#4089,#4975,.T.);
#3088=EDGE_CURVE('',#4090,#4091,#4976,.T.);
#3089=EDGE_CURVE('',#4090,#4073,#4977,.T.);
#3090=EDGE_CURVE('',#4074,#4091,#4978,.T.);
#3091=EDGE_CURVE('',#4092,#4093,#4979,.T.);
#3092=EDGE_CURVE('',#4092,#4075,#4980,.T.);
#3093=EDGE_CURVE('',#4076,#4093,#4981,.T.);
#3094=EDGE_CURVE('',#4094,#4095,#4982,.T.);
#3095=EDGE_CURVE('',#4094,#4077,#4983,.T.);
#3096=EDGE_CURVE('',#4078,#4095,#4984,.T.);
#3097=EDGE_CURVE('',#4096,#4097,#4985,.T.);
#3098=EDGE_CURVE('',#4096,#4079,#4986,.T.);
#3099=EDGE_CURVE('',#4080,#4097,#4987,.T.);
#3100=EDGE_CURVE('',#4098,#4099,#4988,.T.);
#3101=EDGE_CURVE('',#4098,#4081,#4989,.T.);
#3102=EDGE_CURVE('',#4082,#4099,#4990,.T.);
#3103=EDGE_CURVE('',#4100,#4101,#4991,.T.);
#3104=EDGE_CURVE('',#4100,#4083,#4992,.T.);
#3105=EDGE_CURVE('',#4084,#4101,#4993,.T.);
#3106=EDGE_CURVE('',#4085,#4102,#4994,.T.);
#3107=EDGE_CURVE('',#3883,#4102,#4995,.T.);
#3108=EDGE_CURVE('',#4103,#4104,#4996,.T.);
#3109=EDGE_CURVE('',#4103,#4086,#4997,.T.);
#3110=EDGE_CURVE('',#4087,#4104,#4998,.T.);
#3111=EDGE_CURVE('',#4105,#4106,#4999,.T.);
#3112=EDGE_CURVE('',#4105,#4088,#5000,.T.);
#3113=EDGE_CURVE('',#4089,#4106,#5001,.T.);
#3114=EDGE_CURVE('',#4107,#4108,#5002,.T.);
#3115=EDGE_CURVE('',#4107,#4090,#5003,.T.);
#3116=EDGE_CURVE('',#4091,#4108,#5004,.T.);
#3117=EDGE_CURVE('',#4109,#4110,#5005,.T.);
#3118=EDGE_CURVE('',#4109,#4092,#5006,.T.);
#3119=EDGE_CURVE('',#4093,#4110,#5007,.T.);
#3120=EDGE_CURVE('',#4111,#4112,#5008,.T.);
#3121=EDGE_CURVE('',#4111,#4094,#5009,.T.);
#3122=EDGE_CURVE('',#4095,#4112,#5010,.T.);
#3123=EDGE_CURVE('',#4113,#4114,#5011,.T.);
#3124=EDGE_CURVE('',#4113,#4096,#5012,.T.);
#3125=EDGE_CURVE('',#4097,#4114,#5013,.T.);
#3126=EDGE_CURVE('',#4115,#4116,#5014,.T.);
#3127=EDGE_CURVE('',#4115,#4098,#5015,.T.);
#3128=EDGE_CURVE('',#4099,#4116,#5016,.T.);
#3129=EDGE_CURVE('',#4117,#4118,#5017,.T.);
#3130=EDGE_CURVE('',#4117,#4100,#5018,.T.);
#3131=EDGE_CURVE('',#4101,#4118,#5019,.T.);
#3132=EDGE_CURVE('',#4119,#4102,#96,.T.);
#3133=EDGE_CURVE('',#3884,#4119,#5020,.T.);
#3134=EDGE_CURVE('',#4103,#4120,#97,.T.);
#3135=EDGE_CURVE('',#4121,#4104,#98,.T.);
#3136=EDGE_CURVE('',#4120,#4121,#5021,.T.);
#3137=EDGE_CURVE('',#4105,#4122,#99,.T.);
#3138=EDGE_CURVE('',#4123,#4106,#100,.T.);
#3139=EDGE_CURVE('',#4122,#4123,#5022,.T.);
#3140=EDGE_CURVE('',#4107,#4124,#101,.T.);
#3141=EDGE_CURVE('',#4125,#4108,#102,.T.);
#3142=EDGE_CURVE('',#4124,#4125,#5023,.T.);
#3143=EDGE_CURVE('',#4109,#4126,#103,.T.);
#3144=EDGE_CURVE('',#4127,#4110,#104,.T.);
#3145=EDGE_CURVE('',#4126,#4127,#5024,.T.);
#3146=EDGE_CURVE('',#4111,#4128,#105,.T.);
#3147=EDGE_CURVE('',#4129,#4112,#106,.T.);
#3148=EDGE_CURVE('',#4128,#4129,#5025,.T.);
#3149=EDGE_CURVE('',#4113,#4130,#107,.T.);
#3150=EDGE_CURVE('',#4131,#4114,#108,.T.);
#3151=EDGE_CURVE('',#4130,#4131,#5026,.T.);
#3152=EDGE_CURVE('',#4115,#4132,#109,.T.);
#3153=EDGE_CURVE('',#4133,#4116,#110,.T.);
#3154=EDGE_CURVE('',#4132,#4133,#5027,.T.);
#3155=EDGE_CURVE('',#4117,#4134,#111,.T.);
#3156=EDGE_CURVE('',#4135,#4118,#112,.T.);
#3157=EDGE_CURVE('',#4134,#4135,#5028,.T.);
#3158=EDGE_CURVE('',#4119,#3970,#5029,.T.);
#3159=EDGE_CURVE('',#3936,#4120,#5030,.T.);
#3160=EDGE_CURVE('',#4121,#3937,#5031,.T.);
#3161=EDGE_CURVE('',#3932,#4122,#5032,.T.);
#3162=EDGE_CURVE('',#4123,#3933,#5033,.T.);
#3163=EDGE_CURVE('',#3928,#4124,#5034,.T.);
#3164=EDGE_CURVE('',#4125,#3929,#5035,.T.);
#3165=EDGE_CURVE('',#3924,#4126,#5036,.T.);
#3166=EDGE_CURVE('',#4127,#3925,#5037,.T.);
#3167=EDGE_CURVE('',#3920,#4128,#5038,.T.);
#3168=EDGE_CURVE('',#4129,#3921,#5039,.T.);
#3169=EDGE_CURVE('',#3916,#4130,#5040,.T.);
#3170=EDGE_CURVE('',#4131,#3917,#5041,.T.);
#3171=EDGE_CURVE('',#3912,#4132,#5042,.T.);
#3172=EDGE_CURVE('',#4133,#3913,#5043,.T.);
#3173=EDGE_CURVE('',#3908,#4134,#5044,.T.);
#3174=EDGE_CURVE('',#4135,#3909,#5045,.T.);
#3175=EDGE_CURVE('',#3973,#4136,#5046,.T.);
#3176=EDGE_CURVE('',#3871,#4136,#5047,.T.);
#3177=EDGE_CURVE('',#4137,#4138,#5048,.T.);
#3178=EDGE_CURVE('',#4137,#3962,#5049,.T.);
#3179=EDGE_CURVE('',#3965,#4138,#5050,.T.);
#3180=EDGE_CURVE('',#4139,#4140,#5051,.T.);
#3181=EDGE_CURVE('',#4139,#3958,#5052,.T.);
#3182=EDGE_CURVE('',#3961,#4140,#5053,.T.);
#3183=EDGE_CURVE('',#4141,#4142,#5054,.T.);
#3184=EDGE_CURVE('',#4141,#3954,#5055,.T.);
#3185=EDGE_CURVE('',#3957,#4142,#5056,.T.);
#3186=EDGE_CURVE('',#4143,#4144,#5057,.T.);
#3187=EDGE_CURVE('',#4143,#3950,#5058,.T.);
#3188=EDGE_CURVE('',#3953,#4144,#5059,.T.);
#3189=EDGE_CURVE('',#4145,#4146,#5060,.T.);
#3190=EDGE_CURVE('',#4145,#3946,#5061,.T.);
#3191=EDGE_CURVE('',#3949,#4146,#5062,.T.);
#3192=EDGE_CURVE('',#4147,#4148,#5063,.T.);
#3193=EDGE_CURVE('',#4147,#3942,#5064,.T.);
#3194=EDGE_CURVE('',#3945,#4148,#5065,.T.);
#3195=EDGE_CURVE('',#4149,#4150,#5066,.T.);
#3196=EDGE_CURVE('',#4149,#3938,#5067,.T.);
#3197=EDGE_CURVE('',#3941,#4150,#5068,.T.);
#3198=EDGE_CURVE('',#4151,#4136,#113,.T.);
#3199=EDGE_CURVE('',#3872,#4151,#5069,.T.);
#3200=EDGE_CURVE('',#4137,#4152,#114,.T.);
#3201=EDGE_CURVE('',#4153,#4138,#115,.T.);
#3202=EDGE_CURVE('',#4152,#4153,#5070,.T.);
#3203=EDGE_CURVE('',#4139,#4154,#116,.T.);
#3204=EDGE_CURVE('',#4155,#4140,#117,.T.);
#3205=EDGE_CURVE('',#4154,#4155,#5071,.T.);
#3206=EDGE_CURVE('',#4141,#4156,#118,.T.);
#3207=EDGE_CURVE('',#4157,#4142,#119,.T.);
#3208=EDGE_CURVE('',#4156,#4157,#5072,.T.);
#3209=EDGE_CURVE('',#4143,#4158,#120,.T.);
#3210=EDGE_CURVE('',#4159,#4144,#121,.T.);
#3211=EDGE_CURVE('',#4158,#4159,#5073,.T.);
#3212=EDGE_CURVE('',#4145,#4160,#122,.T.);
#3213=EDGE_CURVE('',#4161,#4146,#123,.T.);
#3214=EDGE_CURVE('',#4160,#4161,#5074,.T.);
#3215=EDGE_CURVE('',#4147,#4162,#124,.T.);
#3216=EDGE_CURVE('',#4163,#4148,#125,.T.);
#3217=EDGE_CURVE('',#4162,#4163,#5075,.T.);
#3218=EDGE_CURVE('',#4149,#4164,#126,.T.);
#3219=EDGE_CURVE('',#4165,#4150,#127,.T.);
#3220=EDGE_CURVE('',#4164,#4165,#5076,.T.);
#3221=EDGE_CURVE('',#4151,#3974,#5077,.T.);
#3222=EDGE_CURVE('',#3978,#4152,#5078,.T.);
#3223=EDGE_CURVE('',#4153,#3979,#5079,.T.);
#3224=EDGE_CURVE('',#3982,#4154,#5080,.T.);
#3225=EDGE_CURVE('',#4155,#3983,#5081,.T.);
#3226=EDGE_CURVE('',#3986,#4156,#5082,.T.);
#3227=EDGE_CURVE('',#4157,#3987,#5083,.T.);
#3228=EDGE_CURVE('',#3990,#4158,#5084,.T.);
#3229=EDGE_CURVE('',#4159,#3991,#5085,.T.);
#3230=EDGE_CURVE('',#3994,#4160,#5086,.T.);
#3231=EDGE_CURVE('',#4161,#3995,#5087,.T.);
#3232=EDGE_CURVE('',#3998,#4162,#5088,.T.);
#3233=EDGE_CURVE('',#4163,#3999,#5089,.T.);
#3234=EDGE_CURVE('',#4002,#4164,#5090,.T.);
#3235=EDGE_CURVE('',#4165,#4003,#5091,.T.);
#3236=EDGE_CURVE('',#4166,#3897,#5092,.T.);
#3237=EDGE_CURVE('',#4166,#4167,#5093,.T.);
#3238=EDGE_CURVE('',#4167,#3898,#5094,.T.);
#3239=EDGE_CURVE('',#4168,#3896,#5095,.T.);
#3240=EDGE_CURVE('',#4166,#4168,#5096,.T.);
#3241=EDGE_CURVE('',#4169,#3895,#5097,.T.);
#3242=EDGE_CURVE('',#4169,#4168,#128,.T.);
#3243=EDGE_CURVE('',#3967,#4169,#5098,.T.);
#3244=EDGE_CURVE('',#4170,#3892,#5099,.T.);
#3245=EDGE_CURVE('',#4170,#3968,#5100,.T.);
#3246=EDGE_CURVE('',#4171,#3891,#5101,.T.);
#3247=EDGE_CURVE('',#4171,#4170,#129,.T.);
#3248=EDGE_CURVE('',#4172,#3890,#5102,.T.);
#3249=EDGE_CURVE('',#4171,#4172,#5103,.T.);
#3250=EDGE_CURVE('',#4173,#3889,#5104,.T.);
#3251=EDGE_CURVE('',#4173,#4172,#5105,.T.);
#3252=EDGE_CURVE('',#4174,#3888,#5106,.T.);
#3253=EDGE_CURVE('',#4174,#4173,#5107,.T.);
#3254=EDGE_CURVE('',#4174,#4175,#130,.T.);
#3255=EDGE_CURVE('',#4175,#3887,#5108,.T.);
#3256=EDGE_CURVE('',#3969,#4175,#5109,.T.);
#3257=EDGE_CURVE('',#4176,#3900,#5110,.T.);
#3258=EDGE_CURVE('',#4176,#3966,#5111,.T.);
#3259=EDGE_CURVE('',#4176,#4177,#131,.T.);
#3260=EDGE_CURVE('',#4177,#3899,#5112,.T.);
#3261=EDGE_CURVE('',#4167,#4177,#5113,.T.);
#3262=EDGE_CURVE('',#4178,#4179,#5114,.T.);
#3263=EDGE_CURVE('',#4180,#4178,#5115,.T.);
#3264=EDGE_CURVE('',#4180,#4181,#5116,.T.);
#3265=EDGE_CURVE('',#4181,#4179,#5117,.T.);
#3266=EDGE_CURVE('',#4182,#4183,#5118,.T.);
#3267=EDGE_CURVE('',#4182,#4184,#5119,.T.);
#3268=EDGE_CURVE('',#4185,#4184,#5120,.T.);
#3269=EDGE_CURVE('',#4183,#4185,#5121,.T.);
#3270=EDGE_CURVE('',#4186,#4187,#5122,.T.);
#3271=EDGE_CURVE('',#4188,#4186,#5123,.T.);
#3272=EDGE_CURVE('',#4188,#4189,#5124,.T.);
#3273=EDGE_CURVE('',#4189,#4187,#5125,.T.);
#3274=EDGE_CURVE('',#4186,#4183,#5126,.T.);
#3275=EDGE_CURVE('',#4185,#4190,#5127,.T.);
#3276=EDGE_CURVE('',#4190,#4191,#5128,.T.);
#3277=EDGE_CURVE('',#4192,#4191,#5129,.T.);
#3278=EDGE_CURVE('',#4192,#4193,#5130,.T.);
#3279=EDGE_CURVE('',#4193,#4194,#5131,.T.);
#3280=EDGE_CURVE('',#4194,#4195,#5132,.T.);
#3281=EDGE_CURVE('',#4196,#4195,#5133,.T.);
#3282=EDGE_CURVE('',#4196,#4197,#5134,.T.);
#3283=EDGE_CURVE('',#4197,#4188,#5135,.T.);
#3284=EDGE_CURVE('',#4179,#4182,#5136,.T.);
#3285=EDGE_CURVE('',#4198,#4181,#5137,.T.);
#3286=EDGE_CURVE('',#4199,#4198,#5138,.T.);
#3287=EDGE_CURVE('',#4199,#4200,#5139,.T.);
#3288=EDGE_CURVE('',#4201,#4200,#5140,.T.);
#3289=EDGE_CURVE('',#4202,#4201,#5141,.T.);
#3290=EDGE_CURVE('',#4203,#4202,#5142,.T.);
#3291=EDGE_CURVE('',#4203,#4204,#5143,.T.);
#3292=EDGE_CURVE('',#4205,#4204,#5144,.T.);
#3293=EDGE_CURVE('',#4184,#4205,#5145,.T.);
#3294=EDGE_CURVE('',#4187,#4206,#5146,.T.);
#3295=EDGE_CURVE('',#4189,#4207,#5147,.T.);
#3296=EDGE_CURVE('',#4206,#4207,#5148,.T.);
#3297=EDGE_CURVE('',#4206,#4208,#5149,.T.);
#3298=EDGE_CURVE('',#4207,#4209,#5150,.T.);
#3299=EDGE_CURVE('',#4208,#4209,#5151,.T.);
#3300=EDGE_CURVE('',#4178,#4208,#5152,.T.);
#3301=EDGE_CURVE('',#4180,#4209,#5153,.T.);
#3302=EDGE_CURVE('',#4210,#4211,#5154,.T.);
#3303=EDGE_CURVE('',#4212,#4211,#5155,.T.);
#3304=EDGE_CURVE('',#4213,#4212,#5156,.T.);
#3305=EDGE_CURVE('',#4213,#4210,#5157,.T.);
#3306=EDGE_CURVE('',#4214,#4215,#5158,.T.);
#3307=EDGE_CURVE('',#4216,#4215,#5159,.T.);
#3308=EDGE_CURVE('',#4217,#4216,#5160,.T.);
#3309=EDGE_CURVE('',#4217,#4214,#5161,.T.);
#3310=EDGE_CURVE('',#4218,#4219,#5162,.T.);
#3311=EDGE_CURVE('',#4220,#4219,#5163,.T.);
#3312=EDGE_CURVE('',#4221,#4220,#5164,.T.);
#3313=EDGE_CURVE('',#4221,#4218,#5165,.T.);
#3314=EDGE_CURVE('',#4222,#4223,#5166,.T.);
#3315=EDGE_CURVE('',#4224,#4223,#5167,.T.);
#3316=EDGE_CURVE('',#4225,#4224,#5168,.T.);
#3317=EDGE_CURVE('',#4225,#4222,#5169,.T.);
#3318=EDGE_CURVE('',#4226,#4227,#5170,.T.);
#3319=EDGE_CURVE('',#4228,#4227,#5171,.T.);
#3320=EDGE_CURVE('',#4229,#4228,#5172,.T.);
#3321=EDGE_CURVE('',#4229,#4226,#5173,.T.);
#3322=EDGE_CURVE('',#4230,#4231,#5174,.T.);
#3323=EDGE_CURVE('',#4232,#4231,#5175,.T.);
#3324=EDGE_CURVE('',#4233,#4232,#5176,.T.);
#3325=EDGE_CURVE('',#4233,#4230,#5177,.T.);
#3326=EDGE_CURVE('',#4234,#4235,#5178,.T.);
#3327=EDGE_CURVE('',#4236,#4235,#5179,.T.);
#3328=EDGE_CURVE('',#4237,#4236,#5180,.T.);
#3329=EDGE_CURVE('',#4237,#4234,#5181,.T.);
#3330=EDGE_CURVE('',#4238,#4239,#5182,.T.);
#3331=EDGE_CURVE('',#4240,#4239,#5183,.T.);
#3332=EDGE_CURVE('',#4241,#4240,#5184,.T.);
#3333=EDGE_CURVE('',#4241,#4238,#5185,.T.);
#3334=EDGE_CURVE('',#4242,#4243,#5186,.T.);
#3335=EDGE_CURVE('',#4244,#4243,#5187,.T.);
#3336=EDGE_CURVE('',#4245,#4244,#5188,.T.);
#3337=EDGE_CURVE('',#4245,#4242,#5189,.T.);
#3338=EDGE_CURVE('',#4246,#4247,#5190,.T.);
#3339=EDGE_CURVE('',#4248,#4247,#5191,.T.);
#3340=EDGE_CURVE('',#4249,#4248,#5192,.T.);
#3341=EDGE_CURVE('',#4249,#4246,#5193,.T.);
#3342=EDGE_CURVE('',#4250,#4251,#5194,.T.);
#3343=EDGE_CURVE('',#4252,#4251,#5195,.T.);
#3344=EDGE_CURVE('',#4253,#4252,#5196,.T.);
#3345=EDGE_CURVE('',#4253,#4250,#5197,.T.);
#3346=EDGE_CURVE('',#4254,#4255,#5198,.T.);
#3347=EDGE_CURVE('',#4256,#4255,#5199,.T.);
#3348=EDGE_CURVE('',#4257,#4256,#5200,.T.);
#3349=EDGE_CURVE('',#4257,#4254,#5201,.T.);
#3350=EDGE_CURVE('',#4258,#4259,#5202,.T.);
#3351=EDGE_CURVE('',#4260,#4259,#5203,.T.);
#3352=EDGE_CURVE('',#4261,#4260,#5204,.T.);
#3353=EDGE_CURVE('',#4261,#4258,#5205,.T.);
#3354=EDGE_CURVE('',#4262,#4263,#5206,.T.);
#3355=EDGE_CURVE('',#4264,#4263,#5207,.T.);
#3356=EDGE_CURVE('',#4265,#4264,#5208,.T.);
#3357=EDGE_CURVE('',#4265,#4262,#5209,.T.);
#3358=EDGE_CURVE('',#4266,#4267,#5210,.T.);
#3359=EDGE_CURVE('',#4268,#4267,#5211,.T.);
#3360=EDGE_CURVE('',#4269,#4268,#5212,.T.);
#3361=EDGE_CURVE('',#4269,#4266,#5213,.T.);
#3362=EDGE_CURVE('',#4197,#4270,#5214,.T.);
#3363=EDGE_CURVE('',#4270,#4271,#5215,.T.);
#3364=EDGE_CURVE('',#4194,#4271,#5216,.T.);
#3365=EDGE_CURVE('',#4193,#4272,#5217,.T.);
#3366=EDGE_CURVE('',#4272,#4273,#5218,.T.);
#3367=EDGE_CURVE('',#4190,#4273,#5219,.T.);
#3368=EDGE_CURVE('',#4274,#4205,#5220,.T.);
#3369=EDGE_CURVE('',#4275,#4274,#5221,.T.);
#3370=EDGE_CURVE('',#4275,#4202,#5222,.T.);
#3371=EDGE_CURVE('',#4276,#4201,#5223,.T.);
#3372=EDGE_CURVE('',#4277,#4276,#5224,.T.);
#3373=EDGE_CURVE('',#4277,#4198,#5225,.T.);
#3374=EDGE_CURVE('',#4278,#4204,#5226,.T.);
#3375=EDGE_CURVE('',#4278,#4274,#5227,.T.);
#3376=EDGE_CURVE('',#4267,#4279,#5228,.T.);
#3377=EDGE_CURVE('',#4280,#4279,#5229,.T.);
#3378=EDGE_CURVE('',#4280,#4268,#5230,.T.);
#3379=EDGE_CURVE('',#4263,#4281,#5231,.T.);
#3380=EDGE_CURVE('',#4282,#4281,#5232,.T.);
#3381=EDGE_CURVE('',#4282,#4264,#5233,.T.);
#3382=EDGE_CURVE('',#4259,#4283,#5234,.T.);
#3383=EDGE_CURVE('',#4284,#4283,#5235,.T.);
#3384=EDGE_CURVE('',#4284,#4260,#5236,.T.);
#3385=EDGE_CURVE('',#4255,#4285,#5237,.T.);
#3386=EDGE_CURVE('',#4286,#4285,#5238,.T.);
#3387=EDGE_CURVE('',#4286,#4256,#5239,.T.);
#3388=EDGE_CURVE('',#4251,#4287,#5240,.T.);
#3389=EDGE_CURVE('',#4288,#4287,#5241,.T.);
#3390=EDGE_CURVE('',#4288,#4252,#5242,.T.);
#3391=EDGE_CURVE('',#4247,#4289,#5243,.T.);
#3392=EDGE_CURVE('',#4290,#4289,#5244,.T.);
#3393=EDGE_CURVE('',#4290,#4248,#5245,.T.);
#3394=EDGE_CURVE('',#4243,#4291,#5246,.T.);
#3395=EDGE_CURVE('',#4292,#4291,#5247,.T.);
#3396=EDGE_CURVE('',#4292,#4244,#5248,.T.);
#3397=EDGE_CURVE('',#4239,#4293,#5249,.T.);
#3398=EDGE_CURVE('',#4294,#4293,#5250,.T.);
#3399=EDGE_CURVE('',#4294,#4240,#5251,.T.);
#3400=EDGE_CURVE('',#4204,#4295,#5252,.T.);
#3401=EDGE_CURVE('',#4296,#4295,#5253,.T.);
#3402=EDGE_CURVE('',#4296,#4278,#5254,.T.);
#3403=EDGE_CURVE('',#4279,#4297,#5255,.T.);
#3404=EDGE_CURVE('',#4298,#4297,#5256,.T.);
#3405=EDGE_CURVE('',#4298,#4280,#5257,.T.);
#3406=EDGE_CURVE('',#4281,#4299,#5258,.T.);
#3407=EDGE_CURVE('',#4300,#4299,#5259,.T.);
#3408=EDGE_CURVE('',#4300,#4282,#5260,.T.);
#3409=EDGE_CURVE('',#4283,#4301,#5261,.T.);
#3410=EDGE_CURVE('',#4302,#4301,#5262,.T.);
#3411=EDGE_CURVE('',#4302,#4284,#5263,.T.);
#3412=EDGE_CURVE('',#4285,#4303,#5264,.T.);
#3413=EDGE_CURVE('',#4304,#4303,#5265,.T.);
#3414=EDGE_CURVE('',#4304,#4286,#5266,.T.);
#3415=EDGE_CURVE('',#4287,#4305,#5267,.T.);
#3416=EDGE_CURVE('',#4306,#4305,#5268,.T.);
#3417=EDGE_CURVE('',#4306,#4288,#5269,.T.);
#3418=EDGE_CURVE('',#4289,#4307,#5270,.T.);
#3419=EDGE_CURVE('',#4308,#4307,#5271,.T.);
#3420=EDGE_CURVE('',#4308,#4290,#5272,.T.);
#3421=EDGE_CURVE('',#4291,#4309,#5273,.T.);
#3422=EDGE_CURVE('',#4310,#4309,#5274,.T.);
#3423=EDGE_CURVE('',#4310,#4292,#5275,.T.);
#3424=EDGE_CURVE('',#4293,#4311,#5276,.T.);
#3425=EDGE_CURVE('',#4312,#4311,#5277,.T.);
#3426=EDGE_CURVE('',#4312,#4294,#5278,.T.);
#3427=EDGE_CURVE('',#4313,#4295,#5279,.T.);
#3428=EDGE_CURVE('',#4314,#4313,#5280,.T.);
#3429=EDGE_CURVE('',#4314,#4296,#5281,.T.);
#3430=EDGE_CURVE('',#4315,#4297,#5282,.T.);
#3431=EDGE_CURVE('',#4316,#4315,#5283,.T.);
#3432=EDGE_CURVE('',#4316,#4298,#5284,.T.);
#3433=EDGE_CURVE('',#4317,#4299,#5285,.T.);
#3434=EDGE_CURVE('',#4318,#4317,#5286,.T.);
#3435=EDGE_CURVE('',#4318,#4300,#5287,.T.);
#3436=EDGE_CURVE('',#4319,#4301,#5288,.T.);
#3437=EDGE_CURVE('',#4320,#4319,#5289,.T.);
#3438=EDGE_CURVE('',#4320,#4302,#5290,.T.);
#3439=EDGE_CURVE('',#4321,#4303,#5291,.T.);
#3440=EDGE_CURVE('',#4322,#4321,#5292,.T.);
#3441=EDGE_CURVE('',#4322,#4304,#5293,.T.);
#3442=EDGE_CURVE('',#4323,#4305,#5294,.T.);
#3443=EDGE_CURVE('',#4324,#4323,#5295,.T.);
#3444=EDGE_CURVE('',#4324,#4306,#5296,.T.);
#3445=EDGE_CURVE('',#4325,#4307,#5297,.T.);
#3446=EDGE_CURVE('',#4326,#4325,#5298,.T.);
#3447=EDGE_CURVE('',#4326,#4308,#5299,.T.);
#3448=EDGE_CURVE('',#4327,#4309,#5300,.T.);
#3449=EDGE_CURVE('',#4328,#4327,#5301,.T.);
#3450=EDGE_CURVE('',#4328,#4310,#5302,.T.);
#3451=EDGE_CURVE('',#4329,#4311,#5303,.T.);
#3452=EDGE_CURVE('',#4330,#4329,#5304,.T.);
#3453=EDGE_CURVE('',#4330,#4312,#5305,.T.);
#3454=EDGE_CURVE('',#4313,#4203,#5306,.T.);
#3455=EDGE_CURVE('',#4331,#4203,#5307,.T.);
#3456=EDGE_CURVE('',#4331,#4314,#5308,.T.);
#3457=EDGE_CURVE('',#4315,#4332,#5309,.T.);
#3458=EDGE_CURVE('',#4333,#4332,#5310,.T.);
#3459=EDGE_CURVE('',#4333,#4316,#5311,.T.);
#3460=EDGE_CURVE('',#4317,#4334,#5312,.T.);
#3461=EDGE_CURVE('',#4335,#4334,#5313,.T.);
#3462=EDGE_CURVE('',#4335,#4318,#5314,.T.);
#3463=EDGE_CURVE('',#4319,#4336,#5315,.T.);
#3464=EDGE_CURVE('',#4337,#4336,#5316,.T.);
#3465=EDGE_CURVE('',#4337,#4320,#5317,.T.);
#3466=EDGE_CURVE('',#4321,#4338,#5318,.T.);
#3467=EDGE_CURVE('',#4339,#4338,#5319,.T.);
#3468=EDGE_CURVE('',#4339,#4322,#5320,.T.);
#3469=EDGE_CURVE('',#4323,#4340,#5321,.T.);
#3470=EDGE_CURVE('',#4341,#4340,#5322,.T.);
#3471=EDGE_CURVE('',#4341,#4324,#5323,.T.);
#3472=EDGE_CURVE('',#4325,#4342,#5324,.T.);
#3473=EDGE_CURVE('',#4343,#4342,#5325,.T.);
#3474=EDGE_CURVE('',#4343,#4326,#5326,.T.);
#3475=EDGE_CURVE('',#4327,#4344,#5327,.T.);
#3476=EDGE_CURVE('',#4345,#4344,#5328,.T.);
#3477=EDGE_CURVE('',#4345,#4328,#5329,.T.);
#3478=EDGE_CURVE('',#4329,#4346,#5330,.T.);
#3479=EDGE_CURVE('',#4347,#4346,#5331,.T.);
#3480=EDGE_CURVE('',#4347,#4330,#5332,.T.);
#3481=EDGE_CURVE('',#4275,#4331,#5333,.T.);
#3482=EDGE_CURVE('',#4332,#4266,#5334,.T.);
#3483=EDGE_CURVE('',#4269,#4333,#5335,.T.);
#3484=EDGE_CURVE('',#4334,#4262,#5336,.T.);
#3485=EDGE_CURVE('',#4265,#4335,#5337,.T.);
#3486=EDGE_CURVE('',#4336,#4258,#5338,.T.);
#3487=EDGE_CURVE('',#4261,#4337,#5339,.T.);
#3488=EDGE_CURVE('',#4338,#4254,#5340,.T.);
#3489=EDGE_CURVE('',#4257,#4339,#5341,.T.);
#3490=EDGE_CURVE('',#4340,#4250,#5342,.T.);
#3491=EDGE_CURVE('',#4253,#4341,#5343,.T.);
#3492=EDGE_CURVE('',#4342,#4246,#5344,.T.);
#3493=EDGE_CURVE('',#4249,#4343,#5345,.T.);
#3494=EDGE_CURVE('',#4344,#4242,#5346,.T.);
#3495=EDGE_CURVE('',#4245,#4345,#5347,.T.);
#3496=EDGE_CURVE('',#4346,#4238,#5348,.T.);
#3497=EDGE_CURVE('',#4241,#4347,#5349,.T.);
#3498=EDGE_CURVE('',#4348,#4200,#5350,.T.);
#3499=EDGE_CURVE('',#4348,#4276,#5351,.T.);
#3500=EDGE_CURVE('',#4235,#4349,#5352,.T.);
#3501=EDGE_CURVE('',#4350,#4349,#5353,.T.);
#3502=EDGE_CURVE('',#4350,#4236,#5354,.T.);
#3503=EDGE_CURVE('',#4231,#4351,#5355,.T.);
#3504=EDGE_CURVE('',#4352,#4351,#5356,.T.);
#3505=EDGE_CURVE('',#4352,#4232,#5357,.T.);
#3506=EDGE_CURVE('',#4227,#4353,#5358,.T.);
#3507=EDGE_CURVE('',#4354,#4353,#5359,.T.);
#3508=EDGE_CURVE('',#4354,#4228,#5360,.T.);
#3509=EDGE_CURVE('',#4223,#4355,#5361,.T.);
#3510=EDGE_CURVE('',#4356,#4355,#5362,.T.);
#3511=EDGE_CURVE('',#4356,#4224,#5363,.T.);
#3512=EDGE_CURVE('',#4219,#4357,#5364,.T.);
#3513=EDGE_CURVE('',#4358,#4357,#5365,.T.);
#3514=EDGE_CURVE('',#4358,#4220,#5366,.T.);
#3515=EDGE_CURVE('',#4215,#4359,#5367,.T.);
#3516=EDGE_CURVE('',#4360,#4359,#5368,.T.);
#3517=EDGE_CURVE('',#4360,#4216,#5369,.T.);
#3518=EDGE_CURVE('',#4211,#4361,#5370,.T.);
#3519=EDGE_CURVE('',#4362,#4361,#5371,.T.);
#3520=EDGE_CURVE('',#4362,#4212,#5372,.T.);
#3521=EDGE_CURVE('',#4200,#4363,#5373,.T.);
#3522=EDGE_CURVE('',#4364,#4363,#5374,.T.);
#3523=EDGE_CURVE('',#4364,#4348,#5375,.T.);
#3524=EDGE_CURVE('',#4349,#4365,#5376,.T.);
#3525=EDGE_CURVE('',#4366,#4365,#5377,.T.);
#3526=EDGE_CURVE('',#4366,#4350,#5378,.T.);
#3527=EDGE_CURVE('',#4351,#4367,#5379,.T.);
#3528=EDGE_CURVE('',#4368,#4367,#5380,.T.);
#3529=EDGE_CURVE('',#4368,#4352,#5381,.T.);
#3530=EDGE_CURVE('',#4353,#4369,#5382,.T.);
#3531=EDGE_CURVE('',#4370,#4369,#5383,.T.);
#3532=EDGE_CURVE('',#4370,#4354,#5384,.T.);
#3533=EDGE_CURVE('',#4355,#4371,#5385,.T.);
#3534=EDGE_CURVE('',#4372,#4371,#5386,.T.);
#3535=EDGE_CURVE('',#4372,#4356,#5387,.T.);
#3536=EDGE_CURVE('',#4357,#4373,#5388,.T.);
#3537=EDGE_CURVE('',#4374,#4373,#5389,.T.);
#3538=EDGE_CURVE('',#4374,#4358,#5390,.T.);
#3539=EDGE_CURVE('',#4359,#4375,#5391,.T.);
#3540=EDGE_CURVE('',#4376,#4375,#5392,.T.);
#3541=EDGE_CURVE('',#4376,#4360,#5393,.T.);
#3542=EDGE_CURVE('',#4361,#4377,#5394,.T.);
#3543=EDGE_CURVE('',#4378,#4377,#5395,.T.);
#3544=EDGE_CURVE('',#4378,#4362,#5396,.T.);
#3545=EDGE_CURVE('',#4379,#4363,#5397,.T.);
#3546=EDGE_CURVE('',#4380,#4379,#5398,.T.);
#3547=EDGE_CURVE('',#4380,#4364,#5399,.T.);
#3548=EDGE_CURVE('',#4381,#4365,#5400,.T.);
#3549=EDGE_CURVE('',#4382,#4381,#5401,.T.);
#3550=EDGE_CURVE('',#4382,#4366,#5402,.T.);
#3551=EDGE_CURVE('',#4383,#4367,#5403,.T.);
#3552=EDGE_CURVE('',#4384,#4383,#5404,.T.);
#3553=EDGE_CURVE('',#4384,#4368,#5405,.T.);
#3554=EDGE_CURVE('',#4385,#4369,#5406,.T.);
#3555=EDGE_CURVE('',#4386,#4385,#5407,.T.);
#3556=EDGE_CURVE('',#4386,#4370,#5408,.T.);
#3557=EDGE_CURVE('',#4387,#4371,#5409,.T.);
#3558=EDGE_CURVE('',#4388,#4387,#5410,.T.);
#3559=EDGE_CURVE('',#4388,#4372,#5411,.T.);
#3560=EDGE_CURVE('',#4389,#4373,#5412,.T.);
#3561=EDGE_CURVE('',#4390,#4389,#5413,.T.);
#3562=EDGE_CURVE('',#4390,#4374,#5414,.T.);
#3563=EDGE_CURVE('',#4391,#4375,#5415,.T.);
#3564=EDGE_CURVE('',#4392,#4391,#5416,.T.);
#3565=EDGE_CURVE('',#4392,#4376,#5417,.T.);
#3566=EDGE_CURVE('',#4393,#4377,#5418,.T.);
#3567=EDGE_CURVE('',#4394,#4393,#5419,.T.);
#3568=EDGE_CURVE('',#4394,#4378,#5420,.T.);
#3569=EDGE_CURVE('',#4379,#4199,#5421,.T.);
#3570=EDGE_CURVE('',#4395,#4199,#5422,.T.);
#3571=EDGE_CURVE('',#4395,#4380,#5423,.T.);
#3572=EDGE_CURVE('',#4381,#4396,#5424,.T.);
#3573=EDGE_CURVE('',#4397,#4396,#5425,.T.);
#3574=EDGE_CURVE('',#4397,#4382,#5426,.T.);
#3575=EDGE_CURVE('',#4383,#4398,#5427,.T.);
#3576=EDGE_CURVE('',#4399,#4398,#5428,.T.);
#3577=EDGE_CURVE('',#4399,#4384,#5429,.T.);
#3578=EDGE_CURVE('',#4385,#4400,#5430,.T.);
#3579=EDGE_CURVE('',#4401,#4400,#5431,.T.);
#3580=EDGE_CURVE('',#4401,#4386,#5432,.T.);
#3581=EDGE_CURVE('',#4387,#4402,#5433,.T.);
#3582=EDGE_CURVE('',#4403,#4402,#5434,.T.);
#3583=EDGE_CURVE('',#4403,#4388,#5435,.T.);
#3584=EDGE_CURVE('',#4389,#4404,#5436,.T.);
#3585=EDGE_CURVE('',#4405,#4404,#5437,.T.);
#3586=EDGE_CURVE('',#4405,#4390,#5438,.T.);
#3587=EDGE_CURVE('',#4391,#4406,#5439,.T.);
#3588=EDGE_CURVE('',#4407,#4406,#5440,.T.);
#3589=EDGE_CURVE('',#4407,#4392,#5441,.T.);
#3590=EDGE_CURVE('',#4393,#4408,#5442,.T.);
#3591=EDGE_CURVE('',#4409,#4408,#5443,.T.);
#3592=EDGE_CURVE('',#4409,#4394,#5444,.T.);
#3593=EDGE_CURVE('',#4277,#4395,#5445,.T.);
#3594=EDGE_CURVE('',#4396,#4234,#5446,.T.);
#3595=EDGE_CURVE('',#4237,#4397,#5447,.T.);
#3596=EDGE_CURVE('',#4398,#4230,#5448,.T.);
#3597=EDGE_CURVE('',#4233,#4399,#5449,.T.);
#3598=EDGE_CURVE('',#4400,#4226,#5450,.T.);
#3599=EDGE_CURVE('',#4229,#4401,#5451,.T.);
#3600=EDGE_CURVE('',#4402,#4222,#5452,.T.);
#3601=EDGE_CURVE('',#4225,#4403,#5453,.T.);
#3602=EDGE_CURVE('',#4404,#4218,#5454,.T.);
#3603=EDGE_CURVE('',#4221,#4405,#5455,.T.);
#3604=EDGE_CURVE('',#4406,#4214,#5456,.T.);
#3605=EDGE_CURVE('',#4217,#4407,#5457,.T.);
#3606=EDGE_CURVE('',#4408,#4210,#5458,.T.);
#3607=EDGE_CURVE('',#4213,#4409,#5459,.T.);
#3608=EDGE_CURVE('',#4273,#4410,#5460,.T.);
#3609=EDGE_CURVE('',#4191,#4410,#5461,.T.);
#3610=EDGE_CURVE('',#4410,#4411,#5462,.T.);
#3611=EDGE_CURVE('',#4412,#4411,#5463,.T.);
#3612=EDGE_CURVE('',#4412,#4191,#5464,.T.);
#3613=EDGE_CURVE('',#4413,#4411,#5465,.T.);
#3614=EDGE_CURVE('',#4414,#4413,#5466,.T.);
#3615=EDGE_CURVE('',#4414,#4412,#5467,.T.);
#3616=EDGE_CURVE('',#4413,#4415,#5468,.T.);
#3617=EDGE_CURVE('',#4192,#4415,#5469,.T.);
#3618=EDGE_CURVE('',#4192,#4414,#5470,.T.);
#3619=EDGE_CURVE('',#4415,#4272,#5471,.T.);
#3620=EDGE_CURVE('',#4271,#4416,#5472,.T.);
#3621=EDGE_CURVE('',#4195,#4416,#5473,.T.);
#3622=EDGE_CURVE('',#4416,#4417,#5474,.T.);
#3623=EDGE_CURVE('',#4418,#4417,#5475,.T.);
#3624=EDGE_CURVE('',#4418,#4195,#5476,.T.);
#3625=EDGE_CURVE('',#4419,#4417,#5477,.T.);
#3626=EDGE_CURVE('',#4420,#4419,#5478,.T.);
#3627=EDGE_CURVE('',#4420,#4418,#5479,.T.);
#3628=EDGE_CURVE('',#4419,#4421,#5480,.T.);
#3629=EDGE_CURVE('',#4196,#4421,#5481,.T.);
#3630=EDGE_CURVE('',#4196,#4420,#5482,.T.);
#3631=EDGE_CURVE('',#4421,#4270,#5483,.T.);
#3632=EDGE_CURVE('',#4421,#4416,#5484,.T.);
#3633=EDGE_CURVE('',#4409,#4362,#5485,.T.);
#3634=EDGE_CURVE('',#4408,#4361,#5486,.T.);
#3635=EDGE_CURVE('',#4407,#4360,#5487,.T.);
#3636=EDGE_CURVE('',#4406,#4359,#5488,.T.);
#3637=EDGE_CURVE('',#4405,#4358,#5489,.T.);
#3638=EDGE_CURVE('',#4404,#4357,#5490,.T.);
#3639=EDGE_CURVE('',#4403,#4356,#5491,.T.);
#3640=EDGE_CURVE('',#4402,#4355,#5492,.T.);
#3641=EDGE_CURVE('',#4401,#4354,#5493,.T.);
#3642=EDGE_CURVE('',#4400,#4353,#5494,.T.);
#3643=EDGE_CURVE('',#4399,#4352,#5495,.T.);
#3644=EDGE_CURVE('',#4398,#4351,#5496,.T.);
#3645=EDGE_CURVE('',#4397,#4350,#5497,.T.);
#3646=EDGE_CURVE('',#4396,#4349,#5498,.T.);
#3647=EDGE_CURVE('',#4395,#4348,#5499,.T.);
#3648=EDGE_CURVE('',#4415,#4410,#5500,.T.);
#3649=EDGE_CURVE('',#4347,#4294,#5501,.T.);
#3650=EDGE_CURVE('',#4346,#4293,#5502,.T.);
#3651=EDGE_CURVE('',#4345,#4292,#5503,.T.);
#3652=EDGE_CURVE('',#4344,#4291,#5504,.T.);
#3653=EDGE_CURVE('',#4343,#4290,#5505,.T.);
#3654=EDGE_CURVE('',#4342,#4289,#5506,.T.);
#3655=EDGE_CURVE('',#4341,#4288,#5507,.T.);
#3656=EDGE_CURVE('',#4340,#4287,#5508,.T.);
#3657=EDGE_CURVE('',#4339,#4286,#5509,.T.);
#3658=EDGE_CURVE('',#4338,#4285,#5510,.T.);
#3659=EDGE_CURVE('',#4337,#4284,#5511,.T.);
#3660=EDGE_CURVE('',#4336,#4283,#5512,.T.);
#3661=EDGE_CURVE('',#4335,#4282,#5513,.T.);
#3662=EDGE_CURVE('',#4334,#4281,#5514,.T.);
#3663=EDGE_CURVE('',#4333,#4280,#5515,.T.);
#3664=EDGE_CURVE('',#4332,#4279,#5516,.T.);
#3665=EDGE_CURVE('',#4331,#4278,#5517,.T.);
#3666=VERTEX_POINT('',#11257);
#3667=VERTEX_POINT('',#11258);
#3668=VERTEX_POINT('',#11260);
#3669=VERTEX_POINT('',#11262);
#3670=VERTEX_POINT('',#11266);
#3671=VERTEX_POINT('',#11267);
#3672=VERTEX_POINT('',#11269);
#3673=VERTEX_POINT('',#11271);
#3674=VERTEX_POINT('',#11275);
#3675=VERTEX_POINT('',#11276);
#3676=VERTEX_POINT('',#11278);
#3677=VERTEX_POINT('',#11280);
#3678=VERTEX_POINT('',#11284);
#3679=VERTEX_POINT('',#11286);
#3680=VERTEX_POINT('',#11288);
#3681=VERTEX_POINT('',#11291);
#3682=VERTEX_POINT('',#11293);
#3683=VERTEX_POINT('',#11295);
#3684=VERTEX_POINT('',#11298);
#3685=VERTEX_POINT('',#11300);
#3686=VERTEX_POINT('',#11302);
#3687=VERTEX_POINT('',#11304);
#3688=VERTEX_POINT('',#11308);
#3689=VERTEX_POINT('',#11310);
#3690=VERTEX_POINT('',#11314);
#3691=VERTEX_POINT('',#11315);
#3692=VERTEX_POINT('',#11319);
#3693=VERTEX_POINT('',#11321);
#3694=VERTEX_POINT('',#11324);
#3695=VERTEX_POINT('',#11326);
#3696=VERTEX_POINT('',#11328);
#3697=VERTEX_POINT('',#11331);
#3698=VERTEX_POINT('',#11335);
#3699=VERTEX_POINT('',#11336);
#3700=VERTEX_POINT('',#11338);
#3701=VERTEX_POINT('',#11340);
#3702=VERTEX_POINT('',#11344);
#3703=VERTEX_POINT('',#11346);
#3704=VERTEX_POINT('',#11350);
#3705=VERTEX_POINT('',#11352);
#3706=VERTEX_POINT('',#11356);
#3707=VERTEX_POINT('',#11357);
#3708=VERTEX_POINT('',#11359);
#3709=VERTEX_POINT('',#11361);
#3710=VERTEX_POINT('',#11365);
#3711=VERTEX_POINT('',#11367);
#3712=VERTEX_POINT('',#11371);
#3713=VERTEX_POINT('',#11373);
#3714=VERTEX_POINT('',#11377);
#3715=VERTEX_POINT('',#11378);
#3716=VERTEX_POINT('',#11380);
#3717=VERTEX_POINT('',#11382);
#3718=VERTEX_POINT('',#11386);
#3719=VERTEX_POINT('',#11388);
#3720=VERTEX_POINT('',#11392);
#3721=VERTEX_POINT('',#11394);
#3722=VERTEX_POINT('',#11398);
#3723=VERTEX_POINT('',#11399);
#3724=VERTEX_POINT('',#11401);
#3725=VERTEX_POINT('',#11403);
#3726=VERTEX_POINT('',#11407);
#3727=VERTEX_POINT('',#11409);
#3728=VERTEX_POINT('',#11413);
#3729=VERTEX_POINT('',#11415);
#3730=VERTEX_POINT('',#11419);
#3731=VERTEX_POINT('',#11420);
#3732=VERTEX_POINT('',#11422);
#3733=VERTEX_POINT('',#11424);
#3734=VERTEX_POINT('',#11428);
#3735=VERTEX_POINT('',#11430);
#3736=VERTEX_POINT('',#11434);
#3737=VERTEX_POINT('',#11436);
#3738=VERTEX_POINT('',#11440);
#3739=VERTEX_POINT('',#11441);
#3740=VERTEX_POINT('',#11443);
#3741=VERTEX_POINT('',#11445);
#3742=VERTEX_POINT('',#11449);
#3743=VERTEX_POINT('',#11451);
#3744=VERTEX_POINT('',#11455);
#3745=VERTEX_POINT('',#11457);
#3746=VERTEX_POINT('',#11461);
#3747=VERTEX_POINT('',#11462);
#3748=VERTEX_POINT('',#11464);
#3749=VERTEX_POINT('',#11466);
#3750=VERTEX_POINT('',#11470);
#3751=VERTEX_POINT('',#11472);
#3752=VERTEX_POINT('',#11476);
#3753=VERTEX_POINT('',#11478);
#3754=VERTEX_POINT('',#11482);
#3755=VERTEX_POINT('',#11483);
#3756=VERTEX_POINT('',#11485);
#3757=VERTEX_POINT('',#11487);
#3758=VERTEX_POINT('',#11491);
#3759=VERTEX_POINT('',#11493);
#3760=VERTEX_POINT('',#11497);
#3761=VERTEX_POINT('',#11499);
#3762=VERTEX_POINT('',#11503);
#3763=VERTEX_POINT('',#11504);
#3764=VERTEX_POINT('',#11506);
#3765=VERTEX_POINT('',#11508);
#3766=VERTEX_POINT('',#11512);
#3767=VERTEX_POINT('',#11514);
#3768=VERTEX_POINT('',#11518);
#3769=VERTEX_POINT('',#11520);
#3770=VERTEX_POINT('',#11524);
#3771=VERTEX_POINT('',#11525);
#3772=VERTEX_POINT('',#11527);
#3773=VERTEX_POINT('',#11529);
#3774=VERTEX_POINT('',#11533);
#3775=VERTEX_POINT('',#11535);
#3776=VERTEX_POINT('',#11539);
#3777=VERTEX_POINT('',#11541);
#3778=VERTEX_POINT('',#11545);
#3779=VERTEX_POINT('',#11546);
#3780=VERTEX_POINT('',#11548);
#3781=VERTEX_POINT('',#11550);
#3782=VERTEX_POINT('',#11554);
#3783=VERTEX_POINT('',#11556);
#3784=VERTEX_POINT('',#11560);
#3785=VERTEX_POINT('',#11562);
#3786=VERTEX_POINT('',#11566);
#3787=VERTEX_POINT('',#11567);
#3788=VERTEX_POINT('',#11569);
#3789=VERTEX_POINT('',#11571);
#3790=VERTEX_POINT('',#11575);
#3791=VERTEX_POINT('',#11577);
#3792=VERTEX_POINT('',#11581);
#3793=VERTEX_POINT('',#11583);
#3794=VERTEX_POINT('',#11587);
#3795=VERTEX_POINT('',#11588);
#3796=VERTEX_POINT('',#11590);
#3797=VERTEX_POINT('',#11592);
#3798=VERTEX_POINT('',#11596);
#3799=VERTEX_POINT('',#11598);
#3800=VERTEX_POINT('',#11602);
#3801=VERTEX_POINT('',#11604);
#3802=VERTEX_POINT('',#11608);
#3803=VERTEX_POINT('',#11609);
#3804=VERTEX_POINT('',#11611);
#3805=VERTEX_POINT('',#11613);
#3806=VERTEX_POINT('',#11617);
#3807=VERTEX_POINT('',#11619);
#3808=VERTEX_POINT('',#11623);
#3809=VERTEX_POINT('',#11625);
#3810=VERTEX_POINT('',#11629);
#3811=VERTEX_POINT('',#11630);
#3812=VERTEX_POINT('',#11632);
#3813=VERTEX_POINT('',#11634);
#3814=VERTEX_POINT('',#11638);
#3815=VERTEX_POINT('',#11640);
#3816=VERTEX_POINT('',#11644);
#3817=VERTEX_POINT('',#11646);
#3818=VERTEX_POINT('',#11650);
#3819=VERTEX_POINT('',#11651);
#3820=VERTEX_POINT('',#11653);
#3821=VERTEX_POINT('',#11655);
#3822=VERTEX_POINT('',#11659);
#3823=VERTEX_POINT('',#11661);
#3824=VERTEX_POINT('',#11665);
#3825=VERTEX_POINT('',#11667);
#3826=VERTEX_POINT('',#11671);
#3827=VERTEX_POINT('',#11672);
#3828=VERTEX_POINT('',#11674);
#3829=VERTEX_POINT('',#11676);
#3830=VERTEX_POINT('',#11680);
#3831=VERTEX_POINT('',#11682);
#3832=VERTEX_POINT('',#11686);
#3833=VERTEX_POINT('',#11688);
#3834=VERTEX_POINT('',#11692);
#3835=VERTEX_POINT('',#11693);
#3836=VERTEX_POINT('',#11695);
#3837=VERTEX_POINT('',#11697);
#3838=VERTEX_POINT('',#11701);
#3839=VERTEX_POINT('',#11703);
#3840=VERTEX_POINT('',#11707);
#3841=VERTEX_POINT('',#11709);
#3842=VERTEX_POINT('',#11713);
#3843=VERTEX_POINT('',#11714);
#3844=VERTEX_POINT('',#11716);
#3845=VERTEX_POINT('',#11718);
#3846=VERTEX_POINT('',#11722);
#3847=VERTEX_POINT('',#11724);
#3848=VERTEX_POINT('',#11728);
#3849=VERTEX_POINT('',#11730);
#3850=VERTEX_POINT('',#11734);
#3851=VERTEX_POINT('',#11735);
#3852=VERTEX_POINT('',#11737);
#3853=VERTEX_POINT('',#11739);
#3854=VERTEX_POINT('',#11743);
#3855=VERTEX_POINT('',#11745);
#3856=VERTEX_POINT('',#11749);
#3857=VERTEX_POINT('',#11751);
#3858=VERTEX_POINT('',#11836);
#3859=VERTEX_POINT('',#11837);
#3860=VERTEX_POINT('',#11839);
#3861=VERTEX_POINT('',#11841);
#3862=VERTEX_POINT('',#11845);
#3863=VERTEX_POINT('',#11846);
#3864=VERTEX_POINT('',#11848);
#3865=VERTEX_POINT('',#11850);
#3866=VERTEX_POINT('',#11854);
#3867=VERTEX_POINT('',#11855);
#3868=VERTEX_POINT('',#11857);
#3869=VERTEX_POINT('',#11859);
#3870=VERTEX_POINT('',#11864);
#3871=VERTEX_POINT('',#11866);
#3872=VERTEX_POINT('',#11868);
#3873=VERTEX_POINT('',#11870);
#3874=VERTEX_POINT('',#11872);
#3875=VERTEX_POINT('',#11874);
#3876=VERTEX_POINT('',#11876);
#3877=VERTEX_POINT('',#11878);
#3878=VERTEX_POINT('',#11880);
#3879=VERTEX_POINT('',#11882);
#3880=VERTEX_POINT('',#11884);
#3881=VERTEX_POINT('',#11886);
#3882=VERTEX_POINT('',#11888);
#3883=VERTEX_POINT('',#11890);
#3884=VERTEX_POINT('',#11892);
#3885=VERTEX_POINT('',#11894);
#3886=VERTEX_POINT('',#11899);
#3887=VERTEX_POINT('',#11901);
#3888=VERTEX_POINT('',#11903);
#3889=VERTEX_POINT('',#11905);
#3890=VERTEX_POINT('',#11907);
#3891=VERTEX_POINT('',#11909);
#3892=VERTEX_POINT('',#11911);
#3893=VERTEX_POINT('',#11913);
#3894=VERTEX_POINT('',#11915);
#3895=VERTEX_POINT('',#11917);
#3896=VERTEX_POINT('',#11919);
#3897=VERTEX_POINT('',#11921);
#3898=VERTEX_POINT('',#11923);
#3899=VERTEX_POINT('',#11925);
#3900=VERTEX_POINT('',#11927);
#3901=VERTEX_POINT('',#11929);
#3902=VERTEX_POINT('',#11933);
#3903=VERTEX_POINT('',#11935);
#3904=VERTEX_POINT('',#11939);
#3905=VERTEX_POINT('',#11941);
#3906=VERTEX_POINT('',#11948);
#3907=VERTEX_POINT('',#11949);
#3908=VERTEX_POINT('',#11951);
#3909=VERTEX_POINT('',#11953);
#3910=VERTEX_POINT('',#11956);
#3911=VERTEX_POINT('',#11957);
#3912=VERTEX_POINT('',#11959);
#3913=VERTEX_POINT('',#11961);
#3914=VERTEX_POINT('',#11964);
#3915=VERTEX_POINT('',#11965);
#3916=VERTEX_POINT('',#11967);
#3917=VERTEX_POINT('',#11969);
#3918=VERTEX_POINT('',#11972);
#3919=VERTEX_POINT('',#11973);
#3920=VERTEX_POINT('',#11975);
#3921=VERTEX_POINT('',#11977);
#3922=VERTEX_POINT('',#11980);
#3923=VERTEX_POINT('',#11981);
#3924=VERTEX_POINT('',#11983);
#3925=VERTEX_POINT('',#11985);
#3926=VERTEX_POINT('',#11988);
#3927=VERTEX_POINT('',#11989);
#3928=VERTEX_POINT('',#11991);
#3929=VERTEX_POINT('',#11993);
#3930=VERTEX_POINT('',#11996);
#3931=VERTEX_POINT('',#11997);
#3932=VERTEX_POINT('',#11999);
#3933=VERTEX_POINT('',#12001);
#3934=VERTEX_POINT('',#12004);
#3935=VERTEX_POINT('',#12005);
#3936=VERTEX_POINT('',#12007);
#3937=VERTEX_POINT('',#12009);
#3938=VERTEX_POINT('',#12012);
#3939=VERTEX_POINT('',#12013);
#3940=VERTEX_POINT('',#12015);
#3941=VERTEX_POINT('',#12017);
#3942=VERTEX_POINT('',#12020);
#3943=VERTEX_POINT('',#12021);
#3944=VERTEX_POINT('',#12023);
#3945=VERTEX_POINT('',#12025);
#3946=VERTEX_POINT('',#12028);
#3947=VERTEX_POINT('',#12029);
#3948=VERTEX_POINT('',#12031);
#3949=VERTEX_POINT('',#12033);
#3950=VERTEX_POINT('',#12036);
#3951=VERTEX_POINT('',#12037);
#3952=VERTEX_POINT('',#12039);
#3953=VERTEX_POINT('',#12041);
#3954=VERTEX_POINT('',#12044);
#3955=VERTEX_POINT('',#12045);
#3956=VERTEX_POINT('',#12047);
#3957=VERTEX_POINT('',#12049);
#3958=VERTEX_POINT('',#12052);
#3959=VERTEX_POINT('',#12053);
#3960=VERTEX_POINT('',#12055);
#3961=VERTEX_POINT('',#12057);
#3962=VERTEX_POINT('',#12060);
#3963=VERTEX_POINT('',#12061);
#3964=VERTEX_POINT('',#12063);
#3965=VERTEX_POINT('',#12065);
#3966=VERTEX_POINT('',#12068);
#3967=VERTEX_POINT('',#12070);
#3968=VERTEX_POINT('',#12073);
#3969=VERTEX_POINT('',#12075);
#3970=VERTEX_POINT('',#12078);
#3971=VERTEX_POINT('',#12080);
#3972=VERTEX_POINT('',#12083);
#3973=VERTEX_POINT('',#12085);
#3974=VERTEX_POINT('',#12089);
#3975=VERTEX_POINT('',#12091);
#3976=VERTEX_POINT('',#12095);
#3977=VERTEX_POINT('',#12096);
#3978=VERTEX_POINT('',#12098);
#3979=VERTEX_POINT('',#12100);
#3980=VERTEX_POINT('',#12104);
#3981=VERTEX_POINT('',#12105);
#3982=VERTEX_POINT('',#12107);
#3983=VERTEX_POINT('',#12109);
#3984=VERTEX_POINT('',#12113);
#3985=VERTEX_POINT('',#12114);
#3986=VERTEX_POINT('',#12116);
#3987=VERTEX_POINT('',#12118);
#3988=VERTEX_POINT('',#12122);
#3989=VERTEX_POINT('',#12123);
#3990=VERTEX_POINT('',#12125);
#3991=VERTEX_POINT('',#12127);
#3992=VERTEX_POINT('',#12131);
#3993=VERTEX_POINT('',#12132);
#3994=VERTEX_POINT('',#12134);
#3995=VERTEX_POINT('',#12136);
#3996=VERTEX_POINT('',#12140);
#3997=VERTEX_POINT('',#12141);
#3998=VERTEX_POINT('',#12143);
#3999=VERTEX_POINT('',#12145);
#4000=VERTEX_POINT('',#12149);
#4001=VERTEX_POINT('',#12150);
#4002=VERTEX_POINT('',#12152);
#4003=VERTEX_POINT('',#12154);
#4004=VERTEX_POINT('',#12158);
#4005=VERTEX_POINT('',#12162);
#4006=VERTEX_POINT('',#12163);
#4007=VERTEX_POINT('',#12168);
#4008=VERTEX_POINT('',#12169);
#4009=VERTEX_POINT('',#12174);
#4010=VERTEX_POINT('',#12175);
#4011=VERTEX_POINT('',#12180);
#4012=VERTEX_POINT('',#12181);
#4013=VERTEX_POINT('',#12186);
#4014=VERTEX_POINT('',#12187);
#4015=VERTEX_POINT('',#12192);
#4016=VERTEX_POINT('',#12193);
#4017=VERTEX_POINT('',#12198);
#4018=VERTEX_POINT('',#12199);
#4019=VERTEX_POINT('',#12204);
#4020=VERTEX_POINT('',#12208);
#4021=VERTEX_POINT('',#12209);
#4022=VERTEX_POINT('',#12214);
#4023=VERTEX_POINT('',#12215);
#4024=VERTEX_POINT('',#12220);
#4025=VERTEX_POINT('',#12221);
#4026=VERTEX_POINT('',#12226);
#4027=VERTEX_POINT('',#12227);
#4028=VERTEX_POINT('',#12232);
#4029=VERTEX_POINT('',#12233);
#4030=VERTEX_POINT('',#12238);
#4031=VERTEX_POINT('',#12239);
#4032=VERTEX_POINT('',#12244);
#4033=VERTEX_POINT('',#12245);
#4034=VERTEX_POINT('',#12273);
#4035=VERTEX_POINT('',#12277);
#4036=VERTEX_POINT('',#12278);
#4037=VERTEX_POINT('',#12283);
#4038=VERTEX_POINT('',#12284);
#4039=VERTEX_POINT('',#12289);
#4040=VERTEX_POINT('',#12290);
#4041=VERTEX_POINT('',#12295);
#4042=VERTEX_POINT('',#12296);
#4043=VERTEX_POINT('',#12301);
#4044=VERTEX_POINT('',#12302);
#4045=VERTEX_POINT('',#12307);
#4046=VERTEX_POINT('',#12308);
#4047=VERTEX_POINT('',#12313);
#4048=VERTEX_POINT('',#12314);
#4049=VERTEX_POINT('',#12319);
#4050=VERTEX_POINT('',#12320);
#4051=VERTEX_POINT('',#12325);
#4052=VERTEX_POINT('',#12329);
#4053=VERTEX_POINT('',#12330);
#4054=VERTEX_POINT('',#12335);
#4055=VERTEX_POINT('',#12336);
#4056=VERTEX_POINT('',#12341);
#4057=VERTEX_POINT('',#12342);
#4058=VERTEX_POINT('',#12347);
#4059=VERTEX_POINT('',#12348);
#4060=VERTEX_POINT('',#12353);
#4061=VERTEX_POINT('',#12354);
#4062=VERTEX_POINT('',#12359);
#4063=VERTEX_POINT('',#12360);
#4064=VERTEX_POINT('',#12365);
#4065=VERTEX_POINT('',#12366);
#4066=VERTEX_POINT('',#12371);
#4067=VERTEX_POINT('',#12372);
#4068=VERTEX_POINT('',#12377);
#4069=VERTEX_POINT('',#12381);
#4070=VERTEX_POINT('',#12382);
#4071=VERTEX_POINT('',#12387);
#4072=VERTEX_POINT('',#12388);
#4073=VERTEX_POINT('',#12393);
#4074=VERTEX_POINT('',#12394);
#4075=VERTEX_POINT('',#12399);
#4076=VERTEX_POINT('',#12400);
#4077=VERTEX_POINT('',#12405);
#4078=VERTEX_POINT('',#12406);
#4079=VERTEX_POINT('',#12411);
#4080=VERTEX_POINT('',#12412);
#4081=VERTEX_POINT('',#12417);
#4082=VERTEX_POINT('',#12418);
#4083=VERTEX_POINT('',#12423);
#4084=VERTEX_POINT('',#12424);
#4085=VERTEX_POINT('',#12429);
#4086=VERTEX_POINT('',#12433);
#4087=VERTEX_POINT('',#12434);
#4088=VERTEX_POINT('',#12439);
#4089=VERTEX_POINT('',#12440);
#4090=VERTEX_POINT('',#12445);
#4091=VERTEX_POINT('',#12446);
#4092=VERTEX_POINT('',#12451);
#4093=VERTEX_POINT('',#12452);
#4094=VERTEX_POINT('',#12457);
#4095=VERTEX_POINT('',#12458);
#4096=VERTEX_POINT('',#12463);
#4097=VERTEX_POINT('',#12464);
#4098=VERTEX_POINT('',#12469);
#4099=VERTEX_POINT('',#12470);
#4100=VERTEX_POINT('',#12475);
#4101=VERTEX_POINT('',#12476);
#4102=VERTEX_POINT('',#12481);
#4103=VERTEX_POINT('',#12485);
#4104=VERTEX_POINT('',#12486);
#4105=VERTEX_POINT('',#12491);
#4106=VERTEX_POINT('',#12492);
#4107=VERTEX_POINT('',#12497);
#4108=VERTEX_POINT('',#12498);
#4109=VERTEX_POINT('',#12503);
#4110=VERTEX_POINT('',#12504);
#4111=VERTEX_POINT('',#12509);
#4112=VERTEX_POINT('',#12510);
#4113=VERTEX_POINT('',#12515);
#4114=VERTEX_POINT('',#12516);
#4115=VERTEX_POINT('',#12521);
#4116=VERTEX_POINT('',#12522);
#4117=VERTEX_POINT('',#12527);
#4118=VERTEX_POINT('',#12528);
#4119=VERTEX_POINT('',#12533);
#4120=VERTEX_POINT('',#12537);
#4121=VERTEX_POINT('',#12539);
#4122=VERTEX_POINT('',#12543);
#4123=VERTEX_POINT('',#12545);
#4124=VERTEX_POINT('',#12549);
#4125=VERTEX_POINT('',#12551);
#4126=VERTEX_POINT('',#12555);
#4127=VERTEX_POINT('',#12557);
#4128=VERTEX_POINT('',#12561);
#4129=VERTEX_POINT('',#12563);
#4130=VERTEX_POINT('',#12567);
#4131=VERTEX_POINT('',#12569);
#4132=VERTEX_POINT('',#12573);
#4133=VERTEX_POINT('',#12575);
#4134=VERTEX_POINT('',#12579);
#4135=VERTEX_POINT('',#12581);
#4136=VERTEX_POINT('',#12611);
#4137=VERTEX_POINT('',#12615);
#4138=VERTEX_POINT('',#12616);
#4139=VERTEX_POINT('',#12621);
#4140=VERTEX_POINT('',#12622);
#4141=VERTEX_POINT('',#12627);
#4142=VERTEX_POINT('',#12628);
#4143=VERTEX_POINT('',#12633);
#4144=VERTEX_POINT('',#12634);
#4145=VERTEX_POINT('',#12639);
#4146=VERTEX_POINT('',#12640);
#4147=VERTEX_POINT('',#12645);
#4148=VERTEX_POINT('',#12646);
#4149=VERTEX_POINT('',#12651);
#4150=VERTEX_POINT('',#12652);
#4151=VERTEX_POINT('',#12657);
#4152=VERTEX_POINT('',#12661);
#4153=VERTEX_POINT('',#12663);
#4154=VERTEX_POINT('',#12667);
#4155=VERTEX_POINT('',#12669);
#4156=VERTEX_POINT('',#12673);
#4157=VERTEX_POINT('',#12675);
#4158=VERTEX_POINT('',#12679);
#4159=VERTEX_POINT('',#12681);
#4160=VERTEX_POINT('',#12685);
#4161=VERTEX_POINT('',#12687);
#4162=VERTEX_POINT('',#12691);
#4163=VERTEX_POINT('',#12693);
#4164=VERTEX_POINT('',#12697);
#4165=VERTEX_POINT('',#12699);
#4166=VERTEX_POINT('',#12726);
#4167=VERTEX_POINT('',#12728);
#4168=VERTEX_POINT('',#12732);
#4169=VERTEX_POINT('',#12736);
#4170=VERTEX_POINT('',#12742);
#4171=VERTEX_POINT('',#12746);
#4172=VERTEX_POINT('',#12750);
#4173=VERTEX_POINT('',#12754);
#4174=VERTEX_POINT('',#12758);
#4175=VERTEX_POINT('',#12762);
#4176=VERTEX_POINT('',#12768);
#4177=VERTEX_POINT('',#12772);
#4178=VERTEX_POINT('',#12814);
#4179=VERTEX_POINT('',#12815);
#4180=VERTEX_POINT('',#12817);
#4181=VERTEX_POINT('',#12819);
#4182=VERTEX_POINT('',#12823);
#4183=VERTEX_POINT('',#12824);
#4184=VERTEX_POINT('',#12826);
#4185=VERTEX_POINT('',#12828);
#4186=VERTEX_POINT('',#12832);
#4187=VERTEX_POINT('',#12833);
#4188=VERTEX_POINT('',#12835);
#4189=VERTEX_POINT('',#12837);
#4190=VERTEX_POINT('',#12842);
#4191=VERTEX_POINT('',#12844);
#4192=VERTEX_POINT('',#12846);
#4193=VERTEX_POINT('',#12848);
#4194=VERTEX_POINT('',#12850);
#4195=VERTEX_POINT('',#12852);
#4196=VERTEX_POINT('',#12854);
#4197=VERTEX_POINT('',#12856);
#4198=VERTEX_POINT('',#12861);
#4199=VERTEX_POINT('',#12863);
#4200=VERTEX_POINT('',#12865);
#4201=VERTEX_POINT('',#12867);
#4202=VERTEX_POINT('',#12869);
#4203=VERTEX_POINT('',#12871);
#4204=VERTEX_POINT('',#12873);
#4205=VERTEX_POINT('',#12875);
#4206=VERTEX_POINT('',#12879);
#4207=VERTEX_POINT('',#12881);
#4208=VERTEX_POINT('',#12885);
#4209=VERTEX_POINT('',#12887);
#4210=VERTEX_POINT('',#12894);
#4211=VERTEX_POINT('',#12895);
#4212=VERTEX_POINT('',#12897);
#4213=VERTEX_POINT('',#12899);
#4214=VERTEX_POINT('',#12902);
#4215=VERTEX_POINT('',#12903);
#4216=VERTEX_POINT('',#12905);
#4217=VERTEX_POINT('',#12907);
#4218=VERTEX_POINT('',#12910);
#4219=VERTEX_POINT('',#12911);
#4220=VERTEX_POINT('',#12913);
#4221=VERTEX_POINT('',#12915);
#4222=VERTEX_POINT('',#12918);
#4223=VERTEX_POINT('',#12919);
#4224=VERTEX_POINT('',#12921);
#4225=VERTEX_POINT('',#12923);
#4226=VERTEX_POINT('',#12926);
#4227=VERTEX_POINT('',#12927);
#4228=VERTEX_POINT('',#12929);
#4229=VERTEX_POINT('',#12931);
#4230=VERTEX_POINT('',#12934);
#4231=VERTEX_POINT('',#12935);
#4232=VERTEX_POINT('',#12937);
#4233=VERTEX_POINT('',#12939);
#4234=VERTEX_POINT('',#12942);
#4235=VERTEX_POINT('',#12943);
#4236=VERTEX_POINT('',#12945);
#4237=VERTEX_POINT('',#12947);
#4238=VERTEX_POINT('',#12950);
#4239=VERTEX_POINT('',#12951);
#4240=VERTEX_POINT('',#12953);
#4241=VERTEX_POINT('',#12955);
#4242=VERTEX_POINT('',#12958);
#4243=VERTEX_POINT('',#12959);
#4244=VERTEX_POINT('',#12961);
#4245=VERTEX_POINT('',#12963);
#4246=VERTEX_POINT('',#12966);
#4247=VERTEX_POINT('',#12967);
#4248=VERTEX_POINT('',#12969);
#4249=VERTEX_POINT('',#12971);
#4250=VERTEX_POINT('',#12974);
#4251=VERTEX_POINT('',#12975);
#4252=VERTEX_POINT('',#12977);
#4253=VERTEX_POINT('',#12979);
#4254=VERTEX_POINT('',#12982);
#4255=VERTEX_POINT('',#12983);
#4256=VERTEX_POINT('',#12985);
#4257=VERTEX_POINT('',#12987);
#4258=VERTEX_POINT('',#12990);
#4259=VERTEX_POINT('',#12991);
#4260=VERTEX_POINT('',#12993);
#4261=VERTEX_POINT('',#12995);
#4262=VERTEX_POINT('',#12998);
#4263=VERTEX_POINT('',#12999);
#4264=VERTEX_POINT('',#13001);
#4265=VERTEX_POINT('',#13003);
#4266=VERTEX_POINT('',#13006);
#4267=VERTEX_POINT('',#13007);
#4268=VERTEX_POINT('',#13009);
#4269=VERTEX_POINT('',#13011);
#4270=VERTEX_POINT('',#13014);
#4271=VERTEX_POINT('',#13016);
#4272=VERTEX_POINT('',#13019);
#4273=VERTEX_POINT('',#13021);
#4274=VERTEX_POINT('',#13024);
#4275=VERTEX_POINT('',#13026);
#4276=VERTEX_POINT('',#13029);
#4277=VERTEX_POINT('',#13031);
#4278=VERTEX_POINT('',#13035);
#4279=VERTEX_POINT('',#13039);
#4280=VERTEX_POINT('',#13041);
#4281=VERTEX_POINT('',#13045);
#4282=VERTEX_POINT('',#13047);
#4283=VERTEX_POINT('',#13051);
#4284=VERTEX_POINT('',#13053);
#4285=VERTEX_POINT('',#13057);
#4286=VERTEX_POINT('',#13059);
#4287=VERTEX_POINT('',#13063);
#4288=VERTEX_POINT('',#13065);
#4289=VERTEX_POINT('',#13069);
#4290=VERTEX_POINT('',#13071);
#4291=VERTEX_POINT('',#13075);
#4292=VERTEX_POINT('',#13077);
#4293=VERTEX_POINT('',#13081);
#4294=VERTEX_POINT('',#13083);
#4295=VERTEX_POINT('',#13087);
#4296=VERTEX_POINT('',#13089);
#4297=VERTEX_POINT('',#13093);
#4298=VERTEX_POINT('',#13095);
#4299=VERTEX_POINT('',#13099);
#4300=VERTEX_POINT('',#13101);
#4301=VERTEX_POINT('',#13105);
#4302=VERTEX_POINT('',#13107);
#4303=VERTEX_POINT('',#13111);
#4304=VERTEX_POINT('',#13113);
#4305=VERTEX_POINT('',#13117);
#4306=VERTEX_POINT('',#13119);
#4307=VERTEX_POINT('',#13123);
#4308=VERTEX_POINT('',#13125);
#4309=VERTEX_POINT('',#13129);
#4310=VERTEX_POINT('',#13131);
#4311=VERTEX_POINT('',#13135);
#4312=VERTEX_POINT('',#13137);
#4313=VERTEX_POINT('',#13141);
#4314=VERTEX_POINT('',#13143);
#4315=VERTEX_POINT('',#13147);
#4316=VERTEX_POINT('',#13149);
#4317=VERTEX_POINT('',#13153);
#4318=VERTEX_POINT('',#13155);
#4319=VERTEX_POINT('',#13159);
#4320=VERTEX_POINT('',#13161);
#4321=VERTEX_POINT('',#13165);
#4322=VERTEX_POINT('',#13167);
#4323=VERTEX_POINT('',#13171);
#4324=VERTEX_POINT('',#13173);
#4325=VERTEX_POINT('',#13177);
#4326=VERTEX_POINT('',#13179);
#4327=VERTEX_POINT('',#13183);
#4328=VERTEX_POINT('',#13185);
#4329=VERTEX_POINT('',#13189);
#4330=VERTEX_POINT('',#13191);
#4331=VERTEX_POINT('',#13196);
#4332=VERTEX_POINT('',#13200);
#4333=VERTEX_POINT('',#13202);
#4334=VERTEX_POINT('',#13206);
#4335=VERTEX_POINT('',#13208);
#4336=VERTEX_POINT('',#13212);
#4337=VERTEX_POINT('',#13214);
#4338=VERTEX_POINT('',#13218);
#4339=VERTEX_POINT('',#13220);
#4340=VERTEX_POINT('',#13224);
#4341=VERTEX_POINT('',#13226);
#4342=VERTEX_POINT('',#13230);
#4343=VERTEX_POINT('',#13232);
#4344=VERTEX_POINT('',#13236);
#4345=VERTEX_POINT('',#13238);
#4346=VERTEX_POINT('',#13242);
#4347=VERTEX_POINT('',#13244);
#4348=VERTEX_POINT('',#13274);
#4349=VERTEX_POINT('',#13278);
#4350=VERTEX_POINT('',#13280);
#4351=VERTEX_POINT('',#13284);
#4352=VERTEX_POINT('',#13286);
#4353=VERTEX_POINT('',#13290);
#4354=VERTEX_POINT('',#13292);
#4355=VERTEX_POINT('',#13296);
#4356=VERTEX_POINT('',#13298);
#4357=VERTEX_POINT('',#13302);
#4358=VERTEX_POINT('',#13304);
#4359=VERTEX_POINT('',#13308);
#4360=VERTEX_POINT('',#13310);
#4361=VERTEX_POINT('',#13314);
#4362=VERTEX_POINT('',#13316);
#4363=VERTEX_POINT('',#13320);
#4364=VERTEX_POINT('',#13322);
#4365=VERTEX_POINT('',#13326);
#4366=VERTEX_POINT('',#13328);
#4367=VERTEX_POINT('',#13332);
#4368=VERTEX_POINT('',#13334);
#4369=VERTEX_POINT('',#13338);
#4370=VERTEX_POINT('',#13340);
#4371=VERTEX_POINT('',#13344);
#4372=VERTEX_POINT('',#13346);
#4373=VERTEX_POINT('',#13350);
#4374=VERTEX_POINT('',#13352);
#4375=VERTEX_POINT('',#13356);
#4376=VERTEX_POINT('',#13358);
#4377=VERTEX_POINT('',#13362);
#4378=VERTEX_POINT('',#13364);
#4379=VERTEX_POINT('',#13368);
#4380=VERTEX_POINT('',#13370);
#4381=VERTEX_POINT('',#13374);
#4382=VERTEX_POINT('',#13376);
#4383=VERTEX_POINT('',#13380);
#4384=VERTEX_POINT('',#13382);
#4385=VERTEX_POINT('',#13386);
#4386=VERTEX_POINT('',#13388);
#4387=VERTEX_POINT('',#13392);
#4388=VERTEX_POINT('',#13394);
#4389=VERTEX_POINT('',#13398);
#4390=VERTEX_POINT('',#13400);
#4391=VERTEX_POINT('',#13404);
#4392=VERTEX_POINT('',#13406);
#4393=VERTEX_POINT('',#13410);
#4394=VERTEX_POINT('',#13412);
#4395=VERTEX_POINT('',#13417);
#4396=VERTEX_POINT('',#13421);
#4397=VERTEX_POINT('',#13423);
#4398=VERTEX_POINT('',#13427);
#4399=VERTEX_POINT('',#13429);
#4400=VERTEX_POINT('',#13433);
#4401=VERTEX_POINT('',#13435);
#4402=VERTEX_POINT('',#13439);
#4403=VERTEX_POINT('',#13441);
#4404=VERTEX_POINT('',#13445);
#4405=VERTEX_POINT('',#13447);
#4406=VERTEX_POINT('',#13451);
#4407=VERTEX_POINT('',#13453);
#4408=VERTEX_POINT('',#13457);
#4409=VERTEX_POINT('',#13459);
#4410=VERTEX_POINT('',#13486);
#4411=VERTEX_POINT('',#13490);
#4412=VERTEX_POINT('',#13492);
#4413=VERTEX_POINT('',#13496);
#4414=VERTEX_POINT('',#13498);
#4415=VERTEX_POINT('',#13502);
#4416=VERTEX_POINT('',#13509);
#4417=VERTEX_POINT('',#13513);
#4418=VERTEX_POINT('',#13515);
#4419=VERTEX_POINT('',#13519);
#4420=VERTEX_POINT('',#13521);
#4421=VERTEX_POINT('',#13525);
#4422=LINE('',#11256,#5518);
#4423=LINE('',#11259,#5519);
#4424=LINE('',#11261,#5520);
#4425=LINE('',#11263,#5521);
#4426=LINE('',#11265,#5522);
#4427=LINE('',#11268,#5523);
#4428=LINE('',#11270,#5524);
#4429=LINE('',#11272,#5525);
#4430=LINE('',#11274,#5526);
#4431=LINE('',#11277,#5527);
#4432=LINE('',#11279,#5528);
#4433=LINE('',#11281,#5529);
#4434=LINE('',#11283,#5530);
#4435=LINE('',#11285,#5531);
#4436=LINE('',#11287,#5532);
#4437=LINE('',#11289,#5533);
#4438=LINE('',#11290,#5534);
#4439=LINE('',#11292,#5535);
#4440=LINE('',#11294,#5536);
#4441=LINE('',#11296,#5537);
#4442=LINE('',#11297,#5538);
#4443=LINE('',#11299,#5539);
#4444=LINE('',#11301,#5540);
#4445=LINE('',#11303,#5541);
#4446=LINE('',#11305,#5542);
#4447=LINE('',#11307,#5543);
#4448=LINE('',#11309,#5544);
#4449=LINE('',#11311,#5545);
#4450=LINE('',#11313,#5546);
#4451=LINE('',#11316,#5547);
#4452=LINE('',#11317,#5548);
#4453=LINE('',#11318,#5549);
#4454=LINE('',#11320,#5550);
#4455=LINE('',#11322,#5551);
#4456=LINE('',#11323,#5552);
#4457=LINE('',#11325,#5553);
#4458=LINE('',#11327,#5554);
#4459=LINE('',#11329,#5555);
#4460=LINE('',#11330,#5556);
#4461=LINE('',#11332,#5557);
#4462=LINE('',#11334,#5558);
#4463=LINE('',#11337,#5559);
#4464=LINE('',#11339,#5560);
#4465=LINE('',#11341,#5561);
#4466=LINE('',#11343,#5562);
#4467=LINE('',#11345,#5563);
#4468=LINE('',#11347,#5564);
#4469=LINE('',#11349,#5565);
#4470=LINE('',#11351,#5566);
#4471=LINE('',#11353,#5567);
#4472=LINE('',#11355,#5568);
#4473=LINE('',#11358,#5569);
#4474=LINE('',#11360,#5570);
#4475=LINE('',#11362,#5571);
#4476=LINE('',#11364,#5572);
#4477=LINE('',#11366,#5573);
#4478=LINE('',#11368,#5574);
#4479=LINE('',#11370,#5575);
#4480=LINE('',#11372,#5576);
#4481=LINE('',#11374,#5577);
#4482=LINE('',#11376,#5578);
#4483=LINE('',#11379,#5579);
#4484=LINE('',#11381,#5580);
#4485=LINE('',#11383,#5581);
#4486=LINE('',#11385,#5582);
#4487=LINE('',#11387,#5583);
#4488=LINE('',#11389,#5584);
#4489=LINE('',#11391,#5585);
#4490=LINE('',#11393,#5586);
#4491=LINE('',#11395,#5587);
#4492=LINE('',#11397,#5588);
#4493=LINE('',#11400,#5589);
#4494=LINE('',#11402,#5590);
#4495=LINE('',#11404,#5591);
#4496=LINE('',#11406,#5592);
#4497=LINE('',#11408,#5593);
#4498=LINE('',#11410,#5594);
#4499=LINE('',#11412,#5595);
#4500=LINE('',#11414,#5596);
#4501=LINE('',#11416,#5597);
#4502=LINE('',#11418,#5598);
#4503=LINE('',#11421,#5599);
#4504=LINE('',#11423,#5600);
#4505=LINE('',#11425,#5601);
#4506=LINE('',#11427,#5602);
#4507=LINE('',#11429,#5603);
#4508=LINE('',#11431,#5604);
#4509=LINE('',#11433,#5605);
#4510=LINE('',#11435,#5606);
#4511=LINE('',#11437,#5607);
#4512=LINE('',#11439,#5608);
#4513=LINE('',#11442,#5609);
#4514=LINE('',#11444,#5610);
#4515=LINE('',#11446,#5611);
#4516=LINE('',#11448,#5612);
#4517=LINE('',#11450,#5613);
#4518=LINE('',#11452,#5614);
#4519=LINE('',#11454,#5615);
#4520=LINE('',#11456,#5616);
#4521=LINE('',#11458,#5617);
#4522=LINE('',#11460,#5618);
#4523=LINE('',#11463,#5619);
#4524=LINE('',#11465,#5620);
#4525=LINE('',#11467,#5621);
#4526=LINE('',#11469,#5622);
#4527=LINE('',#11471,#5623);
#4528=LINE('',#11473,#5624);
#4529=LINE('',#11475,#5625);
#4530=LINE('',#11477,#5626);
#4531=LINE('',#11479,#5627);
#4532=LINE('',#11481,#5628);
#4533=LINE('',#11484,#5629);
#4534=LINE('',#11486,#5630);
#4535=LINE('',#11488,#5631);
#4536=LINE('',#11490,#5632);
#4537=LINE('',#11492,#5633);
#4538=LINE('',#11494,#5634);
#4539=LINE('',#11496,#5635);
#4540=LINE('',#11498,#5636);
#4541=LINE('',#11500,#5637);
#4542=LINE('',#11502,#5638);
#4543=LINE('',#11505,#5639);
#4544=LINE('',#11507,#5640);
#4545=LINE('',#11509,#5641);
#4546=LINE('',#11511,#5642);
#4547=LINE('',#11513,#5643);
#4548=LINE('',#11515,#5644);
#4549=LINE('',#11517,#5645);
#4550=LINE('',#11519,#5646);
#4551=LINE('',#11521,#5647);
#4552=LINE('',#11523,#5648);
#4553=LINE('',#11526,#5649);
#4554=LINE('',#11528,#5650);
#4555=LINE('',#11530,#5651);
#4556=LINE('',#11532,#5652);
#4557=LINE('',#11534,#5653);
#4558=LINE('',#11536,#5654);
#4559=LINE('',#11538,#5655);
#4560=LINE('',#11540,#5656);
#4561=LINE('',#11542,#5657);
#4562=LINE('',#11544,#5658);
#4563=LINE('',#11547,#5659);
#4564=LINE('',#11549,#5660);
#4565=LINE('',#11551,#5661);
#4566=LINE('',#11553,#5662);
#4567=LINE('',#11555,#5663);
#4568=LINE('',#11557,#5664);
#4569=LINE('',#11559,#5665);
#4570=LINE('',#11561,#5666);
#4571=LINE('',#11563,#5667);
#4572=LINE('',#11565,#5668);
#4573=LINE('',#11568,#5669);
#4574=LINE('',#11570,#5670);
#4575=LINE('',#11572,#5671);
#4576=LINE('',#11574,#5672);
#4577=LINE('',#11576,#5673);
#4578=LINE('',#11578,#5674);
#4579=LINE('',#11580,#5675);
#4580=LINE('',#11582,#5676);
#4581=LINE('',#11584,#5677);
#4582=LINE('',#11586,#5678);
#4583=LINE('',#11589,#5679);
#4584=LINE('',#11591,#5680);
#4585=LINE('',#11593,#5681);
#4586=LINE('',#11595,#5682);
#4587=LINE('',#11597,#5683);
#4588=LINE('',#11599,#5684);
#4589=LINE('',#11601,#5685);
#4590=LINE('',#11603,#5686);
#4591=LINE('',#11605,#5687);
#4592=LINE('',#11607,#5688);
#4593=LINE('',#11610,#5689);
#4594=LINE('',#11612,#5690);
#4595=LINE('',#11614,#5691);
#4596=LINE('',#11616,#5692);
#4597=LINE('',#11618,#5693);
#4598=LINE('',#11620,#5694);
#4599=LINE('',#11622,#5695);
#4600=LINE('',#11624,#5696);
#4601=LINE('',#11626,#5697);
#4602=LINE('',#11628,#5698);
#4603=LINE('',#11631,#5699);
#4604=LINE('',#11633,#5700);
#4605=LINE('',#11635,#5701);
#4606=LINE('',#11637,#5702);
#4607=LINE('',#11639,#5703);
#4608=LINE('',#11641,#5704);
#4609=LINE('',#11643,#5705);
#4610=LINE('',#11645,#5706);
#4611=LINE('',#11647,#5707);
#4612=LINE('',#11649,#5708);
#4613=LINE('',#11652,#5709);
#4614=LINE('',#11654,#5710);
#4615=LINE('',#11656,#5711);
#4616=LINE('',#11658,#5712);
#4617=LINE('',#11660,#5713);
#4618=LINE('',#11662,#5714);
#4619=LINE('',#11664,#5715);
#4620=LINE('',#11666,#5716);
#4621=LINE('',#11668,#5717);
#4622=LINE('',#11670,#5718);
#4623=LINE('',#11673,#5719);
#4624=LINE('',#11675,#5720);
#4625=LINE('',#11677,#5721);
#4626=LINE('',#11679,#5722);
#4627=LINE('',#11681,#5723);
#4628=LINE('',#11683,#5724);
#4629=LINE('',#11685,#5725);
#4630=LINE('',#11687,#5726);
#4631=LINE('',#11689,#5727);
#4632=LINE('',#11691,#5728);
#4633=LINE('',#11694,#5729);
#4634=LINE('',#11696,#5730);
#4635=LINE('',#11698,#5731);
#4636=LINE('',#11700,#5732);
#4637=LINE('',#11702,#5733);
#4638=LINE('',#11704,#5734);
#4639=LINE('',#11706,#5735);
#4640=LINE('',#11708,#5736);
#4641=LINE('',#11710,#5737);
#4642=LINE('',#11712,#5738);
#4643=LINE('',#11715,#5739);
#4644=LINE('',#11717,#5740);
#4645=LINE('',#11719,#5741);
#4646=LINE('',#11721,#5742);
#4647=LINE('',#11723,#5743);
#4648=LINE('',#11725,#5744);
#4649=LINE('',#11727,#5745);
#4650=LINE('',#11729,#5746);
#4651=LINE('',#11731,#5747);
#4652=LINE('',#11733,#5748);
#4653=LINE('',#11736,#5749);
#4654=LINE('',#11738,#5750);
#4655=LINE('',#11740,#5751);
#4656=LINE('',#11742,#5752);
#4657=LINE('',#11744,#5753);
#4658=LINE('',#11746,#5754);
#4659=LINE('',#11748,#5755);
#4660=LINE('',#11750,#5756);
#4661=LINE('',#11752,#5757);
#4662=LINE('',#11754,#5758);
#4663=LINE('',#11755,#5759);
#4664=LINE('',#11757,#5760);
#4665=LINE('',#11758,#5761);
#4666=LINE('',#11760,#5762);
#4667=LINE('',#11761,#5763);
#4668=LINE('',#11763,#5764);
#4669=LINE('',#11764,#5765);
#4670=LINE('',#11766,#5766);
#4671=LINE('',#11767,#5767);
#4672=LINE('',#11769,#5768);
#4673=LINE('',#11770,#5769);
#4674=LINE('',#11772,#5770);
#4675=LINE('',#11773,#5771);
#4676=LINE('',#11775,#5772);
#4677=LINE('',#11776,#5773);
#4678=LINE('',#11778,#5774);
#4679=LINE('',#11779,#5775);
#4680=LINE('',#11781,#5776);
#4681=LINE('',#11782,#5777);
#4682=LINE('',#11784,#5778);
#4683=LINE('',#11785,#5779);
#4684=LINE('',#11787,#5780);
#4685=LINE('',#11788,#5781);
#4686=LINE('',#11790,#5782);
#4687=LINE('',#11791,#5783);
#4688=LINE('',#11793,#5784);
#4689=LINE('',#11794,#5785);
#4690=LINE('',#11796,#5786);
#4691=LINE('',#11797,#5787);
#4692=LINE('',#11799,#5788);
#4693=LINE('',#11800,#5789);
#4694=LINE('',#11802,#5790);
#4695=LINE('',#11803,#5791);
#4696=LINE('',#11805,#5792);
#4697=LINE('',#11806,#5793);
#4698=LINE('',#11808,#5794);
#4699=LINE('',#11809,#5795);
#4700=LINE('',#11811,#5796);
#4701=LINE('',#11812,#5797);
#4702=LINE('',#11814,#5798);
#4703=LINE('',#11817,#5799);
#4704=LINE('',#11819,#5800);
#4705=LINE('',#11821,#5801);
#4706=LINE('',#11824,#5802);
#4707=LINE('',#11826,#5803);
#4708=LINE('',#11829,#5804);
#4709=LINE('',#11831,#5805);
#4710=LINE('',#11835,#5806);
#4711=LINE('',#11838,#5807);
#4712=LINE('',#11840,#5808);
#4713=LINE('',#11842,#5809);
#4714=LINE('',#11844,#5810);
#4715=LINE('',#11847,#5811);
#4716=LINE('',#11849,#5812);
#4717=LINE('',#11851,#5813);
#4718=LINE('',#11853,#5814);
#4719=LINE('',#11856,#5815);
#4720=LINE('',#11858,#5816);
#4721=LINE('',#11860,#5817);
#4722=LINE('',#11862,#5818);
#4723=LINE('',#11863,#5819);
#4724=LINE('',#11865,#5820);
#4725=LINE('',#11869,#5821);
#4726=LINE('',#11871,#5822);
#4727=LINE('',#11873,#5823);
#4728=LINE('',#11877,#5824);
#4729=LINE('',#11879,#5825);
#4730=LINE('',#11881,#5826);
#4731=LINE('',#11885,#5827);
#4732=LINE('',#11887,#5828);
#4733=LINE('',#11889,#5829);
#4734=LINE('',#11893,#5830);
#4735=LINE('',#11895,#5831);
#4736=LINE('',#11897,#5832);
#4737=LINE('',#11898,#5833);
#4738=LINE('',#11900,#5834);
#4739=LINE('',#11904,#5835);
#4740=LINE('',#11906,#5836);
#4741=LINE('',#11908,#5837);
#4742=LINE('',#11912,#5838);
#4743=LINE('',#11914,#5839);
#4744=LINE('',#11916,#5840);
#4745=LINE('',#11920,#5841);
#4746=LINE('',#11922,#5842);
#4747=LINE('',#11924,#5843);
#4748=LINE('',#11928,#5844);
#4749=LINE('',#11930,#5845);
#4750=LINE('',#11932,#5846);
#4751=LINE('',#11934,#5847);
#4752=LINE('',#11936,#5848);
#4753=LINE('',#11938,#5849);
#4754=LINE('',#11940,#5850);
#4755=LINE('',#11942,#5851);
#4756=LINE('',#11944,#5852);
#4757=LINE('',#11945,#5853);
#4758=LINE('',#11947,#5854);
#4759=LINE('',#11950,#5855);
#4760=LINE('',#11952,#5856);
#4761=LINE('',#11954,#5857);
#4762=LINE('',#11955,#5858);
#4763=LINE('',#11958,#5859);
#4764=LINE('',#11960,#5860);
#4765=LINE('',#11962,#5861);
#4766=LINE('',#11963,#5862);
#4767=LINE('',#11966,#5863);
#4768=LINE('',#11968,#5864);
#4769=LINE('',#11970,#5865);
#4770=LINE('',#11971,#5866);
#4771=LINE('',#11974,#5867);
#4772=LINE('',#11976,#5868);
#4773=LINE('',#11978,#5869);
#4774=LINE('',#11979,#5870);
#4775=LINE('',#11982,#5871);
#4776=LINE('',#11984,#5872);
#4777=LINE('',#11986,#5873);
#4778=LINE('',#11987,#5874);
#4779=LINE('',#11990,#5875);
#4780=LINE('',#11992,#5876);
#4781=LINE('',#11994,#5877);
#4782=LINE('',#11995,#5878);
#4783=LINE('',#11998,#5879);
#4784=LINE('',#12000,#5880);
#4785=LINE('',#12002,#5881);
#4786=LINE('',#12003,#5882);
#4787=LINE('',#12006,#5883);
#4788=LINE('',#12008,#5884);
#4789=LINE('',#12010,#5885);
#4790=LINE('',#12011,#5886);
#4791=LINE('',#12014,#5887);
#4792=LINE('',#12016,#5888);
#4793=LINE('',#12018,#5889);
#4794=LINE('',#12019,#5890);
#4795=LINE('',#12022,#5891);
#4796=LINE('',#12024,#5892);
#4797=LINE('',#12026,#5893);
#4798=LINE('',#12027,#5894);
#4799=LINE('',#12030,#5895);
#4800=LINE('',#12032,#5896);
#4801=LINE('',#12034,#5897);
#4802=LINE('',#12035,#5898);
#4803=LINE('',#12038,#5899);
#4804=LINE('',#12040,#5900);
#4805=LINE('',#12042,#5901);
#4806=LINE('',#12043,#5902);
#4807=LINE('',#12046,#5903);
#4808=LINE('',#12048,#5904);
#4809=LINE('',#12050,#5905);
#4810=LINE('',#12051,#5906);
#4811=LINE('',#12054,#5907);
#4812=LINE('',#12056,#5908);
#4813=LINE('',#12058,#5909);
#4814=LINE('',#12059,#5910);
#4815=LINE('',#12062,#5911);
#4816=LINE('',#12064,#5912);
#4817=LINE('',#12066,#5913);
#4818=LINE('',#12067,#5914);
#4819=LINE('',#12069,#5915);
#4820=LINE('',#12071,#5916);
#4821=LINE('',#12072,#5917);
#4822=LINE('',#12074,#5918);
#4823=LINE('',#12076,#5919);
#4824=LINE('',#12077,#5920);
#4825=LINE('',#12079,#5921);
#4826=LINE('',#12081,#5922);
#4827=LINE('',#12082,#5923);
#4828=LINE('',#12084,#5924);
#4829=LINE('',#12086,#5925);
#4830=LINE('',#12088,#5926);
#4831=LINE('',#12090,#5927);
#4832=LINE('',#12092,#5928);
#4833=LINE('',#12094,#5929);
#4834=LINE('',#12097,#5930);
#4835=LINE('',#12099,#5931);
#4836=LINE('',#12101,#5932);
#4837=LINE('',#12103,#5933);
#4838=LINE('',#12106,#5934);
#4839=LINE('',#12108,#5935);
#4840=LINE('',#12110,#5936);
#4841=LINE('',#12112,#5937);
#4842=LINE('',#12115,#5938);
#4843=LINE('',#12117,#5939);
#4844=LINE('',#12119,#5940);
#4845=LINE('',#12121,#5941);
#4846=LINE('',#12124,#5942);
#4847=LINE('',#12126,#5943);
#4848=LINE('',#12128,#5944);
#4849=LINE('',#12130,#5945);
#4850=LINE('',#12133,#5946);
#4851=LINE('',#12135,#5947);
#4852=LINE('',#12137,#5948);
#4853=LINE('',#12139,#5949);
#4854=LINE('',#12142,#5950);
#4855=LINE('',#12144,#5951);
#4856=LINE('',#12146,#5952);
#4857=LINE('',#12148,#5953);
#4858=LINE('',#12151,#5954);
#4859=LINE('',#12153,#5955);
#4860=LINE('',#12155,#5956);
#4861=LINE('',#12157,#5957);
#4862=LINE('',#12159,#5958);
#4863=LINE('',#12161,#5959);
#4864=LINE('',#12164,#5960);
#4865=LINE('',#12165,#5961);
#4866=LINE('',#12167,#5962);
#4867=LINE('',#12170,#5963);
#4868=LINE('',#12171,#5964);
#4869=LINE('',#12173,#5965);
#4870=LINE('',#12176,#5966);
#4871=LINE('',#12177,#5967);
#4872=LINE('',#12179,#5968);
#4873=LINE('',#12182,#5969);
#4874=LINE('',#12183,#5970);
#4875=LINE('',#12185,#5971);
#4876=LINE('',#12188,#5972);
#4877=LINE('',#12189,#5973);
#4878=LINE('',#12191,#5974);
#4879=LINE('',#12194,#5975);
#4880=LINE('',#12195,#5976);
#4881=LINE('',#12197,#5977);
#4882=LINE('',#12200,#5978);
#4883=LINE('',#12201,#5979);
#4884=LINE('',#12205,#5980);
#4885=LINE('',#12207,#5981);
#4886=LINE('',#12213,#5982);
#4887=LINE('',#12219,#5983);
#4888=LINE('',#12225,#5984);
#4889=LINE('',#12231,#5985);
#4890=LINE('',#12237,#5986);
#4891=LINE('',#12243,#5987);
#4892=LINE('',#12249,#5988);
#4893=LINE('',#12251,#5989);
#4894=LINE('',#12252,#5990);
#4895=LINE('',#12254,#5991);
#4896=LINE('',#12255,#5992);
#4897=LINE('',#12257,#5993);
#4898=LINE('',#12258,#5994);
#4899=LINE('',#12260,#5995);
#4900=LINE('',#12261,#5996);
#4901=LINE('',#12263,#5997);
#4902=LINE('',#12264,#5998);
#4903=LINE('',#12266,#5999);
#4904=LINE('',#12267,#6000);
#4905=LINE('',#12269,#6001);
#4906=LINE('',#12270,#6002);
#4907=LINE('',#12272,#6003);
#4908=LINE('',#12274,#6004);
#4909=LINE('',#12276,#6005);
#4910=LINE('',#12279,#6006);
#4911=LINE('',#12280,#6007);
#4912=LINE('',#12282,#6008);
#4913=LINE('',#12285,#6009);
#4914=LINE('',#12286,#6010);
#4915=LINE('',#12288,#6011);
#4916=LINE('',#12291,#6012);
#4917=LINE('',#12292,#6013);
#4918=LINE('',#12294,#6014);
#4919=LINE('',#12297,#6015);
#4920=LINE('',#12298,#6016);
#4921=LINE('',#12300,#6017);
#4922=LINE('',#12303,#6018);
#4923=LINE('',#12304,#6019);
#4924=LINE('',#12306,#6020);
#4925=LINE('',#12309,#6021);
#4926=LINE('',#12310,#6022);
#4927=LINE('',#12312,#6023);
#4928=LINE('',#12315,#6024);
#4929=LINE('',#12316,#6025);
#4930=LINE('',#12318,#6026);
#4931=LINE('',#12321,#6027);
#4932=LINE('',#12322,#6028);
#4933=LINE('',#12326,#6029);
#4934=LINE('',#12328,#6030);
#4935=LINE('',#12334,#6031);
#4936=LINE('',#12340,#6032);
#4937=LINE('',#12346,#6033);
#4938=LINE('',#12352,#6034);
#4939=LINE('',#12358,#6035);
#4940=LINE('',#12364,#6036);
#4941=LINE('',#12370,#6037);
#4942=LINE('',#12376,#6038);
#4943=LINE('',#12378,#6039);
#4944=LINE('',#12380,#6040);
#4945=LINE('',#12383,#6041);
#4946=LINE('',#12384,#6042);
#4947=LINE('',#12386,#6043);
#4948=LINE('',#12389,#6044);
#4949=LINE('',#12390,#6045);
#4950=LINE('',#12392,#6046);
#4951=LINE('',#12395,#6047);
#4952=LINE('',#12396,#6048);
#4953=LINE('',#12398,#6049);
#4954=LINE('',#12401,#6050);
#4955=LINE('',#12402,#6051);
#4956=LINE('',#12404,#6052);
#4957=LINE('',#12407,#6053);
#4958=LINE('',#12408,#6054);
#4959=LINE('',#12410,#6055);
#4960=LINE('',#12413,#6056);
#4961=LINE('',#12414,#6057);
#4962=LINE('',#12416,#6058);
#4963=LINE('',#12419,#6059);
#4964=LINE('',#12420,#6060);
#4965=LINE('',#12422,#6061);
#4966=LINE('',#12425,#6062);
#4967=LINE('',#12426,#6063);
#4968=LINE('',#12428,#6064);
#4969=LINE('',#12430,#6065);
#4970=LINE('',#12432,#6066);
#4971=LINE('',#12435,#6067);
#4972=LINE('',#12436,#6068);
#4973=LINE('',#12438,#6069);
#4974=LINE('',#12441,#6070);
#4975=LINE('',#12442,#6071);
#4976=LINE('',#12444,#6072);
#4977=LINE('',#12447,#6073);
#4978=LINE('',#12448,#6074);
#4979=LINE('',#12450,#6075);
#4980=LINE('',#12453,#6076);
#4981=LINE('',#12454,#6077);
#4982=LINE('',#12456,#6078);
#4983=LINE('',#12459,#6079);
#4984=LINE('',#12460,#6080);
#4985=LINE('',#12462,#6081);
#4986=LINE('',#12465,#6082);
#4987=LINE('',#12466,#6083);
#4988=LINE('',#12468,#6084);
#4989=LINE('',#12471,#6085);
#4990=LINE('',#12472,#6086);
#4991=LINE('',#12474,#6087);
#4992=LINE('',#12477,#6088);
#4993=LINE('',#12478,#6089);
#4994=LINE('',#12480,#6090);
#4995=LINE('',#12482,#6091);
#4996=LINE('',#12484,#6092);
#4997=LINE('',#12487,#6093);
#4998=LINE('',#12488,#6094);
#4999=LINE('',#12490,#6095);
#5000=LINE('',#12493,#6096);
#5001=LINE('',#12494,#6097);
#5002=LINE('',#12496,#6098);
#5003=LINE('',#12499,#6099);
#5004=LINE('',#12500,#6100);
#5005=LINE('',#12502,#6101);
#5006=LINE('',#12505,#6102);
#5007=LINE('',#12506,#6103);
#5008=LINE('',#12508,#6104);
#5009=LINE('',#12511,#6105);
#5010=LINE('',#12512,#6106);
#5011=LINE('',#12514,#6107);
#5012=LINE('',#12517,#6108);
#5013=LINE('',#12518,#6109);
#5014=LINE('',#12520,#6110);
#5015=LINE('',#12523,#6111);
#5016=LINE('',#12524,#6112);
#5017=LINE('',#12526,#6113);
#5018=LINE('',#12529,#6114);
#5019=LINE('',#12530,#6115);
#5020=LINE('',#12534,#6116);
#5021=LINE('',#12540,#6117);
#5022=LINE('',#12546,#6118);
#5023=LINE('',#12552,#6119);
#5024=LINE('',#12558,#6120);
#5025=LINE('',#12564,#6121);
#5026=LINE('',#12570,#6122);
#5027=LINE('',#12576,#6123);
#5028=LINE('',#12582,#6124);
#5029=LINE('',#12584,#6125);
#5030=LINE('',#12586,#6126);
#5031=LINE('',#12587,#6127);
#5032=LINE('',#12589,#6128);
#5033=LINE('',#12590,#6129);
#5034=LINE('',#12592,#6130);
#5035=LINE('',#12593,#6131);
#5036=LINE('',#12595,#6132);
#5037=LINE('',#12596,#6133);
#5038=LINE('',#12598,#6134);
#5039=LINE('',#12599,#6135);
#5040=LINE('',#12601,#6136);
#5041=LINE('',#12602,#6137);
#5042=LINE('',#12604,#6138);
#5043=LINE('',#12605,#6139);
#5044=LINE('',#12607,#6140);
#5045=LINE('',#12608,#6141);
#5046=LINE('',#12610,#6142);
#5047=LINE('',#12612,#6143);
#5048=LINE('',#12614,#6144);
#5049=LINE('',#12617,#6145);
#5050=LINE('',#12618,#6146);
#5051=LINE('',#12620,#6147);
#5052=LINE('',#12623,#6148);
#5053=LINE('',#12624,#6149);
#5054=LINE('',#12626,#6150);
#5055=LINE('',#12629,#6151);
#5056=LINE('',#12630,#6152);
#5057=LINE('',#12632,#6153);
#5058=LINE('',#12635,#6154);
#5059=LINE('',#12636,#6155);
#5060=LINE('',#12638,#6156);
#5061=LINE('',#12641,#6157);
#5062=LINE('',#12642,#6158);
#5063=LINE('',#12644,#6159);
#5064=LINE('',#12647,#6160);
#5065=LINE('',#12648,#6161);
#5066=LINE('',#12650,#6162);
#5067=LINE('',#12653,#6163);
#5068=LINE('',#12654,#6164);
#5069=LINE('',#12658,#6165);
#5070=LINE('',#12664,#6166);
#5071=LINE('',#12670,#6167);
#5072=LINE('',#12676,#6168);
#5073=LINE('',#12682,#6169);
#5074=LINE('',#12688,#6170);
#5075=LINE('',#12694,#6171);
#5076=LINE('',#12700,#6172);
#5077=LINE('',#12702,#6173);
#5078=LINE('',#12704,#6174);
#5079=LINE('',#12705,#6175);
#5080=LINE('',#12707,#6176);
#5081=LINE('',#12708,#6177);
#5082=LINE('',#12710,#6178);
#5083=LINE('',#12711,#6179);
#5084=LINE('',#12713,#6180);
#5085=LINE('',#12714,#6181);
#5086=LINE('',#12716,#6182);
#5087=LINE('',#12717,#6183);
#5088=LINE('',#12719,#6184);
#5089=LINE('',#12720,#6185);
#5090=LINE('',#12722,#6186);
#5091=LINE('',#12723,#6187);
#5092=LINE('',#12725,#6188);
#5093=LINE('',#12727,#6189);
#5094=LINE('',#12729,#6190);
#5095=LINE('',#12731,#6191);
#5096=LINE('',#12733,#6192);
#5097=LINE('',#12735,#6193);
#5098=LINE('',#12739,#6194);
#5099=LINE('',#12741,#6195);
#5100=LINE('',#12743,#6196);
#5101=LINE('',#12745,#6197);
#5102=LINE('',#12749,#6198);
#5103=LINE('',#12751,#6199);
#5104=LINE('',#12753,#6200);
#5105=LINE('',#12755,#6201);
#5106=LINE('',#12757,#6202);
#5107=LINE('',#12759,#6203);
#5108=LINE('',#12763,#6204);
#5109=LINE('',#12765,#6205);
#5110=LINE('',#12767,#6206);
#5111=LINE('',#12769,#6207);
#5112=LINE('',#12773,#6208);
#5113=LINE('',#12775,#6209);
#5114=LINE('',#12813,#6210);
#5115=LINE('',#12816,#6211);
#5116=LINE('',#12818,#6212);
#5117=LINE('',#12820,#6213);
#5118=LINE('',#12822,#6214);
#5119=LINE('',#12825,#6215);
#5120=LINE('',#12827,#6216);
#5121=LINE('',#12829,#6217);
#5122=LINE('',#12831,#6218);
#5123=LINE('',#12834,#6219);
#5124=LINE('',#12836,#6220);
#5125=LINE('',#12838,#6221);
#5126=LINE('',#12840,#6222);
#5127=LINE('',#12841,#6223);
#5128=LINE('',#12843,#6224);
#5129=LINE('',#12845,#6225);
#5130=LINE('',#12847,#6226);
#5131=LINE('',#12849,#6227);
#5132=LINE('',#12851,#6228);
#5133=LINE('',#12853,#6229);
#5134=LINE('',#12855,#6230);
#5135=LINE('',#12857,#6231);
#5136=LINE('',#12859,#6232);
#5137=LINE('',#12860,#6233);
#5138=LINE('',#12862,#6234);
#5139=LINE('',#12864,#6235);
#5140=LINE('',#12866,#6236);
#5141=LINE('',#12868,#6237);
#5142=LINE('',#12870,#6238);
#5143=LINE('',#12872,#6239);
#5144=LINE('',#12874,#6240);
#5145=LINE('',#12876,#6241);
#5146=LINE('',#12878,#6242);
#5147=LINE('',#12880,#6243);
#5148=LINE('',#12882,#6244);
#5149=LINE('',#12884,#6245);
#5150=LINE('',#12886,#6246);
#5151=LINE('',#12888,#6247);
#5152=LINE('',#12890,#6248);
#5153=LINE('',#12891,#6249);
#5154=LINE('',#12893,#6250);
#5155=LINE('',#12896,#6251);
#5156=LINE('',#12898,#6252);
#5157=LINE('',#12900,#6253);
#5158=LINE('',#12901,#6254);
#5159=LINE('',#12904,#6255);
#5160=LINE('',#12906,#6256);
#5161=LINE('',#12908,#6257);
#5162=LINE('',#12909,#6258);
#5163=LINE('',#12912,#6259);
#5164=LINE('',#12914,#6260);
#5165=LINE('',#12916,#6261);
#5166=LINE('',#12917,#6262);
#5167=LINE('',#12920,#6263);
#5168=LINE('',#12922,#6264);
#5169=LINE('',#12924,#6265);
#5170=LINE('',#12925,#6266);
#5171=LINE('',#12928,#6267);
#5172=LINE('',#12930,#6268);
#5173=LINE('',#12932,#6269);
#5174=LINE('',#12933,#6270);
#5175=LINE('',#12936,#6271);
#5176=LINE('',#12938,#6272);
#5177=LINE('',#12940,#6273);
#5178=LINE('',#12941,#6274);
#5179=LINE('',#12944,#6275);
#5180=LINE('',#12946,#6276);
#5181=LINE('',#12948,#6277);
#5182=LINE('',#12949,#6278);
#5183=LINE('',#12952,#6279);
#5184=LINE('',#12954,#6280);
#5185=LINE('',#12956,#6281);
#5186=LINE('',#12957,#6282);
#5187=LINE('',#12960,#6283);
#5188=LINE('',#12962,#6284);
#5189=LINE('',#12964,#6285);
#5190=LINE('',#12965,#6286);
#5191=LINE('',#12968,#6287);
#5192=LINE('',#12970,#6288);
#5193=LINE('',#12972,#6289);
#5194=LINE('',#12973,#6290);
#5195=LINE('',#12976,#6291);
#5196=LINE('',#12978,#6292);
#5197=LINE('',#12980,#6293);
#5198=LINE('',#12981,#6294);
#5199=LINE('',#12984,#6295);
#5200=LINE('',#12986,#6296);
#5201=LINE('',#12988,#6297);
#5202=LINE('',#12989,#6298);
#5203=LINE('',#12992,#6299);
#5204=LINE('',#12994,#6300);
#5205=LINE('',#12996,#6301);
#5206=LINE('',#12997,#6302);
#5207=LINE('',#13000,#6303);
#5208=LINE('',#13002,#6304);
#5209=LINE('',#13004,#6305);
#5210=LINE('',#13005,#6306);
#5211=LINE('',#13008,#6307);
#5212=LINE('',#13010,#6308);
#5213=LINE('',#13012,#6309);
#5214=LINE('',#13013,#6310);
#5215=LINE('',#13015,#6311);
#5216=LINE('',#13017,#6312);
#5217=LINE('',#13018,#6313);
#5218=LINE('',#13020,#6314);
#5219=LINE('',#13022,#6315);
#5220=LINE('',#13023,#6316);
#5221=LINE('',#13025,#6317);
#5222=LINE('',#13027,#6318);
#5223=LINE('',#13028,#6319);
#5224=LINE('',#13030,#6320);
#5225=LINE('',#13032,#6321);
#5226=LINE('',#13034,#6322);
#5227=LINE('',#13036,#6323);
#5228=LINE('',#13038,#6324);
#5229=LINE('',#13040,#6325);
#5230=LINE('',#13042,#6326);
#5231=LINE('',#13044,#6327);
#5232=LINE('',#13046,#6328);
#5233=LINE('',#13048,#6329);
#5234=LINE('',#13050,#6330);
#5235=LINE('',#13052,#6331);
#5236=LINE('',#13054,#6332);
#5237=LINE('',#13056,#6333);
#5238=LINE('',#13058,#6334);
#5239=LINE('',#13060,#6335);
#5240=LINE('',#13062,#6336);
#5241=LINE('',#13064,#6337);
#5242=LINE('',#13066,#6338);
#5243=LINE('',#13068,#6339);
#5244=LINE('',#13070,#6340);
#5245=LINE('',#13072,#6341);
#5246=LINE('',#13074,#6342);
#5247=LINE('',#13076,#6343);
#5248=LINE('',#13078,#6344);
#5249=LINE('',#13080,#6345);
#5250=LINE('',#13082,#6346);
#5251=LINE('',#13084,#6347);
#5252=LINE('',#13086,#6348);
#5253=LINE('',#13088,#6349);
#5254=LINE('',#13090,#6350);
#5255=LINE('',#13092,#6351);
#5256=LINE('',#13094,#6352);
#5257=LINE('',#13096,#6353);
#5258=LINE('',#13098,#6354);
#5259=LINE('',#13100,#6355);
#5260=LINE('',#13102,#6356);
#5261=LINE('',#13104,#6357);
#5262=LINE('',#13106,#6358);
#5263=LINE('',#13108,#6359);
#5264=LINE('',#13110,#6360);
#5265=LINE('',#13112,#6361);
#5266=LINE('',#13114,#6362);
#5267=LINE('',#13116,#6363);
#5268=LINE('',#13118,#6364);
#5269=LINE('',#13120,#6365);
#5270=LINE('',#13122,#6366);
#5271=LINE('',#13124,#6367);
#5272=LINE('',#13126,#6368);
#5273=LINE('',#13128,#6369);
#5274=LINE('',#13130,#6370);
#5275=LINE('',#13132,#6371);
#5276=LINE('',#13134,#6372);
#5277=LINE('',#13136,#6373);
#5278=LINE('',#13138,#6374);
#5279=LINE('',#13140,#6375);
#5280=LINE('',#13142,#6376);
#5281=LINE('',#13144,#6377);
#5282=LINE('',#13146,#6378);
#5283=LINE('',#13148,#6379);
#5284=LINE('',#13150,#6380);
#5285=LINE('',#13152,#6381);
#5286=LINE('',#13154,#6382);
#5287=LINE('',#13156,#6383);
#5288=LINE('',#13158,#6384);
#5289=LINE('',#13160,#6385);
#5290=LINE('',#13162,#6386);
#5291=LINE('',#13164,#6387);
#5292=LINE('',#13166,#6388);
#5293=LINE('',#13168,#6389);
#5294=LINE('',#13170,#6390);
#5295=LINE('',#13172,#6391);
#5296=LINE('',#13174,#6392);
#5297=LINE('',#13176,#6393);
#5298=LINE('',#13178,#6394);
#5299=LINE('',#13180,#6395);
#5300=LINE('',#13182,#6396);
#5301=LINE('',#13184,#6397);
#5302=LINE('',#13186,#6398);
#5303=LINE('',#13188,#6399);
#5304=LINE('',#13190,#6400);
#5305=LINE('',#13192,#6401);
#5306=LINE('',#13194,#6402);
#5307=LINE('',#13195,#6403);
#5308=LINE('',#13197,#6404);
#5309=LINE('',#13199,#6405);
#5310=LINE('',#13201,#6406);
#5311=LINE('',#13203,#6407);
#5312=LINE('',#13205,#6408);
#5313=LINE('',#13207,#6409);
#5314=LINE('',#13209,#6410);
#5315=LINE('',#13211,#6411);
#5316=LINE('',#13213,#6412);
#5317=LINE('',#13215,#6413);
#5318=LINE('',#13217,#6414);
#5319=LINE('',#13219,#6415);
#5320=LINE('',#13221,#6416);
#5321=LINE('',#13223,#6417);
#5322=LINE('',#13225,#6418);
#5323=LINE('',#13227,#6419);
#5324=LINE('',#13229,#6420);
#5325=LINE('',#13231,#6421);
#5326=LINE('',#13233,#6422);
#5327=LINE('',#13235,#6423);
#5328=LINE('',#13237,#6424);
#5329=LINE('',#13239,#6425);
#5330=LINE('',#13241,#6426);
#5331=LINE('',#13243,#6427);
#5332=LINE('',#13245,#6428);
#5333=LINE('',#13247,#6429);
#5334=LINE('',#13249,#6430);
#5335=LINE('',#13250,#6431);
#5336=LINE('',#13252,#6432);
#5337=LINE('',#13253,#6433);
#5338=LINE('',#13255,#6434);
#5339=LINE('',#13256,#6435);
#5340=LINE('',#13258,#6436);
#5341=LINE('',#13259,#6437);
#5342=LINE('',#13261,#6438);
#5343=LINE('',#13262,#6439);
#5344=LINE('',#13264,#6440);
#5345=LINE('',#13265,#6441);
#5346=LINE('',#13267,#6442);
#5347=LINE('',#13268,#6443);
#5348=LINE('',#13270,#6444);
#5349=LINE('',#13271,#6445);
#5350=LINE('',#13273,#6446);
#5351=LINE('',#13275,#6447);
#5352=LINE('',#13277,#6448);
#5353=LINE('',#13279,#6449);
#5354=LINE('',#13281,#6450);
#5355=LINE('',#13283,#6451);
#5356=LINE('',#13285,#6452);
#5357=LINE('',#13287,#6453);
#5358=LINE('',#13289,#6454);
#5359=LINE('',#13291,#6455);
#5360=LINE('',#13293,#6456);
#5361=LINE('',#13295,#6457);
#5362=LINE('',#13297,#6458);
#5363=LINE('',#13299,#6459);
#5364=LINE('',#13301,#6460);
#5365=LINE('',#13303,#6461);
#5366=LINE('',#13305,#6462);
#5367=LINE('',#13307,#6463);
#5368=LINE('',#13309,#6464);
#5369=LINE('',#13311,#6465);
#5370=LINE('',#13313,#6466);
#5371=LINE('',#13315,#6467);
#5372=LINE('',#13317,#6468);
#5373=LINE('',#13319,#6469);
#5374=LINE('',#13321,#6470);
#5375=LINE('',#13323,#6471);
#5376=LINE('',#13325,#6472);
#5377=LINE('',#13327,#6473);
#5378=LINE('',#13329,#6474);
#5379=LINE('',#13331,#6475);
#5380=LINE('',#13333,#6476);
#5381=LINE('',#13335,#6477);
#5382=LINE('',#13337,#6478);
#5383=LINE('',#13339,#6479);
#5384=LINE('',#13341,#6480);
#5385=LINE('',#13343,#6481);
#5386=LINE('',#13345,#6482);
#5387=LINE('',#13347,#6483);
#5388=LINE('',#13349,#6484);
#5389=LINE('',#13351,#6485);
#5390=LINE('',#13353,#6486);
#5391=LINE('',#13355,#6487);
#5392=LINE('',#13357,#6488);
#5393=LINE('',#13359,#6489);
#5394=LINE('',#13361,#6490);
#5395=LINE('',#13363,#6491);
#5396=LINE('',#13365,#6492);
#5397=LINE('',#13367,#6493);
#5398=LINE('',#13369,#6494);
#5399=LINE('',#13371,#6495);
#5400=LINE('',#13373,#6496);
#5401=LINE('',#13375,#6497);
#5402=LINE('',#13377,#6498);
#5403=LINE('',#13379,#6499);
#5404=LINE('',#13381,#6500);
#5405=LINE('',#13383,#6501);
#5406=LINE('',#13385,#6502);
#5407=LINE('',#13387,#6503);
#5408=LINE('',#13389,#6504);
#5409=LINE('',#13391,#6505);
#5410=LINE('',#13393,#6506);
#5411=LINE('',#13395,#6507);
#5412=LINE('',#13397,#6508);
#5413=LINE('',#13399,#6509);
#5414=LINE('',#13401,#6510);
#5415=LINE('',#13403,#6511);
#5416=LINE('',#13405,#6512);
#5417=LINE('',#13407,#6513);
#5418=LINE('',#13409,#6514);
#5419=LINE('',#13411,#6515);
#5420=LINE('',#13413,#6516);
#5421=LINE('',#13415,#6517);
#5422=LINE('',#13416,#6518);
#5423=LINE('',#13418,#6519);
#5424=LINE('',#13420,#6520);
#5425=LINE('',#13422,#6521);
#5426=LINE('',#13424,#6522);
#5427=LINE('',#13426,#6523);
#5428=LINE('',#13428,#6524);
#5429=LINE('',#13430,#6525);
#5430=LINE('',#13432,#6526);
#5431=LINE('',#13434,#6527);
#5432=LINE('',#13436,#6528);
#5433=LINE('',#13438,#6529);
#5434=LINE('',#13440,#6530);
#5435=LINE('',#13442,#6531);
#5436=LINE('',#13444,#6532);
#5437=LINE('',#13446,#6533);
#5438=LINE('',#13448,#6534);
#5439=LINE('',#13450,#6535);
#5440=LINE('',#13452,#6536);
#5441=LINE('',#13454,#6537);
#5442=LINE('',#13456,#6538);
#5443=LINE('',#13458,#6539);
#5444=LINE('',#13460,#6540);
#5445=LINE('',#13462,#6541);
#5446=LINE('',#13464,#6542);
#5447=LINE('',#13465,#6543);
#5448=LINE('',#13467,#6544);
#5449=LINE('',#13468,#6545);
#5450=LINE('',#13470,#6546);
#5451=LINE('',#13471,#6547);
#5452=LINE('',#13473,#6548);
#5453=LINE('',#13474,#6549);
#5454=LINE('',#13476,#6550);
#5455=LINE('',#13477,#6551);
#5456=LINE('',#13479,#6552);
#5457=LINE('',#13480,#6553);
#5458=LINE('',#13482,#6554);
#5459=LINE('',#13483,#6555);
#5460=LINE('',#13485,#6556);
#5461=LINE('',#13487,#6557);
#5462=LINE('',#13489,#6558);
#5463=LINE('',#13491,#6559);
#5464=LINE('',#13493,#6560);
#5465=LINE('',#13495,#6561);
#5466=LINE('',#13497,#6562);
#5467=LINE('',#13499,#6563);
#5468=LINE('',#13501,#6564);
#5469=LINE('',#13503,#6565);
#5470=LINE('',#13504,#6566);
#5471=LINE('',#13506,#6567);
#5472=LINE('',#13508,#6568);
#5473=LINE('',#13510,#6569);
#5474=LINE('',#13512,#6570);
#5475=LINE('',#13514,#6571);
#5476=LINE('',#13516,#6572);
#5477=LINE('',#13518,#6573);
#5478=LINE('',#13520,#6574);
#5479=LINE('',#13522,#6575);
#5480=LINE('',#13524,#6576);
#5481=LINE('',#13526,#6577);
#5482=LINE('',#13527,#6578);
#5483=LINE('',#13529,#6579);
#5484=LINE('',#13535,#6580);
#5485=LINE('',#13537,#6581);
#5486=LINE('',#13541,#6582);
#5487=LINE('',#13544,#6583);
#5488=LINE('',#13547,#6584);
#5489=LINE('',#13549,#6585);
#5490=LINE('',#13553,#6586);
#5491=LINE('',#13555,#6587);
#5492=LINE('',#13559,#6588);
#5493=LINE('',#13561,#6589);
#5494=LINE('',#13565,#6590);
#5495=LINE('',#13567,#6591);
#5496=LINE('',#13571,#6592);
#5497=LINE('',#13573,#6593);
#5498=LINE('',#13577,#6594);
#5499=LINE('',#13579,#6595);
#5500=LINE('',#13583,#6596);
#5501=LINE('',#13585,#6597);
#5502=LINE('',#13589,#6598);
#5503=LINE('',#13591,#6599);
#5504=LINE('',#13595,#6600);
#5505=LINE('',#13597,#6601);
#5506=LINE('',#13601,#6602);
#5507=LINE('',#13603,#6603);
#5508=LINE('',#13607,#6604);
#5509=LINE('',#13609,#6605);
#5510=LINE('',#13613,#6606);
#5511=LINE('',#13615,#6607);
#5512=LINE('',#13619,#6608);
#5513=LINE('',#13621,#6609);
#5514=LINE('',#13625,#6610);
#5515=LINE('',#13627,#6611);
#5516=LINE('',#13631,#6612);
#5517=LINE('',#13633,#6613);
#5518=VECTOR('',#9098,39.3700787401575);
#5519=VECTOR('',#9099,39.3700787401575);
#5520=VECTOR('',#9100,39.3700787401575);
#5521=VECTOR('',#9101,39.3700787401575);
#5522=VECTOR('',#9104,39.3700787401575);
#5523=VECTOR('',#9105,39.3700787401575);
#5524=VECTOR('',#9106,39.3700787401575);
#5525=VECTOR('',#9107,39.3700787401575);
#5526=VECTOR('',#9110,39.3700787401575);
#5527=VECTOR('',#9111,39.3700787401575);
#5528=VECTOR('',#9112,39.3700787401575);
#5529=VECTOR('',#9113,39.3700787401575);
#5530=VECTOR('',#9116,39.3700787401575);
#5531=VECTOR('',#9117,39.3700787401575);
#5532=VECTOR('',#9118,39.3700787401575);
#5533=VECTOR('',#9119,39.3700787401575);
#5534=VECTOR('',#9120,39.3700787401575);
#5535=VECTOR('',#9121,39.3700787401575);
#5536=VECTOR('',#9122,39.3700787401575);
#5537=VECTOR('',#9123,39.3700787401575);
#5538=VECTOR('',#9124,39.3700787401575);
#5539=VECTOR('',#9125,39.3700787401575);
#5540=VECTOR('',#9126,39.3700787401575);
#5541=VECTOR('',#9127,39.3700787401575);
#5542=VECTOR('',#9128,39.3700787401575);
#5543=VECTOR('',#9131,39.3700787401575);
#5544=VECTOR('',#9132,39.3700787401575);
#5545=VECTOR('',#9133,39.3700787401575);
#5546=VECTOR('',#9136,39.3700787401575);
#5547=VECTOR('',#9137,39.3700787401575);
#5548=VECTOR('',#9138,39.3700787401575);
#5549=VECTOR('',#9139,39.3700787401575);
#5550=VECTOR('',#9140,39.3700787401575);
#5551=VECTOR('',#9141,39.3700787401575);
#5552=VECTOR('',#9142,39.3700787401575);
#5553=VECTOR('',#9143,39.3700787401575);
#5554=VECTOR('',#9144,39.3700787401575);
#5555=VECTOR('',#9145,39.3700787401575);
#5556=VECTOR('',#9146,39.3700787401575);
#5557=VECTOR('',#9147,39.3700787401575);
#5558=VECTOR('',#9150,39.3700787401575);
#5559=VECTOR('',#9151,39.3700787401575);
#5560=VECTOR('',#9152,39.3700787401575);
#5561=VECTOR('',#9153,39.3700787401575);
#5562=VECTOR('',#9156,39.3700787401575);
#5563=VECTOR('',#9157,39.3700787401575);
#5564=VECTOR('',#9158,39.3700787401575);
#5565=VECTOR('',#9161,39.3700787401575);
#5566=VECTOR('',#9162,39.3700787401575);
#5567=VECTOR('',#9163,39.3700787401575);
#5568=VECTOR('',#9166,39.3700787401575);
#5569=VECTOR('',#9167,39.3700787401575);
#5570=VECTOR('',#9168,39.3700787401575);
#5571=VECTOR('',#9169,39.3700787401575);
#5572=VECTOR('',#9172,39.3700787401575);
#5573=VECTOR('',#9173,39.3700787401575);
#5574=VECTOR('',#9174,39.3700787401575);
#5575=VECTOR('',#9177,39.3700787401575);
#5576=VECTOR('',#9178,39.3700787401575);
#5577=VECTOR('',#9179,39.3700787401575);
#5578=VECTOR('',#9182,39.3700787401575);
#5579=VECTOR('',#9183,39.3700787401575);
#5580=VECTOR('',#9184,39.3700787401575);
#5581=VECTOR('',#9185,39.3700787401575);
#5582=VECTOR('',#9188,39.3700787401575);
#5583=VECTOR('',#9189,39.3700787401575);
#5584=VECTOR('',#9190,39.3700787401575);
#5585=VECTOR('',#9193,39.3700787401575);
#5586=VECTOR('',#9194,39.3700787401575);
#5587=VECTOR('',#9195,39.3700787401575);
#5588=VECTOR('',#9198,39.3700787401575);
#5589=VECTOR('',#9199,39.3700787401575);
#5590=VECTOR('',#9200,39.3700787401575);
#5591=VECTOR('',#9201,39.3700787401575);
#5592=VECTOR('',#9204,39.3700787401575);
#5593=VECTOR('',#9205,39.3700787401575);
#5594=VECTOR('',#9206,39.3700787401575);
#5595=VECTOR('',#9209,39.3700787401575);
#5596=VECTOR('',#9210,39.3700787401575);
#5597=VECTOR('',#9211,39.3700787401575);
#5598=VECTOR('',#9214,39.3700787401575);
#5599=VECTOR('',#9215,39.3700787401575);
#5600=VECTOR('',#9216,39.3700787401575);
#5601=VECTOR('',#9217,39.3700787401575);
#5602=VECTOR('',#9220,39.3700787401575);
#5603=VECTOR('',#9221,39.3700787401575);
#5604=VECTOR('',#9222,39.3700787401575);
#5605=VECTOR('',#9225,39.3700787401575);
#5606=VECTOR('',#9226,39.3700787401575);
#5607=VECTOR('',#9227,39.3700787401575);
#5608=VECTOR('',#9230,39.3700787401575);
#5609=VECTOR('',#9231,39.3700787401575);
#5610=VECTOR('',#9232,39.3700787401575);
#5611=VECTOR('',#9233,39.3700787401575);
#5612=VECTOR('',#9236,39.3700787401575);
#5613=VECTOR('',#9237,39.3700787401575);
#5614=VECTOR('',#9238,39.3700787401575);
#5615=VECTOR('',#9241,39.3700787401575);
#5616=VECTOR('',#9242,39.3700787401575);
#5617=VECTOR('',#9243,39.3700787401575);
#5618=VECTOR('',#9246,39.3700787401575);
#5619=VECTOR('',#9247,39.3700787401575);
#5620=VECTOR('',#9248,39.3700787401575);
#5621=VECTOR('',#9249,39.3700787401575);
#5622=VECTOR('',#9252,39.3700787401575);
#5623=VECTOR('',#9253,39.3700787401575);
#5624=VECTOR('',#9254,39.3700787401575);
#5625=VECTOR('',#9257,39.3700787401575);
#5626=VECTOR('',#9258,39.3700787401575);
#5627=VECTOR('',#9259,39.3700787401575);
#5628=VECTOR('',#9262,39.3700787401575);
#5629=VECTOR('',#9263,39.3700787401575);
#5630=VECTOR('',#9264,39.3700787401575);
#5631=VECTOR('',#9265,39.3700787401575);
#5632=VECTOR('',#9268,39.3700787401575);
#5633=VECTOR('',#9269,39.3700787401575);
#5634=VECTOR('',#9270,39.3700787401575);
#5635=VECTOR('',#9273,39.3700787401575);
#5636=VECTOR('',#9274,39.3700787401575);
#5637=VECTOR('',#9275,39.3700787401575);
#5638=VECTOR('',#9278,39.3700787401575);
#5639=VECTOR('',#9279,39.3700787401575);
#5640=VECTOR('',#9280,39.3700787401575);
#5641=VECTOR('',#9281,39.3700787401575);
#5642=VECTOR('',#9284,39.3700787401575);
#5643=VECTOR('',#9285,39.3700787401575);
#5644=VECTOR('',#9286,39.3700787401575);
#5645=VECTOR('',#9289,39.3700787401575);
#5646=VECTOR('',#9290,39.3700787401575);
#5647=VECTOR('',#9291,39.3700787401575);
#5648=VECTOR('',#9294,39.3700787401575);
#5649=VECTOR('',#9295,39.3700787401575);
#5650=VECTOR('',#9296,39.3700787401575);
#5651=VECTOR('',#9297,39.3700787401575);
#5652=VECTOR('',#9300,39.3700787401575);
#5653=VECTOR('',#9301,39.3700787401575);
#5654=VECTOR('',#9302,39.3700787401575);
#5655=VECTOR('',#9305,39.3700787401575);
#5656=VECTOR('',#9306,39.3700787401575);
#5657=VECTOR('',#9307,39.3700787401575);
#5658=VECTOR('',#9310,39.3700787401575);
#5659=VECTOR('',#9311,39.3700787401575);
#5660=VECTOR('',#9312,39.3700787401575);
#5661=VECTOR('',#9313,39.3700787401575);
#5662=VECTOR('',#9316,39.3700787401575);
#5663=VECTOR('',#9317,39.3700787401575);
#5664=VECTOR('',#9318,39.3700787401575);
#5665=VECTOR('',#9321,39.3700787401575);
#5666=VECTOR('',#9322,39.3700787401575);
#5667=VECTOR('',#9323,39.3700787401575);
#5668=VECTOR('',#9326,39.3700787401575);
#5669=VECTOR('',#9327,39.3700787401575);
#5670=VECTOR('',#9328,39.3700787401575);
#5671=VECTOR('',#9329,39.3700787401575);
#5672=VECTOR('',#9332,39.3700787401575);
#5673=VECTOR('',#9333,39.3700787401575);
#5674=VECTOR('',#9334,39.3700787401575);
#5675=VECTOR('',#9337,39.3700787401575);
#5676=VECTOR('',#9338,39.3700787401575);
#5677=VECTOR('',#9339,39.3700787401575);
#5678=VECTOR('',#9342,39.3700787401575);
#5679=VECTOR('',#9343,39.3700787401575);
#5680=VECTOR('',#9344,39.3700787401575);
#5681=VECTOR('',#9345,39.3700787401575);
#5682=VECTOR('',#9348,39.3700787401575);
#5683=VECTOR('',#9349,39.3700787401575);
#5684=VECTOR('',#9350,39.3700787401575);
#5685=VECTOR('',#9353,39.3700787401575);
#5686=VECTOR('',#9354,39.3700787401575);
#5687=VECTOR('',#9355,39.3700787401575);
#5688=VECTOR('',#9358,39.3700787401575);
#5689=VECTOR('',#9359,39.3700787401575);
#5690=VECTOR('',#9360,39.3700787401575);
#5691=VECTOR('',#9361,39.3700787401575);
#5692=VECTOR('',#9364,39.3700787401575);
#5693=VECTOR('',#9365,39.3700787401575);
#5694=VECTOR('',#9366,39.3700787401575);
#5695=VECTOR('',#9369,39.3700787401575);
#5696=VECTOR('',#9370,39.3700787401575);
#5697=VECTOR('',#9371,39.3700787401575);
#5698=VECTOR('',#9374,39.3700787401575);
#5699=VECTOR('',#9375,39.3700787401575);
#5700=VECTOR('',#9376,39.3700787401575);
#5701=VECTOR('',#9377,39.3700787401575);
#5702=VECTOR('',#9380,39.3700787401575);
#5703=VECTOR('',#9381,39.3700787401575);
#5704=VECTOR('',#9382,39.3700787401575);
#5705=VECTOR('',#9385,39.3700787401575);
#5706=VECTOR('',#9386,39.3700787401575);
#5707=VECTOR('',#9387,39.3700787401575);
#5708=VECTOR('',#9390,39.3700787401575);
#5709=VECTOR('',#9391,39.3700787401575);
#5710=VECTOR('',#9392,39.3700787401575);
#5711=VECTOR('',#9393,39.3700787401575);
#5712=VECTOR('',#9396,39.3700787401575);
#5713=VECTOR('',#9397,39.3700787401575);
#5714=VECTOR('',#9398,39.3700787401575);
#5715=VECTOR('',#9401,39.3700787401575);
#5716=VECTOR('',#9402,39.3700787401575);
#5717=VECTOR('',#9403,39.3700787401575);
#5718=VECTOR('',#9406,39.3700787401575);
#5719=VECTOR('',#9407,39.3700787401575);
#5720=VECTOR('',#9408,39.3700787401575);
#5721=VECTOR('',#9409,39.3700787401575);
#5722=VECTOR('',#9412,39.3700787401575);
#5723=VECTOR('',#9413,39.3700787401575);
#5724=VECTOR('',#9414,39.3700787401575);
#5725=VECTOR('',#9417,39.3700787401575);
#5726=VECTOR('',#9418,39.3700787401575);
#5727=VECTOR('',#9419,39.3700787401575);
#5728=VECTOR('',#9422,39.3700787401575);
#5729=VECTOR('',#9423,39.3700787401575);
#5730=VECTOR('',#9424,39.3700787401575);
#5731=VECTOR('',#9425,39.3700787401575);
#5732=VECTOR('',#9428,39.3700787401575);
#5733=VECTOR('',#9429,39.3700787401575);
#5734=VECTOR('',#9430,39.3700787401575);
#5735=VECTOR('',#9433,39.3700787401575);
#5736=VECTOR('',#9434,39.3700787401575);
#5737=VECTOR('',#9435,39.3700787401575);
#5738=VECTOR('',#9438,39.3700787401575);
#5739=VECTOR('',#9439,39.3700787401575);
#5740=VECTOR('',#9440,39.3700787401575);
#5741=VECTOR('',#9441,39.3700787401575);
#5742=VECTOR('',#9444,39.3700787401575);
#5743=VECTOR('',#9445,39.3700787401575);
#5744=VECTOR('',#9446,39.3700787401575);
#5745=VECTOR('',#9449,39.3700787401575);
#5746=VECTOR('',#9450,39.3700787401575);
#5747=VECTOR('',#9451,39.3700787401575);
#5748=VECTOR('',#9454,39.3700787401575);
#5749=VECTOR('',#9455,39.3700787401575);
#5750=VECTOR('',#9456,39.3700787401575);
#5751=VECTOR('',#9457,39.3700787401575);
#5752=VECTOR('',#9460,39.3700787401575);
#5753=VECTOR('',#9461,39.3700787401575);
#5754=VECTOR('',#9462,39.3700787401575);
#5755=VECTOR('',#9465,39.3700787401575);
#5756=VECTOR('',#9466,39.3700787401575);
#5757=VECTOR('',#9467,39.3700787401575);
#5758=VECTOR('',#9470,39.3700787401575);
#5759=VECTOR('',#9471,39.3700787401575);
#5760=VECTOR('',#9474,39.3700787401575);
#5761=VECTOR('',#9475,39.3700787401575);
#5762=VECTOR('',#9478,39.3700787401575);
#5763=VECTOR('',#9479,39.3700787401575);
#5764=VECTOR('',#9482,39.3700787401575);
#5765=VECTOR('',#9483,39.3700787401575);
#5766=VECTOR('',#9486,39.3700787401575);
#5767=VECTOR('',#9487,39.3700787401575);
#5768=VECTOR('',#9490,39.3700787401575);
#5769=VECTOR('',#9491,39.3700787401575);
#5770=VECTOR('',#9494,39.3700787401575);
#5771=VECTOR('',#9495,39.3700787401575);
#5772=VECTOR('',#9498,39.3700787401575);
#5773=VECTOR('',#9499,39.3700787401575);
#5774=VECTOR('',#9502,39.3700787401575);
#5775=VECTOR('',#9503,39.3700787401575);
#5776=VECTOR('',#9506,39.3700787401575);
#5777=VECTOR('',#9507,39.3700787401575);
#5778=VECTOR('',#9510,39.3700787401575);
#5779=VECTOR('',#9511,39.3700787401575);
#5780=VECTOR('',#9514,39.3700787401575);
#5781=VECTOR('',#9515,39.3700787401575);
#5782=VECTOR('',#9518,39.3700787401575);
#5783=VECTOR('',#9519,39.3700787401575);
#5784=VECTOR('',#9522,39.3700787401575);
#5785=VECTOR('',#9523,39.3700787401575);
#5786=VECTOR('',#9526,39.3700787401575);
#5787=VECTOR('',#9527,39.3700787401575);
#5788=VECTOR('',#9530,39.3700787401575);
#5789=VECTOR('',#9531,39.3700787401575);
#5790=VECTOR('',#9534,39.3700787401575);
#5791=VECTOR('',#9535,39.3700787401575);
#5792=VECTOR('',#9538,39.3700787401575);
#5793=VECTOR('',#9539,39.3700787401575);
#5794=VECTOR('',#9542,39.3700787401575);
#5795=VECTOR('',#9543,39.3700787401575);
#5796=VECTOR('',#9546,39.3700787401575);
#5797=VECTOR('',#9547,39.3700787401575);
#5798=VECTOR('',#9550,39.3700787401575);
#5799=VECTOR('',#9555,39.3700787401575);
#5800=VECTOR('',#9558,39.3700787401575);
#5801=VECTOR('',#9561,39.3700787401575);
#5802=VECTOR('',#9566,39.3700787401575);
#5803=VECTOR('',#9569,39.3700787401575);
#5804=VECTOR('',#9574,39.3700787401575);
#5805=VECTOR('',#9577,39.3700787401575);
#5806=VECTOR('',#9584,39.3700787401575);
#5807=VECTOR('',#9585,39.3700787401575);
#5808=VECTOR('',#9586,39.3700787401575);
#5809=VECTOR('',#9587,39.3700787401575);
#5810=VECTOR('',#9590,39.3700787401575);
#5811=VECTOR('',#9591,39.3700787401575);
#5812=VECTOR('',#9592,39.3700787401575);
#5813=VECTOR('',#9593,39.3700787401575);
#5814=VECTOR('',#9596,39.3700787401575);
#5815=VECTOR('',#9597,39.3700787401575);
#5816=VECTOR('',#9598,39.3700787401575);
#5817=VECTOR('',#9599,39.3700787401575);
#5818=VECTOR('',#9602,39.3700787401575);
#5819=VECTOR('',#9603,39.3700787401575);
#5820=VECTOR('',#9604,39.3700787401575);
#5821=VECTOR('',#9607,39.3700787401575);
#5822=VECTOR('',#9608,39.3700787401575);
#5823=VECTOR('',#9609,39.3700787401575);
#5824=VECTOR('',#9612,39.3700787401575);
#5825=VECTOR('',#9613,39.3700787401575);
#5826=VECTOR('',#9614,39.3700787401575);
#5827=VECTOR('',#9617,39.3700787401575);
#5828=VECTOR('',#9618,39.3700787401575);
#5829=VECTOR('',#9619,39.3700787401575);
#5830=VECTOR('',#9622,39.3700787401575);
#5831=VECTOR('',#9623,39.3700787401575);
#5832=VECTOR('',#9626,39.3700787401575);
#5833=VECTOR('',#9627,39.3700787401575);
#5834=VECTOR('',#9628,39.3700787401575);
#5835=VECTOR('',#9631,39.3700787401575);
#5836=VECTOR('',#9632,39.3700787401575);
#5837=VECTOR('',#9633,39.3700787401575);
#5838=VECTOR('',#9636,39.3700787401575);
#5839=VECTOR('',#9637,39.3700787401575);
#5840=VECTOR('',#9638,39.3700787401575);
#5841=VECTOR('',#9641,39.3700787401575);
#5842=VECTOR('',#9642,39.3700787401575);
#5843=VECTOR('',#9643,39.3700787401575);
#5844=VECTOR('',#9646,39.3700787401575);
#5845=VECTOR('',#9647,39.3700787401575);
#5846=VECTOR('',#9650,39.3700787401575);
#5847=VECTOR('',#9651,39.3700787401575);
#5848=VECTOR('',#9652,39.3700787401575);
#5849=VECTOR('',#9655,39.3700787401575);
#5850=VECTOR('',#9656,39.3700787401575);
#5851=VECTOR('',#9657,39.3700787401575);
#5852=VECTOR('',#9660,39.3700787401575);
#5853=VECTOR('',#9661,39.3700787401575);
#5854=VECTOR('',#9664,39.3700787401575);
#5855=VECTOR('',#9665,39.3700787401575);
#5856=VECTOR('',#9666,39.3700787401575);
#5857=VECTOR('',#9667,39.3700787401575);
#5858=VECTOR('',#9668,39.3700787401575);
#5859=VECTOR('',#9669,39.3700787401575);
#5860=VECTOR('',#9670,39.3700787401575);
#5861=VECTOR('',#9671,39.3700787401575);
#5862=VECTOR('',#9672,39.3700787401575);
#5863=VECTOR('',#9673,39.3700787401575);
#5864=VECTOR('',#9674,39.3700787401575);
#5865=VECTOR('',#9675,39.3700787401575);
#5866=VECTOR('',#9676,39.3700787401575);
#5867=VECTOR('',#9677,39.3700787401575);
#5868=VECTOR('',#9678,39.3700787401575);
#5869=VECTOR('',#9679,39.3700787401575);
#5870=VECTOR('',#9680,39.3700787401575);
#5871=VECTOR('',#9681,39.3700787401575);
#5872=VECTOR('',#9682,39.3700787401575);
#5873=VECTOR('',#9683,39.3700787401575);
#5874=VECTOR('',#9684,39.3700787401575);
#5875=VECTOR('',#9685,39.3700787401575);
#5876=VECTOR('',#9686,39.3700787401575);
#5877=VECTOR('',#9687,39.3700787401575);
#5878=VECTOR('',#9688,39.3700787401575);
#5879=VECTOR('',#9689,39.3700787401575);
#5880=VECTOR('',#9690,39.3700787401575);
#5881=VECTOR('',#9691,39.3700787401575);
#5882=VECTOR('',#9692,39.3700787401575);
#5883=VECTOR('',#9693,39.3700787401575);
#5884=VECTOR('',#9694,39.3700787401575);
#5885=VECTOR('',#9695,39.3700787401575);
#5886=VECTOR('',#9696,39.3700787401575);
#5887=VECTOR('',#9697,39.3700787401575);
#5888=VECTOR('',#9698,39.3700787401575);
#5889=VECTOR('',#9699,39.3700787401575);
#5890=VECTOR('',#9700,39.3700787401575);
#5891=VECTOR('',#9701,39.3700787401575);
#5892=VECTOR('',#9702,39.3700787401575);
#5893=VECTOR('',#9703,39.3700787401575);
#5894=VECTOR('',#9704,39.3700787401575);
#5895=VECTOR('',#9705,39.3700787401575);
#5896=VECTOR('',#9706,39.3700787401575);
#5897=VECTOR('',#9707,39.3700787401575);
#5898=VECTOR('',#9708,39.3700787401575);
#5899=VECTOR('',#9709,39.3700787401575);
#5900=VECTOR('',#9710,39.3700787401575);
#5901=VECTOR('',#9711,39.3700787401575);
#5902=VECTOR('',#9712,39.3700787401575);
#5903=VECTOR('',#9713,39.3700787401575);
#5904=VECTOR('',#9714,39.3700787401575);
#5905=VECTOR('',#9715,39.3700787401575);
#5906=VECTOR('',#9716,39.3700787401575);
#5907=VECTOR('',#9717,39.3700787401575);
#5908=VECTOR('',#9718,39.3700787401575);
#5909=VECTOR('',#9719,39.3700787401575);
#5910=VECTOR('',#9720,39.3700787401575);
#5911=VECTOR('',#9721,39.3700787401575);
#5912=VECTOR('',#9722,39.3700787401575);
#5913=VECTOR('',#9723,39.3700787401575);
#5914=VECTOR('',#9724,39.3700787401575);
#5915=VECTOR('',#9725,39.3700787401575);
#5916=VECTOR('',#9726,39.3700787401575);
#5917=VECTOR('',#9727,39.3700787401575);
#5918=VECTOR('',#9728,39.3700787401575);
#5919=VECTOR('',#9729,39.3700787401575);
#5920=VECTOR('',#9730,39.3700787401575);
#5921=VECTOR('',#9731,39.3700787401575);
#5922=VECTOR('',#9732,39.3700787401575);
#5923=VECTOR('',#9733,39.3700787401575);
#5924=VECTOR('',#9734,39.3700787401575);
#5925=VECTOR('',#9735,39.3700787401575);
#5926=VECTOR('',#9738,39.3700787401575);
#5927=VECTOR('',#9739,39.3700787401575);
#5928=VECTOR('',#9740,39.3700787401575);
#5929=VECTOR('',#9743,39.3700787401575);
#5930=VECTOR('',#9744,39.3700787401575);
#5931=VECTOR('',#9745,39.3700787401575);
#5932=VECTOR('',#9746,39.3700787401575);
#5933=VECTOR('',#9749,39.3700787401575);
#5934=VECTOR('',#9750,39.3700787401575);
#5935=VECTOR('',#9751,39.3700787401575);
#5936=VECTOR('',#9752,39.3700787401575);
#5937=VECTOR('',#9755,39.3700787401575);
#5938=VECTOR('',#9756,39.3700787401575);
#5939=VECTOR('',#9757,39.3700787401575);
#5940=VECTOR('',#9758,39.3700787401575);
#5941=VECTOR('',#9761,39.3700787401575);
#5942=VECTOR('',#9762,39.3700787401575);
#5943=VECTOR('',#9763,39.3700787401575);
#5944=VECTOR('',#9764,39.3700787401575);
#5945=VECTOR('',#9767,39.3700787401575);
#5946=VECTOR('',#9768,39.3700787401575);
#5947=VECTOR('',#9769,39.3700787401575);
#5948=VECTOR('',#9770,39.3700787401575);
#5949=VECTOR('',#9773,39.3700787401575);
#5950=VECTOR('',#9774,39.3700787401575);
#5951=VECTOR('',#9775,39.3700787401575);
#5952=VECTOR('',#9776,39.3700787401575);
#5953=VECTOR('',#9779,39.3700787401575);
#5954=VECTOR('',#9780,39.3700787401575);
#5955=VECTOR('',#9781,39.3700787401575);
#5956=VECTOR('',#9782,39.3700787401575);
#5957=VECTOR('',#9785,39.3700787401575);
#5958=VECTOR('',#9786,39.3700787401575);
#5959=VECTOR('',#9789,39.3700787401575);
#5960=VECTOR('',#9790,39.3700787401575);
#5961=VECTOR('',#9791,39.3700787401575);
#5962=VECTOR('',#9794,39.3700787401575);
#5963=VECTOR('',#9795,39.3700787401575);
#5964=VECTOR('',#9796,39.3700787401575);
#5965=VECTOR('',#9799,39.3700787401575);
#5966=VECTOR('',#9800,39.3700787401575);
#5967=VECTOR('',#9801,39.3700787401575);
#5968=VECTOR('',#9804,39.3700787401575);
#5969=VECTOR('',#9805,39.3700787401575);
#5970=VECTOR('',#9806,39.3700787401575);
#5971=VECTOR('',#9809,39.3700787401575);
#5972=VECTOR('',#9810,39.3700787401575);
#5973=VECTOR('',#9811,39.3700787401575);
#5974=VECTOR('',#9814,39.3700787401575);
#5975=VECTOR('',#9815,39.3700787401575);
#5976=VECTOR('',#9816,39.3700787401575);
#5977=VECTOR('',#9819,39.3700787401575);
#5978=VECTOR('',#9820,39.3700787401575);
#5979=VECTOR('',#9821,39.3700787401575);
#5980=VECTOR('',#9826,39.3700787401575);
#5981=VECTOR('',#9829,39.3700787401575);
#5982=VECTOR('',#9836,39.3700787401575);
#5983=VECTOR('',#9843,39.3700787401575);
#5984=VECTOR('',#9850,39.3700787401575);
#5985=VECTOR('',#9857,39.3700787401575);
#5986=VECTOR('',#9864,39.3700787401575);
#5987=VECTOR('',#9871,39.3700787401575);
#5988=VECTOR('',#9878,39.3700787401575);
#5989=VECTOR('',#9881,39.3700787401575);
#5990=VECTOR('',#9882,39.3700787401575);
#5991=VECTOR('',#9885,39.3700787401575);
#5992=VECTOR('',#9886,39.3700787401575);
#5993=VECTOR('',#9889,39.3700787401575);
#5994=VECTOR('',#9890,39.3700787401575);
#5995=VECTOR('',#9893,39.3700787401575);
#5996=VECTOR('',#9894,39.3700787401575);
#5997=VECTOR('',#9897,39.3700787401575);
#5998=VECTOR('',#9898,39.3700787401575);
#5999=VECTOR('',#9901,39.3700787401575);
#6000=VECTOR('',#9902,39.3700787401575);
#6001=VECTOR('',#9905,39.3700787401575);
#6002=VECTOR('',#9906,39.3700787401575);
#6003=VECTOR('',#9909,39.3700787401575);
#6004=VECTOR('',#9910,39.3700787401575);
#6005=VECTOR('',#9913,39.3700787401575);
#6006=VECTOR('',#9914,39.3700787401575);
#6007=VECTOR('',#9915,39.3700787401575);
#6008=VECTOR('',#9918,39.3700787401575);
#6009=VECTOR('',#9919,39.3700787401575);
#6010=VECTOR('',#9920,39.3700787401575);
#6011=VECTOR('',#9923,39.3700787401575);
#6012=VECTOR('',#9924,39.3700787401575);
#6013=VECTOR('',#9925,39.3700787401575);
#6014=VECTOR('',#9928,39.3700787401575);
#6015=VECTOR('',#9929,39.3700787401575);
#6016=VECTOR('',#9930,39.3700787401575);
#6017=VECTOR('',#9933,39.3700787401575);
#6018=VECTOR('',#9934,39.3700787401575);
#6019=VECTOR('',#9935,39.3700787401575);
#6020=VECTOR('',#9938,39.3700787401575);
#6021=VECTOR('',#9939,39.3700787401575);
#6022=VECTOR('',#9940,39.3700787401575);
#6023=VECTOR('',#9943,39.3700787401575);
#6024=VECTOR('',#9944,39.3700787401575);
#6025=VECTOR('',#9945,39.3700787401575);
#6026=VECTOR('',#9948,39.3700787401575);
#6027=VECTOR('',#9949,39.3700787401575);
#6028=VECTOR('',#9950,39.3700787401575);
#6029=VECTOR('',#9955,39.3700787401575);
#6030=VECTOR('',#9958,39.3700787401575);
#6031=VECTOR('',#9965,39.3700787401575);
#6032=VECTOR('',#9972,39.3700787401575);
#6033=VECTOR('',#9979,39.3700787401575);
#6034=VECTOR('',#9986,39.3700787401575);
#6035=VECTOR('',#9993,39.3700787401575);
#6036=VECTOR('',#10000,39.3700787401575);
#6037=VECTOR('',#10007,39.3700787401575);
#6038=VECTOR('',#10014,39.3700787401575);
#6039=VECTOR('',#10015,39.3700787401575);
#6040=VECTOR('',#10018,39.3700787401575);
#6041=VECTOR('',#10019,39.3700787401575);
#6042=VECTOR('',#10020,39.3700787401575);
#6043=VECTOR('',#10023,39.3700787401575);
#6044=VECTOR('',#10024,39.3700787401575);
#6045=VECTOR('',#10025,39.3700787401575);
#6046=VECTOR('',#10028,39.3700787401575);
#6047=VECTOR('',#10029,39.3700787401575);
#6048=VECTOR('',#10030,39.3700787401575);
#6049=VECTOR('',#10033,39.3700787401575);
#6050=VECTOR('',#10034,39.3700787401575);
#6051=VECTOR('',#10035,39.3700787401575);
#6052=VECTOR('',#10038,39.3700787401575);
#6053=VECTOR('',#10039,39.3700787401575);
#6054=VECTOR('',#10040,39.3700787401575);
#6055=VECTOR('',#10043,39.3700787401575);
#6056=VECTOR('',#10044,39.3700787401575);
#6057=VECTOR('',#10045,39.3700787401575);
#6058=VECTOR('',#10048,39.3700787401575);
#6059=VECTOR('',#10049,39.3700787401575);
#6060=VECTOR('',#10050,39.3700787401575);
#6061=VECTOR('',#10053,39.3700787401575);
#6062=VECTOR('',#10054,39.3700787401575);
#6063=VECTOR('',#10055,39.3700787401575);
#6064=VECTOR('',#10058,39.3700787401575);
#6065=VECTOR('',#10059,39.3700787401575);
#6066=VECTOR('',#10062,39.3700787401575);
#6067=VECTOR('',#10063,39.3700787401575);
#6068=VECTOR('',#10064,39.3700787401575);
#6069=VECTOR('',#10067,39.3700787401575);
#6070=VECTOR('',#10068,39.3700787401575);
#6071=VECTOR('',#10069,39.3700787401575);
#6072=VECTOR('',#10072,39.3700787401575);
#6073=VECTOR('',#10073,39.3700787401575);
#6074=VECTOR('',#10074,39.3700787401575);
#6075=VECTOR('',#10077,39.3700787401575);
#6076=VECTOR('',#10078,39.3700787401575);
#6077=VECTOR('',#10079,39.3700787401575);
#6078=VECTOR('',#10082,39.3700787401575);
#6079=VECTOR('',#10083,39.3700787401575);
#6080=VECTOR('',#10084,39.3700787401575);
#6081=VECTOR('',#10087,39.3700787401575);
#6082=VECTOR('',#10088,39.3700787401575);
#6083=VECTOR('',#10089,39.3700787401575);
#6084=VECTOR('',#10092,39.3700787401575);
#6085=VECTOR('',#10093,39.3700787401575);
#6086=VECTOR('',#10094,39.3700787401575);
#6087=VECTOR('',#10097,39.3700787401575);
#6088=VECTOR('',#10098,39.3700787401575);
#6089=VECTOR('',#10099,39.3700787401575);
#6090=VECTOR('',#10102,39.3700787401575);
#6091=VECTOR('',#10103,39.3700787401575);
#6092=VECTOR('',#10106,39.3700787401575);
#6093=VECTOR('',#10107,39.3700787401575);
#6094=VECTOR('',#10108,39.3700787401575);
#6095=VECTOR('',#10111,39.3700787401575);
#6096=VECTOR('',#10112,39.3700787401575);
#6097=VECTOR('',#10113,39.3700787401575);
#6098=VECTOR('',#10116,39.3700787401575);
#6099=VECTOR('',#10117,39.3700787401575);
#6100=VECTOR('',#10118,39.3700787401575);
#6101=VECTOR('',#10121,39.3700787401575);
#6102=VECTOR('',#10122,39.3700787401575);
#6103=VECTOR('',#10123,39.3700787401575);
#6104=VECTOR('',#10126,39.3700787401575);
#6105=VECTOR('',#10127,39.3700787401575);
#6106=VECTOR('',#10128,39.3700787401575);
#6107=VECTOR('',#10131,39.3700787401575);
#6108=VECTOR('',#10132,39.3700787401575);
#6109=VECTOR('',#10133,39.3700787401575);
#6110=VECTOR('',#10136,39.3700787401575);
#6111=VECTOR('',#10137,39.3700787401575);
#6112=VECTOR('',#10138,39.3700787401575);
#6113=VECTOR('',#10141,39.3700787401575);
#6114=VECTOR('',#10142,39.3700787401575);
#6115=VECTOR('',#10143,39.3700787401575);
#6116=VECTOR('',#10148,39.3700787401575);
#6117=VECTOR('',#10155,39.3700787401575);
#6118=VECTOR('',#10162,39.3700787401575);
#6119=VECTOR('',#10169,39.3700787401575);
#6120=VECTOR('',#10176,39.3700787401575);
#6121=VECTOR('',#10183,39.3700787401575);
#6122=VECTOR('',#10190,39.3700787401575);
#6123=VECTOR('',#10197,39.3700787401575);
#6124=VECTOR('',#10204,39.3700787401575);
#6125=VECTOR('',#10207,39.3700787401575);
#6126=VECTOR('',#10210,39.3700787401575);
#6127=VECTOR('',#10211,39.3700787401575);
#6128=VECTOR('',#10214,39.3700787401575);
#6129=VECTOR('',#10215,39.3700787401575);
#6130=VECTOR('',#10218,39.3700787401575);
#6131=VECTOR('',#10219,39.3700787401575);
#6132=VECTOR('',#10222,39.3700787401575);
#6133=VECTOR('',#10223,39.3700787401575);
#6134=VECTOR('',#10226,39.3700787401575);
#6135=VECTOR('',#10227,39.3700787401575);
#6136=VECTOR('',#10230,39.3700787401575);
#6137=VECTOR('',#10231,39.3700787401575);
#6138=VECTOR('',#10234,39.3700787401575);
#6139=VECTOR('',#10235,39.3700787401575);
#6140=VECTOR('',#10238,39.3700787401575);
#6141=VECTOR('',#10239,39.3700787401575);
#6142=VECTOR('',#10242,39.3700787401575);
#6143=VECTOR('',#10243,39.3700787401575);
#6144=VECTOR('',#10246,39.3700787401575);
#6145=VECTOR('',#10247,39.3700787401575);
#6146=VECTOR('',#10248,39.3700787401575);
#6147=VECTOR('',#10251,39.3700787401575);
#6148=VECTOR('',#10252,39.3700787401575);
#6149=VECTOR('',#10253,39.3700787401575);
#6150=VECTOR('',#10256,39.3700787401575);
#6151=VECTOR('',#10257,39.3700787401575);
#6152=VECTOR('',#10258,39.3700787401575);
#6153=VECTOR('',#10261,39.3700787401575);
#6154=VECTOR('',#10262,39.3700787401575);
#6155=VECTOR('',#10263,39.3700787401575);
#6156=VECTOR('',#10266,39.3700787401575);
#6157=VECTOR('',#10267,39.3700787401575);
#6158=VECTOR('',#10268,39.3700787401575);
#6159=VECTOR('',#10271,39.3700787401575);
#6160=VECTOR('',#10272,39.3700787401575);
#6161=VECTOR('',#10273,39.3700787401575);
#6162=VECTOR('',#10276,39.3700787401575);
#6163=VECTOR('',#10277,39.3700787401575);
#6164=VECTOR('',#10278,39.3700787401575);
#6165=VECTOR('',#10283,39.3700787401575);
#6166=VECTOR('',#10290,39.3700787401575);
#6167=VECTOR('',#10297,39.3700787401575);
#6168=VECTOR('',#10304,39.3700787401575);
#6169=VECTOR('',#10311,39.3700787401575);
#6170=VECTOR('',#10318,39.3700787401575);
#6171=VECTOR('',#10325,39.3700787401575);
#6172=VECTOR('',#10332,39.3700787401575);
#6173=VECTOR('',#10335,39.3700787401575);
#6174=VECTOR('',#10338,39.3700787401575);
#6175=VECTOR('',#10339,39.3700787401575);
#6176=VECTOR('',#10342,39.3700787401575);
#6177=VECTOR('',#10343,39.3700787401575);
#6178=VECTOR('',#10346,39.3700787401575);
#6179=VECTOR('',#10347,39.3700787401575);
#6180=VECTOR('',#10350,39.3700787401575);
#6181=VECTOR('',#10351,39.3700787401575);
#6182=VECTOR('',#10354,39.3700787401575);
#6183=VECTOR('',#10355,39.3700787401575);
#6184=VECTOR('',#10358,39.3700787401575);
#6185=VECTOR('',#10359,39.3700787401575);
#6186=VECTOR('',#10362,39.3700787401575);
#6187=VECTOR('',#10363,39.3700787401575);
#6188=VECTOR('',#10366,39.3700787401575);
#6189=VECTOR('',#10367,39.3700787401575);
#6190=VECTOR('',#10368,39.3700787401575);
#6191=VECTOR('',#10371,39.3700787401575);
#6192=VECTOR('',#10372,39.3700787401575);
#6193=VECTOR('',#10375,39.3700787401575);
#6194=VECTOR('',#10380,39.3700787401575);
#6195=VECTOR('',#10383,39.3700787401575);
#6196=VECTOR('',#10384,39.3700787401575);
#6197=VECTOR('',#10387,39.3700787401575);
#6198=VECTOR('',#10392,39.3700787401575);
#6199=VECTOR('',#10393,39.3700787401575);
#6200=VECTOR('',#10396,39.3700787401575);
#6201=VECTOR('',#10397,39.3700787401575);
#6202=VECTOR('',#10400,39.3700787401575);
#6203=VECTOR('',#10401,39.3700787401575);
#6204=VECTOR('',#10406,39.3700787401575);
#6205=VECTOR('',#10409,39.3700787401575);
#6206=VECTOR('',#10412,39.3700787401575);
#6207=VECTOR('',#10413,39.3700787401575);
#6208=VECTOR('',#10418,39.3700787401575);
#6209=VECTOR('',#10421,39.3700787401575);
#6210=VECTOR('',#10496,39.3700787401575);
#6211=VECTOR('',#10497,39.3700787401575);
#6212=VECTOR('',#10498,39.3700787401575);
#6213=VECTOR('',#10499,39.3700787401575);
#6214=VECTOR('',#10502,39.3700787401575);
#6215=VECTOR('',#10503,39.3700787401575);
#6216=VECTOR('',#10504,39.3700787401575);
#6217=VECTOR('',#10505,39.3700787401575);
#6218=VECTOR('',#10508,39.3700787401575);
#6219=VECTOR('',#10509,39.3700787401575);
#6220=VECTOR('',#10510,39.3700787401575);
#6221=VECTOR('',#10511,39.3700787401575);
#6222=VECTOR('',#10514,39.3700787401575);
#6223=VECTOR('',#10515,39.3700787401575);
#6224=VECTOR('',#10516,39.3700787401575);
#6225=VECTOR('',#10517,39.3700787401575);
#6226=VECTOR('',#10518,39.3700787401575);
#6227=VECTOR('',#10519,39.3700787401575);
#6228=VECTOR('',#10520,39.3700787401575);
#6229=VECTOR('',#10521,39.3700787401575);
#6230=VECTOR('',#10522,39.3700787401575);
#6231=VECTOR('',#10523,39.3700787401575);
#6232=VECTOR('',#10526,39.3700787401575);
#6233=VECTOR('',#10527,39.3700787401575);
#6234=VECTOR('',#10528,39.3700787401575);
#6235=VECTOR('',#10529,39.3700787401575);
#6236=VECTOR('',#10530,39.3700787401575);
#6237=VECTOR('',#10531,39.3700787401575);
#6238=VECTOR('',#10532,39.3700787401575);
#6239=VECTOR('',#10533,39.3700787401575);
#6240=VECTOR('',#10534,39.3700787401575);
#6241=VECTOR('',#10535,39.3700787401575);
#6242=VECTOR('',#10538,39.3700787401575);
#6243=VECTOR('',#10539,39.3700787401575);
#6244=VECTOR('',#10540,39.3700787401575);
#6245=VECTOR('',#10543,39.3700787401575);
#6246=VECTOR('',#10544,39.3700787401575);
#6247=VECTOR('',#10545,39.3700787401575);
#6248=VECTOR('',#10548,39.3700787401575);
#6249=VECTOR('',#10549,39.3700787401575);
#6250=VECTOR('',#10552,39.3700787401575);
#6251=VECTOR('',#10553,39.3700787401575);
#6252=VECTOR('',#10554,39.3700787401575);
#6253=VECTOR('',#10555,39.3700787401575);
#6254=VECTOR('',#10556,39.3700787401575);
#6255=VECTOR('',#10557,39.3700787401575);
#6256=VECTOR('',#10558,39.3700787401575);
#6257=VECTOR('',#10559,39.3700787401575);
#6258=VECTOR('',#10560,39.3700787401575);
#6259=VECTOR('',#10561,39.3700787401575);
#6260=VECTOR('',#10562,39.3700787401575);
#6261=VECTOR('',#10563,39.3700787401575);
#6262=VECTOR('',#10564,39.3700787401575);
#6263=VECTOR('',#10565,39.3700787401575);
#6264=VECTOR('',#10566,39.3700787401575);
#6265=VECTOR('',#10567,39.3700787401575);
#6266=VECTOR('',#10568,39.3700787401575);
#6267=VECTOR('',#10569,39.3700787401575);
#6268=VECTOR('',#10570,39.3700787401575);
#6269=VECTOR('',#10571,39.3700787401575);
#6270=VECTOR('',#10572,39.3700787401575);
#6271=VECTOR('',#10573,39.3700787401575);
#6272=VECTOR('',#10574,39.3700787401575);
#6273=VECTOR('',#10575,39.3700787401575);
#6274=VECTOR('',#10576,39.3700787401575);
#6275=VECTOR('',#10577,39.3700787401575);
#6276=VECTOR('',#10578,39.3700787401575);
#6277=VECTOR('',#10579,39.3700787401575);
#6278=VECTOR('',#10580,39.3700787401575);
#6279=VECTOR('',#10581,39.3700787401575);
#6280=VECTOR('',#10582,39.3700787401575);
#6281=VECTOR('',#10583,39.3700787401575);
#6282=VECTOR('',#10584,39.3700787401575);
#6283=VECTOR('',#10585,39.3700787401575);
#6284=VECTOR('',#10586,39.3700787401575);
#6285=VECTOR('',#10587,39.3700787401575);
#6286=VECTOR('',#10588,39.3700787401575);
#6287=VECTOR('',#10589,39.3700787401575);
#6288=VECTOR('',#10590,39.3700787401575);
#6289=VECTOR('',#10591,39.3700787401575);
#6290=VECTOR('',#10592,39.3700787401575);
#6291=VECTOR('',#10593,39.3700787401575);
#6292=VECTOR('',#10594,39.3700787401575);
#6293=VECTOR('',#10595,39.3700787401575);
#6294=VECTOR('',#10596,39.3700787401575);
#6295=VECTOR('',#10597,39.3700787401575);
#6296=VECTOR('',#10598,39.3700787401575);
#6297=VECTOR('',#10599,39.3700787401575);
#6298=VECTOR('',#10600,39.3700787401575);
#6299=VECTOR('',#10601,39.3700787401575);
#6300=VECTOR('',#10602,39.3700787401575);
#6301=VECTOR('',#10603,39.3700787401575);
#6302=VECTOR('',#10604,39.3700787401575);
#6303=VECTOR('',#10605,39.3700787401575);
#6304=VECTOR('',#10606,39.3700787401575);
#6305=VECTOR('',#10607,39.3700787401575);
#6306=VECTOR('',#10608,39.3700787401575);
#6307=VECTOR('',#10609,39.3700787401575);
#6308=VECTOR('',#10610,39.3700787401575);
#6309=VECTOR('',#10611,39.3700787401575);
#6310=VECTOR('',#10612,39.3700787401575);
#6311=VECTOR('',#10613,39.3700787401575);
#6312=VECTOR('',#10614,39.3700787401575);
#6313=VECTOR('',#10615,39.3700787401575);
#6314=VECTOR('',#10616,39.3700787401575);
#6315=VECTOR('',#10617,39.3700787401575);
#6316=VECTOR('',#10618,39.3700787401575);
#6317=VECTOR('',#10619,39.3700787401575);
#6318=VECTOR('',#10620,39.3700787401575);
#6319=VECTOR('',#10621,39.3700787401575);
#6320=VECTOR('',#10622,39.3700787401575);
#6321=VECTOR('',#10623,39.3700787401575);
#6322=VECTOR('',#10626,39.3700787401575);
#6323=VECTOR('',#10627,39.3700787401575);
#6324=VECTOR('',#10630,39.3700787401575);
#6325=VECTOR('',#10631,39.3700787401575);
#6326=VECTOR('',#10632,39.3700787401575);
#6327=VECTOR('',#10635,39.3700787401575);
#6328=VECTOR('',#10636,39.3700787401575);
#6329=VECTOR('',#10637,39.3700787401575);
#6330=VECTOR('',#10640,39.3700787401575);
#6331=VECTOR('',#10641,39.3700787401575);
#6332=VECTOR('',#10642,39.3700787401575);
#6333=VECTOR('',#10645,39.3700787401575);
#6334=VECTOR('',#10646,39.3700787401575);
#6335=VECTOR('',#10647,39.3700787401575);
#6336=VECTOR('',#10650,39.3700787401575);
#6337=VECTOR('',#10651,39.3700787401575);
#6338=VECTOR('',#10652,39.3700787401575);
#6339=VECTOR('',#10655,39.3700787401575);
#6340=VECTOR('',#10656,39.3700787401575);
#6341=VECTOR('',#10657,39.3700787401575);
#6342=VECTOR('',#10660,39.3700787401575);
#6343=VECTOR('',#10661,39.3700787401575);
#6344=VECTOR('',#10662,39.3700787401575);
#6345=VECTOR('',#10665,39.3700787401575);
#6346=VECTOR('',#10666,39.3700787401575);
#6347=VECTOR('',#10667,39.3700787401575);
#6348=VECTOR('',#10670,39.3700787401575);
#6349=VECTOR('',#10671,39.3700787401575);
#6350=VECTOR('',#10672,39.3700787401575);
#6351=VECTOR('',#10675,39.3700787401575);
#6352=VECTOR('',#10676,39.3700787401575);
#6353=VECTOR('',#10677,39.3700787401575);
#6354=VECTOR('',#10680,39.3700787401575);
#6355=VECTOR('',#10681,39.3700787401575);
#6356=VECTOR('',#10682,39.3700787401575);
#6357=VECTOR('',#10685,39.3700787401575);
#6358=VECTOR('',#10686,39.3700787401575);
#6359=VECTOR('',#10687,39.3700787401575);
#6360=VECTOR('',#10690,39.3700787401575);
#6361=VECTOR('',#10691,39.3700787401575);
#6362=VECTOR('',#10692,39.3700787401575);
#6363=VECTOR('',#10695,39.3700787401575);
#6364=VECTOR('',#10696,39.3700787401575);
#6365=VECTOR('',#10697,39.3700787401575);
#6366=VECTOR('',#10700,39.3700787401575);
#6367=VECTOR('',#10701,39.3700787401575);
#6368=VECTOR('',#10702,39.3700787401575);
#6369=VECTOR('',#10705,39.3700787401575);
#6370=VECTOR('',#10706,39.3700787401575);
#6371=VECTOR('',#10707,39.3700787401575);
#6372=VECTOR('',#10710,39.3700787401575);
#6373=VECTOR('',#10711,39.3700787401575);
#6374=VECTOR('',#10712,39.3700787401575);
#6375=VECTOR('',#10715,39.3700787401575);
#6376=VECTOR('',#10716,39.3700787401575);
#6377=VECTOR('',#10717,39.3700787401575);
#6378=VECTOR('',#10720,39.3700787401575);
#6379=VECTOR('',#10721,39.3700787401575);
#6380=VECTOR('',#10722,39.3700787401575);
#6381=VECTOR('',#10725,39.3700787401575);
#6382=VECTOR('',#10726,39.3700787401575);
#6383=VECTOR('',#10727,39.3700787401575);
#6384=VECTOR('',#10730,39.3700787401575);
#6385=VECTOR('',#10731,39.3700787401575);
#6386=VECTOR('',#10732,39.3700787401575);
#6387=VECTOR('',#10735,39.3700787401575);
#6388=VECTOR('',#10736,39.3700787401575);
#6389=VECTOR('',#10737,39.3700787401575);
#6390=VECTOR('',#10740,39.3700787401575);
#6391=VECTOR('',#10741,39.3700787401575);
#6392=VECTOR('',#10742,39.3700787401575);
#6393=VECTOR('',#10745,39.3700787401575);
#6394=VECTOR('',#10746,39.3700787401575);
#6395=VECTOR('',#10747,39.3700787401575);
#6396=VECTOR('',#10750,39.3700787401575);
#6397=VECTOR('',#10751,39.3700787401575);
#6398=VECTOR('',#10752,39.3700787401575);
#6399=VECTOR('',#10755,39.3700787401575);
#6400=VECTOR('',#10756,39.3700787401575);
#6401=VECTOR('',#10757,39.3700787401575);
#6402=VECTOR('',#10760,39.3700787401575);
#6403=VECTOR('',#10761,39.3700787401575);
#6404=VECTOR('',#10762,39.3700787401575);
#6405=VECTOR('',#10765,39.3700787401575);
#6406=VECTOR('',#10766,39.3700787401575);
#6407=VECTOR('',#10767,39.3700787401575);
#6408=VECTOR('',#10770,39.3700787401575);
#6409=VECTOR('',#10771,39.3700787401575);
#6410=VECTOR('',#10772,39.3700787401575);
#6411=VECTOR('',#10775,39.3700787401575);
#6412=VECTOR('',#10776,39.3700787401575);
#6413=VECTOR('',#10777,39.3700787401575);
#6414=VECTOR('',#10780,39.3700787401575);
#6415=VECTOR('',#10781,39.3700787401575);
#6416=VECTOR('',#10782,39.3700787401575);
#6417=VECTOR('',#10785,39.3700787401575);
#6418=VECTOR('',#10786,39.3700787401575);
#6419=VECTOR('',#10787,39.3700787401575);
#6420=VECTOR('',#10790,39.3700787401575);
#6421=VECTOR('',#10791,39.3700787401575);
#6422=VECTOR('',#10792,39.3700787401575);
#6423=VECTOR('',#10795,39.3700787401575);
#6424=VECTOR('',#10796,39.3700787401575);
#6425=VECTOR('',#10797,39.3700787401575);
#6426=VECTOR('',#10800,39.3700787401575);
#6427=VECTOR('',#10801,39.3700787401575);
#6428=VECTOR('',#10802,39.3700787401575);
#6429=VECTOR('',#10805,39.3700787401575);
#6430=VECTOR('',#10808,39.3700787401575);
#6431=VECTOR('',#10809,39.3700787401575);
#6432=VECTOR('',#10812,39.3700787401575);
#6433=VECTOR('',#10813,39.3700787401575);
#6434=VECTOR('',#10816,39.3700787401575);
#6435=VECTOR('',#10817,39.3700787401575);
#6436=VECTOR('',#10820,39.3700787401575);
#6437=VECTOR('',#10821,39.3700787401575);
#6438=VECTOR('',#10824,39.3700787401575);
#6439=VECTOR('',#10825,39.3700787401575);
#6440=VECTOR('',#10828,39.3700787401575);
#6441=VECTOR('',#10829,39.3700787401575);
#6442=VECTOR('',#10832,39.3700787401575);
#6443=VECTOR('',#10833,39.3700787401575);
#6444=VECTOR('',#10836,39.3700787401575);
#6445=VECTOR('',#10837,39.3700787401575);
#6446=VECTOR('',#10840,39.3700787401575);
#6447=VECTOR('',#10841,39.3700787401575);
#6448=VECTOR('',#10844,39.3700787401575);
#6449=VECTOR('',#10845,39.3700787401575);
#6450=VECTOR('',#10846,39.3700787401575);
#6451=VECTOR('',#10849,39.3700787401575);
#6452=VECTOR('',#10850,39.3700787401575);
#6453=VECTOR('',#10851,39.3700787401575);
#6454=VECTOR('',#10854,39.3700787401575);
#6455=VECTOR('',#10855,39.3700787401575);
#6456=VECTOR('',#10856,39.3700787401575);
#6457=VECTOR('',#10859,39.3700787401575);
#6458=VECTOR('',#10860,39.3700787401575);
#6459=VECTOR('',#10861,39.3700787401575);
#6460=VECTOR('',#10864,39.3700787401575);
#6461=VECTOR('',#10865,39.3700787401575);
#6462=VECTOR('',#10866,39.3700787401575);
#6463=VECTOR('',#10869,39.3700787401575);
#6464=VECTOR('',#10870,39.3700787401575);
#6465=VECTOR('',#10871,39.3700787401575);
#6466=VECTOR('',#10874,39.3700787401575);
#6467=VECTOR('',#10875,39.3700787401575);
#6468=VECTOR('',#10876,39.3700787401575);
#6469=VECTOR('',#10879,39.3700787401575);
#6470=VECTOR('',#10880,39.3700787401575);
#6471=VECTOR('',#10881,39.3700787401575);
#6472=VECTOR('',#10884,39.3700787401575);
#6473=VECTOR('',#10885,39.3700787401575);
#6474=VECTOR('',#10886,39.3700787401575);
#6475=VECTOR('',#10889,39.3700787401575);
#6476=VECTOR('',#10890,39.3700787401575);
#6477=VECTOR('',#10891,39.3700787401575);
#6478=VECTOR('',#10894,39.3700787401575);
#6479=VECTOR('',#10895,39.3700787401575);
#6480=VECTOR('',#10896,39.3700787401575);
#6481=VECTOR('',#10899,39.3700787401575);
#6482=VECTOR('',#10900,39.3700787401575);
#6483=VECTOR('',#10901,39.3700787401575);
#6484=VECTOR('',#10904,39.3700787401575);
#6485=VECTOR('',#10905,39.3700787401575);
#6486=VECTOR('',#10906,39.3700787401575);
#6487=VECTOR('',#10909,39.3700787401575);
#6488=VECTOR('',#10910,39.3700787401575);
#6489=VECTOR('',#10911,39.3700787401575);
#6490=VECTOR('',#10914,39.3700787401575);
#6491=VECTOR('',#10915,39.3700787401575);
#6492=VECTOR('',#10916,39.3700787401575);
#6493=VECTOR('',#10919,39.3700787401575);
#6494=VECTOR('',#10920,39.3700787401575);
#6495=VECTOR('',#10921,39.3700787401575);
#6496=VECTOR('',#10924,39.3700787401575);
#6497=VECTOR('',#10925,39.3700787401575);
#6498=VECTOR('',#10926,39.3700787401575);
#6499=VECTOR('',#10929,39.3700787401575);
#6500=VECTOR('',#10930,39.3700787401575);
#6501=VECTOR('',#10931,39.3700787401575);
#6502=VECTOR('',#10934,39.3700787401575);
#6503=VECTOR('',#10935,39.3700787401575);
#6504=VECTOR('',#10936,39.3700787401575);
#6505=VECTOR('',#10939,39.3700787401575);
#6506=VECTOR('',#10940,39.3700787401575);
#6507=VECTOR('',#10941,39.3700787401575);
#6508=VECTOR('',#10944,39.3700787401575);
#6509=VECTOR('',#10945,39.3700787401575);
#6510=VECTOR('',#10946,39.3700787401575);
#6511=VECTOR('',#10949,39.3700787401575);
#6512=VECTOR('',#10950,39.3700787401575);
#6513=VECTOR('',#10951,39.3700787401575);
#6514=VECTOR('',#10954,39.3700787401575);
#6515=VECTOR('',#10955,39.3700787401575);
#6516=VECTOR('',#10956,39.3700787401575);
#6517=VECTOR('',#10959,39.3700787401575);
#6518=VECTOR('',#10960,39.3700787401575);
#6519=VECTOR('',#10961,39.3700787401575);
#6520=VECTOR('',#10964,39.3700787401575);
#6521=VECTOR('',#10965,39.3700787401575);
#6522=VECTOR('',#10966,39.3700787401575);
#6523=VECTOR('',#10969,39.3700787401575);
#6524=VECTOR('',#10970,39.3700787401575);
#6525=VECTOR('',#10971,39.3700787401575);
#6526=VECTOR('',#10974,39.3700787401575);
#6527=VECTOR('',#10975,39.3700787401575);
#6528=VECTOR('',#10976,39.3700787401575);
#6529=VECTOR('',#10979,39.3700787401575);
#6530=VECTOR('',#10980,39.3700787401575);
#6531=VECTOR('',#10981,39.3700787401575);
#6532=VECTOR('',#10984,39.3700787401575);
#6533=VECTOR('',#10985,39.3700787401575);
#6534=VECTOR('',#10986,39.3700787401575);
#6535=VECTOR('',#10989,39.3700787401575);
#6536=VECTOR('',#10990,39.3700787401575);
#6537=VECTOR('',#10991,39.3700787401575);
#6538=VECTOR('',#10994,39.3700787401575);
#6539=VECTOR('',#10995,39.3700787401575);
#6540=VECTOR('',#10996,39.3700787401575);
#6541=VECTOR('',#10999,39.3700787401575);
#6542=VECTOR('',#11002,39.3700787401575);
#6543=VECTOR('',#11003,39.3700787401575);
#6544=VECTOR('',#11006,39.3700787401575);
#6545=VECTOR('',#11007,39.3700787401575);
#6546=VECTOR('',#11010,39.3700787401575);
#6547=VECTOR('',#11011,39.3700787401575);
#6548=VECTOR('',#11014,39.3700787401575);
#6549=VECTOR('',#11015,39.3700787401575);
#6550=VECTOR('',#11018,39.3700787401575);
#6551=VECTOR('',#11019,39.3700787401575);
#6552=VECTOR('',#11022,39.3700787401575);
#6553=VECTOR('',#11023,39.3700787401575);
#6554=VECTOR('',#11026,39.3700787401575);
#6555=VECTOR('',#11027,39.3700787401575);
#6556=VECTOR('',#11030,39.3700787401575);
#6557=VECTOR('',#11031,39.3700787401575);
#6558=VECTOR('',#11034,39.3700787401575);
#6559=VECTOR('',#11035,39.3700787401575);
#6560=VECTOR('',#11036,39.3700787401575);
#6561=VECTOR('',#11039,39.3700787401575);
#6562=VECTOR('',#11040,39.3700787401575);
#6563=VECTOR('',#11041,39.3700787401575);
#6564=VECTOR('',#11044,39.3700787401575);
#6565=VECTOR('',#11045,39.3700787401575);
#6566=VECTOR('',#11046,39.3700787401575);
#6567=VECTOR('',#11049,39.3700787401575);
#6568=VECTOR('',#11052,39.3700787401575);
#6569=VECTOR('',#11053,39.3700787401575);
#6570=VECTOR('',#11056,39.3700787401575);
#6571=VECTOR('',#11057,39.3700787401575);
#6572=VECTOR('',#11058,39.3700787401575);
#6573=VECTOR('',#11061,39.3700787401575);
#6574=VECTOR('',#11062,39.3700787401575);
#6575=VECTOR('',#11063,39.3700787401575);
#6576=VECTOR('',#11066,39.3700787401575);
#6577=VECTOR('',#11067,39.3700787401575);
#6578=VECTOR('',#11068,39.3700787401575);
#6579=VECTOR('',#11071,39.3700787401575);
#6580=VECTOR('',#11082,39.3700787401575);
#6581=VECTOR('',#11085,39.3700787401575);
#6582=VECTOR('',#11092,39.3700787401575);
#6583=VECTOR('',#11097,39.3700787401575);
#6584=VECTOR('',#11102,39.3700787401575);
#6585=VECTOR('',#11105,39.3700787401575);
#6586=VECTOR('',#11112,39.3700787401575);
#6587=VECTOR('',#11115,39.3700787401575);
#6588=VECTOR('',#11122,39.3700787401575);
#6589=VECTOR('',#11125,39.3700787401575);
#6590=VECTOR('',#11132,39.3700787401575);
#6591=VECTOR('',#11135,39.3700787401575);
#6592=VECTOR('',#11142,39.3700787401575);
#6593=VECTOR('',#11145,39.3700787401575);
#6594=VECTOR('',#11152,39.3700787401575);
#6595=VECTOR('',#11155,39.3700787401575);
#6596=VECTOR('',#11162,39.3700787401575);
#6597=VECTOR('',#11165,39.3700787401575);
#6598=VECTOR('',#11172,39.3700787401575);
#6599=VECTOR('',#11175,39.3700787401575);
#6600=VECTOR('',#11182,39.3700787401575);
#6601=VECTOR('',#11185,39.3700787401575);
#6602=VECTOR('',#11192,39.3700787401575);
#6603=VECTOR('',#11195,39.3700787401575);
#6604=VECTOR('',#11202,39.3700787401575);
#6605=VECTOR('',#11205,39.3700787401575);
#6606=VECTOR('',#11212,39.3700787401575);
#6607=VECTOR('',#11215,39.3700787401575);
#6608=VECTOR('',#11222,39.3700787401575);
#6609=VECTOR('',#11225,39.3700787401575);
#6610=VECTOR('',#11232,39.3700787401575);
#6611=VECTOR('',#11235,39.3700787401575);
#6612=VECTOR('',#11242,39.3700787401575);
#6613=VECTOR('',#11245,39.3700787401575);
#6614=EDGE_LOOP('',(#150,#151,#152,#153));
#6615=EDGE_LOOP('',(#154,#155,#156,#157));
#6616=EDGE_LOOP('',(#158,#159,#160,#161));
#6617=EDGE_LOOP('',(#162,#163,#164,#165,#166,#167,#168,#169,#170,#171,#172,
#173,#174,#175,#176,#177));
#6618=EDGE_LOOP('',(#178,#179,#180,#181));
#6619=EDGE_LOOP('',(#182,#183,#184,#185,#186,#187,#188,#189,#190,#191,#192,
#193,#194,#195,#196,#197));
#6620=EDGE_LOOP('',(#198,#199,#200,#201));
#6621=EDGE_LOOP('',(#202,#203,#204,#205));
#6622=EDGE_LOOP('',(#206,#207,#208,#209));
#6623=EDGE_LOOP('',(#210,#211,#212,#213));
#6624=EDGE_LOOP('',(#214,#215,#216,#217));
#6625=EDGE_LOOP('',(#218,#219,#220,#221));
#6626=EDGE_LOOP('',(#222,#223,#224,#225));
#6627=EDGE_LOOP('',(#226,#227,#228,#229));
#6628=EDGE_LOOP('',(#230,#231,#232,#233));
#6629=EDGE_LOOP('',(#234,#235,#236,#237));
#6630=EDGE_LOOP('',(#238,#239,#240,#241));
#6631=EDGE_LOOP('',(#242,#243,#244,#245));
#6632=EDGE_LOOP('',(#246,#247,#248,#249));
#6633=EDGE_LOOP('',(#250,#251,#252,#253));
#6634=EDGE_LOOP('',(#254,#255,#256,#257));
#6635=EDGE_LOOP('',(#258,#259,#260,#261));
#6636=EDGE_LOOP('',(#262,#263,#264,#265));
#6637=EDGE_LOOP('',(#266,#267,#268,#269));
#6638=EDGE_LOOP('',(#270,#271,#272,#273));
#6639=EDGE_LOOP('',(#274,#275,#276,#277));
#6640=EDGE_LOOP('',(#278,#279,#280,#281));
#6641=EDGE_LOOP('',(#282,#283,#284,#285));
#6642=EDGE_LOOP('',(#286,#287,#288,#289));
#6643=EDGE_LOOP('',(#290,#291,#292,#293));
#6644=EDGE_LOOP('',(#294,#295,#296,#297));
#6645=EDGE_LOOP('',(#298,#299,#300,#301));
#6646=EDGE_LOOP('',(#302,#303,#304,#305));
#6647=EDGE_LOOP('',(#306,#307,#308,#309));
#6648=EDGE_LOOP('',(#310,#311,#312,#313));
#6649=EDGE_LOOP('',(#314,#315,#316,#317));
#6650=EDGE_LOOP('',(#318,#319,#320,#321));
#6651=EDGE_LOOP('',(#322,#323,#324,#325));
#6652=EDGE_LOOP('',(#326,#327,#328,#329));
#6653=EDGE_LOOP('',(#330,#331,#332,#333));
#6654=EDGE_LOOP('',(#334,#335,#336,#337));
#6655=EDGE_LOOP('',(#338,#339,#340,#341));
#6656=EDGE_LOOP('',(#342,#343,#344,#345));
#6657=EDGE_LOOP('',(#346,#347,#348,#349));
#6658=EDGE_LOOP('',(#350,#351,#352,#353));
#6659=EDGE_LOOP('',(#354,#355,#356,#357));
#6660=EDGE_LOOP('',(#358,#359,#360,#361));
#6661=EDGE_LOOP('',(#362,#363,#364,#365));
#6662=EDGE_LOOP('',(#366,#367,#368,#369));
#6663=EDGE_LOOP('',(#370,#371,#372,#373));
#6664=EDGE_LOOP('',(#374,#375,#376,#377));
#6665=EDGE_LOOP('',(#378,#379,#380,#381));
#6666=EDGE_LOOP('',(#382,#383,#384,#385));
#6667=EDGE_LOOP('',(#386,#387,#388,#389));
#6668=EDGE_LOOP('',(#390,#391,#392,#393));
#6669=EDGE_LOOP('',(#394,#395,#396,#397));
#6670=EDGE_LOOP('',(#398,#399,#400,#401));
#6671=EDGE_LOOP('',(#402,#403,#404,#405));
#6672=EDGE_LOOP('',(#406,#407,#408,#409));
#6673=EDGE_LOOP('',(#410,#411,#412,#413));
#6674=EDGE_LOOP('',(#414,#415,#416,#417));
#6675=EDGE_LOOP('',(#418,#419,#420,#421));
#6676=EDGE_LOOP('',(#422,#423,#424,#425));
#6677=EDGE_LOOP('',(#426,#427,#428,#429));
#6678=EDGE_LOOP('',(#430,#431,#432,#433));
#6679=EDGE_LOOP('',(#434,#435,#436,#437));
#6680=EDGE_LOOP('',(#438,#439,#440,#441));
#6681=EDGE_LOOP('',(#442,#443,#444,#445));
#6682=EDGE_LOOP('',(#446,#447,#448,#449));
#6683=EDGE_LOOP('',(#450,#451,#452,#453));
#6684=EDGE_LOOP('',(#454,#455,#456,#457));
#6685=EDGE_LOOP('',(#458,#459,#460,#461));
#6686=EDGE_LOOP('',(#462,#463,#464,#465));
#6687=EDGE_LOOP('',(#466,#467,#468,#469));
#6688=EDGE_LOOP('',(#470,#471,#472,#473));
#6689=EDGE_LOOP('',(#474,#475,#476,#477));
#6690=EDGE_LOOP('',(#478,#479,#480,#481));
#6691=EDGE_LOOP('',(#482,#483,#484,#485));
#6692=EDGE_LOOP('',(#486,#487,#488,#489));
#6693=EDGE_LOOP('',(#490,#491,#492,#493));
#6694=EDGE_LOOP('',(#494,#495,#496,#497));
#6695=EDGE_LOOP('',(#498,#499,#500,#501));
#6696=EDGE_LOOP('',(#502,#503,#504,#505));
#6697=EDGE_LOOP('',(#506,#507,#508,#509));
#6698=EDGE_LOOP('',(#510,#511,#512,#513));
#6699=EDGE_LOOP('',(#514,#515,#516,#517));
#6700=EDGE_LOOP('',(#518,#519,#520,#521));
#6701=EDGE_LOOP('',(#522,#523,#524,#525));
#6702=EDGE_LOOP('',(#526,#527,#528,#529));
#6703=EDGE_LOOP('',(#530,#531,#532,#533));
#6704=EDGE_LOOP('',(#534,#535,#536,#537));
#6705=EDGE_LOOP('',(#538,#539,#540,#541));
#6706=EDGE_LOOP('',(#542,#543,#544,#545));
#6707=EDGE_LOOP('',(#546,#547,#548,#549));
#6708=EDGE_LOOP('',(#550,#551,#552,#553));
#6709=EDGE_LOOP('',(#554,#555,#556,#557));
#6710=EDGE_LOOP('',(#558,#559,#560,#561));
#6711=EDGE_LOOP('',(#562,#563,#564,#565));
#6712=EDGE_LOOP('',(#566,#567,#568,#569));
#6713=EDGE_LOOP('',(#570,#571,#572,#573));
#6714=EDGE_LOOP('',(#574,#575,#576,#577));
#6715=EDGE_LOOP('',(#578,#579,#580,#581));
#6716=EDGE_LOOP('',(#582,#583,#584,#585));
#6717=EDGE_LOOP('',(#586,#587,#588,#589));
#6718=EDGE_LOOP('',(#590,#591,#592,#593));
#6719=EDGE_LOOP('',(#594,#595,#596,#597));
#6720=EDGE_LOOP('',(#598,#599,#600,#601));
#6721=EDGE_LOOP('',(#602,#603,#604,#605));
#6722=EDGE_LOOP('',(#606,#607,#608,#609));
#6723=EDGE_LOOP('',(#610,#611,#612,#613));
#6724=EDGE_LOOP('',(#614,#615,#616,#617));
#6725=EDGE_LOOP('',(#618,#619,#620,#621));
#6726=EDGE_LOOP('',(#622,#623,#624,#625));
#6727=EDGE_LOOP('',(#626,#627,#628,#629));
#6728=EDGE_LOOP('',(#630,#631,#632,#633));
#6729=EDGE_LOOP('',(#634,#635,#636,#637));
#6730=EDGE_LOOP('',(#638,#639,#640,#641));
#6731=EDGE_LOOP('',(#642,#643,#644,#645));
#6732=EDGE_LOOP('',(#646,#647,#648,#649));
#6733=EDGE_LOOP('',(#650,#651,#652,#653));
#6734=EDGE_LOOP('',(#654,#655,#656,#657));
#6735=EDGE_LOOP('',(#658,#659,#660,#661));
#6736=EDGE_LOOP('',(#662,#663,#664,#665));
#6737=EDGE_LOOP('',(#666,#667,#668,#669));
#6738=EDGE_LOOP('',(#670,#671,#672,#673));
#6739=EDGE_LOOP('',(#674,#675,#676,#677));
#6740=EDGE_LOOP('',(#678,#679,#680,#681));
#6741=EDGE_LOOP('',(#682,#683,#684,#685));
#6742=EDGE_LOOP('',(#686,#687,#688,#689));
#6743=EDGE_LOOP('',(#690,#691,#692,#693));
#6744=EDGE_LOOP('',(#694,#695,#696,#697));
#6745=EDGE_LOOP('',(#698,#699,#700,#701));
#6746=EDGE_LOOP('',(#702,#703,#704,#705));
#6747=EDGE_LOOP('',(#706,#707,#708,#709));
#6748=EDGE_LOOP('',(#710,#711,#712,#713));
#6749=EDGE_LOOP('',(#714,#715,#716,#717));
#6750=EDGE_LOOP('',(#718,#719,#720,#721));
#6751=EDGE_LOOP('',(#722,#723,#724,#725));
#6752=EDGE_LOOP('',(#726,#727,#728,#729));
#6753=EDGE_LOOP('',(#730,#731,#732,#733));
#6754=EDGE_LOOP('',(#734,#735,#736,#737));
#6755=EDGE_LOOP('',(#738,#739,#740,#741,#742,#743,#744,#745,#746,#747,#748,
#749,#750,#751,#752,#753,#754,#755,#756,#757));
#6756=EDGE_LOOP('',(#758,#759,#760,#761,#762,#763,#764,#765,#766,#767,#768,
#769,#770,#771,#772,#773,#774,#775,#776,#777));
#6757=EDGE_LOOP('',(#778,#779,#780,#781));
#6758=EDGE_LOOP('',(#782,#783,#784,#785));
#6759=EDGE_LOOP('',(#786,#787,#788,#789));
#6760=EDGE_LOOP('',(#790,#791,#792,#793));
#6761=EDGE_LOOP('',(#794,#795,#796,#797));
#6762=EDGE_LOOP('',(#798,#799,#800,#801));
#6763=EDGE_LOOP('',(#802,#803,#804,#805));
#6764=EDGE_LOOP('',(#806,#807,#808,#809));
#6765=EDGE_LOOP('',(#810,#811,#812,#813));
#6766=EDGE_LOOP('',(#814,#815,#816,#817));
#6767=EDGE_LOOP('',(#818,#819,#820,#821));
#6768=EDGE_LOOP('',(#822,#823,#824,#825));
#6769=EDGE_LOOP('',(#826,#827,#828,#829));
#6770=EDGE_LOOP('',(#830,#831,#832,#833));
#6771=EDGE_LOOP('',(#834,#835,#836,#837));
#6772=EDGE_LOOP('',(#838,#839,#840,#841));
#6773=EDGE_LOOP('',(#842,#843,#844,#845));
#6774=EDGE_LOOP('',(#846,#847,#848,#849));
#6775=EDGE_LOOP('',(#850,#851,#852,#853,#854,#855,#856,#857,#858,#859,#860,
#861,#862,#863,#864,#865,#866,#867,#868,#869,#870,#871,#872,#873));
#6776=EDGE_LOOP('',(#874,#875,#876,#877));
#6777=EDGE_LOOP('',(#878,#879,#880,#881));
#6778=EDGE_LOOP('',(#882,#883,#884,#885));
#6779=EDGE_LOOP('',(#886,#887,#888,#889));
#6780=EDGE_LOOP('',(#890,#891,#892,#893));
#6781=EDGE_LOOP('',(#894,#895,#896,#897));
#6782=EDGE_LOOP('',(#898,#899,#900,#901));
#6783=EDGE_LOOP('',(#902,#903,#904,#905));
#6784=EDGE_LOOP('',(#906,#907,#908,#909));
#6785=EDGE_LOOP('',(#910,#911,#912,#913));
#6786=EDGE_LOOP('',(#914,#915,#916,#917));
#6787=EDGE_LOOP('',(#918,#919,#920,#921));
#6788=EDGE_LOOP('',(#922,#923,#924,#925));
#6789=EDGE_LOOP('',(#926,#927,#928,#929));
#6790=EDGE_LOOP('',(#930,#931,#932,#933));
#6791=EDGE_LOOP('',(#934,#935,#936,#937));
#6792=EDGE_LOOP('',(#938,#939,#940,#941));
#6793=EDGE_LOOP('',(#942,#943,#944,#945));
#6794=EDGE_LOOP('',(#946,#947,#948,#949));
#6795=EDGE_LOOP('',(#950,#951,#952,#953));
#6796=EDGE_LOOP('',(#954,#955,#956,#957));
#6797=EDGE_LOOP('',(#958,#959,#960,#961));
#6798=EDGE_LOOP('',(#962,#963,#964,#965));
#6799=EDGE_LOOP('',(#966,#967,#968,#969));
#6800=EDGE_LOOP('',(#970,#971,#972,#973));
#6801=EDGE_LOOP('',(#974,#975,#976,#977));
#6802=EDGE_LOOP('',(#978,#979,#980,#981));
#6803=EDGE_LOOP('',(#982,#983,#984,#985));
#6804=EDGE_LOOP('',(#986,#987,#988,#989));
#6805=EDGE_LOOP('',(#990,#991,#992,#993));
#6806=EDGE_LOOP('',(#994,#995,#996,#997));
#6807=EDGE_LOOP('',(#998,#999,#1000,#1001));
#6808=EDGE_LOOP('',(#1002,#1003,#1004,#1005));
#6809=EDGE_LOOP('',(#1006,#1007,#1008,#1009));
#6810=EDGE_LOOP('',(#1010,#1011,#1012,#1013));
#6811=EDGE_LOOP('',(#1014,#1015,#1016,#1017));
#6812=EDGE_LOOP('',(#1018,#1019,#1020,#1021));
#6813=EDGE_LOOP('',(#1022,#1023,#1024,#1025));
#6814=EDGE_LOOP('',(#1026,#1027,#1028,#1029));
#6815=EDGE_LOOP('',(#1030,#1031,#1032,#1033));
#6816=EDGE_LOOP('',(#1034,#1035,#1036,#1037));
#6817=EDGE_LOOP('',(#1038,#1039,#1040,#1041));
#6818=EDGE_LOOP('',(#1042,#1043,#1044,#1045));
#6819=EDGE_LOOP('',(#1046,#1047,#1048,#1049));
#6820=EDGE_LOOP('',(#1050,#1051,#1052,#1053));
#6821=EDGE_LOOP('',(#1054,#1055,#1056,#1057));
#6822=EDGE_LOOP('',(#1058,#1059,#1060,#1061));
#6823=EDGE_LOOP('',(#1062,#1063,#1064,#1065));
#6824=EDGE_LOOP('',(#1066,#1067,#1068,#1069));
#6825=EDGE_LOOP('',(#1070,#1071,#1072,#1073));
#6826=EDGE_LOOP('',(#1074,#1075,#1076,#1077));
#6827=EDGE_LOOP('',(#1078,#1079,#1080,#1081));
#6828=EDGE_LOOP('',(#1082,#1083,#1084,#1085));
#6829=EDGE_LOOP('',(#1086,#1087,#1088,#1089));
#6830=EDGE_LOOP('',(#1090,#1091,#1092,#1093));
#6831=EDGE_LOOP('',(#1094,#1095,#1096,#1097));
#6832=EDGE_LOOP('',(#1098,#1099,#1100,#1101));
#6833=EDGE_LOOP('',(#1102,#1103,#1104,#1105));
#6834=EDGE_LOOP('',(#1106,#1107,#1108,#1109));
#6835=EDGE_LOOP('',(#1110,#1111,#1112,#1113));
#6836=EDGE_LOOP('',(#1114,#1115,#1116,#1117));
#6837=EDGE_LOOP('',(#1118,#1119,#1120,#1121));
#6838=EDGE_LOOP('',(#1122,#1123,#1124,#1125));
#6839=EDGE_LOOP('',(#1126,#1127,#1128,#1129));
#6840=EDGE_LOOP('',(#1130,#1131,#1132,#1133));
#6841=EDGE_LOOP('',(#1134,#1135,#1136,#1137));
#6842=EDGE_LOOP('',(#1138,#1139,#1140,#1141));
#6843=EDGE_LOOP('',(#1142,#1143,#1144,#1145));
#6844=EDGE_LOOP('',(#1146,#1147,#1148,#1149));
#6845=EDGE_LOOP('',(#1150,#1151,#1152,#1153));
#6846=EDGE_LOOP('',(#1154,#1155,#1156,#1157));
#6847=EDGE_LOOP('',(#1158,#1159,#1160,#1161));
#6848=EDGE_LOOP('',(#1162,#1163,#1164,#1165));
#6849=EDGE_LOOP('',(#1166,#1167,#1168,#1169));
#6850=EDGE_LOOP('',(#1170,#1171,#1172,#1173));
#6851=EDGE_LOOP('',(#1174,#1175,#1176,#1177));
#6852=EDGE_LOOP('',(#1178,#1179,#1180,#1181));
#6853=EDGE_LOOP('',(#1182,#1183,#1184,#1185));
#6854=EDGE_LOOP('',(#1186,#1187,#1188,#1189));
#6855=EDGE_LOOP('',(#1190,#1191,#1192,#1193));
#6856=EDGE_LOOP('',(#1194,#1195,#1196,#1197));
#6857=EDGE_LOOP('',(#1198,#1199,#1200,#1201));
#6858=EDGE_LOOP('',(#1202,#1203,#1204,#1205));
#6859=EDGE_LOOP('',(#1206,#1207,#1208,#1209));
#6860=EDGE_LOOP('',(#1210,#1211,#1212,#1213));
#6861=EDGE_LOOP('',(#1214,#1215,#1216,#1217));
#6862=EDGE_LOOP('',(#1218,#1219,#1220,#1221));
#6863=EDGE_LOOP('',(#1222,#1223,#1224,#1225));
#6864=EDGE_LOOP('',(#1226,#1227,#1228,#1229));
#6865=EDGE_LOOP('',(#1230,#1231,#1232,#1233));
#6866=EDGE_LOOP('',(#1234,#1235,#1236,#1237));
#6867=EDGE_LOOP('',(#1238,#1239,#1240,#1241));
#6868=EDGE_LOOP('',(#1242,#1243,#1244,#1245));
#6869=EDGE_LOOP('',(#1246,#1247,#1248,#1249));
#6870=EDGE_LOOP('',(#1250,#1251,#1252,#1253));
#6871=EDGE_LOOP('',(#1254,#1255,#1256,#1257));
#6872=EDGE_LOOP('',(#1258,#1259,#1260,#1261));
#6873=EDGE_LOOP('',(#1262,#1263,#1264,#1265));
#6874=EDGE_LOOP('',(#1266,#1267,#1268,#1269));
#6875=EDGE_LOOP('',(#1270,#1271,#1272,#1273));
#6876=EDGE_LOOP('',(#1274,#1275,#1276,#1277));
#6877=EDGE_LOOP('',(#1278,#1279,#1280,#1281));
#6878=EDGE_LOOP('',(#1282,#1283,#1284,#1285));
#6879=EDGE_LOOP('',(#1286,#1287,#1288,#1289));
#6880=EDGE_LOOP('',(#1290,#1291,#1292,#1293));
#6881=EDGE_LOOP('',(#1294,#1295,#1296,#1297));
#6882=EDGE_LOOP('',(#1298,#1299,#1300,#1301));
#6883=EDGE_LOOP('',(#1302,#1303,#1304,#1305));
#6884=EDGE_LOOP('',(#1306,#1307,#1308,#1309));
#6885=EDGE_LOOP('',(#1310,#1311,#1312,#1313));
#6886=EDGE_LOOP('',(#1314,#1315,#1316,#1317));
#6887=EDGE_LOOP('',(#1318,#1319,#1320,#1321));
#6888=EDGE_LOOP('',(#1322,#1323,#1324,#1325));
#6889=EDGE_LOOP('',(#1326,#1327,#1328,#1329));
#6890=EDGE_LOOP('',(#1330,#1331,#1332,#1333));
#6891=EDGE_LOOP('',(#1334,#1335,#1336,#1337));
#6892=EDGE_LOOP('',(#1338,#1339,#1340,#1341));
#6893=EDGE_LOOP('',(#1342,#1343,#1344,#1345));
#6894=EDGE_LOOP('',(#1346,#1347,#1348,#1349));
#6895=EDGE_LOOP('',(#1350,#1351,#1352,#1353));
#6896=EDGE_LOOP('',(#1354,#1355,#1356,#1357));
#6897=EDGE_LOOP('',(#1358,#1359,#1360,#1361));
#6898=EDGE_LOOP('',(#1362,#1363,#1364,#1365));
#6899=EDGE_LOOP('',(#1366,#1367,#1368,#1369));
#6900=EDGE_LOOP('',(#1370,#1371,#1372,#1373));
#6901=EDGE_LOOP('',(#1374,#1375,#1376,#1377));
#6902=EDGE_LOOP('',(#1378,#1379,#1380,#1381));
#6903=EDGE_LOOP('',(#1382,#1383,#1384,#1385));
#6904=EDGE_LOOP('',(#1386,#1387,#1388,#1389));
#6905=EDGE_LOOP('',(#1390,#1391,#1392,#1393));
#6906=EDGE_LOOP('',(#1394,#1395,#1396,#1397));
#6907=EDGE_LOOP('',(#1398,#1399,#1400,#1401));
#6908=EDGE_LOOP('',(#1402,#1403,#1404,#1405));
#6909=EDGE_LOOP('',(#1406,#1407,#1408,#1409,#1410,#1411,#1412,#1413));
#6910=EDGE_LOOP('',(#1414,#1415,#1416,#1417,#1418,#1419,#1420,#1421));
#6911=EDGE_LOOP('',(#1422,#1423,#1424,#1425,#1426,#1427,#1428,#1429));
#6912=EDGE_LOOP('',(#1430,#1431,#1432,#1433,#1434,#1435,#1436,#1437));
#6913=EDGE_LOOP('',(#1438,#1439,#1440,#1441,#1442,#1443,#1444,#1445));
#6914=EDGE_LOOP('',(#1446,#1447,#1448,#1449,#1450,#1451,#1452,#1453));
#6915=EDGE_LOOP('',(#1454,#1455,#1456,#1457,#1458,#1459,#1460,#1461));
#6916=EDGE_LOOP('',(#1462,#1463,#1464,#1465,#1466,#1467,#1468,#1469));
#6917=EDGE_LOOP('',(#1470,#1471,#1472,#1473,#1474,#1475,#1476,#1477));
#6918=EDGE_LOOP('',(#1478,#1479,#1480,#1481,#1482,#1483,#1484,#1485));
#6919=EDGE_LOOP('',(#1486,#1487,#1488,#1489,#1490,#1491,#1492,#1493));
#6920=EDGE_LOOP('',(#1494,#1495,#1496,#1497,#1498,#1499,#1500,#1501));
#6921=EDGE_LOOP('',(#1502,#1503,#1504,#1505,#1506,#1507,#1508,#1509));
#6922=EDGE_LOOP('',(#1510,#1511,#1512,#1513,#1514,#1515,#1516,#1517));
#6923=EDGE_LOOP('',(#1518,#1519,#1520,#1521,#1522,#1523,#1524,#1525));
#6924=EDGE_LOOP('',(#1526,#1527,#1528,#1529,#1530,#1531,#1532,#1533));
#6925=EDGE_LOOP('',(#1534,#1535,#1536,#1537,#1538,#1539,#1540,#1541));
#6926=EDGE_LOOP('',(#1542,#1543,#1544,#1545,#1546,#1547,#1548,#1549));
#6927=EDGE_LOOP('',(#1550,#1551,#1552,#1553,#1554,#1555,#1556,#1557));
#6928=EDGE_LOOP('',(#1558,#1559,#1560,#1561,#1562,#1563,#1564,#1565));
#6929=EDGE_LOOP('',(#1566,#1567,#1568,#1569,#1570,#1571,#1572,#1573));
#6930=EDGE_LOOP('',(#1574,#1575,#1576,#1577,#1578,#1579,#1580,#1581));
#6931=EDGE_LOOP('',(#1582,#1583,#1584,#1585,#1586,#1587,#1588,#1589));
#6932=EDGE_LOOP('',(#1590,#1591,#1592,#1593,#1594,#1595,#1596,#1597));
#6933=EDGE_LOOP('',(#1598,#1599,#1600,#1601,#1602,#1603,#1604,#1605));
#6934=EDGE_LOOP('',(#1606,#1607,#1608,#1609,#1610,#1611,#1612,#1613));
#6935=EDGE_LOOP('',(#1614,#1615,#1616,#1617,#1618,#1619,#1620,#1621));
#6936=EDGE_LOOP('',(#1622,#1623,#1624,#1625,#1626,#1627,#1628,#1629));
#6937=EDGE_LOOP('',(#1630,#1631,#1632,#1633,#1634,#1635,#1636,#1637));
#6938=EDGE_LOOP('',(#1638,#1639,#1640,#1641,#1642,#1643,#1644,#1645));
#6939=EDGE_LOOP('',(#1646,#1647,#1648,#1649,#1650,#1651,#1652,#1653));
#6940=EDGE_LOOP('',(#1654,#1655,#1656,#1657,#1658,#1659,#1660,#1661));
#6941=EDGE_LOOP('',(#1662,#1663,#1664,#1665,#1666,#1667,#1668,#1669));
#6942=EDGE_LOOP('',(#1670,#1671,#1672,#1673,#1674,#1675,#1676,#1677));
#6943=EDGE_LOOP('',(#1678,#1679,#1680,#1681,#1682,#1683,#1684,#1685));
#6944=EDGE_LOOP('',(#1686,#1687,#1688,#1689));
#6945=EDGE_LOOP('',(#1690,#1691,#1692,#1693));
#6946=EDGE_LOOP('',(#1694,#1695,#1696,#1697));
#6947=EDGE_LOOP('',(#1698,#1699,#1700,#1701,#1702,#1703,#1704,#1705,#1706,
#1707,#1708,#1709));
#6948=EDGE_LOOP('',(#1710,#1711,#1712,#1713,#1714,#1715,#1716,#1717,#1718,
#1719,#1720,#1721));
#6949=EDGE_LOOP('',(#1722,#1723,#1724,#1725));
#6950=EDGE_LOOP('',(#1726,#1727,#1728,#1729));
#6951=EDGE_LOOP('',(#1730,#1731,#1732,#1733));
#6952=EDGE_LOOP('',(#1734,#1735,#1736,#1737));
#6953=EDGE_LOOP('',(#1738,#1739,#1740,#1741));
#6954=EDGE_LOOP('',(#1742,#1743,#1744,#1745));
#6955=EDGE_LOOP('',(#1746,#1747,#1748,#1749));
#6956=EDGE_LOOP('',(#1750,#1751,#1752,#1753));
#6957=EDGE_LOOP('',(#1754,#1755,#1756,#1757));
#6958=EDGE_LOOP('',(#1758,#1759,#1760,#1761));
#6959=EDGE_LOOP('',(#1762,#1763,#1764,#1765));
#6960=EDGE_LOOP('',(#1766,#1767,#1768,#1769));
#6961=EDGE_LOOP('',(#1770,#1771,#1772,#1773));
#6962=EDGE_LOOP('',(#1774,#1775,#1776,#1777));
#6963=EDGE_LOOP('',(#1778,#1779,#1780,#1781));
#6964=EDGE_LOOP('',(#1782,#1783,#1784,#1785));
#6965=EDGE_LOOP('',(#1786,#1787,#1788,#1789));
#6966=EDGE_LOOP('',(#1790,#1791,#1792,#1793));
#6967=EDGE_LOOP('',(#1794,#1795,#1796,#1797,#1798,#1799,#1800,#1801,#1802,
#1803,#1804,#1805,#1806,#1807,#1808,#1809,#1810,#1811,#1812,#1813,#1814,
#1815,#1816,#1817));
#6968=EDGE_LOOP('',(#1818,#1819,#1820,#1821));
#6969=EDGE_LOOP('',(#1822,#1823,#1824,#1825));
#6970=EDGE_LOOP('',(#1826,#1827,#1828,#1829));
#6971=EDGE_LOOP('',(#1830,#1831,#1832,#1833));
#6972=EDGE_LOOP('',(#1834,#1835,#1836,#1837));
#6973=EDGE_LOOP('',(#1838,#1839,#1840,#1841));
#6974=EDGE_LOOP('',(#1842,#1843,#1844,#1845));
#6975=EDGE_LOOP('',(#1846,#1847,#1848,#1849));
#6976=EDGE_LOOP('',(#1850,#1851,#1852,#1853));
#6977=EDGE_LOOP('',(#1854,#1855,#1856,#1857));
#6978=EDGE_LOOP('',(#1858,#1859,#1860,#1861));
#6979=EDGE_LOOP('',(#1862,#1863,#1864,#1865));
#6980=EDGE_LOOP('',(#1866,#1867,#1868,#1869));
#6981=EDGE_LOOP('',(#1870,#1871,#1872,#1873));
#6982=EDGE_LOOP('',(#1874,#1875,#1876,#1877));
#6983=EDGE_LOOP('',(#1878,#1879,#1880,#1881));
#6984=EDGE_LOOP('',(#1882,#1883,#1884,#1885));
#6985=EDGE_LOOP('',(#1886,#1887,#1888,#1889));
#6986=EDGE_LOOP('',(#1890,#1891,#1892,#1893));
#6987=EDGE_LOOP('',(#1894,#1895,#1896,#1897));
#6988=EDGE_LOOP('',(#1898,#1899,#1900,#1901));
#6989=EDGE_LOOP('',(#1902,#1903,#1904,#1905));
#6990=EDGE_LOOP('',(#1906,#1907,#1908,#1909));
#6991=EDGE_LOOP('',(#1910,#1911,#1912,#1913));
#6992=EDGE_LOOP('',(#1914,#1915,#1916,#1917));
#6993=EDGE_LOOP('',(#1918,#1919,#1920,#1921));
#6994=EDGE_LOOP('',(#1922,#1923,#1924,#1925));
#6995=EDGE_LOOP('',(#1926,#1927,#1928,#1929));
#6996=EDGE_LOOP('',(#1930,#1931,#1932,#1933));
#6997=EDGE_LOOP('',(#1934,#1935,#1936,#1937));
#6998=EDGE_LOOP('',(#1938,#1939,#1940,#1941));
#6999=EDGE_LOOP('',(#1942,#1943,#1944,#1945));
#7000=EDGE_LOOP('',(#1946,#1947,#1948,#1949));
#7001=EDGE_LOOP('',(#1950,#1951,#1952,#1953));
#7002=EDGE_LOOP('',(#1954,#1955,#1956,#1957));
#7003=EDGE_LOOP('',(#1958,#1959,#1960,#1961));
#7004=EDGE_LOOP('',(#1962,#1963,#1964,#1965));
#7005=EDGE_LOOP('',(#1966,#1967,#1968,#1969));
#7006=EDGE_LOOP('',(#1970,#1971,#1972,#1973));
#7007=EDGE_LOOP('',(#1974,#1975,#1976,#1977));
#7008=EDGE_LOOP('',(#1978,#1979,#1980,#1981));
#7009=EDGE_LOOP('',(#1982,#1983,#1984,#1985));
#7010=EDGE_LOOP('',(#1986,#1987,#1988,#1989));
#7011=EDGE_LOOP('',(#1990,#1991,#1992,#1993));
#7012=EDGE_LOOP('',(#1994,#1995,#1996,#1997));
#7013=EDGE_LOOP('',(#1998,#1999,#2000,#2001));
#7014=EDGE_LOOP('',(#2002,#2003,#2004,#2005));
#7015=EDGE_LOOP('',(#2006,#2007,#2008,#2009));
#7016=EDGE_LOOP('',(#2010,#2011,#2012,#2013));
#7017=EDGE_LOOP('',(#2014,#2015,#2016,#2017));
#7018=EDGE_LOOP('',(#2018,#2019,#2020,#2021));
#7019=EDGE_LOOP('',(#2022,#2023,#2024,#2025));
#7020=EDGE_LOOP('',(#2026,#2027,#2028,#2029));
#7021=EDGE_LOOP('',(#2030,#2031,#2032,#2033));
#7022=EDGE_LOOP('',(#2034,#2035,#2036,#2037));
#7023=EDGE_LOOP('',(#2038,#2039,#2040,#2041));
#7024=EDGE_LOOP('',(#2042,#2043,#2044,#2045));
#7025=EDGE_LOOP('',(#2046,#2047,#2048,#2049));
#7026=EDGE_LOOP('',(#2050,#2051,#2052,#2053));
#7027=EDGE_LOOP('',(#2054,#2055,#2056,#2057));
#7028=EDGE_LOOP('',(#2058,#2059,#2060,#2061));
#7029=EDGE_LOOP('',(#2062,#2063,#2064,#2065));
#7030=EDGE_LOOP('',(#2066,#2067,#2068,#2069));
#7031=EDGE_LOOP('',(#2070,#2071,#2072,#2073));
#7032=EDGE_LOOP('',(#2074,#2075,#2076,#2077));
#7033=EDGE_LOOP('',(#2078,#2079,#2080,#2081));
#7034=EDGE_LOOP('',(#2082,#2083,#2084,#2085));
#7035=EDGE_LOOP('',(#2086,#2087,#2088,#2089));
#7036=EDGE_LOOP('',(#2090,#2091,#2092,#2093));
#7037=EDGE_LOOP('',(#2094,#2095,#2096,#2097));
#7038=EDGE_LOOP('',(#2098,#2099,#2100,#2101));
#7039=EDGE_LOOP('',(#2102,#2103,#2104,#2105));
#7040=EDGE_LOOP('',(#2106,#2107,#2108,#2109));
#7041=EDGE_LOOP('',(#2110,#2111,#2112,#2113));
#7042=EDGE_LOOP('',(#2114,#2115,#2116,#2117));
#7043=EDGE_LOOP('',(#2118,#2119,#2120,#2121));
#7044=EDGE_LOOP('',(#2122,#2123,#2124,#2125));
#7045=EDGE_LOOP('',(#2126,#2127,#2128,#2129));
#7046=EDGE_LOOP('',(#2130,#2131,#2132,#2133));
#7047=EDGE_LOOP('',(#2134,#2135,#2136,#2137));
#7048=EDGE_LOOP('',(#2138,#2139,#2140,#2141));
#7049=EDGE_LOOP('',(#2142,#2143,#2144,#2145));
#7050=EDGE_LOOP('',(#2146,#2147,#2148,#2149));
#7051=EDGE_LOOP('',(#2150,#2151,#2152,#2153));
#7052=EDGE_LOOP('',(#2154,#2155,#2156,#2157));
#7053=EDGE_LOOP('',(#2158,#2159,#2160,#2161));
#7054=EDGE_LOOP('',(#2162,#2163,#2164,#2165));
#7055=EDGE_LOOP('',(#2166,#2167,#2168,#2169));
#7056=EDGE_LOOP('',(#2170,#2171,#2172,#2173));
#7057=EDGE_LOOP('',(#2174,#2175,#2176,#2177));
#7058=EDGE_LOOP('',(#2178,#2179,#2180,#2181));
#7059=EDGE_LOOP('',(#2182,#2183,#2184,#2185));
#7060=EDGE_LOOP('',(#2186,#2187,#2188,#2189));
#7061=EDGE_LOOP('',(#2190,#2191,#2192,#2193));
#7062=EDGE_LOOP('',(#2194,#2195,#2196,#2197));
#7063=EDGE_LOOP('',(#2198,#2199,#2200,#2201));
#7064=EDGE_LOOP('',(#2202,#2203,#2204,#2205));
#7065=EDGE_LOOP('',(#2206,#2207,#2208,#2209));
#7066=EDGE_LOOP('',(#2210,#2211,#2212,#2213));
#7067=EDGE_LOOP('',(#2214,#2215,#2216,#2217));
#7068=EDGE_LOOP('',(#2218,#2219,#2220,#2221));
#7069=EDGE_LOOP('',(#2222,#2223,#2224,#2225));
#7070=EDGE_LOOP('',(#2226,#2227,#2228,#2229));
#7071=EDGE_LOOP('',(#2230,#2231,#2232,#2233));
#7072=EDGE_LOOP('',(#2234,#2235,#2236,#2237));
#7073=EDGE_LOOP('',(#2238,#2239,#2240,#2241));
#7074=EDGE_LOOP('',(#2242,#2243,#2244,#2245));
#7075=EDGE_LOOP('',(#2246,#2247,#2248,#2249));
#7076=EDGE_LOOP('',(#2250,#2251,#2252,#2253));
#7077=EDGE_LOOP('',(#2254,#2255,#2256,#2257));
#7078=EDGE_LOOP('',(#2258,#2259,#2260,#2261));
#7079=EDGE_LOOP('',(#2262,#2263,#2264,#2265));
#7080=EDGE_LOOP('',(#2266,#2267,#2268,#2269));
#7081=EDGE_LOOP('',(#2270,#2271,#2272,#2273));
#7082=EDGE_LOOP('',(#2274,#2275,#2276,#2277));
#7083=EDGE_LOOP('',(#2278,#2279,#2280,#2281));
#7084=EDGE_LOOP('',(#2282,#2283,#2284,#2285));
#7085=EDGE_LOOP('',(#2286,#2287,#2288,#2289));
#7086=EDGE_LOOP('',(#2290,#2291,#2292,#2293));
#7087=EDGE_LOOP('',(#2294,#2295,#2296,#2297));
#7088=EDGE_LOOP('',(#2298,#2299,#2300,#2301));
#7089=EDGE_LOOP('',(#2302,#2303,#2304,#2305));
#7090=EDGE_LOOP('',(#2306,#2307,#2308,#2309));
#7091=EDGE_LOOP('',(#2310,#2311,#2312,#2313));
#7092=EDGE_LOOP('',(#2314,#2315,#2316,#2317));
#7093=EDGE_LOOP('',(#2318,#2319,#2320,#2321));
#7094=EDGE_LOOP('',(#2322,#2323,#2324,#2325));
#7095=EDGE_LOOP('',(#2326,#2327,#2328,#2329));
#7096=EDGE_LOOP('',(#2330,#2331,#2332,#2333));
#7097=EDGE_LOOP('',(#2334,#2335,#2336,#2337));
#7098=EDGE_LOOP('',(#2338,#2339,#2340,#2341));
#7099=EDGE_LOOP('',(#2342,#2343,#2344,#2345));
#7100=EDGE_LOOP('',(#2346,#2347,#2348,#2349));
#7101=EDGE_LOOP('',(#2350,#2351,#2352,#2353));
#7102=EDGE_LOOP('',(#2354,#2355,#2356,#2357));
#7103=EDGE_LOOP('',(#2358,#2359,#2360,#2361));
#7104=EDGE_LOOP('',(#2362,#2363,#2364,#2365));
#7105=EDGE_LOOP('',(#2366,#2367,#2368,#2369));
#7106=EDGE_LOOP('',(#2370,#2371,#2372,#2373));
#7107=EDGE_LOOP('',(#2374,#2375,#2376,#2377));
#7108=EDGE_LOOP('',(#2378,#2379,#2380,#2381));
#7109=EDGE_LOOP('',(#2382,#2383,#2384,#2385));
#7110=EDGE_LOOP('',(#2386,#2387,#2388,#2389));
#7111=EDGE_LOOP('',(#2390,#2391,#2392,#2393));
#7112=EDGE_LOOP('',(#2394,#2395,#2396,#2397));
#7113=EDGE_LOOP('',(#2398,#2399,#2400,#2401));
#7114=EDGE_LOOP('',(#2402,#2403,#2404,#2405));
#7115=EDGE_LOOP('',(#2406,#2407,#2408,#2409));
#7116=EDGE_LOOP('',(#2410,#2411,#2412,#2413));
#7117=EDGE_LOOP('',(#2414,#2415,#2416,#2417));
#7118=EDGE_LOOP('',(#2418,#2419,#2420,#2421));
#7119=EDGE_LOOP('',(#2422,#2423,#2424,#2425));
#7120=EDGE_LOOP('',(#2426,#2427,#2428,#2429));
#7121=EDGE_LOOP('',(#2430,#2431,#2432,#2433));
#7122=EDGE_LOOP('',(#2434,#2435,#2436,#2437));
#7123=EDGE_LOOP('',(#2438,#2439,#2440,#2441));
#7124=EDGE_LOOP('',(#2442,#2443,#2444,#2445));
#7125=EDGE_LOOP('',(#2446,#2447,#2448,#2449));
#7126=EDGE_LOOP('',(#2450,#2451,#2452,#2453));
#7127=EDGE_LOOP('',(#2454,#2455,#2456,#2457));
#7128=EDGE_LOOP('',(#2458,#2459,#2460,#2461));
#7129=EDGE_LOOP('',(#2462,#2463,#2464,#2465));
#7130=EDGE_LOOP('',(#2466,#2467,#2468,#2469));
#7131=EDGE_LOOP('',(#2470,#2471,#2472,#2473));
#7132=EDGE_LOOP('',(#2474,#2475,#2476,#2477));
#7133=EDGE_LOOP('',(#2478,#2479,#2480,#2481));
#7134=EDGE_LOOP('',(#2482,#2483,#2484,#2485));
#7135=EDGE_LOOP('',(#2486,#2487,#2488,#2489,#2490,#2491,#2492,#2493));
#7136=FACE_BOUND('',#6614,.T.);
#7137=FACE_BOUND('',#6615,.T.);
#7138=FACE_BOUND('',#6616,.T.);
#7139=FACE_BOUND('',#6617,.T.);
#7140=FACE_BOUND('',#6618,.T.);
#7141=FACE_BOUND('',#6619,.T.);
#7142=FACE_BOUND('',#6620,.T.);
#7143=FACE_BOUND('',#6621,.T.);
#7144=FACE_BOUND('',#6622,.T.);
#7145=FACE_BOUND('',#6623,.T.);
#7146=FACE_BOUND('',#6624,.T.);
#7147=FACE_BOUND('',#6625,.T.);
#7148=FACE_BOUND('',#6626,.T.);
#7149=FACE_BOUND('',#6627,.T.);
#7150=FACE_BOUND('',#6628,.T.);
#7151=FACE_BOUND('',#6629,.T.);
#7152=FACE_BOUND('',#6630,.T.);
#7153=FACE_BOUND('',#6631,.T.);
#7154=FACE_BOUND('',#6632,.T.);
#7155=FACE_BOUND('',#6633,.T.);
#7156=FACE_BOUND('',#6634,.T.);
#7157=FACE_BOUND('',#6635,.T.);
#7158=FACE_BOUND('',#6636,.T.);
#7159=FACE_BOUND('',#6637,.T.);
#7160=FACE_BOUND('',#6638,.T.);
#7161=FACE_BOUND('',#6639,.T.);
#7162=FACE_BOUND('',#6640,.T.);
#7163=FACE_BOUND('',#6641,.T.);
#7164=FACE_BOUND('',#6642,.T.);
#7165=FACE_BOUND('',#6643,.T.);
#7166=FACE_BOUND('',#6644,.T.);
#7167=FACE_BOUND('',#6645,.T.);
#7168=FACE_BOUND('',#6646,.T.);
#7169=FACE_BOUND('',#6647,.T.);
#7170=FACE_BOUND('',#6648,.T.);
#7171=FACE_BOUND('',#6649,.T.);
#7172=FACE_BOUND('',#6650,.T.);
#7173=FACE_BOUND('',#6651,.T.);
#7174=FACE_BOUND('',#6652,.T.);
#7175=FACE_BOUND('',#6653,.T.);
#7176=FACE_BOUND('',#6654,.T.);
#7177=FACE_BOUND('',#6655,.T.);
#7178=FACE_BOUND('',#6656,.T.);
#7179=FACE_BOUND('',#6657,.T.);
#7180=FACE_BOUND('',#6658,.T.);
#7181=FACE_BOUND('',#6659,.T.);
#7182=FACE_BOUND('',#6660,.T.);
#7183=FACE_BOUND('',#6661,.T.);
#7184=FACE_BOUND('',#6662,.T.);
#7185=FACE_BOUND('',#6663,.T.);
#7186=FACE_BOUND('',#6664,.T.);
#7187=FACE_BOUND('',#6665,.T.);
#7188=FACE_BOUND('',#6666,.T.);
#7189=FACE_BOUND('',#6667,.T.);
#7190=FACE_BOUND('',#6668,.T.);
#7191=FACE_BOUND('',#6669,.T.);
#7192=FACE_BOUND('',#6670,.T.);
#7193=FACE_BOUND('',#6671,.T.);
#7194=FACE_BOUND('',#6672,.T.);
#7195=FACE_BOUND('',#6673,.T.);
#7196=FACE_BOUND('',#6674,.T.);
#7197=FACE_BOUND('',#6675,.T.);
#7198=FACE_BOUND('',#6676,.T.);
#7199=FACE_BOUND('',#6677,.T.);
#7200=FACE_BOUND('',#6678,.T.);
#7201=FACE_BOUND('',#6679,.T.);
#7202=FACE_BOUND('',#6680,.T.);
#7203=FACE_BOUND('',#6681,.T.);
#7204=FACE_BOUND('',#6682,.T.);
#7205=FACE_BOUND('',#6683,.T.);
#7206=FACE_BOUND('',#6684,.T.);
#7207=FACE_BOUND('',#6685,.T.);
#7208=FACE_BOUND('',#6686,.T.);
#7209=FACE_BOUND('',#6687,.T.);
#7210=FACE_BOUND('',#6688,.T.);
#7211=FACE_BOUND('',#6689,.T.);
#7212=FACE_BOUND('',#6690,.T.);
#7213=FACE_BOUND('',#6691,.T.);
#7214=FACE_BOUND('',#6692,.T.);
#7215=FACE_BOUND('',#6693,.T.);
#7216=FACE_BOUND('',#6694,.T.);
#7217=FACE_BOUND('',#6695,.T.);
#7218=FACE_BOUND('',#6696,.T.);
#7219=FACE_BOUND('',#6697,.T.);
#7220=FACE_BOUND('',#6698,.T.);
#7221=FACE_BOUND('',#6699,.T.);
#7222=FACE_BOUND('',#6700,.T.);
#7223=FACE_BOUND('',#6701,.T.);
#7224=FACE_BOUND('',#6702,.T.);
#7225=FACE_BOUND('',#6703,.T.);
#7226=FACE_BOUND('',#6704,.T.);
#7227=FACE_BOUND('',#6705,.T.);
#7228=FACE_BOUND('',#6706,.T.);
#7229=FACE_BOUND('',#6707,.T.);
#7230=FACE_BOUND('',#6708,.T.);
#7231=FACE_BOUND('',#6709,.T.);
#7232=FACE_BOUND('',#6710,.T.);
#7233=FACE_BOUND('',#6711,.T.);
#7234=FACE_BOUND('',#6712,.T.);
#7235=FACE_BOUND('',#6713,.T.);
#7236=FACE_BOUND('',#6714,.T.);
#7237=FACE_BOUND('',#6715,.T.);
#7238=FACE_BOUND('',#6716,.T.);
#7239=FACE_BOUND('',#6717,.T.);
#7240=FACE_BOUND('',#6718,.T.);
#7241=FACE_BOUND('',#6719,.T.);
#7242=FACE_BOUND('',#6720,.T.);
#7243=FACE_BOUND('',#6721,.T.);
#7244=FACE_BOUND('',#6722,.T.);
#7245=FACE_BOUND('',#6723,.T.);
#7246=FACE_BOUND('',#6724,.T.);
#7247=FACE_BOUND('',#6725,.T.);
#7248=FACE_BOUND('',#6726,.T.);
#7249=FACE_BOUND('',#6727,.T.);
#7250=FACE_BOUND('',#6728,.T.);
#7251=FACE_BOUND('',#6729,.T.);
#7252=FACE_BOUND('',#6730,.T.);
#7253=FACE_BOUND('',#6731,.T.);
#7254=FACE_BOUND('',#6732,.T.);
#7255=FACE_BOUND('',#6733,.T.);
#7256=FACE_BOUND('',#6734,.T.);
#7257=FACE_BOUND('',#6735,.T.);
#7258=FACE_BOUND('',#6736,.T.);
#7259=FACE_BOUND('',#6737,.T.);
#7260=FACE_BOUND('',#6738,.T.);
#7261=FACE_BOUND('',#6739,.T.);
#7262=FACE_BOUND('',#6740,.T.);
#7263=FACE_BOUND('',#6741,.T.);
#7264=FACE_BOUND('',#6742,.T.);
#7265=FACE_BOUND('',#6743,.T.);
#7266=FACE_BOUND('',#6744,.T.);
#7267=FACE_BOUND('',#6745,.T.);
#7268=FACE_BOUND('',#6746,.T.);
#7269=FACE_BOUND('',#6747,.T.);
#7270=FACE_BOUND('',#6748,.T.);
#7271=FACE_BOUND('',#6749,.T.);
#7272=FACE_BOUND('',#6750,.T.);
#7273=FACE_BOUND('',#6751,.T.);
#7274=FACE_BOUND('',#6752,.T.);
#7275=FACE_BOUND('',#6753,.T.);
#7276=FACE_BOUND('',#6754,.T.);
#7277=FACE_BOUND('',#6755,.T.);
#7278=FACE_BOUND('',#6756,.T.);
#7279=FACE_BOUND('',#6757,.T.);
#7280=FACE_BOUND('',#6758,.T.);
#7281=FACE_BOUND('',#6759,.T.);
#7282=FACE_BOUND('',#6760,.T.);
#7283=FACE_BOUND('',#6761,.T.);
#7284=FACE_BOUND('',#6762,.T.);
#7285=FACE_BOUND('',#6763,.T.);
#7286=FACE_BOUND('',#6764,.T.);
#7287=FACE_BOUND('',#6765,.T.);
#7288=FACE_BOUND('',#6766,.T.);
#7289=FACE_BOUND('',#6767,.T.);
#7290=FACE_BOUND('',#6768,.T.);
#7291=FACE_BOUND('',#6769,.T.);
#7292=FACE_BOUND('',#6770,.T.);
#7293=FACE_BOUND('',#6771,.T.);
#7294=FACE_BOUND('',#6772,.T.);
#7295=FACE_BOUND('',#6773,.T.);
#7296=FACE_BOUND('',#6774,.T.);
#7297=FACE_BOUND('',#6775,.T.);
#7298=FACE_BOUND('',#6776,.T.);
#7299=FACE_BOUND('',#6777,.T.);
#7300=FACE_BOUND('',#6778,.T.);
#7301=FACE_BOUND('',#6779,.T.);
#7302=FACE_BOUND('',#6780,.T.);
#7303=FACE_BOUND('',#6781,.T.);
#7304=FACE_BOUND('',#6782,.T.);
#7305=FACE_BOUND('',#6783,.T.);
#7306=FACE_BOUND('',#6784,.T.);
#7307=FACE_BOUND('',#6785,.T.);
#7308=FACE_BOUND('',#6786,.T.);
#7309=FACE_BOUND('',#6787,.T.);
#7310=FACE_BOUND('',#6788,.T.);
#7311=FACE_BOUND('',#6789,.T.);
#7312=FACE_BOUND('',#6790,.T.);
#7313=FACE_BOUND('',#6791,.T.);
#7314=FACE_BOUND('',#6792,.T.);
#7315=FACE_BOUND('',#6793,.T.);
#7316=FACE_BOUND('',#6794,.T.);
#7317=FACE_BOUND('',#6795,.T.);
#7318=FACE_BOUND('',#6796,.T.);
#7319=FACE_BOUND('',#6797,.T.);
#7320=FACE_BOUND('',#6798,.T.);
#7321=FACE_BOUND('',#6799,.T.);
#7322=FACE_BOUND('',#6800,.T.);
#7323=FACE_BOUND('',#6801,.T.);
#7324=FACE_BOUND('',#6802,.T.);
#7325=FACE_BOUND('',#6803,.T.);
#7326=FACE_BOUND('',#6804,.T.);
#7327=FACE_BOUND('',#6805,.T.);
#7328=FACE_BOUND('',#6806,.T.);
#7329=FACE_BOUND('',#6807,.T.);
#7330=FACE_BOUND('',#6808,.T.);
#7331=FACE_BOUND('',#6809,.T.);
#7332=FACE_BOUND('',#6810,.T.);
#7333=FACE_BOUND('',#6811,.T.);
#7334=FACE_BOUND('',#6812,.T.);
#7335=FACE_BOUND('',#6813,.T.);
#7336=FACE_BOUND('',#6814,.T.);
#7337=FACE_BOUND('',#6815,.T.);
#7338=FACE_BOUND('',#6816,.T.);
#7339=FACE_BOUND('',#6817,.T.);
#7340=FACE_BOUND('',#6818,.T.);
#7341=FACE_BOUND('',#6819,.T.);
#7342=FACE_BOUND('',#6820,.T.);
#7343=FACE_BOUND('',#6821,.T.);
#7344=FACE_BOUND('',#6822,.T.);
#7345=FACE_BOUND('',#6823,.T.);
#7346=FACE_BOUND('',#6824,.T.);
#7347=FACE_BOUND('',#6825,.T.);
#7348=FACE_BOUND('',#6826,.T.);
#7349=FACE_BOUND('',#6827,.T.);
#7350=FACE_BOUND('',#6828,.T.);
#7351=FACE_BOUND('',#6829,.T.);
#7352=FACE_BOUND('',#6830,.T.);
#7353=FACE_BOUND('',#6831,.T.);
#7354=FACE_BOUND('',#6832,.T.);
#7355=FACE_BOUND('',#6833,.T.);
#7356=FACE_BOUND('',#6834,.T.);
#7357=FACE_BOUND('',#6835,.T.);
#7358=FACE_BOUND('',#6836,.T.);
#7359=FACE_BOUND('',#6837,.T.);
#7360=FACE_BOUND('',#6838,.T.);
#7361=FACE_BOUND('',#6839,.T.);
#7362=FACE_BOUND('',#6840,.T.);
#7363=FACE_BOUND('',#6841,.T.);
#7364=FACE_BOUND('',#6842,.T.);
#7365=FACE_BOUND('',#6843,.T.);
#7366=FACE_BOUND('',#6844,.T.);
#7367=FACE_BOUND('',#6845,.T.);
#7368=FACE_BOUND('',#6846,.T.);
#7369=FACE_BOUND('',#6847,.T.);
#7370=FACE_BOUND('',#6848,.T.);
#7371=FACE_BOUND('',#6849,.T.);
#7372=FACE_BOUND('',#6850,.T.);
#7373=FACE_BOUND('',#6851,.T.);
#7374=FACE_BOUND('',#6852,.T.);
#7375=FACE_BOUND('',#6853,.T.);
#7376=FACE_BOUND('',#6854,.T.);
#7377=FACE_BOUND('',#6855,.T.);
#7378=FACE_BOUND('',#6856,.T.);
#7379=FACE_BOUND('',#6857,.T.);
#7380=FACE_BOUND('',#6858,.T.);
#7381=FACE_BOUND('',#6859,.T.);
#7382=FACE_BOUND('',#6860,.T.);
#7383=FACE_BOUND('',#6861,.T.);
#7384=FACE_BOUND('',#6862,.T.);
#7385=FACE_BOUND('',#6863,.T.);
#7386=FACE_BOUND('',#6864,.T.);
#7387=FACE_BOUND('',#6865,.T.);
#7388=FACE_BOUND('',#6866,.T.);
#7389=FACE_BOUND('',#6867,.T.);
#7390=FACE_BOUND('',#6868,.T.);
#7391=FACE_BOUND('',#6869,.T.);
#7392=FACE_BOUND('',#6870,.T.);
#7393=FACE_BOUND('',#6871,.T.);
#7394=FACE_BOUND('',#6872,.T.);
#7395=FACE_BOUND('',#6873,.T.);
#7396=FACE_BOUND('',#6874,.T.);
#7397=FACE_BOUND('',#6875,.T.);
#7398=FACE_BOUND('',#6876,.T.);
#7399=FACE_BOUND('',#6877,.T.);
#7400=FACE_BOUND('',#6878,.T.);
#7401=FACE_BOUND('',#6879,.T.);
#7402=FACE_BOUND('',#6880,.T.);
#7403=FACE_BOUND('',#6881,.T.);
#7404=FACE_BOUND('',#6882,.T.);
#7405=FACE_BOUND('',#6883,.T.);
#7406=FACE_BOUND('',#6884,.T.);
#7407=FACE_BOUND('',#6885,.T.);
#7408=FACE_BOUND('',#6886,.T.);
#7409=FACE_BOUND('',#6887,.T.);
#7410=FACE_BOUND('',#6888,.T.);
#7411=FACE_BOUND('',#6889,.T.);
#7412=FACE_BOUND('',#6890,.T.);
#7413=FACE_BOUND('',#6891,.T.);
#7414=FACE_BOUND('',#6892,.T.);
#7415=FACE_BOUND('',#6893,.T.);
#7416=FACE_BOUND('',#6894,.T.);
#7417=FACE_BOUND('',#6895,.T.);
#7418=FACE_BOUND('',#6896,.T.);
#7419=FACE_BOUND('',#6897,.T.);
#7420=FACE_BOUND('',#6898,.T.);
#7421=FACE_BOUND('',#6899,.T.);
#7422=FACE_BOUND('',#6900,.T.);
#7423=FACE_BOUND('',#6901,.T.);
#7424=FACE_BOUND('',#6902,.T.);
#7425=FACE_BOUND('',#6903,.T.);
#7426=FACE_BOUND('',#6904,.T.);
#7427=FACE_BOUND('',#6905,.T.);
#7428=FACE_BOUND('',#6906,.T.);
#7429=FACE_BOUND('',#6907,.T.);
#7430=FACE_BOUND('',#6908,.T.);
#7431=FACE_BOUND('',#6909,.T.);
#7432=FACE_BOUND('',#6910,.T.);
#7433=FACE_BOUND('',#6911,.T.);
#7434=FACE_BOUND('',#6912,.T.);
#7435=FACE_BOUND('',#6913,.T.);
#7436=FACE_BOUND('',#6914,.T.);
#7437=FACE_BOUND('',#6915,.T.);
#7438=FACE_BOUND('',#6916,.T.);
#7439=FACE_BOUND('',#6917,.T.);
#7440=FACE_BOUND('',#6918,.T.);
#7441=FACE_BOUND('',#6919,.T.);
#7442=FACE_BOUND('',#6920,.T.);
#7443=FACE_BOUND('',#6921,.T.);
#7444=FACE_BOUND('',#6922,.T.);
#7445=FACE_BOUND('',#6923,.T.);
#7446=FACE_BOUND('',#6924,.T.);
#7447=FACE_BOUND('',#6925,.T.);
#7448=FACE_BOUND('',#6926,.T.);
#7449=FACE_BOUND('',#6927,.T.);
#7450=FACE_BOUND('',#6928,.T.);
#7451=FACE_BOUND('',#6929,.T.);
#7452=FACE_BOUND('',#6930,.T.);
#7453=FACE_BOUND('',#6931,.T.);
#7454=FACE_BOUND('',#6932,.T.);
#7455=FACE_BOUND('',#6933,.T.);
#7456=FACE_BOUND('',#6934,.T.);
#7457=FACE_BOUND('',#6935,.T.);
#7458=FACE_BOUND('',#6936,.T.);
#7459=FACE_BOUND('',#6937,.T.);
#7460=FACE_BOUND('',#6938,.T.);
#7461=FACE_BOUND('',#6939,.T.);
#7462=FACE_BOUND('',#6940,.T.);
#7463=FACE_BOUND('',#6941,.T.);
#7464=FACE_BOUND('',#6942,.T.);
#7465=FACE_BOUND('',#6943,.T.);
#7466=FACE_BOUND('',#6944,.T.);
#7467=FACE_BOUND('',#6945,.T.);
#7468=FACE_BOUND('',#6946,.T.);
#7469=FACE_BOUND('',#6947,.T.);
#7470=FACE_BOUND('',#6948,.T.);
#7471=FACE_BOUND('',#6949,.T.);
#7472=FACE_BOUND('',#6950,.T.);
#7473=FACE_BOUND('',#6951,.T.);
#7474=FACE_BOUND('',#6952,.T.);
#7475=FACE_BOUND('',#6953,.T.);
#7476=FACE_BOUND('',#6954,.T.);
#7477=FACE_BOUND('',#6955,.T.);
#7478=FACE_BOUND('',#6956,.T.);
#7479=FACE_BOUND('',#6957,.T.);
#7480=FACE_BOUND('',#6958,.T.);
#7481=FACE_BOUND('',#6959,.T.);
#7482=FACE_BOUND('',#6960,.T.);
#7483=FACE_BOUND('',#6961,.T.);
#7484=FACE_BOUND('',#6962,.T.);
#7485=FACE_BOUND('',#6963,.T.);
#7486=FACE_BOUND('',#6964,.T.);
#7487=FACE_BOUND('',#6965,.T.);
#7488=FACE_BOUND('',#6966,.T.);
#7489=FACE_BOUND('',#6967,.T.);
#7490=FACE_BOUND('',#6968,.T.);
#7491=FACE_BOUND('',#6969,.T.);
#7492=FACE_BOUND('',#6970,.T.);
#7493=FACE_BOUND('',#6971,.T.);
#7494=FACE_BOUND('',#6972,.T.);
#7495=FACE_BOUND('',#6973,.T.);
#7496=FACE_BOUND('',#6974,.T.);
#7497=FACE_BOUND('',#6975,.T.);
#7498=FACE_BOUND('',#6976,.T.);
#7499=FACE_BOUND('',#6977,.T.);
#7500=FACE_BOUND('',#6978,.T.);
#7501=FACE_BOUND('',#6979,.T.);
#7502=FACE_BOUND('',#6980,.T.);
#7503=FACE_BOUND('',#6981,.T.);
#7504=FACE_BOUND('',#6982,.T.);
#7505=FACE_BOUND('',#6983,.T.);
#7506=FACE_BOUND('',#6984,.T.);
#7507=FACE_BOUND('',#6985,.T.);
#7508=FACE_BOUND('',#6986,.T.);
#7509=FACE_BOUND('',#6987,.T.);
#7510=FACE_BOUND('',#6988,.T.);
#7511=FACE_BOUND('',#6989,.T.);
#7512=FACE_BOUND('',#6990,.T.);
#7513=FACE_BOUND('',#6991,.T.);
#7514=FACE_BOUND('',#6992,.T.);
#7515=FACE_BOUND('',#6993,.T.);
#7516=FACE_BOUND('',#6994,.T.);
#7517=FACE_BOUND('',#6995,.T.);
#7518=FACE_BOUND('',#6996,.T.);
#7519=FACE_BOUND('',#6997,.T.);
#7520=FACE_BOUND('',#6998,.T.);
#7521=FACE_BOUND('',#6999,.T.);
#7522=FACE_BOUND('',#7000,.T.);
#7523=FACE_BOUND('',#7001,.T.);
#7524=FACE_BOUND('',#7002,.T.);
#7525=FACE_BOUND('',#7003,.T.);
#7526=FACE_BOUND('',#7004,.T.);
#7527=FACE_BOUND('',#7005,.T.);
#7528=FACE_BOUND('',#7006,.T.);
#7529=FACE_BOUND('',#7007,.T.);
#7530=FACE_BOUND('',#7008,.T.);
#7531=FACE_BOUND('',#7009,.T.);
#7532=FACE_BOUND('',#7010,.T.);
#7533=FACE_BOUND('',#7011,.T.);
#7534=FACE_BOUND('',#7012,.T.);
#7535=FACE_BOUND('',#7013,.T.);
#7536=FACE_BOUND('',#7014,.T.);
#7537=FACE_BOUND('',#7015,.T.);
#7538=FACE_BOUND('',#7016,.T.);
#7539=FACE_BOUND('',#7017,.T.);
#7540=FACE_BOUND('',#7018,.T.);
#7541=FACE_BOUND('',#7019,.T.);
#7542=FACE_BOUND('',#7020,.T.);
#7543=FACE_BOUND('',#7021,.T.);
#7544=FACE_BOUND('',#7022,.T.);
#7545=FACE_BOUND('',#7023,.T.);
#7546=FACE_BOUND('',#7024,.T.);
#7547=FACE_BOUND('',#7025,.T.);
#7548=FACE_BOUND('',#7026,.T.);
#7549=FACE_BOUND('',#7027,.T.);
#7550=FACE_BOUND('',#7028,.T.);
#7551=FACE_BOUND('',#7029,.T.);
#7552=FACE_BOUND('',#7030,.T.);
#7553=FACE_BOUND('',#7031,.T.);
#7554=FACE_BOUND('',#7032,.T.);
#7555=FACE_BOUND('',#7033,.T.);
#7556=FACE_BOUND('',#7034,.T.);
#7557=FACE_BOUND('',#7035,.T.);
#7558=FACE_BOUND('',#7036,.T.);
#7559=FACE_BOUND('',#7037,.T.);
#7560=FACE_BOUND('',#7038,.T.);
#7561=FACE_BOUND('',#7039,.T.);
#7562=FACE_BOUND('',#7040,.T.);
#7563=FACE_BOUND('',#7041,.T.);
#7564=FACE_BOUND('',#7042,.T.);
#7565=FACE_BOUND('',#7043,.T.);
#7566=FACE_BOUND('',#7044,.T.);
#7567=FACE_BOUND('',#7045,.T.);
#7568=FACE_BOUND('',#7046,.T.);
#7569=FACE_BOUND('',#7047,.T.);
#7570=FACE_BOUND('',#7048,.T.);
#7571=FACE_BOUND('',#7049,.T.);
#7572=FACE_BOUND('',#7050,.T.);
#7573=FACE_BOUND('',#7051,.T.);
#7574=FACE_BOUND('',#7052,.T.);
#7575=FACE_BOUND('',#7053,.T.);
#7576=FACE_BOUND('',#7054,.T.);
#7577=FACE_BOUND('',#7055,.T.);
#7578=FACE_BOUND('',#7056,.T.);
#7579=FACE_BOUND('',#7057,.T.);
#7580=FACE_BOUND('',#7058,.T.);
#7581=FACE_BOUND('',#7059,.T.);
#7582=FACE_BOUND('',#7060,.T.);
#7583=FACE_BOUND('',#7061,.T.);
#7584=FACE_BOUND('',#7062,.T.);
#7585=FACE_BOUND('',#7063,.T.);
#7586=FACE_BOUND('',#7064,.T.);
#7587=FACE_BOUND('',#7065,.T.);
#7588=FACE_BOUND('',#7066,.T.);
#7589=FACE_BOUND('',#7067,.T.);
#7590=FACE_BOUND('',#7068,.T.);
#7591=FACE_BOUND('',#7069,.T.);
#7592=FACE_BOUND('',#7070,.T.);
#7593=FACE_BOUND('',#7071,.T.);
#7594=FACE_BOUND('',#7072,.T.);
#7595=FACE_BOUND('',#7073,.T.);
#7596=FACE_BOUND('',#7074,.T.);
#7597=FACE_BOUND('',#7075,.T.);
#7598=FACE_BOUND('',#7076,.T.);
#7599=FACE_BOUND('',#7077,.T.);
#7600=FACE_BOUND('',#7078,.T.);
#7601=FACE_BOUND('',#7079,.T.);
#7602=FACE_BOUND('',#7080,.T.);
#7603=FACE_BOUND('',#7081,.T.);
#7604=FACE_BOUND('',#7082,.T.);
#7605=FACE_BOUND('',#7083,.T.);
#7606=FACE_BOUND('',#7084,.T.);
#7607=FACE_BOUND('',#7085,.T.);
#7608=FACE_BOUND('',#7086,.T.);
#7609=FACE_BOUND('',#7087,.T.);
#7610=FACE_BOUND('',#7088,.T.);
#7611=FACE_BOUND('',#7089,.T.);
#7612=FACE_BOUND('',#7090,.T.);
#7613=FACE_BOUND('',#7091,.T.);
#7614=FACE_BOUND('',#7092,.T.);
#7615=FACE_BOUND('',#7093,.T.);
#7616=FACE_BOUND('',#7094,.T.);
#7617=FACE_BOUND('',#7095,.T.);
#7618=FACE_BOUND('',#7096,.T.);
#7619=FACE_BOUND('',#7097,.T.);
#7620=FACE_BOUND('',#7098,.T.);
#7621=FACE_BOUND('',#7099,.T.);
#7622=FACE_BOUND('',#7100,.T.);
#7623=FACE_BOUND('',#7101,.T.);
#7624=FACE_BOUND('',#7102,.T.);
#7625=FACE_BOUND('',#7103,.T.);
#7626=FACE_BOUND('',#7104,.T.);
#7627=FACE_BOUND('',#7105,.T.);
#7628=FACE_BOUND('',#7106,.T.);
#7629=FACE_BOUND('',#7107,.T.);
#7630=FACE_BOUND('',#7108,.T.);
#7631=FACE_BOUND('',#7109,.T.);
#7632=FACE_BOUND('',#7110,.T.);
#7633=FACE_BOUND('',#7111,.T.);
#7634=FACE_BOUND('',#7112,.T.);
#7635=FACE_BOUND('',#7113,.T.);
#7636=FACE_BOUND('',#7114,.T.);
#7637=FACE_BOUND('',#7115,.T.);
#7638=FACE_BOUND('',#7116,.T.);
#7639=FACE_BOUND('',#7117,.T.);
#7640=FACE_BOUND('',#7118,.T.);
#7641=FACE_BOUND('',#7119,.T.);
#7642=FACE_BOUND('',#7120,.T.);
#7643=FACE_BOUND('',#7121,.T.);
#7644=FACE_BOUND('',#7122,.T.);
#7645=FACE_BOUND('',#7123,.T.);
#7646=FACE_BOUND('',#7124,.T.);
#7647=FACE_BOUND('',#7125,.T.);
#7648=FACE_BOUND('',#7126,.T.);
#7649=FACE_BOUND('',#7127,.T.);
#7650=FACE_BOUND('',#7128,.T.);
#7651=FACE_BOUND('',#7129,.T.);
#7652=FACE_BOUND('',#7130,.T.);
#7653=FACE_BOUND('',#7131,.T.);
#7654=FACE_BOUND('',#7132,.T.);
#7655=FACE_BOUND('',#7133,.T.);
#7656=FACE_BOUND('',#7134,.T.);
#7657=FACE_BOUND('',#7135,.T.);
#7658=PLANE('',#8563);
#7659=PLANE('',#8564);
#7660=PLANE('',#8565);
#7661=PLANE('',#8566);
#7662=PLANE('',#8567);
#7663=PLANE('',#8568);
#7664=PLANE('',#8569);
#7665=PLANE('',#8570);
#7666=PLANE('',#8571);
#7667=PLANE('',#8572);
#7668=PLANE('',#8573);
#7669=PLANE('',#8574);
#7670=PLANE('',#8575);
#7671=PLANE('',#8576);
#7672=PLANE('',#8577);
#7673=PLANE('',#8578);
#7674=PLANE('',#8579);
#7675=PLANE('',#8580);
#7676=PLANE('',#8581);
#7677=PLANE('',#8582);
#7678=PLANE('',#8583);
#7679=PLANE('',#8584);
#7680=PLANE('',#8585);
#7681=PLANE('',#8586);
#7682=PLANE('',#8587);
#7683=PLANE('',#8588);
#7684=PLANE('',#8589);
#7685=PLANE('',#8590);
#7686=PLANE('',#8591);
#7687=PLANE('',#8592);
#7688=PLANE('',#8593);
#7689=PLANE('',#8594);
#7690=PLANE('',#8595);
#7691=PLANE('',#8596);
#7692=PLANE('',#8597);
#7693=PLANE('',#8598);
#7694=PLANE('',#8599);
#7695=PLANE('',#8600);
#7696=PLANE('',#8601);
#7697=PLANE('',#8602);
#7698=PLANE('',#8603);
#7699=PLANE('',#8604);
#7700=PLANE('',#8605);
#7701=PLANE('',#8606);
#7702=PLANE('',#8607);
#7703=PLANE('',#8608);
#7704=PLANE('',#8609);
#7705=PLANE('',#8610);
#7706=PLANE('',#8611);
#7707=PLANE('',#8612);
#7708=PLANE('',#8613);
#7709=PLANE('',#8614);
#7710=PLANE('',#8615);
#7711=PLANE('',#8616);
#7712=PLANE('',#8617);
#7713=PLANE('',#8618);
#7714=PLANE('',#8619);
#7715=PLANE('',#8620);
#7716=PLANE('',#8621);
#7717=PLANE('',#8622);
#7718=PLANE('',#8623);
#7719=PLANE('',#8624);
#7720=PLANE('',#8625);
#7721=PLANE('',#8626);
#7722=PLANE('',#8627);
#7723=PLANE('',#8628);
#7724=PLANE('',#8629);
#7725=PLANE('',#8630);
#7726=PLANE('',#8631);
#7727=PLANE('',#8632);
#7728=PLANE('',#8633);
#7729=PLANE('',#8634);
#7730=PLANE('',#8635);
#7731=PLANE('',#8636);
#7732=PLANE('',#8637);
#7733=PLANE('',#8638);
#7734=PLANE('',#8639);
#7735=PLANE('',#8640);
#7736=PLANE('',#8641);
#7737=PLANE('',#8642);
#7738=PLANE('',#8643);
#7739=PLANE('',#8644);
#7740=PLANE('',#8645);
#7741=PLANE('',#8646);
#7742=PLANE('',#8647);
#7743=PLANE('',#8648);
#7744=PLANE('',#8649);
#7745=PLANE('',#8650);
#7746=PLANE('',#8651);
#7747=PLANE('',#8652);
#7748=PLANE('',#8653);
#7749=PLANE('',#8654);
#7750=PLANE('',#8655);
#7751=PLANE('',#8656);
#7752=PLANE('',#8657);
#7753=PLANE('',#8658);
#7754=PLANE('',#8659);
#7755=PLANE('',#8660);
#7756=PLANE('',#8662);
#7757=PLANE('',#8663);
#7758=PLANE('',#8664);
#7759=PLANE('',#8665);
#7760=PLANE('',#8670);
#7761=PLANE('',#8675);
#7762=PLANE('',#8676);
#7763=PLANE('',#8677);
#7764=PLANE('',#8678);
#7765=PLANE('',#8679);
#7766=PLANE('',#8680);
#7767=PLANE('',#8681);
#7768=PLANE('',#8682);
#7769=PLANE('',#8683);
#7770=PLANE('',#8684);
#7771=PLANE('',#8685);
#7772=PLANE('',#8686);
#7773=PLANE('',#8687);
#7774=PLANE('',#8688);
#7775=PLANE('',#8689);
#7776=PLANE('',#8690);
#7777=PLANE('',#8691);
#7778=PLANE('',#8692);
#7779=PLANE('',#8693);
#7780=PLANE('',#8694);
#7781=PLANE('',#8718);
#7782=PLANE('',#8719);
#7783=PLANE('',#8720);
#7784=PLANE('',#8721);
#7785=PLANE('',#8722);
#7786=PLANE('',#8723);
#7787=PLANE('',#8724);
#7788=PLANE('',#8725);
#7789=PLANE('',#8726);
#7790=PLANE('',#8727);
#7791=PLANE('',#8728);
#7792=PLANE('',#8729);
#7793=PLANE('',#8730);
#7794=PLANE('',#8731);
#7795=PLANE('',#8732);
#7796=PLANE('',#8733);
#7797=PLANE('',#8734);
#7798=PLANE('',#8761);
#7799=PLANE('',#8762);
#7800=PLANE('',#8763);
#7801=PLANE('',#8764);
#7802=PLANE('',#8765);
#7803=PLANE('',#8766);
#7804=PLANE('',#8767);
#7805=PLANE('',#8768);
#7806=PLANE('',#8769);
#7807=PLANE('',#8770);
#7808=PLANE('',#8771);
#7809=PLANE('',#8772);
#7810=PLANE('',#8773);
#7811=PLANE('',#8774);
#7812=PLANE('',#8775);
#7813=PLANE('',#8776);
#7814=PLANE('',#8777);
#7815=PLANE('',#8778);
#7816=PLANE('',#8779);
#7817=PLANE('',#8780);
#7818=PLANE('',#8781);
#7819=PLANE('',#8782);
#7820=PLANE('',#8783);
#7821=PLANE('',#8784);
#7822=PLANE('',#8785);
#7823=PLANE('',#8786);
#7824=PLANE('',#8787);
#7825=PLANE('',#8814);
#7826=PLANE('',#8815);
#7827=PLANE('',#8816);
#7828=PLANE('',#8817);
#7829=PLANE('',#8818);
#7830=PLANE('',#8819);
#7831=PLANE('',#8820);
#7832=PLANE('',#8821);
#7833=PLANE('',#8822);
#7834=PLANE('',#8823);
#7835=PLANE('',#8824);
#7836=PLANE('',#8825);
#7837=PLANE('',#8826);
#7838=PLANE('',#8827);
#7839=PLANE('',#8828);
#7840=PLANE('',#8829);
#7841=PLANE('',#8830);
#7842=PLANE('',#8854);
#7843=PLANE('',#8855);
#7844=PLANE('',#8856);
#7845=PLANE('',#8857);
#7846=PLANE('',#8858);
#7847=PLANE('',#8859);
#7848=PLANE('',#8860);
#7849=PLANE('',#8861);
#7850=PLANE('',#8862);
#7851=PLANE('',#8863);
#7852=PLANE('',#8866);
#7853=PLANE('',#8867);
#7854=PLANE('',#8870);
#7855=PLANE('',#8871);
#7856=PLANE('',#8872);
#7857=PLANE('',#8875);
#7858=PLANE('',#8876);
#7859=PLANE('',#8879);
#7860=PLANE('',#8880);
#7861=PLANE('',#8881);
#7862=PLANE('',#8882);
#7863=PLANE('',#8883);
#7864=PLANE('',#8884);
#7865=PLANE('',#8885);
#7866=PLANE('',#8886);
#7867=PLANE('',#8887);
#7868=PLANE('',#8888);
#7869=PLANE('',#8889);
#7870=PLANE('',#8890);
#7871=PLANE('',#8891);
#7872=PLANE('',#8892);
#7873=PLANE('',#8893);
#7874=PLANE('',#8894);
#7875=PLANE('',#8895);
#7876=PLANE('',#8896);
#7877=PLANE('',#8897);
#7878=PLANE('',#8898);
#7879=PLANE('',#8899);
#7880=PLANE('',#8900);
#7881=PLANE('',#8901);
#7882=PLANE('',#8902);
#7883=PLANE('',#8903);
#7884=PLANE('',#8904);
#7885=PLANE('',#8905);
#7886=PLANE('',#8906);
#7887=PLANE('',#8907);
#7888=PLANE('',#8908);
#7889=PLANE('',#8909);
#7890=PLANE('',#8910);
#7891=PLANE('',#8911);
#7892=PLANE('',#8912);
#7893=PLANE('',#8913);
#7894=PLANE('',#8914);
#7895=PLANE('',#8916);
#7896=PLANE('',#8917);
#7897=PLANE('',#8918);
#7898=PLANE('',#8919);
#7899=PLANE('',#8920);
#7900=PLANE('',#8921);
#7901=PLANE('',#8922);
#7902=PLANE('',#8923);
#7903=PLANE('',#8924);
#7904=PLANE('',#8925);
#7905=PLANE('',#8926);
#7906=PLANE('',#8927);
#7907=PLANE('',#8928);
#7908=PLANE('',#8929);
#7909=PLANE('',#8930);
#7910=PLANE('',#8931);
#7911=PLANE('',#8932);
#7912=PLANE('',#8933);
#7913=PLANE('',#8934);
#7914=PLANE('',#8935);
#7915=PLANE('',#8936);
#7916=PLANE('',#8937);
#7917=PLANE('',#8938);
#7918=PLANE('',#8939);
#7919=PLANE('',#8940);
#7920=PLANE('',#8941);
#7921=PLANE('',#8942);
#7922=PLANE('',#8943);
#7923=PLANE('',#8944);
#7924=PLANE('',#8945);
#7925=PLANE('',#8946);
#7926=PLANE('',#8947);
#7927=PLANE('',#8948);
#7928=PLANE('',#8949);
#7929=PLANE('',#8950);
#7930=PLANE('',#8951);
#7931=PLANE('',#8952);
#7932=PLANE('',#8953);
#7933=PLANE('',#8954);
#7934=PLANE('',#8955);
#7935=PLANE('',#8956);
#7936=PLANE('',#8957);
#7937=PLANE('',#8958);
#7938=PLANE('',#8959);
#7939=PLANE('',#8960);
#7940=PLANE('',#8961);
#7941=PLANE('',#8962);
#7942=PLANE('',#8963);
#7943=PLANE('',#8964);
#7944=PLANE('',#8965);
#7945=PLANE('',#8966);
#7946=PLANE('',#8967);
#7947=PLANE('',#8968);
#7948=PLANE('',#8969);
#7949=PLANE('',#8970);
#7950=PLANE('',#8971);
#7951=PLANE('',#8972);
#7952=PLANE('',#8973);
#7953=PLANE('',#8974);
#7954=PLANE('',#8975);
#7955=PLANE('',#8976);
#7956=PLANE('',#8977);
#7957=PLANE('',#8978);
#7958=PLANE('',#8979);
#7959=PLANE('',#8980);
#7960=PLANE('',#8981);
#7961=PLANE('',#8982);
#7962=PLANE('',#8983);
#7963=PLANE('',#8984);
#7964=PLANE('',#8985);
#7965=PLANE('',#8986);
#7966=PLANE('',#8987);
#7967=PLANE('',#8988);
#7968=PLANE('',#8989);
#7969=PLANE('',#8990);
#7970=PLANE('',#8991);
#7971=PLANE('',#8992);
#7972=PLANE('',#8993);
#7973=PLANE('',#8994);
#7974=PLANE('',#8995);
#7975=PLANE('',#8996);
#7976=PLANE('',#8997);
#7977=PLANE('',#8998);
#7978=PLANE('',#8999);
#7979=PLANE('',#9000);
#7980=PLANE('',#9001);
#7981=PLANE('',#9002);
#7982=PLANE('',#9003);
#7983=PLANE('',#9004);
#7984=PLANE('',#9005);
#7985=PLANE('',#9006);
#7986=PLANE('',#9007);
#7987=PLANE('',#9008);
#7988=PLANE('',#9009);
#7989=PLANE('',#9010);
#7990=PLANE('',#9011);
#7991=PLANE('',#9012);
#7992=PLANE('',#9013);
#7993=PLANE('',#9014);
#7994=PLANE('',#9015);
#7995=PLANE('',#9016);
#7996=PLANE('',#9017);
#7997=PLANE('',#9018);
#7998=PLANE('',#9019);
#7999=PLANE('',#9020);
#8000=PLANE('',#9021);
#8001=PLANE('',#9022);
#8002=PLANE('',#9023);
#8003=PLANE('',#9024);
#8004=PLANE('',#9025);
#8005=PLANE('',#9026);
#8006=PLANE('',#9027);
#8007=PLANE('',#9028);
#8008=PLANE('',#9029);
#8009=PLANE('',#9030);
#8010=PLANE('',#9031);
#8011=PLANE('',#9032);
#8012=PLANE('',#9033);
#8013=PLANE('',#9034);
#8014=PLANE('',#9035);
#8015=PLANE('',#9036);
#8016=PLANE('',#9037);
#8017=PLANE('',#9038);
#8018=PLANE('',#9039);
#8019=PLANE('',#9040);
#8020=PLANE('',#9041);
#8021=PLANE('',#9042);
#8022=PLANE('',#9043);
#8023=PLANE('',#9044);
#8024=PLANE('',#9045);
#8025=PLANE('',#9046);
#8026=PLANE('',#9047);
#8027=PLANE('',#9048);
#8028=PLANE('',#9049);
#8029=PLANE('',#9050);
#8030=PLANE('',#9051);
#8031=PLANE('',#9052);
#8032=PLANE('',#9053);
#8033=PLANE('',#9054);
#8034=PLANE('',#9055);
#8035=PLANE('',#9056);
#8036=PLANE('',#9057);
#8037=PLANE('',#9058);
#8038=PLANE('',#9059);
#8039=PLANE('',#9060);
#8040=PLANE('',#9061);
#8041=PLANE('',#9062);
#8042=PLANE('',#9063);
#8043=PLANE('',#9064);
#8044=PLANE('',#9065);
#8045=PLANE('',#9066);
#8046=PLANE('',#9067);
#8047=PLANE('',#9068);
#8048=PLANE('',#9069);
#8049=PLANE('',#9070);
#8050=PLANE('',#9071);
#8051=PLANE('',#9072);
#8052=PLANE('',#9073);
#8053=PLANE('',#9074);
#8054=PLANE('',#9075);
#8055=PLANE('',#9076);
#8056=PLANE('',#9077);
#8057=PLANE('',#9078);
#8058=PLANE('',#9079);
#8059=PLANE('',#9080);
#8060=PLANE('',#9081);
#8061=PLANE('',#9082);
#8062=PLANE('',#9083);
#8063=PLANE('',#9084);
#8064=PLANE('',#9085);
#8065=PLANE('',#9086);
#8066=PLANE('',#9087);
#8067=PLANE('',#9088);
#8068=PLANE('',#9089);
#8069=PLANE('',#9090);
#8070=PLANE('',#9091);
#8071=PLANE('',#9092);
#8072=ADVANCED_FACE('',(#7136),#7658,.F.);
#8073=ADVANCED_FACE('',(#7137),#7659,.F.);
#8074=ADVANCED_FACE('',(#7138),#7660,.F.);
#8075=ADVANCED_FACE('',(#7139),#7661,.F.);
#8076=ADVANCED_FACE('',(#7140),#7662,.F.);
#8077=ADVANCED_FACE('',(#7141),#7663,.F.);
#8078=ADVANCED_FACE('',(#7142),#7664,.T.);
#8079=ADVANCED_FACE('',(#7143),#7665,.T.);
#8080=ADVANCED_FACE('',(#7144),#7666,.T.);
#8081=ADVANCED_FACE('',(#7145),#7667,.T.);
#8082=ADVANCED_FACE('',(#7146),#7668,.T.);
#8083=ADVANCED_FACE('',(#7147),#7669,.T.);
#8084=ADVANCED_FACE('',(#7148),#7670,.T.);
#8085=ADVANCED_FACE('',(#7149),#7671,.T.);
#8086=ADVANCED_FACE('',(#7150),#7672,.T.);
#8087=ADVANCED_FACE('',(#7151),#7673,.T.);
#8088=ADVANCED_FACE('',(#7152),#7674,.T.);
#8089=ADVANCED_FACE('',(#7153),#7675,.T.);
#8090=ADVANCED_FACE('',(#7154),#7676,.T.);
#8091=ADVANCED_FACE('',(#7155),#7677,.T.);
#8092=ADVANCED_FACE('',(#7156),#7678,.T.);
#8093=ADVANCED_FACE('',(#7157),#7679,.T.);
#8094=ADVANCED_FACE('',(#7158),#7680,.T.);
#8095=ADVANCED_FACE('',(#7159),#7681,.T.);
#8096=ADVANCED_FACE('',(#7160),#7682,.T.);
#8097=ADVANCED_FACE('',(#7161),#7683,.T.);
#8098=ADVANCED_FACE('',(#7162),#7684,.T.);
#8099=ADVANCED_FACE('',(#7163),#7685,.T.);
#8100=ADVANCED_FACE('',(#7164),#7686,.T.);
#8101=ADVANCED_FACE('',(#7165),#7687,.T.);
#8102=ADVANCED_FACE('',(#7166),#7688,.T.);
#8103=ADVANCED_FACE('',(#7167),#7689,.T.);
#8104=ADVANCED_FACE('',(#7168),#7690,.T.);
#8105=ADVANCED_FACE('',(#7169),#7691,.T.);
#8106=ADVANCED_FACE('',(#7170),#7692,.T.);
#8107=ADVANCED_FACE('',(#7171),#7693,.T.);
#8108=ADVANCED_FACE('',(#7172),#7694,.T.);
#8109=ADVANCED_FACE('',(#7173),#7695,.T.);
#8110=ADVANCED_FACE('',(#7174),#7696,.T.);
#8111=ADVANCED_FACE('',(#7175),#7697,.T.);
#8112=ADVANCED_FACE('',(#7176),#7698,.T.);
#8113=ADVANCED_FACE('',(#7177),#7699,.T.);
#8114=ADVANCED_FACE('',(#7178),#7700,.T.);
#8115=ADVANCED_FACE('',(#7179),#7701,.T.);
#8116=ADVANCED_FACE('',(#7180),#7702,.T.);
#8117=ADVANCED_FACE('',(#7181),#7703,.T.);
#8118=ADVANCED_FACE('',(#7182),#7704,.T.);
#8119=ADVANCED_FACE('',(#7183),#7705,.T.);
#8120=ADVANCED_FACE('',(#7184),#7706,.T.);
#8121=ADVANCED_FACE('',(#7185),#7707,.T.);
#8122=ADVANCED_FACE('',(#7186),#7708,.T.);
#8123=ADVANCED_FACE('',(#7187),#7709,.T.);
#8124=ADVANCED_FACE('',(#7188),#7710,.T.);
#8125=ADVANCED_FACE('',(#7189),#7711,.T.);
#8126=ADVANCED_FACE('',(#7190),#7712,.T.);
#8127=ADVANCED_FACE('',(#7191),#7713,.T.);
#8128=ADVANCED_FACE('',(#7192),#7714,.T.);
#8129=ADVANCED_FACE('',(#7193),#7715,.T.);
#8130=ADVANCED_FACE('',(#7194),#7716,.T.);
#8131=ADVANCED_FACE('',(#7195),#7717,.T.);
#8132=ADVANCED_FACE('',(#7196),#7718,.T.);
#8133=ADVANCED_FACE('',(#7197),#7719,.T.);
#8134=ADVANCED_FACE('',(#7198),#7720,.T.);
#8135=ADVANCED_FACE('',(#7199),#7721,.T.);
#8136=ADVANCED_FACE('',(#7200),#7722,.T.);
#8137=ADVANCED_FACE('',(#7201),#7723,.T.);
#8138=ADVANCED_FACE('',(#7202),#7724,.T.);
#8139=ADVANCED_FACE('',(#7203),#7725,.T.);
#8140=ADVANCED_FACE('',(#7204),#7726,.T.);
#8141=ADVANCED_FACE('',(#7205),#7727,.T.);
#8142=ADVANCED_FACE('',(#7206),#7728,.T.);
#8143=ADVANCED_FACE('',(#7207),#7729,.T.);
#8144=ADVANCED_FACE('',(#7208),#7730,.T.);
#8145=ADVANCED_FACE('',(#7209),#7731,.T.);
#8146=ADVANCED_FACE('',(#7210),#7732,.T.);
#8147=ADVANCED_FACE('',(#7211),#7733,.T.);
#8148=ADVANCED_FACE('',(#7212),#7734,.T.);
#8149=ADVANCED_FACE('',(#7213),#7735,.T.);
#8150=ADVANCED_FACE('',(#7214),#7736,.T.);
#8151=ADVANCED_FACE('',(#7215),#7737,.T.);
#8152=ADVANCED_FACE('',(#7216),#7738,.T.);
#8153=ADVANCED_FACE('',(#7217),#7739,.T.);
#8154=ADVANCED_FACE('',(#7218),#7740,.T.);
#8155=ADVANCED_FACE('',(#7219),#7741,.T.);
#8156=ADVANCED_FACE('',(#7220),#7742,.T.);
#8157=ADVANCED_FACE('',(#7221),#7743,.T.);
#8158=ADVANCED_FACE('',(#7222),#7744,.F.);
#8159=ADVANCED_FACE('',(#7223,#7224,#7225,#7226,#7227,#7228,#7229,#7230,
#7231,#7232,#7233,#7234,#7235,#7236,#7237,#7238,#7239,#7240,#7241,#7242,
#7243),#7745,.T.);
#8160=ADVANCED_FACE('',(#7244),#7746,.F.);
#8161=ADVANCED_FACE('',(#7245),#7747,.F.);
#8162=ADVANCED_FACE('',(#7246),#7748,.F.);
#8163=ADVANCED_FACE('',(#7247,#7248,#7249,#7250,#7251,#7252,#7253,#7254,
#7255,#7256,#7257,#7258,#7259,#7260,#7261,#7262,#7263,#7264,#7265,#7266,
#7267),#7749,.F.);
#8164=ADVANCED_FACE('',(#7268),#7750,.F.);
#8165=ADVANCED_FACE('',(#7269),#7751,.F.);
#8166=ADVANCED_FACE('',(#7270),#7752,.F.);
#8167=ADVANCED_FACE('',(#7271),#7753,.F.);
#8168=ADVANCED_FACE('',(#7272),#7754,.F.);
#8169=ADVANCED_FACE('',(#7273),#7755,.F.);
#8170=ADVANCED_FACE('',(#7274),#7756,.F.);
#8171=ADVANCED_FACE('',(#7275),#7757,.F.);
#8172=ADVANCED_FACE('',(#7276),#7758,.F.);
#8173=ADVANCED_FACE('',(#7277),#7759,.T.);
#8174=ADVANCED_FACE('',(#7278),#7760,.F.);
#8175=ADVANCED_FACE('',(#7279),#7761,.F.);
#8176=ADVANCED_FACE('',(#7280),#7762,.F.);
#8177=ADVANCED_FACE('',(#7281),#7763,.T.);
#8178=ADVANCED_FACE('',(#7282,#7283,#7284,#7285,#7286,#7287,#7288,#7289,
#7290,#7291,#7292,#7293,#7294,#7295,#7296,#7297),#7764,.F.);
#8179=ADVANCED_FACE('',(#7298),#7765,.F.);
#8180=ADVANCED_FACE('',(#7299),#7766,.F.);
#8181=ADVANCED_FACE('',(#7300),#7767,.F.);
#8182=ADVANCED_FACE('',(#7301),#7768,.F.);
#8183=ADVANCED_FACE('',(#7302),#7769,.F.);
#8184=ADVANCED_FACE('',(#7303),#7770,.F.);
#8185=ADVANCED_FACE('',(#7304),#7771,.F.);
#8186=ADVANCED_FACE('',(#7305),#7772,.F.);
#8187=ADVANCED_FACE('',(#7306),#7773,.F.);
#8188=ADVANCED_FACE('',(#7307),#7774,.F.);
#8189=ADVANCED_FACE('',(#7308),#7775,.F.);
#8190=ADVANCED_FACE('',(#7309),#7776,.F.);
#8191=ADVANCED_FACE('',(#7310),#7777,.F.);
#8192=ADVANCED_FACE('',(#7311),#7778,.F.);
#8193=ADVANCED_FACE('',(#7312),#7779,.F.);
#8194=ADVANCED_FACE('',(#7313),#7780,.F.);
#8195=ADVANCED_FACE('',(#7314),#18,.T.);
#8196=ADVANCED_FACE('',(#7315),#19,.T.);
#8197=ADVANCED_FACE('',(#7316),#20,.T.);
#8198=ADVANCED_FACE('',(#7317),#21,.T.);
#8199=ADVANCED_FACE('',(#7318),#22,.T.);
#8200=ADVANCED_FACE('',(#7319),#23,.T.);
#8201=ADVANCED_FACE('',(#7320),#24,.T.);
#8202=ADVANCED_FACE('',(#7321),#25,.T.);
#8203=ADVANCED_FACE('',(#7322),#7781,.F.);
#8204=ADVANCED_FACE('',(#7323),#7782,.F.);
#8205=ADVANCED_FACE('',(#7324),#7783,.F.);
#8206=ADVANCED_FACE('',(#7325),#7784,.F.);
#8207=ADVANCED_FACE('',(#7326),#7785,.F.);
#8208=ADVANCED_FACE('',(#7327),#7786,.F.);
#8209=ADVANCED_FACE('',(#7328),#7787,.F.);
#8210=ADVANCED_FACE('',(#7329),#7788,.F.);
#8211=ADVANCED_FACE('',(#7330),#7789,.F.);
#8212=ADVANCED_FACE('',(#7331),#7790,.F.);
#8213=ADVANCED_FACE('',(#7332),#7791,.F.);
#8214=ADVANCED_FACE('',(#7333),#7792,.F.);
#8215=ADVANCED_FACE('',(#7334),#7793,.F.);
#8216=ADVANCED_FACE('',(#7335),#7794,.F.);
#8217=ADVANCED_FACE('',(#7336),#7795,.F.);
#8218=ADVANCED_FACE('',(#7337),#7796,.F.);
#8219=ADVANCED_FACE('',(#7338),#7797,.F.);
#8220=ADVANCED_FACE('',(#7339),#26,.T.);
#8221=ADVANCED_FACE('',(#7340),#27,.T.);
#8222=ADVANCED_FACE('',(#7341),#28,.T.);
#8223=ADVANCED_FACE('',(#7342),#29,.T.);
#8224=ADVANCED_FACE('',(#7343),#30,.T.);
#8225=ADVANCED_FACE('',(#7344),#31,.T.);
#8226=ADVANCED_FACE('',(#7345),#32,.T.);
#8227=ADVANCED_FACE('',(#7346),#33,.T.);
#8228=ADVANCED_FACE('',(#7347),#34,.T.);
#8229=ADVANCED_FACE('',(#7348),#7798,.F.);
#8230=ADVANCED_FACE('',(#7349),#7799,.F.);
#8231=ADVANCED_FACE('',(#7350),#7800,.F.);
#8232=ADVANCED_FACE('',(#7351),#7801,.F.);
#8233=ADVANCED_FACE('',(#7352),#7802,.F.);
#8234=ADVANCED_FACE('',(#7353),#7803,.F.);
#8235=ADVANCED_FACE('',(#7354),#7804,.F.);
#8236=ADVANCED_FACE('',(#7355),#7805,.F.);
#8237=ADVANCED_FACE('',(#7356),#7806,.F.);
#8238=ADVANCED_FACE('',(#7357),#7807,.F.);
#8239=ADVANCED_FACE('',(#7358),#7808,.F.);
#8240=ADVANCED_FACE('',(#7359),#7809,.F.);
#8241=ADVANCED_FACE('',(#7360),#7810,.F.);
#8242=ADVANCED_FACE('',(#7361),#7811,.F.);
#8243=ADVANCED_FACE('',(#7362),#7812,.F.);
#8244=ADVANCED_FACE('',(#7363),#7813,.F.);
#8245=ADVANCED_FACE('',(#7364),#7814,.F.);
#8246=ADVANCED_FACE('',(#7365),#7815,.F.);
#8247=ADVANCED_FACE('',(#7366),#7816,.F.);
#8248=ADVANCED_FACE('',(#7367),#7817,.F.);
#8249=ADVANCED_FACE('',(#7368),#7818,.F.);
#8250=ADVANCED_FACE('',(#7369),#7819,.F.);
#8251=ADVANCED_FACE('',(#7370),#7820,.F.);
#8252=ADVANCED_FACE('',(#7371),#7821,.F.);
#8253=ADVANCED_FACE('',(#7372),#7822,.F.);
#8254=ADVANCED_FACE('',(#7373),#7823,.F.);
#8255=ADVANCED_FACE('',(#7374),#7824,.F.);
#8256=ADVANCED_FACE('',(#7375),#35,.F.);
#8257=ADVANCED_FACE('',(#7376),#36,.F.);
#8258=ADVANCED_FACE('',(#7377),#37,.F.);
#8259=ADVANCED_FACE('',(#7378),#38,.F.);
#8260=ADVANCED_FACE('',(#7379),#39,.F.);
#8261=ADVANCED_FACE('',(#7380),#40,.F.);
#8262=ADVANCED_FACE('',(#7381),#41,.F.);
#8263=ADVANCED_FACE('',(#7382),#42,.F.);
#8264=ADVANCED_FACE('',(#7383),#43,.F.);
#8265=ADVANCED_FACE('',(#7384),#7825,.F.);
#8266=ADVANCED_FACE('',(#7385),#7826,.F.);
#8267=ADVANCED_FACE('',(#7386),#7827,.F.);
#8268=ADVANCED_FACE('',(#7387),#7828,.F.);
#8269=ADVANCED_FACE('',(#7388),#7829,.F.);
#8270=ADVANCED_FACE('',(#7389),#7830,.F.);
#8271=ADVANCED_FACE('',(#7390),#7831,.F.);
#8272=ADVANCED_FACE('',(#7391),#7832,.F.);
#8273=ADVANCED_FACE('',(#7392),#7833,.F.);
#8274=ADVANCED_FACE('',(#7393),#7834,.F.);
#8275=ADVANCED_FACE('',(#7394),#7835,.F.);
#8276=ADVANCED_FACE('',(#7395),#7836,.F.);
#8277=ADVANCED_FACE('',(#7396),#7837,.F.);
#8278=ADVANCED_FACE('',(#7397),#7838,.F.);
#8279=ADVANCED_FACE('',(#7398),#7839,.F.);
#8280=ADVANCED_FACE('',(#7399),#7840,.F.);
#8281=ADVANCED_FACE('',(#7400),#7841,.F.);
#8282=ADVANCED_FACE('',(#7401),#44,.F.);
#8283=ADVANCED_FACE('',(#7402),#45,.F.);
#8284=ADVANCED_FACE('',(#7403),#46,.F.);
#8285=ADVANCED_FACE('',(#7404),#47,.F.);
#8286=ADVANCED_FACE('',(#7405),#48,.F.);
#8287=ADVANCED_FACE('',(#7406),#49,.F.);
#8288=ADVANCED_FACE('',(#7407),#50,.F.);
#8289=ADVANCED_FACE('',(#7408),#51,.F.);
#8290=ADVANCED_FACE('',(#7409),#7842,.F.);
#8291=ADVANCED_FACE('',(#7410),#7843,.F.);
#8292=ADVANCED_FACE('',(#7411),#7844,.F.);
#8293=ADVANCED_FACE('',(#7412),#7845,.F.);
#8294=ADVANCED_FACE('',(#7413),#7846,.F.);
#8295=ADVANCED_FACE('',(#7414),#7847,.F.);
#8296=ADVANCED_FACE('',(#7415),#7848,.F.);
#8297=ADVANCED_FACE('',(#7416),#7849,.F.);
#8298=ADVANCED_FACE('',(#7417),#7850,.F.);
#8299=ADVANCED_FACE('',(#7418),#7851,.F.);
#8300=ADVANCED_FACE('',(#7419),#52,.T.);
#8301=ADVANCED_FACE('',(#7420),#7852,.F.);
#8302=ADVANCED_FACE('',(#7421),#7853,.F.);
#8303=ADVANCED_FACE('',(#7422),#53,.T.);
#8304=ADVANCED_FACE('',(#7423),#7854,.F.);
#8305=ADVANCED_FACE('',(#7424),#7855,.F.);
#8306=ADVANCED_FACE('',(#7425),#7856,.F.);
#8307=ADVANCED_FACE('',(#7426),#54,.F.);
#8308=ADVANCED_FACE('',(#7427),#7857,.F.);
#8309=ADVANCED_FACE('',(#7428),#7858,.F.);
#8310=ADVANCED_FACE('',(#7429),#55,.F.);
#8311=ADVANCED_FACE('',(#7430),#7859,.F.);
#8312=ADVANCED_FACE('',(#7431),#7860,.F.);
#8313=ADVANCED_FACE('',(#7432),#7861,.F.);
#8314=ADVANCED_FACE('',(#7433),#7862,.F.);
#8315=ADVANCED_FACE('',(#7434),#7863,.F.);
#8316=ADVANCED_FACE('',(#7435),#7864,.F.);
#8317=ADVANCED_FACE('',(#7436),#7865,.F.);
#8318=ADVANCED_FACE('',(#7437),#7866,.F.);
#8319=ADVANCED_FACE('',(#7438),#7867,.F.);
#8320=ADVANCED_FACE('',(#7439),#7868,.F.);
#8321=ADVANCED_FACE('',(#7440),#7869,.F.);
#8322=ADVANCED_FACE('',(#7441),#7870,.F.);
#8323=ADVANCED_FACE('',(#7442),#7871,.F.);
#8324=ADVANCED_FACE('',(#7443),#7872,.F.);
#8325=ADVANCED_FACE('',(#7444),#7873,.F.);
#8326=ADVANCED_FACE('',(#7445),#7874,.F.);
#8327=ADVANCED_FACE('',(#7446),#7875,.F.);
#8328=ADVANCED_FACE('',(#7447),#7876,.F.);
#8329=ADVANCED_FACE('',(#7448),#7877,.F.);
#8330=ADVANCED_FACE('',(#7449),#7878,.F.);
#8331=ADVANCED_FACE('',(#7450),#7879,.F.);
#8332=ADVANCED_FACE('',(#7451),#7880,.F.);
#8333=ADVANCED_FACE('',(#7452),#7881,.F.);
#8334=ADVANCED_FACE('',(#7453),#7882,.F.);
#8335=ADVANCED_FACE('',(#7454),#7883,.F.);
#8336=ADVANCED_FACE('',(#7455),#7884,.F.);
#8337=ADVANCED_FACE('',(#7456),#7885,.F.);
#8338=ADVANCED_FACE('',(#7457),#7886,.F.);
#8339=ADVANCED_FACE('',(#7458),#7887,.F.);
#8340=ADVANCED_FACE('',(#7459),#7888,.F.);
#8341=ADVANCED_FACE('',(#7460),#7889,.F.);
#8342=ADVANCED_FACE('',(#7461),#7890,.F.);
#8343=ADVANCED_FACE('',(#7462),#7891,.F.);
#8344=ADVANCED_FACE('',(#7463),#7892,.F.);
#8345=ADVANCED_FACE('',(#7464),#7893,.F.);
#8346=ADVANCED_FACE('',(#7465),#7894,.T.);
#8347=ADVANCED_FACE('',(#7466),#7895,.F.);
#8348=ADVANCED_FACE('',(#7467),#7896,.F.);
#8349=ADVANCED_FACE('',(#7468),#7897,.F.);
#8350=ADVANCED_FACE('',(#7469),#7898,.T.);
#8351=ADVANCED_FACE('',(#7470),#7899,.F.);
#8352=ADVANCED_FACE('',(#7471),#7900,.F.);
#8353=ADVANCED_FACE('',(#7472),#7901,.F.);
#8354=ADVANCED_FACE('',(#7473),#7902,.T.);
#8355=ADVANCED_FACE('',(#7474,#7475,#7476,#7477,#7478,#7479,#7480,#7481,
#7482,#7483,#7484,#7485,#7486,#7487,#7488,#7489),#7903,.F.);
#8356=ADVANCED_FACE('',(#7490),#7904,.F.);
#8357=ADVANCED_FACE('',(#7491),#7905,.F.);
#8358=ADVANCED_FACE('',(#7492),#7906,.F.);
#8359=ADVANCED_FACE('',(#7493),#7907,.F.);
#8360=ADVANCED_FACE('',(#7494),#7908,.F.);
#8361=ADVANCED_FACE('',(#7495),#7909,.F.);
#8362=ADVANCED_FACE('',(#7496),#7910,.F.);
#8363=ADVANCED_FACE('',(#7497),#7911,.F.);
#8364=ADVANCED_FACE('',(#7498),#7912,.F.);
#8365=ADVANCED_FACE('',(#7499),#7913,.F.);
#8366=ADVANCED_FACE('',(#7500),#7914,.F.);
#8367=ADVANCED_FACE('',(#7501),#7915,.F.);
#8368=ADVANCED_FACE('',(#7502),#7916,.F.);
#8369=ADVANCED_FACE('',(#7503),#7917,.F.);
#8370=ADVANCED_FACE('',(#7504),#7918,.F.);
#8371=ADVANCED_FACE('',(#7505),#7919,.F.);
#8372=ADVANCED_FACE('',(#7506),#7920,.F.);
#8373=ADVANCED_FACE('',(#7507),#7921,.F.);
#8374=ADVANCED_FACE('',(#7508),#7922,.F.);
#8375=ADVANCED_FACE('',(#7509),#7923,.F.);
#8376=ADVANCED_FACE('',(#7510),#7924,.F.);
#8377=ADVANCED_FACE('',(#7511),#7925,.F.);
#8378=ADVANCED_FACE('',(#7512),#7926,.F.);
#8379=ADVANCED_FACE('',(#7513),#7927,.F.);
#8380=ADVANCED_FACE('',(#7514),#7928,.F.);
#8381=ADVANCED_FACE('',(#7515),#7929,.F.);
#8382=ADVANCED_FACE('',(#7516),#7930,.F.);
#8383=ADVANCED_FACE('',(#7517),#7931,.F.);
#8384=ADVANCED_FACE('',(#7518),#7932,.F.);
#8385=ADVANCED_FACE('',(#7519),#7933,.F.);
#8386=ADVANCED_FACE('',(#7520),#7934,.F.);
#8387=ADVANCED_FACE('',(#7521),#7935,.F.);
#8388=ADVANCED_FACE('',(#7522),#7936,.F.);
#8389=ADVANCED_FACE('',(#7523),#7937,.F.);
#8390=ADVANCED_FACE('',(#7524),#7938,.F.);
#8391=ADVANCED_FACE('',(#7525),#7939,.F.);
#8392=ADVANCED_FACE('',(#7526),#7940,.F.);
#8393=ADVANCED_FACE('',(#7527),#7941,.F.);
#8394=ADVANCED_FACE('',(#7528),#7942,.F.);
#8395=ADVANCED_FACE('',(#7529),#7943,.F.);
#8396=ADVANCED_FACE('',(#7530),#7944,.F.);
#8397=ADVANCED_FACE('',(#7531),#7945,.F.);
#8398=ADVANCED_FACE('',(#7532),#7946,.F.);
#8399=ADVANCED_FACE('',(#7533),#7947,.F.);
#8400=ADVANCED_FACE('',(#7534),#7948,.F.);
#8401=ADVANCED_FACE('',(#7535),#7949,.F.);
#8402=ADVANCED_FACE('',(#7536),#7950,.F.);
#8403=ADVANCED_FACE('',(#7537),#7951,.F.);
#8404=ADVANCED_FACE('',(#7538),#7952,.F.);
#8405=ADVANCED_FACE('',(#7539),#7953,.F.);
#8406=ADVANCED_FACE('',(#7540),#7954,.F.);
#8407=ADVANCED_FACE('',(#7541),#7955,.F.);
#8408=ADVANCED_FACE('',(#7542),#7956,.F.);
#8409=ADVANCED_FACE('',(#7543),#7957,.F.);
#8410=ADVANCED_FACE('',(#7544),#7958,.F.);
#8411=ADVANCED_FACE('',(#7545),#7959,.F.);
#8412=ADVANCED_FACE('',(#7546),#7960,.F.);
#8413=ADVANCED_FACE('',(#7547),#7961,.F.);
#8414=ADVANCED_FACE('',(#7548),#7962,.F.);
#8415=ADVANCED_FACE('',(#7549),#7963,.F.);
#8416=ADVANCED_FACE('',(#7550),#7964,.F.);
#8417=ADVANCED_FACE('',(#7551),#7965,.F.);
#8418=ADVANCED_FACE('',(#7552),#7966,.F.);
#8419=ADVANCED_FACE('',(#7553),#7967,.F.);
#8420=ADVANCED_FACE('',(#7554),#7968,.F.);
#8421=ADVANCED_FACE('',(#7555),#7969,.F.);
#8422=ADVANCED_FACE('',(#7556),#7970,.F.);
#8423=ADVANCED_FACE('',(#7557),#7971,.F.);
#8424=ADVANCED_FACE('',(#7558),#7972,.F.);
#8425=ADVANCED_FACE('',(#7559),#7973,.F.);
#8426=ADVANCED_FACE('',(#7560),#7974,.F.);
#8427=ADVANCED_FACE('',(#7561),#7975,.F.);
#8428=ADVANCED_FACE('',(#7562),#7976,.F.);
#8429=ADVANCED_FACE('',(#7563),#7977,.F.);
#8430=ADVANCED_FACE('',(#7564),#7978,.F.);
#8431=ADVANCED_FACE('',(#7565),#7979,.F.);
#8432=ADVANCED_FACE('',(#7566),#7980,.F.);
#8433=ADVANCED_FACE('',(#7567),#7981,.F.);
#8434=ADVANCED_FACE('',(#7568),#7982,.F.);
#8435=ADVANCED_FACE('',(#7569),#7983,.F.);
#8436=ADVANCED_FACE('',(#7570),#7984,.F.);
#8437=ADVANCED_FACE('',(#7571),#7985,.F.);
#8438=ADVANCED_FACE('',(#7572),#7986,.F.);
#8439=ADVANCED_FACE('',(#7573),#7987,.F.);
#8440=ADVANCED_FACE('',(#7574),#7988,.F.);
#8441=ADVANCED_FACE('',(#7575),#7989,.F.);
#8442=ADVANCED_FACE('',(#7576),#7990,.F.);
#8443=ADVANCED_FACE('',(#7577),#7991,.F.);
#8444=ADVANCED_FACE('',(#7578),#7992,.F.);
#8445=ADVANCED_FACE('',(#7579),#7993,.F.);
#8446=ADVANCED_FACE('',(#7580),#7994,.F.);
#8447=ADVANCED_FACE('',(#7581),#7995,.F.);
#8448=ADVANCED_FACE('',(#7582),#7996,.F.);
#8449=ADVANCED_FACE('',(#7583),#7997,.F.);
#8450=ADVANCED_FACE('',(#7584),#7998,.F.);
#8451=ADVANCED_FACE('',(#7585),#7999,.F.);
#8452=ADVANCED_FACE('',(#7586),#8000,.F.);
#8453=ADVANCED_FACE('',(#7587),#8001,.F.);
#8454=ADVANCED_FACE('',(#7588),#8002,.F.);
#8455=ADVANCED_FACE('',(#7589),#8003,.F.);
#8456=ADVANCED_FACE('',(#7590),#8004,.F.);
#8457=ADVANCED_FACE('',(#7591),#8005,.F.);
#8458=ADVANCED_FACE('',(#7592),#8006,.F.);
#8459=ADVANCED_FACE('',(#7593),#8007,.F.);
#8460=ADVANCED_FACE('',(#7594),#8008,.F.);
#8461=ADVANCED_FACE('',(#7595),#8009,.F.);
#8462=ADVANCED_FACE('',(#7596),#8010,.F.);
#8463=ADVANCED_FACE('',(#7597),#8011,.F.);
#8464=ADVANCED_FACE('',(#7598),#8012,.F.);
#8465=ADVANCED_FACE('',(#7599),#8013,.F.);
#8466=ADVANCED_FACE('',(#7600),#8014,.F.);
#8467=ADVANCED_FACE('',(#7601),#8015,.F.);
#8468=ADVANCED_FACE('',(#7602),#8016,.F.);
#8469=ADVANCED_FACE('',(#7603),#8017,.F.);
#8470=ADVANCED_FACE('',(#7604),#8018,.F.);
#8471=ADVANCED_FACE('',(#7605),#8019,.F.);
#8472=ADVANCED_FACE('',(#7606),#8020,.F.);
#8473=ADVANCED_FACE('',(#7607),#8021,.F.);
#8474=ADVANCED_FACE('',(#7608),#8022,.F.);
#8475=ADVANCED_FACE('',(#7609),#8023,.F.);
#8476=ADVANCED_FACE('',(#7610),#8024,.F.);
#8477=ADVANCED_FACE('',(#7611),#8025,.F.);
#8478=ADVANCED_FACE('',(#7612),#8026,.F.);
#8479=ADVANCED_FACE('',(#7613),#8027,.F.);
#8480=ADVANCED_FACE('',(#7614),#8028,.F.);
#8481=ADVANCED_FACE('',(#7615),#8029,.F.);
#8482=ADVANCED_FACE('',(#7616),#8030,.F.);
#8483=ADVANCED_FACE('',(#7617),#8031,.F.);
#8484=ADVANCED_FACE('',(#7618),#8032,.F.);
#8485=ADVANCED_FACE('',(#7619),#8033,.F.);
#8486=ADVANCED_FACE('',(#7620),#8034,.F.);
#8487=ADVANCED_FACE('',(#7621),#8035,.F.);
#8488=ADVANCED_FACE('',(#7622),#8036,.F.);
#8489=ADVANCED_FACE('',(#7623),#8037,.F.);
#8490=ADVANCED_FACE('',(#7624),#8038,.F.);
#8491=ADVANCED_FACE('',(#7625),#8039,.F.);
#8492=ADVANCED_FACE('',(#7626),#8040,.F.);
#8493=ADVANCED_FACE('',(#7627),#8041,.F.);
#8494=ADVANCED_FACE('',(#7628),#8042,.F.);
#8495=ADVANCED_FACE('',(#7629),#8043,.F.);
#8496=ADVANCED_FACE('',(#7630),#8044,.F.);
#8497=ADVANCED_FACE('',(#7631),#8045,.F.);
#8498=ADVANCED_FACE('',(#7632),#8046,.F.);
#8499=ADVANCED_FACE('',(#7633),#8047,.F.);
#8500=ADVANCED_FACE('',(#7634),#8048,.F.);
#8501=ADVANCED_FACE('',(#7635),#8049,.F.);
#8502=ADVANCED_FACE('',(#7636),#8050,.F.);
#8503=ADVANCED_FACE('',(#7637),#8051,.F.);
#8504=ADVANCED_FACE('',(#7638),#8052,.F.);
#8505=ADVANCED_FACE('',(#7639),#8053,.F.);
#8506=ADVANCED_FACE('',(#7640),#8054,.F.);
#8507=ADVANCED_FACE('',(#7641),#8055,.F.);
#8508=ADVANCED_FACE('',(#7642),#8056,.F.);
#8509=ADVANCED_FACE('',(#7643),#8057,.F.);
#8510=ADVANCED_FACE('',(#7644),#8058,.F.);
#8511=ADVANCED_FACE('',(#7645),#8059,.F.);
#8512=ADVANCED_FACE('',(#7646),#8060,.F.);
#8513=ADVANCED_FACE('',(#7647),#8061,.F.);
#8514=ADVANCED_FACE('',(#7648),#8062,.F.);
#8515=ADVANCED_FACE('',(#7649),#8063,.F.);
#8516=ADVANCED_FACE('',(#7650),#8064,.F.);
#8517=ADVANCED_FACE('',(#7651),#8065,.F.);
#8518=ADVANCED_FACE('',(#7652),#8066,.F.);
#8519=ADVANCED_FACE('',(#7653),#8067,.F.);
#8520=ADVANCED_FACE('',(#7654),#8068,.F.);
#8521=ADVANCED_FACE('',(#7655),#8069,.F.);
#8522=ADVANCED_FACE('',(#7656),#8070,.F.);
#8523=ADVANCED_FACE('',(#7657),#8071,.T.);
#8524=CLOSED_SHELL('',(#8072,#8073,#8074,#8075,#8076,#8077,#8078,#8079,
#8080,#8081,#8082,#8083,#8084,#8085,#8086,#8087,#8088,#8089,#8090,#8091,
#8092,#8093,#8094,#8095,#8096,#8097,#8098,#8099,#8100,#8101,#8102,#8103,
#8104,#8105,#8106,#8107,#8108,#8109,#8110,#8111,#8112,#8113,#8114,#8115,
#8116,#8117,#8118,#8119,#8120,#8121,#8122,#8123,#8124,#8125,#8126,#8127,
#8128,#8129,#8130,#8131,#8132,#8133,#8134,#8135,#8136,#8137,#8138,#8139,
#8140,#8141,#8142,#8143,#8144,#8145,#8146,#8147,#8148,#8149,#8150,#8151,
#8152,#8153,#8154,#8155,#8156,#8157,#8158,#8159,#8160,#8161,#8162,#8163,
#8164,#8165,#8166,#8167,#8168,#8169));
#8525=CLOSED_SHELL('',(#8170,#8171,#8172,#8173,#8174,#8175,#8176,#8177,
#8178,#8179,#8180,#8181,#8182,#8183,#8184,#8185,#8186,#8187,#8188,#8189,
#8190,#8191,#8192,#8193,#8194,#8195,#8196,#8197,#8198,#8199,#8200,#8201,
#8202,#8203,#8204,#8205,#8206,#8207,#8208,#8209,#8210,#8211,#8212,#8213,
#8214,#8215,#8216,#8217,#8218,#8219,#8220,#8221,#8222,#8223,#8224,#8225,
#8226,#8227,#8228,#8229,#8230,#8231,#8232,#8233,#8234,#8235,#8236,#8237,
#8238,#8239,#8240,#8241,#8242,#8243,#8244,#8245,#8246,#8247,#8248,#8249,
#8250,#8251,#8252,#8253,#8254,#8255,#8256,#8257,#8258,#8259,#8260,#8261,
#8262,#8263,#8264,#8265,#8266,#8267,#8268,#8269,#8270,#8271,#8272,#8273,
#8274,#8275,#8276,#8277,#8278,#8279,#8280,#8281,#8282,#8283,#8284,#8285,
#8286,#8287,#8288,#8289,#8290,#8291,#8292,#8293,#8294,#8295,#8296,#8297,
#8298,#8299,#8300,#8301,#8302,#8303,#8304,#8305,#8306,#8307,#8308,#8309,
#8310,#8311,#8312,#8313,#8314,#8315,#8316,#8317,#8318,#8319,#8320,#8321,
#8322,#8323,#8324,#8325,#8326,#8327,#8328,#8329,#8330,#8331,#8332,#8333,
#8334,#8335,#8336,#8337,#8338,#8339,#8340,#8341,#8342,#8343,#8344,#8345,
#8346));
#8526=CLOSED_SHELL('',(#8347,#8348,#8349,#8350,#8351,#8352,#8353,#8354,
#8355,#8356,#8357,#8358,#8359,#8360,#8361,#8362,#8363,#8364,#8365,#8366,
#8367,#8368,#8369,#8370,#8371,#8372,#8373,#8374,#8375,#8376,#8377,#8378,
#8379,#8380,#8381,#8382,#8383,#8384,#8385,#8386,#8387,#8388,#8389,#8390,
#8391,#8392,#8393,#8394,#8395,#8396,#8397,#8398,#8399,#8400,#8401,#8402,
#8403,#8404,#8405,#8406,#8407,#8408,#8409,#8410,#8411,#8412,#8413,#8414,
#8415,#8416,#8417,#8418,#8419,#8420,#8421,#8422,#8423,#8424,#8425,#8426,
#8427,#8428,#8429,#8430,#8431,#8432,#8433,#8434,#8435,#8436,#8437,#8438,
#8439,#8440,#8441,#8442,#8443,#8444,#8445,#8446,#8447,#8448,#8449,#8450,
#8451,#8452,#8453,#8454,#8455,#8456,#8457,#8458,#8459,#8460,#8461,#8462,
#8463,#8464,#8465,#8466,#8467,#8468,#8469,#8470,#8471,#8472,#8473,#8474,
#8475,#8476,#8477,#8478,#8479,#8480,#8481,#8482,#8483,#8484,#8485,#8486,
#8487,#8488,#8489,#8490,#8491,#8492,#8493,#8494,#8495,#8496,#8497,#8498,
#8499,#8500,#8501,#8502,#8503,#8504,#8505,#8506,#8507,#8508,#8509,#8510,
#8511,#8512,#8513,#8514,#8515,#8516,#8517,#8518,#8519,#8520,#8521,#8522,
#8523));
#8527=STYLED_ITEM('',(#8530),#8551);
#8528=STYLED_ITEM('',(#8531),#8552);
#8529=STYLED_ITEM('',(#8532),#8553);
#8530=PRESENTATION_STYLE_ASSIGNMENT((#8533));
#8531=PRESENTATION_STYLE_ASSIGNMENT((#8534));
#8532=PRESENTATION_STYLE_ASSIGNMENT((#8535));
#8533=SURFACE_STYLE_USAGE(.BOTH.,#8536);
#8534=SURFACE_STYLE_USAGE(.BOTH.,#8537);
#8535=SURFACE_STYLE_USAGE(.BOTH.,#8538);
#8536=SURFACE_SIDE_STYLE('',(#8539));
#8537=SURFACE_SIDE_STYLE('',(#8540));
#8538=SURFACE_SIDE_STYLE('',(#8541));
#8539=SURFACE_STYLE_FILL_AREA(#8542);
#8540=SURFACE_STYLE_FILL_AREA(#8543);
#8541=SURFACE_STYLE_FILL_AREA(#8544);
#8542=FILL_AREA_STYLE('',(#8545));
#8543=FILL_AREA_STYLE('',(#8546));
#8544=FILL_AREA_STYLE('',(#8547));
#8545=FILL_AREA_STYLE_COLOUR('',#8548);
#8546=FILL_AREA_STYLE_COLOUR('',#8549);
#8547=FILL_AREA_STYLE_COLOUR('',#8550);
#8548=COLOUR_RGB('',0.470588237047195,0.470588237047195,0.470588237047195);
#8549=COLOUR_RGB('',0.95686274766922,0.95686274766922,0.95686274766922);
#8550=COLOUR_RGB('',1.,0.874509811401367,0.149019613862038);
#8551=MANIFOLD_SOLID_BREP('FTR-110-51-L-D-006_body',#8524);
#8552=MANIFOLD_SOLID_BREP('FTR-110-51-L-D-006_pins',#8525);
#8553=MANIFOLD_SOLID_BREP('FTR-110-51-L-D-0062PNS',#8526);
#8554=SHAPE_DEFINITION_REPRESENTATION(#13653,#8558);
#8555=SHAPE_DEFINITION_REPRESENTATION(#13654,#8559);
#8556=SHAPE_DEFINITION_REPRESENTATION(#13656,#8560);
#8557=SHAPE_DEFINITION_REPRESENTATION(#13658,#8561);
#8558=SHAPE_REPRESENTATION('FTR-110-51-L-D-06',(#8562,#8661,#8915,#9093),
#13639);
#8559=SHAPE_REPRESENTATION('FTR-110-51-L-D-006_body',(#8562),#13640);
#8560=SHAPE_REPRESENTATION('FTR-110-51-L-D-006_pins',(#8562),#13641);
#8561=SHAPE_REPRESENTATION('FTR-110-51-L-D-0062PNS',(#8562),#13642);
#8562=AXIS2_PLACEMENT_3D('',#11254,#9094,#9095);
#8563=AXIS2_PLACEMENT_3D('',#11255,#9096,#9097);
#8564=AXIS2_PLACEMENT_3D('',#11264,#9102,#9103);
#8565=AXIS2_PLACEMENT_3D('',#11273,#9108,#9109);
#8566=AXIS2_PLACEMENT_3D('',#11282,#9114,#9115);
#8567=AXIS2_PLACEMENT_3D('',#11306,#9129,#9130);
#8568=AXIS2_PLACEMENT_3D('',#11312,#9134,#9135);
#8569=AXIS2_PLACEMENT_3D('',#11333,#9148,#9149);
#8570=AXIS2_PLACEMENT_3D('',#11342,#9154,#9155);
#8571=AXIS2_PLACEMENT_3D('',#11348,#9159,#9160);
#8572=AXIS2_PLACEMENT_3D('',#11354,#9164,#9165);
#8573=AXIS2_PLACEMENT_3D('',#11363,#9170,#9171);
#8574=AXIS2_PLACEMENT_3D('',#11369,#9175,#9176);
#8575=AXIS2_PLACEMENT_3D('',#11375,#9180,#9181);
#8576=AXIS2_PLACEMENT_3D('',#11384,#9186,#9187);
#8577=AXIS2_PLACEMENT_3D('',#11390,#9191,#9192);
#8578=AXIS2_PLACEMENT_3D('',#11396,#9196,#9197);
#8579=AXIS2_PLACEMENT_3D('',#11405,#9202,#9203);
#8580=AXIS2_PLACEMENT_3D('',#11411,#9207,#9208);
#8581=AXIS2_PLACEMENT_3D('',#11417,#9212,#9213);
#8582=AXIS2_PLACEMENT_3D('',#11426,#9218,#9219);
#8583=AXIS2_PLACEMENT_3D('',#11432,#9223,#9224);
#8584=AXIS2_PLACEMENT_3D('',#11438,#9228,#9229);
#8585=AXIS2_PLACEMENT_3D('',#11447,#9234,#9235);
#8586=AXIS2_PLACEMENT_3D('',#11453,#9239,#9240);
#8587=AXIS2_PLACEMENT_3D('',#11459,#9244,#9245);
#8588=AXIS2_PLACEMENT_3D('',#11468,#9250,#9251);
#8589=AXIS2_PLACEMENT_3D('',#11474,#9255,#9256);
#8590=AXIS2_PLACEMENT_3D('',#11480,#9260,#9261);
#8591=AXIS2_PLACEMENT_3D('',#11489,#9266,#9267);
#8592=AXIS2_PLACEMENT_3D('',#11495,#9271,#9272);
#8593=AXIS2_PLACEMENT_3D('',#11501,#9276,#9277);
#8594=AXIS2_PLACEMENT_3D('',#11510,#9282,#9283);
#8595=AXIS2_PLACEMENT_3D('',#11516,#9287,#9288);
#8596=AXIS2_PLACEMENT_3D('',#11522,#9292,#9293);
#8597=AXIS2_PLACEMENT_3D('',#11531,#9298,#9299);
#8598=AXIS2_PLACEMENT_3D('',#11537,#9303,#9304);
#8599=AXIS2_PLACEMENT_3D('',#11543,#9308,#9309);
#8600=AXIS2_PLACEMENT_3D('',#11552,#9314,#9315);
#8601=AXIS2_PLACEMENT_3D('',#11558,#9319,#9320);
#8602=AXIS2_PLACEMENT_3D('',#11564,#9324,#9325);
#8603=AXIS2_PLACEMENT_3D('',#11573,#9330,#9331);
#8604=AXIS2_PLACEMENT_3D('',#11579,#9335,#9336);
#8605=AXIS2_PLACEMENT_3D('',#11585,#9340,#9341);
#8606=AXIS2_PLACEMENT_3D('',#11594,#9346,#9347);
#8607=AXIS2_PLACEMENT_3D('',#11600,#9351,#9352);
#8608=AXIS2_PLACEMENT_3D('',#11606,#9356,#9357);
#8609=AXIS2_PLACEMENT_3D('',#11615,#9362,#9363);
#8610=AXIS2_PLACEMENT_3D('',#11621,#9367,#9368);
#8611=AXIS2_PLACEMENT_3D('',#11627,#9372,#9373);
#8612=AXIS2_PLACEMENT_3D('',#11636,#9378,#9379);
#8613=AXIS2_PLACEMENT_3D('',#11642,#9383,#9384);
#8614=AXIS2_PLACEMENT_3D('',#11648,#9388,#9389);
#8615=AXIS2_PLACEMENT_3D('',#11657,#9394,#9395);
#8616=AXIS2_PLACEMENT_3D('',#11663,#9399,#9400);
#8617=AXIS2_PLACEMENT_3D('',#11669,#9404,#9405);
#8618=AXIS2_PLACEMENT_3D('',#11678,#9410,#9411);
#8619=AXIS2_PLACEMENT_3D('',#11684,#9415,#9416);
#8620=AXIS2_PLACEMENT_3D('',#11690,#9420,#9421);
#8621=AXIS2_PLACEMENT_3D('',#11699,#9426,#9427);
#8622=AXIS2_PLACEMENT_3D('',#11705,#9431,#9432);
#8623=AXIS2_PLACEMENT_3D('',#11711,#9436,#9437);
#8624=AXIS2_PLACEMENT_3D('',#11720,#9442,#9443);
#8625=AXIS2_PLACEMENT_3D('',#11726,#9447,#9448);
#8626=AXIS2_PLACEMENT_3D('',#11732,#9452,#9453);
#8627=AXIS2_PLACEMENT_3D('',#11741,#9458,#9459);
#8628=AXIS2_PLACEMENT_3D('',#11747,#9463,#9464);
#8629=AXIS2_PLACEMENT_3D('',#11753,#9468,#9469);
#8630=AXIS2_PLACEMENT_3D('',#11756,#9472,#9473);
#8631=AXIS2_PLACEMENT_3D('',#11759,#9476,#9477);
#8632=AXIS2_PLACEMENT_3D('',#11762,#9480,#9481);
#8633=AXIS2_PLACEMENT_3D('',#11765,#9484,#9485);
#8634=AXIS2_PLACEMENT_3D('',#11768,#9488,#9489);
#8635=AXIS2_PLACEMENT_3D('',#11771,#9492,#9493);
#8636=AXIS2_PLACEMENT_3D('',#11774,#9496,#9497);
#8637=AXIS2_PLACEMENT_3D('',#11777,#9500,#9501);
#8638=AXIS2_PLACEMENT_3D('',#11780,#9504,#9505);
#8639=AXIS2_PLACEMENT_3D('',#11783,#9508,#9509);
#8640=AXIS2_PLACEMENT_3D('',#11786,#9512,#9513);
#8641=AXIS2_PLACEMENT_3D('',#11789,#9516,#9517);
#8642=AXIS2_PLACEMENT_3D('',#11792,#9520,#9521);
#8643=AXIS2_PLACEMENT_3D('',#11795,#9524,#9525);
#8644=AXIS2_PLACEMENT_3D('',#11798,#9528,#9529);
#8645=AXIS2_PLACEMENT_3D('',#11801,#9532,#9533);
#8646=AXIS2_PLACEMENT_3D('',#11804,#9536,#9537);
#8647=AXIS2_PLACEMENT_3D('',#11807,#9540,#9541);
#8648=AXIS2_PLACEMENT_3D('',#11810,#9544,#9545);
#8649=AXIS2_PLACEMENT_3D('',#11813,#9548,#9549);
#8650=AXIS2_PLACEMENT_3D('',#11815,#9551,#9552);
#8651=AXIS2_PLACEMENT_3D('',#11816,#9553,#9554);
#8652=AXIS2_PLACEMENT_3D('',#11818,#9556,#9557);
#8653=AXIS2_PLACEMENT_3D('',#11820,#9559,#9560);
#8654=AXIS2_PLACEMENT_3D('',#11822,#9562,#9563);
#8655=AXIS2_PLACEMENT_3D('',#11823,#9564,#9565);
#8656=AXIS2_PLACEMENT_3D('',#11825,#9567,#9568);
#8657=AXIS2_PLACEMENT_3D('',#11827,#9570,#9571);
#8658=AXIS2_PLACEMENT_3D('',#11828,#9572,#9573);
#8659=AXIS2_PLACEMENT_3D('',#11830,#9575,#9576);
#8660=AXIS2_PLACEMENT_3D('',#11832,#9578,#9579);
#8661=AXIS2_PLACEMENT_3D('',#11833,#9580,#9581);
#8662=AXIS2_PLACEMENT_3D('',#11834,#9582,#9583);
#8663=AXIS2_PLACEMENT_3D('',#11843,#9588,#9589);
#8664=AXIS2_PLACEMENT_3D('',#11852,#9594,#9595);
#8665=AXIS2_PLACEMENT_3D('',#11861,#9600,#9601);
#8666=AXIS2_PLACEMENT_3D('',#11867,#9605,#9606);
#8667=AXIS2_PLACEMENT_3D('',#11875,#9610,#9611);
#8668=AXIS2_PLACEMENT_3D('',#11883,#9615,#9616);
#8669=AXIS2_PLACEMENT_3D('',#11891,#9620,#9621);
#8670=AXIS2_PLACEMENT_3D('',#11896,#9624,#9625);
#8671=AXIS2_PLACEMENT_3D('',#11902,#9629,#9630);
#8672=AXIS2_PLACEMENT_3D('',#11910,#9634,#9635);
#8673=AXIS2_PLACEMENT_3D('',#11918,#9639,#9640);
#8674=AXIS2_PLACEMENT_3D('',#11926,#9644,#9645);
#8675=AXIS2_PLACEMENT_3D('',#11931,#9648,#9649);
#8676=AXIS2_PLACEMENT_3D('',#11937,#9653,#9654);
#8677=AXIS2_PLACEMENT_3D('',#11943,#9658,#9659);
#8678=AXIS2_PLACEMENT_3D('',#11946,#9662,#9663);
#8679=AXIS2_PLACEMENT_3D('',#12087,#9736,#9737);
#8680=AXIS2_PLACEMENT_3D('',#12093,#9741,#9742);
#8681=AXIS2_PLACEMENT_3D('',#12102,#9747,#9748);
#8682=AXIS2_PLACEMENT_3D('',#12111,#9753,#9754);
#8683=AXIS2_PLACEMENT_3D('',#12120,#9759,#9760);
#8684=AXIS2_PLACEMENT_3D('',#12129,#9765,#9766);
#8685=AXIS2_PLACEMENT_3D('',#12138,#9771,#9772);
#8686=AXIS2_PLACEMENT_3D('',#12147,#9777,#9778);
#8687=AXIS2_PLACEMENT_3D('',#12156,#9783,#9784);
#8688=AXIS2_PLACEMENT_3D('',#12160,#9787,#9788);
#8689=AXIS2_PLACEMENT_3D('',#12166,#9792,#9793);
#8690=AXIS2_PLACEMENT_3D('',#12172,#9797,#9798);
#8691=AXIS2_PLACEMENT_3D('',#12178,#9802,#9803);
#8692=AXIS2_PLACEMENT_3D('',#12184,#9807,#9808);
#8693=AXIS2_PLACEMENT_3D('',#12190,#9812,#9813);
#8694=AXIS2_PLACEMENT_3D('',#12196,#9817,#9818);
#8695=AXIS2_PLACEMENT_3D('',#12202,#9822,#9823);
#8696=AXIS2_PLACEMENT_3D('',#12203,#9824,#9825);
#8697=AXIS2_PLACEMENT_3D('',#12206,#9827,#9828);
#8698=AXIS2_PLACEMENT_3D('',#12210,#9830,#9831);
#8699=AXIS2_PLACEMENT_3D('',#12211,#9832,#9833);
#8700=AXIS2_PLACEMENT_3D('',#12212,#9834,#9835);
#8701=AXIS2_PLACEMENT_3D('',#12216,#9837,#9838);
#8702=AXIS2_PLACEMENT_3D('',#12217,#9839,#9840);
#8703=AXIS2_PLACEMENT_3D('',#12218,#9841,#9842);
#8704=AXIS2_PLACEMENT_3D('',#12222,#9844,#9845);
#8705=AXIS2_PLACEMENT_3D('',#12223,#9846,#9847);
#8706=AXIS2_PLACEMENT_3D('',#12224,#9848,#9849);
#8707=AXIS2_PLACEMENT_3D('',#12228,#9851,#9852);
#8708=AXIS2_PLACEMENT_3D('',#12229,#9853,#9854);
#8709=AXIS2_PLACEMENT_3D('',#12230,#9855,#9856);
#8710=AXIS2_PLACEMENT_3D('',#12234,#9858,#9859);
#8711=AXIS2_PLACEMENT_3D('',#12235,#9860,#9861);
#8712=AXIS2_PLACEMENT_3D('',#12236,#9862,#9863);
#8713=AXIS2_PLACEMENT_3D('',#12240,#9865,#9866);
#8714=AXIS2_PLACEMENT_3D('',#12241,#9867,#9868);
#8715=AXIS2_PLACEMENT_3D('',#12242,#9869,#9870);
#8716=AXIS2_PLACEMENT_3D('',#12246,#9872,#9873);
#8717=AXIS2_PLACEMENT_3D('',#12247,#9874,#9875);
#8718=AXIS2_PLACEMENT_3D('',#12248,#9876,#9877);
#8719=AXIS2_PLACEMENT_3D('',#12250,#9879,#9880);
#8720=AXIS2_PLACEMENT_3D('',#12253,#9883,#9884);
#8721=AXIS2_PLACEMENT_3D('',#12256,#9887,#9888);
#8722=AXIS2_PLACEMENT_3D('',#12259,#9891,#9892);
#8723=AXIS2_PLACEMENT_3D('',#12262,#9895,#9896);
#8724=AXIS2_PLACEMENT_3D('',#12265,#9899,#9900);
#8725=AXIS2_PLACEMENT_3D('',#12268,#9903,#9904);
#8726=AXIS2_PLACEMENT_3D('',#12271,#9907,#9908);
#8727=AXIS2_PLACEMENT_3D('',#12275,#9911,#9912);
#8728=AXIS2_PLACEMENT_3D('',#12281,#9916,#9917);
#8729=AXIS2_PLACEMENT_3D('',#12287,#9921,#9922);
#8730=AXIS2_PLACEMENT_3D('',#12293,#9926,#9927);
#8731=AXIS2_PLACEMENT_3D('',#12299,#9931,#9932);
#8732=AXIS2_PLACEMENT_3D('',#12305,#9936,#9937);
#8733=AXIS2_PLACEMENT_3D('',#12311,#9941,#9942);
#8734=AXIS2_PLACEMENT_3D('',#12317,#9946,#9947);
#8735=AXIS2_PLACEMENT_3D('',#12323,#9951,#9952);
#8736=AXIS2_PLACEMENT_3D('',#12324,#9953,#9954);
#8737=AXIS2_PLACEMENT_3D('',#12327,#9956,#9957);
#8738=AXIS2_PLACEMENT_3D('',#12331,#9959,#9960);
#8739=AXIS2_PLACEMENT_3D('',#12332,#9961,#9962);
#8740=AXIS2_PLACEMENT_3D('',#12333,#9963,#9964);
#8741=AXIS2_PLACEMENT_3D('',#12337,#9966,#9967);
#8742=AXIS2_PLACEMENT_3D('',#12338,#9968,#9969);
#8743=AXIS2_PLACEMENT_3D('',#12339,#9970,#9971);
#8744=AXIS2_PLACEMENT_3D('',#12343,#9973,#9974);
#8745=AXIS2_PLACEMENT_3D('',#12344,#9975,#9976);
#8746=AXIS2_PLACEMENT_3D('',#12345,#9977,#9978);
#8747=AXIS2_PLACEMENT_3D('',#12349,#9980,#9981);
#8748=AXIS2_PLACEMENT_3D('',#12350,#9982,#9983);
#8749=AXIS2_PLACEMENT_3D('',#12351,#9984,#9985);
#8750=AXIS2_PLACEMENT_3D('',#12355,#9987,#9988);
#8751=AXIS2_PLACEMENT_3D('',#12356,#9989,#9990);
#8752=AXIS2_PLACEMENT_3D('',#12357,#9991,#9992);
#8753=AXIS2_PLACEMENT_3D('',#12361,#9994,#9995);
#8754=AXIS2_PLACEMENT_3D('',#12362,#9996,#9997);
#8755=AXIS2_PLACEMENT_3D('',#12363,#9998,#9999);
#8756=AXIS2_PLACEMENT_3D('',#12367,#10001,#10002);
#8757=AXIS2_PLACEMENT_3D('',#12368,#10003,#10004);
#8758=AXIS2_PLACEMENT_3D('',#12369,#10005,#10006);
#8759=AXIS2_PLACEMENT_3D('',#12373,#10008,#10009);
#8760=AXIS2_PLACEMENT_3D('',#12374,#10010,#10011);
#8761=AXIS2_PLACEMENT_3D('',#12375,#10012,#10013);
#8762=AXIS2_PLACEMENT_3D('',#12379,#10016,#10017);
#8763=AXIS2_PLACEMENT_3D('',#12385,#10021,#10022);
#8764=AXIS2_PLACEMENT_3D('',#12391,#10026,#10027);
#8765=AXIS2_PLACEMENT_3D('',#12397,#10031,#10032);
#8766=AXIS2_PLACEMENT_3D('',#12403,#10036,#10037);
#8767=AXIS2_PLACEMENT_3D('',#12409,#10041,#10042);
#8768=AXIS2_PLACEMENT_3D('',#12415,#10046,#10047);
#8769=AXIS2_PLACEMENT_3D('',#12421,#10051,#10052);
#8770=AXIS2_PLACEMENT_3D('',#12427,#10056,#10057);
#8771=AXIS2_PLACEMENT_3D('',#12431,#10060,#10061);
#8772=AXIS2_PLACEMENT_3D('',#12437,#10065,#10066);
#8773=AXIS2_PLACEMENT_3D('',#12443,#10070,#10071);
#8774=AXIS2_PLACEMENT_3D('',#12449,#10075,#10076);
#8775=AXIS2_PLACEMENT_3D('',#12455,#10080,#10081);
#8776=AXIS2_PLACEMENT_3D('',#12461,#10085,#10086);
#8777=AXIS2_PLACEMENT_3D('',#12467,#10090,#10091);
#8778=AXIS2_PLACEMENT_3D('',#12473,#10095,#10096);
#8779=AXIS2_PLACEMENT_3D('',#12479,#10100,#10101);
#8780=AXIS2_PLACEMENT_3D('',#12483,#10104,#10105);
#8781=AXIS2_PLACEMENT_3D('',#12489,#10109,#10110);
#8782=AXIS2_PLACEMENT_3D('',#12495,#10114,#10115);
#8783=AXIS2_PLACEMENT_3D('',#12501,#10119,#10120);
#8784=AXIS2_PLACEMENT_3D('',#12507,#10124,#10125);
#8785=AXIS2_PLACEMENT_3D('',#12513,#10129,#10130);
#8786=AXIS2_PLACEMENT_3D('',#12519,#10134,#10135);
#8787=AXIS2_PLACEMENT_3D('',#12525,#10139,#10140);
#8788=AXIS2_PLACEMENT_3D('',#12531,#10144,#10145);
#8789=AXIS2_PLACEMENT_3D('',#12532,#10146,#10147);
#8790=AXIS2_PLACEMENT_3D('',#12535,#10149,#10150);
#8791=AXIS2_PLACEMENT_3D('',#12536,#10151,#10152);
#8792=AXIS2_PLACEMENT_3D('',#12538,#10153,#10154);
#8793=AXIS2_PLACEMENT_3D('',#12541,#10156,#10157);
#8794=AXIS2_PLACEMENT_3D('',#12542,#10158,#10159);
#8795=AXIS2_PLACEMENT_3D('',#12544,#10160,#10161);
#8796=AXIS2_PLACEMENT_3D('',#12547,#10163,#10164);
#8797=AXIS2_PLACEMENT_3D('',#12548,#10165,#10166);
#8798=AXIS2_PLACEMENT_3D('',#12550,#10167,#10168);
#8799=AXIS2_PLACEMENT_3D('',#12553,#10170,#10171);
#8800=AXIS2_PLACEMENT_3D('',#12554,#10172,#10173);
#8801=AXIS2_PLACEMENT_3D('',#12556,#10174,#10175);
#8802=AXIS2_PLACEMENT_3D('',#12559,#10177,#10178);
#8803=AXIS2_PLACEMENT_3D('',#12560,#10179,#10180);
#8804=AXIS2_PLACEMENT_3D('',#12562,#10181,#10182);
#8805=AXIS2_PLACEMENT_3D('',#12565,#10184,#10185);
#8806=AXIS2_PLACEMENT_3D('',#12566,#10186,#10187);
#8807=AXIS2_PLACEMENT_3D('',#12568,#10188,#10189);
#8808=AXIS2_PLACEMENT_3D('',#12571,#10191,#10192);
#8809=AXIS2_PLACEMENT_3D('',#12572,#10193,#10194);
#8810=AXIS2_PLACEMENT_3D('',#12574,#10195,#10196);
#8811=AXIS2_PLACEMENT_3D('',#12577,#10198,#10199);
#8812=AXIS2_PLACEMENT_3D('',#12578,#10200,#10201);
#8813=AXIS2_PLACEMENT_3D('',#12580,#10202,#10203);
#8814=AXIS2_PLACEMENT_3D('',#12583,#10205,#10206);
#8815=AXIS2_PLACEMENT_3D('',#12585,#10208,#10209);
#8816=AXIS2_PLACEMENT_3D('',#12588,#10212,#10213);
#8817=AXIS2_PLACEMENT_3D('',#12591,#10216,#10217);
#8818=AXIS2_PLACEMENT_3D('',#12594,#10220,#10221);
#8819=AXIS2_PLACEMENT_3D('',#12597,#10224,#10225);
#8820=AXIS2_PLACEMENT_3D('',#12600,#10228,#10229);
#8821=AXIS2_PLACEMENT_3D('',#12603,#10232,#10233);
#8822=AXIS2_PLACEMENT_3D('',#12606,#10236,#10237);
#8823=AXIS2_PLACEMENT_3D('',#12609,#10240,#10241);
#8824=AXIS2_PLACEMENT_3D('',#12613,#10244,#10245);
#8825=AXIS2_PLACEMENT_3D('',#12619,#10249,#10250);
#8826=AXIS2_PLACEMENT_3D('',#12625,#10254,#10255);
#8827=AXIS2_PLACEMENT_3D('',#12631,#10259,#10260);
#8828=AXIS2_PLACEMENT_3D('',#12637,#10264,#10265);
#8829=AXIS2_PLACEMENT_3D('',#12643,#10269,#10270);
#8830=AXIS2_PLACEMENT_3D('',#12649,#10274,#10275);
#8831=AXIS2_PLACEMENT_3D('',#12655,#10279,#10280);
#8832=AXIS2_PLACEMENT_3D('',#12656,#10281,#10282);
#8833=AXIS2_PLACEMENT_3D('',#12659,#10284,#10285);
#8834=AXIS2_PLACEMENT_3D('',#12660,#10286,#10287);
#8835=AXIS2_PLACEMENT_3D('',#12662,#10288,#10289);
#8836=AXIS2_PLACEMENT_3D('',#12665,#10291,#10292);
#8837=AXIS2_PLACEMENT_3D('',#12666,#10293,#10294);
#8838=AXIS2_PLACEMENT_3D('',#12668,#10295,#10296);
#8839=AXIS2_PLACEMENT_3D('',#12671,#10298,#10299);
#8840=AXIS2_PLACEMENT_3D('',#12672,#10300,#10301);
#8841=AXIS2_PLACEMENT_3D('',#12674,#10302,#10303);
#8842=AXIS2_PLACEMENT_3D('',#12677,#10305,#10306);
#8843=AXIS2_PLACEMENT_3D('',#12678,#10307,#10308);
#8844=AXIS2_PLACEMENT_3D('',#12680,#10309,#10310);
#8845=AXIS2_PLACEMENT_3D('',#12683,#10312,#10313);
#8846=AXIS2_PLACEMENT_3D('',#12684,#10314,#10315);
#8847=AXIS2_PLACEMENT_3D('',#12686,#10316,#10317);
#8848=AXIS2_PLACEMENT_3D('',#12689,#10319,#10320);
#8849=AXIS2_PLACEMENT_3D('',#12690,#10321,#10322);
#8850=AXIS2_PLACEMENT_3D('',#12692,#10323,#10324);
#8851=AXIS2_PLACEMENT_3D('',#12695,#10326,#10327);
#8852=AXIS2_PLACEMENT_3D('',#12696,#10328,#10329);
#8853=AXIS2_PLACEMENT_3D('',#12698,#10330,#10331);
#8854=AXIS2_PLACEMENT_3D('',#12701,#10333,#10334);
#8855=AXIS2_PLACEMENT_3D('',#12703,#10336,#10337);
#8856=AXIS2_PLACEMENT_3D('',#12706,#10340,#10341);
#8857=AXIS2_PLACEMENT_3D('',#12709,#10344,#10345);
#8858=AXIS2_PLACEMENT_3D('',#12712,#10348,#10349);
#8859=AXIS2_PLACEMENT_3D('',#12715,#10352,#10353);
#8860=AXIS2_PLACEMENT_3D('',#12718,#10356,#10357);
#8861=AXIS2_PLACEMENT_3D('',#12721,#10360,#10361);
#8862=AXIS2_PLACEMENT_3D('',#12724,#10364,#10365);
#8863=AXIS2_PLACEMENT_3D('',#12730,#10369,#10370);
#8864=AXIS2_PLACEMENT_3D('',#12734,#10373,#10374);
#8865=AXIS2_PLACEMENT_3D('',#12737,#10376,#10377);
#8866=AXIS2_PLACEMENT_3D('',#12738,#10378,#10379);
#8867=AXIS2_PLACEMENT_3D('',#12740,#10381,#10382);
#8868=AXIS2_PLACEMENT_3D('',#12744,#10385,#10386);
#8869=AXIS2_PLACEMENT_3D('',#12747,#10388,#10389);
#8870=AXIS2_PLACEMENT_3D('',#12748,#10390,#10391);
#8871=AXIS2_PLACEMENT_3D('',#12752,#10394,#10395);
#8872=AXIS2_PLACEMENT_3D('',#12756,#10398,#10399);
#8873=AXIS2_PLACEMENT_3D('',#12760,#10402,#10403);
#8874=AXIS2_PLACEMENT_3D('',#12761,#10404,#10405);
#8875=AXIS2_PLACEMENT_3D('',#12764,#10407,#10408);
#8876=AXIS2_PLACEMENT_3D('',#12766,#10410,#10411);
#8877=AXIS2_PLACEMENT_3D('',#12770,#10414,#10415);
#8878=AXIS2_PLACEMENT_3D('',#12771,#10416,#10417);
#8879=AXIS2_PLACEMENT_3D('',#12774,#10419,#10420);
#8880=AXIS2_PLACEMENT_3D('',#12776,#10422,#10423);
#8881=AXIS2_PLACEMENT_3D('',#12777,#10424,#10425);
#8882=AXIS2_PLACEMENT_3D('',#12778,#10426,#10427);
#8883=AXIS2_PLACEMENT_3D('',#12779,#10428,#10429);
#8884=AXIS2_PLACEMENT_3D('',#12780,#10430,#10431);
#8885=AXIS2_PLACEMENT_3D('',#12781,#10432,#10433);
#8886=AXIS2_PLACEMENT_3D('',#12782,#10434,#10435);
#8887=AXIS2_PLACEMENT_3D('',#12783,#10436,#10437);
#8888=AXIS2_PLACEMENT_3D('',#12784,#10438,#10439);
#8889=AXIS2_PLACEMENT_3D('',#12785,#10440,#10441);
#8890=AXIS2_PLACEMENT_3D('',#12786,#10442,#10443);
#8891=AXIS2_PLACEMENT_3D('',#12787,#10444,#10445);
#8892=AXIS2_PLACEMENT_3D('',#12788,#10446,#10447);
#8893=AXIS2_PLACEMENT_3D('',#12789,#10448,#10449);
#8894=AXIS2_PLACEMENT_3D('',#12790,#10450,#10451);
#8895=AXIS2_PLACEMENT_3D('',#12791,#10452,#10453);
#8896=AXIS2_PLACEMENT_3D('',#12792,#10454,#10455);
#8897=AXIS2_PLACEMENT_3D('',#12793,#10456,#10457);
#8898=AXIS2_PLACEMENT_3D('',#12794,#10458,#10459);
#8899=AXIS2_PLACEMENT_3D('',#12795,#10460,#10461);
#8900=AXIS2_PLACEMENT_3D('',#12796,#10462,#10463);
#8901=AXIS2_PLACEMENT_3D('',#12797,#10464,#10465);
#8902=AXIS2_PLACEMENT_3D('',#12798,#10466,#10467);
#8903=AXIS2_PLACEMENT_3D('',#12799,#10468,#10469);
#8904=AXIS2_PLACEMENT_3D('',#12800,#10470,#10471);
#8905=AXIS2_PLACEMENT_3D('',#12801,#10472,#10473);
#8906=AXIS2_PLACEMENT_3D('',#12802,#10474,#10475);
#8907=AXIS2_PLACEMENT_3D('',#12803,#10476,#10477);
#8908=AXIS2_PLACEMENT_3D('',#12804,#10478,#10479);
#8909=AXIS2_PLACEMENT_3D('',#12805,#10480,#10481);
#8910=AXIS2_PLACEMENT_3D('',#12806,#10482,#10483);
#8911=AXIS2_PLACEMENT_3D('',#12807,#10484,#10485);
#8912=AXIS2_PLACEMENT_3D('',#12808,#10486,#10487);
#8913=AXIS2_PLACEMENT_3D('',#12809,#10488,#10489);
#8914=AXIS2_PLACEMENT_3D('',#12810,#10490,#10491);
#8915=AXIS2_PLACEMENT_3D('',#12811,#10492,#10493);
#8916=AXIS2_PLACEMENT_3D('',#12812,#10494,#10495);
#8917=AXIS2_PLACEMENT_3D('',#12821,#10500,#10501);
#8918=AXIS2_PLACEMENT_3D('',#12830,#10506,#10507);
#8919=AXIS2_PLACEMENT_3D('',#12839,#10512,#10513);
#8920=AXIS2_PLACEMENT_3D('',#12858,#10524,#10525);
#8921=AXIS2_PLACEMENT_3D('',#12877,#10536,#10537);
#8922=AXIS2_PLACEMENT_3D('',#12883,#10541,#10542);
#8923=AXIS2_PLACEMENT_3D('',#12889,#10546,#10547);
#8924=AXIS2_PLACEMENT_3D('',#12892,#10550,#10551);
#8925=AXIS2_PLACEMENT_3D('',#13033,#10624,#10625);
#8926=AXIS2_PLACEMENT_3D('',#13037,#10628,#10629);
#8927=AXIS2_PLACEMENT_3D('',#13043,#10633,#10634);
#8928=AXIS2_PLACEMENT_3D('',#13049,#10638,#10639);
#8929=AXIS2_PLACEMENT_3D('',#13055,#10643,#10644);
#8930=AXIS2_PLACEMENT_3D('',#13061,#10648,#10649);
#8931=AXIS2_PLACEMENT_3D('',#13067,#10653,#10654);
#8932=AXIS2_PLACEMENT_3D('',#13073,#10658,#10659);
#8933=AXIS2_PLACEMENT_3D('',#13079,#10663,#10664);
#8934=AXIS2_PLACEMENT_3D('',#13085,#10668,#10669);
#8935=AXIS2_PLACEMENT_3D('',#13091,#10673,#10674);
#8936=AXIS2_PLACEMENT_3D('',#13097,#10678,#10679);
#8937=AXIS2_PLACEMENT_3D('',#13103,#10683,#10684);
#8938=AXIS2_PLACEMENT_3D('',#13109,#10688,#10689);
#8939=AXIS2_PLACEMENT_3D('',#13115,#10693,#10694);
#8940=AXIS2_PLACEMENT_3D('',#13121,#10698,#10699);
#8941=AXIS2_PLACEMENT_3D('',#13127,#10703,#10704);
#8942=AXIS2_PLACEMENT_3D('',#13133,#10708,#10709);
#8943=AXIS2_PLACEMENT_3D('',#13139,#10713,#10714);
#8944=AXIS2_PLACEMENT_3D('',#13145,#10718,#10719);
#8945=AXIS2_PLACEMENT_3D('',#13151,#10723,#10724);
#8946=AXIS2_PLACEMENT_3D('',#13157,#10728,#10729);
#8947=AXIS2_PLACEMENT_3D('',#13163,#10733,#10734);
#8948=AXIS2_PLACEMENT_3D('',#13169,#10738,#10739);
#8949=AXIS2_PLACEMENT_3D('',#13175,#10743,#10744);
#8950=AXIS2_PLACEMENT_3D('',#13181,#10748,#10749);
#8951=AXIS2_PLACEMENT_3D('',#13187,#10753,#10754);
#8952=AXIS2_PLACEMENT_3D('',#13193,#10758,#10759);
#8953=AXIS2_PLACEMENT_3D('',#13198,#10763,#10764);
#8954=AXIS2_PLACEMENT_3D('',#13204,#10768,#10769);
#8955=AXIS2_PLACEMENT_3D('',#13210,#10773,#10774);
#8956=AXIS2_PLACEMENT_3D('',#13216,#10778,#10779);
#8957=AXIS2_PLACEMENT_3D('',#13222,#10783,#10784);
#8958=AXIS2_PLACEMENT_3D('',#13228,#10788,#10789);
#8959=AXIS2_PLACEMENT_3D('',#13234,#10793,#10794);
#8960=AXIS2_PLACEMENT_3D('',#13240,#10798,#10799);
#8961=AXIS2_PLACEMENT_3D('',#13246,#10803,#10804);
#8962=AXIS2_PLACEMENT_3D('',#13248,#10806,#10807);
#8963=AXIS2_PLACEMENT_3D('',#13251,#10810,#10811);
#8964=AXIS2_PLACEMENT_3D('',#13254,#10814,#10815);
#8965=AXIS2_PLACEMENT_3D('',#13257,#10818,#10819);
#8966=AXIS2_PLACEMENT_3D('',#13260,#10822,#10823);
#8967=AXIS2_PLACEMENT_3D('',#13263,#10826,#10827);
#8968=AXIS2_PLACEMENT_3D('',#13266,#10830,#10831);
#8969=AXIS2_PLACEMENT_3D('',#13269,#10834,#10835);
#8970=AXIS2_PLACEMENT_3D('',#13272,#10838,#10839);
#8971=AXIS2_PLACEMENT_3D('',#13276,#10842,#10843);
#8972=AXIS2_PLACEMENT_3D('',#13282,#10847,#10848);
#8973=AXIS2_PLACEMENT_3D('',#13288,#10852,#10853);
#8974=AXIS2_PLACEMENT_3D('',#13294,#10857,#10858);
#8975=AXIS2_PLACEMENT_3D('',#13300,#10862,#10863);
#8976=AXIS2_PLACEMENT_3D('',#13306,#10867,#10868);
#8977=AXIS2_PLACEMENT_3D('',#13312,#10872,#10873);
#8978=AXIS2_PLACEMENT_3D('',#13318,#10877,#10878);
#8979=AXIS2_PLACEMENT_3D('',#13324,#10882,#10883);
#8980=AXIS2_PLACEMENT_3D('',#13330,#10887,#10888);
#8981=AXIS2_PLACEMENT_3D('',#13336,#10892,#10893);
#8982=AXIS2_PLACEMENT_3D('',#13342,#10897,#10898);
#8983=AXIS2_PLACEMENT_3D('',#13348,#10902,#10903);
#8984=AXIS2_PLACEMENT_3D('',#13354,#10907,#10908);
#8985=AXIS2_PLACEMENT_3D('',#13360,#10912,#10913);
#8986=AXIS2_PLACEMENT_3D('',#13366,#10917,#10918);
#8987=AXIS2_PLACEMENT_3D('',#13372,#10922,#10923);
#8988=AXIS2_PLACEMENT_3D('',#13378,#10927,#10928);
#8989=AXIS2_PLACEMENT_3D('',#13384,#10932,#10933);
#8990=AXIS2_PLACEMENT_3D('',#13390,#10937,#10938);
#8991=AXIS2_PLACEMENT_3D('',#13396,#10942,#10943);
#8992=AXIS2_PLACEMENT_3D('',#13402,#10947,#10948);
#8993=AXIS2_PLACEMENT_3D('',#13408,#10952,#10953);
#8994=AXIS2_PLACEMENT_3D('',#13414,#10957,#10958);
#8995=AXIS2_PLACEMENT_3D('',#13419,#10962,#10963);
#8996=AXIS2_PLACEMENT_3D('',#13425,#10967,#10968);
#8997=AXIS2_PLACEMENT_3D('',#13431,#10972,#10973);
#8998=AXIS2_PLACEMENT_3D('',#13437,#10977,#10978);
#8999=AXIS2_PLACEMENT_3D('',#13443,#10982,#10983);
#9000=AXIS2_PLACEMENT_3D('',#13449,#10987,#10988);
#9001=AXIS2_PLACEMENT_3D('',#13455,#10992,#10993);
#9002=AXIS2_PLACEMENT_3D('',#13461,#10997,#10998);
#9003=AXIS2_PLACEMENT_3D('',#13463,#11000,#11001);
#9004=AXIS2_PLACEMENT_3D('',#13466,#11004,#11005);
#9005=AXIS2_PLACEMENT_3D('',#13469,#11008,#11009);
#9006=AXIS2_PLACEMENT_3D('',#13472,#11012,#11013);
#9007=AXIS2_PLACEMENT_3D('',#13475,#11016,#11017);
#9008=AXIS2_PLACEMENT_3D('',#13478,#11020,#11021);
#9009=AXIS2_PLACEMENT_3D('',#13481,#11024,#11025);
#9010=AXIS2_PLACEMENT_3D('',#13484,#11028,#11029);
#9011=AXIS2_PLACEMENT_3D('',#13488,#11032,#11033);
#9012=AXIS2_PLACEMENT_3D('',#13494,#11037,#11038);
#9013=AXIS2_PLACEMENT_3D('',#13500,#11042,#11043);
#9014=AXIS2_PLACEMENT_3D('',#13505,#11047,#11048);
#9015=AXIS2_PLACEMENT_3D('',#13507,#11050,#11051);
#9016=AXIS2_PLACEMENT_3D('',#13511,#11054,#11055);
#9017=AXIS2_PLACEMENT_3D('',#13517,#11059,#11060);
#9018=AXIS2_PLACEMENT_3D('',#13523,#11064,#11065);
#9019=AXIS2_PLACEMENT_3D('',#13528,#11069,#11070);
#9020=AXIS2_PLACEMENT_3D('',#13530,#11072,#11073);
#9021=AXIS2_PLACEMENT_3D('',#13531,#11074,#11075);
#9022=AXIS2_PLACEMENT_3D('',#13532,#11076,#11077);
#9023=AXIS2_PLACEMENT_3D('',#13533,#11078,#11079);
#9024=AXIS2_PLACEMENT_3D('',#13534,#11080,#11081);
#9025=AXIS2_PLACEMENT_3D('',#13536,#11083,#11084);
#9026=AXIS2_PLACEMENT_3D('',#13538,#11086,#11087);
#9027=AXIS2_PLACEMENT_3D('',#13539,#11088,#11089);
#9028=AXIS2_PLACEMENT_3D('',#13540,#11090,#11091);
#9029=AXIS2_PLACEMENT_3D('',#13542,#11093,#11094);
#9030=AXIS2_PLACEMENT_3D('',#13543,#11095,#11096);
#9031=AXIS2_PLACEMENT_3D('',#13545,#11098,#11099);
#9032=AXIS2_PLACEMENT_3D('',#13546,#11100,#11101);
#9033=AXIS2_PLACEMENT_3D('',#13548,#11103,#11104);
#9034=AXIS2_PLACEMENT_3D('',#13550,#11106,#11107);
#9035=AXIS2_PLACEMENT_3D('',#13551,#11108,#11109);
#9036=AXIS2_PLACEMENT_3D('',#13552,#11110,#11111);
#9037=AXIS2_PLACEMENT_3D('',#13554,#11113,#11114);
#9038=AXIS2_PLACEMENT_3D('',#13556,#11116,#11117);
#9039=AXIS2_PLACEMENT_3D('',#13557,#11118,#11119);
#9040=AXIS2_PLACEMENT_3D('',#13558,#11120,#11121);
#9041=AXIS2_PLACEMENT_3D('',#13560,#11123,#11124);
#9042=AXIS2_PLACEMENT_3D('',#13562,#11126,#11127);
#9043=AXIS2_PLACEMENT_3D('',#13563,#11128,#11129);
#9044=AXIS2_PLACEMENT_3D('',#13564,#11130,#11131);
#9045=AXIS2_PLACEMENT_3D('',#13566,#11133,#11134);
#9046=AXIS2_PLACEMENT_3D('',#13568,#11136,#11137);
#9047=AXIS2_PLACEMENT_3D('',#13569,#11138,#11139);
#9048=AXIS2_PLACEMENT_3D('',#13570,#11140,#11141);
#9049=AXIS2_PLACEMENT_3D('',#13572,#11143,#11144);
#9050=AXIS2_PLACEMENT_3D('',#13574,#11146,#11147);
#9051=AXIS2_PLACEMENT_3D('',#13575,#11148,#11149);
#9052=AXIS2_PLACEMENT_3D('',#13576,#11150,#11151);
#9053=AXIS2_PLACEMENT_3D('',#13578,#11153,#11154);
#9054=AXIS2_PLACEMENT_3D('',#13580,#11156,#11157);
#9055=AXIS2_PLACEMENT_3D('',#13581,#11158,#11159);
#9056=AXIS2_PLACEMENT_3D('',#13582,#11160,#11161);
#9057=AXIS2_PLACEMENT_3D('',#13584,#11163,#11164);
#9058=AXIS2_PLACEMENT_3D('',#13586,#11166,#11167);
#9059=AXIS2_PLACEMENT_3D('',#13587,#11168,#11169);
#9060=AXIS2_PLACEMENT_3D('',#13588,#11170,#11171);
#9061=AXIS2_PLACEMENT_3D('',#13590,#11173,#11174);
#9062=AXIS2_PLACEMENT_3D('',#13592,#11176,#11177);
#9063=AXIS2_PLACEMENT_3D('',#13593,#11178,#11179);
#9064=AXIS2_PLACEMENT_3D('',#13594,#11180,#11181);
#9065=AXIS2_PLACEMENT_3D('',#13596,#11183,#11184);
#9066=AXIS2_PLACEMENT_3D('',#13598,#11186,#11187);
#9067=AXIS2_PLACEMENT_3D('',#13599,#11188,#11189);
#9068=AXIS2_PLACEMENT_3D('',#13600,#11190,#11191);
#9069=AXIS2_PLACEMENT_3D('',#13602,#11193,#11194);
#9070=AXIS2_PLACEMENT_3D('',#13604,#11196,#11197);
#9071=AXIS2_PLACEMENT_3D('',#13605,#11198,#11199);
#9072=AXIS2_PLACEMENT_3D('',#13606,#11200,#11201);
#9073=AXIS2_PLACEMENT_3D('',#13608,#11203,#11204);
#9074=AXIS2_PLACEMENT_3D('',#13610,#11206,#11207);
#9075=AXIS2_PLACEMENT_3D('',#13611,#11208,#11209);
#9076=AXIS2_PLACEMENT_3D('',#13612,#11210,#11211);
#9077=AXIS2_PLACEMENT_3D('',#13614,#11213,#11214);
#9078=AXIS2_PLACEMENT_3D('',#13616,#11216,#11217);
#9079=AXIS2_PLACEMENT_3D('',#13617,#11218,#11219);
#9080=AXIS2_PLACEMENT_3D('',#13618,#11220,#11221);
#9081=AXIS2_PLACEMENT_3D('',#13620,#11223,#11224);
#9082=AXIS2_PLACEMENT_3D('',#13622,#11226,#11227);
#9083=AXIS2_PLACEMENT_3D('',#13623,#11228,#11229);
#9084=AXIS2_PLACEMENT_3D('',#13624,#11230,#11231);
#9085=AXIS2_PLACEMENT_3D('',#13626,#11233,#11234);
#9086=AXIS2_PLACEMENT_3D('',#13628,#11236,#11237);
#9087=AXIS2_PLACEMENT_3D('',#13629,#11238,#11239);
#9088=AXIS2_PLACEMENT_3D('',#13630,#11240,#11241);
#9089=AXIS2_PLACEMENT_3D('',#13632,#11243,#11244);
#9090=AXIS2_PLACEMENT_3D('',#13634,#11246,#11247);
#9091=AXIS2_PLACEMENT_3D('',#13635,#11248,#11249);
#9092=AXIS2_PLACEMENT_3D('',#13636,#11250,#11251);
#9093=AXIS2_PLACEMENT_3D('',#13637,#11252,#11253);
#9094=DIRECTION('',(0.,0.,1.));
#9095=DIRECTION('',(1.,0.,0.));
#9096=DIRECTION('',(0.,0.,-1.));
#9097=DIRECTION('',(-1.,0.,0.));
#9098=DIRECTION('',(0.,-1.,0.));
#9099=DIRECTION('',(-1.,0.,0.));
#9100=DIRECTION('',(0.,-1.,0.));
#9101=DIRECTION('',(1.,0.,0.));
#9102=DIRECTION('',(0.,0.,1.));
#9103=DIRECTION('',(1.,0.,0.));
#9104=DIRECTION('',(0.,-1.,0.));
#9105=DIRECTION('',(-1.,0.,0.));
#9106=DIRECTION('',(0.,-1.,0.));
#9107=DIRECTION('',(-1.,0.,0.));
#9108=DIRECTION('',(0.,1.,0.));
#9109=DIRECTION('',(0.,0.,1.));
#9110=DIRECTION('',(0.,0.,-1.));
#9111=DIRECTION('',(-1.,0.,0.));
#9112=DIRECTION('',(0.,0.,1.));
#9113=DIRECTION('',(-1.,0.,0.));
#9114=DIRECTION('',(1.,0.,0.));
#9115=DIRECTION('',(0.,0.,-1.));
#9116=DIRECTION('',(0.,0.,-1.));
#9117=DIRECTION('',(0.,1.,0.));
#9118=DIRECTION('',(0.,0.,1.));
#9119=DIRECTION('',(0.,-1.,0.));
#9120=DIRECTION('',(0.,-1.,-9.90294897703295E-14));
#9121=DIRECTION('',(0.,0.,-1.));
#9122=DIRECTION('',(0.,1.,0.));
#9123=DIRECTION('',(0.,0.,1.));
#9124=DIRECTION('',(0.,3.28347114623108E-16,1.));
#9125=DIRECTION('',(0.,-1.,0.));
#9126=DIRECTION('',(0.,0.,-1.));
#9127=DIRECTION('',(0.,-1.,0.));
#9128=DIRECTION('',(0.,0.,1.));
#9129=DIRECTION('',(0.,0.,-1.));
#9130=DIRECTION('',(-1.,0.,0.));
#9131=DIRECTION('',(-1.,0.,0.));
#9132=DIRECTION('',(0.,-1.,0.));
#9133=DIRECTION('',(1.,0.,0.));
#9134=DIRECTION('',(-1.,0.,0.));
#9135=DIRECTION('',(0.,0.,1.));
#9136=DIRECTION('',(0.,1.,0.));
#9137=DIRECTION('',(0.,0.,-1.));
#9138=DIRECTION('',(0.,0.,-1.));
#9139=DIRECTION('',(0.,0.,-1.));
#9140=DIRECTION('',(0.,-1.,0.));
#9141=DIRECTION('',(0.,3.28347114623108E-16,1.));
#9142=DIRECTION('',(0.,0.,-1.));
#9143=DIRECTION('',(0.,1.,0.));
#9144=DIRECTION('',(0.,0.,-1.));
#9145=DIRECTION('',(0.,-1.,-9.90294897703295E-14));
#9146=DIRECTION('',(0.,-1.,0.));
#9147=DIRECTION('',(0.,0.,1.));
#9148=DIRECTION('',(1.,0.,0.));
#9149=DIRECTION('',(0.,0.,-1.));
#9150=DIRECTION('',(0.,0.,1.));
#9151=DIRECTION('',(0.,-1.,0.));
#9152=DIRECTION('',(0.,0.,1.));
#9153=DIRECTION('',(0.,-1.,0.));
#9154=DIRECTION('',(0.,0.,1.));
#9155=DIRECTION('',(1.,0.,0.));
#9156=DIRECTION('',(-1.,0.,0.));
#9157=DIRECTION('',(0.,-1.,0.));
#9158=DIRECTION('',(-1.,0.,0.));
#9159=DIRECTION('',(-1.,0.,0.));
#9160=DIRECTION('',(0.,0.,1.));
#9161=DIRECTION('',(0.,0.,-1.));
#9162=DIRECTION('',(0.,-1.,0.));
#9163=DIRECTION('',(0.,0.,-1.));
#9164=DIRECTION('',(1.,0.,0.));
#9165=DIRECTION('',(0.,0.,-1.));
#9166=DIRECTION('',(0.,0.,1.));
#9167=DIRECTION('',(0.,-1.,0.));
#9168=DIRECTION('',(0.,0.,1.));
#9169=DIRECTION('',(0.,-1.,0.));
#9170=DIRECTION('',(0.,0.,1.));
#9171=DIRECTION('',(1.,0.,0.));
#9172=DIRECTION('',(-1.,0.,0.));
#9173=DIRECTION('',(0.,-1.,0.));
#9174=DIRECTION('',(-1.,0.,0.));
#9175=DIRECTION('',(-1.,0.,0.));
#9176=DIRECTION('',(0.,0.,1.));
#9177=DIRECTION('',(0.,0.,-1.));
#9178=DIRECTION('',(0.,-1.,0.));
#9179=DIRECTION('',(0.,0.,-1.));
#9180=DIRECTION('',(1.,0.,0.));
#9181=DIRECTION('',(0.,0.,-1.));
#9182=DIRECTION('',(0.,0.,1.));
#9183=DIRECTION('',(0.,-1.,0.));
#9184=DIRECTION('',(0.,0.,1.));
#9185=DIRECTION('',(0.,-1.,0.));
#9186=DIRECTION('',(0.,0.,1.));
#9187=DIRECTION('',(1.,0.,0.));
#9188=DIRECTION('',(-1.,0.,0.));
#9189=DIRECTION('',(0.,-1.,0.));
#9190=DIRECTION('',(-1.,0.,0.));
#9191=DIRECTION('',(-1.,0.,0.));
#9192=DIRECTION('',(0.,0.,1.));
#9193=DIRECTION('',(0.,0.,-1.));
#9194=DIRECTION('',(0.,-1.,0.));
#9195=DIRECTION('',(0.,0.,-1.));
#9196=DIRECTION('',(1.,0.,0.));
#9197=DIRECTION('',(0.,0.,-1.));
#9198=DIRECTION('',(0.,0.,1.));
#9199=DIRECTION('',(0.,-1.,0.));
#9200=DIRECTION('',(0.,0.,1.));
#9201=DIRECTION('',(0.,-1.,0.));
#9202=DIRECTION('',(0.,0.,1.));
#9203=DIRECTION('',(1.,0.,0.));
#9204=DIRECTION('',(-1.,0.,0.));
#9205=DIRECTION('',(0.,-1.,0.));
#9206=DIRECTION('',(-1.,0.,0.));
#9207=DIRECTION('',(-1.,0.,0.));
#9208=DIRECTION('',(0.,0.,1.));
#9209=DIRECTION('',(0.,0.,-1.));
#9210=DIRECTION('',(0.,-1.,0.));
#9211=DIRECTION('',(0.,0.,-1.));
#9212=DIRECTION('',(1.,0.,0.));
#9213=DIRECTION('',(0.,0.,-1.));
#9214=DIRECTION('',(0.,0.,1.));
#9215=DIRECTION('',(0.,-1.,0.));
#9216=DIRECTION('',(0.,0.,1.));
#9217=DIRECTION('',(0.,-1.,0.));
#9218=DIRECTION('',(0.,0.,1.));
#9219=DIRECTION('',(1.,0.,0.));
#9220=DIRECTION('',(-1.,0.,0.));
#9221=DIRECTION('',(0.,-1.,0.));
#9222=DIRECTION('',(-1.,0.,0.));
#9223=DIRECTION('',(-1.,0.,0.));
#9224=DIRECTION('',(0.,0.,1.));
#9225=DIRECTION('',(0.,0.,-1.));
#9226=DIRECTION('',(0.,-1.,0.));
#9227=DIRECTION('',(0.,0.,-1.));
#9228=DIRECTION('',(1.,0.,0.));
#9229=DIRECTION('',(0.,0.,-1.));
#9230=DIRECTION('',(0.,0.,1.));
#9231=DIRECTION('',(0.,-1.,0.));
#9232=DIRECTION('',(0.,0.,1.));
#9233=DIRECTION('',(0.,-1.,0.));
#9234=DIRECTION('',(0.,0.,1.));
#9235=DIRECTION('',(1.,0.,0.));
#9236=DIRECTION('',(-1.,0.,0.));
#9237=DIRECTION('',(0.,-1.,0.));
#9238=DIRECTION('',(-1.,0.,0.));
#9239=DIRECTION('',(-1.,0.,0.));
#9240=DIRECTION('',(0.,0.,1.));
#9241=DIRECTION('',(0.,0.,-1.));
#9242=DIRECTION('',(0.,-1.,0.));
#9243=DIRECTION('',(0.,0.,-1.));
#9244=DIRECTION('',(1.,0.,0.));
#9245=DIRECTION('',(0.,0.,-1.));
#9246=DIRECTION('',(0.,0.,1.));
#9247=DIRECTION('',(0.,-1.,0.));
#9248=DIRECTION('',(0.,0.,1.));
#9249=DIRECTION('',(0.,-1.,0.));
#9250=DIRECTION('',(0.,0.,1.));
#9251=DIRECTION('',(1.,0.,0.));
#9252=DIRECTION('',(-1.,0.,0.));
#9253=DIRECTION('',(0.,-1.,0.));
#9254=DIRECTION('',(-1.,0.,0.));
#9255=DIRECTION('',(-1.,0.,0.));
#9256=DIRECTION('',(0.,0.,1.));
#9257=DIRECTION('',(0.,0.,-1.));
#9258=DIRECTION('',(0.,-1.,0.));
#9259=DIRECTION('',(0.,0.,-1.));
#9260=DIRECTION('',(1.,0.,0.));
#9261=DIRECTION('',(0.,0.,-1.));
#9262=DIRECTION('',(0.,0.,1.));
#9263=DIRECTION('',(0.,-1.,0.));
#9264=DIRECTION('',(0.,0.,1.));
#9265=DIRECTION('',(0.,-1.,0.));
#9266=DIRECTION('',(0.,0.,1.));
#9267=DIRECTION('',(1.,0.,0.));
#9268=DIRECTION('',(-1.,0.,0.));
#9269=DIRECTION('',(0.,-1.,0.));
#9270=DIRECTION('',(-1.,0.,0.));
#9271=DIRECTION('',(-1.,0.,0.));
#9272=DIRECTION('',(0.,0.,1.));
#9273=DIRECTION('',(0.,0.,-1.));
#9274=DIRECTION('',(0.,-1.,0.));
#9275=DIRECTION('',(0.,0.,-1.));
#9276=DIRECTION('',(1.,0.,0.));
#9277=DIRECTION('',(0.,0.,-1.));
#9278=DIRECTION('',(0.,0.,1.));
#9279=DIRECTION('',(0.,-1.,0.));
#9280=DIRECTION('',(0.,0.,1.));
#9281=DIRECTION('',(0.,-1.,0.));
#9282=DIRECTION('',(0.,0.,1.));
#9283=DIRECTION('',(1.,0.,0.));
#9284=DIRECTION('',(-1.,0.,0.));
#9285=DIRECTION('',(0.,-1.,0.));
#9286=DIRECTION('',(-1.,0.,0.));
#9287=DIRECTION('',(-1.,0.,0.));
#9288=DIRECTION('',(0.,0.,1.));
#9289=DIRECTION('',(0.,0.,-1.));
#9290=DIRECTION('',(0.,-1.,0.));
#9291=DIRECTION('',(0.,0.,-1.));
#9292=DIRECTION('',(1.,0.,0.));
#9293=DIRECTION('',(0.,0.,-1.));
#9294=DIRECTION('',(0.,0.,1.));
#9295=DIRECTION('',(0.,-1.,0.));
#9296=DIRECTION('',(0.,0.,1.));
#9297=DIRECTION('',(0.,-1.,0.));
#9298=DIRECTION('',(0.,0.,1.));
#9299=DIRECTION('',(1.,0.,0.));
#9300=DIRECTION('',(-1.,0.,0.));
#9301=DIRECTION('',(0.,-1.,0.));
#9302=DIRECTION('',(-1.,0.,0.));
#9303=DIRECTION('',(-1.,0.,0.));
#9304=DIRECTION('',(0.,0.,1.));
#9305=DIRECTION('',(0.,0.,-1.));
#9306=DIRECTION('',(0.,-1.,0.));
#9307=DIRECTION('',(0.,0.,-1.));
#9308=DIRECTION('',(1.,0.,0.));
#9309=DIRECTION('',(0.,0.,-1.));
#9310=DIRECTION('',(0.,0.,1.));
#9311=DIRECTION('',(0.,-1.,0.));
#9312=DIRECTION('',(0.,0.,1.));
#9313=DIRECTION('',(0.,-1.,0.));
#9314=DIRECTION('',(0.,0.,1.));
#9315=DIRECTION('',(1.,0.,0.));
#9316=DIRECTION('',(-1.,0.,0.));
#9317=DIRECTION('',(0.,-1.,0.));
#9318=DIRECTION('',(-1.,0.,0.));
#9319=DIRECTION('',(-1.,0.,0.));
#9320=DIRECTION('',(0.,0.,1.));
#9321=DIRECTION('',(0.,0.,-1.));
#9322=DIRECTION('',(0.,-1.,0.));
#9323=DIRECTION('',(0.,0.,-1.));
#9324=DIRECTION('',(1.,0.,0.));
#9325=DIRECTION('',(0.,0.,-1.));
#9326=DIRECTION('',(0.,0.,1.));
#9327=DIRECTION('',(0.,-1.,0.));
#9328=DIRECTION('',(0.,0.,1.));
#9329=DIRECTION('',(0.,-1.,0.));
#9330=DIRECTION('',(0.,0.,1.));
#9331=DIRECTION('',(1.,0.,0.));
#9332=DIRECTION('',(-1.,0.,0.));
#9333=DIRECTION('',(0.,-1.,0.));
#9334=DIRECTION('',(-1.,0.,0.));
#9335=DIRECTION('',(-1.,0.,0.));
#9336=DIRECTION('',(0.,0.,1.));
#9337=DIRECTION('',(0.,0.,-1.));
#9338=DIRECTION('',(0.,-1.,0.));
#9339=DIRECTION('',(0.,0.,-1.));
#9340=DIRECTION('',(1.,0.,0.));
#9341=DIRECTION('',(0.,0.,-1.));
#9342=DIRECTION('',(0.,0.,1.));
#9343=DIRECTION('',(0.,-1.,0.));
#9344=DIRECTION('',(0.,0.,1.));
#9345=DIRECTION('',(0.,-1.,0.));
#9346=DIRECTION('',(0.,0.,1.));
#9347=DIRECTION('',(1.,0.,0.));
#9348=DIRECTION('',(-1.,0.,0.));
#9349=DIRECTION('',(0.,-1.,0.));
#9350=DIRECTION('',(-1.,0.,0.));
#9351=DIRECTION('',(-1.,0.,0.));
#9352=DIRECTION('',(0.,0.,1.));
#9353=DIRECTION('',(0.,0.,-1.));
#9354=DIRECTION('',(0.,-1.,0.));
#9355=DIRECTION('',(0.,0.,-1.));
#9356=DIRECTION('',(1.,0.,0.));
#9357=DIRECTION('',(0.,0.,-1.));
#9358=DIRECTION('',(0.,0.,1.));
#9359=DIRECTION('',(0.,-1.,0.));
#9360=DIRECTION('',(0.,0.,1.));
#9361=DIRECTION('',(0.,-1.,0.));
#9362=DIRECTION('',(0.,0.,1.));
#9363=DIRECTION('',(1.,0.,0.));
#9364=DIRECTION('',(-1.,0.,0.));
#9365=DIRECTION('',(0.,-1.,0.));
#9366=DIRECTION('',(-1.,0.,0.));
#9367=DIRECTION('',(-1.,0.,0.));
#9368=DIRECTION('',(0.,0.,1.));
#9369=DIRECTION('',(0.,0.,-1.));
#9370=DIRECTION('',(0.,-1.,0.));
#9371=DIRECTION('',(0.,0.,-1.));
#9372=DIRECTION('',(1.,0.,0.));
#9373=DIRECTION('',(0.,0.,-1.));
#9374=DIRECTION('',(0.,0.,1.));
#9375=DIRECTION('',(0.,-1.,0.));
#9376=DIRECTION('',(0.,0.,1.));
#9377=DIRECTION('',(0.,-1.,0.));
#9378=DIRECTION('',(0.,0.,1.));
#9379=DIRECTION('',(1.,0.,0.));
#9380=DIRECTION('',(-1.,0.,0.));
#9381=DIRECTION('',(0.,-1.,0.));
#9382=DIRECTION('',(-1.,0.,0.));
#9383=DIRECTION('',(-1.,0.,0.));
#9384=DIRECTION('',(0.,0.,1.));
#9385=DIRECTION('',(0.,0.,-1.));
#9386=DIRECTION('',(0.,-1.,0.));
#9387=DIRECTION('',(0.,0.,-1.));
#9388=DIRECTION('',(1.,0.,0.));
#9389=DIRECTION('',(0.,0.,-1.));
#9390=DIRECTION('',(0.,0.,1.));
#9391=DIRECTION('',(0.,-1.,0.));
#9392=DIRECTION('',(0.,0.,1.));
#9393=DIRECTION('',(0.,-1.,0.));
#9394=DIRECTION('',(0.,0.,1.));
#9395=DIRECTION('',(1.,0.,0.));
#9396=DIRECTION('',(-1.,0.,0.));
#9397=DIRECTION('',(0.,-1.,0.));
#9398=DIRECTION('',(-1.,0.,0.));
#9399=DIRECTION('',(-1.,0.,0.));
#9400=DIRECTION('',(0.,0.,1.));
#9401=DIRECTION('',(0.,0.,-1.));
#9402=DIRECTION('',(0.,-1.,0.));
#9403=DIRECTION('',(0.,0.,-1.));
#9404=DIRECTION('',(1.,0.,0.));
#9405=DIRECTION('',(0.,0.,-1.));
#9406=DIRECTION('',(0.,0.,1.));
#9407=DIRECTION('',(0.,-1.,0.));
#9408=DIRECTION('',(0.,0.,1.));
#9409=DIRECTION('',(0.,-1.,0.));
#9410=DIRECTION('',(0.,0.,1.));
#9411=DIRECTION('',(1.,0.,0.));
#9412=DIRECTION('',(-1.,0.,0.));
#9413=DIRECTION('',(0.,-1.,0.));
#9414=DIRECTION('',(-1.,0.,0.));
#9415=DIRECTION('',(-1.,0.,0.));
#9416=DIRECTION('',(0.,0.,1.));
#9417=DIRECTION('',(0.,0.,-1.));
#9418=DIRECTION('',(0.,-1.,0.));
#9419=DIRECTION('',(0.,0.,-1.));
#9420=DIRECTION('',(1.,0.,0.));
#9421=DIRECTION('',(0.,0.,-1.));
#9422=DIRECTION('',(0.,0.,1.));
#9423=DIRECTION('',(0.,-1.,0.));
#9424=DIRECTION('',(0.,0.,1.));
#9425=DIRECTION('',(0.,-1.,0.));
#9426=DIRECTION('',(0.,0.,1.));
#9427=DIRECTION('',(1.,0.,0.));
#9428=DIRECTION('',(-1.,0.,0.));
#9429=DIRECTION('',(0.,-1.,0.));
#9430=DIRECTION('',(-1.,0.,0.));
#9431=DIRECTION('',(-1.,0.,0.));
#9432=DIRECTION('',(0.,0.,1.));
#9433=DIRECTION('',(0.,0.,-1.));
#9434=DIRECTION('',(0.,-1.,0.));
#9435=DIRECTION('',(0.,0.,-1.));
#9436=DIRECTION('',(1.,0.,0.));
#9437=DIRECTION('',(0.,0.,-1.));
#9438=DIRECTION('',(0.,0.,1.));
#9439=DIRECTION('',(0.,-1.,0.));
#9440=DIRECTION('',(0.,0.,1.));
#9441=DIRECTION('',(0.,-1.,0.));
#9442=DIRECTION('',(0.,0.,1.));
#9443=DIRECTION('',(1.,0.,0.));
#9444=DIRECTION('',(-1.,0.,0.));
#9445=DIRECTION('',(0.,-1.,0.));
#9446=DIRECTION('',(-1.,0.,0.));
#9447=DIRECTION('',(-1.,0.,0.));
#9448=DIRECTION('',(0.,0.,1.));
#9449=DIRECTION('',(0.,0.,-1.));
#9450=DIRECTION('',(0.,-1.,0.));
#9451=DIRECTION('',(0.,0.,-1.));
#9452=DIRECTION('',(1.,0.,0.));
#9453=DIRECTION('',(0.,0.,-1.));
#9454=DIRECTION('',(0.,0.,1.));
#9455=DIRECTION('',(0.,-1.,0.));
#9456=DIRECTION('',(0.,0.,1.));
#9457=DIRECTION('',(0.,-1.,0.));
#9458=DIRECTION('',(0.,0.,1.));
#9459=DIRECTION('',(1.,0.,0.));
#9460=DIRECTION('',(-1.,0.,0.));
#9461=DIRECTION('',(0.,-1.,0.));
#9462=DIRECTION('',(-1.,0.,0.));
#9463=DIRECTION('',(-1.,0.,0.));
#9464=DIRECTION('',(0.,0.,1.));
#9465=DIRECTION('',(0.,0.,-1.));
#9466=DIRECTION('',(0.,-1.,0.));
#9467=DIRECTION('',(0.,0.,-1.));
#9468=DIRECTION('',(0.,0.,-1.));
#9469=DIRECTION('',(-1.,0.,0.));
#9470=DIRECTION('',(1.,0.,0.));
#9471=DIRECTION('',(1.,0.,0.));
#9472=DIRECTION('',(0.,0.,-1.));
#9473=DIRECTION('',(-1.,0.,0.));
#9474=DIRECTION('',(1.,0.,0.));
#9475=DIRECTION('',(1.,0.,0.));
#9476=DIRECTION('',(0.,0.,-1.));
#9477=DIRECTION('',(-1.,0.,0.));
#9478=DIRECTION('',(1.,0.,0.));
#9479=DIRECTION('',(1.,0.,0.));
#9480=DIRECTION('',(0.,0.,-1.));
#9481=DIRECTION('',(-1.,0.,0.));
#9482=DIRECTION('',(1.,0.,0.));
#9483=DIRECTION('',(1.,0.,0.));
#9484=DIRECTION('',(0.,0.,-1.));
#9485=DIRECTION('',(-1.,0.,0.));
#9486=DIRECTION('',(1.,0.,0.));
#9487=DIRECTION('',(1.,0.,0.));
#9488=DIRECTION('',(0.,0.,-1.));
#9489=DIRECTION('',(-1.,0.,0.));
#9490=DIRECTION('',(1.,0.,0.));
#9491=DIRECTION('',(1.,0.,0.));
#9492=DIRECTION('',(0.,0.,-1.));
#9493=DIRECTION('',(-1.,0.,0.));
#9494=DIRECTION('',(1.,0.,0.));
#9495=DIRECTION('',(1.,0.,0.));
#9496=DIRECTION('',(0.,0.,-1.));
#9497=DIRECTION('',(-1.,0.,0.));
#9498=DIRECTION('',(1.,0.,0.));
#9499=DIRECTION('',(1.,0.,0.));
#9500=DIRECTION('',(0.,0.,-1.));
#9501=DIRECTION('',(-1.,0.,0.));
#9502=DIRECTION('',(1.,0.,0.));
#9503=DIRECTION('',(1.,0.,0.));
#9504=DIRECTION('',(0.,0.,-1.));
#9505=DIRECTION('',(-1.,0.,0.));
#9506=DIRECTION('',(1.,0.,0.));
#9507=DIRECTION('',(1.,0.,0.));
#9508=DIRECTION('',(0.,0.,-1.));
#9509=DIRECTION('',(-1.,0.,0.));
#9510=DIRECTION('',(1.,0.,0.));
#9511=DIRECTION('',(1.,0.,0.));
#9512=DIRECTION('',(0.,0.,-1.));
#9513=DIRECTION('',(-1.,0.,0.));
#9514=DIRECTION('',(1.,0.,0.));
#9515=DIRECTION('',(1.,0.,0.));
#9516=DIRECTION('',(0.,0.,-1.));
#9517=DIRECTION('',(-1.,0.,0.));
#9518=DIRECTION('',(1.,0.,0.));
#9519=DIRECTION('',(1.,0.,0.));
#9520=DIRECTION('',(0.,0.,-1.));
#9521=DIRECTION('',(-1.,0.,0.));
#9522=DIRECTION('',(1.,0.,0.));
#9523=DIRECTION('',(1.,0.,0.));
#9524=DIRECTION('',(0.,0.,-1.));
#9525=DIRECTION('',(-1.,0.,0.));
#9526=DIRECTION('',(1.,0.,0.));
#9527=DIRECTION('',(1.,0.,0.));
#9528=DIRECTION('',(0.,0.,-1.));
#9529=DIRECTION('',(-1.,0.,0.));
#9530=DIRECTION('',(1.,0.,0.));
#9531=DIRECTION('',(1.,0.,0.));
#9532=DIRECTION('',(0.,0.,-1.));
#9533=DIRECTION('',(-1.,0.,0.));
#9534=DIRECTION('',(1.,0.,0.));
#9535=DIRECTION('',(1.,0.,0.));
#9536=DIRECTION('',(0.,0.,-1.));
#9537=DIRECTION('',(-1.,0.,0.));
#9538=DIRECTION('',(1.,0.,0.));
#9539=DIRECTION('',(1.,0.,0.));
#9540=DIRECTION('',(0.,0.,-1.));
#9541=DIRECTION('',(-1.,0.,0.));
#9542=DIRECTION('',(1.,0.,0.));
#9543=DIRECTION('',(1.,0.,0.));
#9544=DIRECTION('',(0.,0.,-1.));
#9545=DIRECTION('',(-1.,0.,0.));
#9546=DIRECTION('',(1.,0.,0.));
#9547=DIRECTION('',(1.,0.,0.));
#9548=DIRECTION('',(0.,0.,1.));
#9549=DIRECTION('',(1.,0.,0.));
#9550=DIRECTION('',(-1.,0.,0.));
#9551=DIRECTION('',(0.,1.,0.));
#9552=DIRECTION('',(0.,0.,1.));
#9553=DIRECTION('',(0.,1.,0.));
#9554=DIRECTION('',(0.,0.,1.));
#9555=DIRECTION('',(-1.,0.,0.));
#9556=DIRECTION('',(0.,9.90294897703295E-14,-1.));
#9557=DIRECTION('',(0.,1.,9.90294897703295E-14));
#9558=DIRECTION('',(-1.,0.,0.));
#9559=DIRECTION('',(0.,0.,1.));
#9560=DIRECTION('',(1.,0.,0.));
#9561=DIRECTION('',(-1.,0.,0.));
#9562=DIRECTION('',(0.,1.,0.));
#9563=DIRECTION('',(0.,0.,1.));
#9564=DIRECTION('',(0.,1.,0.));
#9565=DIRECTION('',(0.,0.,1.));
#9566=DIRECTION('',(-1.,0.,0.));
#9567=DIRECTION('',(0.,-1.,0.));
#9568=DIRECTION('',(0.,0.,-1.));
#9569=DIRECTION('',(-1.,0.,0.));
#9570=DIRECTION('',(0.,0.,1.));
#9571=DIRECTION('',(1.,0.,0.));
#9572=DIRECTION('',(0.,-1.,3.28347114623108E-16));
#9573=DIRECTION('',(0.,-3.28347114623108E-16,-1.));
#9574=DIRECTION('',(-1.,0.,0.));
#9575=DIRECTION('',(0.,0.,-1.));
#9576=DIRECTION('',(-1.,0.,0.));
#9577=DIRECTION('',(-1.,0.,0.));
#9578=DIRECTION('',(0.,1.,0.));
#9579=DIRECTION('',(0.,0.,1.));
#9580=DIRECTION('',(0.,0.,1.));
#9581=DIRECTION('',(1.,0.,0.));
#9582=DIRECTION('',(0.,0.,-1.));
#9583=DIRECTION('',(-1.,0.,0.));
#9584=DIRECTION('',(1.,0.,0.));
#9585=DIRECTION('',(0.,-1.,0.));
#9586=DIRECTION('',(-1.,0.,0.));
#9587=DIRECTION('',(0.,-1.,0.));
#9588=DIRECTION('',(0.,0.,1.));
#9589=DIRECTION('',(1.,0.,0.));
#9590=DIRECTION('',(-1.,0.,0.));
#9591=DIRECTION('',(0.,1.,0.));
#9592=DIRECTION('',(-1.,0.,0.));
#9593=DIRECTION('',(0.,1.,0.));
#9594=DIRECTION('',(0.,0.,-1.));
#9595=DIRECTION('',(-1.,0.,0.));
#9596=DIRECTION('',(1.,0.,0.));
#9597=DIRECTION('',(0.,-1.,0.));
#9598=DIRECTION('',(-1.,0.,0.));
#9599=DIRECTION('',(0.,-1.,0.));
#9600=DIRECTION('',(1.,0.,0.));
#9601=DIRECTION('',(0.,0.,-1.));
#9602=DIRECTION('',(0.,0.,1.));
#9603=DIRECTION('',(0.,0.,-1.));
#9604=DIRECTION('',(0.,-1.,0.));
#9605=DIRECTION('',(1.,0.,0.));
#9606=DIRECTION('',(0.,0.,-1.));
#9607=DIRECTION('',(0.,0.,1.));
#9608=DIRECTION('',(0.,-1.,0.));
#9609=DIRECTION('',(0.,0.,-1.));
#9610=DIRECTION('',(1.,0.,0.));
#9611=DIRECTION('',(0.,0.,-1.));
#9612=DIRECTION('',(0.,1.,0.));
#9613=DIRECTION('',(0.,2.60275151835397E-17,-1.));
#9614=DIRECTION('',(0.,-1.,0.));
#9615=DIRECTION('',(1.,0.,0.));
#9616=DIRECTION('',(0.,0.,-1.));
#9617=DIRECTION('',(0.,0.,-1.));
#9618=DIRECTION('',(0.,1.,0.));
#9619=DIRECTION('',(0.,0.,1.));
#9620=DIRECTION('',(1.,0.,0.));
#9621=DIRECTION('',(0.,0.,-1.));
#9622=DIRECTION('',(0.,1.,0.));
#9623=DIRECTION('',(0.,1.33391015315638E-16,-1.));
#9624=DIRECTION('',(1.,0.,0.));
#9625=DIRECTION('',(0.,0.,-1.));
#9626=DIRECTION('',(0.,0.,1.));
#9627=DIRECTION('',(0.,1.33391015315638E-16,-1.));
#9628=DIRECTION('',(0.,1.,0.));
#9629=DIRECTION('',(1.,0.,0.));
#9630=DIRECTION('',(0.,0.,-1.));
#9631=DIRECTION('',(0.,0.,1.));
#9632=DIRECTION('',(0.,1.,0.));
#9633=DIRECTION('',(0.,0.,-1.));
#9634=DIRECTION('',(1.,0.,0.));
#9635=DIRECTION('',(0.,0.,-1.));
#9636=DIRECTION('',(0.,-1.,0.));
#9637=DIRECTION('',(0.,2.60275151835397E-17,-1.));
#9638=DIRECTION('',(0.,1.,0.));
#9639=DIRECTION('',(1.,0.,0.));
#9640=DIRECTION('',(0.,0.,-1.));
#9641=DIRECTION('',(0.,0.,-1.));
#9642=DIRECTION('',(0.,-1.,0.));
#9643=DIRECTION('',(0.,0.,1.));
#9644=DIRECTION('',(1.,0.,0.));
#9645=DIRECTION('',(0.,0.,-1.));
#9646=DIRECTION('',(0.,-1.,0.));
#9647=DIRECTION('',(0.,0.,-1.));
#9648=DIRECTION('',(1.,0.,0.));
#9649=DIRECTION('',(0.,0.,-1.));
#9650=DIRECTION('',(0.,0.,1.));
#9651=DIRECTION('',(0.,1.,-2.51088970005907E-17));
#9652=DIRECTION('',(0.,0.,-1.));
#9653=DIRECTION('',(0.,-2.51088970005907E-17,-1.));
#9654=DIRECTION('',(0.,1.,-2.51088970005907E-17));
#9655=DIRECTION('',(1.,0.,0.));
#9656=DIRECTION('',(0.,1.,-2.51088970005907E-17));
#9657=DIRECTION('',(-1.,0.,0.));
#9658=DIRECTION('',(1.,0.,0.));
#9659=DIRECTION('',(0.,0.,-1.));
#9660=DIRECTION('',(0.,0.,1.));
#9661=DIRECTION('',(0.,0.,-1.));
#9662=DIRECTION('',(0.,1.,0.));
#9663=DIRECTION('',(0.,0.,1.));
#9664=DIRECTION('',(-1.,0.,0.));
#9665=DIRECTION('',(0.,0.,-1.));
#9666=DIRECTION('',(-1.,0.,0.));
#9667=DIRECTION('',(0.,0.,-1.));
#9668=DIRECTION('',(-1.,0.,0.));
#9669=DIRECTION('',(0.,0.,-1.));
#9670=DIRECTION('',(-1.,0.,0.));
#9671=DIRECTION('',(0.,0.,-1.));
#9672=DIRECTION('',(-1.,0.,0.));
#9673=DIRECTION('',(0.,0.,-1.));
#9674=DIRECTION('',(-1.,0.,0.));
#9675=DIRECTION('',(0.,0.,-1.));
#9676=DIRECTION('',(-1.,0.,0.));
#9677=DIRECTION('',(0.,0.,-1.));
#9678=DIRECTION('',(-1.,0.,0.));
#9679=DIRECTION('',(0.,0.,-1.));
#9680=DIRECTION('',(-1.,0.,0.));
#9681=DIRECTION('',(0.,0.,-1.));
#9682=DIRECTION('',(-1.,0.,0.));
#9683=DIRECTION('',(0.,0.,-1.));
#9684=DIRECTION('',(-1.,0.,0.));
#9685=DIRECTION('',(0.,0.,-1.));
#9686=DIRECTION('',(-1.,0.,0.));
#9687=DIRECTION('',(0.,0.,-1.));
#9688=DIRECTION('',(-1.,0.,0.));
#9689=DIRECTION('',(0.,0.,-1.));
#9690=DIRECTION('',(-1.,0.,0.));
#9691=DIRECTION('',(0.,0.,-1.));
#9692=DIRECTION('',(-1.,0.,0.));
#9693=DIRECTION('',(0.,0.,-1.));
#9694=DIRECTION('',(-1.,0.,0.));
#9695=DIRECTION('',(0.,0.,-1.));
#9696=DIRECTION('',(0.,0.,-1.));
#9697=DIRECTION('',(-1.,0.,0.));
#9698=DIRECTION('',(0.,0.,-1.));
#9699=DIRECTION('',(-1.,0.,0.));
#9700=DIRECTION('',(0.,0.,-1.));
#9701=DIRECTION('',(-1.,0.,0.));
#9702=DIRECTION('',(0.,0.,-1.));
#9703=DIRECTION('',(-1.,0.,0.));
#9704=DIRECTION('',(0.,0.,-1.));
#9705=DIRECTION('',(-1.,0.,0.));
#9706=DIRECTION('',(0.,0.,-1.));
#9707=DIRECTION('',(-1.,0.,0.));
#9708=DIRECTION('',(0.,0.,-1.));
#9709=DIRECTION('',(-1.,0.,0.));
#9710=DIRECTION('',(0.,0.,-1.));
#9711=DIRECTION('',(-1.,0.,0.));
#9712=DIRECTION('',(0.,0.,-1.));
#9713=DIRECTION('',(-1.,0.,0.));
#9714=DIRECTION('',(0.,0.,-1.));
#9715=DIRECTION('',(-1.,0.,0.));
#9716=DIRECTION('',(0.,0.,-1.));
#9717=DIRECTION('',(-1.,0.,0.));
#9718=DIRECTION('',(0.,0.,-1.));
#9719=DIRECTION('',(-1.,0.,0.));
#9720=DIRECTION('',(0.,0.,-1.));
#9721=DIRECTION('',(-1.,0.,0.));
#9722=DIRECTION('',(0.,0.,-1.));
#9723=DIRECTION('',(-1.,0.,0.));
#9724=DIRECTION('',(-1.,0.,0.));
#9725=DIRECTION('',(0.,0.,-1.));
#9726=DIRECTION('',(-1.,0.,0.));
#9727=DIRECTION('',(-1.,0.,0.));
#9728=DIRECTION('',(0.,0.,-1.));
#9729=DIRECTION('',(-1.,0.,0.));
#9730=DIRECTION('',(-1.,0.,0.));
#9731=DIRECTION('',(0.,0.,-1.));
#9732=DIRECTION('',(-1.,0.,0.));
#9733=DIRECTION('',(-1.,0.,0.));
#9734=DIRECTION('',(0.,0.,-1.));
#9735=DIRECTION('',(-1.,0.,0.));
#9736=DIRECTION('',(0.,0.,-1.));
#9737=DIRECTION('',(-1.,0.,0.));
#9738=DIRECTION('',(-1.,0.,0.));
#9739=DIRECTION('',(0.,-1.,0.));
#9740=DIRECTION('',(-1.,0.,0.));
#9741=DIRECTION('',(0.,0.,-1.));
#9742=DIRECTION('',(-1.,0.,0.));
#9743=DIRECTION('',(-1.,0.,0.));
#9744=DIRECTION('',(0.,1.,0.));
#9745=DIRECTION('',(-1.,0.,0.));
#9746=DIRECTION('',(0.,-1.,0.));
#9747=DIRECTION('',(0.,0.,-1.));
#9748=DIRECTION('',(-1.,0.,0.));
#9749=DIRECTION('',(-1.,0.,0.));
#9750=DIRECTION('',(0.,1.,0.));
#9751=DIRECTION('',(-1.,0.,0.));
#9752=DIRECTION('',(0.,-1.,0.));
#9753=DIRECTION('',(0.,0.,-1.));
#9754=DIRECTION('',(-1.,0.,0.));
#9755=DIRECTION('',(-1.,0.,0.));
#9756=DIRECTION('',(0.,1.,0.));
#9757=DIRECTION('',(-1.,0.,0.));
#9758=DIRECTION('',(0.,-1.,0.));
#9759=DIRECTION('',(0.,0.,-1.));
#9760=DIRECTION('',(-1.,0.,0.));
#9761=DIRECTION('',(-1.,0.,0.));
#9762=DIRECTION('',(0.,1.,0.));
#9763=DIRECTION('',(-1.,0.,0.));
#9764=DIRECTION('',(0.,-1.,0.));
#9765=DIRECTION('',(0.,0.,-1.));
#9766=DIRECTION('',(-1.,0.,0.));
#9767=DIRECTION('',(-1.,0.,0.));
#9768=DIRECTION('',(0.,1.,0.));
#9769=DIRECTION('',(-1.,0.,0.));
#9770=DIRECTION('',(0.,-1.,0.));
#9771=DIRECTION('',(0.,0.,-1.));
#9772=DIRECTION('',(-1.,0.,0.));
#9773=DIRECTION('',(-1.,0.,0.));
#9774=DIRECTION('',(0.,1.,0.));
#9775=DIRECTION('',(-1.,0.,0.));
#9776=DIRECTION('',(0.,-1.,0.));
#9777=DIRECTION('',(0.,0.,-1.));
#9778=DIRECTION('',(-1.,0.,0.));
#9779=DIRECTION('',(-1.,0.,0.));
#9780=DIRECTION('',(0.,1.,0.));
#9781=DIRECTION('',(-1.,0.,0.));
#9782=DIRECTION('',(0.,-1.,0.));
#9783=DIRECTION('',(0.,1.,0.));
#9784=DIRECTION('',(0.,0.,1.));
#9785=DIRECTION('',(0.,0.,-1.));
#9786=DIRECTION('',(-1.,0.,0.));
#9787=DIRECTION('',(0.,1.,0.));
#9788=DIRECTION('',(0.,0.,1.));
#9789=DIRECTION('',(-1.,0.,0.));
#9790=DIRECTION('',(0.,0.,-1.));
#9791=DIRECTION('',(0.,0.,-1.));
#9792=DIRECTION('',(0.,1.,0.));
#9793=DIRECTION('',(0.,0.,1.));
#9794=DIRECTION('',(-1.,0.,0.));
#9795=DIRECTION('',(0.,0.,-1.));
#9796=DIRECTION('',(0.,0.,-1.));
#9797=DIRECTION('',(0.,1.,0.));
#9798=DIRECTION('',(0.,0.,1.));
#9799=DIRECTION('',(-1.,0.,0.));
#9800=DIRECTION('',(0.,0.,-1.));
#9801=DIRECTION('',(0.,0.,-1.));
#9802=DIRECTION('',(0.,1.,0.));
#9803=DIRECTION('',(0.,0.,1.));
#9804=DIRECTION('',(-1.,0.,0.));
#9805=DIRECTION('',(0.,0.,-1.));
#9806=DIRECTION('',(0.,0.,-1.));
#9807=DIRECTION('',(0.,1.,0.));
#9808=DIRECTION('',(0.,0.,1.));
#9809=DIRECTION('',(-1.,0.,0.));
#9810=DIRECTION('',(0.,0.,-1.));
#9811=DIRECTION('',(0.,0.,-1.));
#9812=DIRECTION('',(0.,1.,0.));
#9813=DIRECTION('',(0.,0.,1.));
#9814=DIRECTION('',(-1.,0.,0.));
#9815=DIRECTION('',(0.,0.,-1.));
#9816=DIRECTION('',(0.,0.,-1.));
#9817=DIRECTION('',(0.,1.,0.));
#9818=DIRECTION('',(0.,0.,1.));
#9819=DIRECTION('',(-1.,0.,0.));
#9820=DIRECTION('',(0.,0.,-1.));
#9821=DIRECTION('',(0.,0.,-1.));
#9822=DIRECTION('',(-1.,0.,0.));
#9823=DIRECTION('',(0.,0.,1.));
#9824=DIRECTION('',(1.,0.,0.));
#9825=DIRECTION('',(0.,0.,-1.));
#9826=DIRECTION('',(-1.,0.,0.));
#9827=DIRECTION('',(-1.,0.,0.));
#9828=DIRECTION('',(0.,0.,1.));
#9829=DIRECTION('',(-1.,0.,0.));
#9830=DIRECTION('',(-1.,0.,0.));
#9831=DIRECTION('',(0.,0.,1.));
#9832=DIRECTION('',(1.,0.,0.));
#9833=DIRECTION('',(0.,0.,-1.));
#9834=DIRECTION('',(-1.,0.,0.));
#9835=DIRECTION('',(0.,0.,1.));
#9836=DIRECTION('',(-1.,0.,0.));
#9837=DIRECTION('',(-1.,0.,0.));
#9838=DIRECTION('',(0.,0.,1.));
#9839=DIRECTION('',(1.,0.,0.));
#9840=DIRECTION('',(0.,0.,-1.));
#9841=DIRECTION('',(-1.,0.,0.));
#9842=DIRECTION('',(0.,0.,1.));
#9843=DIRECTION('',(-1.,0.,0.));
#9844=DIRECTION('',(-1.,0.,0.));
#9845=DIRECTION('',(0.,0.,1.));
#9846=DIRECTION('',(1.,0.,0.));
#9847=DIRECTION('',(0.,0.,-1.));
#9848=DIRECTION('',(-1.,0.,0.));
#9849=DIRECTION('',(0.,0.,1.));
#9850=DIRECTION('',(-1.,0.,0.));
#9851=DIRECTION('',(-1.,0.,0.));
#9852=DIRECTION('',(0.,0.,1.));
#9853=DIRECTION('',(1.,0.,0.));
#9854=DIRECTION('',(0.,0.,-1.));
#9855=DIRECTION('',(-1.,0.,0.));
#9856=DIRECTION('',(0.,0.,1.));
#9857=DIRECTION('',(-1.,0.,0.));
#9858=DIRECTION('',(-1.,0.,0.));
#9859=DIRECTION('',(0.,0.,1.));
#9860=DIRECTION('',(1.,0.,0.));
#9861=DIRECTION('',(0.,0.,-1.));
#9862=DIRECTION('',(-1.,0.,0.));
#9863=DIRECTION('',(0.,0.,1.));
#9864=DIRECTION('',(-1.,0.,0.));
#9865=DIRECTION('',(-1.,0.,0.));
#9866=DIRECTION('',(0.,0.,1.));
#9867=DIRECTION('',(1.,0.,0.));
#9868=DIRECTION('',(0.,0.,-1.));
#9869=DIRECTION('',(-1.,0.,0.));
#9870=DIRECTION('',(0.,0.,1.));
#9871=DIRECTION('',(-1.,0.,0.));
#9872=DIRECTION('',(-1.,0.,0.));
#9873=DIRECTION('',(0.,0.,1.));
#9874=DIRECTION('',(1.,0.,0.));
#9875=DIRECTION('',(0.,0.,-1.));
#9876=DIRECTION('',(0.,0.,1.));
#9877=DIRECTION('',(1.,0.,0.));
#9878=DIRECTION('',(0.,1.,0.));
#9879=DIRECTION('',(0.,0.,1.));
#9880=DIRECTION('',(1.,0.,0.));
#9881=DIRECTION('',(0.,-1.,0.));
#9882=DIRECTION('',(0.,1.,0.));
#9883=DIRECTION('',(0.,0.,1.));
#9884=DIRECTION('',(1.,0.,0.));
#9885=DIRECTION('',(0.,-1.,0.));
#9886=DIRECTION('',(0.,1.,0.));
#9887=DIRECTION('',(0.,0.,1.));
#9888=DIRECTION('',(1.,0.,0.));
#9889=DIRECTION('',(0.,-1.,0.));
#9890=DIRECTION('',(0.,1.,0.));
#9891=DIRECTION('',(0.,0.,1.));
#9892=DIRECTION('',(1.,0.,0.));
#9893=DIRECTION('',(0.,-1.,0.));
#9894=DIRECTION('',(0.,1.,0.));
#9895=DIRECTION('',(0.,0.,1.));
#9896=DIRECTION('',(1.,0.,0.));
#9897=DIRECTION('',(0.,-1.,0.));
#9898=DIRECTION('',(0.,1.,0.));
#9899=DIRECTION('',(0.,0.,1.));
#9900=DIRECTION('',(1.,0.,0.));
#9901=DIRECTION('',(0.,-1.,0.));
#9902=DIRECTION('',(0.,1.,0.));
#9903=DIRECTION('',(0.,0.,1.));
#9904=DIRECTION('',(1.,0.,0.));
#9905=DIRECTION('',(0.,-1.,0.));
#9906=DIRECTION('',(0.,1.,0.));
#9907=DIRECTION('',(0.,0.,-1.));
#9908=DIRECTION('',(-1.,0.,0.));
#9909=DIRECTION('',(0.,-1.,0.));
#9910=DIRECTION('',(-1.,0.,0.));
#9911=DIRECTION('',(0.,0.,-1.));
#9912=DIRECTION('',(-1.,0.,0.));
#9913=DIRECTION('',(-1.,0.,0.));
#9914=DIRECTION('',(0.,1.,0.));
#9915=DIRECTION('',(0.,-1.,0.));
#9916=DIRECTION('',(0.,0.,-1.));
#9917=DIRECTION('',(-1.,0.,0.));
#9918=DIRECTION('',(-1.,0.,0.));
#9919=DIRECTION('',(0.,1.,0.));
#9920=DIRECTION('',(0.,-1.,0.));
#9921=DIRECTION('',(0.,0.,-1.));
#9922=DIRECTION('',(-1.,0.,0.));
#9923=DIRECTION('',(-1.,0.,0.));
#9924=DIRECTION('',(0.,1.,0.));
#9925=DIRECTION('',(0.,-1.,0.));
#9926=DIRECTION('',(0.,0.,-1.));
#9927=DIRECTION('',(-1.,0.,0.));
#9928=DIRECTION('',(-1.,0.,0.));
#9929=DIRECTION('',(0.,1.,0.));
#9930=DIRECTION('',(0.,-1.,0.));
#9931=DIRECTION('',(0.,0.,-1.));
#9932=DIRECTION('',(-1.,0.,0.));
#9933=DIRECTION('',(-1.,0.,0.));
#9934=DIRECTION('',(0.,1.,0.));
#9935=DIRECTION('',(0.,-1.,0.));
#9936=DIRECTION('',(0.,0.,-1.));
#9937=DIRECTION('',(-1.,0.,0.));
#9938=DIRECTION('',(-1.,0.,0.));
#9939=DIRECTION('',(0.,1.,0.));
#9940=DIRECTION('',(0.,-1.,0.));
#9941=DIRECTION('',(0.,0.,-1.));
#9942=DIRECTION('',(-1.,0.,0.));
#9943=DIRECTION('',(-1.,0.,0.));
#9944=DIRECTION('',(0.,1.,0.));
#9945=DIRECTION('',(0.,-1.,0.));
#9946=DIRECTION('',(0.,0.,-1.));
#9947=DIRECTION('',(-1.,0.,0.));
#9948=DIRECTION('',(-1.,0.,0.));
#9949=DIRECTION('',(0.,1.,0.));
#9950=DIRECTION('',(0.,-1.,0.));
#9951=DIRECTION('',(-1.,0.,0.));
#9952=DIRECTION('',(0.,0.,1.));
#9953=DIRECTION('',(1.,0.,0.));
#9954=DIRECTION('',(0.,0.,-1.));
#9955=DIRECTION('',(-1.,0.,0.));
#9956=DIRECTION('',(-1.,0.,0.));
#9957=DIRECTION('',(0.,0.,1.));
#9958=DIRECTION('',(-1.,0.,0.));
#9959=DIRECTION('',(-1.,0.,0.));
#9960=DIRECTION('',(0.,0.,1.));
#9961=DIRECTION('',(1.,0.,0.));
#9962=DIRECTION('',(0.,0.,-1.));
#9963=DIRECTION('',(-1.,0.,0.));
#9964=DIRECTION('',(0.,0.,1.));
#9965=DIRECTION('',(-1.,0.,0.));
#9966=DIRECTION('',(-1.,0.,0.));
#9967=DIRECTION('',(0.,0.,1.));
#9968=DIRECTION('',(1.,0.,0.));
#9969=DIRECTION('',(0.,0.,-1.));
#9970=DIRECTION('',(-1.,0.,0.));
#9971=DIRECTION('',(0.,0.,1.));
#9972=DIRECTION('',(-1.,0.,0.));
#9973=DIRECTION('',(-1.,0.,0.));
#9974=DIRECTION('',(0.,0.,1.));
#9975=DIRECTION('',(1.,0.,0.));
#9976=DIRECTION('',(0.,0.,-1.));
#9977=DIRECTION('',(-1.,0.,0.));
#9978=DIRECTION('',(0.,0.,1.));
#9979=DIRECTION('',(-1.,0.,0.));
#9980=DIRECTION('',(-1.,0.,0.));
#9981=DIRECTION('',(0.,0.,1.));
#9982=DIRECTION('',(1.,0.,0.));
#9983=DIRECTION('',(0.,0.,-1.));
#9984=DIRECTION('',(-1.,0.,0.));
#9985=DIRECTION('',(0.,0.,1.));
#9986=DIRECTION('',(-1.,0.,0.));
#9987=DIRECTION('',(-1.,0.,0.));
#9988=DIRECTION('',(0.,0.,1.));
#9989=DIRECTION('',(1.,0.,0.));
#9990=DIRECTION('',(0.,0.,-1.));
#9991=DIRECTION('',(-1.,0.,0.));
#9992=DIRECTION('',(0.,0.,1.));
#9993=DIRECTION('',(-1.,0.,0.));
#9994=DIRECTION('',(-1.,0.,0.));
#9995=DIRECTION('',(0.,0.,1.));
#9996=DIRECTION('',(1.,0.,0.));
#9997=DIRECTION('',(0.,0.,-1.));
#9998=DIRECTION('',(-1.,0.,0.));
#9999=DIRECTION('',(0.,0.,1.));
#10000=DIRECTION('',(-1.,0.,0.));
#10001=DIRECTION('',(-1.,0.,0.));
#10002=DIRECTION('',(0.,0.,1.));
#10003=DIRECTION('',(1.,0.,0.));
#10004=DIRECTION('',(0.,0.,-1.));
#10005=DIRECTION('',(-1.,0.,0.));
#10006=DIRECTION('',(0.,0.,1.));
#10007=DIRECTION('',(-1.,0.,0.));
#10008=DIRECTION('',(-1.,0.,0.));
#10009=DIRECTION('',(0.,0.,1.));
#10010=DIRECTION('',(1.,0.,0.));
#10011=DIRECTION('',(0.,0.,-1.));
#10012=DIRECTION('',(0.,1.,0.));
#10013=DIRECTION('',(0.,0.,1.));
#10014=DIRECTION('',(0.,0.,-1.));
#10015=DIRECTION('',(-1.,0.,0.));
#10016=DIRECTION('',(0.,1.,0.));
#10017=DIRECTION('',(0.,0.,1.));
#10018=DIRECTION('',(-1.,0.,0.));
#10019=DIRECTION('',(0.,0.,-1.));
#10020=DIRECTION('',(0.,0.,-1.));
#10021=DIRECTION('',(0.,1.,0.));
#10022=DIRECTION('',(0.,0.,1.));
#10023=DIRECTION('',(-1.,0.,0.));
#10024=DIRECTION('',(0.,0.,-1.));
#10025=DIRECTION('',(0.,0.,-1.));
#10026=DIRECTION('',(0.,1.,0.));
#10027=DIRECTION('',(0.,0.,1.));
#10028=DIRECTION('',(-1.,0.,0.));
#10029=DIRECTION('',(0.,0.,-1.));
#10030=DIRECTION('',(0.,0.,-1.));
#10031=DIRECTION('',(0.,1.,0.));
#10032=DIRECTION('',(0.,0.,1.));
#10033=DIRECTION('',(-1.,0.,0.));
#10034=DIRECTION('',(0.,0.,-1.));
#10035=DIRECTION('',(0.,0.,-1.));
#10036=DIRECTION('',(0.,1.,0.));
#10037=DIRECTION('',(0.,0.,1.));
#10038=DIRECTION('',(-1.,0.,0.));
#10039=DIRECTION('',(0.,0.,-1.));
#10040=DIRECTION('',(0.,0.,-1.));
#10041=DIRECTION('',(0.,1.,0.));
#10042=DIRECTION('',(0.,0.,1.));
#10043=DIRECTION('',(-1.,0.,0.));
#10044=DIRECTION('',(0.,0.,-1.));
#10045=DIRECTION('',(0.,0.,-1.));
#10046=DIRECTION('',(0.,1.,0.));
#10047=DIRECTION('',(0.,0.,1.));
#10048=DIRECTION('',(-1.,0.,0.));
#10049=DIRECTION('',(0.,0.,-1.));
#10050=DIRECTION('',(0.,0.,-1.));
#10051=DIRECTION('',(0.,1.,0.));
#10052=DIRECTION('',(0.,0.,1.));
#10053=DIRECTION('',(-1.,0.,0.));
#10054=DIRECTION('',(0.,0.,-1.));
#10055=DIRECTION('',(0.,0.,-1.));
#10056=DIRECTION('',(0.,0.,1.));
#10057=DIRECTION('',(1.,0.,0.));
#10058=DIRECTION('',(0.,1.,0.));
#10059=DIRECTION('',(-1.,0.,0.));
#10060=DIRECTION('',(0.,0.,1.));
#10061=DIRECTION('',(1.,0.,0.));
#10062=DIRECTION('',(-1.,0.,0.));
#10063=DIRECTION('',(0.,-1.,0.));
#10064=DIRECTION('',(0.,1.,0.));
#10065=DIRECTION('',(0.,0.,1.));
#10066=DIRECTION('',(1.,0.,0.));
#10067=DIRECTION('',(-1.,0.,0.));
#10068=DIRECTION('',(0.,-1.,0.));
#10069=DIRECTION('',(0.,1.,0.));
#10070=DIRECTION('',(0.,0.,1.));
#10071=DIRECTION('',(1.,0.,0.));
#10072=DIRECTION('',(-1.,0.,0.));
#10073=DIRECTION('',(0.,-1.,0.));
#10074=DIRECTION('',(0.,1.,0.));
#10075=DIRECTION('',(0.,0.,1.));
#10076=DIRECTION('',(1.,0.,0.));
#10077=DIRECTION('',(-1.,0.,0.));
#10078=DIRECTION('',(0.,-1.,0.));
#10079=DIRECTION('',(0.,1.,0.));
#10080=DIRECTION('',(0.,0.,1.));
#10081=DIRECTION('',(1.,0.,0.));
#10082=DIRECTION('',(-1.,0.,0.));
#10083=DIRECTION('',(0.,-1.,0.));
#10084=DIRECTION('',(0.,1.,0.));
#10085=DIRECTION('',(0.,0.,1.));
#10086=DIRECTION('',(1.,0.,0.));
#10087=DIRECTION('',(-1.,0.,0.));
#10088=DIRECTION('',(0.,-1.,0.));
#10089=DIRECTION('',(0.,1.,0.));
#10090=DIRECTION('',(0.,0.,1.));
#10091=DIRECTION('',(1.,0.,0.));
#10092=DIRECTION('',(-1.,0.,0.));
#10093=DIRECTION('',(0.,-1.,0.));
#10094=DIRECTION('',(0.,1.,0.));
#10095=DIRECTION('',(0.,0.,1.));
#10096=DIRECTION('',(1.,0.,0.));
#10097=DIRECTION('',(-1.,0.,0.));
#10098=DIRECTION('',(0.,-1.,0.));
#10099=DIRECTION('',(0.,1.,0.));
#10100=DIRECTION('',(0.,-1.,0.));
#10101=DIRECTION('',(0.,0.,-1.));
#10102=DIRECTION('',(0.,0.,1.));
#10103=DIRECTION('',(-1.,0.,0.));
#10104=DIRECTION('',(0.,-1.,0.));
#10105=DIRECTION('',(0.,0.,-1.));
#10106=DIRECTION('',(-1.,0.,0.));
#10107=DIRECTION('',(0.,0.,-1.));
#10108=DIRECTION('',(0.,0.,1.));
#10109=DIRECTION('',(0.,-1.,0.));
#10110=DIRECTION('',(0.,0.,-1.));
#10111=DIRECTION('',(-1.,0.,0.));
#10112=DIRECTION('',(0.,0.,-1.));
#10113=DIRECTION('',(0.,0.,1.));
#10114=DIRECTION('',(0.,-1.,0.));
#10115=DIRECTION('',(0.,0.,-1.));
#10116=DIRECTION('',(-1.,0.,0.));
#10117=DIRECTION('',(0.,0.,-1.));
#10118=DIRECTION('',(0.,0.,1.));
#10119=DIRECTION('',(0.,-1.,0.));
#10120=DIRECTION('',(0.,0.,-1.));
#10121=DIRECTION('',(-1.,0.,0.));
#10122=DIRECTION('',(0.,0.,-1.));
#10123=DIRECTION('',(0.,0.,1.));
#10124=DIRECTION('',(0.,-1.,0.));
#10125=DIRECTION('',(0.,0.,-1.));
#10126=DIRECTION('',(-1.,0.,0.));
#10127=DIRECTION('',(0.,0.,-1.));
#10128=DIRECTION('',(0.,0.,1.));
#10129=DIRECTION('',(0.,-1.,0.));
#10130=DIRECTION('',(0.,0.,-1.));
#10131=DIRECTION('',(-1.,0.,0.));
#10132=DIRECTION('',(0.,0.,-1.));
#10133=DIRECTION('',(0.,0.,1.));
#10134=DIRECTION('',(0.,-1.,0.));
#10135=DIRECTION('',(0.,0.,-1.));
#10136=DIRECTION('',(-1.,0.,0.));
#10137=DIRECTION('',(0.,0.,-1.));
#10138=DIRECTION('',(0.,0.,1.));
#10139=DIRECTION('',(0.,-1.,0.));
#10140=DIRECTION('',(0.,0.,-1.));
#10141=DIRECTION('',(-1.,0.,0.));
#10142=DIRECTION('',(0.,0.,-1.));
#10143=DIRECTION('',(0.,0.,1.));
#10144=DIRECTION('',(-1.,0.,0.));
#10145=DIRECTION('',(0.,0.,1.));
#10146=DIRECTION('',(1.,0.,0.));
#10147=DIRECTION('',(0.,0.,-1.));
#10148=DIRECTION('',(-1.,0.,0.));
#10149=DIRECTION('',(-1.,0.,0.));
#10150=DIRECTION('',(0.,0.,1.));
#10151=DIRECTION('',(-1.,0.,0.));
#10152=DIRECTION('',(0.,0.,1.));
#10153=DIRECTION('',(1.,0.,0.));
#10154=DIRECTION('',(0.,0.,-1.));
#10155=DIRECTION('',(-1.,0.,0.));
#10156=DIRECTION('',(-1.,0.,0.));
#10157=DIRECTION('',(0.,0.,1.));
#10158=DIRECTION('',(-1.,0.,0.));
#10159=DIRECTION('',(0.,0.,1.));
#10160=DIRECTION('',(1.,0.,0.));
#10161=DIRECTION('',(0.,0.,-1.));
#10162=DIRECTION('',(-1.,0.,0.));
#10163=DIRECTION('',(-1.,0.,0.));
#10164=DIRECTION('',(0.,0.,1.));
#10165=DIRECTION('',(-1.,0.,0.));
#10166=DIRECTION('',(0.,0.,1.));
#10167=DIRECTION('',(1.,0.,0.));
#10168=DIRECTION('',(0.,0.,-1.));
#10169=DIRECTION('',(-1.,0.,0.));
#10170=DIRECTION('',(-1.,0.,0.));
#10171=DIRECTION('',(0.,0.,1.));
#10172=DIRECTION('',(-1.,0.,0.));
#10173=DIRECTION('',(0.,0.,1.));
#10174=DIRECTION('',(1.,0.,0.));
#10175=DIRECTION('',(0.,0.,-1.));
#10176=DIRECTION('',(-1.,0.,0.));
#10177=DIRECTION('',(-1.,0.,0.));
#10178=DIRECTION('',(0.,0.,1.));
#10179=DIRECTION('',(-1.,0.,0.));
#10180=DIRECTION('',(0.,0.,1.));
#10181=DIRECTION('',(1.,0.,0.));
#10182=DIRECTION('',(0.,0.,-1.));
#10183=DIRECTION('',(-1.,0.,0.));
#10184=DIRECTION('',(-1.,0.,0.));
#10185=DIRECTION('',(0.,0.,1.));
#10186=DIRECTION('',(-1.,0.,0.));
#10187=DIRECTION('',(0.,0.,1.));
#10188=DIRECTION('',(1.,0.,0.));
#10189=DIRECTION('',(0.,0.,-1.));
#10190=DIRECTION('',(-1.,0.,0.));
#10191=DIRECTION('',(-1.,0.,0.));
#10192=DIRECTION('',(0.,0.,1.));
#10193=DIRECTION('',(-1.,0.,0.));
#10194=DIRECTION('',(0.,0.,1.));
#10195=DIRECTION('',(1.,0.,0.));
#10196=DIRECTION('',(0.,0.,-1.));
#10197=DIRECTION('',(-1.,0.,0.));
#10198=DIRECTION('',(-1.,0.,0.));
#10199=DIRECTION('',(0.,0.,1.));
#10200=DIRECTION('',(-1.,0.,0.));
#10201=DIRECTION('',(0.,0.,1.));
#10202=DIRECTION('',(1.,0.,0.));
#10203=DIRECTION('',(0.,0.,-1.));
#10204=DIRECTION('',(-1.,0.,0.));
#10205=DIRECTION('',(0.,0.,1.));
#10206=DIRECTION('',(1.,0.,0.));
#10207=DIRECTION('',(0.,1.,0.));
#10208=DIRECTION('',(0.,0.,1.));
#10209=DIRECTION('',(1.,0.,0.));
#10210=DIRECTION('',(0.,-1.,0.));
#10211=DIRECTION('',(0.,1.,0.));
#10212=DIRECTION('',(0.,0.,1.));
#10213=DIRECTION('',(1.,0.,0.));
#10214=DIRECTION('',(0.,-1.,0.));
#10215=DIRECTION('',(0.,1.,0.));
#10216=DIRECTION('',(0.,0.,1.));
#10217=DIRECTION('',(1.,0.,0.));
#10218=DIRECTION('',(0.,-1.,0.));
#10219=DIRECTION('',(0.,1.,0.));
#10220=DIRECTION('',(0.,0.,1.));
#10221=DIRECTION('',(1.,0.,0.));
#10222=DIRECTION('',(0.,-1.,0.));
#10223=DIRECTION('',(0.,1.,0.));
#10224=DIRECTION('',(0.,0.,1.));
#10225=DIRECTION('',(1.,0.,0.));
#10226=DIRECTION('',(0.,-1.,0.));
#10227=DIRECTION('',(0.,1.,0.));
#10228=DIRECTION('',(0.,0.,1.));
#10229=DIRECTION('',(1.,0.,0.));
#10230=DIRECTION('',(0.,-1.,0.));
#10231=DIRECTION('',(0.,1.,0.));
#10232=DIRECTION('',(0.,0.,1.));
#10233=DIRECTION('',(1.,0.,0.));
#10234=DIRECTION('',(0.,-1.,0.));
#10235=DIRECTION('',(0.,1.,0.));
#10236=DIRECTION('',(0.,0.,1.));
#10237=DIRECTION('',(1.,0.,0.));
#10238=DIRECTION('',(0.,-1.,0.));
#10239=DIRECTION('',(0.,1.,0.));
#10240=DIRECTION('',(0.,0.,-1.));
#10241=DIRECTION('',(-1.,0.,0.));
#10242=DIRECTION('',(0.,-1.,0.));
#10243=DIRECTION('',(-1.,0.,0.));
#10244=DIRECTION('',(0.,0.,-1.));
#10245=DIRECTION('',(-1.,0.,0.));
#10246=DIRECTION('',(-1.,0.,0.));
#10247=DIRECTION('',(0.,1.,0.));
#10248=DIRECTION('',(0.,-1.,0.));
#10249=DIRECTION('',(0.,0.,-1.));
#10250=DIRECTION('',(-1.,0.,0.));
#10251=DIRECTION('',(-1.,0.,0.));
#10252=DIRECTION('',(0.,1.,0.));
#10253=DIRECTION('',(0.,-1.,0.));
#10254=DIRECTION('',(0.,0.,-1.));
#10255=DIRECTION('',(-1.,0.,0.));
#10256=DIRECTION('',(-1.,0.,0.));
#10257=DIRECTION('',(0.,1.,0.));
#10258=DIRECTION('',(0.,-1.,0.));
#10259=DIRECTION('',(0.,0.,-1.));
#10260=DIRECTION('',(-1.,0.,0.));
#10261=DIRECTION('',(-1.,0.,0.));
#10262=DIRECTION('',(0.,1.,0.));
#10263=DIRECTION('',(0.,-1.,0.));
#10264=DIRECTION('',(0.,0.,-1.));
#10265=DIRECTION('',(-1.,0.,0.));
#10266=DIRECTION('',(-1.,0.,0.));
#10267=DIRECTION('',(0.,1.,0.));
#10268=DIRECTION('',(0.,-1.,0.));
#10269=DIRECTION('',(0.,0.,-1.));
#10270=DIRECTION('',(-1.,0.,0.));
#10271=DIRECTION('',(-1.,0.,0.));
#10272=DIRECTION('',(0.,1.,0.));
#10273=DIRECTION('',(0.,-1.,0.));
#10274=DIRECTION('',(0.,0.,-1.));
#10275=DIRECTION('',(-1.,0.,0.));
#10276=DIRECTION('',(-1.,0.,0.));
#10277=DIRECTION('',(0.,1.,0.));
#10278=DIRECTION('',(0.,-1.,0.));
#10279=DIRECTION('',(-1.,0.,0.));
#10280=DIRECTION('',(0.,0.,1.));
#10281=DIRECTION('',(1.,0.,0.));
#10282=DIRECTION('',(0.,0.,-1.));
#10283=DIRECTION('',(-1.,0.,0.));
#10284=DIRECTION('',(-1.,0.,0.));
#10285=DIRECTION('',(0.,0.,1.));
#10286=DIRECTION('',(-1.,0.,0.));
#10287=DIRECTION('',(0.,0.,1.));
#10288=DIRECTION('',(1.,0.,0.));
#10289=DIRECTION('',(0.,0.,-1.));
#10290=DIRECTION('',(-1.,0.,0.));
#10291=DIRECTION('',(-1.,0.,0.));
#10292=DIRECTION('',(0.,0.,1.));
#10293=DIRECTION('',(-1.,0.,0.));
#10294=DIRECTION('',(0.,0.,1.));
#10295=DIRECTION('',(1.,0.,0.));
#10296=DIRECTION('',(0.,0.,-1.));
#10297=DIRECTION('',(-1.,0.,0.));
#10298=DIRECTION('',(-1.,0.,0.));
#10299=DIRECTION('',(0.,0.,1.));
#10300=DIRECTION('',(-1.,0.,0.));
#10301=DIRECTION('',(0.,0.,1.));
#10302=DIRECTION('',(1.,0.,0.));
#10303=DIRECTION('',(0.,0.,-1.));
#10304=DIRECTION('',(-1.,0.,0.));
#10305=DIRECTION('',(-1.,0.,0.));
#10306=DIRECTION('',(0.,0.,1.));
#10307=DIRECTION('',(-1.,0.,0.));
#10308=DIRECTION('',(0.,0.,1.));
#10309=DIRECTION('',(1.,0.,0.));
#10310=DIRECTION('',(0.,0.,-1.));
#10311=DIRECTION('',(-1.,0.,0.));
#10312=DIRECTION('',(-1.,0.,0.));
#10313=DIRECTION('',(0.,0.,1.));
#10314=DIRECTION('',(-1.,0.,0.));
#10315=DIRECTION('',(0.,0.,1.));
#10316=DIRECTION('',(1.,0.,0.));
#10317=DIRECTION('',(0.,0.,-1.));
#10318=DIRECTION('',(-1.,0.,0.));
#10319=DIRECTION('',(-1.,0.,0.));
#10320=DIRECTION('',(0.,0.,1.));
#10321=DIRECTION('',(-1.,0.,0.));
#10322=DIRECTION('',(0.,0.,1.));
#10323=DIRECTION('',(1.,0.,0.));
#10324=DIRECTION('',(0.,0.,-1.));
#10325=DIRECTION('',(-1.,0.,0.));
#10326=DIRECTION('',(-1.,0.,0.));
#10327=DIRECTION('',(0.,0.,1.));
#10328=DIRECTION('',(-1.,0.,0.));
#10329=DIRECTION('',(0.,0.,1.));
#10330=DIRECTION('',(1.,0.,0.));
#10331=DIRECTION('',(0.,0.,-1.));
#10332=DIRECTION('',(-1.,0.,0.));
#10333=DIRECTION('',(0.,-1.,0.));
#10334=DIRECTION('',(0.,0.,-1.));
#10335=DIRECTION('',(0.,0.,1.));
#10336=DIRECTION('',(0.,-1.,0.));
#10337=DIRECTION('',(0.,0.,-1.));
#10338=DIRECTION('',(0.,0.,-1.));
#10339=DIRECTION('',(0.,0.,1.));
#10340=DIRECTION('',(0.,-1.,0.));
#10341=DIRECTION('',(0.,0.,-1.));
#10342=DIRECTION('',(0.,0.,-1.));
#10343=DIRECTION('',(0.,0.,1.));
#10344=DIRECTION('',(0.,-1.,0.));
#10345=DIRECTION('',(0.,0.,-1.));
#10346=DIRECTION('',(0.,0.,-1.));
#10347=DIRECTION('',(0.,0.,1.));
#10348=DIRECTION('',(0.,-1.,0.));
#10349=DIRECTION('',(0.,0.,-1.));
#10350=DIRECTION('',(0.,0.,-1.));
#10351=DIRECTION('',(0.,0.,1.));
#10352=DIRECTION('',(0.,-1.,0.));
#10353=DIRECTION('',(0.,0.,-1.));
#10354=DIRECTION('',(0.,0.,-1.));
#10355=DIRECTION('',(0.,0.,1.));
#10356=DIRECTION('',(0.,-1.,0.));
#10357=DIRECTION('',(0.,0.,-1.));
#10358=DIRECTION('',(0.,0.,-1.));
#10359=DIRECTION('',(0.,0.,1.));
#10360=DIRECTION('',(0.,-1.,0.));
#10361=DIRECTION('',(0.,0.,-1.));
#10362=DIRECTION('',(0.,0.,-1.));
#10363=DIRECTION('',(0.,0.,1.));
#10364=DIRECTION('',(0.,0.,-1.));
#10365=DIRECTION('',(-1.,0.,0.));
#10366=DIRECTION('',(-1.,0.,0.));
#10367=DIRECTION('',(0.,1.,0.));
#10368=DIRECTION('',(-1.,0.,0.));
#10369=DIRECTION('',(0.,1.,0.));
#10370=DIRECTION('',(0.,0.,1.));
#10371=DIRECTION('',(-1.,0.,0.));
#10372=DIRECTION('',(0.,0.,-1.));
#10373=DIRECTION('',(-1.,0.,0.));
#10374=DIRECTION('',(0.,0.,1.));
#10375=DIRECTION('',(-1.,0.,0.));
#10376=DIRECTION('',(-1.,0.,0.));
#10377=DIRECTION('',(0.,0.,1.));
#10378=DIRECTION('',(0.,0.,1.));
#10379=DIRECTION('',(1.,0.,0.));
#10380=DIRECTION('',(0.,-1.,0.));
#10381=DIRECTION('',(0.,0.,-1.));
#10382=DIRECTION('',(-1.,0.,0.));
#10383=DIRECTION('',(-1.,0.,0.));
#10384=DIRECTION('',(0.,1.,0.));
#10385=DIRECTION('',(-1.,0.,0.));
#10386=DIRECTION('',(0.,0.,1.));
#10387=DIRECTION('',(-1.,0.,0.));
#10388=DIRECTION('',(-1.,0.,0.));
#10389=DIRECTION('',(0.,0.,1.));
#10390=DIRECTION('',(0.,1.,0.));
#10391=DIRECTION('',(0.,0.,1.));
#10392=DIRECTION('',(-1.,0.,0.));
#10393=DIRECTION('',(0.,0.,-1.));
#10394=DIRECTION('',(0.,0.,1.));
#10395=DIRECTION('',(1.,0.,0.));
#10396=DIRECTION('',(-1.,0.,0.));
#10397=DIRECTION('',(0.,-1.,0.));
#10398=DIRECTION('',(0.,-1.,0.));
#10399=DIRECTION('',(0.,0.,-1.));
#10400=DIRECTION('',(-1.,0.,0.));
#10401=DIRECTION('',(0.,0.,-1.));
#10402=DIRECTION('',(-1.,0.,0.));
#10403=DIRECTION('',(0.,0.,1.));
#10404=DIRECTION('',(-1.,0.,0.));
#10405=DIRECTION('',(0.,0.,1.));
#10406=DIRECTION('',(-1.,0.,0.));
#10407=DIRECTION('',(0.,0.,1.));
#10408=DIRECTION('',(1.,0.,0.));
#10409=DIRECTION('',(0.,-1.,0.));
#10410=DIRECTION('',(0.,0.,-1.));
#10411=DIRECTION('',(-1.,0.,0.));
#10412=DIRECTION('',(-1.,0.,0.));
#10413=DIRECTION('',(0.,1.,0.));
#10414=DIRECTION('',(-1.,0.,0.));
#10415=DIRECTION('',(0.,0.,1.));
#10416=DIRECTION('',(-1.,0.,0.));
#10417=DIRECTION('',(0.,0.,1.));
#10418=DIRECTION('',(-1.,0.,0.));
#10419=DIRECTION('',(0.,-1.,0.));
#10420=DIRECTION('',(0.,0.,-1.));
#10421=DIRECTION('',(0.,0.,-1.));
#10422=DIRECTION('',(-1.,0.,0.));
#10423=DIRECTION('',(0.,0.,1.));
#10424=DIRECTION('',(1.,0.,0.));
#10425=DIRECTION('',(0.,0.,-1.));
#10426=DIRECTION('',(-1.,0.,0.));
#10427=DIRECTION('',(0.,0.,1.));
#10428=DIRECTION('',(1.,0.,0.));
#10429=DIRECTION('',(0.,0.,-1.));
#10430=DIRECTION('',(-1.,0.,0.));
#10431=DIRECTION('',(0.,0.,1.));
#10432=DIRECTION('',(1.,0.,0.));
#10433=DIRECTION('',(0.,0.,-1.));
#10434=DIRECTION('',(-1.,0.,0.));
#10435=DIRECTION('',(0.,0.,1.));
#10436=DIRECTION('',(1.,0.,0.));
#10437=DIRECTION('',(0.,0.,-1.));
#10438=DIRECTION('',(-1.,0.,0.));
#10439=DIRECTION('',(0.,0.,1.));
#10440=DIRECTION('',(1.,0.,0.));
#10441=DIRECTION('',(0.,0.,-1.));
#10442=DIRECTION('',(-1.,0.,0.));
#10443=DIRECTION('',(0.,0.,1.));
#10444=DIRECTION('',(1.,0.,0.));
#10445=DIRECTION('',(0.,0.,-1.));
#10446=DIRECTION('',(-1.,0.,0.));
#10447=DIRECTION('',(0.,0.,1.));
#10448=DIRECTION('',(1.,0.,0.));
#10449=DIRECTION('',(0.,0.,-1.));
#10450=DIRECTION('',(-1.,0.,0.));
#10451=DIRECTION('',(0.,0.,1.));
#10452=DIRECTION('',(1.,0.,0.));
#10453=DIRECTION('',(0.,0.,-1.));
#10454=DIRECTION('',(-1.,0.,0.));
#10455=DIRECTION('',(0.,0.,1.));
#10456=DIRECTION('',(1.,0.,0.));
#10457=DIRECTION('',(0.,0.,-1.));
#10458=DIRECTION('',(-1.,0.,0.));
#10459=DIRECTION('',(0.,0.,1.));
#10460=DIRECTION('',(1.,0.,0.));
#10461=DIRECTION('',(0.,0.,-1.));
#10462=DIRECTION('',(-1.,0.,0.));
#10463=DIRECTION('',(0.,0.,1.));
#10464=DIRECTION('',(1.,0.,0.));
#10465=DIRECTION('',(0.,0.,-1.));
#10466=DIRECTION('',(-1.,0.,0.));
#10467=DIRECTION('',(0.,0.,1.));
#10468=DIRECTION('',(1.,0.,0.));
#10469=DIRECTION('',(0.,0.,-1.));
#10470=DIRECTION('',(-1.,0.,0.));
#10471=DIRECTION('',(0.,0.,1.));
#10472=DIRECTION('',(1.,0.,0.));
#10473=DIRECTION('',(0.,0.,-1.));
#10474=DIRECTION('',(-1.,0.,0.));
#10475=DIRECTION('',(0.,0.,1.));
#10476=DIRECTION('',(1.,0.,0.));
#10477=DIRECTION('',(0.,0.,-1.));
#10478=DIRECTION('',(-1.,0.,0.));
#10479=DIRECTION('',(0.,0.,1.));
#10480=DIRECTION('',(1.,0.,0.));
#10481=DIRECTION('',(0.,0.,-1.));
#10482=DIRECTION('',(-1.,0.,0.));
#10483=DIRECTION('',(0.,0.,1.));
#10484=DIRECTION('',(1.,0.,0.));
#10485=DIRECTION('',(0.,0.,-1.));
#10486=DIRECTION('',(1.,0.,0.));
#10487=DIRECTION('',(0.,0.,-1.));
#10488=DIRECTION('',(-1.,0.,0.));
#10489=DIRECTION('',(0.,0.,1.));
#10490=DIRECTION('',(0.,1.,0.));
#10491=DIRECTION('',(0.,0.,1.));
#10492=DIRECTION('',(0.,0.,-1.));
#10493=DIRECTION('',(-1.,0.,0.));
#10494=DIRECTION('',(0.,0.,-1.));
#10495=DIRECTION('',(-1.,0.,0.));
#10496=DIRECTION('',(-1.,0.,0.));
#10497=DIRECTION('',(0.,-1.,0.));
#10498=DIRECTION('',(-1.,0.,0.));
#10499=DIRECTION('',(0.,-1.,0.));
#10500=DIRECTION('',(0.,0.,1.));
#10501=DIRECTION('',(1.,0.,0.));
#10502=DIRECTION('',(1.,0.,0.));
#10503=DIRECTION('',(0.,1.,0.));
#10504=DIRECTION('',(-1.,0.,0.));
#10505=DIRECTION('',(0.,1.,0.));
#10506=DIRECTION('',(0.,0.,-1.));
#10507=DIRECTION('',(-1.,0.,0.));
#10508=DIRECTION('',(-1.,0.,0.));
#10509=DIRECTION('',(0.,-1.,0.));
#10510=DIRECTION('',(-1.,0.,0.));
#10511=DIRECTION('',(0.,-1.,0.));
#10512=DIRECTION('',(1.,0.,0.));
#10513=DIRECTION('',(0.,0.,-1.));
#10514=DIRECTION('',(0.,0.,-1.));
#10515=DIRECTION('',(0.,0.,1.));
#10516=DIRECTION('',(0.,1.,0.));
#10517=DIRECTION('',(0.,0.,-1.));
#10518=DIRECTION('',(0.,-1.,0.));
#10519=DIRECTION('',(0.,-1.04110060734159E-16,1.));
#10520=DIRECTION('',(0.,1.,0.));
#10521=DIRECTION('',(0.,0.,-1.));
#10522=DIRECTION('',(0.,-1.,0.));
#10523=DIRECTION('',(0.,-5.33564061262485E-16,1.));
#10524=DIRECTION('',(1.,0.,0.));
#10525=DIRECTION('',(0.,0.,-1.));
#10526=DIRECTION('',(0.,0.,-1.));
#10527=DIRECTION('',(0.,-5.33564061262485E-16,1.));
#10528=DIRECTION('',(0.,-1.,0.));
#10529=DIRECTION('',(0.,0.,-1.));
#10530=DIRECTION('',(0.,1.,0.));
#10531=DIRECTION('',(0.,-1.04110060734159E-16,1.));
#10532=DIRECTION('',(0.,-1.,0.));
#10533=DIRECTION('',(0.,0.,-1.));
#10534=DIRECTION('',(0.,1.,0.));
#10535=DIRECTION('',(0.,0.,1.));
#10536=DIRECTION('',(1.,0.,0.));
#10537=DIRECTION('',(0.,0.,-1.));
#10538=DIRECTION('',(0.,0.,-1.));
#10539=DIRECTION('',(0.,0.,-1.));
#10540=DIRECTION('',(0.,1.,-2.51088970005907E-17));
#10541=DIRECTION('',(0.,-2.51088970005907E-17,-1.));
#10542=DIRECTION('',(0.,1.,-2.51088970005907E-17));
#10543=DIRECTION('',(-1.,0.,0.));
#10544=DIRECTION('',(-1.,0.,0.));
#10545=DIRECTION('',(0.,1.,-2.51088970005907E-17));
#10546=DIRECTION('',(1.,0.,0.));
#10547=DIRECTION('',(0.,0.,-1.));
#10548=DIRECTION('',(0.,0.,-1.));
#10549=DIRECTION('',(0.,0.,-1.));
#10550=DIRECTION('',(0.,-1.,-5.33564061262485E-16));
#10551=DIRECTION('',(0.,5.33564061262485E-16,-1.));
#10552=DIRECTION('',(0.,0.,-1.));
#10553=DIRECTION('',(-1.,0.,0.));
#10554=DIRECTION('',(0.,0.,-1.));
#10555=DIRECTION('',(-1.,0.,0.));
#10556=DIRECTION('',(0.,0.,-1.));
#10557=DIRECTION('',(-1.,0.,0.));
#10558=DIRECTION('',(0.,0.,-1.));
#10559=DIRECTION('',(-1.,0.,0.));
#10560=DIRECTION('',(0.,0.,-1.));
#10561=DIRECTION('',(-1.,0.,0.));
#10562=DIRECTION('',(0.,0.,-1.));
#10563=DIRECTION('',(-1.,0.,0.));
#10564=DIRECTION('',(0.,0.,-1.));
#10565=DIRECTION('',(-1.,0.,0.));
#10566=DIRECTION('',(0.,0.,-1.));
#10567=DIRECTION('',(-1.,0.,0.));
#10568=DIRECTION('',(0.,0.,-1.));
#10569=DIRECTION('',(-1.,0.,0.));
#10570=DIRECTION('',(0.,0.,-1.));
#10571=DIRECTION('',(-1.,0.,0.));
#10572=DIRECTION('',(0.,0.,-1.));
#10573=DIRECTION('',(-1.,0.,0.));
#10574=DIRECTION('',(0.,0.,-1.));
#10575=DIRECTION('',(-1.,0.,0.));
#10576=DIRECTION('',(0.,0.,-1.));
#10577=DIRECTION('',(-1.,0.,0.));
#10578=DIRECTION('',(0.,0.,-1.));
#10579=DIRECTION('',(-1.,0.,0.));
#10580=DIRECTION('',(0.,0.,-1.));
#10581=DIRECTION('',(-1.,0.,0.));
#10582=DIRECTION('',(0.,0.,-1.));
#10583=DIRECTION('',(-1.,0.,0.));
#10584=DIRECTION('',(0.,0.,-1.));
#10585=DIRECTION('',(-1.,0.,0.));
#10586=DIRECTION('',(0.,0.,-1.));
#10587=DIRECTION('',(-1.,0.,0.));
#10588=DIRECTION('',(0.,0.,-1.));
#10589=DIRECTION('',(-1.,0.,0.));
#10590=DIRECTION('',(0.,0.,-1.));
#10591=DIRECTION('',(-1.,0.,0.));
#10592=DIRECTION('',(0.,0.,-1.));
#10593=DIRECTION('',(-1.,0.,0.));
#10594=DIRECTION('',(0.,0.,-1.));
#10595=DIRECTION('',(-1.,0.,0.));
#10596=DIRECTION('',(0.,0.,-1.));
#10597=DIRECTION('',(-1.,0.,0.));
#10598=DIRECTION('',(0.,0.,-1.));
#10599=DIRECTION('',(-1.,0.,0.));
#10600=DIRECTION('',(0.,0.,-1.));
#10601=DIRECTION('',(-1.,0.,0.));
#10602=DIRECTION('',(0.,0.,-1.));
#10603=DIRECTION('',(-1.,0.,0.));
#10604=DIRECTION('',(0.,0.,-1.));
#10605=DIRECTION('',(-1.,0.,0.));
#10606=DIRECTION('',(0.,0.,-1.));
#10607=DIRECTION('',(-1.,0.,0.));
#10608=DIRECTION('',(0.,0.,-1.));
#10609=DIRECTION('',(-1.,0.,0.));
#10610=DIRECTION('',(0.,0.,-1.));
#10611=DIRECTION('',(-1.,0.,0.));
#10612=DIRECTION('',(-1.,0.,0.));
#10613=DIRECTION('',(0.,0.,-1.));
#10614=DIRECTION('',(-1.,0.,0.));
#10615=DIRECTION('',(-1.,0.,0.));
#10616=DIRECTION('',(0.,0.,-1.));
#10617=DIRECTION('',(-1.,0.,0.));
#10618=DIRECTION('',(-1.,0.,0.));
#10619=DIRECTION('',(0.,0.,-1.));
#10620=DIRECTION('',(-1.,0.,0.));
#10621=DIRECTION('',(-1.,0.,0.));
#10622=DIRECTION('',(0.,0.,-1.));
#10623=DIRECTION('',(-1.,0.,0.));
#10624=DIRECTION('',(0.,0.,1.));
#10625=DIRECTION('',(1.,0.,0.));
#10626=DIRECTION('',(-1.,0.,0.));
#10627=DIRECTION('',(0.,-1.,0.));
#10628=DIRECTION('',(0.,0.,1.));
#10629=DIRECTION('',(1.,0.,0.));
#10630=DIRECTION('',(0.,1.,0.));
#10631=DIRECTION('',(-1.,0.,0.));
#10632=DIRECTION('',(0.,-1.,0.));
#10633=DIRECTION('',(0.,0.,1.));
#10634=DIRECTION('',(1.,0.,0.));
#10635=DIRECTION('',(0.,1.,0.));
#10636=DIRECTION('',(-1.,0.,0.));
#10637=DIRECTION('',(0.,-1.,0.));
#10638=DIRECTION('',(0.,0.,1.));
#10639=DIRECTION('',(1.,0.,0.));
#10640=DIRECTION('',(0.,1.,0.));
#10641=DIRECTION('',(-1.,0.,0.));
#10642=DIRECTION('',(0.,-1.,0.));
#10643=DIRECTION('',(0.,0.,1.));
#10644=DIRECTION('',(1.,0.,0.));
#10645=DIRECTION('',(0.,1.,0.));
#10646=DIRECTION('',(-1.,0.,0.));
#10647=DIRECTION('',(0.,-1.,0.));
#10648=DIRECTION('',(0.,0.,1.));
#10649=DIRECTION('',(1.,0.,0.));
#10650=DIRECTION('',(0.,1.,0.));
#10651=DIRECTION('',(-1.,0.,0.));
#10652=DIRECTION('',(0.,-1.,0.));
#10653=DIRECTION('',(0.,0.,1.));
#10654=DIRECTION('',(1.,0.,0.));
#10655=DIRECTION('',(0.,1.,0.));
#10656=DIRECTION('',(-1.,0.,0.));
#10657=DIRECTION('',(0.,-1.,0.));
#10658=DIRECTION('',(0.,0.,1.));
#10659=DIRECTION('',(1.,0.,0.));
#10660=DIRECTION('',(0.,1.,0.));
#10661=DIRECTION('',(-1.,0.,0.));
#10662=DIRECTION('',(0.,-1.,0.));
#10663=DIRECTION('',(0.,0.,1.));
#10664=DIRECTION('',(1.,0.,0.));
#10665=DIRECTION('',(0.,1.,0.));
#10666=DIRECTION('',(-1.,0.,0.));
#10667=DIRECTION('',(0.,-1.,0.));
#10668=DIRECTION('',(0.,-0.707106781186544,0.707106781186551));
#10669=DIRECTION('',(0.,-0.707106781186551,-0.707106781186544));
#10670=DIRECTION('',(0.577350269189628,0.577350269189628,0.577350269189622));
#10671=DIRECTION('',(-1.,0.,0.));
#10672=DIRECTION('',(0.577350269189628,-0.577350269189628,-0.577350269189622));
#10673=DIRECTION('',(0.,-0.707106781186544,0.707106781186551));
#10674=DIRECTION('',(0.,-0.707106781186551,-0.707106781186544));
#10675=DIRECTION('',(0.577350269189628,0.577350269189628,0.577350269189622));
#10676=DIRECTION('',(-1.,0.,0.));
#10677=DIRECTION('',(0.577350269189626,-0.577350269189629,-0.577350269189623));
#10678=DIRECTION('',(0.,-0.707106781186544,0.707106781186551));
#10679=DIRECTION('',(0.,-0.707106781186551,-0.707106781186544));
#10680=DIRECTION('',(0.577350269189627,0.577350269189628,0.577350269189623));
#10681=DIRECTION('',(-1.,0.,0.));
#10682=DIRECTION('',(0.577350269189626,-0.577350269189629,-0.577350269189623));
#10683=DIRECTION('',(0.,-0.707106781186544,0.707106781186551));
#10684=DIRECTION('',(0.,-0.707106781186551,-0.707106781186544));
#10685=DIRECTION('',(0.577350269189628,0.577350269189628,0.577350269189622));
#10686=DIRECTION('',(-1.,0.,0.));
#10687=DIRECTION('',(0.577350269189625,-0.577350269189629,-0.577350269189623));
#10688=DIRECTION('',(0.,-0.707106781186544,0.707106781186551));
#10689=DIRECTION('',(0.,-0.707106781186551,-0.707106781186544));
#10690=DIRECTION('',(0.577350269189627,0.577350269189628,0.577350269189622));
#10691=DIRECTION('',(-1.,0.,0.));
#10692=DIRECTION('',(0.577350269189625,-0.577350269189629,-0.577350269189623));
#10693=DIRECTION('',(0.,-0.707106781186544,0.707106781186551));
#10694=DIRECTION('',(0.,-0.707106781186551,-0.707106781186544));
#10695=DIRECTION('',(0.577350269189627,0.577350269189628,0.577350269189622));
#10696=DIRECTION('',(-1.,0.,0.));
#10697=DIRECTION('',(0.577350269189625,-0.577350269189629,-0.577350269189623));
#10698=DIRECTION('',(0.,-0.707106781186544,0.707106781186551));
#10699=DIRECTION('',(0.,-0.707106781186551,-0.707106781186544));
#10700=DIRECTION('',(0.577350269189627,0.577350269189628,0.577350269189623));
#10701=DIRECTION('',(-1.,0.,0.));
#10702=DIRECTION('',(0.577350269189626,-0.577350269189629,-0.577350269189623));
#10703=DIRECTION('',(0.,-0.707106781186544,0.707106781186551));
#10704=DIRECTION('',(0.,-0.707106781186551,-0.707106781186544));
#10705=DIRECTION('',(0.577350269189628,0.577350269189628,0.577350269189622));
#10706=DIRECTION('',(-1.,0.,0.));
#10707=DIRECTION('',(0.577350269189626,-0.577350269189629,-0.577350269189623));
#10708=DIRECTION('',(0.,-0.707106781186544,0.707106781186551));
#10709=DIRECTION('',(0.,-0.707106781186551,-0.707106781186544));
#10710=DIRECTION('',(0.577350269189628,0.577350269189628,0.577350269189622));
#10711=DIRECTION('',(-1.,0.,0.));
#10712=DIRECTION('',(0.577350269189626,-0.577350269189629,-0.577350269189623));
#10713=DIRECTION('',(0.,-1.,0.));
#10714=DIRECTION('',(0.,0.,-1.));
#10715=DIRECTION('',(0.,0.,-1.));
#10716=DIRECTION('',(-1.,0.,0.));
#10717=DIRECTION('',(0.,0.,-1.));
#10718=DIRECTION('',(0.,-1.,0.));
#10719=DIRECTION('',(0.,0.,-1.));
#10720=DIRECTION('',(0.,0.,-1.));
#10721=DIRECTION('',(-1.,0.,0.));
#10722=DIRECTION('',(0.,0.,-1.));
#10723=DIRECTION('',(0.,-1.,0.));
#10724=DIRECTION('',(0.,0.,-1.));
#10725=DIRECTION('',(0.,0.,-1.));
#10726=DIRECTION('',(-1.,0.,0.));
#10727=DIRECTION('',(0.,0.,-1.));
#10728=DIRECTION('',(0.,-1.,0.));
#10729=DIRECTION('',(0.,0.,-1.));
#10730=DIRECTION('',(0.,0.,-1.));
#10731=DIRECTION('',(-1.,0.,0.));
#10732=DIRECTION('',(0.,0.,-1.));
#10733=DIRECTION('',(0.,-1.,0.));
#10734=DIRECTION('',(0.,0.,-1.));
#10735=DIRECTION('',(0.,0.,-1.));
#10736=DIRECTION('',(-1.,0.,0.));
#10737=DIRECTION('',(0.,0.,-1.));
#10738=DIRECTION('',(0.,-1.,0.));
#10739=DIRECTION('',(0.,0.,-1.));
#10740=DIRECTION('',(0.,0.,-1.));
#10741=DIRECTION('',(-1.,0.,0.));
#10742=DIRECTION('',(0.,0.,-1.));
#10743=DIRECTION('',(0.,-1.,0.));
#10744=DIRECTION('',(0.,0.,-1.));
#10745=DIRECTION('',(0.,0.,-1.));
#10746=DIRECTION('',(-1.,0.,0.));
#10747=DIRECTION('',(0.,0.,-1.));
#10748=DIRECTION('',(0.,-1.,0.));
#10749=DIRECTION('',(0.,0.,-1.));
#10750=DIRECTION('',(0.,0.,-1.));
#10751=DIRECTION('',(-1.,0.,0.));
#10752=DIRECTION('',(0.,0.,-1.));
#10753=DIRECTION('',(0.,-1.,0.));
#10754=DIRECTION('',(0.,0.,-1.));
#10755=DIRECTION('',(0.,0.,-1.));
#10756=DIRECTION('',(-1.,0.,0.));
#10757=DIRECTION('',(0.,0.,-1.));
#10758=DIRECTION('',(0.,-0.707106781186547,-0.707106781186549));
#10759=DIRECTION('',(0.,0.707106781186549,-0.707106781186547));
#10760=DIRECTION('',(-0.577350269189626,-0.577350269189626,0.577350269189625));
#10761=DIRECTION('',(-1.,0.,0.));
#10762=DIRECTION('',(-0.577350269189626,0.577350269189626,-0.577350269189625));
#10763=DIRECTION('',(0.,-0.707106781186547,-0.707106781186549));
#10764=DIRECTION('',(0.,0.707106781186549,-0.707106781186547));
#10765=DIRECTION('',(-0.577350269189626,-0.577350269189626,0.577350269189625));
#10766=DIRECTION('',(-1.,0.,0.));
#10767=DIRECTION('',(-0.577350269189624,0.577350269189627,-0.577350269189626));
#10768=DIRECTION('',(0.,-0.707106781186547,-0.707106781186549));
#10769=DIRECTION('',(0.,0.707106781186549,-0.707106781186547));
#10770=DIRECTION('',(-0.577350269189625,-0.577350269189627,0.577350269189625));
#10771=DIRECTION('',(-1.,0.,0.));
#10772=DIRECTION('',(-0.577350269189624,0.577350269189627,-0.577350269189626));
#10773=DIRECTION('',(0.,-0.707106781186547,-0.707106781186549));
#10774=DIRECTION('',(0.,0.707106781186549,-0.707106781186547));
#10775=DIRECTION('',(-0.577350269189626,-0.577350269189626,0.577350269189625));
#10776=DIRECTION('',(-1.,0.,0.));
#10777=DIRECTION('',(-0.577350269189624,0.577350269189628,-0.577350269189626));
#10778=DIRECTION('',(0.,-0.707106781186547,-0.707106781186549));
#10779=DIRECTION('',(0.,0.707106781186549,-0.707106781186547));
#10780=DIRECTION('',(-0.577350269189626,-0.577350269189627,0.577350269189625));
#10781=DIRECTION('',(-1.,0.,0.));
#10782=DIRECTION('',(-0.577350269189624,0.577350269189628,-0.577350269189626));
#10783=DIRECTION('',(0.,-0.707106781186547,-0.707106781186549));
#10784=DIRECTION('',(0.,0.707106781186549,-0.707106781186547));
#10785=DIRECTION('',(-0.577350269189626,-0.577350269189627,0.577350269189625));
#10786=DIRECTION('',(-1.,0.,0.));
#10787=DIRECTION('',(-0.577350269189624,0.577350269189628,-0.577350269189626));
#10788=DIRECTION('',(0.,-0.707106781186547,-0.707106781186549));
#10789=DIRECTION('',(0.,0.707106781186549,-0.707106781186547));
#10790=DIRECTION('',(-0.577350269189625,-0.577350269189627,0.577350269189625));
#10791=DIRECTION('',(-1.,0.,0.));
#10792=DIRECTION('',(-0.577350269189624,0.577350269189627,-0.577350269189626));
#10793=DIRECTION('',(0.,-0.707106781186547,-0.707106781186549));
#10794=DIRECTION('',(0.,0.707106781186549,-0.707106781186547));
#10795=DIRECTION('',(-0.577350269189626,-0.577350269189626,0.577350269189625));
#10796=DIRECTION('',(-1.,0.,0.));
#10797=DIRECTION('',(-0.577350269189624,0.577350269189627,-0.577350269189626));
#10798=DIRECTION('',(0.,-0.707106781186547,-0.707106781186549));
#10799=DIRECTION('',(0.,0.707106781186549,-0.707106781186547));
#10800=DIRECTION('',(-0.577350269189626,-0.577350269189626,0.577350269189625));
#10801=DIRECTION('',(-1.,0.,0.));
#10802=DIRECTION('',(-0.577350269189624,0.577350269189627,-0.577350269189626));
#10803=DIRECTION('',(0.,0.,-1.));
#10804=DIRECTION('',(-1.,0.,0.));
#10805=DIRECTION('',(0.,1.,0.));
#10806=DIRECTION('',(0.,0.,-1.));
#10807=DIRECTION('',(-1.,0.,0.));
#10808=DIRECTION('',(0.,-1.,0.));
#10809=DIRECTION('',(0.,1.,0.));
#10810=DIRECTION('',(0.,0.,-1.));
#10811=DIRECTION('',(-1.,0.,0.));
#10812=DIRECTION('',(0.,-1.,0.));
#10813=DIRECTION('',(0.,1.,0.));
#10814=DIRECTION('',(0.,0.,-1.));
#10815=DIRECTION('',(-1.,0.,0.));
#10816=DIRECTION('',(0.,-1.,0.));
#10817=DIRECTION('',(0.,1.,0.));
#10818=DIRECTION('',(0.,0.,-1.));
#10819=DIRECTION('',(-1.,0.,0.));
#10820=DIRECTION('',(0.,-1.,0.));
#10821=DIRECTION('',(0.,1.,0.));
#10822=DIRECTION('',(0.,0.,-1.));
#10823=DIRECTION('',(-1.,0.,0.));
#10824=DIRECTION('',(0.,-1.,0.));
#10825=DIRECTION('',(0.,1.,0.));
#10826=DIRECTION('',(0.,0.,-1.));
#10827=DIRECTION('',(-1.,0.,0.));
#10828=DIRECTION('',(0.,-1.,0.));
#10829=DIRECTION('',(0.,1.,0.));
#10830=DIRECTION('',(0.,0.,-1.));
#10831=DIRECTION('',(-1.,0.,0.));
#10832=DIRECTION('',(0.,-1.,0.));
#10833=DIRECTION('',(0.,1.,0.));
#10834=DIRECTION('',(0.,0.,-1.));
#10835=DIRECTION('',(-1.,0.,0.));
#10836=DIRECTION('',(0.,-1.,0.));
#10837=DIRECTION('',(0.,1.,0.));
#10838=DIRECTION('',(0.,0.,1.));
#10839=DIRECTION('',(1.,0.,0.));
#10840=DIRECTION('',(-1.,0.,0.));
#10841=DIRECTION('',(0.,-1.,0.));
#10842=DIRECTION('',(0.,0.,1.));
#10843=DIRECTION('',(1.,0.,0.));
#10844=DIRECTION('',(0.,1.,0.));
#10845=DIRECTION('',(-1.,0.,0.));
#10846=DIRECTION('',(0.,-1.,0.));
#10847=DIRECTION('',(0.,0.,1.));
#10848=DIRECTION('',(1.,0.,0.));
#10849=DIRECTION('',(0.,1.,0.));
#10850=DIRECTION('',(-1.,0.,0.));
#10851=DIRECTION('',(0.,-1.,0.));
#10852=DIRECTION('',(0.,0.,1.));
#10853=DIRECTION('',(1.,0.,0.));
#10854=DIRECTION('',(0.,1.,0.));
#10855=DIRECTION('',(-1.,0.,0.));
#10856=DIRECTION('',(0.,-1.,0.));
#10857=DIRECTION('',(0.,0.,1.));
#10858=DIRECTION('',(1.,0.,0.));
#10859=DIRECTION('',(0.,1.,0.));
#10860=DIRECTION('',(-1.,0.,0.));
#10861=DIRECTION('',(0.,-1.,0.));
#10862=DIRECTION('',(0.,0.,1.));
#10863=DIRECTION('',(1.,0.,0.));
#10864=DIRECTION('',(0.,1.,0.));
#10865=DIRECTION('',(-1.,0.,0.));
#10866=DIRECTION('',(0.,-1.,0.));
#10867=DIRECTION('',(0.,0.,1.));
#10868=DIRECTION('',(1.,0.,0.));
#10869=DIRECTION('',(0.,1.,0.));
#10870=DIRECTION('',(-1.,0.,0.));
#10871=DIRECTION('',(0.,-1.,0.));
#10872=DIRECTION('',(0.,0.,1.));
#10873=DIRECTION('',(1.,0.,0.));
#10874=DIRECTION('',(0.,1.,0.));
#10875=DIRECTION('',(-1.,0.,0.));
#10876=DIRECTION('',(0.,-1.,0.));
#10877=DIRECTION('',(0.,-0.707106781186544,0.707106781186551));
#10878=DIRECTION('',(0.,-0.707106781186551,-0.707106781186544));
#10879=DIRECTION('',(0.577350269189628,0.577350269189628,0.577350269189622));
#10880=DIRECTION('',(-1.,0.,0.));
#10881=DIRECTION('',(0.577350269189628,-0.577350269189628,-0.577350269189622));
#10882=DIRECTION('',(0.,-0.707106781186544,0.707106781186551));
#10883=DIRECTION('',(0.,-0.707106781186551,-0.707106781186544));
#10884=DIRECTION('',(0.577350269189628,0.577350269189628,0.577350269189622));
#10885=DIRECTION('',(-1.,0.,0.));
#10886=DIRECTION('',(0.577350269189626,-0.577350269189629,-0.577350269189623));
#10887=DIRECTION('',(0.,-0.707106781186544,0.707106781186551));
#10888=DIRECTION('',(0.,-0.707106781186551,-0.707106781186544));
#10889=DIRECTION('',(0.577350269189627,0.577350269189628,0.577350269189623));
#10890=DIRECTION('',(-1.,0.,0.));
#10891=DIRECTION('',(0.577350269189626,-0.577350269189629,-0.577350269189623));
#10892=DIRECTION('',(0.,-0.707106781186544,0.707106781186551));
#10893=DIRECTION('',(0.,-0.707106781186551,-0.707106781186544));
#10894=DIRECTION('',(0.577350269189628,0.577350269189628,0.577350269189622));
#10895=DIRECTION('',(-1.,0.,0.));
#10896=DIRECTION('',(0.577350269189625,-0.577350269189629,-0.577350269189623));
#10897=DIRECTION('',(0.,-0.707106781186544,0.707106781186551));
#10898=DIRECTION('',(0.,-0.707106781186551,-0.707106781186544));
#10899=DIRECTION('',(0.577350269189627,0.577350269189628,0.577350269189622));
#10900=DIRECTION('',(-1.,0.,0.));
#10901=DIRECTION('',(0.577350269189625,-0.577350269189629,-0.577350269189623));
#10902=DIRECTION('',(0.,-0.707106781186544,0.707106781186551));
#10903=DIRECTION('',(0.,-0.707106781186551,-0.707106781186544));
#10904=DIRECTION('',(0.577350269189627,0.577350269189628,0.577350269189622));
#10905=DIRECTION('',(-1.,0.,0.));
#10906=DIRECTION('',(0.577350269189625,-0.577350269189629,-0.577350269189623));
#10907=DIRECTION('',(0.,-0.707106781186544,0.707106781186551));
#10908=DIRECTION('',(0.,-0.707106781186551,-0.707106781186544));
#10909=DIRECTION('',(0.577350269189627,0.577350269189628,0.577350269189623));
#10910=DIRECTION('',(-1.,0.,0.));
#10911=DIRECTION('',(0.577350269189626,-0.577350269189629,-0.577350269189623));
#10912=DIRECTION('',(0.,-0.707106781186544,0.707106781186551));
#10913=DIRECTION('',(0.,-0.707106781186551,-0.707106781186544));
#10914=DIRECTION('',(0.577350269189628,0.577350269189628,0.577350269189622));
#10915=DIRECTION('',(-1.,0.,0.));
#10916=DIRECTION('',(0.577350269189626,-0.577350269189629,-0.577350269189623));
#10917=DIRECTION('',(0.,-1.,0.));
#10918=DIRECTION('',(0.,0.,-1.));
#10919=DIRECTION('',(0.,0.,-1.));
#10920=DIRECTION('',(-1.,0.,0.));
#10921=DIRECTION('',(0.,0.,-1.));
#10922=DIRECTION('',(0.,-1.,0.));
#10923=DIRECTION('',(0.,0.,-1.));
#10924=DIRECTION('',(0.,0.,-1.));
#10925=DIRECTION('',(-1.,0.,0.));
#10926=DIRECTION('',(0.,0.,-1.));
#10927=DIRECTION('',(0.,-1.,0.));
#10928=DIRECTION('',(0.,0.,-1.));
#10929=DIRECTION('',(0.,0.,-1.));
#10930=DIRECTION('',(-1.,0.,0.));
#10931=DIRECTION('',(0.,0.,-1.));
#10932=DIRECTION('',(0.,-1.,0.));
#10933=DIRECTION('',(0.,0.,-1.));
#10934=DIRECTION('',(0.,0.,-1.));
#10935=DIRECTION('',(-1.,0.,0.));
#10936=DIRECTION('',(0.,0.,-1.));
#10937=DIRECTION('',(0.,-1.,0.));
#10938=DIRECTION('',(0.,0.,-1.));
#10939=DIRECTION('',(0.,0.,-1.));
#10940=DIRECTION('',(-1.,0.,0.));
#10941=DIRECTION('',(0.,0.,-1.));
#10942=DIRECTION('',(0.,-1.,0.));
#10943=DIRECTION('',(0.,0.,-1.));
#10944=DIRECTION('',(0.,0.,-1.));
#10945=DIRECTION('',(-1.,0.,0.));
#10946=DIRECTION('',(0.,0.,-1.));
#10947=DIRECTION('',(0.,-1.,0.));
#10948=DIRECTION('',(0.,0.,-1.));
#10949=DIRECTION('',(0.,0.,-1.));
#10950=DIRECTION('',(-1.,0.,0.));
#10951=DIRECTION('',(0.,0.,-1.));
#10952=DIRECTION('',(0.,-1.,0.));
#10953=DIRECTION('',(0.,0.,-1.));
#10954=DIRECTION('',(0.,0.,-1.));
#10955=DIRECTION('',(-1.,0.,0.));
#10956=DIRECTION('',(0.,0.,-1.));
#10957=DIRECTION('',(0.,-0.707106781186547,-0.707106781186548));
#10958=DIRECTION('',(0.,0.707106781186548,-0.707106781186547));
#10959=DIRECTION('',(-0.577350269189626,-0.577350269189626,0.577350269189625));
#10960=DIRECTION('',(-1.,0.,0.));
#10961=DIRECTION('',(-0.577350269189626,0.577350269189626,-0.577350269189625));
#10962=DIRECTION('',(0.,-0.707106781186547,-0.707106781186548));
#10963=DIRECTION('',(0.,0.707106781186548,-0.707106781186547));
#10964=DIRECTION('',(-0.577350269189626,-0.577350269189626,0.577350269189625));
#10965=DIRECTION('',(-1.,0.,0.));
#10966=DIRECTION('',(-0.577350269189624,0.577350269189627,-0.577350269189626));
#10967=DIRECTION('',(0.,-0.707106781186547,-0.707106781186548));
#10968=DIRECTION('',(0.,0.707106781186548,-0.707106781186547));
#10969=DIRECTION('',(-0.577350269189625,-0.577350269189627,0.577350269189626));
#10970=DIRECTION('',(-1.,0.,0.));
#10971=DIRECTION('',(-0.577350269189624,0.577350269189627,-0.577350269189626));
#10972=DIRECTION('',(0.,-0.707106781186547,-0.707106781186548));
#10973=DIRECTION('',(0.,0.707106781186548,-0.707106781186547));
#10974=DIRECTION('',(-0.577350269189626,-0.577350269189626,0.577350269189625));
#10975=DIRECTION('',(-1.,0.,0.));
#10976=DIRECTION('',(-0.577350269189623,0.577350269189628,-0.577350269189627));
#10977=DIRECTION('',(0.,-0.707106781186547,-0.707106781186548));
#10978=DIRECTION('',(0.,0.707106781186548,-0.707106781186547));
#10979=DIRECTION('',(-0.577350269189625,-0.577350269189627,0.577350269189626));
#10980=DIRECTION('',(-1.,0.,0.));
#10981=DIRECTION('',(-0.577350269189624,0.577350269189627,-0.577350269189627));
#10982=DIRECTION('',(0.,-0.707106781186547,-0.707106781186548));
#10983=DIRECTION('',(0.,0.707106781186548,-0.707106781186547));
#10984=DIRECTION('',(-0.577350269189625,-0.577350269189626,0.577350269189626));
#10985=DIRECTION('',(-1.,0.,0.));
#10986=DIRECTION('',(-0.577350269189623,0.577350269189628,-0.577350269189627));
#10987=DIRECTION('',(0.,-0.707106781186547,-0.707106781186548));
#10988=DIRECTION('',(0.,0.707106781186548,-0.707106781186547));
#10989=DIRECTION('',(-0.577350269189625,-0.577350269189627,0.577350269189626));
#10990=DIRECTION('',(-1.,0.,0.));
#10991=DIRECTION('',(-0.577350269189624,0.577350269189627,-0.577350269189626));
#10992=DIRECTION('',(0.,-0.707106781186547,-0.707106781186548));
#10993=DIRECTION('',(0.,0.707106781186548,-0.707106781186547));
#10994=DIRECTION('',(-0.577350269189626,-0.577350269189626,0.577350269189625));
#10995=DIRECTION('',(-1.,0.,0.));
#10996=DIRECTION('',(-0.577350269189624,0.577350269189627,-0.577350269189626));
#10997=DIRECTION('',(0.,0.,-1.));
#10998=DIRECTION('',(-1.,0.,0.));
#10999=DIRECTION('',(0.,1.,0.));
#11000=DIRECTION('',(0.,0.,-1.));
#11001=DIRECTION('',(-1.,0.,0.));
#11002=DIRECTION('',(0.,-1.,0.));
#11003=DIRECTION('',(0.,1.,0.));
#11004=DIRECTION('',(0.,0.,-1.));
#11005=DIRECTION('',(-1.,0.,0.));
#11006=DIRECTION('',(0.,-1.,0.));
#11007=DIRECTION('',(0.,1.,0.));
#11008=DIRECTION('',(0.,0.,-1.));
#11009=DIRECTION('',(-1.,0.,0.));
#11010=DIRECTION('',(0.,-1.,0.));
#11011=DIRECTION('',(0.,1.,0.));
#11012=DIRECTION('',(0.,0.,-1.));
#11013=DIRECTION('',(-1.,0.,0.));
#11014=DIRECTION('',(0.,-1.,0.));
#11015=DIRECTION('',(0.,1.,0.));
#11016=DIRECTION('',(0.,0.,-1.));
#11017=DIRECTION('',(-1.,0.,0.));
#11018=DIRECTION('',(0.,-1.,0.));
#11019=DIRECTION('',(0.,1.,0.));
#11020=DIRECTION('',(0.,0.,-1.));
#11021=DIRECTION('',(-1.,0.,0.));
#11022=DIRECTION('',(0.,-1.,0.));
#11023=DIRECTION('',(0.,1.,0.));
#11024=DIRECTION('',(0.,0.,-1.));
#11025=DIRECTION('',(-1.,0.,0.));
#11026=DIRECTION('',(0.,-1.,0.));
#11027=DIRECTION('',(0.,1.,0.));
#11028=DIRECTION('',(0.,0.,1.));
#11029=DIRECTION('',(1.,0.,0.));
#11030=DIRECTION('',(0.,1.,0.));
#11031=DIRECTION('',(-1.,0.,0.));
#11032=DIRECTION('',(0.,-0.707106781186544,0.707106781186551));
#11033=DIRECTION('',(0.,-0.707106781186551,-0.707106781186544));
#11034=DIRECTION('',(0.577350269189628,0.577350269189628,0.577350269189622));
#11035=DIRECTION('',(-1.,0.,0.));
#11036=DIRECTION('',(0.577350269189623,-0.57735026918963,-0.577350269189624));
#11037=DIRECTION('',(0.,-1.,0.));
#11038=DIRECTION('',(0.,0.,-1.));
#11039=DIRECTION('',(0.,0.,-1.));
#11040=DIRECTION('',(-1.,0.,0.));
#11041=DIRECTION('',(0.,0.,-1.));
#11042=DIRECTION('',(0.,-0.707106781186547,-0.707106781186549));
#11043=DIRECTION('',(0.,0.707106781186549,-0.707106781186547));
#11044=DIRECTION('',(-0.577350269189626,-0.577350269189626,0.577350269189625));
#11045=DIRECTION('',(-1.,0.,0.));
#11046=DIRECTION('',(-0.577350269189622,0.577350269189628,-0.577350269189627));
#11047=DIRECTION('',(0.,0.,-1.));
#11048=DIRECTION('',(-1.,0.,0.));
#11049=DIRECTION('',(0.,-1.,0.));
#11050=DIRECTION('',(0.,0.,1.));
#11051=DIRECTION('',(1.,0.,0.));
#11052=DIRECTION('',(0.,1.,0.));
#11053=DIRECTION('',(-1.,0.,0.));
#11054=DIRECTION('',(0.,-0.707106781186544,0.707106781186551));
#11055=DIRECTION('',(0.,-0.707106781186551,-0.707106781186544));
#11056=DIRECTION('',(0.577350269189628,0.577350269189628,0.577350269189622));
#11057=DIRECTION('',(-1.,0.,0.));
#11058=DIRECTION('',(0.577350269189623,-0.57735026918963,-0.577350269189624));
#11059=DIRECTION('',(0.,-1.,0.));
#11060=DIRECTION('',(0.,0.,-1.));
#11061=DIRECTION('',(0.,0.,-1.));
#11062=DIRECTION('',(-1.,0.,0.));
#11063=DIRECTION('',(0.,0.,-1.));
#11064=DIRECTION('',(0.,-0.707106781186547,-0.707106781186548));
#11065=DIRECTION('',(0.,0.707106781186548,-0.707106781186547));
#11066=DIRECTION('',(-0.577350269189626,-0.577350269189626,0.577350269189625));
#11067=DIRECTION('',(-1.,0.,0.));
#11068=DIRECTION('',(-0.577350269189622,0.577350269189628,-0.577350269189628));
#11069=DIRECTION('',(0.,0.,-1.));
#11070=DIRECTION('',(-1.,0.,0.));
#11071=DIRECTION('',(0.,-1.,0.));
#11072=DIRECTION('',(0.707106781186548,-0.707106781186548,0.));
#11073=DIRECTION('',(0.707106781186548,0.707106781186548,0.));
#11074=DIRECTION('',(0.707106781186548,-0.707106781186548,0.));
#11075=DIRECTION('',(0.707106781186548,0.707106781186548,0.));
#11076=DIRECTION('',(-0.707106781186552,-0.707106781186544,0.));
#11077=DIRECTION('',(0.707106781186544,-0.707106781186551,0.));
#11078=DIRECTION('',(-0.707106781186552,-0.707106781186544,0.));
#11079=DIRECTION('',(0.707106781186544,-0.707106781186551,0.));
#11080=DIRECTION('',(1.,0.,0.));
#11081=DIRECTION('',(0.,0.,-1.));
#11082=DIRECTION('',(0.,0.,-1.));
#11083=DIRECTION('',(-1.,0.,0.));
#11084=DIRECTION('',(0.,0.,1.));
#11085=DIRECTION('',(0.,0.,-1.));
#11086=DIRECTION('',(0.707106781186548,-0.707106781186548,0.));
#11087=DIRECTION('',(0.707106781186548,0.707106781186548,0.));
#11088=DIRECTION('',(-0.70710678118655,-0.707106781186545,0.));
#11089=DIRECTION('',(0.707106781186545,-0.70710678118655,0.));
#11090=DIRECTION('',(1.,0.,0.));
#11091=DIRECTION('',(0.,0.,-1.));
#11092=DIRECTION('',(0.,0.,-1.));
#11093=DIRECTION('',(0.707106781186548,-0.707106781186548,0.));
#11094=DIRECTION('',(0.707106781186548,0.707106781186548,0.));
#11095=DIRECTION('',(-1.,0.,0.));
#11096=DIRECTION('',(0.,0.,1.));
#11097=DIRECTION('',(0.,0.,-1.));
#11098=DIRECTION('',(-0.70710678118655,-0.707106781186545,0.));
#11099=DIRECTION('',(0.707106781186545,-0.70710678118655,0.));
#11100=DIRECTION('',(1.,0.,0.));
#11101=DIRECTION('',(0.,0.,-1.));
#11102=DIRECTION('',(0.,0.,-1.));
#11103=DIRECTION('',(-1.,0.,0.));
#11104=DIRECTION('',(0.,0.,1.));
#11105=DIRECTION('',(0.,0.,-1.));
#11106=DIRECTION('',(0.707106781186548,-0.707106781186547,0.));
#11107=DIRECTION('',(0.707106781186547,0.707106781186548,0.));
#11108=DIRECTION('',(-0.70710678118655,-0.707106781186545,0.));
#11109=DIRECTION('',(0.707106781186545,-0.70710678118655,0.));
#11110=DIRECTION('',(1.,0.,0.));
#11111=DIRECTION('',(0.,0.,-1.));
#11112=DIRECTION('',(0.,0.,-1.));
#11113=DIRECTION('',(-1.,0.,0.));
#11114=DIRECTION('',(0.,0.,1.));
#11115=DIRECTION('',(0.,0.,-1.));
#11116=DIRECTION('',(0.707106781186548,-0.707106781186547,0.));
#11117=DIRECTION('',(0.707106781186547,0.707106781186548,0.));
#11118=DIRECTION('',(-0.70710678118655,-0.707106781186545,0.));
#11119=DIRECTION('',(0.707106781186545,-0.70710678118655,0.));
#11120=DIRECTION('',(1.,0.,0.));
#11121=DIRECTION('',(0.,0.,-1.));
#11122=DIRECTION('',(0.,0.,-1.));
#11123=DIRECTION('',(-1.,0.,0.));
#11124=DIRECTION('',(0.,0.,1.));
#11125=DIRECTION('',(0.,0.,-1.));
#11126=DIRECTION('',(0.707106781186548,-0.707106781186547,0.));
#11127=DIRECTION('',(0.707106781186547,0.707106781186548,0.));
#11128=DIRECTION('',(-0.70710678118655,-0.707106781186545,0.));
#11129=DIRECTION('',(0.707106781186545,-0.70710678118655,0.));
#11130=DIRECTION('',(1.,0.,0.));
#11131=DIRECTION('',(0.,0.,-1.));
#11132=DIRECTION('',(0.,0.,-1.));
#11133=DIRECTION('',(-1.,0.,0.));
#11134=DIRECTION('',(0.,0.,1.));
#11135=DIRECTION('',(0.,0.,-1.));
#11136=DIRECTION('',(0.707106781186548,-0.707106781186548,0.));
#11137=DIRECTION('',(0.707106781186548,0.707106781186548,0.));
#11138=DIRECTION('',(-0.70710678118655,-0.707106781186545,0.));
#11139=DIRECTION('',(0.707106781186545,-0.70710678118655,0.));
#11140=DIRECTION('',(1.,0.,0.));
#11141=DIRECTION('',(0.,0.,-1.));
#11142=DIRECTION('',(0.,0.,-1.));
#11143=DIRECTION('',(-1.,0.,0.));
#11144=DIRECTION('',(0.,0.,1.));
#11145=DIRECTION('',(0.,0.,-1.));
#11146=DIRECTION('',(0.707106781186548,-0.707106781186547,0.));
#11147=DIRECTION('',(0.707106781186547,0.707106781186548,0.));
#11148=DIRECTION('',(-0.70710678118655,-0.707106781186545,0.));
#11149=DIRECTION('',(0.707106781186545,-0.70710678118655,0.));
#11150=DIRECTION('',(1.,0.,0.));
#11151=DIRECTION('',(0.,0.,-1.));
#11152=DIRECTION('',(0.,0.,-1.));
#11153=DIRECTION('',(-1.,0.,0.));
#11154=DIRECTION('',(0.,0.,1.));
#11155=DIRECTION('',(0.,0.,-1.));
#11156=DIRECTION('',(0.707106781186548,-0.707106781186548,0.));
#11157=DIRECTION('',(0.707106781186548,0.707106781186548,0.));
#11158=DIRECTION('',(-0.707106781186548,-0.707106781186548,0.));
#11159=DIRECTION('',(0.707106781186548,-0.707106781186548,0.));
#11160=DIRECTION('',(1.,0.,0.));
#11161=DIRECTION('',(0.,0.,-1.));
#11162=DIRECTION('',(0.,0.,-1.));
#11163=DIRECTION('',(-1.,0.,0.));
#11164=DIRECTION('',(0.,0.,1.));
#11165=DIRECTION('',(0.,0.,-1.));
#11166=DIRECTION('',(0.707106781186548,-0.707106781186548,0.));
#11167=DIRECTION('',(0.707106781186548,0.707106781186548,0.));
#11168=DIRECTION('',(-0.70710678118655,-0.707106781186545,0.));
#11169=DIRECTION('',(0.707106781186545,-0.70710678118655,0.));
#11170=DIRECTION('',(1.,0.,0.));
#11171=DIRECTION('',(0.,0.,-1.));
#11172=DIRECTION('',(0.,0.,-1.));
#11173=DIRECTION('',(-1.,0.,0.));
#11174=DIRECTION('',(0.,0.,1.));
#11175=DIRECTION('',(0.,0.,-1.));
#11176=DIRECTION('',(0.707106781186548,-0.707106781186548,0.));
#11177=DIRECTION('',(0.707106781186548,0.707106781186548,0.));
#11178=DIRECTION('',(-0.70710678118655,-0.707106781186545,0.));
#11179=DIRECTION('',(0.707106781186545,-0.70710678118655,0.));
#11180=DIRECTION('',(1.,0.,0.));
#11181=DIRECTION('',(0.,0.,-1.));
#11182=DIRECTION('',(0.,0.,-1.));
#11183=DIRECTION('',(-1.,0.,0.));
#11184=DIRECTION('',(0.,0.,1.));
#11185=DIRECTION('',(0.,0.,-1.));
#11186=DIRECTION('',(0.707106781186548,-0.707106781186548,0.));
#11187=DIRECTION('',(0.707106781186548,0.707106781186548,0.));
#11188=DIRECTION('',(-0.70710678118655,-0.707106781186545,0.));
#11189=DIRECTION('',(0.707106781186545,-0.70710678118655,0.));
#11190=DIRECTION('',(1.,0.,0.));
#11191=DIRECTION('',(0.,0.,-1.));
#11192=DIRECTION('',(0.,0.,-1.));
#11193=DIRECTION('',(-1.,0.,0.));
#11194=DIRECTION('',(0.,0.,1.));
#11195=DIRECTION('',(0.,0.,-1.));
#11196=DIRECTION('',(0.707106781186548,-0.707106781186547,0.));
#11197=DIRECTION('',(0.707106781186547,0.707106781186548,0.));
#11198=DIRECTION('',(-0.70710678118655,-0.707106781186545,0.));
#11199=DIRECTION('',(0.707106781186545,-0.70710678118655,0.));
#11200=DIRECTION('',(1.,0.,0.));
#11201=DIRECTION('',(0.,0.,-1.));
#11202=DIRECTION('',(0.,0.,-1.));
#11203=DIRECTION('',(-1.,0.,0.));
#11204=DIRECTION('',(0.,0.,1.));
#11205=DIRECTION('',(0.,0.,-1.));
#11206=DIRECTION('',(0.707106781186548,-0.707106781186547,0.));
#11207=DIRECTION('',(0.707106781186547,0.707106781186548,0.));
#11208=DIRECTION('',(-0.70710678118655,-0.707106781186545,0.));
#11209=DIRECTION('',(0.707106781186545,-0.70710678118655,0.));
#11210=DIRECTION('',(1.,0.,0.));
#11211=DIRECTION('',(0.,0.,-1.));
#11212=DIRECTION('',(0.,0.,-1.));
#11213=DIRECTION('',(-1.,0.,0.));
#11214=DIRECTION('',(0.,0.,1.));
#11215=DIRECTION('',(0.,0.,-1.));
#11216=DIRECTION('',(0.707106781186548,-0.707106781186547,0.));
#11217=DIRECTION('',(0.707106781186547,0.707106781186548,0.));
#11218=DIRECTION('',(-0.70710678118655,-0.707106781186545,0.));
#11219=DIRECTION('',(0.707106781186545,-0.70710678118655,0.));
#11220=DIRECTION('',(1.,0.,0.));
#11221=DIRECTION('',(0.,0.,-1.));
#11222=DIRECTION('',(0.,0.,-1.));
#11223=DIRECTION('',(-1.,0.,0.));
#11224=DIRECTION('',(0.,0.,1.));
#11225=DIRECTION('',(0.,0.,-1.));
#11226=DIRECTION('',(0.707106781186548,-0.707106781186548,0.));
#11227=DIRECTION('',(0.707106781186548,0.707106781186548,0.));
#11228=DIRECTION('',(-0.70710678118655,-0.707106781186545,0.));
#11229=DIRECTION('',(0.707106781186545,-0.70710678118655,0.));
#11230=DIRECTION('',(1.,0.,0.));
#11231=DIRECTION('',(0.,0.,-1.));
#11232=DIRECTION('',(0.,0.,-1.));
#11233=DIRECTION('',(-1.,0.,0.));
#11234=DIRECTION('',(0.,0.,1.));
#11235=DIRECTION('',(0.,0.,-1.));
#11236=DIRECTION('',(0.707106781186548,-0.707106781186547,0.));
#11237=DIRECTION('',(0.707106781186547,0.707106781186548,0.));
#11238=DIRECTION('',(-0.70710678118655,-0.707106781186545,0.));
#11239=DIRECTION('',(0.707106781186545,-0.70710678118655,0.));
#11240=DIRECTION('',(1.,0.,0.));
#11241=DIRECTION('',(0.,0.,-1.));
#11242=DIRECTION('',(0.,0.,-1.));
#11243=DIRECTION('',(-1.,0.,0.));
#11244=DIRECTION('',(0.,0.,1.));
#11245=DIRECTION('',(0.,0.,-1.));
#11246=DIRECTION('',(0.707106781186548,-0.707106781186548,0.));
#11247=DIRECTION('',(0.707106781186548,0.707106781186548,0.));
#11248=DIRECTION('',(-0.707106781186548,-0.707106781186548,0.));
#11249=DIRECTION('',(0.707106781186548,-0.707106781186548,0.));
#11250=DIRECTION('',(0.,-1.,0.));
#11251=DIRECTION('',(0.,0.,-1.));
#11252=DIRECTION('',(0.,0.,-1.));
#11253=DIRECTION('',(-1.,0.,0.));
#11254=CARTESIAN_POINT('',(0.,0.,0.));
#11255=CARTESIAN_POINT('',(-0.25,0.05,0.098));
#11256=CARTESIAN_POINT('',(0.25,0.05,0.098));
#11257=CARTESIAN_POINT('',(0.25,-0.02,0.098));
#11258=CARTESIAN_POINT('',(0.25,-0.05,0.098));
#11259=CARTESIAN_POINT('',(0.25,-0.02,0.098));
#11260=CARTESIAN_POINT('',(-0.25,-0.02,0.098));
#11261=CARTESIAN_POINT('',(-0.25,0.05,0.098));
#11262=CARTESIAN_POINT('',(-0.25,-0.05,0.098));
#11263=CARTESIAN_POINT('',(-0.25,-0.05,0.098));
#11264=CARTESIAN_POINT('',(0.25,0.05,-0.098));
#11265=CARTESIAN_POINT('',(0.25,0.05,-0.098));
#11266=CARTESIAN_POINT('',(0.25,0.05,-0.098));
#11267=CARTESIAN_POINT('',(0.25,0.03,-0.098));
#11268=CARTESIAN_POINT('',(0.25,0.03,-0.098));
#11269=CARTESIAN_POINT('',(-0.25,0.03,-0.098));
#11270=CARTESIAN_POINT('',(-0.25,0.05,-0.098));
#11271=CARTESIAN_POINT('',(-0.25,0.05,-0.098));
#11272=CARTESIAN_POINT('',(0.25,0.05,-0.098));
#11273=CARTESIAN_POINT('',(0.,-0.05,0.));
#11274=CARTESIAN_POINT('',(0.25,-0.05,0.098));
#11275=CARTESIAN_POINT('',(0.25,-0.05,-0.077999999999998));
#11276=CARTESIAN_POINT('',(0.25,-0.05,-0.098));
#11277=CARTESIAN_POINT('',(0.25,-0.05,-0.077999999999998));
#11278=CARTESIAN_POINT('',(-0.25,-0.05,-0.077999999999998));
#11279=CARTESIAN_POINT('',(-0.25,-0.05,-0.098));
#11280=CARTESIAN_POINT('',(-0.25,-0.05,-0.098));
#11281=CARTESIAN_POINT('',(0.25,-0.05,-0.098));
#11282=CARTESIAN_POINT('',(-0.25,0.05,-0.098));
#11283=CARTESIAN_POINT('',(-0.25,0.03,-0.085));
#11284=CARTESIAN_POINT('',(-0.25,0.03,-0.085));
#11285=CARTESIAN_POINT('',(-0.25,-0.02,-0.085));
#11286=CARTESIAN_POINT('',(-0.25,-0.02,-0.085));
#11287=CARTESIAN_POINT('',(-0.25,-0.02,-0.098));
#11288=CARTESIAN_POINT('',(-0.25,-0.02,-0.098));
#11289=CARTESIAN_POINT('',(-0.25,0.05,-0.098));
#11290=CARTESIAN_POINT('',(-0.25,-0.04,-0.077999999999997));
#11291=CARTESIAN_POINT('',(-0.25,-0.04,-0.077999999999997));
#11292=CARTESIAN_POINT('',(-0.25,-0.04,0.078));
#11293=CARTESIAN_POINT('',(-0.25,-0.04,0.078));
#11294=CARTESIAN_POINT('',(-0.25,-0.05,0.078));
#11295=CARTESIAN_POINT('',(-0.25,-0.05,0.078));
#11296=CARTESIAN_POINT('',(-0.25,-0.05,-0.098));
#11297=CARTESIAN_POINT('',(-0.25,-0.02,0.085));
#11298=CARTESIAN_POINT('',(-0.25,-0.02,0.085));
#11299=CARTESIAN_POINT('',(-0.25,0.03,0.085));
#11300=CARTESIAN_POINT('',(-0.25,0.03,0.085));
#11301=CARTESIAN_POINT('',(-0.25,0.03,0.098));
#11302=CARTESIAN_POINT('',(-0.25,0.03,0.098));
#11303=CARTESIAN_POINT('',(-0.25,0.05,0.098));
#11304=CARTESIAN_POINT('',(-0.25,0.05,0.098));
#11305=CARTESIAN_POINT('',(-0.25,0.05,-0.098));
#11306=CARTESIAN_POINT('',(-0.25,0.05,0.098));
#11307=CARTESIAN_POINT('',(0.25,0.03,0.098));
#11308=CARTESIAN_POINT('',(0.25,0.03,0.098));
#11309=CARTESIAN_POINT('',(0.25,0.05,0.098));
#11310=CARTESIAN_POINT('',(0.25,0.05,0.098));
#11311=CARTESIAN_POINT('',(-0.25,0.05,0.098));
#11312=CARTESIAN_POINT('',(0.25,0.05,0.098));
#11313=CARTESIAN_POINT('',(0.25,-0.02,-0.085));
#11314=CARTESIAN_POINT('',(0.25,-0.02,-0.085));
#11315=CARTESIAN_POINT('',(0.25,0.03,-0.085));
#11316=CARTESIAN_POINT('',(0.25,0.03,-0.085));
#11317=CARTESIAN_POINT('',(0.25,0.05,0.098));
#11318=CARTESIAN_POINT('',(0.25,0.03,0.098));
#11319=CARTESIAN_POINT('',(0.25,0.03,0.085));
#11320=CARTESIAN_POINT('',(0.25,0.03,0.085));
#11321=CARTESIAN_POINT('',(0.25,-0.02,0.085));
#11322=CARTESIAN_POINT('',(0.25,-0.02,0.085));
#11323=CARTESIAN_POINT('',(0.25,-0.05,0.098));
#11324=CARTESIAN_POINT('',(0.25,-0.05,0.078));
#11325=CARTESIAN_POINT('',(0.25,-0.05,0.078));
#11326=CARTESIAN_POINT('',(0.25,-0.04,0.078));
#11327=CARTESIAN_POINT('',(0.25,-0.04,0.078));
#11328=CARTESIAN_POINT('',(0.25,-0.04,-0.077999999999997));
#11329=CARTESIAN_POINT('',(0.25,-0.04,-0.077999999999997));
#11330=CARTESIAN_POINT('',(0.25,0.05,-0.098));
#11331=CARTESIAN_POINT('',(0.25,-0.02,-0.098));
#11332=CARTESIAN_POINT('',(0.25,-0.02,-0.098));
#11333=CARTESIAN_POINT('',(0.216,0.05,-0.059));
#11334=CARTESIAN_POINT('',(0.216,-0.04,-0.059));
#11335=CARTESIAN_POINT('',(0.216,-0.04,-0.059));
#11336=CARTESIAN_POINT('',(0.216,-0.04,-0.041));
#11337=CARTESIAN_POINT('',(0.216,0.05,-0.059));
#11338=CARTESIAN_POINT('',(0.216,0.05,-0.059));
#11339=CARTESIAN_POINT('',(0.216,0.05,-0.059));
#11340=CARTESIAN_POINT('',(0.216,0.05,-0.041));
#11341=CARTESIAN_POINT('',(0.216,0.05,-0.041));
#11342=CARTESIAN_POINT('',(0.234,0.05,-0.059));
#11343=CARTESIAN_POINT('',(0.234,-0.04,-0.059));
#11344=CARTESIAN_POINT('',(0.234,-0.04,-0.059));
#11345=CARTESIAN_POINT('',(0.234,0.05,-0.059));
#11346=CARTESIAN_POINT('',(0.234,0.05,-0.059));
#11347=CARTESIAN_POINT('',(0.234,0.05,-0.059));
#11348=CARTESIAN_POINT('',(0.234,0.05,-0.041));
#11349=CARTESIAN_POINT('',(0.234,-0.04,-0.041));
#11350=CARTESIAN_POINT('',(0.234,-0.04,-0.041));
#11351=CARTESIAN_POINT('',(0.234,0.05,-0.041));
#11352=CARTESIAN_POINT('',(0.234,0.05,-0.041));
#11353=CARTESIAN_POINT('',(0.234,0.05,-0.041));
#11354=CARTESIAN_POINT('',(0.216,0.05,0.041));
#11355=CARTESIAN_POINT('',(0.216,-0.04,0.041));
#11356=CARTESIAN_POINT('',(0.216,-0.04,0.041));
#11357=CARTESIAN_POINT('',(0.216,-0.04,0.059));
#11358=CARTESIAN_POINT('',(0.216,0.05,0.041));
#11359=CARTESIAN_POINT('',(0.216,0.05,0.041));
#11360=CARTESIAN_POINT('',(0.216,0.05,0.041));
#11361=CARTESIAN_POINT('',(0.216,0.05,0.059));
#11362=CARTESIAN_POINT('',(0.216,0.05,0.059));
#11363=CARTESIAN_POINT('',(0.234,0.05,0.041));
#11364=CARTESIAN_POINT('',(0.234,-0.04,0.041));
#11365=CARTESIAN_POINT('',(0.234,-0.04,0.041));
#11366=CARTESIAN_POINT('',(0.234,0.05,0.041));
#11367=CARTESIAN_POINT('',(0.234,0.05,0.041));
#11368=CARTESIAN_POINT('',(0.234,0.05,0.041));
#11369=CARTESIAN_POINT('',(0.234,0.05,0.059));
#11370=CARTESIAN_POINT('',(0.234,-0.04,0.059));
#11371=CARTESIAN_POINT('',(0.234,-0.04,0.059));
#11372=CARTESIAN_POINT('',(0.234,0.05,0.059));
#11373=CARTESIAN_POINT('',(0.234,0.05,0.059));
#11374=CARTESIAN_POINT('',(0.234,0.05,0.059));
#11375=CARTESIAN_POINT('',(0.166,0.05,-0.059));
#11376=CARTESIAN_POINT('',(0.166,-0.04,-0.059));
#11377=CARTESIAN_POINT('',(0.166,-0.04,-0.059));
#11378=CARTESIAN_POINT('',(0.166,-0.04,-0.041));
#11379=CARTESIAN_POINT('',(0.166,0.05,-0.059));
#11380=CARTESIAN_POINT('',(0.166,0.05,-0.059));
#11381=CARTESIAN_POINT('',(0.166,0.05,-0.059));
#11382=CARTESIAN_POINT('',(0.166,0.05,-0.041));
#11383=CARTESIAN_POINT('',(0.166,0.05,-0.041));
#11384=CARTESIAN_POINT('',(0.184,0.05,-0.059));
#11385=CARTESIAN_POINT('',(0.184,-0.04,-0.059));
#11386=CARTESIAN_POINT('',(0.184,-0.04,-0.059));
#11387=CARTESIAN_POINT('',(0.184,0.05,-0.059));
#11388=CARTESIAN_POINT('',(0.184,0.05,-0.059));
#11389=CARTESIAN_POINT('',(0.184,0.05,-0.059));
#11390=CARTESIAN_POINT('',(0.184,0.05,-0.041));
#11391=CARTESIAN_POINT('',(0.184,-0.04,-0.041));
#11392=CARTESIAN_POINT('',(0.184,-0.04,-0.041));
#11393=CARTESIAN_POINT('',(0.184,0.05,-0.041));
#11394=CARTESIAN_POINT('',(0.184,0.05,-0.041));
#11395=CARTESIAN_POINT('',(0.184,0.05,-0.041));
#11396=CARTESIAN_POINT('',(0.166,0.05,0.041));
#11397=CARTESIAN_POINT('',(0.166,-0.04,0.041));
#11398=CARTESIAN_POINT('',(0.166,-0.04,0.041));
#11399=CARTESIAN_POINT('',(0.166,-0.04,0.059));
#11400=CARTESIAN_POINT('',(0.166,0.05,0.041));
#11401=CARTESIAN_POINT('',(0.166,0.05,0.041));
#11402=CARTESIAN_POINT('',(0.166,0.05,0.041));
#11403=CARTESIAN_POINT('',(0.166,0.05,0.059));
#11404=CARTESIAN_POINT('',(0.166,0.05,0.059));
#11405=CARTESIAN_POINT('',(0.184,0.05,0.041));
#11406=CARTESIAN_POINT('',(0.184,-0.04,0.041));
#11407=CARTESIAN_POINT('',(0.184,-0.04,0.041));
#11408=CARTESIAN_POINT('',(0.184,0.05,0.041));
#11409=CARTESIAN_POINT('',(0.184,0.05,0.041));
#11410=CARTESIAN_POINT('',(0.184,0.05,0.041));
#11411=CARTESIAN_POINT('',(0.184,0.05,0.059));
#11412=CARTESIAN_POINT('',(0.184,-0.04,0.059));
#11413=CARTESIAN_POINT('',(0.184,-0.04,0.059));
#11414=CARTESIAN_POINT('',(0.184,0.05,0.059));
#11415=CARTESIAN_POINT('',(0.184,0.05,0.059));
#11416=CARTESIAN_POINT('',(0.184,0.05,0.059));
#11417=CARTESIAN_POINT('',(0.116,0.05,-0.059));
#11418=CARTESIAN_POINT('',(0.116,-0.04,-0.059));
#11419=CARTESIAN_POINT('',(0.116,-0.04,-0.059));
#11420=CARTESIAN_POINT('',(0.116,-0.04,-0.041));
#11421=CARTESIAN_POINT('',(0.116,0.05,-0.059));
#11422=CARTESIAN_POINT('',(0.116,0.05,-0.059));
#11423=CARTESIAN_POINT('',(0.116,0.05,-0.059));
#11424=CARTESIAN_POINT('',(0.116,0.05,-0.041));
#11425=CARTESIAN_POINT('',(0.116,0.05,-0.041));
#11426=CARTESIAN_POINT('',(0.134,0.05,-0.059));
#11427=CARTESIAN_POINT('',(0.134,-0.04,-0.059));
#11428=CARTESIAN_POINT('',(0.134,-0.04,-0.059));
#11429=CARTESIAN_POINT('',(0.134,0.05,-0.059));
#11430=CARTESIAN_POINT('',(0.134,0.05,-0.059));
#11431=CARTESIAN_POINT('',(0.134,0.05,-0.059));
#11432=CARTESIAN_POINT('',(0.134,0.05,-0.041));
#11433=CARTESIAN_POINT('',(0.134,-0.04,-0.041));
#11434=CARTESIAN_POINT('',(0.134,-0.04,-0.041));
#11435=CARTESIAN_POINT('',(0.134,0.05,-0.041));
#11436=CARTESIAN_POINT('',(0.134,0.05,-0.041));
#11437=CARTESIAN_POINT('',(0.134,0.05,-0.041));
#11438=CARTESIAN_POINT('',(0.116,0.05,0.041));
#11439=CARTESIAN_POINT('',(0.116,-0.04,0.041));
#11440=CARTESIAN_POINT('',(0.116,-0.04,0.041));
#11441=CARTESIAN_POINT('',(0.116,-0.04,0.059));
#11442=CARTESIAN_POINT('',(0.116,0.05,0.041));
#11443=CARTESIAN_POINT('',(0.116,0.05,0.041));
#11444=CARTESIAN_POINT('',(0.116,0.05,0.041));
#11445=CARTESIAN_POINT('',(0.116,0.05,0.059));
#11446=CARTESIAN_POINT('',(0.116,0.05,0.059));
#11447=CARTESIAN_POINT('',(0.134,0.05,0.041));
#11448=CARTESIAN_POINT('',(0.134,-0.04,0.041));
#11449=CARTESIAN_POINT('',(0.134,-0.04,0.041));
#11450=CARTESIAN_POINT('',(0.134,0.05,0.041));
#11451=CARTESIAN_POINT('',(0.134,0.05,0.041));
#11452=CARTESIAN_POINT('',(0.134,0.05,0.041));
#11453=CARTESIAN_POINT('',(0.134,0.05,0.059));
#11454=CARTESIAN_POINT('',(0.134,-0.04,0.059));
#11455=CARTESIAN_POINT('',(0.134,-0.04,0.059));
#11456=CARTESIAN_POINT('',(0.134,0.05,0.059));
#11457=CARTESIAN_POINT('',(0.134,0.05,0.059));
#11458=CARTESIAN_POINT('',(0.134,0.05,0.059));
#11459=CARTESIAN_POINT('',(0.0660000000000001,0.05,-0.059));
#11460=CARTESIAN_POINT('',(0.0660000000000001,-0.04,-0.059));
#11461=CARTESIAN_POINT('',(0.0660000000000001,-0.04,-0.059));
#11462=CARTESIAN_POINT('',(0.0660000000000001,-0.04,-0.041));
#11463=CARTESIAN_POINT('',(0.0660000000000001,0.05,-0.059));
#11464=CARTESIAN_POINT('',(0.0660000000000001,0.05,-0.059));
#11465=CARTESIAN_POINT('',(0.0660000000000001,0.05,-0.059));
#11466=CARTESIAN_POINT('',(0.0660000000000001,0.05,-0.041));
#11467=CARTESIAN_POINT('',(0.0660000000000001,0.05,-0.041));
#11468=CARTESIAN_POINT('',(0.084,0.05,-0.059));
#11469=CARTESIAN_POINT('',(0.084,-0.04,-0.059));
#11470=CARTESIAN_POINT('',(0.084,-0.04,-0.059));
#11471=CARTESIAN_POINT('',(0.084,0.05,-0.059));
#11472=CARTESIAN_POINT('',(0.084,0.05,-0.059));
#11473=CARTESIAN_POINT('',(0.084,0.05,-0.059));
#11474=CARTESIAN_POINT('',(0.084,0.05,-0.041));
#11475=CARTESIAN_POINT('',(0.084,-0.04,-0.041));
#11476=CARTESIAN_POINT('',(0.084,-0.04,-0.041));
#11477=CARTESIAN_POINT('',(0.084,0.05,-0.041));
#11478=CARTESIAN_POINT('',(0.084,0.05,-0.041));
#11479=CARTESIAN_POINT('',(0.084,0.05,-0.041));
#11480=CARTESIAN_POINT('',(0.0660000000000001,0.05,0.041));
#11481=CARTESIAN_POINT('',(0.0660000000000001,-0.04,0.041));
#11482=CARTESIAN_POINT('',(0.0660000000000001,-0.04,0.041));
#11483=CARTESIAN_POINT('',(0.0660000000000001,-0.04,0.059));
#11484=CARTESIAN_POINT('',(0.0660000000000001,0.05,0.041));
#11485=CARTESIAN_POINT('',(0.0660000000000001,0.05,0.041));
#11486=CARTESIAN_POINT('',(0.0660000000000001,0.05,0.041));
#11487=CARTESIAN_POINT('',(0.0660000000000001,0.05,0.059));
#11488=CARTESIAN_POINT('',(0.0660000000000001,0.05,0.059));
#11489=CARTESIAN_POINT('',(0.084,0.05,0.041));
#11490=CARTESIAN_POINT('',(0.084,-0.04,0.041));
#11491=CARTESIAN_POINT('',(0.084,-0.04,0.041));
#11492=CARTESIAN_POINT('',(0.084,0.05,0.041));
#11493=CARTESIAN_POINT('',(0.084,0.05,0.041));
#11494=CARTESIAN_POINT('',(0.084,0.05,0.041));
#11495=CARTESIAN_POINT('',(0.084,0.05,0.059));
#11496=CARTESIAN_POINT('',(0.084,-0.04,0.059));
#11497=CARTESIAN_POINT('',(0.084,-0.04,0.059));
#11498=CARTESIAN_POINT('',(0.084,0.05,0.059));
#11499=CARTESIAN_POINT('',(0.084,0.05,0.059));
#11500=CARTESIAN_POINT('',(0.084,0.05,0.059));
#11501=CARTESIAN_POINT('',(0.016,0.05,-0.059));
#11502=CARTESIAN_POINT('',(0.016,-0.04,-0.059));
#11503=CARTESIAN_POINT('',(0.016,-0.04,-0.059));
#11504=CARTESIAN_POINT('',(0.016,-0.04,-0.041));
#11505=CARTESIAN_POINT('',(0.016,0.05,-0.059));
#11506=CARTESIAN_POINT('',(0.016,0.05,-0.059));
#11507=CARTESIAN_POINT('',(0.016,0.05,-0.059));
#11508=CARTESIAN_POINT('',(0.016,0.05,-0.041));
#11509=CARTESIAN_POINT('',(0.016,0.05,-0.041));
#11510=CARTESIAN_POINT('',(0.034,0.05,-0.059));
#11511=CARTESIAN_POINT('',(0.034,-0.04,-0.059));
#11512=CARTESIAN_POINT('',(0.034,-0.04,-0.059));
#11513=CARTESIAN_POINT('',(0.034,0.05,-0.059));
#11514=CARTESIAN_POINT('',(0.034,0.05,-0.059));
#11515=CARTESIAN_POINT('',(0.034,0.05,-0.059));
#11516=CARTESIAN_POINT('',(0.034,0.05,-0.041));
#11517=CARTESIAN_POINT('',(0.034,-0.04,-0.041));
#11518=CARTESIAN_POINT('',(0.034,-0.04,-0.041));
#11519=CARTESIAN_POINT('',(0.034,0.05,-0.041));
#11520=CARTESIAN_POINT('',(0.034,0.05,-0.041));
#11521=CARTESIAN_POINT('',(0.034,0.05,-0.041));
#11522=CARTESIAN_POINT('',(0.016,0.05,0.041));
#11523=CARTESIAN_POINT('',(0.016,-0.04,0.041));
#11524=CARTESIAN_POINT('',(0.016,-0.04,0.041));
#11525=CARTESIAN_POINT('',(0.016,-0.04,0.059));
#11526=CARTESIAN_POINT('',(0.016,0.05,0.041));
#11527=CARTESIAN_POINT('',(0.016,0.05,0.041));
#11528=CARTESIAN_POINT('',(0.016,0.05,0.041));
#11529=CARTESIAN_POINT('',(0.016,0.05,0.059));
#11530=CARTESIAN_POINT('',(0.016,0.05,0.059));
#11531=CARTESIAN_POINT('',(0.034,0.05,0.041));
#11532=CARTESIAN_POINT('',(0.034,-0.04,0.041));
#11533=CARTESIAN_POINT('',(0.034,-0.04,0.041));
#11534=CARTESIAN_POINT('',(0.034,0.05,0.041));
#11535=CARTESIAN_POINT('',(0.034,0.05,0.041));
#11536=CARTESIAN_POINT('',(0.034,0.05,0.041));
#11537=CARTESIAN_POINT('',(0.034,0.05,0.059));
#11538=CARTESIAN_POINT('',(0.034,-0.04,0.059));
#11539=CARTESIAN_POINT('',(0.034,-0.04,0.059));
#11540=CARTESIAN_POINT('',(0.034,0.05,0.059));
#11541=CARTESIAN_POINT('',(0.034,0.05,0.059));
#11542=CARTESIAN_POINT('',(0.034,0.05,0.059));
#11543=CARTESIAN_POINT('',(-0.034,0.05,-0.059));
#11544=CARTESIAN_POINT('',(-0.034,-0.04,-0.059));
#11545=CARTESIAN_POINT('',(-0.034,-0.04,-0.059));
#11546=CARTESIAN_POINT('',(-0.034,-0.04,-0.041));
#11547=CARTESIAN_POINT('',(-0.034,0.05,-0.059));
#11548=CARTESIAN_POINT('',(-0.034,0.05,-0.059));
#11549=CARTESIAN_POINT('',(-0.034,0.05,-0.059));
#11550=CARTESIAN_POINT('',(-0.034,0.05,-0.041));
#11551=CARTESIAN_POINT('',(-0.034,0.05,-0.041));
#11552=CARTESIAN_POINT('',(-0.016,0.05,-0.059));
#11553=CARTESIAN_POINT('',(-0.016,-0.04,-0.059));
#11554=CARTESIAN_POINT('',(-0.016,-0.04,-0.059));
#11555=CARTESIAN_POINT('',(-0.016,0.05,-0.059));
#11556=CARTESIAN_POINT('',(-0.016,0.05,-0.059));
#11557=CARTESIAN_POINT('',(-0.016,0.05,-0.059));
#11558=CARTESIAN_POINT('',(-0.016,0.05,-0.041));
#11559=CARTESIAN_POINT('',(-0.016,-0.04,-0.041));
#11560=CARTESIAN_POINT('',(-0.016,-0.04,-0.041));
#11561=CARTESIAN_POINT('',(-0.016,0.05,-0.041));
#11562=CARTESIAN_POINT('',(-0.016,0.05,-0.041));
#11563=CARTESIAN_POINT('',(-0.016,0.05,-0.041));
#11564=CARTESIAN_POINT('',(-0.034,0.05,0.041));
#11565=CARTESIAN_POINT('',(-0.034,-0.04,0.041));
#11566=CARTESIAN_POINT('',(-0.034,-0.04,0.041));
#11567=CARTESIAN_POINT('',(-0.034,-0.04,0.059));
#11568=CARTESIAN_POINT('',(-0.034,0.05,0.041));
#11569=CARTESIAN_POINT('',(-0.034,0.05,0.041));
#11570=CARTESIAN_POINT('',(-0.034,0.05,0.041));
#11571=CARTESIAN_POINT('',(-0.034,0.05,0.059));
#11572=CARTESIAN_POINT('',(-0.034,0.05,0.059));
#11573=CARTESIAN_POINT('',(-0.016,0.05,0.041));
#11574=CARTESIAN_POINT('',(-0.016,-0.04,0.041));
#11575=CARTESIAN_POINT('',(-0.016,-0.04,0.041));
#11576=CARTESIAN_POINT('',(-0.016,0.05,0.041));
#11577=CARTESIAN_POINT('',(-0.016,0.05,0.041));
#11578=CARTESIAN_POINT('',(-0.016,0.05,0.041));
#11579=CARTESIAN_POINT('',(-0.016,0.05,0.059));
#11580=CARTESIAN_POINT('',(-0.016,-0.04,0.059));
#11581=CARTESIAN_POINT('',(-0.016,-0.04,0.059));
#11582=CARTESIAN_POINT('',(-0.016,0.05,0.059));
#11583=CARTESIAN_POINT('',(-0.016,0.05,0.059));
#11584=CARTESIAN_POINT('',(-0.016,0.05,0.059));
#11585=CARTESIAN_POINT('',(-0.084,0.05,-0.059));
#11586=CARTESIAN_POINT('',(-0.084,-0.04,-0.059));
#11587=CARTESIAN_POINT('',(-0.084,-0.04,-0.059));
#11588=CARTESIAN_POINT('',(-0.084,-0.04,-0.041));
#11589=CARTESIAN_POINT('',(-0.084,0.05,-0.059));
#11590=CARTESIAN_POINT('',(-0.084,0.05,-0.059));
#11591=CARTESIAN_POINT('',(-0.084,0.05,-0.059));
#11592=CARTESIAN_POINT('',(-0.084,0.05,-0.041));
#11593=CARTESIAN_POINT('',(-0.084,0.05,-0.041));
#11594=CARTESIAN_POINT('',(-0.066,0.05,-0.059));
#11595=CARTESIAN_POINT('',(-0.066,-0.04,-0.059));
#11596=CARTESIAN_POINT('',(-0.066,-0.04,-0.059));
#11597=CARTESIAN_POINT('',(-0.066,0.05,-0.059));
#11598=CARTESIAN_POINT('',(-0.066,0.05,-0.059));
#11599=CARTESIAN_POINT('',(-0.066,0.05,-0.059));
#11600=CARTESIAN_POINT('',(-0.066,0.05,-0.041));
#11601=CARTESIAN_POINT('',(-0.066,-0.04,-0.041));
#11602=CARTESIAN_POINT('',(-0.066,-0.04,-0.041));
#11603=CARTESIAN_POINT('',(-0.066,0.05,-0.041));
#11604=CARTESIAN_POINT('',(-0.066,0.05,-0.041));
#11605=CARTESIAN_POINT('',(-0.066,0.05,-0.041));
#11606=CARTESIAN_POINT('',(-0.084,0.05,0.041));
#11607=CARTESIAN_POINT('',(-0.084,-0.04,0.041));
#11608=CARTESIAN_POINT('',(-0.084,-0.04,0.041));
#11609=CARTESIAN_POINT('',(-0.084,-0.04,0.059));
#11610=CARTESIAN_POINT('',(-0.084,0.05,0.041));
#11611=CARTESIAN_POINT('',(-0.084,0.05,0.041));
#11612=CARTESIAN_POINT('',(-0.084,0.05,0.041));
#11613=CARTESIAN_POINT('',(-0.084,0.05,0.059));
#11614=CARTESIAN_POINT('',(-0.084,0.05,0.059));
#11615=CARTESIAN_POINT('',(-0.066,0.05,0.041));
#11616=CARTESIAN_POINT('',(-0.066,-0.04,0.041));
#11617=CARTESIAN_POINT('',(-0.066,-0.04,0.041));
#11618=CARTESIAN_POINT('',(-0.066,0.05,0.041));
#11619=CARTESIAN_POINT('',(-0.066,0.05,0.041));
#11620=CARTESIAN_POINT('',(-0.066,0.05,0.041));
#11621=CARTESIAN_POINT('',(-0.066,0.05,0.059));
#11622=CARTESIAN_POINT('',(-0.066,-0.04,0.059));
#11623=CARTESIAN_POINT('',(-0.066,-0.04,0.059));
#11624=CARTESIAN_POINT('',(-0.066,0.05,0.059));
#11625=CARTESIAN_POINT('',(-0.066,0.05,0.059));
#11626=CARTESIAN_POINT('',(-0.066,0.05,0.059));
#11627=CARTESIAN_POINT('',(-0.134,0.05,-0.059));
#11628=CARTESIAN_POINT('',(-0.134,-0.04,-0.059));
#11629=CARTESIAN_POINT('',(-0.134,-0.04,-0.059));
#11630=CARTESIAN_POINT('',(-0.134,-0.04,-0.041));
#11631=CARTESIAN_POINT('',(-0.134,0.05,-0.059));
#11632=CARTESIAN_POINT('',(-0.134,0.05,-0.059));
#11633=CARTESIAN_POINT('',(-0.134,0.05,-0.059));
#11634=CARTESIAN_POINT('',(-0.134,0.05,-0.041));
#11635=CARTESIAN_POINT('',(-0.134,0.05,-0.041));
#11636=CARTESIAN_POINT('',(-0.116,0.05,-0.059));
#11637=CARTESIAN_POINT('',(-0.116,-0.04,-0.059));
#11638=CARTESIAN_POINT('',(-0.116,-0.04,-0.059));
#11639=CARTESIAN_POINT('',(-0.116,0.05,-0.059));
#11640=CARTESIAN_POINT('',(-0.116,0.05,-0.059));
#11641=CARTESIAN_POINT('',(-0.116,0.05,-0.059));
#11642=CARTESIAN_POINT('',(-0.116,0.05,-0.041));
#11643=CARTESIAN_POINT('',(-0.116,-0.04,-0.041));
#11644=CARTESIAN_POINT('',(-0.116,-0.04,-0.041));
#11645=CARTESIAN_POINT('',(-0.116,0.05,-0.041));
#11646=CARTESIAN_POINT('',(-0.116,0.05,-0.041));
#11647=CARTESIAN_POINT('',(-0.116,0.05,-0.041));
#11648=CARTESIAN_POINT('',(-0.134,0.05,0.041));
#11649=CARTESIAN_POINT('',(-0.134,-0.04,0.041));
#11650=CARTESIAN_POINT('',(-0.134,-0.04,0.041));
#11651=CARTESIAN_POINT('',(-0.134,-0.04,0.059));
#11652=CARTESIAN_POINT('',(-0.134,0.05,0.041));
#11653=CARTESIAN_POINT('',(-0.134,0.05,0.041));
#11654=CARTESIAN_POINT('',(-0.134,0.05,0.041));
#11655=CARTESIAN_POINT('',(-0.134,0.05,0.059));
#11656=CARTESIAN_POINT('',(-0.134,0.05,0.059));
#11657=CARTESIAN_POINT('',(-0.116,0.05,0.041));
#11658=CARTESIAN_POINT('',(-0.116,-0.04,0.041));
#11659=CARTESIAN_POINT('',(-0.116,-0.04,0.041));
#11660=CARTESIAN_POINT('',(-0.116,0.05,0.041));
#11661=CARTESIAN_POINT('',(-0.116,0.05,0.041));
#11662=CARTESIAN_POINT('',(-0.116,0.05,0.041));
#11663=CARTESIAN_POINT('',(-0.116,0.05,0.059));
#11664=CARTESIAN_POINT('',(-0.116,-0.04,0.059));
#11665=CARTESIAN_POINT('',(-0.116,-0.04,0.059));
#11666=CARTESIAN_POINT('',(-0.116,0.05,0.059));
#11667=CARTESIAN_POINT('',(-0.116,0.05,0.059));
#11668=CARTESIAN_POINT('',(-0.116,0.05,0.059));
#11669=CARTESIAN_POINT('',(-0.184,0.05,-0.059));
#11670=CARTESIAN_POINT('',(-0.184,-0.04,-0.059));
#11671=CARTESIAN_POINT('',(-0.184,-0.04,-0.059));
#11672=CARTESIAN_POINT('',(-0.184,-0.04,-0.041));
#11673=CARTESIAN_POINT('',(-0.184,0.05,-0.059));
#11674=CARTESIAN_POINT('',(-0.184,0.05,-0.059));
#11675=CARTESIAN_POINT('',(-0.184,0.05,-0.059));
#11676=CARTESIAN_POINT('',(-0.184,0.05,-0.041));
#11677=CARTESIAN_POINT('',(-0.184,0.05,-0.041));
#11678=CARTESIAN_POINT('',(-0.166,0.05,-0.059));
#11679=CARTESIAN_POINT('',(-0.166,-0.04,-0.059));
#11680=CARTESIAN_POINT('',(-0.166,-0.04,-0.059));
#11681=CARTESIAN_POINT('',(-0.166,0.05,-0.059));
#11682=CARTESIAN_POINT('',(-0.166,0.05,-0.059));
#11683=CARTESIAN_POINT('',(-0.166,0.05,-0.059));
#11684=CARTESIAN_POINT('',(-0.166,0.05,-0.041));
#11685=CARTESIAN_POINT('',(-0.166,-0.04,-0.041));
#11686=CARTESIAN_POINT('',(-0.166,-0.04,-0.041));
#11687=CARTESIAN_POINT('',(-0.166,0.05,-0.041));
#11688=CARTESIAN_POINT('',(-0.166,0.05,-0.041));
#11689=CARTESIAN_POINT('',(-0.166,0.05,-0.041));
#11690=CARTESIAN_POINT('',(-0.184,0.05,0.041));
#11691=CARTESIAN_POINT('',(-0.184,-0.04,0.041));
#11692=CARTESIAN_POINT('',(-0.184,-0.04,0.041));
#11693=CARTESIAN_POINT('',(-0.184,-0.04,0.059));
#11694=CARTESIAN_POINT('',(-0.184,0.05,0.041));
#11695=CARTESIAN_POINT('',(-0.184,0.05,0.041));
#11696=CARTESIAN_POINT('',(-0.184,0.05,0.041));
#11697=CARTESIAN_POINT('',(-0.184,0.05,0.059));
#11698=CARTESIAN_POINT('',(-0.184,0.05,0.059));
#11699=CARTESIAN_POINT('',(-0.166,0.05,0.041));
#11700=CARTESIAN_POINT('',(-0.166,-0.04,0.041));
#11701=CARTESIAN_POINT('',(-0.166,-0.04,0.041));
#11702=CARTESIAN_POINT('',(-0.166,0.05,0.041));
#11703=CARTESIAN_POINT('',(-0.166,0.05,0.041));
#11704=CARTESIAN_POINT('',(-0.166,0.05,0.041));
#11705=CARTESIAN_POINT('',(-0.166,0.05,0.059));
#11706=CARTESIAN_POINT('',(-0.166,-0.04,0.059));
#11707=CARTESIAN_POINT('',(-0.166,-0.04,0.059));
#11708=CARTESIAN_POINT('',(-0.166,0.05,0.059));
#11709=CARTESIAN_POINT('',(-0.166,0.05,0.059));
#11710=CARTESIAN_POINT('',(-0.166,0.05,0.059));
#11711=CARTESIAN_POINT('',(-0.234,0.05,-0.059));
#11712=CARTESIAN_POINT('',(-0.234,-0.04,-0.059));
#11713=CARTESIAN_POINT('',(-0.234,-0.04,-0.059));
#11714=CARTESIAN_POINT('',(-0.234,-0.04,-0.041));
#11715=CARTESIAN_POINT('',(-0.234,0.05,-0.059));
#11716=CARTESIAN_POINT('',(-0.234,0.05,-0.059));
#11717=CARTESIAN_POINT('',(-0.234,0.05,-0.059));
#11718=CARTESIAN_POINT('',(-0.234,0.05,-0.041));
#11719=CARTESIAN_POINT('',(-0.234,0.05,-0.041));
#11720=CARTESIAN_POINT('',(-0.216,0.05,-0.059));
#11721=CARTESIAN_POINT('',(-0.216,-0.04,-0.059));
#11722=CARTESIAN_POINT('',(-0.216,-0.04,-0.059));
#11723=CARTESIAN_POINT('',(-0.216,0.05,-0.059));
#11724=CARTESIAN_POINT('',(-0.216,0.05,-0.059));
#11725=CARTESIAN_POINT('',(-0.216,0.05,-0.059));
#11726=CARTESIAN_POINT('',(-0.216,0.05,-0.041));
#11727=CARTESIAN_POINT('',(-0.216,-0.04,-0.041));
#11728=CARTESIAN_POINT('',(-0.216,-0.04,-0.041));
#11729=CARTESIAN_POINT('',(-0.216,0.05,-0.041));
#11730=CARTESIAN_POINT('',(-0.216,0.05,-0.041));
#11731=CARTESIAN_POINT('',(-0.216,0.05,-0.041));
#11732=CARTESIAN_POINT('',(-0.234,0.05,0.041));
#11733=CARTESIAN_POINT('',(-0.234,-0.04,0.041));
#11734=CARTESIAN_POINT('',(-0.234,-0.04,0.041));
#11735=CARTESIAN_POINT('',(-0.234,-0.04,0.059));
#11736=CARTESIAN_POINT('',(-0.234,0.05,0.041));
#11737=CARTESIAN_POINT('',(-0.234,0.05,0.041));
#11738=CARTESIAN_POINT('',(-0.234,0.05,0.041));
#11739=CARTESIAN_POINT('',(-0.234,0.05,0.059));
#11740=CARTESIAN_POINT('',(-0.234,0.05,0.059));
#11741=CARTESIAN_POINT('',(-0.216,0.05,0.041));
#11742=CARTESIAN_POINT('',(-0.216,-0.04,0.041));
#11743=CARTESIAN_POINT('',(-0.216,-0.04,0.041));
#11744=CARTESIAN_POINT('',(-0.216,0.05,0.041));
#11745=CARTESIAN_POINT('',(-0.216,0.05,0.041));
#11746=CARTESIAN_POINT('',(-0.216,0.05,0.041));
#11747=CARTESIAN_POINT('',(-0.216,0.05,0.059));
#11748=CARTESIAN_POINT('',(-0.216,-0.04,0.059));
#11749=CARTESIAN_POINT('',(-0.216,-0.04,0.059));
#11750=CARTESIAN_POINT('',(-0.216,0.05,0.059));
#11751=CARTESIAN_POINT('',(-0.216,0.05,0.059));
#11752=CARTESIAN_POINT('',(-0.216,0.05,0.059));
#11753=CARTESIAN_POINT('',(0.216,0.05,-0.041));
#11754=CARTESIAN_POINT('',(0.216,-0.04,-0.041));
#11755=CARTESIAN_POINT('',(0.216,0.05,-0.041));
#11756=CARTESIAN_POINT('',(0.216,0.05,0.059));
#11757=CARTESIAN_POINT('',(0.216,-0.04,0.059));
#11758=CARTESIAN_POINT('',(0.216,0.05,0.059));
#11759=CARTESIAN_POINT('',(0.166,0.05,-0.041));
#11760=CARTESIAN_POINT('',(0.166,-0.04,-0.041));
#11761=CARTESIAN_POINT('',(0.166,0.05,-0.041));
#11762=CARTESIAN_POINT('',(0.166,0.05,0.059));
#11763=CARTESIAN_POINT('',(0.166,-0.04,0.059));
#11764=CARTESIAN_POINT('',(0.166,0.05,0.059));
#11765=CARTESIAN_POINT('',(0.116,0.05,-0.041));
#11766=CARTESIAN_POINT('',(0.116,-0.04,-0.041));
#11767=CARTESIAN_POINT('',(0.116,0.05,-0.041));
#11768=CARTESIAN_POINT('',(0.116,0.05,0.059));
#11769=CARTESIAN_POINT('',(0.116,-0.04,0.059));
#11770=CARTESIAN_POINT('',(0.116,0.05,0.059));
#11771=CARTESIAN_POINT('',(0.0660000000000001,0.05,-0.041));
#11772=CARTESIAN_POINT('',(0.0660000000000001,-0.04,-0.041));
#11773=CARTESIAN_POINT('',(0.0660000000000001,0.05,-0.041));
#11774=CARTESIAN_POINT('',(0.0660000000000001,0.05,0.059));
#11775=CARTESIAN_POINT('',(0.0660000000000001,-0.04,0.059));
#11776=CARTESIAN_POINT('',(0.0660000000000001,0.05,0.059));
#11777=CARTESIAN_POINT('',(0.016,0.05,-0.041));
#11778=CARTESIAN_POINT('',(0.016,-0.04,-0.041));
#11779=CARTESIAN_POINT('',(0.016,0.05,-0.041));
#11780=CARTESIAN_POINT('',(0.016,0.05,0.059));
#11781=CARTESIAN_POINT('',(0.016,-0.04,0.059));
#11782=CARTESIAN_POINT('',(0.016,0.05,0.059));
#11783=CARTESIAN_POINT('',(-0.034,0.05,-0.041));
#11784=CARTESIAN_POINT('',(-0.034,-0.04,-0.041));
#11785=CARTESIAN_POINT('',(-0.034,0.05,-0.041));
#11786=CARTESIAN_POINT('',(-0.034,0.05,0.059));
#11787=CARTESIAN_POINT('',(-0.034,-0.04,0.059));
#11788=CARTESIAN_POINT('',(-0.034,0.05,0.059));
#11789=CARTESIAN_POINT('',(-0.084,0.05,-0.041));
#11790=CARTESIAN_POINT('',(-0.084,-0.04,-0.041));
#11791=CARTESIAN_POINT('',(-0.084,0.05,-0.041));
#11792=CARTESIAN_POINT('',(-0.084,0.05,0.059));
#11793=CARTESIAN_POINT('',(-0.084,-0.04,0.059));
#11794=CARTESIAN_POINT('',(-0.084,0.05,0.059));
#11795=CARTESIAN_POINT('',(-0.134,0.05,-0.041));
#11796=CARTESIAN_POINT('',(-0.134,-0.04,-0.041));
#11797=CARTESIAN_POINT('',(-0.134,0.05,-0.041));
#11798=CARTESIAN_POINT('',(-0.134,0.05,0.059));
#11799=CARTESIAN_POINT('',(-0.134,-0.04,0.059));
#11800=CARTESIAN_POINT('',(-0.134,0.05,0.059));
#11801=CARTESIAN_POINT('',(-0.184,0.05,-0.041));
#11802=CARTESIAN_POINT('',(-0.184,-0.04,-0.041));
#11803=CARTESIAN_POINT('',(-0.184,0.05,-0.041));
#11804=CARTESIAN_POINT('',(-0.184,0.05,0.059));
#11805=CARTESIAN_POINT('',(-0.184,-0.04,0.059));
#11806=CARTESIAN_POINT('',(-0.184,0.05,0.059));
#11807=CARTESIAN_POINT('',(-0.234,0.05,-0.041));
#11808=CARTESIAN_POINT('',(-0.234,-0.04,-0.041));
#11809=CARTESIAN_POINT('',(-0.234,0.05,-0.041));
#11810=CARTESIAN_POINT('',(-0.234,0.05,0.059));
#11811=CARTESIAN_POINT('',(-0.234,-0.04,0.059));
#11812=CARTESIAN_POINT('',(-0.234,0.05,0.059));
#11813=CARTESIAN_POINT('',(0.25,0.05,-0.098));
#11814=CARTESIAN_POINT('',(0.25,-0.02,-0.098));
#11815=CARTESIAN_POINT('',(0.,0.05,0.));
#11816=CARTESIAN_POINT('',(0.,-0.05,0.));
#11817=CARTESIAN_POINT('',(0.25,-0.05,0.078));
#11818=CARTESIAN_POINT('',(0.25,-0.04,-0.077999999999997));
#11819=CARTESIAN_POINT('',(0.25,-0.04,-0.077999999999997));
#11820=CARTESIAN_POINT('',(0.25,-0.05,0.078));
#11821=CARTESIAN_POINT('',(0.25,-0.04,0.078));
#11822=CARTESIAN_POINT('',(0.25,-0.04,0.078));
#11823=CARTESIAN_POINT('',(0.25,0.03,-0.085));
#11824=CARTESIAN_POINT('',(0.25,0.03,-0.085));
#11825=CARTESIAN_POINT('',(0.25,-0.02,-0.098));
#11826=CARTESIAN_POINT('',(0.25,-0.02,-0.085));
#11827=CARTESIAN_POINT('',(0.25,-0.02,-0.085));
#11828=CARTESIAN_POINT('',(0.25,-0.02,0.085));
#11829=CARTESIAN_POINT('',(0.25,-0.02,0.085));
#11830=CARTESIAN_POINT('',(0.25,0.03,0.085));
#11831=CARTESIAN_POINT('',(0.25,0.03,0.085));
#11832=CARTESIAN_POINT('',(0.25,0.03,0.098));
#11833=CARTESIAN_POINT('',(0.,0.,0.));
#11834=CARTESIAN_POINT('',(0.234,0.01,0.075));
#11835=CARTESIAN_POINT('',(0.234,0.,0.075));
#11836=CARTESIAN_POINT('',(-0.234,0.,0.075));
#11837=CARTESIAN_POINT('',(0.116,0.,0.075));
#11838=CARTESIAN_POINT('',(-0.234,0.01,0.075));
#11839=CARTESIAN_POINT('',(-0.234,-0.01,0.075));
#11840=CARTESIAN_POINT('',(0.234,-0.01,0.075));
#11841=CARTESIAN_POINT('',(0.116,-0.01,0.075));
#11842=CARTESIAN_POINT('',(0.116,0.01,0.075));
#11843=CARTESIAN_POINT('',(0.234,-0.01,-0.075));
#11844=CARTESIAN_POINT('',(0.234,0.,-0.075));
#11845=CARTESIAN_POINT('',(0.234,0.,-0.075));
#11846=CARTESIAN_POINT('',(-0.234,0.,-0.075));
#11847=CARTESIAN_POINT('',(0.234,-0.01,-0.075));
#11848=CARTESIAN_POINT('',(0.234,-0.01,-0.075));
#11849=CARTESIAN_POINT('',(0.234,-0.01,-0.075));
#11850=CARTESIAN_POINT('',(-0.234,-0.01,-0.075));
#11851=CARTESIAN_POINT('',(-0.234,-0.01,-0.075));
#11852=CARTESIAN_POINT('',(0.234,0.01,0.075));
#11853=CARTESIAN_POINT('',(0.234,0.,0.075));
#11854=CARTESIAN_POINT('',(0.134,0.,0.075));
#11855=CARTESIAN_POINT('',(0.234,0.,0.075));
#11856=CARTESIAN_POINT('',(0.134,0.01,0.075));
#11857=CARTESIAN_POINT('',(0.134,-0.01,0.075));
#11858=CARTESIAN_POINT('',(0.234,-0.01,0.075));
#11859=CARTESIAN_POINT('',(0.234,-0.01,0.075));
#11860=CARTESIAN_POINT('',(0.234,0.01,0.075));
#11861=CARTESIAN_POINT('',(0.234,-0.0620000000000007,0.0789999999999974));
#11862=CARTESIAN_POINT('',(0.234,0.,0.0789999999999974));
#11863=CARTESIAN_POINT('',(0.234,-0.01,0.075));
#11864=CARTESIAN_POINT('',(0.234,-0.01,0.058999999999998));
#11865=CARTESIAN_POINT('',(0.234,-0.01,0.058999999999998));
#11866=CARTESIAN_POINT('',(0.234,-0.0620000000000002,0.058999999999998));
#11867=CARTESIAN_POINT('',(0.234,-0.0620000000000002,0.0789999999999978));
#11868=CARTESIAN_POINT('',(0.234,-0.082,0.0789999999999978));
#11869=CARTESIAN_POINT('',(0.234,-0.082,0.0789999999999978));
#11870=CARTESIAN_POINT('',(0.234,-0.082,0.148));
#11871=CARTESIAN_POINT('',(0.234,-0.082,0.148));
#11872=CARTESIAN_POINT('',(0.234,-0.1,0.148));
#11873=CARTESIAN_POINT('',(0.234,-0.1,0.148));
#11874=CARTESIAN_POINT('',(0.234,-0.1,0.0789999999999973));
#11875=CARTESIAN_POINT('',(0.234,-0.0620000000000007,0.0789999999999974));
#11876=CARTESIAN_POINT('',(0.234,-0.0620000000000007,0.040999999999998));
#11877=CARTESIAN_POINT('',(0.234,-0.0620000000000007,0.040999999999998));
#11878=CARTESIAN_POINT('',(0.234,-0.01,0.040999999999998));
#11879=CARTESIAN_POINT('',(0.234,-0.01,0.040999999999998));
#11880=CARTESIAN_POINT('',(0.234,-0.01,-0.041));
#11881=CARTESIAN_POINT('',(0.234,-0.01,-0.041));
#11882=CARTESIAN_POINT('',(0.234,-0.0620000000000007,-0.041));
#11883=CARTESIAN_POINT('',(0.234,-0.0620000000000007,-0.0789999999999993));
#11884=CARTESIAN_POINT('',(0.234,-0.1,-0.0789999999999993));
#11885=CARTESIAN_POINT('',(0.234,-0.1,-0.0789999999999993));
#11886=CARTESIAN_POINT('',(0.234,-0.1,-0.148));
#11887=CARTESIAN_POINT('',(0.234,-0.1,-0.148));
#11888=CARTESIAN_POINT('',(0.234,-0.082,-0.148));
#11889=CARTESIAN_POINT('',(0.234,-0.082,-0.148));
#11890=CARTESIAN_POINT('',(0.234,-0.082,-0.0790000000000015));
#11891=CARTESIAN_POINT('',(0.234,-0.0619999999999984,-0.0790000000000016));
#11892=CARTESIAN_POINT('',(0.234,-0.0619999999999984,-0.059));
#11893=CARTESIAN_POINT('',(0.234,-0.0619999999999985,-0.059));
#11894=CARTESIAN_POINT('',(0.234,-0.01,-0.059));
#11895=CARTESIAN_POINT('',(0.234,-0.01,-0.059));
#11896=CARTESIAN_POINT('',(-0.234,-0.0620000000000007,0.0789999999999974));
#11897=CARTESIAN_POINT('',(-0.234,0.,0.0789999999999974));
#11898=CARTESIAN_POINT('',(-0.234,-0.01,-0.059));
#11899=CARTESIAN_POINT('',(-0.234,-0.01,-0.059));
#11900=CARTESIAN_POINT('',(-0.234,-0.0619999999999985,-0.059));
#11901=CARTESIAN_POINT('',(-0.234,-0.0619999999999984,-0.059));
#11902=CARTESIAN_POINT('',(-0.234,-0.0619999999999984,-0.0790000000000016));
#11903=CARTESIAN_POINT('',(-0.234,-0.082,-0.0790000000000015));
#11904=CARTESIAN_POINT('',(-0.234,-0.082,-0.148));
#11905=CARTESIAN_POINT('',(-0.234,-0.082,-0.148));
#11906=CARTESIAN_POINT('',(-0.234,-0.1,-0.148));
#11907=CARTESIAN_POINT('',(-0.234,-0.1,-0.148));
#11908=CARTESIAN_POINT('',(-0.234,-0.1,-0.0789999999999993));
#11909=CARTESIAN_POINT('',(-0.234,-0.1,-0.0789999999999993));
#11910=CARTESIAN_POINT('',(-0.234,-0.0620000000000007,-0.0789999999999993));
#11911=CARTESIAN_POINT('',(-0.234,-0.0620000000000007,-0.041));
#11912=CARTESIAN_POINT('',(-0.234,-0.01,-0.041));
#11913=CARTESIAN_POINT('',(-0.234,-0.01,-0.041));
#11914=CARTESIAN_POINT('',(-0.234,-0.01,0.040999999999998));
#11915=CARTESIAN_POINT('',(-0.234,-0.01,0.040999999999998));
#11916=CARTESIAN_POINT('',(-0.234,-0.0620000000000007,0.040999999999998));
#11917=CARTESIAN_POINT('',(-0.234,-0.0620000000000007,0.040999999999998));
#11918=CARTESIAN_POINT('',(-0.234,-0.0620000000000007,0.0789999999999974));
#11919=CARTESIAN_POINT('',(-0.234,-0.1,0.0789999999999973));
#11920=CARTESIAN_POINT('',(-0.234,-0.1,0.148));
#11921=CARTESIAN_POINT('',(-0.234,-0.1,0.148));
#11922=CARTESIAN_POINT('',(-0.234,-0.082,0.148));
#11923=CARTESIAN_POINT('',(-0.234,-0.082,0.148));
#11924=CARTESIAN_POINT('',(-0.234,-0.082,0.0789999999999978));
#11925=CARTESIAN_POINT('',(-0.234,-0.082,0.0789999999999978));
#11926=CARTESIAN_POINT('',(-0.234,-0.0620000000000002,0.0789999999999978));
#11927=CARTESIAN_POINT('',(-0.234,-0.0620000000000002,0.058999999999998));
#11928=CARTESIAN_POINT('',(-0.234,-0.01,0.058999999999998));
#11929=CARTESIAN_POINT('',(-0.234,-0.01,0.058999999999998));
#11930=CARTESIAN_POINT('',(-0.234,-0.01,0.075));
#11931=CARTESIAN_POINT('',(0.134,0.,0.));
#11932=CARTESIAN_POINT('',(0.134,0.,0.));
#11933=CARTESIAN_POINT('',(0.134,0.,0.041));
#11934=CARTESIAN_POINT('',(0.134,-0.1,0.041));
#11935=CARTESIAN_POINT('',(0.134,-0.01,0.040999999999998));
#11936=CARTESIAN_POINT('',(0.134,-0.01,0.2));
#11937=CARTESIAN_POINT('',(0.116,-0.1,0.041));
#11938=CARTESIAN_POINT('',(0.116,0.,0.041));
#11939=CARTESIAN_POINT('',(0.116,0.,0.041));
#11940=CARTESIAN_POINT('',(0.116,-0.1,0.041));
#11941=CARTESIAN_POINT('',(0.116,-0.01,0.041));
#11942=CARTESIAN_POINT('',(0.234,-0.01,0.040999999999998));
#11943=CARTESIAN_POINT('',(0.116,0.,0.));
#11944=CARTESIAN_POINT('',(0.116,0.,0.));
#11945=CARTESIAN_POINT('',(0.116,-0.01,0.2));
#11946=CARTESIAN_POINT('',(0.234,-0.01,0.075));
#11947=CARTESIAN_POINT('',(0.234,-0.01,-0.041));
#11948=CARTESIAN_POINT('',(-0.166,-0.01,-0.041));
#11949=CARTESIAN_POINT('',(-0.184,-0.01,-0.041));
#11950=CARTESIAN_POINT('',(-0.166,-0.01,0.2));
#11951=CARTESIAN_POINT('',(-0.166,-0.01,-0.059));
#11952=CARTESIAN_POINT('',(0.234,-0.01,-0.059));
#11953=CARTESIAN_POINT('',(-0.184,-0.01,-0.059));
#11954=CARTESIAN_POINT('',(-0.184,-0.01,0.2));
#11955=CARTESIAN_POINT('',(0.234,-0.01,-0.041));
#11956=CARTESIAN_POINT('',(-0.116,-0.01,-0.041));
#11957=CARTESIAN_POINT('',(-0.134,-0.01,-0.041));
#11958=CARTESIAN_POINT('',(-0.116,-0.01,0.2));
#11959=CARTESIAN_POINT('',(-0.116,-0.01,-0.059));
#11960=CARTESIAN_POINT('',(0.234,-0.01,-0.059));
#11961=CARTESIAN_POINT('',(-0.134,-0.01,-0.059));
#11962=CARTESIAN_POINT('',(-0.134,-0.01,0.2));
#11963=CARTESIAN_POINT('',(0.234,-0.01,-0.041));
#11964=CARTESIAN_POINT('',(-0.066,-0.01,-0.041));
#11965=CARTESIAN_POINT('',(-0.084,-0.01,-0.041));
#11966=CARTESIAN_POINT('',(-0.066,-0.01,0.2));
#11967=CARTESIAN_POINT('',(-0.066,-0.01,-0.059));
#11968=CARTESIAN_POINT('',(0.234,-0.01,-0.059));
#11969=CARTESIAN_POINT('',(-0.084,-0.01,-0.059));
#11970=CARTESIAN_POINT('',(-0.084,-0.01,0.2));
#11971=CARTESIAN_POINT('',(0.234,-0.01,-0.041));
#11972=CARTESIAN_POINT('',(-0.016,-0.01,-0.041));
#11973=CARTESIAN_POINT('',(-0.034,-0.01,-0.041));
#11974=CARTESIAN_POINT('',(-0.016,-0.01,0.2));
#11975=CARTESIAN_POINT('',(-0.016,-0.01,-0.059));
#11976=CARTESIAN_POINT('',(0.234,-0.01,-0.059));
#11977=CARTESIAN_POINT('',(-0.034,-0.01,-0.059));
#11978=CARTESIAN_POINT('',(-0.034,-0.01,0.2));
#11979=CARTESIAN_POINT('',(0.234,-0.01,-0.041));
#11980=CARTESIAN_POINT('',(0.034,-0.01,-0.041));
#11981=CARTESIAN_POINT('',(0.016,-0.01,-0.041));
#11982=CARTESIAN_POINT('',(0.034,-0.01,0.2));
#11983=CARTESIAN_POINT('',(0.034,-0.01,-0.059));
#11984=CARTESIAN_POINT('',(0.234,-0.01,-0.059));
#11985=CARTESIAN_POINT('',(0.016,-0.01,-0.059));
#11986=CARTESIAN_POINT('',(0.016,-0.01,0.2));
#11987=CARTESIAN_POINT('',(0.234,-0.01,-0.041));
#11988=CARTESIAN_POINT('',(0.084,-0.01,-0.041));
#11989=CARTESIAN_POINT('',(0.066,-0.01,-0.041));
#11990=CARTESIAN_POINT('',(0.084,-0.01,0.2));
#11991=CARTESIAN_POINT('',(0.084,-0.01,-0.059));
#11992=CARTESIAN_POINT('',(0.234,-0.01,-0.059));
#11993=CARTESIAN_POINT('',(0.066,-0.01,-0.059));
#11994=CARTESIAN_POINT('',(0.066,-0.01,0.2));
#11995=CARTESIAN_POINT('',(0.234,-0.01,-0.041));
#11996=CARTESIAN_POINT('',(0.134,-0.01,-0.041));
#11997=CARTESIAN_POINT('',(0.116,-0.01,-0.041));
#11998=CARTESIAN_POINT('',(0.134,-0.01,0.2));
#11999=CARTESIAN_POINT('',(0.134,-0.01,-0.059));
#12000=CARTESIAN_POINT('',(0.234,-0.01,-0.059));
#12001=CARTESIAN_POINT('',(0.116,-0.01,-0.059));
#12002=CARTESIAN_POINT('',(0.116,-0.01,0.2));
#12003=CARTESIAN_POINT('',(0.234,-0.01,-0.041));
#12004=CARTESIAN_POINT('',(0.184,-0.01,-0.041));
#12005=CARTESIAN_POINT('',(0.166,-0.01,-0.041));
#12006=CARTESIAN_POINT('',(0.184,-0.01,0.2));
#12007=CARTESIAN_POINT('',(0.184,-0.01,-0.059));
#12008=CARTESIAN_POINT('',(0.234,-0.01,-0.059));
#12009=CARTESIAN_POINT('',(0.166,-0.01,-0.059));
#12010=CARTESIAN_POINT('',(0.166,-0.01,0.2));
#12011=CARTESIAN_POINT('',(-0.166,-0.01,0.2));
#12012=CARTESIAN_POINT('',(-0.166,-0.01,0.058999999999998));
#12013=CARTESIAN_POINT('',(-0.166,-0.01,0.040999999999998));
#12014=CARTESIAN_POINT('',(0.234,-0.01,0.040999999999998));
#12015=CARTESIAN_POINT('',(-0.184,-0.01,0.040999999999998));
#12016=CARTESIAN_POINT('',(-0.184,-0.01,0.2));
#12017=CARTESIAN_POINT('',(-0.184,-0.01,0.058999999999998));
#12018=CARTESIAN_POINT('',(0.234,-0.01,0.058999999999998));
#12019=CARTESIAN_POINT('',(-0.116,-0.01,0.2));
#12020=CARTESIAN_POINT('',(-0.116,-0.01,0.058999999999998));
#12021=CARTESIAN_POINT('',(-0.116,-0.01,0.040999999999998));
#12022=CARTESIAN_POINT('',(0.234,-0.01,0.040999999999998));
#12023=CARTESIAN_POINT('',(-0.134,-0.01,0.040999999999998));
#12024=CARTESIAN_POINT('',(-0.134,-0.01,0.2));
#12025=CARTESIAN_POINT('',(-0.134,-0.01,0.058999999999998));
#12026=CARTESIAN_POINT('',(0.234,-0.01,0.058999999999998));
#12027=CARTESIAN_POINT('',(-0.066,-0.01,0.2));
#12028=CARTESIAN_POINT('',(-0.066,-0.01,0.058999999999998));
#12029=CARTESIAN_POINT('',(-0.066,-0.01,0.040999999999998));
#12030=CARTESIAN_POINT('',(0.234,-0.01,0.040999999999998));
#12031=CARTESIAN_POINT('',(-0.084,-0.01,0.040999999999998));
#12032=CARTESIAN_POINT('',(-0.084,-0.01,0.2));
#12033=CARTESIAN_POINT('',(-0.084,-0.01,0.058999999999998));
#12034=CARTESIAN_POINT('',(0.234,-0.01,0.058999999999998));
#12035=CARTESIAN_POINT('',(-0.016,-0.01,0.2));
#12036=CARTESIAN_POINT('',(-0.016,-0.01,0.058999999999998));
#12037=CARTESIAN_POINT('',(-0.016,-0.01,0.040999999999998));
#12038=CARTESIAN_POINT('',(0.234,-0.01,0.040999999999998));
#12039=CARTESIAN_POINT('',(-0.034,-0.01,0.040999999999998));
#12040=CARTESIAN_POINT('',(-0.034,-0.01,0.2));
#12041=CARTESIAN_POINT('',(-0.034,-0.01,0.058999999999998));
#12042=CARTESIAN_POINT('',(0.234,-0.01,0.058999999999998));
#12043=CARTESIAN_POINT('',(0.034,-0.01,0.2));
#12044=CARTESIAN_POINT('',(0.034,-0.01,0.058999999999998));
#12045=CARTESIAN_POINT('',(0.034,-0.01,0.040999999999998));
#12046=CARTESIAN_POINT('',(0.234,-0.01,0.040999999999998));
#12047=CARTESIAN_POINT('',(0.016,-0.01,0.040999999999998));
#12048=CARTESIAN_POINT('',(0.016,-0.01,0.2));
#12049=CARTESIAN_POINT('',(0.016,-0.01,0.058999999999998));
#12050=CARTESIAN_POINT('',(0.234,-0.01,0.058999999999998));
#12051=CARTESIAN_POINT('',(0.084,-0.01,0.2));
#12052=CARTESIAN_POINT('',(0.084,-0.01,0.058999999999998));
#12053=CARTESIAN_POINT('',(0.084,-0.01,0.040999999999998));
#12054=CARTESIAN_POINT('',(0.234,-0.01,0.040999999999998));
#12055=CARTESIAN_POINT('',(0.066,-0.01,0.040999999999998));
#12056=CARTESIAN_POINT('',(0.066,-0.01,0.2));
#12057=CARTESIAN_POINT('',(0.066,-0.01,0.058999999999998));
#12058=CARTESIAN_POINT('',(0.234,-0.01,0.058999999999998));
#12059=CARTESIAN_POINT('',(0.184,-0.01,0.2));
#12060=CARTESIAN_POINT('',(0.184,-0.01,0.058999999999998));
#12061=CARTESIAN_POINT('',(0.184,-0.01,0.040999999999998));
#12062=CARTESIAN_POINT('',(0.234,-0.01,0.040999999999998));
#12063=CARTESIAN_POINT('',(0.166,-0.01,0.040999999999998));
#12064=CARTESIAN_POINT('',(0.166,-0.01,0.2));
#12065=CARTESIAN_POINT('',(0.166,-0.01,0.058999999999998));
#12066=CARTESIAN_POINT('',(0.234,-0.01,0.058999999999998));
#12067=CARTESIAN_POINT('',(0.234,-0.01,0.058999999999998));
#12068=CARTESIAN_POINT('',(-0.216,-0.01,0.058999999999998));
#12069=CARTESIAN_POINT('',(-0.216,-0.01,0.2));
#12070=CARTESIAN_POINT('',(-0.216,-0.01,0.040999999999998));
#12071=CARTESIAN_POINT('',(0.234,-0.01,0.040999999999998));
#12072=CARTESIAN_POINT('',(0.234,-0.01,-0.041));
#12073=CARTESIAN_POINT('',(-0.216,-0.01,-0.041));
#12074=CARTESIAN_POINT('',(-0.216,-0.01,0.2));
#12075=CARTESIAN_POINT('',(-0.216,-0.01,-0.059));
#12076=CARTESIAN_POINT('',(0.234,-0.01,-0.059));
#12077=CARTESIAN_POINT('',(0.234,-0.01,-0.059));
#12078=CARTESIAN_POINT('',(0.216,-0.01,-0.059));
#12079=CARTESIAN_POINT('',(0.216,-0.01,0.2));
#12080=CARTESIAN_POINT('',(0.216,-0.01,-0.041));
#12081=CARTESIAN_POINT('',(0.234,-0.01,-0.041));
#12082=CARTESIAN_POINT('',(0.234,-0.01,0.040999999999998));
#12083=CARTESIAN_POINT('',(0.216,-0.01,0.040999999999998));
#12084=CARTESIAN_POINT('',(0.216,-0.01,0.2));
#12085=CARTESIAN_POINT('',(0.216,-0.01,0.058999999999998));
#12086=CARTESIAN_POINT('',(0.234,-0.01,0.058999999999998));
#12087=CARTESIAN_POINT('',(0.234,-0.082,0.148));
#12088=CARTESIAN_POINT('',(0.234,-0.082,0.148));
#12089=CARTESIAN_POINT('',(0.216,-0.082,0.148));
#12090=CARTESIAN_POINT('',(0.216,-0.082,0.148));
#12091=CARTESIAN_POINT('',(0.216,-0.1,0.148));
#12092=CARTESIAN_POINT('',(0.234,-0.1,0.148));
#12093=CARTESIAN_POINT('',(0.234,-0.082,0.148));
#12094=CARTESIAN_POINT('',(0.234,-0.1,0.148));
#12095=CARTESIAN_POINT('',(0.184,-0.1,0.148));
#12096=CARTESIAN_POINT('',(0.166,-0.1,0.148));
#12097=CARTESIAN_POINT('',(0.184,-0.082,0.148));
#12098=CARTESIAN_POINT('',(0.184,-0.082,0.148));
#12099=CARTESIAN_POINT('',(0.234,-0.082,0.148));
#12100=CARTESIAN_POINT('',(0.166,-0.082,0.148));
#12101=CARTESIAN_POINT('',(0.166,-0.082,0.148));
#12102=CARTESIAN_POINT('',(0.234,-0.082,0.148));
#12103=CARTESIAN_POINT('',(0.234,-0.1,0.148));
#12104=CARTESIAN_POINT('',(0.084,-0.1,0.148));
#12105=CARTESIAN_POINT('',(0.066,-0.1,0.148));
#12106=CARTESIAN_POINT('',(0.084,-0.082,0.148));
#12107=CARTESIAN_POINT('',(0.084,-0.082,0.148));
#12108=CARTESIAN_POINT('',(0.234,-0.082,0.148));
#12109=CARTESIAN_POINT('',(0.066,-0.082,0.148));
#12110=CARTESIAN_POINT('',(0.066,-0.082,0.148));
#12111=CARTESIAN_POINT('',(0.234,-0.082,0.148));
#12112=CARTESIAN_POINT('',(0.234,-0.1,0.148));
#12113=CARTESIAN_POINT('',(0.034,-0.1,0.148));
#12114=CARTESIAN_POINT('',(0.016,-0.1,0.148));
#12115=CARTESIAN_POINT('',(0.034,-0.082,0.148));
#12116=CARTESIAN_POINT('',(0.034,-0.082,0.148));
#12117=CARTESIAN_POINT('',(0.234,-0.082,0.148));
#12118=CARTESIAN_POINT('',(0.016,-0.082,0.148));
#12119=CARTESIAN_POINT('',(0.016,-0.082,0.148));
#12120=CARTESIAN_POINT('',(0.234,-0.082,0.148));
#12121=CARTESIAN_POINT('',(0.234,-0.1,0.148));
#12122=CARTESIAN_POINT('',(-0.016,-0.1,0.148));
#12123=CARTESIAN_POINT('',(-0.034,-0.1,0.148));
#12124=CARTESIAN_POINT('',(-0.016,-0.082,0.148));
#12125=CARTESIAN_POINT('',(-0.016,-0.082,0.148));
#12126=CARTESIAN_POINT('',(0.234,-0.082,0.148));
#12127=CARTESIAN_POINT('',(-0.034,-0.082,0.148));
#12128=CARTESIAN_POINT('',(-0.034,-0.082,0.148));
#12129=CARTESIAN_POINT('',(0.234,-0.082,0.148));
#12130=CARTESIAN_POINT('',(0.234,-0.1,0.148));
#12131=CARTESIAN_POINT('',(-0.066,-0.1,0.148));
#12132=CARTESIAN_POINT('',(-0.084,-0.1,0.148));
#12133=CARTESIAN_POINT('',(-0.066,-0.082,0.148));
#12134=CARTESIAN_POINT('',(-0.066,-0.082,0.148));
#12135=CARTESIAN_POINT('',(0.234,-0.082,0.148));
#12136=CARTESIAN_POINT('',(-0.084,-0.082,0.148));
#12137=CARTESIAN_POINT('',(-0.084,-0.082,0.148));
#12138=CARTESIAN_POINT('',(0.234,-0.082,0.148));
#12139=CARTESIAN_POINT('',(0.234,-0.1,0.148));
#12140=CARTESIAN_POINT('',(-0.116,-0.1,0.148));
#12141=CARTESIAN_POINT('',(-0.134,-0.1,0.148));
#12142=CARTESIAN_POINT('',(-0.116,-0.082,0.148));
#12143=CARTESIAN_POINT('',(-0.116,-0.082,0.148));
#12144=CARTESIAN_POINT('',(0.234,-0.082,0.148));
#12145=CARTESIAN_POINT('',(-0.134,-0.082,0.148));
#12146=CARTESIAN_POINT('',(-0.134,-0.082,0.148));
#12147=CARTESIAN_POINT('',(0.234,-0.082,0.148));
#12148=CARTESIAN_POINT('',(0.234,-0.1,0.148));
#12149=CARTESIAN_POINT('',(-0.166,-0.1,0.148));
#12150=CARTESIAN_POINT('',(-0.184,-0.1,0.148));
#12151=CARTESIAN_POINT('',(-0.166,-0.082,0.148));
#12152=CARTESIAN_POINT('',(-0.166,-0.082,0.148));
#12153=CARTESIAN_POINT('',(0.234,-0.082,0.148));
#12154=CARTESIAN_POINT('',(-0.184,-0.082,0.148));
#12155=CARTESIAN_POINT('',(-0.184,-0.082,0.148));
#12156=CARTESIAN_POINT('',(0.234,-0.1,0.148));
#12157=CARTESIAN_POINT('',(0.216,-0.1,0.2));
#12158=CARTESIAN_POINT('',(0.216,-0.1,0.0789999999999974));
#12159=CARTESIAN_POINT('',(0.234,-0.1,0.0789999999999973));
#12160=CARTESIAN_POINT('',(0.234,-0.1,0.148));
#12161=CARTESIAN_POINT('',(0.234,-0.1,0.0789999999999973));
#12162=CARTESIAN_POINT('',(0.184,-0.1,0.0789999999999974));
#12163=CARTESIAN_POINT('',(0.166,-0.1,0.0789999999999974));
#12164=CARTESIAN_POINT('',(0.184,-0.1,0.2));
#12165=CARTESIAN_POINT('',(0.166,-0.1,0.2));
#12166=CARTESIAN_POINT('',(0.234,-0.1,0.148));
#12167=CARTESIAN_POINT('',(0.234,-0.1,0.0789999999999973));
#12168=CARTESIAN_POINT('',(0.084,-0.1,0.0789999999999974));
#12169=CARTESIAN_POINT('',(0.066,-0.1,0.0789999999999974));
#12170=CARTESIAN_POINT('',(0.084,-0.1,0.2));
#12171=CARTESIAN_POINT('',(0.066,-0.1,0.2));
#12172=CARTESIAN_POINT('',(0.234,-0.1,0.148));
#12173=CARTESIAN_POINT('',(0.234,-0.1,0.0789999999999973));
#12174=CARTESIAN_POINT('',(0.034,-0.1,0.0789999999999974));
#12175=CARTESIAN_POINT('',(0.016,-0.1,0.0789999999999974));
#12176=CARTESIAN_POINT('',(0.034,-0.1,0.2));
#12177=CARTESIAN_POINT('',(0.016,-0.1,0.2));
#12178=CARTESIAN_POINT('',(0.234,-0.1,0.148));
#12179=CARTESIAN_POINT('',(0.234,-0.1,0.0789999999999973));
#12180=CARTESIAN_POINT('',(-0.016,-0.1,0.0789999999999974));
#12181=CARTESIAN_POINT('',(-0.034,-0.1,0.0789999999999974));
#12182=CARTESIAN_POINT('',(-0.016,-0.1,0.2));
#12183=CARTESIAN_POINT('',(-0.034,-0.1,0.2));
#12184=CARTESIAN_POINT('',(0.234,-0.1,0.148));
#12185=CARTESIAN_POINT('',(0.234,-0.1,0.0789999999999973));
#12186=CARTESIAN_POINT('',(-0.066,-0.1,0.0789999999999974));
#12187=CARTESIAN_POINT('',(-0.084,-0.1,0.0789999999999974));
#12188=CARTESIAN_POINT('',(-0.066,-0.1,0.2));
#12189=CARTESIAN_POINT('',(-0.084,-0.1,0.2));
#12190=CARTESIAN_POINT('',(0.234,-0.1,0.148));
#12191=CARTESIAN_POINT('',(0.234,-0.1,0.0789999999999973));
#12192=CARTESIAN_POINT('',(-0.116,-0.1,0.0789999999999974));
#12193=CARTESIAN_POINT('',(-0.134,-0.1,0.0789999999999974));
#12194=CARTESIAN_POINT('',(-0.116,-0.1,0.2));
#12195=CARTESIAN_POINT('',(-0.134,-0.1,0.2));
#12196=CARTESIAN_POINT('',(0.234,-0.1,0.148));
#12197=CARTESIAN_POINT('',(0.234,-0.1,0.0789999999999973));
#12198=CARTESIAN_POINT('',(-0.166,-0.1,0.0789999999999974));
#12199=CARTESIAN_POINT('',(-0.184,-0.1,0.0789999999999974));
#12200=CARTESIAN_POINT('',(-0.166,-0.1,0.2));
#12201=CARTESIAN_POINT('',(-0.184,-0.1,0.2));
#12202=CARTESIAN_POINT('',(0.234,-0.0620000000000007,0.0789999999999974));
#12203=CARTESIAN_POINT('',(0.216,-0.0620000000000007,0.0789999999999974));
#12204=CARTESIAN_POINT('',(0.216,-0.0620000000000007,0.040999999999998));
#12205=CARTESIAN_POINT('',(0.234,-0.0620000000000007,0.040999999999998));
#12206=CARTESIAN_POINT('',(0.234,-0.0620000000000007,0.0789999999999974));
#12207=CARTESIAN_POINT('',(0.234,-0.0620000000000007,0.040999999999998));
#12208=CARTESIAN_POINT('',(0.184,-0.0620000000000007,0.040999999999998));
#12209=CARTESIAN_POINT('',(0.166,-0.0620000000000007,0.040999999999998));
#12210=CARTESIAN_POINT('',(0.184,-0.0620000000000007,0.0789999999999974));
#12211=CARTESIAN_POINT('',(0.166,-0.0620000000000007,0.0789999999999974));
#12212=CARTESIAN_POINT('',(0.234,-0.0620000000000007,0.0789999999999974));
#12213=CARTESIAN_POINT('',(0.234,-0.0620000000000007,0.040999999999998));
#12214=CARTESIAN_POINT('',(0.084,-0.0620000000000007,0.040999999999998));
#12215=CARTESIAN_POINT('',(0.066,-0.0620000000000007,0.040999999999998));
#12216=CARTESIAN_POINT('',(0.084,-0.0620000000000007,0.0789999999999974));
#12217=CARTESIAN_POINT('',(0.066,-0.0620000000000007,0.0789999999999974));
#12218=CARTESIAN_POINT('',(0.234,-0.0620000000000007,0.0789999999999974));
#12219=CARTESIAN_POINT('',(0.234,-0.0620000000000007,0.040999999999998));
#12220=CARTESIAN_POINT('',(0.034,-0.0620000000000007,0.040999999999998));
#12221=CARTESIAN_POINT('',(0.016,-0.0620000000000007,0.040999999999998));
#12222=CARTESIAN_POINT('',(0.034,-0.0620000000000007,0.0789999999999974));
#12223=CARTESIAN_POINT('',(0.016,-0.0620000000000007,0.0789999999999974));
#12224=CARTESIAN_POINT('',(0.234,-0.0620000000000007,0.0789999999999974));
#12225=CARTESIAN_POINT('',(0.234,-0.0620000000000007,0.040999999999998));
#12226=CARTESIAN_POINT('',(-0.016,-0.0620000000000007,0.040999999999998));
#12227=CARTESIAN_POINT('',(-0.034,-0.0620000000000007,0.040999999999998));
#12228=CARTESIAN_POINT('',(-0.016,-0.0620000000000007,0.0789999999999974));
#12229=CARTESIAN_POINT('',(-0.034,-0.0620000000000007,0.0789999999999974));
#12230=CARTESIAN_POINT('',(0.234,-0.0620000000000007,0.0789999999999974));
#12231=CARTESIAN_POINT('',(0.234,-0.0620000000000007,0.040999999999998));
#12232=CARTESIAN_POINT('',(-0.066,-0.0620000000000007,0.040999999999998));
#12233=CARTESIAN_POINT('',(-0.084,-0.0620000000000007,0.040999999999998));
#12234=CARTESIAN_POINT('',(-0.066,-0.0620000000000007,0.0789999999999974));
#12235=CARTESIAN_POINT('',(-0.084,-0.0620000000000007,0.0789999999999974));
#12236=CARTESIAN_POINT('',(0.234,-0.0620000000000007,0.0789999999999974));
#12237=CARTESIAN_POINT('',(0.234,-0.0620000000000007,0.040999999999998));
#12238=CARTESIAN_POINT('',(-0.116,-0.0620000000000007,0.040999999999998));
#12239=CARTESIAN_POINT('',(-0.134,-0.0620000000000007,0.040999999999998));
#12240=CARTESIAN_POINT('',(-0.116,-0.0620000000000007,0.0789999999999974));
#12241=CARTESIAN_POINT('',(-0.134,-0.0620000000000007,0.0789999999999974));
#12242=CARTESIAN_POINT('',(0.234,-0.0620000000000007,0.0789999999999974));
#12243=CARTESIAN_POINT('',(0.234,-0.0620000000000007,0.040999999999998));
#12244=CARTESIAN_POINT('',(-0.166,-0.0620000000000007,0.040999999999998));
#12245=CARTESIAN_POINT('',(-0.184,-0.0620000000000007,0.040999999999998));
#12246=CARTESIAN_POINT('',(-0.166,-0.0620000000000007,0.0789999999999974));
#12247=CARTESIAN_POINT('',(-0.184,-0.0620000000000007,0.0789999999999974));
#12248=CARTESIAN_POINT('',(0.234,-0.0620000000000007,0.040999999999998));
#12249=CARTESIAN_POINT('',(0.216,-0.0620000000000007,0.040999999999998));
#12250=CARTESIAN_POINT('',(0.234,-0.0620000000000007,0.040999999999998));
#12251=CARTESIAN_POINT('',(0.184,-0.0620000000000007,0.040999999999998));
#12252=CARTESIAN_POINT('',(0.166,-0.0620000000000007,0.040999999999998));
#12253=CARTESIAN_POINT('',(0.234,-0.0620000000000007,0.040999999999998));
#12254=CARTESIAN_POINT('',(0.084,-0.0620000000000007,0.040999999999998));
#12255=CARTESIAN_POINT('',(0.066,-0.0620000000000007,0.040999999999998));
#12256=CARTESIAN_POINT('',(0.234,-0.0620000000000007,0.040999999999998));
#12257=CARTESIAN_POINT('',(0.034,-0.0620000000000007,0.040999999999998));
#12258=CARTESIAN_POINT('',(0.016,-0.0620000000000007,0.040999999999998));
#12259=CARTESIAN_POINT('',(0.234,-0.0620000000000007,0.040999999999998));
#12260=CARTESIAN_POINT('',(-0.016,-0.0620000000000007,0.040999999999998));
#12261=CARTESIAN_POINT('',(-0.034,-0.0620000000000007,0.040999999999998));
#12262=CARTESIAN_POINT('',(0.234,-0.0620000000000007,0.040999999999998));
#12263=CARTESIAN_POINT('',(-0.066,-0.0620000000000007,0.040999999999998));
#12264=CARTESIAN_POINT('',(-0.084,-0.0620000000000007,0.040999999999998));
#12265=CARTESIAN_POINT('',(0.234,-0.0620000000000007,0.040999999999998));
#12266=CARTESIAN_POINT('',(-0.116,-0.0620000000000007,0.040999999999998));
#12267=CARTESIAN_POINT('',(-0.134,-0.0620000000000007,0.040999999999998));
#12268=CARTESIAN_POINT('',(0.234,-0.0620000000000007,0.040999999999998));
#12269=CARTESIAN_POINT('',(-0.166,-0.0620000000000007,0.040999999999998));
#12270=CARTESIAN_POINT('',(-0.184,-0.0620000000000007,0.040999999999998));
#12271=CARTESIAN_POINT('',(0.234,-0.01,-0.041));
#12272=CARTESIAN_POINT('',(0.216,-0.01,-0.041));
#12273=CARTESIAN_POINT('',(0.216,-0.0620000000000007,-0.041));
#12274=CARTESIAN_POINT('',(0.234,-0.0620000000000007,-0.041));
#12275=CARTESIAN_POINT('',(0.234,-0.01,-0.041));
#12276=CARTESIAN_POINT('',(0.234,-0.0620000000000007,-0.041));
#12277=CARTESIAN_POINT('',(0.184,-0.0620000000000007,-0.041));
#12278=CARTESIAN_POINT('',(0.166,-0.0620000000000007,-0.041));
#12279=CARTESIAN_POINT('',(0.184,-0.01,-0.041));
#12280=CARTESIAN_POINT('',(0.166,-0.01,-0.041));
#12281=CARTESIAN_POINT('',(0.234,-0.01,-0.041));
#12282=CARTESIAN_POINT('',(0.234,-0.0620000000000007,-0.041));
#12283=CARTESIAN_POINT('',(0.134,-0.0620000000000007,-0.041));
#12284=CARTESIAN_POINT('',(0.116,-0.0620000000000007,-0.041));
#12285=CARTESIAN_POINT('',(0.134,-0.01,-0.041));
#12286=CARTESIAN_POINT('',(0.116,-0.01,-0.041));
#12287=CARTESIAN_POINT('',(0.234,-0.01,-0.041));
#12288=CARTESIAN_POINT('',(0.234,-0.0620000000000007,-0.041));
#12289=CARTESIAN_POINT('',(0.084,-0.0620000000000007,-0.041));
#12290=CARTESIAN_POINT('',(0.066,-0.0620000000000007,-0.041));
#12291=CARTESIAN_POINT('',(0.084,-0.01,-0.041));
#12292=CARTESIAN_POINT('',(0.066,-0.01,-0.041));
#12293=CARTESIAN_POINT('',(0.234,-0.01,-0.041));
#12294=CARTESIAN_POINT('',(0.234,-0.0620000000000007,-0.041));
#12295=CARTESIAN_POINT('',(0.034,-0.0620000000000007,-0.041));
#12296=CARTESIAN_POINT('',(0.016,-0.0620000000000007,-0.041));
#12297=CARTESIAN_POINT('',(0.034,-0.01,-0.041));
#12298=CARTESIAN_POINT('',(0.016,-0.01,-0.041));
#12299=CARTESIAN_POINT('',(0.234,-0.01,-0.041));
#12300=CARTESIAN_POINT('',(0.234,-0.0620000000000007,-0.041));
#12301=CARTESIAN_POINT('',(-0.016,-0.0620000000000007,-0.041));
#12302=CARTESIAN_POINT('',(-0.034,-0.0620000000000007,-0.041));
#12303=CARTESIAN_POINT('',(-0.016,-0.01,-0.041));
#12304=CARTESIAN_POINT('',(-0.034,-0.01,-0.041));
#12305=CARTESIAN_POINT('',(0.234,-0.01,-0.041));
#12306=CARTESIAN_POINT('',(0.234,-0.0620000000000007,-0.041));
#12307=CARTESIAN_POINT('',(-0.066,-0.0620000000000007,-0.041));
#12308=CARTESIAN_POINT('',(-0.084,-0.0620000000000007,-0.041));
#12309=CARTESIAN_POINT('',(-0.066,-0.01,-0.041));
#12310=CARTESIAN_POINT('',(-0.084,-0.01,-0.041));
#12311=CARTESIAN_POINT('',(0.234,-0.01,-0.041));
#12312=CARTESIAN_POINT('',(0.234,-0.0620000000000007,-0.041));
#12313=CARTESIAN_POINT('',(-0.116,-0.0620000000000007,-0.041));
#12314=CARTESIAN_POINT('',(-0.134,-0.0620000000000007,-0.041));
#12315=CARTESIAN_POINT('',(-0.116,-0.01,-0.041));
#12316=CARTESIAN_POINT('',(-0.134,-0.01,-0.041));
#12317=CARTESIAN_POINT('',(0.234,-0.01,-0.041));
#12318=CARTESIAN_POINT('',(0.234,-0.0620000000000007,-0.041));
#12319=CARTESIAN_POINT('',(-0.166,-0.0620000000000007,-0.041));
#12320=CARTESIAN_POINT('',(-0.184,-0.0620000000000007,-0.041));
#12321=CARTESIAN_POINT('',(-0.166,-0.01,-0.041));
#12322=CARTESIAN_POINT('',(-0.184,-0.01,-0.041));
#12323=CARTESIAN_POINT('',(0.234,-0.0620000000000007,-0.0789999999999993));
#12324=CARTESIAN_POINT('',(0.216,-0.0620000000000007,-0.0789999999999993));
#12325=CARTESIAN_POINT('',(0.216,-0.1,-0.0789999999999993));
#12326=CARTESIAN_POINT('',(0.234,-0.1,-0.0789999999999993));
#12327=CARTESIAN_POINT('',(0.234,-0.0620000000000007,-0.0789999999999993));
#12328=CARTESIAN_POINT('',(0.234,-0.1,-0.0789999999999993));
#12329=CARTESIAN_POINT('',(0.184,-0.1,-0.0789999999999993));
#12330=CARTESIAN_POINT('',(0.166,-0.1,-0.0789999999999993));
#12331=CARTESIAN_POINT('',(0.184,-0.0620000000000007,-0.0789999999999993));
#12332=CARTESIAN_POINT('',(0.166,-0.0620000000000007,-0.0789999999999993));
#12333=CARTESIAN_POINT('',(0.234,-0.0620000000000007,-0.0789999999999993));
#12334=CARTESIAN_POINT('',(0.234,-0.1,-0.0789999999999993));
#12335=CARTESIAN_POINT('',(0.134,-0.1,-0.0789999999999993));
#12336=CARTESIAN_POINT('',(0.116,-0.1,-0.0789999999999993));
#12337=CARTESIAN_POINT('',(0.134,-0.0620000000000007,-0.0789999999999993));
#12338=CARTESIAN_POINT('',(0.116,-0.0620000000000007,-0.0789999999999993));
#12339=CARTESIAN_POINT('',(0.234,-0.0620000000000007,-0.0789999999999993));
#12340=CARTESIAN_POINT('',(0.234,-0.1,-0.0789999999999993));
#12341=CARTESIAN_POINT('',(0.084,-0.1,-0.0789999999999993));
#12342=CARTESIAN_POINT('',(0.066,-0.1,-0.0789999999999993));
#12343=CARTESIAN_POINT('',(0.084,-0.0620000000000007,-0.0789999999999993));
#12344=CARTESIAN_POINT('',(0.066,-0.0620000000000007,-0.0789999999999993));
#12345=CARTESIAN_POINT('',(0.234,-0.0620000000000007,-0.0789999999999993));
#12346=CARTESIAN_POINT('',(0.234,-0.1,-0.0789999999999993));
#12347=CARTESIAN_POINT('',(0.034,-0.1,-0.0789999999999993));
#12348=CARTESIAN_POINT('',(0.016,-0.1,-0.0789999999999993));
#12349=CARTESIAN_POINT('',(0.034,-0.0620000000000007,-0.0789999999999993));
#12350=CARTESIAN_POINT('',(0.016,-0.0620000000000007,-0.0789999999999993));
#12351=CARTESIAN_POINT('',(0.234,-0.0620000000000007,-0.0789999999999993));
#12352=CARTESIAN_POINT('',(0.234,-0.1,-0.0789999999999993));
#12353=CARTESIAN_POINT('',(-0.016,-0.1,-0.0789999999999993));
#12354=CARTESIAN_POINT('',(-0.034,-0.1,-0.0789999999999993));
#12355=CARTESIAN_POINT('',(-0.016,-0.0620000000000007,-0.0789999999999993));
#12356=CARTESIAN_POINT('',(-0.034,-0.0620000000000007,-0.0789999999999993));
#12357=CARTESIAN_POINT('',(0.234,-0.0620000000000007,-0.0789999999999993));
#12358=CARTESIAN_POINT('',(0.234,-0.1,-0.0789999999999993));
#12359=CARTESIAN_POINT('',(-0.066,-0.1,-0.0789999999999993));
#12360=CARTESIAN_POINT('',(-0.084,-0.1,-0.0789999999999993));
#12361=CARTESIAN_POINT('',(-0.066,-0.0620000000000007,-0.0789999999999993));
#12362=CARTESIAN_POINT('',(-0.084,-0.0620000000000007,-0.0789999999999993));
#12363=CARTESIAN_POINT('',(0.234,-0.0620000000000007,-0.0789999999999993));
#12364=CARTESIAN_POINT('',(0.234,-0.1,-0.0789999999999993));
#12365=CARTESIAN_POINT('',(-0.116,-0.1,-0.0789999999999993));
#12366=CARTESIAN_POINT('',(-0.134,-0.1,-0.0789999999999993));
#12367=CARTESIAN_POINT('',(-0.116,-0.0620000000000007,-0.0789999999999993));
#12368=CARTESIAN_POINT('',(-0.134,-0.0620000000000007,-0.0789999999999993));
#12369=CARTESIAN_POINT('',(0.234,-0.0620000000000007,-0.0789999999999993));
#12370=CARTESIAN_POINT('',(0.234,-0.1,-0.0789999999999993));
#12371=CARTESIAN_POINT('',(-0.166,-0.1,-0.0789999999999993));
#12372=CARTESIAN_POINT('',(-0.184,-0.1,-0.0789999999999993));
#12373=CARTESIAN_POINT('',(-0.166,-0.0620000000000007,-0.0789999999999993));
#12374=CARTESIAN_POINT('',(-0.184,-0.0620000000000007,-0.0789999999999993));
#12375=CARTESIAN_POINT('',(0.234,-0.1,-0.0789999999999993));
#12376=CARTESIAN_POINT('',(0.216,-0.1,0.2));
#12377=CARTESIAN_POINT('',(0.216,-0.1,-0.148));
#12378=CARTESIAN_POINT('',(0.234,-0.1,-0.148));
#12379=CARTESIAN_POINT('',(0.234,-0.1,-0.0789999999999993));
#12380=CARTESIAN_POINT('',(0.234,-0.1,-0.148));
#12381=CARTESIAN_POINT('',(0.184,-0.1,-0.148));
#12382=CARTESIAN_POINT('',(0.166,-0.1,-0.148));
#12383=CARTESIAN_POINT('',(0.184,-0.1,0.2));
#12384=CARTESIAN_POINT('',(0.166,-0.1,0.2));
#12385=CARTESIAN_POINT('',(0.234,-0.1,-0.0789999999999993));
#12386=CARTESIAN_POINT('',(0.234,-0.1,-0.148));
#12387=CARTESIAN_POINT('',(0.134,-0.1,-0.148));
#12388=CARTESIAN_POINT('',(0.116,-0.1,-0.148));
#12389=CARTESIAN_POINT('',(0.134,-0.1,0.2));
#12390=CARTESIAN_POINT('',(0.116,-0.1,0.2));
#12391=CARTESIAN_POINT('',(0.234,-0.1,-0.0789999999999993));
#12392=CARTESIAN_POINT('',(0.234,-0.1,-0.148));
#12393=CARTESIAN_POINT('',(0.084,-0.1,-0.148));
#12394=CARTESIAN_POINT('',(0.066,-0.1,-0.148));
#12395=CARTESIAN_POINT('',(0.084,-0.1,0.2));
#12396=CARTESIAN_POINT('',(0.066,-0.1,0.2));
#12397=CARTESIAN_POINT('',(0.234,-0.1,-0.0789999999999993));
#12398=CARTESIAN_POINT('',(0.234,-0.1,-0.148));
#12399=CARTESIAN_POINT('',(0.034,-0.1,-0.148));
#12400=CARTESIAN_POINT('',(0.016,-0.1,-0.148));
#12401=CARTESIAN_POINT('',(0.034,-0.1,0.2));
#12402=CARTESIAN_POINT('',(0.016,-0.1,0.2));
#12403=CARTESIAN_POINT('',(0.234,-0.1,-0.0789999999999993));
#12404=CARTESIAN_POINT('',(0.234,-0.1,-0.148));
#12405=CARTESIAN_POINT('',(-0.016,-0.1,-0.148));
#12406=CARTESIAN_POINT('',(-0.034,-0.1,-0.148));
#12407=CARTESIAN_POINT('',(-0.016,-0.1,0.2));
#12408=CARTESIAN_POINT('',(-0.034,-0.1,0.2));
#12409=CARTESIAN_POINT('',(0.234,-0.1,-0.0789999999999993));
#12410=CARTESIAN_POINT('',(0.234,-0.1,-0.148));
#12411=CARTESIAN_POINT('',(-0.066,-0.1,-0.148));
#12412=CARTESIAN_POINT('',(-0.084,-0.1,-0.148));
#12413=CARTESIAN_POINT('',(-0.066,-0.1,0.2));
#12414=CARTESIAN_POINT('',(-0.084,-0.1,0.2));
#12415=CARTESIAN_POINT('',(0.234,-0.1,-0.0789999999999993));
#12416=CARTESIAN_POINT('',(0.234,-0.1,-0.148));
#12417=CARTESIAN_POINT('',(-0.116,-0.1,-0.148));
#12418=CARTESIAN_POINT('',(-0.134,-0.1,-0.148));
#12419=CARTESIAN_POINT('',(-0.116,-0.1,0.2));
#12420=CARTESIAN_POINT('',(-0.134,-0.1,0.2));
#12421=CARTESIAN_POINT('',(0.234,-0.1,-0.0789999999999993));
#12422=CARTESIAN_POINT('',(0.234,-0.1,-0.148));
#12423=CARTESIAN_POINT('',(-0.166,-0.1,-0.148));
#12424=CARTESIAN_POINT('',(-0.184,-0.1,-0.148));
#12425=CARTESIAN_POINT('',(-0.166,-0.1,0.2));
#12426=CARTESIAN_POINT('',(-0.184,-0.1,0.2));
#12427=CARTESIAN_POINT('',(0.234,-0.1,-0.148));
#12428=CARTESIAN_POINT('',(0.216,-0.1,-0.148));
#12429=CARTESIAN_POINT('',(0.216,-0.082,-0.148));
#12430=CARTESIAN_POINT('',(0.234,-0.082,-0.148));
#12431=CARTESIAN_POINT('',(0.234,-0.1,-0.148));
#12432=CARTESIAN_POINT('',(0.234,-0.082,-0.148));
#12433=CARTESIAN_POINT('',(0.184,-0.082,-0.148));
#12434=CARTESIAN_POINT('',(0.166,-0.082,-0.148));
#12435=CARTESIAN_POINT('',(0.184,-0.1,-0.148));
#12436=CARTESIAN_POINT('',(0.166,-0.1,-0.148));
#12437=CARTESIAN_POINT('',(0.234,-0.1,-0.148));
#12438=CARTESIAN_POINT('',(0.234,-0.082,-0.148));
#12439=CARTESIAN_POINT('',(0.134,-0.082,-0.148));
#12440=CARTESIAN_POINT('',(0.116,-0.082,-0.148));
#12441=CARTESIAN_POINT('',(0.134,-0.1,-0.148));
#12442=CARTESIAN_POINT('',(0.116,-0.1,-0.148));
#12443=CARTESIAN_POINT('',(0.234,-0.1,-0.148));
#12444=CARTESIAN_POINT('',(0.234,-0.082,-0.148));
#12445=CARTESIAN_POINT('',(0.084,-0.082,-0.148));
#12446=CARTESIAN_POINT('',(0.066,-0.082,-0.148));
#12447=CARTESIAN_POINT('',(0.084,-0.1,-0.148));
#12448=CARTESIAN_POINT('',(0.066,-0.1,-0.148));
#12449=CARTESIAN_POINT('',(0.234,-0.1,-0.148));
#12450=CARTESIAN_POINT('',(0.234,-0.082,-0.148));
#12451=CARTESIAN_POINT('',(0.034,-0.082,-0.148));
#12452=CARTESIAN_POINT('',(0.016,-0.082,-0.148));
#12453=CARTESIAN_POINT('',(0.034,-0.1,-0.148));
#12454=CARTESIAN_POINT('',(0.016,-0.1,-0.148));
#12455=CARTESIAN_POINT('',(0.234,-0.1,-0.148));
#12456=CARTESIAN_POINT('',(0.234,-0.082,-0.148));
#12457=CARTESIAN_POINT('',(-0.016,-0.082,-0.148));
#12458=CARTESIAN_POINT('',(-0.034,-0.082,-0.148));
#12459=CARTESIAN_POINT('',(-0.016,-0.1,-0.148));
#12460=CARTESIAN_POINT('',(-0.034,-0.1,-0.148));
#12461=CARTESIAN_POINT('',(0.234,-0.1,-0.148));
#12462=CARTESIAN_POINT('',(0.234,-0.082,-0.148));
#12463=CARTESIAN_POINT('',(-0.066,-0.082,-0.148));
#12464=CARTESIAN_POINT('',(-0.084,-0.082,-0.148));
#12465=CARTESIAN_POINT('',(-0.066,-0.1,-0.148));
#12466=CARTESIAN_POINT('',(-0.084,-0.1,-0.148));
#12467=CARTESIAN_POINT('',(0.234,-0.1,-0.148));
#12468=CARTESIAN_POINT('',(0.234,-0.082,-0.148));
#12469=CARTESIAN_POINT('',(-0.116,-0.082,-0.148));
#12470=CARTESIAN_POINT('',(-0.134,-0.082,-0.148));
#12471=CARTESIAN_POINT('',(-0.116,-0.1,-0.148));
#12472=CARTESIAN_POINT('',(-0.134,-0.1,-0.148));
#12473=CARTESIAN_POINT('',(0.234,-0.1,-0.148));
#12474=CARTESIAN_POINT('',(0.234,-0.082,-0.148));
#12475=CARTESIAN_POINT('',(-0.166,-0.082,-0.148));
#12476=CARTESIAN_POINT('',(-0.184,-0.082,-0.148));
#12477=CARTESIAN_POINT('',(-0.166,-0.1,-0.148));
#12478=CARTESIAN_POINT('',(-0.184,-0.1,-0.148));
#12479=CARTESIAN_POINT('',(0.234,-0.082,-0.148));
#12480=CARTESIAN_POINT('',(0.216,-0.082,-0.148));
#12481=CARTESIAN_POINT('',(0.216,-0.082,-0.0790000000000015));
#12482=CARTESIAN_POINT('',(0.234,-0.082,-0.0790000000000015));
#12483=CARTESIAN_POINT('',(0.234,-0.082,-0.148));
#12484=CARTESIAN_POINT('',(0.234,-0.082,-0.0790000000000015));
#12485=CARTESIAN_POINT('',(0.184,-0.082,-0.0790000000000015));
#12486=CARTESIAN_POINT('',(0.166,-0.082,-0.0790000000000015));
#12487=CARTESIAN_POINT('',(0.184,-0.082,-0.148));
#12488=CARTESIAN_POINT('',(0.166,-0.082,-0.148));
#12489=CARTESIAN_POINT('',(0.234,-0.082,-0.148));
#12490=CARTESIAN_POINT('',(0.234,-0.082,-0.0790000000000015));
#12491=CARTESIAN_POINT('',(0.134,-0.082,-0.0790000000000015));
#12492=CARTESIAN_POINT('',(0.116,-0.082,-0.0790000000000015));
#12493=CARTESIAN_POINT('',(0.134,-0.082,-0.148));
#12494=CARTESIAN_POINT('',(0.116,-0.082,-0.148));
#12495=CARTESIAN_POINT('',(0.234,-0.082,-0.148));
#12496=CARTESIAN_POINT('',(0.234,-0.082,-0.0790000000000015));
#12497=CARTESIAN_POINT('',(0.084,-0.082,-0.0790000000000015));
#12498=CARTESIAN_POINT('',(0.066,-0.082,-0.0790000000000015));
#12499=CARTESIAN_POINT('',(0.084,-0.082,-0.148));
#12500=CARTESIAN_POINT('',(0.066,-0.082,-0.148));
#12501=CARTESIAN_POINT('',(0.234,-0.082,-0.148));
#12502=CARTESIAN_POINT('',(0.234,-0.082,-0.0790000000000015));
#12503=CARTESIAN_POINT('',(0.034,-0.082,-0.0790000000000015));
#12504=CARTESIAN_POINT('',(0.016,-0.082,-0.0790000000000015));
#12505=CARTESIAN_POINT('',(0.034,-0.082,-0.148));
#12506=CARTESIAN_POINT('',(0.016,-0.082,-0.148));
#12507=CARTESIAN_POINT('',(0.234,-0.082,-0.148));
#12508=CARTESIAN_POINT('',(0.234,-0.082,-0.0790000000000015));
#12509=CARTESIAN_POINT('',(-0.016,-0.082,-0.0790000000000015));
#12510=CARTESIAN_POINT('',(-0.034,-0.082,-0.0790000000000015));
#12511=CARTESIAN_POINT('',(-0.016,-0.082,-0.148));
#12512=CARTESIAN_POINT('',(-0.034,-0.082,-0.148));
#12513=CARTESIAN_POINT('',(0.234,-0.082,-0.148));
#12514=CARTESIAN_POINT('',(0.234,-0.082,-0.0790000000000015));
#12515=CARTESIAN_POINT('',(-0.066,-0.082,-0.0790000000000015));
#12516=CARTESIAN_POINT('',(-0.084,-0.082,-0.0790000000000015));
#12517=CARTESIAN_POINT('',(-0.066,-0.082,-0.148));
#12518=CARTESIAN_POINT('',(-0.084,-0.082,-0.148));
#12519=CARTESIAN_POINT('',(0.234,-0.082,-0.148));
#12520=CARTESIAN_POINT('',(0.234,-0.082,-0.0790000000000015));
#12521=CARTESIAN_POINT('',(-0.116,-0.082,-0.0790000000000015));
#12522=CARTESIAN_POINT('',(-0.134,-0.082,-0.0790000000000015));
#12523=CARTESIAN_POINT('',(-0.116,-0.082,-0.148));
#12524=CARTESIAN_POINT('',(-0.134,-0.082,-0.148));
#12525=CARTESIAN_POINT('',(0.234,-0.082,-0.148));
#12526=CARTESIAN_POINT('',(0.234,-0.082,-0.0790000000000015));
#12527=CARTESIAN_POINT('',(-0.166,-0.082,-0.0790000000000015));
#12528=CARTESIAN_POINT('',(-0.184,-0.082,-0.0790000000000015));
#12529=CARTESIAN_POINT('',(-0.166,-0.082,-0.148));
#12530=CARTESIAN_POINT('',(-0.184,-0.082,-0.148));
#12531=CARTESIAN_POINT('',(0.234,-0.0619999999999984,-0.0790000000000016));
#12532=CARTESIAN_POINT('',(0.216,-0.0619999999999984,-0.0790000000000016));
#12533=CARTESIAN_POINT('',(0.216,-0.0619999999999984,-0.059));
#12534=CARTESIAN_POINT('',(0.234,-0.0619999999999984,-0.059));
#12535=CARTESIAN_POINT('',(0.234,-0.0619999999999984,-0.0790000000000016));
#12536=CARTESIAN_POINT('',(0.184,-0.0619999999999984,-0.0790000000000016));
#12537=CARTESIAN_POINT('',(0.184,-0.0619999999999984,-0.059));
#12538=CARTESIAN_POINT('',(0.166,-0.0619999999999984,-0.0790000000000016));
#12539=CARTESIAN_POINT('',(0.166,-0.0619999999999984,-0.059));
#12540=CARTESIAN_POINT('',(0.234,-0.0619999999999984,-0.059));
#12541=CARTESIAN_POINT('',(0.234,-0.0619999999999984,-0.0790000000000016));
#12542=CARTESIAN_POINT('',(0.134,-0.0619999999999984,-0.0790000000000016));
#12543=CARTESIAN_POINT('',(0.134,-0.0619999999999984,-0.059));
#12544=CARTESIAN_POINT('',(0.116,-0.0619999999999984,-0.0790000000000016));
#12545=CARTESIAN_POINT('',(0.116,-0.0619999999999984,-0.059));
#12546=CARTESIAN_POINT('',(0.234,-0.0619999999999984,-0.059));
#12547=CARTESIAN_POINT('',(0.234,-0.0619999999999984,-0.0790000000000016));
#12548=CARTESIAN_POINT('',(0.084,-0.0619999999999984,-0.0790000000000016));
#12549=CARTESIAN_POINT('',(0.084,-0.0619999999999984,-0.059));
#12550=CARTESIAN_POINT('',(0.066,-0.0619999999999984,-0.0790000000000016));
#12551=CARTESIAN_POINT('',(0.066,-0.0619999999999984,-0.059));
#12552=CARTESIAN_POINT('',(0.234,-0.0619999999999984,-0.059));
#12553=CARTESIAN_POINT('',(0.234,-0.0619999999999984,-0.0790000000000016));
#12554=CARTESIAN_POINT('',(0.034,-0.0619999999999984,-0.0790000000000016));
#12555=CARTESIAN_POINT('',(0.034,-0.0619999999999984,-0.059));
#12556=CARTESIAN_POINT('',(0.016,-0.0619999999999984,-0.0790000000000016));
#12557=CARTESIAN_POINT('',(0.016,-0.0619999999999984,-0.059));
#12558=CARTESIAN_POINT('',(0.234,-0.0619999999999984,-0.059));
#12559=CARTESIAN_POINT('',(0.234,-0.0619999999999984,-0.0790000000000016));
#12560=CARTESIAN_POINT('',(-0.016,-0.0619999999999984,-0.0790000000000016));
#12561=CARTESIAN_POINT('',(-0.016,-0.0619999999999984,-0.059));
#12562=CARTESIAN_POINT('',(-0.034,-0.0619999999999984,-0.0790000000000016));
#12563=CARTESIAN_POINT('',(-0.034,-0.0619999999999984,-0.059));
#12564=CARTESIAN_POINT('',(0.234,-0.0619999999999984,-0.059));
#12565=CARTESIAN_POINT('',(0.234,-0.0619999999999984,-0.0790000000000016));
#12566=CARTESIAN_POINT('',(-0.066,-0.0619999999999984,-0.0790000000000016));
#12567=CARTESIAN_POINT('',(-0.066,-0.0619999999999984,-0.059));
#12568=CARTESIAN_POINT('',(-0.084,-0.0619999999999984,-0.0790000000000016));
#12569=CARTESIAN_POINT('',(-0.084,-0.0619999999999984,-0.059));
#12570=CARTESIAN_POINT('',(0.234,-0.0619999999999984,-0.059));
#12571=CARTESIAN_POINT('',(0.234,-0.0619999999999984,-0.0790000000000016));
#12572=CARTESIAN_POINT('',(-0.116,-0.0619999999999984,-0.0790000000000016));
#12573=CARTESIAN_POINT('',(-0.116,-0.0619999999999984,-0.059));
#12574=CARTESIAN_POINT('',(-0.134,-0.0619999999999984,-0.0790000000000016));
#12575=CARTESIAN_POINT('',(-0.134,-0.0619999999999984,-0.059));
#12576=CARTESIAN_POINT('',(0.234,-0.0619999999999984,-0.059));
#12577=CARTESIAN_POINT('',(0.234,-0.0619999999999984,-0.0790000000000016));
#12578=CARTESIAN_POINT('',(-0.166,-0.0619999999999984,-0.0790000000000016));
#12579=CARTESIAN_POINT('',(-0.166,-0.0619999999999984,-0.059));
#12580=CARTESIAN_POINT('',(-0.184,-0.0619999999999984,-0.0790000000000016));
#12581=CARTESIAN_POINT('',(-0.184,-0.0619999999999984,-0.059));
#12582=CARTESIAN_POINT('',(0.234,-0.0619999999999984,-0.059));
#12583=CARTESIAN_POINT('',(0.234,-0.0619999999999985,-0.059));
#12584=CARTESIAN_POINT('',(0.216,-0.0619999999999985,-0.059));
#12585=CARTESIAN_POINT('',(0.234,-0.0619999999999985,-0.059));
#12586=CARTESIAN_POINT('',(0.184,-0.0619999999999985,-0.059));
#12587=CARTESIAN_POINT('',(0.166,-0.0619999999999985,-0.059));
#12588=CARTESIAN_POINT('',(0.234,-0.0619999999999985,-0.059));
#12589=CARTESIAN_POINT('',(0.134,-0.0619999999999985,-0.059));
#12590=CARTESIAN_POINT('',(0.116,-0.0619999999999985,-0.059));
#12591=CARTESIAN_POINT('',(0.234,-0.0619999999999985,-0.059));
#12592=CARTESIAN_POINT('',(0.084,-0.0619999999999985,-0.059));
#12593=CARTESIAN_POINT('',(0.066,-0.0619999999999985,-0.059));
#12594=CARTESIAN_POINT('',(0.234,-0.0619999999999985,-0.059));
#12595=CARTESIAN_POINT('',(0.034,-0.0619999999999985,-0.059));
#12596=CARTESIAN_POINT('',(0.016,-0.0619999999999985,-0.059));
#12597=CARTESIAN_POINT('',(0.234,-0.0619999999999985,-0.059));
#12598=CARTESIAN_POINT('',(-0.016,-0.0619999999999985,-0.059));
#12599=CARTESIAN_POINT('',(-0.034,-0.0619999999999985,-0.059));
#12600=CARTESIAN_POINT('',(0.234,-0.0619999999999985,-0.059));
#12601=CARTESIAN_POINT('',(-0.066,-0.0619999999999985,-0.059));
#12602=CARTESIAN_POINT('',(-0.084,-0.0619999999999985,-0.059));
#12603=CARTESIAN_POINT('',(0.234,-0.0619999999999985,-0.059));
#12604=CARTESIAN_POINT('',(-0.116,-0.0619999999999985,-0.059));
#12605=CARTESIAN_POINT('',(-0.134,-0.0619999999999985,-0.059));
#12606=CARTESIAN_POINT('',(0.234,-0.0619999999999985,-0.059));
#12607=CARTESIAN_POINT('',(-0.166,-0.0619999999999985,-0.059));
#12608=CARTESIAN_POINT('',(-0.184,-0.0619999999999985,-0.059));
#12609=CARTESIAN_POINT('',(0.234,-0.01,0.058999999999998));
#12610=CARTESIAN_POINT('',(0.216,-0.01,0.058999999999998));
#12611=CARTESIAN_POINT('',(0.216,-0.0620000000000002,0.058999999999998));
#12612=CARTESIAN_POINT('',(0.234,-0.0620000000000002,0.058999999999998));
#12613=CARTESIAN_POINT('',(0.234,-0.01,0.058999999999998));
#12614=CARTESIAN_POINT('',(0.234,-0.0620000000000002,0.058999999999998));
#12615=CARTESIAN_POINT('',(0.184,-0.0620000000000002,0.058999999999998));
#12616=CARTESIAN_POINT('',(0.166,-0.0620000000000002,0.058999999999998));
#12617=CARTESIAN_POINT('',(0.184,-0.01,0.058999999999998));
#12618=CARTESIAN_POINT('',(0.166,-0.01,0.058999999999998));
#12619=CARTESIAN_POINT('',(0.234,-0.01,0.058999999999998));
#12620=CARTESIAN_POINT('',(0.234,-0.0620000000000002,0.058999999999998));
#12621=CARTESIAN_POINT('',(0.084,-0.0620000000000002,0.058999999999998));
#12622=CARTESIAN_POINT('',(0.066,-0.0620000000000002,0.058999999999998));
#12623=CARTESIAN_POINT('',(0.084,-0.01,0.058999999999998));
#12624=CARTESIAN_POINT('',(0.066,-0.01,0.058999999999998));
#12625=CARTESIAN_POINT('',(0.234,-0.01,0.058999999999998));
#12626=CARTESIAN_POINT('',(0.234,-0.0620000000000002,0.058999999999998));
#12627=CARTESIAN_POINT('',(0.034,-0.0620000000000002,0.058999999999998));
#12628=CARTESIAN_POINT('',(0.016,-0.0620000000000002,0.058999999999998));
#12629=CARTESIAN_POINT('',(0.034,-0.01,0.058999999999998));
#12630=CARTESIAN_POINT('',(0.016,-0.01,0.058999999999998));
#12631=CARTESIAN_POINT('',(0.234,-0.01,0.058999999999998));
#12632=CARTESIAN_POINT('',(0.234,-0.0620000000000002,0.058999999999998));
#12633=CARTESIAN_POINT('',(-0.016,-0.0620000000000002,0.058999999999998));
#12634=CARTESIAN_POINT('',(-0.034,-0.0620000000000002,0.058999999999998));
#12635=CARTESIAN_POINT('',(-0.016,-0.01,0.058999999999998));
#12636=CARTESIAN_POINT('',(-0.034,-0.01,0.058999999999998));
#12637=CARTESIAN_POINT('',(0.234,-0.01,0.058999999999998));
#12638=CARTESIAN_POINT('',(0.234,-0.0620000000000002,0.058999999999998));
#12639=CARTESIAN_POINT('',(-0.066,-0.0620000000000002,0.058999999999998));
#12640=CARTESIAN_POINT('',(-0.084,-0.0620000000000002,0.058999999999998));
#12641=CARTESIAN_POINT('',(-0.066,-0.01,0.058999999999998));
#12642=CARTESIAN_POINT('',(-0.084,-0.01,0.058999999999998));
#12643=CARTESIAN_POINT('',(0.234,-0.01,0.058999999999998));
#12644=CARTESIAN_POINT('',(0.234,-0.0620000000000002,0.058999999999998));
#12645=CARTESIAN_POINT('',(-0.116,-0.0620000000000002,0.058999999999998));
#12646=CARTESIAN_POINT('',(-0.134,-0.0620000000000002,0.058999999999998));
#12647=CARTESIAN_POINT('',(-0.116,-0.01,0.058999999999998));
#12648=CARTESIAN_POINT('',(-0.134,-0.01,0.058999999999998));
#12649=CARTESIAN_POINT('',(0.234,-0.01,0.058999999999998));
#12650=CARTESIAN_POINT('',(0.234,-0.0620000000000002,0.058999999999998));
#12651=CARTESIAN_POINT('',(-0.166,-0.0620000000000002,0.058999999999998));
#12652=CARTESIAN_POINT('',(-0.184,-0.0620000000000002,0.058999999999998));
#12653=CARTESIAN_POINT('',(-0.166,-0.01,0.058999999999998));
#12654=CARTESIAN_POINT('',(-0.184,-0.01,0.058999999999998));
#12655=CARTESIAN_POINT('',(0.234,-0.0620000000000002,0.0789999999999978));
#12656=CARTESIAN_POINT('',(0.216,-0.0620000000000002,0.0789999999999978));
#12657=CARTESIAN_POINT('',(0.216,-0.082,0.0789999999999978));
#12658=CARTESIAN_POINT('',(0.234,-0.082,0.0789999999999978));
#12659=CARTESIAN_POINT('',(0.234,-0.0620000000000002,0.0789999999999978));
#12660=CARTESIAN_POINT('',(0.184,-0.0620000000000002,0.0789999999999978));
#12661=CARTESIAN_POINT('',(0.184,-0.082,0.0789999999999978));
#12662=CARTESIAN_POINT('',(0.166,-0.0620000000000002,0.0789999999999978));
#12663=CARTESIAN_POINT('',(0.166,-0.082,0.0789999999999978));
#12664=CARTESIAN_POINT('',(0.234,-0.082,0.0789999999999978));
#12665=CARTESIAN_POINT('',(0.234,-0.0620000000000002,0.0789999999999978));
#12666=CARTESIAN_POINT('',(0.084,-0.0620000000000002,0.0789999999999978));
#12667=CARTESIAN_POINT('',(0.084,-0.082,0.0789999999999978));
#12668=CARTESIAN_POINT('',(0.066,-0.0620000000000002,0.0789999999999978));
#12669=CARTESIAN_POINT('',(0.066,-0.082,0.0789999999999978));
#12670=CARTESIAN_POINT('',(0.234,-0.082,0.0789999999999978));
#12671=CARTESIAN_POINT('',(0.234,-0.0620000000000002,0.0789999999999978));
#12672=CARTESIAN_POINT('',(0.034,-0.0620000000000002,0.0789999999999978));
#12673=CARTESIAN_POINT('',(0.034,-0.082,0.0789999999999978));
#12674=CARTESIAN_POINT('',(0.016,-0.0620000000000002,0.0789999999999978));
#12675=CARTESIAN_POINT('',(0.016,-0.082,0.0789999999999978));
#12676=CARTESIAN_POINT('',(0.234,-0.082,0.0789999999999978));
#12677=CARTESIAN_POINT('',(0.234,-0.0620000000000002,0.0789999999999978));
#12678=CARTESIAN_POINT('',(-0.016,-0.0620000000000002,0.0789999999999978));
#12679=CARTESIAN_POINT('',(-0.016,-0.082,0.0789999999999978));
#12680=CARTESIAN_POINT('',(-0.034,-0.0620000000000002,0.0789999999999978));
#12681=CARTESIAN_POINT('',(-0.034,-0.082,0.0789999999999978));
#12682=CARTESIAN_POINT('',(0.234,-0.082,0.0789999999999978));
#12683=CARTESIAN_POINT('',(0.234,-0.0620000000000002,0.0789999999999978));
#12684=CARTESIAN_POINT('',(-0.066,-0.0620000000000002,0.0789999999999978));
#12685=CARTESIAN_POINT('',(-0.066,-0.082,0.0789999999999978));
#12686=CARTESIAN_POINT('',(-0.084,-0.0620000000000002,0.0789999999999978));
#12687=CARTESIAN_POINT('',(-0.084,-0.082,0.0789999999999978));
#12688=CARTESIAN_POINT('',(0.234,-0.082,0.0789999999999978));
#12689=CARTESIAN_POINT('',(0.234,-0.0620000000000002,0.0789999999999978));
#12690=CARTESIAN_POINT('',(-0.116,-0.0620000000000002,0.0789999999999978));
#12691=CARTESIAN_POINT('',(-0.116,-0.082,0.0789999999999978));
#12692=CARTESIAN_POINT('',(-0.134,-0.0620000000000002,0.0789999999999978));
#12693=CARTESIAN_POINT('',(-0.134,-0.082,0.0789999999999978));
#12694=CARTESIAN_POINT('',(0.234,-0.082,0.0789999999999978));
#12695=CARTESIAN_POINT('',(0.234,-0.0620000000000002,0.0789999999999978));
#12696=CARTESIAN_POINT('',(-0.166,-0.0620000000000002,0.0789999999999978));
#12697=CARTESIAN_POINT('',(-0.166,-0.082,0.0789999999999978));
#12698=CARTESIAN_POINT('',(-0.184,-0.0620000000000002,0.0789999999999978));
#12699=CARTESIAN_POINT('',(-0.184,-0.082,0.0789999999999978));
#12700=CARTESIAN_POINT('',(0.234,-0.082,0.0789999999999978));
#12701=CARTESIAN_POINT('',(0.234,-0.082,0.0789999999999978));
#12702=CARTESIAN_POINT('',(0.216,-0.082,0.0789999999999978));
#12703=CARTESIAN_POINT('',(0.234,-0.082,0.0789999999999978));
#12704=CARTESIAN_POINT('',(0.184,-0.082,0.0789999999999978));
#12705=CARTESIAN_POINT('',(0.166,-0.082,0.0789999999999978));
#12706=CARTESIAN_POINT('',(0.234,-0.082,0.0789999999999978));
#12707=CARTESIAN_POINT('',(0.084,-0.082,0.0789999999999978));
#12708=CARTESIAN_POINT('',(0.066,-0.082,0.0789999999999978));
#12709=CARTESIAN_POINT('',(0.234,-0.082,0.0789999999999978));
#12710=CARTESIAN_POINT('',(0.034,-0.082,0.0789999999999978));
#12711=CARTESIAN_POINT('',(0.016,-0.082,0.0789999999999978));
#12712=CARTESIAN_POINT('',(0.234,-0.082,0.0789999999999978));
#12713=CARTESIAN_POINT('',(-0.016,-0.082,0.0789999999999978));
#12714=CARTESIAN_POINT('',(-0.034,-0.082,0.0789999999999978));
#12715=CARTESIAN_POINT('',(0.234,-0.082,0.0789999999999978));
#12716=CARTESIAN_POINT('',(-0.066,-0.082,0.0789999999999978));
#12717=CARTESIAN_POINT('',(-0.084,-0.082,0.0789999999999978));
#12718=CARTESIAN_POINT('',(0.234,-0.082,0.0789999999999978));
#12719=CARTESIAN_POINT('',(-0.116,-0.082,0.0789999999999978));
#12720=CARTESIAN_POINT('',(-0.134,-0.082,0.0789999999999978));
#12721=CARTESIAN_POINT('',(0.234,-0.082,0.0789999999999978));
#12722=CARTESIAN_POINT('',(-0.166,-0.082,0.0789999999999978));
#12723=CARTESIAN_POINT('',(-0.184,-0.082,0.0789999999999978));
#12724=CARTESIAN_POINT('',(0.234,-0.082,0.148));
#12725=CARTESIAN_POINT('',(0.234,-0.1,0.148));
#12726=CARTESIAN_POINT('',(-0.216,-0.1,0.148));
#12727=CARTESIAN_POINT('',(-0.216,-0.082,0.148));
#12728=CARTESIAN_POINT('',(-0.216,-0.082,0.148));
#12729=CARTESIAN_POINT('',(0.234,-0.082,0.148));
#12730=CARTESIAN_POINT('',(0.234,-0.1,0.148));
#12731=CARTESIAN_POINT('',(0.234,-0.1,0.0789999999999973));
#12732=CARTESIAN_POINT('',(-0.216,-0.1,0.0789999999999974));
#12733=CARTESIAN_POINT('',(-0.216,-0.1,0.2));
#12734=CARTESIAN_POINT('',(0.234,-0.0620000000000007,0.0789999999999974));
#12735=CARTESIAN_POINT('',(0.234,-0.0620000000000007,0.040999999999998));
#12736=CARTESIAN_POINT('',(-0.216,-0.0620000000000007,0.040999999999998));
#12737=CARTESIAN_POINT('',(-0.216,-0.0620000000000007,0.0789999999999974));
#12738=CARTESIAN_POINT('',(0.234,-0.0620000000000007,0.040999999999998));
#12739=CARTESIAN_POINT('',(-0.216,-0.0620000000000007,0.040999999999998));
#12740=CARTESIAN_POINT('',(0.234,-0.01,-0.041));
#12741=CARTESIAN_POINT('',(0.234,-0.0620000000000007,-0.041));
#12742=CARTESIAN_POINT('',(-0.216,-0.0620000000000007,-0.041));
#12743=CARTESIAN_POINT('',(-0.216,-0.01,-0.041));
#12744=CARTESIAN_POINT('',(0.234,-0.0620000000000007,-0.0789999999999993));
#12745=CARTESIAN_POINT('',(0.234,-0.1,-0.0789999999999993));
#12746=CARTESIAN_POINT('',(-0.216,-0.1,-0.0789999999999993));
#12747=CARTESIAN_POINT('',(-0.216,-0.0620000000000007,-0.0789999999999993));
#12748=CARTESIAN_POINT('',(0.234,-0.1,-0.0789999999999993));
#12749=CARTESIAN_POINT('',(0.234,-0.1,-0.148));
#12750=CARTESIAN_POINT('',(-0.216,-0.1,-0.148));
#12751=CARTESIAN_POINT('',(-0.216,-0.1,0.2));
#12752=CARTESIAN_POINT('',(0.234,-0.1,-0.148));
#12753=CARTESIAN_POINT('',(0.234,-0.082,-0.148));
#12754=CARTESIAN_POINT('',(-0.216,-0.082,-0.148));
#12755=CARTESIAN_POINT('',(-0.216,-0.1,-0.148));
#12756=CARTESIAN_POINT('',(0.234,-0.082,-0.148));
#12757=CARTESIAN_POINT('',(0.234,-0.082,-0.0790000000000015));
#12758=CARTESIAN_POINT('',(-0.216,-0.082,-0.0790000000000015));
#12759=CARTESIAN_POINT('',(-0.216,-0.082,-0.148));
#12760=CARTESIAN_POINT('',(0.234,-0.0619999999999984,-0.0790000000000016));
#12761=CARTESIAN_POINT('',(-0.216,-0.0619999999999984,-0.0790000000000016));
#12762=CARTESIAN_POINT('',(-0.216,-0.0619999999999984,-0.059));
#12763=CARTESIAN_POINT('',(0.234,-0.0619999999999984,-0.059));
#12764=CARTESIAN_POINT('',(0.234,-0.0619999999999985,-0.059));
#12765=CARTESIAN_POINT('',(-0.216,-0.0619999999999985,-0.059));
#12766=CARTESIAN_POINT('',(0.234,-0.01,0.058999999999998));
#12767=CARTESIAN_POINT('',(0.234,-0.0620000000000002,0.058999999999998));
#12768=CARTESIAN_POINT('',(-0.216,-0.0620000000000002,0.058999999999998));
#12769=CARTESIAN_POINT('',(-0.216,-0.01,0.058999999999998));
#12770=CARTESIAN_POINT('',(0.234,-0.0620000000000002,0.0789999999999978));
#12771=CARTESIAN_POINT('',(-0.216,-0.0620000000000002,0.0789999999999978));
#12772=CARTESIAN_POINT('',(-0.216,-0.082,0.0789999999999978));
#12773=CARTESIAN_POINT('',(0.234,-0.082,0.0789999999999978));
#12774=CARTESIAN_POINT('',(0.234,-0.082,0.0789999999999978));
#12775=CARTESIAN_POINT('',(-0.216,-0.082,0.0789999999999978));
#12776=CARTESIAN_POINT('',(-0.216,-0.1,0.2));
#12777=CARTESIAN_POINT('',(-0.184,-0.01,0.2));
#12778=CARTESIAN_POINT('',(-0.166,-0.1,0.2));
#12779=CARTESIAN_POINT('',(-0.134,-0.01,0.2));
#12780=CARTESIAN_POINT('',(-0.116,-0.1,0.2));
#12781=CARTESIAN_POINT('',(-0.084,-0.01,0.2));
#12782=CARTESIAN_POINT('',(-0.066,-0.1,0.2));
#12783=CARTESIAN_POINT('',(-0.034,-0.01,0.2));
#12784=CARTESIAN_POINT('',(-0.016,-0.1,0.2));
#12785=CARTESIAN_POINT('',(0.016,-0.01,0.2));
#12786=CARTESIAN_POINT('',(0.034,-0.1,0.2));
#12787=CARTESIAN_POINT('',(0.066,-0.01,0.2));
#12788=CARTESIAN_POINT('',(0.084,-0.1,0.2));
#12789=CARTESIAN_POINT('',(0.166,-0.01,0.2));
#12790=CARTESIAN_POINT('',(0.184,-0.1,0.2));
#12791=CARTESIAN_POINT('',(0.216,-0.01,0.2));
#12792=CARTESIAN_POINT('',(-0.216,-0.1,0.2));
#12793=CARTESIAN_POINT('',(-0.184,-0.01,0.2));
#12794=CARTESIAN_POINT('',(-0.166,-0.1,0.2));
#12795=CARTESIAN_POINT('',(-0.134,-0.01,0.2));
#12796=CARTESIAN_POINT('',(-0.116,-0.1,0.2));
#12797=CARTESIAN_POINT('',(-0.084,-0.01,0.2));
#12798=CARTESIAN_POINT('',(-0.066,-0.1,0.2));
#12799=CARTESIAN_POINT('',(-0.034,-0.01,0.2));
#12800=CARTESIAN_POINT('',(-0.016,-0.1,0.2));
#12801=CARTESIAN_POINT('',(0.016,-0.01,0.2));
#12802=CARTESIAN_POINT('',(0.034,-0.1,0.2));
#12803=CARTESIAN_POINT('',(0.066,-0.01,0.2));
#12804=CARTESIAN_POINT('',(0.084,-0.1,0.2));
#12805=CARTESIAN_POINT('',(0.116,-0.01,0.2));
#12806=CARTESIAN_POINT('',(0.134,-0.1,0.2));
#12807=CARTESIAN_POINT('',(0.166,-0.01,0.2));
#12808=CARTESIAN_POINT('',(0.216,-0.01,0.2));
#12809=CARTESIAN_POINT('',(0.184,-0.1,0.2));
#12810=CARTESIAN_POINT('',(0.468,0.,10.));
#12811=CARTESIAN_POINT('',(0.,0.,0.));
#12812=CARTESIAN_POINT('',(0.234,0.01,0.075));
#12813=CARTESIAN_POINT('',(0.234,0.,0.075));
#12814=CARTESIAN_POINT('',(0.116,0.,0.075));
#12815=CARTESIAN_POINT('',(-0.234,0.,0.075));
#12816=CARTESIAN_POINT('',(0.116,0.01,0.075));
#12817=CARTESIAN_POINT('',(0.116,0.01,0.075));
#12818=CARTESIAN_POINT('',(0.234,0.01,0.075));
#12819=CARTESIAN_POINT('',(-0.234,0.01,0.075));
#12820=CARTESIAN_POINT('',(-0.234,0.01,0.075));
#12821=CARTESIAN_POINT('',(0.234,-0.01,-0.075));
#12822=CARTESIAN_POINT('',(0.234,0.,-0.075));
#12823=CARTESIAN_POINT('',(-0.234,0.,-0.075));
#12824=CARTESIAN_POINT('',(0.234,0.,-0.075));
#12825=CARTESIAN_POINT('',(-0.234,-0.01,-0.075));
#12826=CARTESIAN_POINT('',(-0.234,0.01,-0.075));
#12827=CARTESIAN_POINT('',(0.234,0.01,-0.075));
#12828=CARTESIAN_POINT('',(0.234,0.01,-0.075));
#12829=CARTESIAN_POINT('',(0.234,-0.01,-0.075));
#12830=CARTESIAN_POINT('',(0.234,0.01,0.075));
#12831=CARTESIAN_POINT('',(0.234,0.,0.075));
#12832=CARTESIAN_POINT('',(0.234,0.,0.075));
#12833=CARTESIAN_POINT('',(0.134,0.,0.075));
#12834=CARTESIAN_POINT('',(0.234,0.01,0.075));
#12835=CARTESIAN_POINT('',(0.234,0.01,0.075));
#12836=CARTESIAN_POINT('',(0.234,0.01,0.075));
#12837=CARTESIAN_POINT('',(0.134,0.01,0.075));
#12838=CARTESIAN_POINT('',(0.134,0.01,0.075));
#12839=CARTESIAN_POINT('',(0.234,-0.0620000000000007,0.0789999999999974));
#12840=CARTESIAN_POINT('',(0.234,0.,0.0789999999999974));
#12841=CARTESIAN_POINT('',(0.234,0.01,-0.075));
#12842=CARTESIAN_POINT('',(0.234,0.01,-0.059));
#12843=CARTESIAN_POINT('',(0.234,0.01,-0.059));
#12844=CARTESIAN_POINT('',(0.234,0.234,-0.059));
#12845=CARTESIAN_POINT('',(0.234,0.234,0.0789999999999974));
#12846=CARTESIAN_POINT('',(0.234,0.234,-0.041));
#12847=CARTESIAN_POINT('',(0.234,0.234,-0.041));
#12848=CARTESIAN_POINT('',(0.234,0.01,-0.041));
#12849=CARTESIAN_POINT('',(0.234,0.01,-0.041));
#12850=CARTESIAN_POINT('',(0.234,0.01,0.040999999999998));
#12851=CARTESIAN_POINT('',(0.234,0.01,0.040999999999998));
#12852=CARTESIAN_POINT('',(0.234,0.234,0.040999999999998));
#12853=CARTESIAN_POINT('',(0.234,0.234,0.0789999999999974));
#12854=CARTESIAN_POINT('',(0.234,0.234,0.058999999999998));
#12855=CARTESIAN_POINT('',(0.234,0.234,0.058999999999998));
#12856=CARTESIAN_POINT('',(0.234,0.01,0.058999999999998));
#12857=CARTESIAN_POINT('',(0.234,0.01,0.058999999999998));
#12858=CARTESIAN_POINT('',(-0.234,-0.0620000000000007,0.0789999999999974));
#12859=CARTESIAN_POINT('',(-0.234,0.,0.0789999999999974));
#12860=CARTESIAN_POINT('',(-0.234,0.01,0.058999999999998));
#12861=CARTESIAN_POINT('',(-0.234,0.01,0.058999999999998));
#12862=CARTESIAN_POINT('',(-0.234,0.234,0.058999999999998));
#12863=CARTESIAN_POINT('',(-0.234,0.234,0.058999999999998));
#12864=CARTESIAN_POINT('',(-0.234,0.234,0.0789999999999974));
#12865=CARTESIAN_POINT('',(-0.234,0.234,0.040999999999998));
#12866=CARTESIAN_POINT('',(-0.234,0.01,0.040999999999998));
#12867=CARTESIAN_POINT('',(-0.234,0.01,0.040999999999998));
#12868=CARTESIAN_POINT('',(-0.234,0.01,-0.041));
#12869=CARTESIAN_POINT('',(-0.234,0.01,-0.041));
#12870=CARTESIAN_POINT('',(-0.234,0.234,-0.041));
#12871=CARTESIAN_POINT('',(-0.234,0.234,-0.041));
#12872=CARTESIAN_POINT('',(-0.234,0.234,0.0789999999999974));
#12873=CARTESIAN_POINT('',(-0.234,0.234,-0.059));
#12874=CARTESIAN_POINT('',(-0.234,0.01,-0.059));
#12875=CARTESIAN_POINT('',(-0.234,0.01,-0.059));
#12876=CARTESIAN_POINT('',(-0.234,0.01,-0.075));
#12877=CARTESIAN_POINT('',(0.134,0.,0.));
#12878=CARTESIAN_POINT('',(0.134,0.,0.));
#12879=CARTESIAN_POINT('',(0.134,0.,0.041));
#12880=CARTESIAN_POINT('',(0.134,0.01,0.2));
#12881=CARTESIAN_POINT('',(0.134,0.01,0.041));
#12882=CARTESIAN_POINT('',(0.134,-0.1,0.041));
#12883=CARTESIAN_POINT('',(0.116,-0.1,0.041));
#12884=CARTESIAN_POINT('',(0.116,0.,0.041));
#12885=CARTESIAN_POINT('',(0.116,0.,0.041));
#12886=CARTESIAN_POINT('',(0.234,0.01,0.040999999999998));
#12887=CARTESIAN_POINT('',(0.116,0.01,0.041));
#12888=CARTESIAN_POINT('',(0.116,-0.1,0.041));
#12889=CARTESIAN_POINT('',(0.116,0.,0.));
#12890=CARTESIAN_POINT('',(0.116,0.,0.));
#12891=CARTESIAN_POINT('',(0.116,0.01,0.2));
#12892=CARTESIAN_POINT('',(0.234,0.01,0.058999999999998));
#12893=CARTESIAN_POINT('',(0.166,0.01,0.2));
#12894=CARTESIAN_POINT('',(0.166,0.01,0.058999999999998));
#12895=CARTESIAN_POINT('',(0.166,0.01,0.040999999999998));
#12896=CARTESIAN_POINT('',(0.234,0.01,0.040999999999998));
#12897=CARTESIAN_POINT('',(0.184,0.01,0.040999999999998));
#12898=CARTESIAN_POINT('',(0.184,0.01,0.2));
#12899=CARTESIAN_POINT('',(0.184,0.01,0.058999999999998));
#12900=CARTESIAN_POINT('',(0.234,0.01,0.058999999999998));
#12901=CARTESIAN_POINT('',(0.066,0.01,0.2));
#12902=CARTESIAN_POINT('',(0.066,0.01,0.058999999999998));
#12903=CARTESIAN_POINT('',(0.066,0.01,0.040999999999998));
#12904=CARTESIAN_POINT('',(0.234,0.01,0.040999999999998));
#12905=CARTESIAN_POINT('',(0.084,0.01,0.040999999999998));
#12906=CARTESIAN_POINT('',(0.084,0.01,0.2));
#12907=CARTESIAN_POINT('',(0.084,0.01,0.058999999999998));
#12908=CARTESIAN_POINT('',(0.234,0.01,0.058999999999998));
#12909=CARTESIAN_POINT('',(0.016,0.01,0.2));
#12910=CARTESIAN_POINT('',(0.016,0.01,0.058999999999998));
#12911=CARTESIAN_POINT('',(0.016,0.01,0.040999999999998));
#12912=CARTESIAN_POINT('',(0.234,0.01,0.040999999999998));
#12913=CARTESIAN_POINT('',(0.034,0.01,0.040999999999998));
#12914=CARTESIAN_POINT('',(0.034,0.01,0.2));
#12915=CARTESIAN_POINT('',(0.034,0.01,0.058999999999998));
#12916=CARTESIAN_POINT('',(0.234,0.01,0.058999999999998));
#12917=CARTESIAN_POINT('',(-0.034,0.01,0.2));
#12918=CARTESIAN_POINT('',(-0.034,0.01,0.058999999999998));
#12919=CARTESIAN_POINT('',(-0.034,0.01,0.040999999999998));
#12920=CARTESIAN_POINT('',(0.234,0.01,0.040999999999998));
#12921=CARTESIAN_POINT('',(-0.016,0.01,0.040999999999998));
#12922=CARTESIAN_POINT('',(-0.016,0.01,0.2));
#12923=CARTESIAN_POINT('',(-0.016,0.01,0.058999999999998));
#12924=CARTESIAN_POINT('',(0.234,0.01,0.058999999999998));
#12925=CARTESIAN_POINT('',(-0.084,0.01,0.2));
#12926=CARTESIAN_POINT('',(-0.084,0.01,0.058999999999998));
#12927=CARTESIAN_POINT('',(-0.084,0.01,0.040999999999998));
#12928=CARTESIAN_POINT('',(0.234,0.01,0.040999999999998));
#12929=CARTESIAN_POINT('',(-0.066,0.01,0.040999999999998));
#12930=CARTESIAN_POINT('',(-0.066,0.01,0.2));
#12931=CARTESIAN_POINT('',(-0.066,0.01,0.058999999999998));
#12932=CARTESIAN_POINT('',(0.234,0.01,0.058999999999998));
#12933=CARTESIAN_POINT('',(-0.134,0.01,0.2));
#12934=CARTESIAN_POINT('',(-0.134,0.01,0.058999999999998));
#12935=CARTESIAN_POINT('',(-0.134,0.01,0.040999999999998));
#12936=CARTESIAN_POINT('',(0.234,0.01,0.040999999999998));
#12937=CARTESIAN_POINT('',(-0.116,0.01,0.040999999999998));
#12938=CARTESIAN_POINT('',(-0.116,0.01,0.2));
#12939=CARTESIAN_POINT('',(-0.116,0.01,0.058999999999998));
#12940=CARTESIAN_POINT('',(0.234,0.01,0.058999999999998));
#12941=CARTESIAN_POINT('',(-0.184,0.01,0.2));
#12942=CARTESIAN_POINT('',(-0.184,0.01,0.058999999999998));
#12943=CARTESIAN_POINT('',(-0.184,0.01,0.040999999999998));
#12944=CARTESIAN_POINT('',(0.234,0.01,0.040999999999998));
#12945=CARTESIAN_POINT('',(-0.166,0.01,0.040999999999998));
#12946=CARTESIAN_POINT('',(-0.166,0.01,0.2));
#12947=CARTESIAN_POINT('',(-0.166,0.01,0.058999999999998));
#12948=CARTESIAN_POINT('',(0.234,0.01,0.058999999999998));
#12949=CARTESIAN_POINT('',(0.166,0.01,0.2));
#12950=CARTESIAN_POINT('',(0.166,0.01,-0.041));
#12951=CARTESIAN_POINT('',(0.166,0.01,-0.059));
#12952=CARTESIAN_POINT('',(0.234,0.01,-0.059));
#12953=CARTESIAN_POINT('',(0.184,0.01,-0.059));
#12954=CARTESIAN_POINT('',(0.184,0.01,0.2));
#12955=CARTESIAN_POINT('',(0.184,0.01,-0.041));
#12956=CARTESIAN_POINT('',(0.234,0.01,-0.041));
#12957=CARTESIAN_POINT('',(0.116,0.01,0.2));
#12958=CARTESIAN_POINT('',(0.116,0.01,-0.041));
#12959=CARTESIAN_POINT('',(0.116,0.01,-0.059));
#12960=CARTESIAN_POINT('',(0.234,0.01,-0.059));
#12961=CARTESIAN_POINT('',(0.134,0.01,-0.059));
#12962=CARTESIAN_POINT('',(0.134,0.01,0.2));
#12963=CARTESIAN_POINT('',(0.134,0.01,-0.041));
#12964=CARTESIAN_POINT('',(0.234,0.01,-0.041));
#12965=CARTESIAN_POINT('',(0.066,0.01,0.2));
#12966=CARTESIAN_POINT('',(0.066,0.01,-0.041));
#12967=CARTESIAN_POINT('',(0.066,0.01,-0.059));
#12968=CARTESIAN_POINT('',(0.234,0.01,-0.059));
#12969=CARTESIAN_POINT('',(0.084,0.01,-0.059));
#12970=CARTESIAN_POINT('',(0.084,0.01,0.2));
#12971=CARTESIAN_POINT('',(0.084,0.01,-0.041));
#12972=CARTESIAN_POINT('',(0.234,0.01,-0.041));
#12973=CARTESIAN_POINT('',(0.016,0.01,0.2));
#12974=CARTESIAN_POINT('',(0.016,0.01,-0.041));
#12975=CARTESIAN_POINT('',(0.016,0.01,-0.059));
#12976=CARTESIAN_POINT('',(0.234,0.01,-0.059));
#12977=CARTESIAN_POINT('',(0.034,0.01,-0.059));
#12978=CARTESIAN_POINT('',(0.034,0.01,0.2));
#12979=CARTESIAN_POINT('',(0.034,0.01,-0.041));
#12980=CARTESIAN_POINT('',(0.234,0.01,-0.041));
#12981=CARTESIAN_POINT('',(-0.034,0.01,0.2));
#12982=CARTESIAN_POINT('',(-0.034,0.01,-0.041));
#12983=CARTESIAN_POINT('',(-0.034,0.01,-0.059));
#12984=CARTESIAN_POINT('',(0.234,0.01,-0.059));
#12985=CARTESIAN_POINT('',(-0.016,0.01,-0.059));
#12986=CARTESIAN_POINT('',(-0.016,0.01,0.2));
#12987=CARTESIAN_POINT('',(-0.016,0.01,-0.041));
#12988=CARTESIAN_POINT('',(0.234,0.01,-0.041));
#12989=CARTESIAN_POINT('',(-0.084,0.01,0.2));
#12990=CARTESIAN_POINT('',(-0.084,0.01,-0.041));
#12991=CARTESIAN_POINT('',(-0.084,0.01,-0.059));
#12992=CARTESIAN_POINT('',(0.234,0.01,-0.059));
#12993=CARTESIAN_POINT('',(-0.066,0.01,-0.059));
#12994=CARTESIAN_POINT('',(-0.066,0.01,0.2));
#12995=CARTESIAN_POINT('',(-0.066,0.01,-0.041));
#12996=CARTESIAN_POINT('',(0.234,0.01,-0.041));
#12997=CARTESIAN_POINT('',(-0.134,0.01,0.2));
#12998=CARTESIAN_POINT('',(-0.134,0.01,-0.041));
#12999=CARTESIAN_POINT('',(-0.134,0.01,-0.059));
#13000=CARTESIAN_POINT('',(0.234,0.01,-0.059));
#13001=CARTESIAN_POINT('',(-0.116,0.01,-0.059));
#13002=CARTESIAN_POINT('',(-0.116,0.01,0.2));
#13003=CARTESIAN_POINT('',(-0.116,0.01,-0.041));
#13004=CARTESIAN_POINT('',(0.234,0.01,-0.041));
#13005=CARTESIAN_POINT('',(-0.184,0.01,0.2));
#13006=CARTESIAN_POINT('',(-0.184,0.01,-0.041));
#13007=CARTESIAN_POINT('',(-0.184,0.01,-0.059));
#13008=CARTESIAN_POINT('',(0.234,0.01,-0.059));
#13009=CARTESIAN_POINT('',(-0.166,0.01,-0.059));
#13010=CARTESIAN_POINT('',(-0.166,0.01,0.2));
#13011=CARTESIAN_POINT('',(-0.166,0.01,-0.041));
#13012=CARTESIAN_POINT('',(0.234,0.01,-0.041));
#13013=CARTESIAN_POINT('',(0.234,0.01,0.058999999999998));
#13014=CARTESIAN_POINT('',(0.216,0.01,0.058999999999998));
#13015=CARTESIAN_POINT('',(0.216,0.01,0.2));
#13016=CARTESIAN_POINT('',(0.216,0.01,0.040999999999998));
#13017=CARTESIAN_POINT('',(0.234,0.01,0.040999999999998));
#13018=CARTESIAN_POINT('',(0.234,0.01,-0.041));
#13019=CARTESIAN_POINT('',(0.216,0.01,-0.041));
#13020=CARTESIAN_POINT('',(0.216,0.01,0.2));
#13021=CARTESIAN_POINT('',(0.216,0.01,-0.059));
#13022=CARTESIAN_POINT('',(0.234,0.01,-0.059));
#13023=CARTESIAN_POINT('',(0.234,0.01,-0.059));
#13024=CARTESIAN_POINT('',(-0.216,0.01,-0.059));
#13025=CARTESIAN_POINT('',(-0.216,0.01,0.2));
#13026=CARTESIAN_POINT('',(-0.216,0.01,-0.041));
#13027=CARTESIAN_POINT('',(0.234,0.01,-0.041));
#13028=CARTESIAN_POINT('',(0.234,0.01,0.040999999999998));
#13029=CARTESIAN_POINT('',(-0.216,0.01,0.040999999999998));
#13030=CARTESIAN_POINT('',(-0.216,0.01,0.2));
#13031=CARTESIAN_POINT('',(-0.216,0.01,0.058999999999998));
#13032=CARTESIAN_POINT('',(0.234,0.01,0.058999999999998));
#13033=CARTESIAN_POINT('',(0.234,0.01,-0.059));
#13034=CARTESIAN_POINT('',(0.234,0.234,-0.059));
#13035=CARTESIAN_POINT('',(-0.216,0.234,-0.0589999999999999));
#13036=CARTESIAN_POINT('',(-0.216,0.01,-0.059));
#13037=CARTESIAN_POINT('',(0.234,0.01,-0.059));
#13038=CARTESIAN_POINT('',(-0.184,0.01,-0.059));
#13039=CARTESIAN_POINT('',(-0.184,0.234,-0.0589999999999999));
#13040=CARTESIAN_POINT('',(0.234,0.234,-0.059));
#13041=CARTESIAN_POINT('',(-0.166,0.234,-0.059));
#13042=CARTESIAN_POINT('',(-0.166,0.01,-0.059));
#13043=CARTESIAN_POINT('',(0.234,0.01,-0.059));
#13044=CARTESIAN_POINT('',(-0.134,0.01,-0.059));
#13045=CARTESIAN_POINT('',(-0.134,0.234,-0.0589999999999999));
#13046=CARTESIAN_POINT('',(0.234,0.234,-0.059));
#13047=CARTESIAN_POINT('',(-0.116,0.234,-0.0589999999999999));
#13048=CARTESIAN_POINT('',(-0.116,0.01,-0.059));
#13049=CARTESIAN_POINT('',(0.234,0.01,-0.059));
#13050=CARTESIAN_POINT('',(-0.084,0.01,-0.059));
#13051=CARTESIAN_POINT('',(-0.084,0.234,-0.059));
#13052=CARTESIAN_POINT('',(0.234,0.234,-0.059));
#13053=CARTESIAN_POINT('',(-0.066,0.234,-0.0589999999999999));
#13054=CARTESIAN_POINT('',(-0.066,0.01,-0.059));
#13055=CARTESIAN_POINT('',(0.234,0.01,-0.059));
#13056=CARTESIAN_POINT('',(-0.034,0.01,-0.059));
#13057=CARTESIAN_POINT('',(-0.034,0.234,-0.059));
#13058=CARTESIAN_POINT('',(0.234,0.234,-0.059));
#13059=CARTESIAN_POINT('',(-0.016,0.234,-0.0589999999999999));
#13060=CARTESIAN_POINT('',(-0.016,0.01,-0.059));
#13061=CARTESIAN_POINT('',(0.234,0.01,-0.059));
#13062=CARTESIAN_POINT('',(0.016,0.01,-0.059));
#13063=CARTESIAN_POINT('',(0.016,0.234,-0.0589999999999999));
#13064=CARTESIAN_POINT('',(0.234,0.234,-0.059));
#13065=CARTESIAN_POINT('',(0.034,0.234,-0.059));
#13066=CARTESIAN_POINT('',(0.034,0.01,-0.059));
#13067=CARTESIAN_POINT('',(0.234,0.01,-0.059));
#13068=CARTESIAN_POINT('',(0.066,0.01,-0.059));
#13069=CARTESIAN_POINT('',(0.066,0.234,-0.0589999999999999));
#13070=CARTESIAN_POINT('',(0.234,0.234,-0.059));
#13071=CARTESIAN_POINT('',(0.0839999999999999,0.234,-0.059));
#13072=CARTESIAN_POINT('',(0.084,0.01,-0.059));
#13073=CARTESIAN_POINT('',(0.234,0.01,-0.059));
#13074=CARTESIAN_POINT('',(0.116,0.01,-0.059));
#13075=CARTESIAN_POINT('',(0.116,0.234,-0.0589999999999999));
#13076=CARTESIAN_POINT('',(0.234,0.234,-0.059));
#13077=CARTESIAN_POINT('',(0.134,0.234,-0.0589999999999999));
#13078=CARTESIAN_POINT('',(0.134,0.01,-0.059));
#13079=CARTESIAN_POINT('',(0.234,0.01,-0.059));
#13080=CARTESIAN_POINT('',(0.166,0.01,-0.059));
#13081=CARTESIAN_POINT('',(0.166,0.234,-0.0589999999999999));
#13082=CARTESIAN_POINT('',(0.234,0.234,-0.059));
#13083=CARTESIAN_POINT('',(0.184,0.234,-0.0589999999999999));
#13084=CARTESIAN_POINT('',(0.184,0.01,-0.059));
#13085=CARTESIAN_POINT('',(0.234,0.234,-0.059));
#13086=CARTESIAN_POINT('',(-0.077999999999999,0.390000000000001,0.0969999999999995));
#13087=CARTESIAN_POINT('',(-0.228,0.24,-0.053));
#13088=CARTESIAN_POINT('',(0.234,0.24,-0.053));
#13089=CARTESIAN_POINT('',(-0.222,0.24,-0.053));
#13090=CARTESIAN_POINT('',(-0.065999999999999,0.083999999999999,-0.208999999999999));
#13091=CARTESIAN_POINT('',(0.234,0.234,-0.059));
#13092=CARTESIAN_POINT('',(-0.0446666666666657,0.373333333333334,0.0803333333333329));
#13093=CARTESIAN_POINT('',(-0.178,0.24,-0.053));
#13094=CARTESIAN_POINT('',(0.234,0.24,-0.053));
#13095=CARTESIAN_POINT('',(-0.172,0.24,-0.053));
#13096=CARTESIAN_POINT('',(-0.0326666666666668,0.100666666666666,-0.192333333333333));
#13097=CARTESIAN_POINT('',(0.234,0.234,-0.059));
#13098=CARTESIAN_POINT('',(-0.011333333333333,0.356666666666667,0.0636666666666662));
#13099=CARTESIAN_POINT('',(-0.128,0.24,-0.053));
#13100=CARTESIAN_POINT('',(0.234,0.24,-0.053));
#13101=CARTESIAN_POINT('',(-0.122,0.24,-0.053));
#13102=CARTESIAN_POINT('',(0.000666666666666566,0.117333333333333,-0.175666666666666));
#13103=CARTESIAN_POINT('',(0.234,0.234,-0.059));
#13104=CARTESIAN_POINT('',(0.0220000000000006,0.340000000000001,0.0469999999999997));
#13105=CARTESIAN_POINT('',(-0.078,0.24,-0.053));
#13106=CARTESIAN_POINT('',(0.234,0.24,-0.053));
#13107=CARTESIAN_POINT('',(-0.072,0.24,-0.053));
#13108=CARTESIAN_POINT('',(0.0339999999999997,0.134,-0.158999999999999));
#13109=CARTESIAN_POINT('',(0.234,0.234,-0.059));
#13110=CARTESIAN_POINT('',(0.0553333333333337,0.323333333333334,0.030333333333333));
#13111=CARTESIAN_POINT('',(-0.028,0.24,-0.053));
#13112=CARTESIAN_POINT('',(0.234,0.24,-0.053));
#13113=CARTESIAN_POINT('',(-0.022,0.24,-0.053));
#13114=CARTESIAN_POINT('',(0.0673333333333332,0.150666666666666,-0.142333333333333));
#13115=CARTESIAN_POINT('',(0.234,0.234,-0.059));
#13116=CARTESIAN_POINT('',(0.088666666666667,0.306666666666667,0.0136666666666664));
#13117=CARTESIAN_POINT('',(0.022,0.24,-0.053));
#13118=CARTESIAN_POINT('',(0.234,0.24,-0.053));
#13119=CARTESIAN_POINT('',(0.028,0.24,-0.053));
#13120=CARTESIAN_POINT('',(0.100666666666666,0.167333333333333,-0.125666666666666));
#13121=CARTESIAN_POINT('',(0.234,0.234,-0.059));
#13122=CARTESIAN_POINT('',(0.122,0.29,-0.00300000000000021));
#13123=CARTESIAN_POINT('',(0.072,0.24,-0.053));
#13124=CARTESIAN_POINT('',(0.234,0.24,-0.053));
#13125=CARTESIAN_POINT('',(0.078,0.24,-0.053));
#13126=CARTESIAN_POINT('',(0.134,0.184,-0.109));
#13127=CARTESIAN_POINT('',(0.234,0.234,-0.059));
#13128=CARTESIAN_POINT('',(0.155333333333334,0.273333333333334,-0.0196666666666668));
#13129=CARTESIAN_POINT('',(0.122,0.24,-0.053));
#13130=CARTESIAN_POINT('',(0.234,0.24,-0.053));
#13131=CARTESIAN_POINT('',(0.128,0.24,-0.053));
#13132=CARTESIAN_POINT('',(0.167333333333333,0.200666666666666,-0.0923333333333332));
#13133=CARTESIAN_POINT('',(0.234,0.234,-0.059));
#13134=CARTESIAN_POINT('',(0.188666666666667,0.256666666666667,-0.0363333333333334));
#13135=CARTESIAN_POINT('',(0.172,0.24,-0.053));
#13136=CARTESIAN_POINT('',(0.234,0.24,-0.053));
#13137=CARTESIAN_POINT('',(0.178,0.24,-0.053));
#13138=CARTESIAN_POINT('',(0.200666666666667,0.217333333333333,-0.0756666666666666));
#13139=CARTESIAN_POINT('',(0.234,0.24,-0.053));
#13140=CARTESIAN_POINT('',(-0.228,0.24,0.2));
#13141=CARTESIAN_POINT('',(-0.228,0.24,-0.047));
#13142=CARTESIAN_POINT('',(0.234,0.24,-0.047));
#13143=CARTESIAN_POINT('',(-0.222,0.24,-0.047));
#13144=CARTESIAN_POINT('',(-0.222,0.24,0.2));
#13145=CARTESIAN_POINT('',(0.234,0.24,-0.053));
#13146=CARTESIAN_POINT('',(-0.178,0.24,0.2));
#13147=CARTESIAN_POINT('',(-0.178,0.24,-0.047));
#13148=CARTESIAN_POINT('',(0.234,0.24,-0.047));
#13149=CARTESIAN_POINT('',(-0.172,0.24,-0.047));
#13150=CARTESIAN_POINT('',(-0.172,0.24,0.2));
#13151=CARTESIAN_POINT('',(0.234,0.24,-0.053));
#13152=CARTESIAN_POINT('',(-0.128,0.24,0.2));
#13153=CARTESIAN_POINT('',(-0.128,0.24,-0.047));
#13154=CARTESIAN_POINT('',(0.234,0.24,-0.047));
#13155=CARTESIAN_POINT('',(-0.122,0.24,-0.047));
#13156=CARTESIAN_POINT('',(-0.122,0.24,0.2));
#13157=CARTESIAN_POINT('',(0.234,0.24,-0.053));
#13158=CARTESIAN_POINT('',(-0.078,0.24,0.2));
#13159=CARTESIAN_POINT('',(-0.078,0.24,-0.047));
#13160=CARTESIAN_POINT('',(0.234,0.24,-0.047));
#13161=CARTESIAN_POINT('',(-0.072,0.24,-0.047));
#13162=CARTESIAN_POINT('',(-0.072,0.24,0.2));
#13163=CARTESIAN_POINT('',(0.234,0.24,-0.053));
#13164=CARTESIAN_POINT('',(-0.028,0.24,0.2));
#13165=CARTESIAN_POINT('',(-0.028,0.24,-0.047));
#13166=CARTESIAN_POINT('',(0.234,0.24,-0.047));
#13167=CARTESIAN_POINT('',(-0.022,0.24,-0.047));
#13168=CARTESIAN_POINT('',(-0.022,0.24,0.2));
#13169=CARTESIAN_POINT('',(0.234,0.24,-0.053));
#13170=CARTESIAN_POINT('',(0.022,0.24,0.2));
#13171=CARTESIAN_POINT('',(0.022,0.24,-0.047));
#13172=CARTESIAN_POINT('',(0.234,0.24,-0.047));
#13173=CARTESIAN_POINT('',(0.028,0.24,-0.047));
#13174=CARTESIAN_POINT('',(0.028,0.24,0.2));
#13175=CARTESIAN_POINT('',(0.234,0.24,-0.053));
#13176=CARTESIAN_POINT('',(0.072,0.24,0.2));
#13177=CARTESIAN_POINT('',(0.072,0.24,-0.047));
#13178=CARTESIAN_POINT('',(0.234,0.24,-0.047));
#13179=CARTESIAN_POINT('',(0.078,0.24,-0.047));
#13180=CARTESIAN_POINT('',(0.078,0.24,0.2));
#13181=CARTESIAN_POINT('',(0.234,0.24,-0.053));
#13182=CARTESIAN_POINT('',(0.122,0.24,0.2));
#13183=CARTESIAN_POINT('',(0.122,0.24,-0.047));
#13184=CARTESIAN_POINT('',(0.234,0.24,-0.047));
#13185=CARTESIAN_POINT('',(0.128,0.24,-0.047));
#13186=CARTESIAN_POINT('',(0.128,0.24,0.2));
#13187=CARTESIAN_POINT('',(0.234,0.24,-0.053));
#13188=CARTESIAN_POINT('',(0.172,0.24,0.2));
#13189=CARTESIAN_POINT('',(0.172,0.24,-0.047));
#13190=CARTESIAN_POINT('',(0.234,0.24,-0.047));
#13191=CARTESIAN_POINT('',(0.178,0.24,-0.0470000000000001));
#13192=CARTESIAN_POINT('',(0.178,0.24,0.2));
#13193=CARTESIAN_POINT('',(0.234,0.24,-0.047));
#13194=CARTESIAN_POINT('',(-0.0739999999999998,0.394,-0.201));
#13195=CARTESIAN_POINT('',(0.234,0.234,-0.041));
#13196=CARTESIAN_POINT('',(-0.216,0.234,-0.041));
#13197=CARTESIAN_POINT('',(-0.0699999999999997,0.0879999999999997,0.105));
#13198=CARTESIAN_POINT('',(0.234,0.24,-0.047));
#13199=CARTESIAN_POINT('',(-0.0406666666666663,0.377333333333334,-0.184333333333333));
#13200=CARTESIAN_POINT('',(-0.184,0.234,-0.041));
#13201=CARTESIAN_POINT('',(0.234,0.234,-0.041));
#13202=CARTESIAN_POINT('',(-0.166,0.234,-0.041));
#13203=CARTESIAN_POINT('',(-0.0366666666666675,0.104666666666667,0.0883333333333329));
#13204=CARTESIAN_POINT('',(0.234,0.24,-0.047));
#13205=CARTESIAN_POINT('',(-0.00733333333333356,0.360666666666667,-0.167666666666666));
#13206=CARTESIAN_POINT('',(-0.134,0.234,-0.041));
#13207=CARTESIAN_POINT('',(0.234,0.234,-0.041));
#13208=CARTESIAN_POINT('',(-0.116,0.234,-0.041));
#13209=CARTESIAN_POINT('',(-0.00333333333333403,0.121333333333333,0.0716666666666663));
#13210=CARTESIAN_POINT('',(0.234,0.24,-0.047));
#13211=CARTESIAN_POINT('',(0.0260000000000002,0.344,-0.151));
#13212=CARTESIAN_POINT('',(-0.084,0.234,-0.041));
#13213=CARTESIAN_POINT('',(0.234,0.234,-0.041));
#13214=CARTESIAN_POINT('',(-0.066,0.234,-0.041));
#13215=CARTESIAN_POINT('',(0.0299999999999992,0.138,0.0549999999999996));
#13216=CARTESIAN_POINT('',(0.234,0.24,-0.047));
#13217=CARTESIAN_POINT('',(0.0593333333333333,0.327333333333333,-0.134333333333333));
#13218=CARTESIAN_POINT('',(-0.034,0.234,-0.041));
#13219=CARTESIAN_POINT('',(0.234,0.234,-0.041));
#13220=CARTESIAN_POINT('',(-0.016,0.234,-0.041));
#13221=CARTESIAN_POINT('',(0.0633333333333327,0.154666666666667,0.0383333333333331));
#13222=CARTESIAN_POINT('',(0.234,0.24,-0.047));
#13223=CARTESIAN_POINT('',(0.0926666666666666,0.310666666666667,-0.117666666666667));
#13224=CARTESIAN_POINT('',(0.016,0.234,-0.041));
#13225=CARTESIAN_POINT('',(0.234,0.234,-0.041));
#13226=CARTESIAN_POINT('',(0.034,0.234,-0.041));
#13227=CARTESIAN_POINT('',(0.0966666666666661,0.171333333333333,0.0216666666666664));
#13228=CARTESIAN_POINT('',(0.234,0.24,-0.047));
#13229=CARTESIAN_POINT('',(0.126,0.294,-0.101));
#13230=CARTESIAN_POINT('',(0.066,0.234,-0.041));
#13231=CARTESIAN_POINT('',(0.234,0.234,-0.041));
#13232=CARTESIAN_POINT('',(0.084,0.234,-0.041));
#13233=CARTESIAN_POINT('',(0.13,0.188,0.00499999999999984));
#13234=CARTESIAN_POINT('',(0.234,0.24,-0.047));
#13235=CARTESIAN_POINT('',(0.159333333333333,0.277333333333333,-0.0843333333333333));
#13236=CARTESIAN_POINT('',(0.116,0.234,-0.041));
#13237=CARTESIAN_POINT('',(0.234,0.234,-0.041));
#13238=CARTESIAN_POINT('',(0.134,0.234,-0.041));
#13239=CARTESIAN_POINT('',(0.163333333333333,0.204666666666667,-0.0116666666666668));
#13240=CARTESIAN_POINT('',(0.234,0.24,-0.047));
#13241=CARTESIAN_POINT('',(0.192666666666667,0.260666666666667,-0.0676666666666667));
#13242=CARTESIAN_POINT('',(0.166,0.234,-0.041));
#13243=CARTESIAN_POINT('',(0.234,0.234,-0.041));
#13244=CARTESIAN_POINT('',(0.184,0.234,-0.041));
#13245=CARTESIAN_POINT('',(0.196666666666667,0.221333333333333,-0.0283333333333334));
#13246=CARTESIAN_POINT('',(0.234,0.234,-0.041));
#13247=CARTESIAN_POINT('',(-0.216,0.234,-0.041));
#13248=CARTESIAN_POINT('',(0.234,0.234,-0.041));
#13249=CARTESIAN_POINT('',(-0.184,0.234,-0.041));
#13250=CARTESIAN_POINT('',(-0.166,0.234,-0.041));
#13251=CARTESIAN_POINT('',(0.234,0.234,-0.041));
#13252=CARTESIAN_POINT('',(-0.134,0.234,-0.041));
#13253=CARTESIAN_POINT('',(-0.116,0.234,-0.041));
#13254=CARTESIAN_POINT('',(0.234,0.234,-0.041));
#13255=CARTESIAN_POINT('',(-0.084,0.234,-0.041));
#13256=CARTESIAN_POINT('',(-0.066,0.234,-0.041));
#13257=CARTESIAN_POINT('',(0.234,0.234,-0.041));
#13258=CARTESIAN_POINT('',(-0.034,0.234,-0.041));
#13259=CARTESIAN_POINT('',(-0.016,0.234,-0.041));
#13260=CARTESIAN_POINT('',(0.234,0.234,-0.041));
#13261=CARTESIAN_POINT('',(0.016,0.234,-0.041));
#13262=CARTESIAN_POINT('',(0.034,0.234,-0.041));
#13263=CARTESIAN_POINT('',(0.234,0.234,-0.041));
#13264=CARTESIAN_POINT('',(0.066,0.234,-0.041));
#13265=CARTESIAN_POINT('',(0.084,0.234,-0.041));
#13266=CARTESIAN_POINT('',(0.234,0.234,-0.041));
#13267=CARTESIAN_POINT('',(0.116,0.234,-0.041));
#13268=CARTESIAN_POINT('',(0.134,0.234,-0.041));
#13269=CARTESIAN_POINT('',(0.234,0.234,-0.041));
#13270=CARTESIAN_POINT('',(0.166,0.234,-0.041));
#13271=CARTESIAN_POINT('',(0.184,0.234,-0.041));
#13272=CARTESIAN_POINT('',(0.234,0.01,0.040999999999998));
#13273=CARTESIAN_POINT('',(0.234,0.234,0.040999999999998));
#13274=CARTESIAN_POINT('',(-0.216,0.234,0.040999999999998));
#13275=CARTESIAN_POINT('',(-0.216,0.01,0.040999999999998));
#13276=CARTESIAN_POINT('',(0.234,0.01,0.040999999999998));
#13277=CARTESIAN_POINT('',(-0.184,0.01,0.040999999999998));
#13278=CARTESIAN_POINT('',(-0.184,0.234,0.0409999999999981));
#13279=CARTESIAN_POINT('',(0.234,0.234,0.040999999999998));
#13280=CARTESIAN_POINT('',(-0.166,0.234,0.0409999999999981));
#13281=CARTESIAN_POINT('',(-0.166,0.01,0.040999999999998));
#13282=CARTESIAN_POINT('',(0.234,0.01,0.040999999999998));
#13283=CARTESIAN_POINT('',(-0.134,0.01,0.040999999999998));
#13284=CARTESIAN_POINT('',(-0.134,0.234,0.0409999999999981));
#13285=CARTESIAN_POINT('',(0.234,0.234,0.040999999999998));
#13286=CARTESIAN_POINT('',(-0.116,0.234,0.040999999999998));
#13287=CARTESIAN_POINT('',(-0.116,0.01,0.040999999999998));
#13288=CARTESIAN_POINT('',(0.234,0.01,0.040999999999998));
#13289=CARTESIAN_POINT('',(-0.084,0.01,0.040999999999998));
#13290=CARTESIAN_POINT('',(-0.084,0.234,0.0409999999999981));
#13291=CARTESIAN_POINT('',(0.234,0.234,0.040999999999998));
#13292=CARTESIAN_POINT('',(-0.066,0.234,0.0409999999999981));
#13293=CARTESIAN_POINT('',(-0.066,0.01,0.040999999999998));
#13294=CARTESIAN_POINT('',(0.234,0.01,0.040999999999998));
#13295=CARTESIAN_POINT('',(-0.034,0.01,0.040999999999998));
#13296=CARTESIAN_POINT('',(-0.034,0.234,0.040999999999998));
#13297=CARTESIAN_POINT('',(0.234,0.234,0.040999999999998));
#13298=CARTESIAN_POINT('',(-0.016,0.234,0.040999999999998));
#13299=CARTESIAN_POINT('',(-0.016,0.01,0.040999999999998));
#13300=CARTESIAN_POINT('',(0.234,0.01,0.040999999999998));
#13301=CARTESIAN_POINT('',(0.016,0.01,0.040999999999998));
#13302=CARTESIAN_POINT('',(0.016,0.234,0.0409999999999981));
#13303=CARTESIAN_POINT('',(0.234,0.234,0.040999999999998));
#13304=CARTESIAN_POINT('',(0.034,0.234,0.040999999999998));
#13305=CARTESIAN_POINT('',(0.034,0.01,0.040999999999998));
#13306=CARTESIAN_POINT('',(0.234,0.01,0.040999999999998));
#13307=CARTESIAN_POINT('',(0.066,0.01,0.040999999999998));
#13308=CARTESIAN_POINT('',(0.066,0.234,0.0409999999999981));
#13309=CARTESIAN_POINT('',(0.234,0.234,0.040999999999998));
#13310=CARTESIAN_POINT('',(0.0839999999999999,0.234,0.040999999999998));
#13311=CARTESIAN_POINT('',(0.084,0.01,0.040999999999998));
#13312=CARTESIAN_POINT('',(0.234,0.01,0.040999999999998));
#13313=CARTESIAN_POINT('',(0.166,0.01,0.040999999999998));
#13314=CARTESIAN_POINT('',(0.166,0.234,0.0409999999999981));
#13315=CARTESIAN_POINT('',(0.234,0.234,0.040999999999998));
#13316=CARTESIAN_POINT('',(0.184,0.234,0.040999999999998));
#13317=CARTESIAN_POINT('',(0.184,0.01,0.040999999999998));
#13318=CARTESIAN_POINT('',(0.234,0.234,0.040999999999998));
#13319=CARTESIAN_POINT('',(-0.077999999999999,0.390000000000001,0.196999999999998));
#13320=CARTESIAN_POINT('',(-0.228,0.24,0.046999999999998));
#13321=CARTESIAN_POINT('',(0.234,0.24,0.046999999999998));
#13322=CARTESIAN_POINT('',(-0.222,0.24,0.046999999999998));
#13323=CARTESIAN_POINT('',(-0.065999999999999,0.083999999999999,-0.109000000000001));
#13324=CARTESIAN_POINT('',(0.234,0.234,0.040999999999998));
#13325=CARTESIAN_POINT('',(-0.0446666666666657,0.373333333333334,0.180333333333331));
#13326=CARTESIAN_POINT('',(-0.178,0.24,0.046999999999998));
#13327=CARTESIAN_POINT('',(0.234,0.24,0.046999999999998));
#13328=CARTESIAN_POINT('',(-0.172,0.24,0.046999999999998));
#13329=CARTESIAN_POINT('',(-0.0326666666666668,0.100666666666666,-0.0923333333333346));
#13330=CARTESIAN_POINT('',(0.234,0.234,0.040999999999998));
#13331=CARTESIAN_POINT('',(-0.011333333333333,0.356666666666667,0.163666666666664));
#13332=CARTESIAN_POINT('',(-0.128,0.24,0.046999999999998));
#13333=CARTESIAN_POINT('',(0.234,0.24,0.046999999999998));
#13334=CARTESIAN_POINT('',(-0.122,0.24,0.046999999999998));
#13335=CARTESIAN_POINT('',(0.000666666666666566,0.117333333333333,-0.075666666666668));
#13336=CARTESIAN_POINT('',(0.234,0.234,0.040999999999998));
#13337=CARTESIAN_POINT('',(0.0220000000000006,0.340000000000001,0.146999999999998));
#13338=CARTESIAN_POINT('',(-0.078,0.24,0.046999999999998));
#13339=CARTESIAN_POINT('',(0.234,0.24,0.046999999999998));
#13340=CARTESIAN_POINT('',(-0.072,0.24,0.046999999999998));
#13341=CARTESIAN_POINT('',(0.0339999999999997,0.134,-0.0590000000000014));
#13342=CARTESIAN_POINT('',(0.234,0.234,0.040999999999998));
#13343=CARTESIAN_POINT('',(0.0553333333333337,0.323333333333334,0.130333333333331));
#13344=CARTESIAN_POINT('',(-0.028,0.24,0.046999999999998));
#13345=CARTESIAN_POINT('',(0.234,0.24,0.046999999999998));
#13346=CARTESIAN_POINT('',(-0.022,0.24,0.046999999999998));
#13347=CARTESIAN_POINT('',(0.0673333333333332,0.150666666666666,-0.0423333333333348));
#13348=CARTESIAN_POINT('',(0.234,0.234,0.040999999999998));
#13349=CARTESIAN_POINT('',(0.088666666666667,0.306666666666667,0.113666666666664));
#13350=CARTESIAN_POINT('',(0.022,0.24,0.046999999999998));
#13351=CARTESIAN_POINT('',(0.234,0.24,0.046999999999998));
#13352=CARTESIAN_POINT('',(0.028,0.24,0.046999999999998));
#13353=CARTESIAN_POINT('',(0.100666666666666,0.167333333333333,-0.0256666666666683));
#13354=CARTESIAN_POINT('',(0.234,0.234,0.040999999999998));
#13355=CARTESIAN_POINT('',(0.122,0.29,0.0969999999999978));
#13356=CARTESIAN_POINT('',(0.072,0.24,0.046999999999998));
#13357=CARTESIAN_POINT('',(0.234,0.24,0.046999999999998));
#13358=CARTESIAN_POINT('',(0.078,0.24,0.046999999999998));
#13359=CARTESIAN_POINT('',(0.134,0.184,-0.00900000000000173));
#13360=CARTESIAN_POINT('',(0.234,0.234,0.040999999999998));
#13361=CARTESIAN_POINT('',(0.188666666666667,0.256666666666667,0.0636666666666646));
#13362=CARTESIAN_POINT('',(0.172,0.24,0.046999999999998));
#13363=CARTESIAN_POINT('',(0.234,0.24,0.046999999999998));
#13364=CARTESIAN_POINT('',(0.178,0.24,0.046999999999998));
#13365=CARTESIAN_POINT('',(0.200666666666667,0.217333333333333,0.0243333333333314));
#13366=CARTESIAN_POINT('',(0.234,0.24,0.046999999999998));
#13367=CARTESIAN_POINT('',(-0.228,0.24,0.2));
#13368=CARTESIAN_POINT('',(-0.228,0.24,0.052999999999998));
#13369=CARTESIAN_POINT('',(0.234,0.24,0.052999999999998));
#13370=CARTESIAN_POINT('',(-0.222,0.24,0.052999999999998));
#13371=CARTESIAN_POINT('',(-0.222,0.24,0.2));
#13372=CARTESIAN_POINT('',(0.234,0.24,0.046999999999998));
#13373=CARTESIAN_POINT('',(-0.178,0.24,0.2));
#13374=CARTESIAN_POINT('',(-0.178,0.24,0.052999999999998));
#13375=CARTESIAN_POINT('',(0.234,0.24,0.052999999999998));
#13376=CARTESIAN_POINT('',(-0.172,0.24,0.052999999999998));
#13377=CARTESIAN_POINT('',(-0.172,0.24,0.2));
#13378=CARTESIAN_POINT('',(0.234,0.24,0.046999999999998));
#13379=CARTESIAN_POINT('',(-0.128,0.24,0.2));
#13380=CARTESIAN_POINT('',(-0.128,0.24,0.052999999999998));
#13381=CARTESIAN_POINT('',(0.234,0.24,0.052999999999998));
#13382=CARTESIAN_POINT('',(-0.122,0.24,0.052999999999998));
#13383=CARTESIAN_POINT('',(-0.122,0.24,0.2));
#13384=CARTESIAN_POINT('',(0.234,0.24,0.046999999999998));
#13385=CARTESIAN_POINT('',(-0.078,0.24,0.2));
#13386=CARTESIAN_POINT('',(-0.078,0.24,0.052999999999998));
#13387=CARTESIAN_POINT('',(0.234,0.24,0.052999999999998));
#13388=CARTESIAN_POINT('',(-0.072,0.24,0.052999999999998));
#13389=CARTESIAN_POINT('',(-0.072,0.24,0.2));
#13390=CARTESIAN_POINT('',(0.234,0.24,0.046999999999998));
#13391=CARTESIAN_POINT('',(-0.028,0.24,0.2));
#13392=CARTESIAN_POINT('',(-0.028,0.24,0.052999999999998));
#13393=CARTESIAN_POINT('',(0.234,0.24,0.052999999999998));
#13394=CARTESIAN_POINT('',(-0.022,0.24,0.052999999999998));
#13395=CARTESIAN_POINT('',(-0.022,0.24,0.2));
#13396=CARTESIAN_POINT('',(0.234,0.24,0.046999999999998));
#13397=CARTESIAN_POINT('',(0.022,0.24,0.2));
#13398=CARTESIAN_POINT('',(0.022,0.24,0.052999999999998));
#13399=CARTESIAN_POINT('',(0.234,0.24,0.052999999999998));
#13400=CARTESIAN_POINT('',(0.028,0.24,0.052999999999998));
#13401=CARTESIAN_POINT('',(0.028,0.24,0.2));
#13402=CARTESIAN_POINT('',(0.234,0.24,0.046999999999998));
#13403=CARTESIAN_POINT('',(0.072,0.24,0.2));
#13404=CARTESIAN_POINT('',(0.072,0.24,0.052999999999998));
#13405=CARTESIAN_POINT('',(0.234,0.24,0.052999999999998));
#13406=CARTESIAN_POINT('',(0.078,0.24,0.052999999999998));
#13407=CARTESIAN_POINT('',(0.078,0.24,0.2));
#13408=CARTESIAN_POINT('',(0.234,0.24,0.046999999999998));
#13409=CARTESIAN_POINT('',(0.172,0.24,0.2));
#13410=CARTESIAN_POINT('',(0.172,0.24,0.052999999999998));
#13411=CARTESIAN_POINT('',(0.234,0.24,0.052999999999998));
#13412=CARTESIAN_POINT('',(0.178,0.24,0.052999999999998));
#13413=CARTESIAN_POINT('',(0.178,0.24,0.2));
#13414=CARTESIAN_POINT('',(0.234,0.24,0.052999999999998));
#13415=CARTESIAN_POINT('',(-0.0739999999999999,0.394,-0.101000000000002));
#13416=CARTESIAN_POINT('',(0.234,0.234,0.058999999999998));
#13417=CARTESIAN_POINT('',(-0.216,0.234,0.058999999999998));
#13418=CARTESIAN_POINT('',(-0.0699999999999999,0.0879999999999999,0.204999999999998));
#13419=CARTESIAN_POINT('',(0.234,0.24,0.052999999999998));
#13420=CARTESIAN_POINT('',(-0.0406666666666665,0.377333333333333,-0.0843333333333352));
#13421=CARTESIAN_POINT('',(-0.184,0.234,0.058999999999998));
#13422=CARTESIAN_POINT('',(0.234,0.234,0.058999999999998));
#13423=CARTESIAN_POINT('',(-0.166,0.234,0.058999999999998));
#13424=CARTESIAN_POINT('',(-0.0366666666666676,0.104666666666667,0.188333333333331));
#13425=CARTESIAN_POINT('',(0.234,0.24,0.052999999999998));
#13426=CARTESIAN_POINT('',(-0.00733333333333366,0.360666666666667,-0.0676666666666685));
#13427=CARTESIAN_POINT('',(-0.134,0.234,0.058999999999998));
#13428=CARTESIAN_POINT('',(0.234,0.234,0.058999999999998));
#13429=CARTESIAN_POINT('',(-0.116,0.234,0.058999999999998));
#13430=CARTESIAN_POINT('',(-0.00333333333333413,0.121333333333333,0.171666666666664));
#13431=CARTESIAN_POINT('',(0.234,0.24,0.052999999999998));
#13432=CARTESIAN_POINT('',(0.0260000000000001,0.344,-0.0510000000000019));
#13433=CARTESIAN_POINT('',(-0.084,0.234,0.058999999999998));
#13434=CARTESIAN_POINT('',(0.234,0.234,0.058999999999998));
#13435=CARTESIAN_POINT('',(-0.066,0.234,0.058999999999998));
#13436=CARTESIAN_POINT('',(0.0299999999999991,0.138,0.154999999999998));
#13437=CARTESIAN_POINT('',(0.234,0.24,0.052999999999998));
#13438=CARTESIAN_POINT('',(0.0593333333333332,0.327333333333333,-0.0343333333333352));
#13439=CARTESIAN_POINT('',(-0.034,0.234,0.058999999999998));
#13440=CARTESIAN_POINT('',(0.234,0.234,0.058999999999998));
#13441=CARTESIAN_POINT('',(-0.016,0.234,0.058999999999998));
#13442=CARTESIAN_POINT('',(0.0633333333333327,0.154666666666667,0.138333333333331));
#13443=CARTESIAN_POINT('',(0.234,0.24,0.052999999999998));
#13444=CARTESIAN_POINT('',(0.0926666666666666,0.310666666666667,-0.0176666666666686));
#13445=CARTESIAN_POINT('',(0.016,0.234,0.058999999999998));
#13446=CARTESIAN_POINT('',(0.234,0.234,0.058999999999998));
#13447=CARTESIAN_POINT('',(0.034,0.234,0.058999999999998));
#13448=CARTESIAN_POINT('',(0.0966666666666661,0.171333333333333,0.121666666666664));
#13449=CARTESIAN_POINT('',(0.234,0.24,0.052999999999998));
#13450=CARTESIAN_POINT('',(0.126,0.294,-0.00100000000000196));
#13451=CARTESIAN_POINT('',(0.066,0.234,0.058999999999998));
#13452=CARTESIAN_POINT('',(0.234,0.234,0.058999999999998));
#13453=CARTESIAN_POINT('',(0.084,0.234,0.058999999999998));
#13454=CARTESIAN_POINT('',(0.13,0.188,0.104999999999998));
#13455=CARTESIAN_POINT('',(0.234,0.24,0.052999999999998));
#13456=CARTESIAN_POINT('',(0.192666666666667,0.260666666666667,0.0323333333333313));
#13457=CARTESIAN_POINT('',(0.166,0.234,0.058999999999998));
#13458=CARTESIAN_POINT('',(0.234,0.234,0.058999999999998));
#13459=CARTESIAN_POINT('',(0.184,0.234,0.058999999999998));
#13460=CARTESIAN_POINT('',(0.196666666666667,0.221333333333333,0.0716666666666646));
#13461=CARTESIAN_POINT('',(0.234,0.234,0.058999999999998));
#13462=CARTESIAN_POINT('',(-0.216,0.234,0.058999999999998));
#13463=CARTESIAN_POINT('',(0.234,0.234,0.058999999999998));
#13464=CARTESIAN_POINT('',(-0.184,0.234,0.058999999999998));
#13465=CARTESIAN_POINT('',(-0.166,0.234,0.058999999999998));
#13466=CARTESIAN_POINT('',(0.234,0.234,0.058999999999998));
#13467=CARTESIAN_POINT('',(-0.134,0.234,0.058999999999998));
#13468=CARTESIAN_POINT('',(-0.116,0.234,0.058999999999998));
#13469=CARTESIAN_POINT('',(0.234,0.234,0.058999999999998));
#13470=CARTESIAN_POINT('',(-0.084,0.234,0.058999999999998));
#13471=CARTESIAN_POINT('',(-0.066,0.234,0.058999999999998));
#13472=CARTESIAN_POINT('',(0.234,0.234,0.058999999999998));
#13473=CARTESIAN_POINT('',(-0.034,0.234,0.058999999999998));
#13474=CARTESIAN_POINT('',(-0.016,0.234,0.058999999999998));
#13475=CARTESIAN_POINT('',(0.234,0.234,0.058999999999998));
#13476=CARTESIAN_POINT('',(0.016,0.234,0.058999999999998));
#13477=CARTESIAN_POINT('',(0.034,0.234,0.058999999999998));
#13478=CARTESIAN_POINT('',(0.234,0.234,0.058999999999998));
#13479=CARTESIAN_POINT('',(0.066,0.234,0.058999999999998));
#13480=CARTESIAN_POINT('',(0.084,0.234,0.058999999999998));
#13481=CARTESIAN_POINT('',(0.234,0.234,0.058999999999998));
#13482=CARTESIAN_POINT('',(0.166,0.234,0.058999999999998));
#13483=CARTESIAN_POINT('',(0.184,0.234,0.058999999999998));
#13484=CARTESIAN_POINT('',(0.234,0.01,-0.059));
#13485=CARTESIAN_POINT('',(0.216,0.01,-0.059));
#13486=CARTESIAN_POINT('',(0.216,0.234,-0.0589999999999999));
#13487=CARTESIAN_POINT('',(0.234,0.234,-0.059));
#13488=CARTESIAN_POINT('',(0.234,0.234,-0.059));
#13489=CARTESIAN_POINT('',(0.222,0.24,-0.053));
#13490=CARTESIAN_POINT('',(0.222,0.24,-0.053));
#13491=CARTESIAN_POINT('',(0.234,0.24,-0.053));
#13492=CARTESIAN_POINT('',(0.228,0.24,-0.053));
#13493=CARTESIAN_POINT('',(0.234,0.234,-0.059));
#13494=CARTESIAN_POINT('',(0.234,0.24,-0.053));
#13495=CARTESIAN_POINT('',(0.222,0.24,0.2));
#13496=CARTESIAN_POINT('',(0.222,0.24,-0.047));
#13497=CARTESIAN_POINT('',(0.234,0.24,-0.047));
#13498=CARTESIAN_POINT('',(0.228,0.24,-0.047));
#13499=CARTESIAN_POINT('',(0.228,0.24,0.2));
#13500=CARTESIAN_POINT('',(0.234,0.24,-0.047));
#13501=CARTESIAN_POINT('',(0.226,0.244,-0.051));
#13502=CARTESIAN_POINT('',(0.216,0.234,-0.041));
#13503=CARTESIAN_POINT('',(0.234,0.234,-0.041));
#13504=CARTESIAN_POINT('',(0.23,0.238,-0.045));
#13505=CARTESIAN_POINT('',(0.234,0.234,-0.041));
#13506=CARTESIAN_POINT('',(0.216,0.234,-0.041));
#13507=CARTESIAN_POINT('',(0.234,0.01,0.040999999999998));
#13508=CARTESIAN_POINT('',(0.216,0.01,0.040999999999998));
#13509=CARTESIAN_POINT('',(0.216,0.234,0.0409999999999981));
#13510=CARTESIAN_POINT('',(0.234,0.234,0.040999999999998));
#13511=CARTESIAN_POINT('',(0.234,0.234,0.040999999999998));
#13512=CARTESIAN_POINT('',(0.222,0.24,0.046999999999998));
#13513=CARTESIAN_POINT('',(0.222,0.24,0.046999999999998));
#13514=CARTESIAN_POINT('',(0.234,0.24,0.046999999999998));
#13515=CARTESIAN_POINT('',(0.228,0.24,0.046999999999998));
#13516=CARTESIAN_POINT('',(0.234,0.234,0.040999999999998));
#13517=CARTESIAN_POINT('',(0.234,0.24,0.046999999999998));
#13518=CARTESIAN_POINT('',(0.222,0.24,0.2));
#13519=CARTESIAN_POINT('',(0.222,0.24,0.052999999999998));
#13520=CARTESIAN_POINT('',(0.234,0.24,0.052999999999998));
#13521=CARTESIAN_POINT('',(0.228,0.24,0.052999999999998));
#13522=CARTESIAN_POINT('',(0.228,0.24,0.2));
#13523=CARTESIAN_POINT('',(0.234,0.24,0.052999999999998));
#13524=CARTESIAN_POINT('',(0.226,0.244,0.048999999999998));
#13525=CARTESIAN_POINT('',(0.216,0.234,0.058999999999998));
#13526=CARTESIAN_POINT('',(0.234,0.234,0.058999999999998));
#13527=CARTESIAN_POINT('',(0.23,0.238,0.054999999999998));
#13528=CARTESIAN_POINT('',(0.234,0.234,0.058999999999998));
#13529=CARTESIAN_POINT('',(0.216,0.234,0.058999999999998));
#13530=CARTESIAN_POINT('',(-0.228,0.24,0.2));
#13531=CARTESIAN_POINT('',(-0.228,0.24,0.2));
#13532=CARTESIAN_POINT('',(0.234,0.234,0.2));
#13533=CARTESIAN_POINT('',(0.234,0.234,0.2));
#13534=CARTESIAN_POINT('',(0.216,0.234,0.2));
#13535=CARTESIAN_POINT('',(0.216,0.234,0.2));
#13536=CARTESIAN_POINT('',(0.184,0.01,0.2));
#13537=CARTESIAN_POINT('',(0.184,0.234,0.2));
#13538=CARTESIAN_POINT('',(0.222,0.24,0.2));
#13539=CARTESIAN_POINT('',(0.184,0.234,0.2));
#13540=CARTESIAN_POINT('',(0.166,0.234,0.2));
#13541=CARTESIAN_POINT('',(0.166,0.234,0.2));
#13542=CARTESIAN_POINT('',(0.172,0.24,0.2));
#13543=CARTESIAN_POINT('',(0.084,0.01,0.2));
#13544=CARTESIAN_POINT('',(0.084,0.234,0.2));
#13545=CARTESIAN_POINT('',(0.084,0.234,0.2));
#13546=CARTESIAN_POINT('',(0.066,0.234,0.2));
#13547=CARTESIAN_POINT('',(0.066,0.234,0.2));
#13548=CARTESIAN_POINT('',(0.034,0.01,0.2));
#13549=CARTESIAN_POINT('',(0.034,0.234,0.2));
#13550=CARTESIAN_POINT('',(0.072,0.24,0.2));
#13551=CARTESIAN_POINT('',(0.034,0.234,0.2));
#13552=CARTESIAN_POINT('',(0.016,0.234,0.2));
#13553=CARTESIAN_POINT('',(0.016,0.234,0.2));
#13554=CARTESIAN_POINT('',(-0.016,0.01,0.2));
#13555=CARTESIAN_POINT('',(-0.016,0.234,0.2));
#13556=CARTESIAN_POINT('',(0.022,0.24,0.2));
#13557=CARTESIAN_POINT('',(-0.016,0.234,0.2));
#13558=CARTESIAN_POINT('',(-0.034,0.234,0.2));
#13559=CARTESIAN_POINT('',(-0.034,0.234,0.2));
#13560=CARTESIAN_POINT('',(-0.066,0.01,0.2));
#13561=CARTESIAN_POINT('',(-0.066,0.234,0.2));
#13562=CARTESIAN_POINT('',(-0.028,0.24,0.2));
#13563=CARTESIAN_POINT('',(-0.066,0.234,0.2));
#13564=CARTESIAN_POINT('',(-0.084,0.234,0.2));
#13565=CARTESIAN_POINT('',(-0.084,0.234,0.2));
#13566=CARTESIAN_POINT('',(-0.116,0.01,0.2));
#13567=CARTESIAN_POINT('',(-0.116,0.234,0.2));
#13568=CARTESIAN_POINT('',(-0.078,0.24,0.2));
#13569=CARTESIAN_POINT('',(-0.116,0.234,0.2));
#13570=CARTESIAN_POINT('',(-0.134,0.234,0.2));
#13571=CARTESIAN_POINT('',(-0.134,0.234,0.2));
#13572=CARTESIAN_POINT('',(-0.166,0.01,0.2));
#13573=CARTESIAN_POINT('',(-0.166,0.234,0.2));
#13574=CARTESIAN_POINT('',(-0.128,0.24,0.2));
#13575=CARTESIAN_POINT('',(-0.166,0.234,0.2));
#13576=CARTESIAN_POINT('',(-0.184,0.234,0.2));
#13577=CARTESIAN_POINT('',(-0.184,0.234,0.2));
#13578=CARTESIAN_POINT('',(-0.216,0.01,0.2));
#13579=CARTESIAN_POINT('',(-0.216,0.234,0.2));
#13580=CARTESIAN_POINT('',(-0.178,0.24,0.2));
#13581=CARTESIAN_POINT('',(-0.216,0.234,0.2));
#13582=CARTESIAN_POINT('',(0.216,0.234,0.2));
#13583=CARTESIAN_POINT('',(0.216,0.234,0.2));
#13584=CARTESIAN_POINT('',(0.184,0.01,0.2));
#13585=CARTESIAN_POINT('',(0.184,0.234,0.2));
#13586=CARTESIAN_POINT('',(0.222,0.24,0.2));
#13587=CARTESIAN_POINT('',(0.184,0.234,0.2));
#13588=CARTESIAN_POINT('',(0.166,0.234,0.2));
#13589=CARTESIAN_POINT('',(0.166,0.234,0.2));
#13590=CARTESIAN_POINT('',(0.134,0.01,0.2));
#13591=CARTESIAN_POINT('',(0.134,0.234,0.2));
#13592=CARTESIAN_POINT('',(0.172,0.24,0.2));
#13593=CARTESIAN_POINT('',(0.134,0.234,0.2));
#13594=CARTESIAN_POINT('',(0.116,0.234,0.2));
#13595=CARTESIAN_POINT('',(0.116,0.234,0.2));
#13596=CARTESIAN_POINT('',(0.084,0.01,0.2));
#13597=CARTESIAN_POINT('',(0.084,0.234,0.2));
#13598=CARTESIAN_POINT('',(0.122,0.24,0.2));
#13599=CARTESIAN_POINT('',(0.084,0.234,0.2));
#13600=CARTESIAN_POINT('',(0.066,0.234,0.2));
#13601=CARTESIAN_POINT('',(0.066,0.234,0.2));
#13602=CARTESIAN_POINT('',(0.034,0.01,0.2));
#13603=CARTESIAN_POINT('',(0.034,0.234,0.2));
#13604=CARTESIAN_POINT('',(0.072,0.24,0.2));
#13605=CARTESIAN_POINT('',(0.034,0.234,0.2));
#13606=CARTESIAN_POINT('',(0.016,0.234,0.2));
#13607=CARTESIAN_POINT('',(0.016,0.234,0.2));
#13608=CARTESIAN_POINT('',(-0.016,0.01,0.2));
#13609=CARTESIAN_POINT('',(-0.016,0.234,0.2));
#13610=CARTESIAN_POINT('',(0.022,0.24,0.2));
#13611=CARTESIAN_POINT('',(-0.016,0.234,0.2));
#13612=CARTESIAN_POINT('',(-0.034,0.234,0.2));
#13613=CARTESIAN_POINT('',(-0.034,0.234,0.2));
#13614=CARTESIAN_POINT('',(-0.066,0.01,0.2));
#13615=CARTESIAN_POINT('',(-0.066,0.234,0.2));
#13616=CARTESIAN_POINT('',(-0.028,0.24,0.2));
#13617=CARTESIAN_POINT('',(-0.066,0.234,0.2));
#13618=CARTESIAN_POINT('',(-0.084,0.234,0.2));
#13619=CARTESIAN_POINT('',(-0.084,0.234,0.2));
#13620=CARTESIAN_POINT('',(-0.116,0.01,0.2));
#13621=CARTESIAN_POINT('',(-0.116,0.234,0.2));
#13622=CARTESIAN_POINT('',(-0.078,0.24,0.2));
#13623=CARTESIAN_POINT('',(-0.116,0.234,0.2));
#13624=CARTESIAN_POINT('',(-0.134,0.234,0.2));
#13625=CARTESIAN_POINT('',(-0.134,0.234,0.2));
#13626=CARTESIAN_POINT('',(-0.166,0.01,0.2));
#13627=CARTESIAN_POINT('',(-0.166,0.234,0.2));
#13628=CARTESIAN_POINT('',(-0.128,0.24,0.2));
#13629=CARTESIAN_POINT('',(-0.166,0.234,0.2));
#13630=CARTESIAN_POINT('',(-0.184,0.234,0.2));
#13631=CARTESIAN_POINT('',(-0.184,0.234,0.2));
#13632=CARTESIAN_POINT('',(-0.216,0.01,0.2));
#13633=CARTESIAN_POINT('',(-0.216,0.234,0.2));
#13634=CARTESIAN_POINT('',(-0.178,0.24,0.2));
#13635=CARTESIAN_POINT('',(-0.216,0.234,0.2));
#13636=CARTESIAN_POINT('',(0.468,0.,-10.));
#13637=CARTESIAN_POINT('',(0.,0.,0.));
#13638=MECHANICAL_DESIGN_GEOMETRIC_PRESENTATION_REPRESENTATION('',(#8527,
#8528,#8529),#13639);
#13639=(
GEOMETRIC_REPRESENTATION_CONTEXT(3)
GLOBAL_UNCERTAINTY_ASSIGNED_CONTEXT((#13643))
GLOBAL_UNIT_ASSIGNED_CONTEXT((#13649,#13648,#13647))
REPRESENTATION_CONTEXT('FTR-110-51-L-D-06','TOP_LEVEL_ASSEMBLY_PART')
);
#13640=(
GEOMETRIC_REPRESENTATION_CONTEXT(3)
GLOBAL_UNCERTAINTY_ASSIGNED_CONTEXT((#13644))
GLOBAL_UNIT_ASSIGNED_CONTEXT((#13649,#13648,#13647))
REPRESENTATION_CONTEXT('FTR-110-51-L-D-006_body','COMPONENT_PART')
);
#13641=(
GEOMETRIC_REPRESENTATION_CONTEXT(3)
GLOBAL_UNCERTAINTY_ASSIGNED_CONTEXT((#13645))
GLOBAL_UNIT_ASSIGNED_CONTEXT((#13649,#13648,#13647))
REPRESENTATION_CONTEXT('FTR-110-51-L-D-006_pins','COMPONENT_PART')
);
#13642=(
GEOMETRIC_REPRESENTATION_CONTEXT(3)
GLOBAL_UNCERTAINTY_ASSIGNED_CONTEXT((#13646))
GLOBAL_UNIT_ASSIGNED_CONTEXT((#13649,#13648,#13647))
REPRESENTATION_CONTEXT('FTR-110-51-L-D-0062PNS','COMPONENT_PART')
);
#13643=UNCERTAINTY_MEASURE_WITH_UNIT(LENGTH_MEASURE(0.000196850393700787),
#13649,'DISTANCE_ACCURACY_VALUE','Maximum Tolerance applied to model');
#13644=UNCERTAINTY_MEASURE_WITH_UNIT(LENGTH_MEASURE(0.000196850393700787),
#13649,'DISTANCE_ACCURACY_VALUE','Maximum Tolerance applied to model');
#13645=UNCERTAINTY_MEASURE_WITH_UNIT(LENGTH_MEASURE(0.000196850393700787),
#13649,'DISTANCE_ACCURACY_VALUE','Maximum Tolerance applied to model');
#13646=UNCERTAINTY_MEASURE_WITH_UNIT(LENGTH_MEASURE(0.000196850393700787),
#13649,'DISTANCE_ACCURACY_VALUE','Maximum Tolerance applied to model');
#13647=(
NAMED_UNIT(*)
SI_UNIT($,.STERADIAN.)
SOLID_ANGLE_UNIT()
);
#13648=(
NAMED_UNIT(*)
PLANE_ANGLE_UNIT()
SI_UNIT($,.RADIAN.)
);
#13649=(
CONVERSION_BASED_UNIT('INCH',#13651)
LENGTH_UNIT()
NAMED_UNIT(#13650)
);
#13650=DIMENSIONAL_EXPONENTS(1.,0.,0.,0.,0.,0.,0.);
#13651=LENGTH_MEASURE_WITH_UNIT(LENGTH_MEASURE(25.4),#13652);
#13652=(
LENGTH_UNIT()
NAMED_UNIT(*)
SI_UNIT(.MILLI.,.METRE.)
);
#13653=PRODUCT_DEFINITION_SHAPE('','',#13660);
#13654=PRODUCT_DEFINITION_SHAPE('','',#13661);
#13655=PRODUCT_DEFINITION_SHAPE(' ','NAUO PRDDFN',#135);
#13656=PRODUCT_DEFINITION_SHAPE('','',#13662);
#13657=PRODUCT_DEFINITION_SHAPE(' ','NAUO PRDDFN',#136);
#13658=PRODUCT_DEFINITION_SHAPE('','',#13663);
#13659=PRODUCT_DEFINITION_SHAPE(' ','NAUO PRDDFN',#137);
#13660=PRODUCT_DEFINITION('','',#13668,#13664);
#13661=PRODUCT_DEFINITION('','',#13669,#13665);
#13662=PRODUCT_DEFINITION('','',#13670,#13666);
#13663=PRODUCT_DEFINITION('','',#13671,#13667);
#13664=PRODUCT_DEFINITION_CONTEXT('',#13689,'design');
#13665=PRODUCT_DEFINITION_CONTEXT('',#13689,'design');
#13666=PRODUCT_DEFINITION_CONTEXT('',#13689,'design');
#13667=PRODUCT_DEFINITION_CONTEXT('',#13689,'design');
#13668=PRODUCT_DEFINITION_FORMATION_WITH_SPECIFIED_SOURCE('','',#13676,
 .NOT_KNOWN.);
#13669=PRODUCT_DEFINITION_FORMATION_WITH_SPECIFIED_SOURCE('','',#13677,
 .NOT_KNOWN.);
#13670=PRODUCT_DEFINITION_FORMATION_WITH_SPECIFIED_SOURCE('','',#13678,
 .NOT_KNOWN.);
#13671=PRODUCT_DEFINITION_FORMATION_WITH_SPECIFIED_SOURCE('','',#13679,
 .NOT_KNOWN.);
#13672=PRODUCT_RELATED_PRODUCT_CATEGORY('','',(#13676));
#13673=PRODUCT_RELATED_PRODUCT_CATEGORY('','',(#13677));
#13674=PRODUCT_RELATED_PRODUCT_CATEGORY('','',(#13678));
#13675=PRODUCT_RELATED_PRODUCT_CATEGORY('','',(#13679));
#13676=PRODUCT('FTR-110-51-L-D-06','FTR-110-51-L-D-06',
'FTR-110-51-L-D-06',(#13684));
#13677=PRODUCT('FTR-110-51-L-D-006_body','FTR-110-51-L-D-006_body',
'FTR-110-51-L-D-006_body',(#13685));
#13678=PRODUCT('FTR-110-51-L-D-006_pins','FTR-110-51-L-D-006_pins',
'FTR-110-51-L-D-006_pins',(#13686));
#13679=PRODUCT('FTR-110-51-L-D-0062PNS','FTR-110-51-L-D-0062PNS',
'FTR-110-51-L-D-0062PNS',(#13687));
#13680=PRODUCT_CATEGORY('','');
#13681=PRODUCT_CATEGORY('','');
#13682=PRODUCT_CATEGORY('','');
#13683=PRODUCT_CATEGORY('','');
#13684=PRODUCT_CONTEXT('',#13689,'mechanical');
#13685=PRODUCT_CONTEXT('',#13689,'mechanical');
#13686=PRODUCT_CONTEXT('',#13689,'mechanical');
#13687=PRODUCT_CONTEXT('',#13689,'mechanical');
#13688=APPLICATION_PROTOCOL_DEFINITION('international standard',
'automotive_design',2010,#13689);
#13689=APPLICATION_CONTEXT(
'core data for automotive mechanical design processes');
ENDSEC;
END-ISO-10303-21;
