ISO-10303-21;
HEADER;
/* Generated by software containing ST-Developer
 * from STEP Tools, Inc. (www.steptools.com) 
 */

FILE_DESCRIPTION(
/* description */ (
'J151 SERIES, 2C, SOLDER LUGS W/ FLANGE, 24VDC, .9W, W/ LED'),
/* implementation_level */ '2;1');

FILE_NAME(
/* name */ 
'Y:\\Drawings, 3D Files\\CIT\\Relays\\J151 Series\\J1512C\\J1512CT.stp',

/* time_stamp */ '2022-05-19T15:32:55-05:00',
/* author */ ('cnher'),
/* organization */ (''),
/* preprocessor_version */ 'ST-DEVELOPER v19',
/* originating_system */ 'Autodesk Inventor 2023',
/* authorisation */ '');

FILE_SCHEMA (('AUTOMOTIVE_DESIGN { 1 0 10303 214 3 1 1 }'));
ENDSEC;

DATA;
#10=MECHANICAL_DESIGN_GEOMETRIC_PRESENTATION_REPRESENTATION('',(#99,#100,
#101),#3175);
#11=ITEM_DEFINED_TRANSFORMATION($,$,#1855,#1995);
#12=ITEM_DEFINED_TRANSFORMATION($,$,#1920,#1996);
#13=ITEM_DEFINED_TRANSFORMATION($,$,#1920,#1997);
#14=ITEM_DEFINED_TRANSFORMATION($,$,#1920,#1998);
#15=ITEM_DEFINED_TRANSFORMATION($,$,#1920,#1999);
#16=ITEM_DEFINED_TRANSFORMATION($,$,#1920,#2000);
#17=ITEM_DEFINED_TRANSFORMATION($,$,#1920,#2001);
#18=ITEM_DEFINED_TRANSFORMATION($,$,#1920,#2002);
#19=ITEM_DEFINED_TRANSFORMATION($,$,#1920,#2003);
#20=ITEM_DEFINED_TRANSFORMATION($,$,#1932,#2004);
#21=(
REPRESENTATION_RELATIONSHIP($,$,#3199,#3198)
REPRESENTATION_RELATIONSHIP_WITH_TRANSFORMATION(#11)
SHAPE_REPRESENTATION_RELATIONSHIP()
);
#22=(
REPRESENTATION_RELATIONSHIP($,$,#3200,#3198)
REPRESENTATION_RELATIONSHIP_WITH_TRANSFORMATION(#12)
SHAPE_REPRESENTATION_RELATIONSHIP()
);
#23=(
REPRESENTATION_RELATIONSHIP($,$,#3200,#3198)
REPRESENTATION_RELATIONSHIP_WITH_TRANSFORMATION(#13)
SHAPE_REPRESENTATION_RELATIONSHIP()
);
#24=(
REPRESENTATION_RELATIONSHIP($,$,#3200,#3198)
REPRESENTATION_RELATIONSHIP_WITH_TRANSFORMATION(#14)
SHAPE_REPRESENTATION_RELATIONSHIP()
);
#25=(
REPRESENTATION_RELATIONSHIP($,$,#3200,#3198)
REPRESENTATION_RELATIONSHIP_WITH_TRANSFORMATION(#15)
SHAPE_REPRESENTATION_RELATIONSHIP()
);
#26=(
REPRESENTATION_RELATIONSHIP($,$,#3200,#3198)
REPRESENTATION_RELATIONSHIP_WITH_TRANSFORMATION(#16)
SHAPE_REPRESENTATION_RELATIONSHIP()
);
#27=(
REPRESENTATION_RELATIONSHIP($,$,#3200,#3198)
REPRESENTATION_RELATIONSHIP_WITH_TRANSFORMATION(#17)
SHAPE_REPRESENTATION_RELATIONSHIP()
);
#28=(
REPRESENTATION_RELATIONSHIP($,$,#3200,#3198)
REPRESENTATION_RELATIONSHIP_WITH_TRANSFORMATION(#18)
SHAPE_REPRESENTATION_RELATIONSHIP()
);
#29=(
REPRESENTATION_RELATIONSHIP($,$,#3200,#3198)
REPRESENTATION_RELATIONSHIP_WITH_TRANSFORMATION(#19)
SHAPE_REPRESENTATION_RELATIONSHIP()
);
#30=(
REPRESENTATION_RELATIONSHIP($,$,#3201,#3198)
REPRESENTATION_RELATIONSHIP_WITH_TRANSFORMATION(#20)
SHAPE_REPRESENTATION_RELATIONSHIP()
);
#31=CONTEXT_DEPENDENT_SHAPE_REPRESENTATION(#21,#3188);
#32=CONTEXT_DEPENDENT_SHAPE_REPRESENTATION(#22,#3189);
#33=CONTEXT_DEPENDENT_SHAPE_REPRESENTATION(#23,#3190);
#34=CONTEXT_DEPENDENT_SHAPE_REPRESENTATION(#24,#3191);
#35=CONTEXT_DEPENDENT_SHAPE_REPRESENTATION(#25,#3192);
#36=CONTEXT_DEPENDENT_SHAPE_REPRESENTATION(#26,#3193);
#37=CONTEXT_DEPENDENT_SHAPE_REPRESENTATION(#27,#3194);
#38=CONTEXT_DEPENDENT_SHAPE_REPRESENTATION(#28,#3195);
#39=CONTEXT_DEPENDENT_SHAPE_REPRESENTATION(#29,#3196);
#40=CONTEXT_DEPENDENT_SHAPE_REPRESENTATION(#30,#3197);
#41=NEXT_ASSEMBLY_USAGE_OCCURRENCE('COVER:2','COVER:2','COVER:2',#3203,
#3204,'COVER:2');
#42=NEXT_ASSEMBLY_USAGE_OCCURRENCE('TERMINAL:1','TERMINAL:1',
'TERMINAL:1',#3203,#3205,'TERMINAL:1');
#43=NEXT_ASSEMBLY_USAGE_OCCURRENCE('TERMINAL:2','TERMINAL:2',
'TERMINAL:2',#3203,#3205,'TERMINAL:2');
#44=NEXT_ASSEMBLY_USAGE_OCCURRENCE('TERMINAL:3','TERMINAL:3',
'TERMINAL:3',#3203,#3205,'TERMINAL:3');
#45=NEXT_ASSEMBLY_USAGE_OCCURRENCE('TERMINAL:4','TERMINAL:4',
'TERMINAL:4',#3203,#3205,'TERMINAL:4');
#46=NEXT_ASSEMBLY_USAGE_OCCURRENCE('TERMINAL:5','TERMINAL:5',
'TERMINAL:5',#3203,#3205,'TERMINAL:5');
#47=NEXT_ASSEMBLY_USAGE_OCCURRENCE('TERMINAL:6','TERMINAL:6',
'TERMINAL:6',#3203,#3205,'TERMINAL:6');
#48=NEXT_ASSEMBLY_USAGE_OCCURRENCE('TERMINAL:7','TERMINAL:7',
'TERMINAL:7',#3203,#3205,'TERMINAL:7');
#49=NEXT_ASSEMBLY_USAGE_OCCURRENCE('TERMINAL:8','TERMINAL:8',
'TERMINAL:8',#3203,#3205,'TERMINAL:8');
#50=NEXT_ASSEMBLY_USAGE_OCCURRENCE(
'NF EN ISO 7045 - H M2.5 x 3 - 4.8 - H:1',
'NF EN ISO 7045 - H M2.5 x 3 - 4.8 - H:1',
'NF EN ISO 7045 - H M2.5 x 3 - 4.8 - H:1',#3203,#3206,
'NF EN ISO 7045 - H M2.5 x 3 - 4.8 - H:1');
#51=(
BOUNDED_CURVE()
B_SPLINE_CURVE(2,(#3038,#3039,#3040),.UNSPECIFIED.,.F.,.F.)
B_SPLINE_CURVE_WITH_KNOTS((3,3),(0.160691350853079,0.170427294140901),
 .UNSPECIFIED.)
CURVE()
GEOMETRIC_REPRESENTATION_ITEM()
RATIONAL_B_SPLINE_CURVE((1.68456997608134,1.36302329918278,1.))
REPRESENTATION_ITEM('')
);
#52=(
BOUNDED_CURVE()
B_SPLINE_CURVE(2,(#3045,#3046,#3047),.UNSPECIFIED.,.F.,.F.)
B_SPLINE_CURVE_WITH_KNOTS((3,3),(0.,0.00973594328782166),.UNSPECIFIED.)
CURVE()
GEOMETRIC_REPRESENTATION_ITEM()
RATIONAL_B_SPLINE_CURVE((1.,1.36302329918278,1.68456997608134))
REPRESENTATION_ITEM('')
);
#53=(
BOUNDED_CURVE()
B_SPLINE_CURVE(2,(#3066,#3067,#3068),.UNSPECIFIED.,.F.,.F.)
B_SPLINE_CURVE_WITH_KNOTS((3,3),(0.16069135085308,0.170427294140901),
 .UNSPECIFIED.)
CURVE()
GEOMETRIC_REPRESENTATION_ITEM()
RATIONAL_B_SPLINE_CURVE((1.68456997608129,1.36302329918275,1.))
REPRESENTATION_ITEM('')
);
#54=(
BOUNDED_CURVE()
B_SPLINE_CURVE(2,(#3072,#3073,#3074),.UNSPECIFIED.,.F.,.F.)
B_SPLINE_CURVE_WITH_KNOTS((3,3),(0.,0.00973594328782169),.UNSPECIFIED.)
CURVE()
GEOMETRIC_REPRESENTATION_ITEM()
RATIONAL_B_SPLINE_CURVE((1.,1.36302329918278,1.68456997608134))
REPRESENTATION_ITEM('')
);
#55=(
BOUNDED_CURVE()
B_SPLINE_CURVE(2,(#3129,#3130,#3131),.UNSPECIFIED.,.F.,.F.)
B_SPLINE_CURVE_WITH_KNOTS((3,3),(0.160691350853079,0.170427294140901),
 .UNSPECIFIED.)
CURVE()
GEOMETRIC_REPRESENTATION_ITEM()
RATIONAL_B_SPLINE_CURVE((1.68456997608135,1.36302329918278,1.))
REPRESENTATION_ITEM('')
);
#56=(
BOUNDED_CURVE()
B_SPLINE_CURVE(2,(#3133,#3134,#3135),.UNSPECIFIED.,.F.,.F.)
B_SPLINE_CURVE_WITH_KNOTS((3,3),(0.16069135085308,0.170427294140901),
 .UNSPECIFIED.)
CURVE()
GEOMETRIC_REPRESENTATION_ITEM()
RATIONAL_B_SPLINE_CURVE((1.68456997608129,1.36302329918275,1.))
REPRESENTATION_ITEM('')
);
#57=(
BOUNDED_CURVE()
B_SPLINE_CURVE(2,(#3137,#3138,#3139),.UNSPECIFIED.,.F.,.F.)
B_SPLINE_CURVE_WITH_KNOTS((3,3),(0.,0.00973594328782166),.UNSPECIFIED.)
CURVE()
GEOMETRIC_REPRESENTATION_ITEM()
RATIONAL_B_SPLINE_CURVE((1.,1.36302329918278,1.68456997608134))
REPRESENTATION_ITEM('')
);
#58=(
BOUNDED_CURVE()
B_SPLINE_CURVE(2,(#3141,#3142,#3143),.UNSPECIFIED.,.F.,.F.)
B_SPLINE_CURVE_WITH_KNOTS((3,3),(0.,0.00973594328782169),.UNSPECIFIED.)
CURVE()
GEOMETRIC_REPRESENTATION_ITEM()
RATIONAL_B_SPLINE_CURVE((1.,1.36302329918278,1.68456997608134))
REPRESENTATION_ITEM('')
);
#59=SPHERICAL_SURFACE('',#1966,4.);
#60=B_SPLINE_CURVE_WITH_KNOTS('',3,(#2836,#2837,#2838,#2839,#2840,#2841,
#2842,#2843,#2844,#2845),.UNSPECIFIED.,.F.,.F.,(4,2,2,2,4),(0.0294698795046565,
0.0320539646596376,0.0352534405439395,0.0384959409622235,0.0412557332400245),
 .UNSPECIFIED.);
#61=B_SPLINE_CURVE_WITH_KNOTS('',3,(#2849,#2850,#2851,#2852,#2853,#2854,
#2855,#2856,#2857,#2858),.UNSPECIFIED.,.F.,.F.,(4,2,2,2,4),(0.0101488474521692,
0.0129086397299799,0.0161511401482638,0.0193506160325657,0.0219347011875468),
 .UNSPECIFIED.);
#62=B_SPLINE_CURVE_WITH_KNOTS('',3,(#2869,#2870,#2871,#2872,#2873,#2874,
#2875,#2876,#2877,#2878),.UNSPECIFIED.,.F.,.F.,(4,2,2,2,4),(0.0294698795046565,
0.0320539646596376,0.0352534405439395,0.0384959409622235,0.0412557332400245),
 .UNSPECIFIED.);
#63=B_SPLINE_CURVE_WITH_KNOTS('',3,(#2882,#2883,#2884,#2885,#2886,#2887,
#2888,#2889,#2890,#2891),.UNSPECIFIED.,.F.,.F.,(4,2,2,2,4),(0.0101488474521693,
0.0129086397299799,0.0161511401482638,0.0193506160325657,0.0219347011875469),
 .UNSPECIFIED.);
#64=B_SPLINE_CURVE_WITH_KNOTS('',3,(#2902,#2903,#2904,#2905,#2906,#2907,
#2908,#2909,#2910,#2911),.UNSPECIFIED.,.F.,.F.,(4,2,2,2,4),(0.0294698795046565,
0.0320539646596376,0.0352534405439395,0.0384959409622235,0.0412557332400245),
 .UNSPECIFIED.);
#65=B_SPLINE_CURVE_WITH_KNOTS('',3,(#2915,#2916,#2917,#2918,#2919,#2920,
#2921,#2922,#2923,#2924),.UNSPECIFIED.,.F.,.F.,(4,2,2,2,4),(0.0101488474521692,
0.0129086397299799,0.0161511401482638,0.0193506160325657,0.0219347011875468),
 .UNSPECIFIED.);
#66=B_SPLINE_CURVE_WITH_KNOTS('',3,(#2937,#2938,#2939,#2940,#2941,#2942,
#2943,#2944,#2945,#2946),.UNSPECIFIED.,.F.,.F.,(4,2,2,2,4),(0.0294698795046565,
0.0320539646596376,0.0352534405439395,0.0384959409622235,0.0412557332400245),
 .UNSPECIFIED.);
#67=B_SPLINE_CURVE_WITH_KNOTS('',3,(#2950,#2951,#2952,#2953,#2954,#2955,
#2956,#2957,#2958,#2959),.UNSPECIFIED.,.F.,.F.,(4,2,2,2,4),(0.0101488474521693,
0.0129086397299799,0.0161511401482638,0.0193506160325657,0.0219347011875469),
 .UNSPECIFIED.);
#68=B_SPLINE_CURVE_WITH_KNOTS('',3,(#2979,#2980,#2981,#2982,#2983,#2984,
#2985,#2986,#2987,#2988),.UNSPECIFIED.,.F.,.F.,(4,2,2,2,4),(0.,0.00690853371608972,
0.0138170674321794,0.0207302677288604,0.0269132727247862),.UNSPECIFIED.);
#69=B_SPLINE_CURVE_WITH_KNOTS('',3,(#2993,#2994,#2995,#2996,#2997,#2998,
#2999,#3000,#3001,#3002),.UNSPECIFIED.,.F.,.F.,(4,2,2,2,4),(0.,0.00690853371608972,
0.0138170674321794,0.0207302677288604,0.0269132727247862),.UNSPECIFIED.);
#70=B_SPLINE_CURVE_WITH_KNOTS('',3,(#3007,#3008,#3009,#3010,#3011,#3012,
#3013,#3014,#3015,#3016),.UNSPECIFIED.,.F.,.F.,(4,2,2,2,4),(0.,0.00690853371608972,
0.0138170674321794,0.0207302677288604,0.0269132727247862),.UNSPECIFIED.);
#71=B_SPLINE_CURVE_WITH_KNOTS('',3,(#3021,#3022,#3023,#3024,#3025,#3026,
#3027,#3028,#3029,#3030),.UNSPECIFIED.,.F.,.F.,(4,2,2,2,4),(0.,0.00690853371608972,
0.0138170674321794,0.0207302677288604,0.0269132727247862),.UNSPECIFIED.);
#72=B_SPLINE_CURVE_WITH_KNOTS('',3,(#3051,#3052,#3053,#3054,#3055,#3056,
#3057,#3058,#3059,#3060,#3061,#3062,#3063,#3064),.UNSPECIFIED.,.F.,.F.,
(4,2,2,2,2,2,4),(0.131052347819145,0.14034836570368,0.147328829495584,0.154309293287489,
0.161289757079394,0.168270220871299,0.177566238755833),.UNSPECIFIED.);
#73=B_SPLINE_CURVE_WITH_KNOTS('',3,(#3078,#3079,#3080,#3081,#3082,#3083,
#3084,#3085,#3086,#3087,#3088,#3089,#3090,#3091),.UNSPECIFIED.,.F.,.F.,
(4,2,2,2,2,2,4),(0.131052347819145,0.14034836570368,0.147328829495584,0.154309293287489,
0.161289757079394,0.168270220871299,0.177566238755833),.UNSPECIFIED.);
#74=B_SPLINE_CURVE_WITH_KNOTS('',3,(#3096,#3097,#3098,#3099,#3100,#3101,
#3102,#3103,#3104,#3105,#3106,#3107,#3108,#3109),.UNSPECIFIED.,.F.,.F.,
(4,2,2,2,2,2,4),(0.131052347819145,0.14034836570368,0.147328829495584,0.154309293287489,
0.161289757079394,0.168270220871299,0.177566238755833),.UNSPECIFIED.);
#75=B_SPLINE_CURVE_WITH_KNOTS('',3,(#3113,#3114,#3115,#3116,#3117,#3118,
#3119,#3120,#3121,#3122,#3123,#3124,#3125,#3126),.UNSPECIFIED.,.F.,.F.,
(4,2,2,2,2,2,4),(0.131052347819145,0.14034836570368,0.147328829495584,0.154309293287489,
0.161289757079394,0.168270220871299,0.177566238755833),.UNSPECIFIED.);
#76=TOROIDAL_SURFACE('',#1940,1.29356142561062,0.086);
#77=TOROIDAL_SURFACE('',#1945,1.29356142561062,0.086);
#78=TOROIDAL_SURFACE('',#1950,1.29356142561062,0.086);
#79=TOROIDAL_SURFACE('',#1956,1.29356142561062,0.086);
#80=TOROIDAL_SURFACE('',#1961,1.67055142238442,0.8);
#81=CONICAL_SURFACE('',#1933,1.11197375,0.785217071232569);
#82=CONICAL_SURFACE('',#1943,1.01775716651954,0.462512251778497);
#83=CONICAL_SURFACE('',#1948,1.01775716651954,0.462512251778497);
#84=CONICAL_SURFACE('',#1953,1.01775716651954,0.462512251778497);
#85=CONICAL_SURFACE('',#1959,1.01775716651954,0.462512251778497);
#86=CONICAL_SURFACE('',#1975,2.47804973462681,0.0349065850398869);
#87=CONICAL_SURFACE('',#1979,0.181131876583852,0.0872664625997165);
#88=CONICAL_SURFACE('',#1982,0.181131876583852,0.0872664625997165);
#89=CONICAL_SURFACE('',#1983,0.181131876583852,0.0872664625997165);
#90=CONICAL_SURFACE('',#1984,0.181131876583852,0.0872664625997165);
#91=CONICAL_SURFACE('',#1989,0.392705765650408,1.08210413623648);
#92=CONICAL_SURFACE('',#1994,1.1891075,0.415483400335252);
#93=SHAPE_REPRESENTATION_RELATIONSHIP('SRR','None',#3199,#96);
#94=SHAPE_REPRESENTATION_RELATIONSHIP('SRR','None',#3200,#97);
#95=SHAPE_REPRESENTATION_RELATIONSHIP('SRR','None',#3201,#98);
#96=ADVANCED_BREP_SHAPE_REPRESENTATION('',(#102),#3172);
#97=ADVANCED_BREP_SHAPE_REPRESENTATION('',(#103),#3173);
#98=ADVANCED_BREP_SHAPE_REPRESENTATION('',(#104),#3174);
#99=STYLED_ITEM('',(#1812),#102);
#100=STYLED_ITEM('',(#1812),#103);
#101=STYLED_ITEM('',(#1813),#104);
#102=MANIFOLD_SOLID_BREP('Solid1',#1772);
#103=MANIFOLD_SOLID_BREP('Solid1',#1773);
#104=MANIFOLD_SOLID_BREP('Solid1',#1774);
#105=FACE_BOUND('',#317,.T.);
#106=FACE_BOUND('',#320,.T.);
#107=FACE_BOUND('',#321,.T.);
#108=FACE_BOUND('',#322,.T.);
#109=FACE_BOUND('',#323,.T.);
#110=FACE_BOUND('',#324,.T.);
#111=FACE_BOUND('',#325,.T.);
#112=FACE_BOUND('',#326,.T.);
#113=FACE_BOUND('',#327,.T.);
#114=FACE_BOUND('',#328,.T.);
#115=FACE_BOUND('',#332,.T.);
#116=FACE_BOUND('',#334,.T.);
#117=FACE_BOUND('',#339,.T.);
#118=FACE_BOUND('',#341,.T.);
#119=FACE_BOUND('',#359,.T.);
#120=FACE_BOUND('',#375,.T.);
#121=CIRCLE('',#1907,1.25);
#122=CIRCLE('',#1908,1.25);
#123=CIRCLE('',#1911,3.625);
#124=CIRCLE('',#1912,3.625);
#125=CIRCLE('',#1922,1.25);
#126=CIRCLE('',#1923,1.25);
#127=CIRCLE('',#1934,0.973947500000002);
#128=CIRCLE('',#1935,1.25);
#129=CIRCLE('',#1936,1.25);
#130=CIRCLE('',#1938,1.25);
#131=CIRCLE('',#1941,1.21659707051284);
#132=CIRCLE('',#1942,1.3219840834038);
#133=CIRCLE('',#1944,0.785411531300816);
#134=CIRCLE('',#1946,1.21659707051284);
#135=CIRCLE('',#1947,1.3219840834038);
#136=CIRCLE('',#1949,0.785411531300816);
#137=CIRCLE('',#1951,1.21659707051284);
#138=CIRCLE('',#1952,1.3219840834038);
#139=CIRCLE('',#1954,0.785411531300816);
#140=CIRCLE('',#1955,0.785411531300816);
#141=CIRCLE('',#1957,1.21659707051284);
#142=CIRCLE('',#1958,1.3219840834038);
#143=CIRCLE('',#1960,0.785411531300816);
#144=CIRCLE('',#1962,2.4700640839997);
#145=CIRCLE('',#1963,2.4700640839997);
#146=CIRCLE('',#1964,0.8);
#147=CIRCLE('',#1965,2.08818927798052);
#148=CIRCLE('',#1967,3.99854051716778);
#149=CIRCLE('',#1968,3.99854051716778);
#150=CIRCLE('',#1969,3.99854051716778);
#151=CIRCLE('',#1970,3.99854051716778);
#152=CIRCLE('',#1971,3.99854051716778);
#153=CIRCLE('',#1972,3.99854051716778);
#154=CIRCLE('',#1973,3.99854051716778);
#155=CIRCLE('',#1974,3.99854051716778);
#156=CIRCLE('',#1976,2.5);
#157=CIRCLE('',#1991,1.128215);
#158=CIRCLE('',#1993,1.128215);
#159=CYLINDRICAL_SURFACE('',#1906,1.25);
#160=CYLINDRICAL_SURFACE('',#1910,3.625);
#161=CYLINDRICAL_SURFACE('',#1921,1.25);
#162=CYLINDRICAL_SURFACE('',#1937,1.25);
#163=CYLINDRICAL_SURFACE('',#1992,1.128215);
#164=FACE_OUTER_BOUND('',#263,.T.);
#165=FACE_OUTER_BOUND('',#264,.T.);
#166=FACE_OUTER_BOUND('',#265,.T.);
#167=FACE_OUTER_BOUND('',#266,.T.);
#168=FACE_OUTER_BOUND('',#267,.T.);
#169=FACE_OUTER_BOUND('',#268,.T.);
#170=FACE_OUTER_BOUND('',#269,.T.);
#171=FACE_OUTER_BOUND('',#270,.T.);
#172=FACE_OUTER_BOUND('',#271,.T.);
#173=FACE_OUTER_BOUND('',#272,.T.);
#174=FACE_OUTER_BOUND('',#273,.T.);
#175=FACE_OUTER_BOUND('',#274,.T.);
#176=FACE_OUTER_BOUND('',#275,.T.);
#177=FACE_OUTER_BOUND('',#276,.T.);
#178=FACE_OUTER_BOUND('',#277,.T.);
#179=FACE_OUTER_BOUND('',#278,.T.);
#180=FACE_OUTER_BOUND('',#279,.T.);
#181=FACE_OUTER_BOUND('',#280,.T.);
#182=FACE_OUTER_BOUND('',#281,.T.);
#183=FACE_OUTER_BOUND('',#282,.T.);
#184=FACE_OUTER_BOUND('',#283,.T.);
#185=FACE_OUTER_BOUND('',#284,.T.);
#186=FACE_OUTER_BOUND('',#285,.T.);
#187=FACE_OUTER_BOUND('',#286,.T.);
#188=FACE_OUTER_BOUND('',#287,.T.);
#189=FACE_OUTER_BOUND('',#288,.T.);
#190=FACE_OUTER_BOUND('',#289,.T.);
#191=FACE_OUTER_BOUND('',#290,.T.);
#192=FACE_OUTER_BOUND('',#291,.T.);
#193=FACE_OUTER_BOUND('',#292,.T.);
#194=FACE_OUTER_BOUND('',#293,.T.);
#195=FACE_OUTER_BOUND('',#294,.T.);
#196=FACE_OUTER_BOUND('',#295,.T.);
#197=FACE_OUTER_BOUND('',#296,.T.);
#198=FACE_OUTER_BOUND('',#297,.T.);
#199=FACE_OUTER_BOUND('',#298,.T.);
#200=FACE_OUTER_BOUND('',#299,.T.);
#201=FACE_OUTER_BOUND('',#300,.T.);
#202=FACE_OUTER_BOUND('',#301,.T.);
#203=FACE_OUTER_BOUND('',#302,.T.);
#204=FACE_OUTER_BOUND('',#303,.T.);
#205=FACE_OUTER_BOUND('',#304,.T.);
#206=FACE_OUTER_BOUND('',#305,.T.);
#207=FACE_OUTER_BOUND('',#306,.T.);
#208=FACE_OUTER_BOUND('',#307,.T.);
#209=FACE_OUTER_BOUND('',#308,.T.);
#210=FACE_OUTER_BOUND('',#309,.T.);
#211=FACE_OUTER_BOUND('',#310,.T.);
#212=FACE_OUTER_BOUND('',#311,.T.);
#213=FACE_OUTER_BOUND('',#312,.T.);
#214=FACE_OUTER_BOUND('',#313,.T.);
#215=FACE_OUTER_BOUND('',#314,.T.);
#216=FACE_OUTER_BOUND('',#315,.T.);
#217=FACE_OUTER_BOUND('',#316,.T.);
#218=FACE_OUTER_BOUND('',#318,.T.);
#219=FACE_OUTER_BOUND('',#319,.T.);
#220=FACE_OUTER_BOUND('',#329,.T.);
#221=FACE_OUTER_BOUND('',#330,.T.);
#222=FACE_OUTER_BOUND('',#331,.T.);
#223=FACE_OUTER_BOUND('',#333,.T.);
#224=FACE_OUTER_BOUND('',#335,.T.);
#225=FACE_OUTER_BOUND('',#336,.T.);
#226=FACE_OUTER_BOUND('',#337,.T.);
#227=FACE_OUTER_BOUND('',#338,.T.);
#228=FACE_OUTER_BOUND('',#340,.T.);
#229=FACE_OUTER_BOUND('',#342,.T.);
#230=FACE_OUTER_BOUND('',#343,.T.);
#231=FACE_OUTER_BOUND('',#344,.T.);
#232=FACE_OUTER_BOUND('',#345,.T.);
#233=FACE_OUTER_BOUND('',#346,.T.);
#234=FACE_OUTER_BOUND('',#347,.T.);
#235=FACE_OUTER_BOUND('',#348,.T.);
#236=FACE_OUTER_BOUND('',#349,.T.);
#237=FACE_OUTER_BOUND('',#350,.T.);
#238=FACE_OUTER_BOUND('',#351,.T.);
#239=FACE_OUTER_BOUND('',#352,.T.);
#240=FACE_OUTER_BOUND('',#353,.T.);
#241=FACE_OUTER_BOUND('',#354,.T.);
#242=FACE_OUTER_BOUND('',#355,.T.);
#243=FACE_OUTER_BOUND('',#356,.T.);
#244=FACE_OUTER_BOUND('',#357,.T.);
#245=FACE_OUTER_BOUND('',#358,.T.);
#246=FACE_OUTER_BOUND('',#360,.T.);
#247=FACE_OUTER_BOUND('',#361,.T.);
#248=FACE_OUTER_BOUND('',#362,.T.);
#249=FACE_OUTER_BOUND('',#363,.T.);
#250=FACE_OUTER_BOUND('',#364,.T.);
#251=FACE_OUTER_BOUND('',#365,.T.);
#252=FACE_OUTER_BOUND('',#366,.T.);
#253=FACE_OUTER_BOUND('',#367,.T.);
#254=FACE_OUTER_BOUND('',#368,.T.);
#255=FACE_OUTER_BOUND('',#369,.T.);
#256=FACE_OUTER_BOUND('',#370,.T.);
#257=FACE_OUTER_BOUND('',#371,.T.);
#258=FACE_OUTER_BOUND('',#372,.T.);
#259=FACE_OUTER_BOUND('',#373,.T.);
#260=FACE_OUTER_BOUND('',#374,.T.);
#261=FACE_OUTER_BOUND('',#376,.T.);
#262=FACE_OUTER_BOUND('',#377,.T.);
#263=EDGE_LOOP('',(#1123,#1124,#1125,#1126));
#264=EDGE_LOOP('',(#1127,#1128,#1129,#1130));
#265=EDGE_LOOP('',(#1131,#1132,#1133,#1134));
#266=EDGE_LOOP('',(#1135,#1136,#1137,#1138));
#267=EDGE_LOOP('',(#1139,#1140,#1141,#1142));
#268=EDGE_LOOP('',(#1143,#1144,#1145,#1146));
#269=EDGE_LOOP('',(#1147,#1148,#1149,#1150));
#270=EDGE_LOOP('',(#1151,#1152,#1153,#1154));
#271=EDGE_LOOP('',(#1155,#1156,#1157,#1158));
#272=EDGE_LOOP('',(#1159,#1160,#1161,#1162));
#273=EDGE_LOOP('',(#1163,#1164,#1165,#1166));
#274=EDGE_LOOP('',(#1167,#1168,#1169,#1170));
#275=EDGE_LOOP('',(#1171,#1172,#1173,#1174));
#276=EDGE_LOOP('',(#1175,#1176,#1177,#1178));
#277=EDGE_LOOP('',(#1179,#1180,#1181,#1182));
#278=EDGE_LOOP('',(#1183,#1184,#1185,#1186));
#279=EDGE_LOOP('',(#1187,#1188,#1189,#1190));
#280=EDGE_LOOP('',(#1191,#1192,#1193,#1194));
#281=EDGE_LOOP('',(#1195,#1196,#1197,#1198));
#282=EDGE_LOOP('',(#1199,#1200,#1201,#1202));
#283=EDGE_LOOP('',(#1203,#1204,#1205,#1206));
#284=EDGE_LOOP('',(#1207,#1208,#1209,#1210));
#285=EDGE_LOOP('',(#1211,#1212,#1213,#1214));
#286=EDGE_LOOP('',(#1215,#1216,#1217,#1218));
#287=EDGE_LOOP('',(#1219,#1220,#1221,#1222));
#288=EDGE_LOOP('',(#1223,#1224,#1225,#1226));
#289=EDGE_LOOP('',(#1227,#1228,#1229,#1230));
#290=EDGE_LOOP('',(#1231,#1232,#1233,#1234));
#291=EDGE_LOOP('',(#1235,#1236,#1237,#1238));
#292=EDGE_LOOP('',(#1239,#1240,#1241,#1242));
#293=EDGE_LOOP('',(#1243,#1244,#1245,#1246));
#294=EDGE_LOOP('',(#1247,#1248,#1249,#1250));
#295=EDGE_LOOP('',(#1251,#1252,#1253,#1254));
#296=EDGE_LOOP('',(#1255,#1256,#1257,#1258));
#297=EDGE_LOOP('',(#1259,#1260,#1261,#1262));
#298=EDGE_LOOP('',(#1263,#1264,#1265,#1266));
#299=EDGE_LOOP('',(#1267,#1268,#1269,#1270));
#300=EDGE_LOOP('',(#1271,#1272,#1273,#1274));
#301=EDGE_LOOP('',(#1275,#1276,#1277,#1278));
#302=EDGE_LOOP('',(#1279,#1280,#1281,#1282));
#303=EDGE_LOOP('',(#1283,#1284,#1285,#1286));
#304=EDGE_LOOP('',(#1287,#1288,#1289,#1290));
#305=EDGE_LOOP('',(#1291,#1292,#1293,#1294));
#306=EDGE_LOOP('',(#1295,#1296,#1297,#1298));
#307=EDGE_LOOP('',(#1299,#1300,#1301,#1302));
#308=EDGE_LOOP('',(#1303,#1304,#1305,#1306));
#309=EDGE_LOOP('',(#1307,#1308,#1309,#1310));
#310=EDGE_LOOP('',(#1311,#1312,#1313,#1314));
#311=EDGE_LOOP('',(#1315,#1316,#1317,#1318));
#312=EDGE_LOOP('',(#1319,#1320,#1321,#1322));
#313=EDGE_LOOP('',(#1323,#1324,#1325,#1326));
#314=EDGE_LOOP('',(#1327));
#315=EDGE_LOOP('',(#1328,#1329,#1330,#1331));
#316=EDGE_LOOP('',(#1332));
#317=EDGE_LOOP('',(#1333));
#318=EDGE_LOOP('',(#1334,#1335,#1336,#1337));
#319=EDGE_LOOP('',(#1338,#1339,#1340,#1341));
#320=EDGE_LOOP('',(#1342,#1343,#1344,#1345));
#321=EDGE_LOOP('',(#1346,#1347,#1348,#1349));
#322=EDGE_LOOP('',(#1350,#1351,#1352,#1353));
#323=EDGE_LOOP('',(#1354,#1355,#1356,#1357));
#324=EDGE_LOOP('',(#1358,#1359,#1360,#1361));
#325=EDGE_LOOP('',(#1362,#1363,#1364,#1365));
#326=EDGE_LOOP('',(#1366,#1367,#1368,#1369));
#327=EDGE_LOOP('',(#1370,#1371,#1372,#1373));
#328=EDGE_LOOP('',(#1374));
#329=EDGE_LOOP('',(#1375,#1376,#1377,#1378));
#330=EDGE_LOOP('',(#1379,#1380,#1381,#1382));
#331=EDGE_LOOP('',(#1383,#1384,#1385,#1386));
#332=EDGE_LOOP('',(#1387,#1388,#1389,#1390));
#333=EDGE_LOOP('',(#1391,#1392,#1393,#1394));
#334=EDGE_LOOP('',(#1395,#1396,#1397,#1398));
#335=EDGE_LOOP('',(#1399,#1400,#1401,#1402));
#336=EDGE_LOOP('',(#1403,#1404,#1405,#1406));
#337=EDGE_LOOP('',(#1407,#1408,#1409,#1410));
#338=EDGE_LOOP('',(#1411,#1412,#1413,#1414,#1415,#1416));
#339=EDGE_LOOP('',(#1417));
#340=EDGE_LOOP('',(#1418,#1419,#1420,#1421,#1422,#1423));
#341=EDGE_LOOP('',(#1424));
#342=EDGE_LOOP('',(#1425,#1426,#1427,#1428));
#343=EDGE_LOOP('',(#1429,#1430,#1431,#1432));
#344=EDGE_LOOP('',(#1433,#1434,#1435,#1436));
#345=EDGE_LOOP('',(#1437,#1438,#1439,#1440));
#346=EDGE_LOOP('',(#1441,#1442,#1443,#1444,#1445));
#347=EDGE_LOOP('',(#1446,#1447,#1448,#1449,#1450));
#348=EDGE_LOOP('',(#1451));
#349=EDGE_LOOP('',(#1452,#1453,#1454,#1455));
#350=EDGE_LOOP('',(#1456,#1457,#1458,#1459));
#351=EDGE_LOOP('',(#1460,#1461,#1462,#1463));
#352=EDGE_LOOP('',(#1464,#1465,#1466,#1467));
#353=EDGE_LOOP('',(#1468,#1469,#1470,#1471));
#354=EDGE_LOOP('',(#1472,#1473,#1474,#1475,#1476));
#355=EDGE_LOOP('',(#1477,#1478,#1479,#1480));
#356=EDGE_LOOP('',(#1481,#1482,#1483,#1484));
#357=EDGE_LOOP('',(#1485,#1486,#1487,#1488,#1489));
#358=EDGE_LOOP('',(#1490));
#359=EDGE_LOOP('',(#1491,#1492,#1493,#1494,#1495,#1496,#1497,#1498,#1499,
#1500,#1501,#1502,#1503,#1504,#1505,#1506));
#360=EDGE_LOOP('',(#1507,#1508,#1509,#1510,#1511));
#361=EDGE_LOOP('',(#1512,#1513,#1514,#1515,#1516));
#362=EDGE_LOOP('',(#1517,#1518,#1519,#1520,#1521));
#363=EDGE_LOOP('',(#1522,#1523,#1524,#1525));
#364=EDGE_LOOP('',(#1526,#1527,#1528,#1529,#1530));
#365=EDGE_LOOP('',(#1531,#1532,#1533,#1534,#1535));
#366=EDGE_LOOP('',(#1536,#1537,#1538,#1539));
#367=EDGE_LOOP('',(#1540,#1541,#1542,#1543));
#368=EDGE_LOOP('',(#1544,#1545,#1546,#1547));
#369=EDGE_LOOP('',(#1548,#1549,#1550,#1551,#1552));
#370=EDGE_LOOP('',(#1553,#1554,#1555,#1556,#1557));
#371=EDGE_LOOP('',(#1558,#1559,#1560,#1561,#1562));
#372=EDGE_LOOP('',(#1563,#1564,#1565,#1566,#1567));
#373=EDGE_LOOP('',(#1568,#1569,#1570,#1571,#1572,#1573,#1574,#1575,#1576,
#1577,#1578,#1579,#1580,#1581,#1582,#1583,#1584,#1585,#1586));
#374=EDGE_LOOP('',(#1587));
#375=EDGE_LOOP('',(#1588));
#376=EDGE_LOOP('',(#1589,#1590,#1591,#1592));
#377=EDGE_LOOP('',(#1593,#1594,#1595,#1596));
#378=LINE('',#2487,#553);
#379=LINE('',#2489,#554);
#380=LINE('',#2491,#555);
#381=LINE('',#2492,#556);
#382=LINE('',#2495,#557);
#383=LINE('',#2497,#558);
#384=LINE('',#2498,#559);
#385=LINE('',#2501,#560);
#386=LINE('',#2503,#561);
#387=LINE('',#2504,#562);
#388=LINE('',#2506,#563);
#389=LINE('',#2507,#564);
#390=LINE('',#2512,#565);
#391=LINE('',#2514,#566);
#392=LINE('',#2516,#567);
#393=LINE('',#2517,#568);
#394=LINE('',#2520,#569);
#395=LINE('',#2522,#570);
#396=LINE('',#2523,#571);
#397=LINE('',#2526,#572);
#398=LINE('',#2528,#573);
#399=LINE('',#2529,#574);
#400=LINE('',#2531,#575);
#401=LINE('',#2532,#576);
#402=LINE('',#2537,#577);
#403=LINE('',#2539,#578);
#404=LINE('',#2541,#579);
#405=LINE('',#2542,#580);
#406=LINE('',#2545,#581);
#407=LINE('',#2547,#582);
#408=LINE('',#2548,#583);
#409=LINE('',#2551,#584);
#410=LINE('',#2553,#585);
#411=LINE('',#2554,#586);
#412=LINE('',#2556,#587);
#413=LINE('',#2557,#588);
#414=LINE('',#2562,#589);
#415=LINE('',#2564,#590);
#416=LINE('',#2566,#591);
#417=LINE('',#2567,#592);
#418=LINE('',#2570,#593);
#419=LINE('',#2572,#594);
#420=LINE('',#2573,#595);
#421=LINE('',#2576,#596);
#422=LINE('',#2578,#597);
#423=LINE('',#2579,#598);
#424=LINE('',#2581,#599);
#425=LINE('',#2582,#600);
#426=LINE('',#2587,#601);
#427=LINE('',#2589,#602);
#428=LINE('',#2591,#603);
#429=LINE('',#2592,#604);
#430=LINE('',#2595,#605);
#431=LINE('',#2597,#606);
#432=LINE('',#2598,#607);
#433=LINE('',#2601,#608);
#434=LINE('',#2603,#609);
#435=LINE('',#2604,#610);
#436=LINE('',#2606,#611);
#437=LINE('',#2607,#612);
#438=LINE('',#2612,#613);
#439=LINE('',#2614,#614);
#440=LINE('',#2616,#615);
#441=LINE('',#2617,#616);
#442=LINE('',#2620,#617);
#443=LINE('',#2622,#618);
#444=LINE('',#2623,#619);
#445=LINE('',#2626,#620);
#446=LINE('',#2628,#621);
#447=LINE('',#2629,#622);
#448=LINE('',#2631,#623);
#449=LINE('',#2632,#624);
#450=LINE('',#2637,#625);
#451=LINE('',#2639,#626);
#452=LINE('',#2641,#627);
#453=LINE('',#2642,#628);
#454=LINE('',#2645,#629);
#455=LINE('',#2647,#630);
#456=LINE('',#2648,#631);
#457=LINE('',#2651,#632);
#458=LINE('',#2653,#633);
#459=LINE('',#2654,#634);
#460=LINE('',#2656,#635);
#461=LINE('',#2657,#636);
#462=LINE('',#2662,#637);
#463=LINE('',#2664,#638);
#464=LINE('',#2666,#639);
#465=LINE('',#2667,#640);
#466=LINE('',#2670,#641);
#467=LINE('',#2672,#642);
#468=LINE('',#2673,#643);
#469=LINE('',#2676,#644);
#470=LINE('',#2678,#645);
#471=LINE('',#2679,#646);
#472=LINE('',#2681,#647);
#473=LINE('',#2682,#648);
#474=LINE('',#2687,#649);
#475=LINE('',#2689,#650);
#476=LINE('',#2691,#651);
#477=LINE('',#2692,#652);
#478=LINE('',#2695,#653);
#479=LINE('',#2697,#654);
#480=LINE('',#2698,#655);
#481=LINE('',#2701,#656);
#482=LINE('',#2703,#657);
#483=LINE('',#2704,#658);
#484=LINE('',#2706,#659);
#485=LINE('',#2707,#660);
#486=LINE('',#2712,#661);
#487=LINE('',#2714,#662);
#488=LINE('',#2716,#663);
#489=LINE('',#2717,#664);
#490=LINE('',#2720,#665);
#491=LINE('',#2722,#666);
#492=LINE('',#2723,#667);
#493=LINE('',#2726,#668);
#494=LINE('',#2728,#669);
#495=LINE('',#2729,#670);
#496=LINE('',#2731,#671);
#497=LINE('',#2732,#672);
#498=LINE('',#2738,#673);
#499=LINE('',#2745,#674);
#500=LINE('',#2751,#675);
#501=LINE('',#2753,#676);
#502=LINE('',#2755,#677);
#503=LINE('',#2756,#678);
#504=LINE('',#2759,#679);
#505=LINE('',#2761,#680);
#506=LINE('',#2762,#681);
#507=LINE('',#2765,#682);
#508=LINE('',#2767,#683);
#509=LINE('',#2768,#684);
#510=LINE('',#2770,#685);
#511=LINE('',#2771,#686);
#512=LINE('',#2779,#687);
#513=LINE('',#2784,#688);
#514=LINE('',#2786,#689);
#515=LINE('',#2788,#690);
#516=LINE('',#2789,#691);
#517=LINE('',#2793,#692);
#518=LINE('',#2795,#693);
#519=LINE('',#2797,#694);
#520=LINE('',#2798,#695);
#521=LINE('',#2801,#696);
#522=LINE('',#2803,#697);
#523=LINE('',#2804,#698);
#524=LINE('',#2805,#699);
#525=LINE('',#2807,#700);
#526=LINE('',#2809,#701);
#527=LINE('',#2811,#702);
#528=LINE('',#2812,#703);
#529=LINE('',#2814,#704);
#530=LINE('',#2817,#705);
#531=LINE('',#2824,#706);
#532=LINE('',#2830,#707);
#533=LINE('',#2862,#708);
#534=LINE('',#2865,#709);
#535=LINE('',#2895,#710);
#536=LINE('',#2898,#711);
#537=LINE('',#2928,#712);
#538=LINE('',#2933,#713);
#539=LINE('',#2963,#714);
#540=LINE('',#2966,#715);
#541=LINE('',#3035,#716);
#542=LINE('',#3041,#717);
#543=LINE('',#3044,#718);
#544=LINE('',#3050,#719);
#545=LINE('',#3071,#720);
#546=LINE('',#3077,#721);
#547=LINE('',#3094,#722);
#548=LINE('',#3110,#723);
#549=LINE('',#3127,#724);
#550=LINE('',#3146,#725);
#551=LINE('',#3153,#726);
#552=LINE('',#3155,#727);
#553=VECTOR('',#2011,10.);
#554=VECTOR('',#2012,10.);
#555=VECTOR('',#2013,10.);
#556=VECTOR('',#2014,10.);
#557=VECTOR('',#2017,10.);
#558=VECTOR('',#2018,10.);
#559=VECTOR('',#2019,10.);
#560=VECTOR('',#2022,10.);
#561=VECTOR('',#2023,10.);
#562=VECTOR('',#2024,10.);
#563=VECTOR('',#2027,10.);
#564=VECTOR('',#2028,10.);
#565=VECTOR('',#2033,10.);
#566=VECTOR('',#2034,10.);
#567=VECTOR('',#2035,10.);
#568=VECTOR('',#2036,10.);
#569=VECTOR('',#2039,10.);
#570=VECTOR('',#2040,10.);
#571=VECTOR('',#2041,10.);
#572=VECTOR('',#2044,10.);
#573=VECTOR('',#2045,10.);
#574=VECTOR('',#2046,10.);
#575=VECTOR('',#2049,10.);
#576=VECTOR('',#2050,10.);
#577=VECTOR('',#2055,10.);
#578=VECTOR('',#2056,10.);
#579=VECTOR('',#2057,10.);
#580=VECTOR('',#2058,10.);
#581=VECTOR('',#2061,10.);
#582=VECTOR('',#2062,10.);
#583=VECTOR('',#2063,10.);
#584=VECTOR('',#2066,10.);
#585=VECTOR('',#2067,10.);
#586=VECTOR('',#2068,10.);
#587=VECTOR('',#2071,10.);
#588=VECTOR('',#2072,10.);
#589=VECTOR('',#2077,10.);
#590=VECTOR('',#2078,10.);
#591=VECTOR('',#2079,10.);
#592=VECTOR('',#2080,10.);
#593=VECTOR('',#2083,10.);
#594=VECTOR('',#2084,10.);
#595=VECTOR('',#2085,10.);
#596=VECTOR('',#2088,10.);
#597=VECTOR('',#2089,10.);
#598=VECTOR('',#2090,10.);
#599=VECTOR('',#2093,10.);
#600=VECTOR('',#2094,10.);
#601=VECTOR('',#2099,10.);
#602=VECTOR('',#2100,10.);
#603=VECTOR('',#2101,10.);
#604=VECTOR('',#2102,10.);
#605=VECTOR('',#2105,10.);
#606=VECTOR('',#2106,10.);
#607=VECTOR('',#2107,10.);
#608=VECTOR('',#2110,10.);
#609=VECTOR('',#2111,10.);
#610=VECTOR('',#2112,10.);
#611=VECTOR('',#2115,10.);
#612=VECTOR('',#2116,10.);
#613=VECTOR('',#2121,10.);
#614=VECTOR('',#2122,10.);
#615=VECTOR('',#2123,10.);
#616=VECTOR('',#2124,10.);
#617=VECTOR('',#2127,10.);
#618=VECTOR('',#2128,10.);
#619=VECTOR('',#2129,10.);
#620=VECTOR('',#2132,10.);
#621=VECTOR('',#2133,10.);
#622=VECTOR('',#2134,10.);
#623=VECTOR('',#2137,10.);
#624=VECTOR('',#2138,10.);
#625=VECTOR('',#2143,10.);
#626=VECTOR('',#2144,10.);
#627=VECTOR('',#2145,10.);
#628=VECTOR('',#2146,10.);
#629=VECTOR('',#2149,10.);
#630=VECTOR('',#2150,10.);
#631=VECTOR('',#2151,10.);
#632=VECTOR('',#2154,10.);
#633=VECTOR('',#2155,10.);
#634=VECTOR('',#2156,10.);
#635=VECTOR('',#2159,10.);
#636=VECTOR('',#2160,10.);
#637=VECTOR('',#2165,10.);
#638=VECTOR('',#2166,10.);
#639=VECTOR('',#2167,10.);
#640=VECTOR('',#2168,10.);
#641=VECTOR('',#2171,10.);
#642=VECTOR('',#2172,10.);
#643=VECTOR('',#2173,10.);
#644=VECTOR('',#2176,10.);
#645=VECTOR('',#2177,10.);
#646=VECTOR('',#2178,10.);
#647=VECTOR('',#2181,10.);
#648=VECTOR('',#2182,10.);
#649=VECTOR('',#2187,10.);
#650=VECTOR('',#2188,10.);
#651=VECTOR('',#2189,10.);
#652=VECTOR('',#2190,10.);
#653=VECTOR('',#2193,10.);
#654=VECTOR('',#2194,10.);
#655=VECTOR('',#2195,10.);
#656=VECTOR('',#2198,10.);
#657=VECTOR('',#2199,10.);
#658=VECTOR('',#2200,10.);
#659=VECTOR('',#2203,10.);
#660=VECTOR('',#2204,10.);
#661=VECTOR('',#2209,10.);
#662=VECTOR('',#2210,10.);
#663=VECTOR('',#2211,10.);
#664=VECTOR('',#2212,10.);
#665=VECTOR('',#2215,10.);
#666=VECTOR('',#2216,10.);
#667=VECTOR('',#2217,10.);
#668=VECTOR('',#2220,10.);
#669=VECTOR('',#2221,10.);
#670=VECTOR('',#2222,10.);
#671=VECTOR('',#2225,10.);
#672=VECTOR('',#2226,10.);
#673=VECTOR('',#2233,1.25);
#674=VECTOR('',#2242,3.625);
#675=VECTOR('',#2249,10.);
#676=VECTOR('',#2250,10.);
#677=VECTOR('',#2251,10.);
#678=VECTOR('',#2252,10.);
#679=VECTOR('',#2255,10.);
#680=VECTOR('',#2256,10.);
#681=VECTOR('',#2257,10.);
#682=VECTOR('',#2260,10.);
#683=VECTOR('',#2261,10.);
#684=VECTOR('',#2262,10.);
#685=VECTOR('',#2265,10.);
#686=VECTOR('',#2266,10.);
#687=VECTOR('',#2277,1.25);
#688=VECTOR('',#2282,10.);
#689=VECTOR('',#2283,10.);
#690=VECTOR('',#2284,10.);
#691=VECTOR('',#2285,10.);
#692=VECTOR('',#2288,10.);
#693=VECTOR('',#2289,10.);
#694=VECTOR('',#2290,10.);
#695=VECTOR('',#2291,10.);
#696=VECTOR('',#2294,10.);
#697=VECTOR('',#2295,10.);
#698=VECTOR('',#2296,10.);
#699=VECTOR('',#2297,10.);
#700=VECTOR('',#2300,10.);
#701=VECTOR('',#2301,10.);
#702=VECTOR('',#2302,10.);
#703=VECTOR('',#2303,10.);
#704=VECTOR('',#2306,10.);
#705=VECTOR('',#2311,10.);
#706=VECTOR('',#2320,1.11197375);
#707=VECTOR('',#2327,1.25);
#708=VECTOR('',#2340,10.);
#709=VECTOR('',#2343,10.);
#710=VECTOR('',#2352,10.);
#711=VECTOR('',#2355,10.);
#712=VECTOR('',#2364,10.);
#713=VECTOR('',#2369,10.);
#714=VECTOR('',#2378,10.);
#715=VECTOR('',#2381,10.);
#716=VECTOR('',#2414,2.47804973462681);
#717=VECTOR('',#2417,10.);
#718=VECTOR('',#2420,10.);
#719=VECTOR('',#2423,10.);
#720=VECTOR('',#2428,10.);
#721=VECTOR('',#2431,10.);
#722=VECTOR('',#2434,10.);
#723=VECTOR('',#2435,10.);
#724=VECTOR('',#2438,10.);
#725=VECTOR('',#2449,0.392705765650408);
#726=VECTOR('',#2458,1.128215);
#727=VECTOR('',#2461,1.1891075);
#728=VERTEX_POINT('',#2485);
#729=VERTEX_POINT('',#2486);
#730=VERTEX_POINT('',#2488);
#731=VERTEX_POINT('',#2490);
#732=VERTEX_POINT('',#2494);
#733=VERTEX_POINT('',#2496);
#734=VERTEX_POINT('',#2500);
#735=VERTEX_POINT('',#2502);
#736=VERTEX_POINT('',#2510);
#737=VERTEX_POINT('',#2511);
#738=VERTEX_POINT('',#2513);
#739=VERTEX_POINT('',#2515);
#740=VERTEX_POINT('',#2519);
#741=VERTEX_POINT('',#2521);
#742=VERTEX_POINT('',#2525);
#743=VERTEX_POINT('',#2527);
#744=VERTEX_POINT('',#2535);
#745=VERTEX_POINT('',#2536);
#746=VERTEX_POINT('',#2538);
#747=VERTEX_POINT('',#2540);
#748=VERTEX_POINT('',#2544);
#749=VERTEX_POINT('',#2546);
#750=VERTEX_POINT('',#2550);
#751=VERTEX_POINT('',#2552);
#752=VERTEX_POINT('',#2560);
#753=VERTEX_POINT('',#2561);
#754=VERTEX_POINT('',#2563);
#755=VERTEX_POINT('',#2565);
#756=VERTEX_POINT('',#2569);
#757=VERTEX_POINT('',#2571);
#758=VERTEX_POINT('',#2575);
#759=VERTEX_POINT('',#2577);
#760=VERTEX_POINT('',#2585);
#761=VERTEX_POINT('',#2586);
#762=VERTEX_POINT('',#2588);
#763=VERTEX_POINT('',#2590);
#764=VERTEX_POINT('',#2594);
#765=VERTEX_POINT('',#2596);
#766=VERTEX_POINT('',#2600);
#767=VERTEX_POINT('',#2602);
#768=VERTEX_POINT('',#2610);
#769=VERTEX_POINT('',#2611);
#770=VERTEX_POINT('',#2613);
#771=VERTEX_POINT('',#2615);
#772=VERTEX_POINT('',#2619);
#773=VERTEX_POINT('',#2621);
#774=VERTEX_POINT('',#2625);
#775=VERTEX_POINT('',#2627);
#776=VERTEX_POINT('',#2635);
#777=VERTEX_POINT('',#2636);
#778=VERTEX_POINT('',#2638);
#779=VERTEX_POINT('',#2640);
#780=VERTEX_POINT('',#2644);
#781=VERTEX_POINT('',#2646);
#782=VERTEX_POINT('',#2650);
#783=VERTEX_POINT('',#2652);
#784=VERTEX_POINT('',#2660);
#785=VERTEX_POINT('',#2661);
#786=VERTEX_POINT('',#2663);
#787=VERTEX_POINT('',#2665);
#788=VERTEX_POINT('',#2669);
#789=VERTEX_POINT('',#2671);
#790=VERTEX_POINT('',#2675);
#791=VERTEX_POINT('',#2677);
#792=VERTEX_POINT('',#2685);
#793=VERTEX_POINT('',#2686);
#794=VERTEX_POINT('',#2688);
#795=VERTEX_POINT('',#2690);
#796=VERTEX_POINT('',#2694);
#797=VERTEX_POINT('',#2696);
#798=VERTEX_POINT('',#2700);
#799=VERTEX_POINT('',#2702);
#800=VERTEX_POINT('',#2710);
#801=VERTEX_POINT('',#2711);
#802=VERTEX_POINT('',#2713);
#803=VERTEX_POINT('',#2715);
#804=VERTEX_POINT('',#2719);
#805=VERTEX_POINT('',#2721);
#806=VERTEX_POINT('',#2725);
#807=VERTEX_POINT('',#2727);
#808=VERTEX_POINT('',#2735);
#809=VERTEX_POINT('',#2737);
#810=VERTEX_POINT('',#2742);
#811=VERTEX_POINT('',#2744);
#812=VERTEX_POINT('',#2749);
#813=VERTEX_POINT('',#2750);
#814=VERTEX_POINT('',#2752);
#815=VERTEX_POINT('',#2754);
#816=VERTEX_POINT('',#2758);
#817=VERTEX_POINT('',#2760);
#818=VERTEX_POINT('',#2764);
#819=VERTEX_POINT('',#2766);
#820=VERTEX_POINT('',#2776);
#821=VERTEX_POINT('',#2778);
#822=VERTEX_POINT('',#2782);
#823=VERTEX_POINT('',#2783);
#824=VERTEX_POINT('',#2785);
#825=VERTEX_POINT('',#2787);
#826=VERTEX_POINT('',#2791);
#827=VERTEX_POINT('',#2792);
#828=VERTEX_POINT('',#2794);
#829=VERTEX_POINT('',#2796);
#830=VERTEX_POINT('',#2800);
#831=VERTEX_POINT('',#2802);
#832=VERTEX_POINT('',#2808);
#833=VERTEX_POINT('',#2810);
#834=VERTEX_POINT('',#2821);
#835=VERTEX_POINT('',#2823);
#836=VERTEX_POINT('',#2825);
#837=VERTEX_POINT('',#2829);
#838=VERTEX_POINT('',#2834);
#839=VERTEX_POINT('',#2835);
#840=VERTEX_POINT('',#2846);
#841=VERTEX_POINT('',#2848);
#842=VERTEX_POINT('',#2861);
#843=VERTEX_POINT('',#2863);
#844=VERTEX_POINT('',#2867);
#845=VERTEX_POINT('',#2868);
#846=VERTEX_POINT('',#2879);
#847=VERTEX_POINT('',#2881);
#848=VERTEX_POINT('',#2894);
#849=VERTEX_POINT('',#2896);
#850=VERTEX_POINT('',#2900);
#851=VERTEX_POINT('',#2901);
#852=VERTEX_POINT('',#2912);
#853=VERTEX_POINT('',#2914);
#854=VERTEX_POINT('',#2927);
#855=VERTEX_POINT('',#2929);
#856=VERTEX_POINT('',#2931);
#857=VERTEX_POINT('',#2935);
#858=VERTEX_POINT('',#2936);
#859=VERTEX_POINT('',#2947);
#860=VERTEX_POINT('',#2949);
#861=VERTEX_POINT('',#2962);
#862=VERTEX_POINT('',#2964);
#863=VERTEX_POINT('',#2968);
#864=VERTEX_POINT('',#2969);
#865=VERTEX_POINT('',#2972);
#866=VERTEX_POINT('',#2976);
#867=VERTEX_POINT('',#2978);
#868=VERTEX_POINT('',#2990);
#869=VERTEX_POINT('',#2992);
#870=VERTEX_POINT('',#3004);
#871=VERTEX_POINT('',#3006);
#872=VERTEX_POINT('',#3018);
#873=VERTEX_POINT('',#3020);
#874=VERTEX_POINT('',#3033);
#875=VERTEX_POINT('',#3037);
#876=VERTEX_POINT('',#3043);
#877=VERTEX_POINT('',#3049);
#878=VERTEX_POINT('',#3070);
#879=VERTEX_POINT('',#3076);
#880=VERTEX_POINT('',#3093);
#881=VERTEX_POINT('',#3095);
#882=VERTEX_POINT('',#3112);
#883=VERTEX_POINT('',#3145);
#884=VERTEX_POINT('',#3148);
#885=VERTEX_POINT('',#3151);
#886=EDGE_CURVE('',#728,#729,#378,.T.);
#887=EDGE_CURVE('',#728,#730,#379,.T.);
#888=EDGE_CURVE('',#730,#731,#380,.T.);
#889=EDGE_CURVE('',#729,#731,#381,.T.);
#890=EDGE_CURVE('',#732,#728,#382,.T.);
#891=EDGE_CURVE('',#732,#733,#383,.T.);
#892=EDGE_CURVE('',#733,#730,#384,.T.);
#893=EDGE_CURVE('',#734,#732,#385,.T.);
#894=EDGE_CURVE('',#734,#735,#386,.T.);
#895=EDGE_CURVE('',#735,#733,#387,.T.);
#896=EDGE_CURVE('',#729,#734,#388,.T.);
#897=EDGE_CURVE('',#731,#735,#389,.T.);
#898=EDGE_CURVE('',#736,#737,#390,.T.);
#899=EDGE_CURVE('',#736,#738,#391,.T.);
#900=EDGE_CURVE('',#738,#739,#392,.T.);
#901=EDGE_CURVE('',#737,#739,#393,.T.);
#902=EDGE_CURVE('',#740,#736,#394,.T.);
#903=EDGE_CURVE('',#740,#741,#395,.T.);
#904=EDGE_CURVE('',#741,#738,#396,.T.);
#905=EDGE_CURVE('',#742,#740,#397,.T.);
#906=EDGE_CURVE('',#742,#743,#398,.T.);
#907=EDGE_CURVE('',#743,#741,#399,.T.);
#908=EDGE_CURVE('',#737,#742,#400,.T.);
#909=EDGE_CURVE('',#739,#743,#401,.T.);
#910=EDGE_CURVE('',#744,#745,#402,.T.);
#911=EDGE_CURVE('',#744,#746,#403,.T.);
#912=EDGE_CURVE('',#746,#747,#404,.T.);
#913=EDGE_CURVE('',#745,#747,#405,.T.);
#914=EDGE_CURVE('',#748,#744,#406,.T.);
#915=EDGE_CURVE('',#748,#749,#407,.T.);
#916=EDGE_CURVE('',#749,#746,#408,.T.);
#917=EDGE_CURVE('',#750,#748,#409,.T.);
#918=EDGE_CURVE('',#750,#751,#410,.T.);
#919=EDGE_CURVE('',#751,#749,#411,.T.);
#920=EDGE_CURVE('',#745,#750,#412,.T.);
#921=EDGE_CURVE('',#747,#751,#413,.T.);
#922=EDGE_CURVE('',#752,#753,#414,.T.);
#923=EDGE_CURVE('',#752,#754,#415,.T.);
#924=EDGE_CURVE('',#754,#755,#416,.T.);
#925=EDGE_CURVE('',#753,#755,#417,.T.);
#926=EDGE_CURVE('',#756,#752,#418,.T.);
#927=EDGE_CURVE('',#756,#757,#419,.T.);
#928=EDGE_CURVE('',#757,#754,#420,.T.);
#929=EDGE_CURVE('',#758,#756,#421,.T.);
#930=EDGE_CURVE('',#758,#759,#422,.T.);
#931=EDGE_CURVE('',#759,#757,#423,.T.);
#932=EDGE_CURVE('',#753,#758,#424,.T.);
#933=EDGE_CURVE('',#755,#759,#425,.T.);
#934=EDGE_CURVE('',#760,#761,#426,.T.);
#935=EDGE_CURVE('',#760,#762,#427,.T.);
#936=EDGE_CURVE('',#762,#763,#428,.T.);
#937=EDGE_CURVE('',#761,#763,#429,.T.);
#938=EDGE_CURVE('',#764,#760,#430,.T.);
#939=EDGE_CURVE('',#764,#765,#431,.T.);
#940=EDGE_CURVE('',#765,#762,#432,.T.);
#941=EDGE_CURVE('',#766,#764,#433,.T.);
#942=EDGE_CURVE('',#766,#767,#434,.T.);
#943=EDGE_CURVE('',#767,#765,#435,.T.);
#944=EDGE_CURVE('',#761,#766,#436,.T.);
#945=EDGE_CURVE('',#763,#767,#437,.T.);
#946=EDGE_CURVE('',#768,#769,#438,.T.);
#947=EDGE_CURVE('',#768,#770,#439,.T.);
#948=EDGE_CURVE('',#770,#771,#440,.T.);
#949=EDGE_CURVE('',#769,#771,#441,.T.);
#950=EDGE_CURVE('',#772,#768,#442,.T.);
#951=EDGE_CURVE('',#772,#773,#443,.T.);
#952=EDGE_CURVE('',#773,#770,#444,.T.);
#953=EDGE_CURVE('',#774,#772,#445,.T.);
#954=EDGE_CURVE('',#774,#775,#446,.T.);
#955=EDGE_CURVE('',#775,#773,#447,.T.);
#956=EDGE_CURVE('',#769,#774,#448,.T.);
#957=EDGE_CURVE('',#771,#775,#449,.T.);
#958=EDGE_CURVE('',#776,#777,#450,.T.);
#959=EDGE_CURVE('',#776,#778,#451,.T.);
#960=EDGE_CURVE('',#778,#779,#452,.T.);
#961=EDGE_CURVE('',#777,#779,#453,.T.);
#962=EDGE_CURVE('',#780,#776,#454,.T.);
#963=EDGE_CURVE('',#780,#781,#455,.T.);
#964=EDGE_CURVE('',#781,#778,#456,.T.);
#965=EDGE_CURVE('',#782,#780,#457,.T.);
#966=EDGE_CURVE('',#782,#783,#458,.T.);
#967=EDGE_CURVE('',#783,#781,#459,.T.);
#968=EDGE_CURVE('',#777,#782,#460,.T.);
#969=EDGE_CURVE('',#779,#783,#461,.T.);
#970=EDGE_CURVE('',#784,#785,#462,.T.);
#971=EDGE_CURVE('',#784,#786,#463,.T.);
#972=EDGE_CURVE('',#786,#787,#464,.T.);
#973=EDGE_CURVE('',#785,#787,#465,.T.);
#974=EDGE_CURVE('',#788,#784,#466,.T.);
#975=EDGE_CURVE('',#788,#789,#467,.T.);
#976=EDGE_CURVE('',#789,#786,#468,.T.);
#977=EDGE_CURVE('',#790,#788,#469,.T.);
#978=EDGE_CURVE('',#790,#791,#470,.T.);
#979=EDGE_CURVE('',#791,#789,#471,.T.);
#980=EDGE_CURVE('',#785,#790,#472,.T.);
#981=EDGE_CURVE('',#787,#791,#473,.T.);
#982=EDGE_CURVE('',#792,#793,#474,.T.);
#983=EDGE_CURVE('',#792,#794,#475,.T.);
#984=EDGE_CURVE('',#794,#795,#476,.T.);
#985=EDGE_CURVE('',#793,#795,#477,.T.);
#986=EDGE_CURVE('',#796,#792,#478,.T.);
#987=EDGE_CURVE('',#796,#797,#479,.T.);
#988=EDGE_CURVE('',#797,#794,#480,.T.);
#989=EDGE_CURVE('',#798,#796,#481,.T.);
#990=EDGE_CURVE('',#798,#799,#482,.T.);
#991=EDGE_CURVE('',#799,#797,#483,.T.);
#992=EDGE_CURVE('',#793,#798,#484,.T.);
#993=EDGE_CURVE('',#795,#799,#485,.T.);
#994=EDGE_CURVE('',#800,#801,#486,.T.);
#995=EDGE_CURVE('',#800,#802,#487,.T.);
#996=EDGE_CURVE('',#802,#803,#488,.T.);
#997=EDGE_CURVE('',#801,#803,#489,.T.);
#998=EDGE_CURVE('',#804,#800,#490,.T.);
#999=EDGE_CURVE('',#804,#805,#491,.T.);
#1000=EDGE_CURVE('',#805,#802,#492,.T.);
#1001=EDGE_CURVE('',#806,#804,#493,.T.);
#1002=EDGE_CURVE('',#806,#807,#494,.T.);
#1003=EDGE_CURVE('',#807,#805,#495,.T.);
#1004=EDGE_CURVE('',#801,#806,#496,.T.);
#1005=EDGE_CURVE('',#803,#807,#497,.T.);
#1006=EDGE_CURVE('',#808,#808,#121,.T.);
#1007=EDGE_CURVE('',#808,#809,#498,.T.);
#1008=EDGE_CURVE('',#809,#809,#122,.T.);
#1009=EDGE_CURVE('',#810,#810,#123,.T.);
#1010=EDGE_CURVE('',#810,#811,#499,.T.);
#1011=EDGE_CURVE('',#811,#811,#124,.T.);
#1012=EDGE_CURVE('',#812,#813,#500,.T.);
#1013=EDGE_CURVE('',#812,#814,#501,.T.);
#1014=EDGE_CURVE('',#815,#814,#502,.T.);
#1015=EDGE_CURVE('',#813,#815,#503,.T.);
#1016=EDGE_CURVE('',#813,#816,#504,.T.);
#1017=EDGE_CURVE('',#817,#815,#505,.T.);
#1018=EDGE_CURVE('',#816,#817,#506,.T.);
#1019=EDGE_CURVE('',#816,#818,#507,.T.);
#1020=EDGE_CURVE('',#819,#817,#508,.T.);
#1021=EDGE_CURVE('',#818,#819,#509,.T.);
#1022=EDGE_CURVE('',#818,#812,#510,.T.);
#1023=EDGE_CURVE('',#814,#819,#511,.T.);
#1024=EDGE_CURVE('',#820,#820,#125,.T.);
#1025=EDGE_CURVE('',#820,#821,#512,.T.);
#1026=EDGE_CURVE('',#821,#821,#126,.T.);
#1027=EDGE_CURVE('',#822,#823,#513,.T.);
#1028=EDGE_CURVE('',#824,#822,#514,.T.);
#1029=EDGE_CURVE('',#825,#824,#515,.T.);
#1030=EDGE_CURVE('',#823,#825,#516,.T.);
#1031=EDGE_CURVE('',#826,#827,#517,.T.);
#1032=EDGE_CURVE('',#828,#826,#518,.T.);
#1033=EDGE_CURVE('',#829,#828,#519,.T.);
#1034=EDGE_CURVE('',#827,#829,#520,.T.);
#1035=EDGE_CURVE('',#824,#830,#521,.T.);
#1036=EDGE_CURVE('',#830,#831,#522,.T.);
#1037=EDGE_CURVE('',#831,#829,#523,.T.);
#1038=EDGE_CURVE('',#828,#825,#524,.T.);
#1039=EDGE_CURVE('',#823,#826,#525,.T.);
#1040=EDGE_CURVE('',#827,#832,#526,.T.);
#1041=EDGE_CURVE('',#832,#833,#527,.T.);
#1042=EDGE_CURVE('',#833,#822,#528,.T.);
#1043=EDGE_CURVE('',#831,#832,#529,.T.);
#1044=EDGE_CURVE('',#830,#833,#530,.T.);
#1045=EDGE_CURVE('',#834,#834,#127,.T.);
#1046=EDGE_CURVE('',#834,#835,#531,.T.);
#1047=EDGE_CURVE('',#835,#836,#128,.T.);
#1048=EDGE_CURVE('',#836,#835,#129,.T.);
#1049=EDGE_CURVE('',#836,#837,#532,.T.);
#1050=EDGE_CURVE('',#837,#837,#130,.T.);
#1051=EDGE_CURVE('',#838,#839,#60,.F.);
#1052=EDGE_CURVE('',#839,#840,#131,.T.);
#1053=EDGE_CURVE('',#840,#841,#61,.F.);
#1054=EDGE_CURVE('',#841,#838,#132,.T.);
#1055=EDGE_CURVE('',#839,#842,#533,.T.);
#1056=EDGE_CURVE('',#842,#843,#133,.T.);
#1057=EDGE_CURVE('',#843,#840,#534,.T.);
#1058=EDGE_CURVE('',#844,#845,#62,.F.);
#1059=EDGE_CURVE('',#845,#846,#134,.T.);
#1060=EDGE_CURVE('',#846,#847,#63,.F.);
#1061=EDGE_CURVE('',#847,#844,#135,.T.);
#1062=EDGE_CURVE('',#845,#848,#535,.T.);
#1063=EDGE_CURVE('',#848,#849,#136,.T.);
#1064=EDGE_CURVE('',#849,#846,#536,.T.);
#1065=EDGE_CURVE('',#850,#851,#64,.F.);
#1066=EDGE_CURVE('',#851,#852,#137,.T.);
#1067=EDGE_CURVE('',#852,#853,#65,.F.);
#1068=EDGE_CURVE('',#853,#850,#138,.T.);
#1069=EDGE_CURVE('',#851,#854,#537,.T.);
#1070=EDGE_CURVE('',#854,#855,#139,.T.);
#1071=EDGE_CURVE('',#855,#856,#140,.T.);
#1072=EDGE_CURVE('',#856,#852,#538,.T.);
#1073=EDGE_CURVE('',#857,#858,#66,.F.);
#1074=EDGE_CURVE('',#858,#859,#141,.T.);
#1075=EDGE_CURVE('',#859,#860,#67,.F.);
#1076=EDGE_CURVE('',#860,#857,#142,.T.);
#1077=EDGE_CURVE('',#858,#861,#539,.T.);
#1078=EDGE_CURVE('',#861,#862,#143,.T.);
#1079=EDGE_CURVE('',#862,#859,#540,.T.);
#1080=EDGE_CURVE('',#863,#864,#144,.T.);
#1081=EDGE_CURVE('',#864,#863,#145,.T.);
#1082=EDGE_CURVE('',#863,#865,#146,.T.);
#1083=EDGE_CURVE('',#865,#865,#147,.T.);
#1084=EDGE_CURVE('',#866,#841,#148,.T.);
#1085=EDGE_CURVE('',#867,#866,#68,.T.);
#1086=EDGE_CURVE('',#857,#867,#149,.T.);
#1087=EDGE_CURVE('',#868,#860,#150,.T.);
#1088=EDGE_CURVE('',#869,#868,#69,.T.);
#1089=EDGE_CURVE('',#850,#869,#151,.T.);
#1090=EDGE_CURVE('',#870,#853,#152,.T.);
#1091=EDGE_CURVE('',#871,#870,#70,.T.);
#1092=EDGE_CURVE('',#844,#871,#153,.T.);
#1093=EDGE_CURVE('',#872,#847,#154,.T.);
#1094=EDGE_CURVE('',#873,#872,#71,.T.);
#1095=EDGE_CURVE('',#838,#873,#155,.T.);
#1096=EDGE_CURVE('',#874,#874,#156,.T.);
#1097=EDGE_CURVE('',#874,#864,#541,.T.);
#1098=EDGE_CURVE('',#875,#856,#51,.T.);
#1099=EDGE_CURVE('',#870,#875,#542,.T.);
#1100=EDGE_CURVE('',#869,#876,#543,.T.);
#1101=EDGE_CURVE('',#854,#876,#52,.T.);
#1102=EDGE_CURVE('',#868,#877,#544,.T.);
#1103=EDGE_CURVE('',#876,#877,#72,.T.);
#1104=EDGE_CURVE('',#877,#862,#53,.T.);
#1105=EDGE_CURVE('',#867,#878,#545,.T.);
#1106=EDGE_CURVE('',#861,#878,#54,.T.);
#1107=EDGE_CURVE('',#866,#879,#546,.T.);
#1108=EDGE_CURVE('',#878,#879,#73,.T.);
#1109=EDGE_CURVE('',#872,#880,#547,.T.);
#1110=EDGE_CURVE('',#881,#880,#74,.T.);
#1111=EDGE_CURVE('',#873,#881,#548,.T.);
#1112=EDGE_CURVE('',#882,#875,#75,.T.);
#1113=EDGE_CURVE('',#871,#882,#549,.T.);
#1114=EDGE_CURVE('',#879,#843,#55,.T.);
#1115=EDGE_CURVE('',#880,#849,#56,.T.);
#1116=EDGE_CURVE('',#842,#881,#57,.T.);
#1117=EDGE_CURVE('',#848,#882,#58,.T.);
#1118=EDGE_CURVE('',#883,#855,#550,.T.);
#1119=EDGE_CURVE('',#884,#884,#157,.T.);
#1120=EDGE_CURVE('',#885,#885,#158,.T.);
#1121=EDGE_CURVE('',#885,#884,#551,.T.);
#1122=EDGE_CURVE('',#837,#885,#552,.T.);
#1123=ORIENTED_EDGE('',*,*,#886,.F.);
#1124=ORIENTED_EDGE('',*,*,#887,.T.);
#1125=ORIENTED_EDGE('',*,*,#888,.T.);
#1126=ORIENTED_EDGE('',*,*,#889,.F.);
#1127=ORIENTED_EDGE('',*,*,#890,.F.);
#1128=ORIENTED_EDGE('',*,*,#891,.T.);
#1129=ORIENTED_EDGE('',*,*,#892,.T.);
#1130=ORIENTED_EDGE('',*,*,#887,.F.);
#1131=ORIENTED_EDGE('',*,*,#893,.F.);
#1132=ORIENTED_EDGE('',*,*,#894,.T.);
#1133=ORIENTED_EDGE('',*,*,#895,.T.);
#1134=ORIENTED_EDGE('',*,*,#891,.F.);
#1135=ORIENTED_EDGE('',*,*,#896,.F.);
#1136=ORIENTED_EDGE('',*,*,#889,.T.);
#1137=ORIENTED_EDGE('',*,*,#897,.T.);
#1138=ORIENTED_EDGE('',*,*,#894,.F.);
#1139=ORIENTED_EDGE('',*,*,#897,.F.);
#1140=ORIENTED_EDGE('',*,*,#888,.F.);
#1141=ORIENTED_EDGE('',*,*,#892,.F.);
#1142=ORIENTED_EDGE('',*,*,#895,.F.);
#1143=ORIENTED_EDGE('',*,*,#898,.F.);
#1144=ORIENTED_EDGE('',*,*,#899,.T.);
#1145=ORIENTED_EDGE('',*,*,#900,.T.);
#1146=ORIENTED_EDGE('',*,*,#901,.F.);
#1147=ORIENTED_EDGE('',*,*,#902,.F.);
#1148=ORIENTED_EDGE('',*,*,#903,.T.);
#1149=ORIENTED_EDGE('',*,*,#904,.T.);
#1150=ORIENTED_EDGE('',*,*,#899,.F.);
#1151=ORIENTED_EDGE('',*,*,#905,.F.);
#1152=ORIENTED_EDGE('',*,*,#906,.T.);
#1153=ORIENTED_EDGE('',*,*,#907,.T.);
#1154=ORIENTED_EDGE('',*,*,#903,.F.);
#1155=ORIENTED_EDGE('',*,*,#908,.F.);
#1156=ORIENTED_EDGE('',*,*,#901,.T.);
#1157=ORIENTED_EDGE('',*,*,#909,.T.);
#1158=ORIENTED_EDGE('',*,*,#906,.F.);
#1159=ORIENTED_EDGE('',*,*,#909,.F.);
#1160=ORIENTED_EDGE('',*,*,#900,.F.);
#1161=ORIENTED_EDGE('',*,*,#904,.F.);
#1162=ORIENTED_EDGE('',*,*,#907,.F.);
#1163=ORIENTED_EDGE('',*,*,#910,.F.);
#1164=ORIENTED_EDGE('',*,*,#911,.T.);
#1165=ORIENTED_EDGE('',*,*,#912,.T.);
#1166=ORIENTED_EDGE('',*,*,#913,.F.);
#1167=ORIENTED_EDGE('',*,*,#914,.F.);
#1168=ORIENTED_EDGE('',*,*,#915,.T.);
#1169=ORIENTED_EDGE('',*,*,#916,.T.);
#1170=ORIENTED_EDGE('',*,*,#911,.F.);
#1171=ORIENTED_EDGE('',*,*,#917,.F.);
#1172=ORIENTED_EDGE('',*,*,#918,.T.);
#1173=ORIENTED_EDGE('',*,*,#919,.T.);
#1174=ORIENTED_EDGE('',*,*,#915,.F.);
#1175=ORIENTED_EDGE('',*,*,#920,.F.);
#1176=ORIENTED_EDGE('',*,*,#913,.T.);
#1177=ORIENTED_EDGE('',*,*,#921,.T.);
#1178=ORIENTED_EDGE('',*,*,#918,.F.);
#1179=ORIENTED_EDGE('',*,*,#921,.F.);
#1180=ORIENTED_EDGE('',*,*,#912,.F.);
#1181=ORIENTED_EDGE('',*,*,#916,.F.);
#1182=ORIENTED_EDGE('',*,*,#919,.F.);
#1183=ORIENTED_EDGE('',*,*,#922,.F.);
#1184=ORIENTED_EDGE('',*,*,#923,.T.);
#1185=ORIENTED_EDGE('',*,*,#924,.T.);
#1186=ORIENTED_EDGE('',*,*,#925,.F.);
#1187=ORIENTED_EDGE('',*,*,#926,.F.);
#1188=ORIENTED_EDGE('',*,*,#927,.T.);
#1189=ORIENTED_EDGE('',*,*,#928,.T.);
#1190=ORIENTED_EDGE('',*,*,#923,.F.);
#1191=ORIENTED_EDGE('',*,*,#929,.F.);
#1192=ORIENTED_EDGE('',*,*,#930,.T.);
#1193=ORIENTED_EDGE('',*,*,#931,.T.);
#1194=ORIENTED_EDGE('',*,*,#927,.F.);
#1195=ORIENTED_EDGE('',*,*,#932,.F.);
#1196=ORIENTED_EDGE('',*,*,#925,.T.);
#1197=ORIENTED_EDGE('',*,*,#933,.T.);
#1198=ORIENTED_EDGE('',*,*,#930,.F.);
#1199=ORIENTED_EDGE('',*,*,#933,.F.);
#1200=ORIENTED_EDGE('',*,*,#924,.F.);
#1201=ORIENTED_EDGE('',*,*,#928,.F.);
#1202=ORIENTED_EDGE('',*,*,#931,.F.);
#1203=ORIENTED_EDGE('',*,*,#934,.F.);
#1204=ORIENTED_EDGE('',*,*,#935,.T.);
#1205=ORIENTED_EDGE('',*,*,#936,.T.);
#1206=ORIENTED_EDGE('',*,*,#937,.F.);
#1207=ORIENTED_EDGE('',*,*,#938,.F.);
#1208=ORIENTED_EDGE('',*,*,#939,.T.);
#1209=ORIENTED_EDGE('',*,*,#940,.T.);
#1210=ORIENTED_EDGE('',*,*,#935,.F.);
#1211=ORIENTED_EDGE('',*,*,#941,.F.);
#1212=ORIENTED_EDGE('',*,*,#942,.T.);
#1213=ORIENTED_EDGE('',*,*,#943,.T.);
#1214=ORIENTED_EDGE('',*,*,#939,.F.);
#1215=ORIENTED_EDGE('',*,*,#944,.F.);
#1216=ORIENTED_EDGE('',*,*,#937,.T.);
#1217=ORIENTED_EDGE('',*,*,#945,.T.);
#1218=ORIENTED_EDGE('',*,*,#942,.F.);
#1219=ORIENTED_EDGE('',*,*,#945,.F.);
#1220=ORIENTED_EDGE('',*,*,#936,.F.);
#1221=ORIENTED_EDGE('',*,*,#940,.F.);
#1222=ORIENTED_EDGE('',*,*,#943,.F.);
#1223=ORIENTED_EDGE('',*,*,#946,.F.);
#1224=ORIENTED_EDGE('',*,*,#947,.T.);
#1225=ORIENTED_EDGE('',*,*,#948,.T.);
#1226=ORIENTED_EDGE('',*,*,#949,.F.);
#1227=ORIENTED_EDGE('',*,*,#950,.F.);
#1228=ORIENTED_EDGE('',*,*,#951,.T.);
#1229=ORIENTED_EDGE('',*,*,#952,.T.);
#1230=ORIENTED_EDGE('',*,*,#947,.F.);
#1231=ORIENTED_EDGE('',*,*,#953,.F.);
#1232=ORIENTED_EDGE('',*,*,#954,.T.);
#1233=ORIENTED_EDGE('',*,*,#955,.T.);
#1234=ORIENTED_EDGE('',*,*,#951,.F.);
#1235=ORIENTED_EDGE('',*,*,#956,.F.);
#1236=ORIENTED_EDGE('',*,*,#949,.T.);
#1237=ORIENTED_EDGE('',*,*,#957,.T.);
#1238=ORIENTED_EDGE('',*,*,#954,.F.);
#1239=ORIENTED_EDGE('',*,*,#957,.F.);
#1240=ORIENTED_EDGE('',*,*,#948,.F.);
#1241=ORIENTED_EDGE('',*,*,#952,.F.);
#1242=ORIENTED_EDGE('',*,*,#955,.F.);
#1243=ORIENTED_EDGE('',*,*,#958,.F.);
#1244=ORIENTED_EDGE('',*,*,#959,.T.);
#1245=ORIENTED_EDGE('',*,*,#960,.T.);
#1246=ORIENTED_EDGE('',*,*,#961,.F.);
#1247=ORIENTED_EDGE('',*,*,#962,.F.);
#1248=ORIENTED_EDGE('',*,*,#963,.T.);
#1249=ORIENTED_EDGE('',*,*,#964,.T.);
#1250=ORIENTED_EDGE('',*,*,#959,.F.);
#1251=ORIENTED_EDGE('',*,*,#965,.F.);
#1252=ORIENTED_EDGE('',*,*,#966,.T.);
#1253=ORIENTED_EDGE('',*,*,#967,.T.);
#1254=ORIENTED_EDGE('',*,*,#963,.F.);
#1255=ORIENTED_EDGE('',*,*,#968,.F.);
#1256=ORIENTED_EDGE('',*,*,#961,.T.);
#1257=ORIENTED_EDGE('',*,*,#969,.T.);
#1258=ORIENTED_EDGE('',*,*,#966,.F.);
#1259=ORIENTED_EDGE('',*,*,#969,.F.);
#1260=ORIENTED_EDGE('',*,*,#960,.F.);
#1261=ORIENTED_EDGE('',*,*,#964,.F.);
#1262=ORIENTED_EDGE('',*,*,#967,.F.);
#1263=ORIENTED_EDGE('',*,*,#970,.F.);
#1264=ORIENTED_EDGE('',*,*,#971,.T.);
#1265=ORIENTED_EDGE('',*,*,#972,.T.);
#1266=ORIENTED_EDGE('',*,*,#973,.F.);
#1267=ORIENTED_EDGE('',*,*,#974,.F.);
#1268=ORIENTED_EDGE('',*,*,#975,.T.);
#1269=ORIENTED_EDGE('',*,*,#976,.T.);
#1270=ORIENTED_EDGE('',*,*,#971,.F.);
#1271=ORIENTED_EDGE('',*,*,#977,.F.);
#1272=ORIENTED_EDGE('',*,*,#978,.T.);
#1273=ORIENTED_EDGE('',*,*,#979,.T.);
#1274=ORIENTED_EDGE('',*,*,#975,.F.);
#1275=ORIENTED_EDGE('',*,*,#980,.F.);
#1276=ORIENTED_EDGE('',*,*,#973,.T.);
#1277=ORIENTED_EDGE('',*,*,#981,.T.);
#1278=ORIENTED_EDGE('',*,*,#978,.F.);
#1279=ORIENTED_EDGE('',*,*,#981,.F.);
#1280=ORIENTED_EDGE('',*,*,#972,.F.);
#1281=ORIENTED_EDGE('',*,*,#976,.F.);
#1282=ORIENTED_EDGE('',*,*,#979,.F.);
#1283=ORIENTED_EDGE('',*,*,#982,.F.);
#1284=ORIENTED_EDGE('',*,*,#983,.T.);
#1285=ORIENTED_EDGE('',*,*,#984,.T.);
#1286=ORIENTED_EDGE('',*,*,#985,.F.);
#1287=ORIENTED_EDGE('',*,*,#986,.F.);
#1288=ORIENTED_EDGE('',*,*,#987,.T.);
#1289=ORIENTED_EDGE('',*,*,#988,.T.);
#1290=ORIENTED_EDGE('',*,*,#983,.F.);
#1291=ORIENTED_EDGE('',*,*,#989,.F.);
#1292=ORIENTED_EDGE('',*,*,#990,.T.);
#1293=ORIENTED_EDGE('',*,*,#991,.T.);
#1294=ORIENTED_EDGE('',*,*,#987,.F.);
#1295=ORIENTED_EDGE('',*,*,#992,.F.);
#1296=ORIENTED_EDGE('',*,*,#985,.T.);
#1297=ORIENTED_EDGE('',*,*,#993,.T.);
#1298=ORIENTED_EDGE('',*,*,#990,.F.);
#1299=ORIENTED_EDGE('',*,*,#993,.F.);
#1300=ORIENTED_EDGE('',*,*,#984,.F.);
#1301=ORIENTED_EDGE('',*,*,#988,.F.);
#1302=ORIENTED_EDGE('',*,*,#991,.F.);
#1303=ORIENTED_EDGE('',*,*,#994,.F.);
#1304=ORIENTED_EDGE('',*,*,#995,.T.);
#1305=ORIENTED_EDGE('',*,*,#996,.T.);
#1306=ORIENTED_EDGE('',*,*,#997,.F.);
#1307=ORIENTED_EDGE('',*,*,#998,.F.);
#1308=ORIENTED_EDGE('',*,*,#999,.T.);
#1309=ORIENTED_EDGE('',*,*,#1000,.T.);
#1310=ORIENTED_EDGE('',*,*,#995,.F.);
#1311=ORIENTED_EDGE('',*,*,#1001,.F.);
#1312=ORIENTED_EDGE('',*,*,#1002,.T.);
#1313=ORIENTED_EDGE('',*,*,#1003,.T.);
#1314=ORIENTED_EDGE('',*,*,#999,.F.);
#1315=ORIENTED_EDGE('',*,*,#1004,.F.);
#1316=ORIENTED_EDGE('',*,*,#997,.T.);
#1317=ORIENTED_EDGE('',*,*,#1005,.T.);
#1318=ORIENTED_EDGE('',*,*,#1002,.F.);
#1319=ORIENTED_EDGE('',*,*,#1005,.F.);
#1320=ORIENTED_EDGE('',*,*,#996,.F.);
#1321=ORIENTED_EDGE('',*,*,#1000,.F.);
#1322=ORIENTED_EDGE('',*,*,#1003,.F.);
#1323=ORIENTED_EDGE('',*,*,#1006,.F.);
#1324=ORIENTED_EDGE('',*,*,#1007,.T.);
#1325=ORIENTED_EDGE('',*,*,#1008,.T.);
#1326=ORIENTED_EDGE('',*,*,#1007,.F.);
#1327=ORIENTED_EDGE('',*,*,#1008,.F.);
#1328=ORIENTED_EDGE('',*,*,#1009,.F.);
#1329=ORIENTED_EDGE('',*,*,#1010,.T.);
#1330=ORIENTED_EDGE('',*,*,#1011,.T.);
#1331=ORIENTED_EDGE('',*,*,#1010,.F.);
#1332=ORIENTED_EDGE('',*,*,#1011,.F.);
#1333=ORIENTED_EDGE('',*,*,#1006,.T.);
#1334=ORIENTED_EDGE('',*,*,#1012,.F.);
#1335=ORIENTED_EDGE('',*,*,#1013,.T.);
#1336=ORIENTED_EDGE('',*,*,#1014,.F.);
#1337=ORIENTED_EDGE('',*,*,#1015,.F.);
#1338=ORIENTED_EDGE('',*,*,#1016,.F.);
#1339=ORIENTED_EDGE('',*,*,#1015,.T.);
#1340=ORIENTED_EDGE('',*,*,#1017,.F.);
#1341=ORIENTED_EDGE('',*,*,#1018,.F.);
#1342=ORIENTED_EDGE('',*,*,#910,.T.);
#1343=ORIENTED_EDGE('',*,*,#920,.T.);
#1344=ORIENTED_EDGE('',*,*,#917,.T.);
#1345=ORIENTED_EDGE('',*,*,#914,.T.);
#1346=ORIENTED_EDGE('',*,*,#922,.T.);
#1347=ORIENTED_EDGE('',*,*,#932,.T.);
#1348=ORIENTED_EDGE('',*,*,#929,.T.);
#1349=ORIENTED_EDGE('',*,*,#926,.T.);
#1350=ORIENTED_EDGE('',*,*,#934,.T.);
#1351=ORIENTED_EDGE('',*,*,#944,.T.);
#1352=ORIENTED_EDGE('',*,*,#941,.T.);
#1353=ORIENTED_EDGE('',*,*,#938,.T.);
#1354=ORIENTED_EDGE('',*,*,#946,.T.);
#1355=ORIENTED_EDGE('',*,*,#956,.T.);
#1356=ORIENTED_EDGE('',*,*,#953,.T.);
#1357=ORIENTED_EDGE('',*,*,#950,.T.);
#1358=ORIENTED_EDGE('',*,*,#958,.T.);
#1359=ORIENTED_EDGE('',*,*,#968,.T.);
#1360=ORIENTED_EDGE('',*,*,#965,.T.);
#1361=ORIENTED_EDGE('',*,*,#962,.T.);
#1362=ORIENTED_EDGE('',*,*,#970,.T.);
#1363=ORIENTED_EDGE('',*,*,#980,.T.);
#1364=ORIENTED_EDGE('',*,*,#977,.T.);
#1365=ORIENTED_EDGE('',*,*,#974,.T.);
#1366=ORIENTED_EDGE('',*,*,#982,.T.);
#1367=ORIENTED_EDGE('',*,*,#992,.T.);
#1368=ORIENTED_EDGE('',*,*,#989,.T.);
#1369=ORIENTED_EDGE('',*,*,#986,.T.);
#1370=ORIENTED_EDGE('',*,*,#994,.T.);
#1371=ORIENTED_EDGE('',*,*,#1004,.T.);
#1372=ORIENTED_EDGE('',*,*,#1001,.T.);
#1373=ORIENTED_EDGE('',*,*,#998,.T.);
#1374=ORIENTED_EDGE('',*,*,#1009,.T.);
#1375=ORIENTED_EDGE('',*,*,#1019,.F.);
#1376=ORIENTED_EDGE('',*,*,#1018,.T.);
#1377=ORIENTED_EDGE('',*,*,#1020,.F.);
#1378=ORIENTED_EDGE('',*,*,#1021,.F.);
#1379=ORIENTED_EDGE('',*,*,#1022,.F.);
#1380=ORIENTED_EDGE('',*,*,#1021,.T.);
#1381=ORIENTED_EDGE('',*,*,#1023,.F.);
#1382=ORIENTED_EDGE('',*,*,#1013,.F.);
#1383=ORIENTED_EDGE('',*,*,#1023,.T.);
#1384=ORIENTED_EDGE('',*,*,#1020,.T.);
#1385=ORIENTED_EDGE('',*,*,#1017,.T.);
#1386=ORIENTED_EDGE('',*,*,#1014,.T.);
#1387=ORIENTED_EDGE('',*,*,#898,.T.);
#1388=ORIENTED_EDGE('',*,*,#908,.T.);
#1389=ORIENTED_EDGE('',*,*,#905,.T.);
#1390=ORIENTED_EDGE('',*,*,#902,.T.);
#1391=ORIENTED_EDGE('',*,*,#1022,.T.);
#1392=ORIENTED_EDGE('',*,*,#1012,.T.);
#1393=ORIENTED_EDGE('',*,*,#1016,.T.);
#1394=ORIENTED_EDGE('',*,*,#1019,.T.);
#1395=ORIENTED_EDGE('',*,*,#886,.T.);
#1396=ORIENTED_EDGE('',*,*,#896,.T.);
#1397=ORIENTED_EDGE('',*,*,#893,.T.);
#1398=ORIENTED_EDGE('',*,*,#890,.T.);
#1399=ORIENTED_EDGE('',*,*,#1024,.F.);
#1400=ORIENTED_EDGE('',*,*,#1025,.T.);
#1401=ORIENTED_EDGE('',*,*,#1026,.F.);
#1402=ORIENTED_EDGE('',*,*,#1025,.F.);
#1403=ORIENTED_EDGE('',*,*,#1027,.F.);
#1404=ORIENTED_EDGE('',*,*,#1028,.F.);
#1405=ORIENTED_EDGE('',*,*,#1029,.F.);
#1406=ORIENTED_EDGE('',*,*,#1030,.F.);
#1407=ORIENTED_EDGE('',*,*,#1031,.F.);
#1408=ORIENTED_EDGE('',*,*,#1032,.F.);
#1409=ORIENTED_EDGE('',*,*,#1033,.F.);
#1410=ORIENTED_EDGE('',*,*,#1034,.F.);
#1411=ORIENTED_EDGE('',*,*,#1029,.T.);
#1412=ORIENTED_EDGE('',*,*,#1035,.T.);
#1413=ORIENTED_EDGE('',*,*,#1036,.T.);
#1414=ORIENTED_EDGE('',*,*,#1037,.T.);
#1415=ORIENTED_EDGE('',*,*,#1033,.T.);
#1416=ORIENTED_EDGE('',*,*,#1038,.T.);
#1417=ORIENTED_EDGE('',*,*,#1026,.T.);
#1418=ORIENTED_EDGE('',*,*,#1027,.T.);
#1419=ORIENTED_EDGE('',*,*,#1039,.T.);
#1420=ORIENTED_EDGE('',*,*,#1031,.T.);
#1421=ORIENTED_EDGE('',*,*,#1040,.T.);
#1422=ORIENTED_EDGE('',*,*,#1041,.T.);
#1423=ORIENTED_EDGE('',*,*,#1042,.T.);
#1424=ORIENTED_EDGE('',*,*,#1024,.T.);
#1425=ORIENTED_EDGE('',*,*,#1034,.T.);
#1426=ORIENTED_EDGE('',*,*,#1037,.F.);
#1427=ORIENTED_EDGE('',*,*,#1043,.T.);
#1428=ORIENTED_EDGE('',*,*,#1040,.F.);
#1429=ORIENTED_EDGE('',*,*,#1030,.T.);
#1430=ORIENTED_EDGE('',*,*,#1038,.F.);
#1431=ORIENTED_EDGE('',*,*,#1032,.T.);
#1432=ORIENTED_EDGE('',*,*,#1039,.F.);
#1433=ORIENTED_EDGE('',*,*,#1028,.T.);
#1434=ORIENTED_EDGE('',*,*,#1042,.F.);
#1435=ORIENTED_EDGE('',*,*,#1044,.F.);
#1436=ORIENTED_EDGE('',*,*,#1035,.F.);
#1437=ORIENTED_EDGE('',*,*,#1036,.F.);
#1438=ORIENTED_EDGE('',*,*,#1044,.T.);
#1439=ORIENTED_EDGE('',*,*,#1041,.F.);
#1440=ORIENTED_EDGE('',*,*,#1043,.F.);
#1441=ORIENTED_EDGE('',*,*,#1045,.T.);
#1442=ORIENTED_EDGE('',*,*,#1046,.T.);
#1443=ORIENTED_EDGE('',*,*,#1047,.T.);
#1444=ORIENTED_EDGE('',*,*,#1048,.T.);
#1445=ORIENTED_EDGE('',*,*,#1046,.F.);
#1446=ORIENTED_EDGE('',*,*,#1047,.F.);
#1447=ORIENTED_EDGE('',*,*,#1048,.F.);
#1448=ORIENTED_EDGE('',*,*,#1049,.T.);
#1449=ORIENTED_EDGE('',*,*,#1050,.T.);
#1450=ORIENTED_EDGE('',*,*,#1049,.F.);
#1451=ORIENTED_EDGE('',*,*,#1045,.F.);
#1452=ORIENTED_EDGE('',*,*,#1051,.T.);
#1453=ORIENTED_EDGE('',*,*,#1052,.T.);
#1454=ORIENTED_EDGE('',*,*,#1053,.T.);
#1455=ORIENTED_EDGE('',*,*,#1054,.T.);
#1456=ORIENTED_EDGE('',*,*,#1052,.F.);
#1457=ORIENTED_EDGE('',*,*,#1055,.T.);
#1458=ORIENTED_EDGE('',*,*,#1056,.T.);
#1459=ORIENTED_EDGE('',*,*,#1057,.T.);
#1460=ORIENTED_EDGE('',*,*,#1058,.T.);
#1461=ORIENTED_EDGE('',*,*,#1059,.T.);
#1462=ORIENTED_EDGE('',*,*,#1060,.T.);
#1463=ORIENTED_EDGE('',*,*,#1061,.T.);
#1464=ORIENTED_EDGE('',*,*,#1059,.F.);
#1465=ORIENTED_EDGE('',*,*,#1062,.T.);
#1466=ORIENTED_EDGE('',*,*,#1063,.T.);
#1467=ORIENTED_EDGE('',*,*,#1064,.T.);
#1468=ORIENTED_EDGE('',*,*,#1065,.T.);
#1469=ORIENTED_EDGE('',*,*,#1066,.T.);
#1470=ORIENTED_EDGE('',*,*,#1067,.T.);
#1471=ORIENTED_EDGE('',*,*,#1068,.T.);
#1472=ORIENTED_EDGE('',*,*,#1066,.F.);
#1473=ORIENTED_EDGE('',*,*,#1069,.T.);
#1474=ORIENTED_EDGE('',*,*,#1070,.T.);
#1475=ORIENTED_EDGE('',*,*,#1071,.T.);
#1476=ORIENTED_EDGE('',*,*,#1072,.T.);
#1477=ORIENTED_EDGE('',*,*,#1073,.T.);
#1478=ORIENTED_EDGE('',*,*,#1074,.T.);
#1479=ORIENTED_EDGE('',*,*,#1075,.T.);
#1480=ORIENTED_EDGE('',*,*,#1076,.T.);
#1481=ORIENTED_EDGE('',*,*,#1074,.F.);
#1482=ORIENTED_EDGE('',*,*,#1077,.T.);
#1483=ORIENTED_EDGE('',*,*,#1078,.T.);
#1484=ORIENTED_EDGE('',*,*,#1079,.T.);
#1485=ORIENTED_EDGE('',*,*,#1080,.T.);
#1486=ORIENTED_EDGE('',*,*,#1081,.T.);
#1487=ORIENTED_EDGE('',*,*,#1082,.T.);
#1488=ORIENTED_EDGE('',*,*,#1083,.T.);
#1489=ORIENTED_EDGE('',*,*,#1082,.F.);
#1490=ORIENTED_EDGE('',*,*,#1083,.F.);
#1491=ORIENTED_EDGE('',*,*,#1084,.F.);
#1492=ORIENTED_EDGE('',*,*,#1085,.F.);
#1493=ORIENTED_EDGE('',*,*,#1086,.F.);
#1494=ORIENTED_EDGE('',*,*,#1076,.F.);
#1495=ORIENTED_EDGE('',*,*,#1087,.F.);
#1496=ORIENTED_EDGE('',*,*,#1088,.F.);
#1497=ORIENTED_EDGE('',*,*,#1089,.F.);
#1498=ORIENTED_EDGE('',*,*,#1068,.F.);
#1499=ORIENTED_EDGE('',*,*,#1090,.F.);
#1500=ORIENTED_EDGE('',*,*,#1091,.F.);
#1501=ORIENTED_EDGE('',*,*,#1092,.F.);
#1502=ORIENTED_EDGE('',*,*,#1061,.F.);
#1503=ORIENTED_EDGE('',*,*,#1093,.F.);
#1504=ORIENTED_EDGE('',*,*,#1094,.F.);
#1505=ORIENTED_EDGE('',*,*,#1095,.F.);
#1506=ORIENTED_EDGE('',*,*,#1054,.F.);
#1507=ORIENTED_EDGE('',*,*,#1096,.F.);
#1508=ORIENTED_EDGE('',*,*,#1097,.T.);
#1509=ORIENTED_EDGE('',*,*,#1080,.F.);
#1510=ORIENTED_EDGE('',*,*,#1081,.F.);
#1511=ORIENTED_EDGE('',*,*,#1097,.F.);
#1512=ORIENTED_EDGE('',*,*,#1090,.T.);
#1513=ORIENTED_EDGE('',*,*,#1067,.F.);
#1514=ORIENTED_EDGE('',*,*,#1072,.F.);
#1515=ORIENTED_EDGE('',*,*,#1098,.F.);
#1516=ORIENTED_EDGE('',*,*,#1099,.F.);
#1517=ORIENTED_EDGE('',*,*,#1089,.T.);
#1518=ORIENTED_EDGE('',*,*,#1100,.T.);
#1519=ORIENTED_EDGE('',*,*,#1101,.F.);
#1520=ORIENTED_EDGE('',*,*,#1069,.F.);
#1521=ORIENTED_EDGE('',*,*,#1065,.F.);
#1522=ORIENTED_EDGE('',*,*,#1088,.T.);
#1523=ORIENTED_EDGE('',*,*,#1102,.T.);
#1524=ORIENTED_EDGE('',*,*,#1103,.F.);
#1525=ORIENTED_EDGE('',*,*,#1100,.F.);
#1526=ORIENTED_EDGE('',*,*,#1087,.T.);
#1527=ORIENTED_EDGE('',*,*,#1075,.F.);
#1528=ORIENTED_EDGE('',*,*,#1079,.F.);
#1529=ORIENTED_EDGE('',*,*,#1104,.F.);
#1530=ORIENTED_EDGE('',*,*,#1102,.F.);
#1531=ORIENTED_EDGE('',*,*,#1086,.T.);
#1532=ORIENTED_EDGE('',*,*,#1105,.T.);
#1533=ORIENTED_EDGE('',*,*,#1106,.F.);
#1534=ORIENTED_EDGE('',*,*,#1077,.F.);
#1535=ORIENTED_EDGE('',*,*,#1073,.F.);
#1536=ORIENTED_EDGE('',*,*,#1085,.T.);
#1537=ORIENTED_EDGE('',*,*,#1107,.T.);
#1538=ORIENTED_EDGE('',*,*,#1108,.F.);
#1539=ORIENTED_EDGE('',*,*,#1105,.F.);
#1540=ORIENTED_EDGE('',*,*,#1094,.T.);
#1541=ORIENTED_EDGE('',*,*,#1109,.T.);
#1542=ORIENTED_EDGE('',*,*,#1110,.F.);
#1543=ORIENTED_EDGE('',*,*,#1111,.F.);
#1544=ORIENTED_EDGE('',*,*,#1091,.T.);
#1545=ORIENTED_EDGE('',*,*,#1099,.T.);
#1546=ORIENTED_EDGE('',*,*,#1112,.F.);
#1547=ORIENTED_EDGE('',*,*,#1113,.F.);
#1548=ORIENTED_EDGE('',*,*,#1084,.T.);
#1549=ORIENTED_EDGE('',*,*,#1053,.F.);
#1550=ORIENTED_EDGE('',*,*,#1057,.F.);
#1551=ORIENTED_EDGE('',*,*,#1114,.F.);
#1552=ORIENTED_EDGE('',*,*,#1107,.F.);
#1553=ORIENTED_EDGE('',*,*,#1093,.T.);
#1554=ORIENTED_EDGE('',*,*,#1060,.F.);
#1555=ORIENTED_EDGE('',*,*,#1064,.F.);
#1556=ORIENTED_EDGE('',*,*,#1115,.F.);
#1557=ORIENTED_EDGE('',*,*,#1109,.F.);
#1558=ORIENTED_EDGE('',*,*,#1095,.T.);
#1559=ORIENTED_EDGE('',*,*,#1111,.T.);
#1560=ORIENTED_EDGE('',*,*,#1116,.F.);
#1561=ORIENTED_EDGE('',*,*,#1055,.F.);
#1562=ORIENTED_EDGE('',*,*,#1051,.F.);
#1563=ORIENTED_EDGE('',*,*,#1092,.T.);
#1564=ORIENTED_EDGE('',*,*,#1113,.T.);
#1565=ORIENTED_EDGE('',*,*,#1117,.F.);
#1566=ORIENTED_EDGE('',*,*,#1062,.F.);
#1567=ORIENTED_EDGE('',*,*,#1058,.F.);
#1568=ORIENTED_EDGE('',*,*,#1118,.T.);
#1569=ORIENTED_EDGE('',*,*,#1070,.F.);
#1570=ORIENTED_EDGE('',*,*,#1101,.T.);
#1571=ORIENTED_EDGE('',*,*,#1103,.T.);
#1572=ORIENTED_EDGE('',*,*,#1104,.T.);
#1573=ORIENTED_EDGE('',*,*,#1078,.F.);
#1574=ORIENTED_EDGE('',*,*,#1106,.T.);
#1575=ORIENTED_EDGE('',*,*,#1108,.T.);
#1576=ORIENTED_EDGE('',*,*,#1114,.T.);
#1577=ORIENTED_EDGE('',*,*,#1056,.F.);
#1578=ORIENTED_EDGE('',*,*,#1116,.T.);
#1579=ORIENTED_EDGE('',*,*,#1110,.T.);
#1580=ORIENTED_EDGE('',*,*,#1115,.T.);
#1581=ORIENTED_EDGE('',*,*,#1063,.F.);
#1582=ORIENTED_EDGE('',*,*,#1117,.T.);
#1583=ORIENTED_EDGE('',*,*,#1112,.T.);
#1584=ORIENTED_EDGE('',*,*,#1098,.T.);
#1585=ORIENTED_EDGE('',*,*,#1071,.F.);
#1586=ORIENTED_EDGE('',*,*,#1118,.F.);
#1587=ORIENTED_EDGE('',*,*,#1096,.T.);
#1588=ORIENTED_EDGE('',*,*,#1119,.F.);
#1589=ORIENTED_EDGE('',*,*,#1120,.F.);
#1590=ORIENTED_EDGE('',*,*,#1121,.T.);
#1591=ORIENTED_EDGE('',*,*,#1119,.T.);
#1592=ORIENTED_EDGE('',*,*,#1121,.F.);
#1593=ORIENTED_EDGE('',*,*,#1050,.F.);
#1594=ORIENTED_EDGE('',*,*,#1122,.T.);
#1595=ORIENTED_EDGE('',*,*,#1120,.T.);
#1596=ORIENTED_EDGE('',*,*,#1122,.F.);
#1597=PLANE('',#1856);
#1598=PLANE('',#1857);
#1599=PLANE('',#1858);
#1600=PLANE('',#1859);
#1601=PLANE('',#1860);
#1602=PLANE('',#1861);
#1603=PLANE('',#1862);
#1604=PLANE('',#1863);
#1605=PLANE('',#1864);
#1606=PLANE('',#1865);
#1607=PLANE('',#1866);
#1608=PLANE('',#1867);
#1609=PLANE('',#1868);
#1610=PLANE('',#1869);
#1611=PLANE('',#1870);
#1612=PLANE('',#1871);
#1613=PLANE('',#1872);
#1614=PLANE('',#1873);
#1615=PLANE('',#1874);
#1616=PLANE('',#1875);
#1617=PLANE('',#1876);
#1618=PLANE('',#1877);
#1619=PLANE('',#1878);
#1620=PLANE('',#1879);
#1621=PLANE('',#1880);
#1622=PLANE('',#1881);
#1623=PLANE('',#1882);
#1624=PLANE('',#1883);
#1625=PLANE('',#1884);
#1626=PLANE('',#1885);
#1627=PLANE('',#1886);
#1628=PLANE('',#1887);
#1629=PLANE('',#1888);
#1630=PLANE('',#1889);
#1631=PLANE('',#1890);
#1632=PLANE('',#1891);
#1633=PLANE('',#1892);
#1634=PLANE('',#1893);
#1635=PLANE('',#1894);
#1636=PLANE('',#1895);
#1637=PLANE('',#1896);
#1638=PLANE('',#1897);
#1639=PLANE('',#1898);
#1640=PLANE('',#1899);
#1641=PLANE('',#1900);
#1642=PLANE('',#1901);
#1643=PLANE('',#1902);
#1644=PLANE('',#1903);
#1645=PLANE('',#1904);
#1646=PLANE('',#1905);
#1647=PLANE('',#1909);
#1648=PLANE('',#1913);
#1649=PLANE('',#1914);
#1650=PLANE('',#1915);
#1651=PLANE('',#1916);
#1652=PLANE('',#1917);
#1653=PLANE('',#1918);
#1654=PLANE('',#1919);
#1655=PLANE('',#1924);
#1656=PLANE('',#1925);
#1657=PLANE('',#1926);
#1658=PLANE('',#1927);
#1659=PLANE('',#1928);
#1660=PLANE('',#1929);
#1661=PLANE('',#1930);
#1662=PLANE('',#1931);
#1663=PLANE('',#1939);
#1664=PLANE('',#1977);
#1665=PLANE('',#1978);
#1666=PLANE('',#1980);
#1667=PLANE('',#1981);
#1668=PLANE('',#1985);
#1669=PLANE('',#1986);
#1670=PLANE('',#1987);
#1671=PLANE('',#1988);
#1672=PLANE('',#1990);
#1673=ADVANCED_FACE('',(#164),#1597,.F.);
#1674=ADVANCED_FACE('',(#165),#1598,.F.);
#1675=ADVANCED_FACE('',(#166),#1599,.F.);
#1676=ADVANCED_FACE('',(#167),#1600,.F.);
#1677=ADVANCED_FACE('',(#168),#1601,.F.);
#1678=ADVANCED_FACE('',(#169),#1602,.F.);
#1679=ADVANCED_FACE('',(#170),#1603,.F.);
#1680=ADVANCED_FACE('',(#171),#1604,.F.);
#1681=ADVANCED_FACE('',(#172),#1605,.F.);
#1682=ADVANCED_FACE('',(#173),#1606,.T.);
#1683=ADVANCED_FACE('',(#174),#1607,.F.);
#1684=ADVANCED_FACE('',(#175),#1608,.F.);
#1685=ADVANCED_FACE('',(#176),#1609,.F.);
#1686=ADVANCED_FACE('',(#177),#1610,.F.);
#1687=ADVANCED_FACE('',(#178),#1611,.F.);
#1688=ADVANCED_FACE('',(#179),#1612,.F.);
#1689=ADVANCED_FACE('',(#180),#1613,.F.);
#1690=ADVANCED_FACE('',(#181),#1614,.F.);
#1691=ADVANCED_FACE('',(#182),#1615,.F.);
#1692=ADVANCED_FACE('',(#183),#1616,.T.);
#1693=ADVANCED_FACE('',(#184),#1617,.F.);
#1694=ADVANCED_FACE('',(#185),#1618,.F.);
#1695=ADVANCED_FACE('',(#186),#1619,.F.);
#1696=ADVANCED_FACE('',(#187),#1620,.F.);
#1697=ADVANCED_FACE('',(#188),#1621,.F.);
#1698=ADVANCED_FACE('',(#189),#1622,.F.);
#1699=ADVANCED_FACE('',(#190),#1623,.F.);
#1700=ADVANCED_FACE('',(#191),#1624,.F.);
#1701=ADVANCED_FACE('',(#192),#1625,.F.);
#1702=ADVANCED_FACE('',(#193),#1626,.F.);
#1703=ADVANCED_FACE('',(#194),#1627,.F.);
#1704=ADVANCED_FACE('',(#195),#1628,.F.);
#1705=ADVANCED_FACE('',(#196),#1629,.F.);
#1706=ADVANCED_FACE('',(#197),#1630,.F.);
#1707=ADVANCED_FACE('',(#198),#1631,.F.);
#1708=ADVANCED_FACE('',(#199),#1632,.F.);
#1709=ADVANCED_FACE('',(#200),#1633,.F.);
#1710=ADVANCED_FACE('',(#201),#1634,.F.);
#1711=ADVANCED_FACE('',(#202),#1635,.F.);
#1712=ADVANCED_FACE('',(#203),#1636,.F.);
#1713=ADVANCED_FACE('',(#204),#1637,.F.);
#1714=ADVANCED_FACE('',(#205),#1638,.F.);
#1715=ADVANCED_FACE('',(#206),#1639,.F.);
#1716=ADVANCED_FACE('',(#207),#1640,.F.);
#1717=ADVANCED_FACE('',(#208),#1641,.F.);
#1718=ADVANCED_FACE('',(#209),#1642,.F.);
#1719=ADVANCED_FACE('',(#210),#1643,.F.);
#1720=ADVANCED_FACE('',(#211),#1644,.F.);
#1721=ADVANCED_FACE('',(#212),#1645,.F.);
#1722=ADVANCED_FACE('',(#213),#1646,.F.);
#1723=ADVANCED_FACE('',(#214),#159,.F.);
#1724=ADVANCED_FACE('',(#215),#1647,.F.);
#1725=ADVANCED_FACE('',(#216),#160,.F.);
#1726=ADVANCED_FACE('',(#217,#105),#1648,.F.);
#1727=ADVANCED_FACE('',(#218),#1649,.T.);
#1728=ADVANCED_FACE('',(#219,#106,#107,#108,#109,#110,#111,#112,#113,#114),
#1650,.T.);
#1729=ADVANCED_FACE('',(#220),#1651,.T.);
#1730=ADVANCED_FACE('',(#221),#1652,.T.);
#1731=ADVANCED_FACE('',(#222,#115),#1653,.T.);
#1732=ADVANCED_FACE('',(#223,#116),#1654,.F.);
#1733=ADVANCED_FACE('',(#224),#161,.F.);
#1734=ADVANCED_FACE('',(#225),#1655,.F.);
#1735=ADVANCED_FACE('',(#226),#1656,.F.);
#1736=ADVANCED_FACE('',(#227,#117),#1657,.F.);
#1737=ADVANCED_FACE('',(#228,#118),#1658,.T.);
#1738=ADVANCED_FACE('',(#229),#1659,.T.);
#1739=ADVANCED_FACE('',(#230),#1660,.T.);
#1740=ADVANCED_FACE('',(#231),#1661,.T.);
#1741=ADVANCED_FACE('',(#232),#1662,.T.);
#1742=ADVANCED_FACE('',(#233),#81,.T.);
#1743=ADVANCED_FACE('',(#234),#162,.T.);
#1744=ADVANCED_FACE('',(#235),#1663,.T.);
#1745=ADVANCED_FACE('',(#236),#76,.T.);
#1746=ADVANCED_FACE('',(#237),#82,.F.);
#1747=ADVANCED_FACE('',(#238),#77,.T.);
#1748=ADVANCED_FACE('',(#239),#83,.F.);
#1749=ADVANCED_FACE('',(#240),#78,.T.);
#1750=ADVANCED_FACE('',(#241),#84,.F.);
#1751=ADVANCED_FACE('',(#242),#79,.T.);
#1752=ADVANCED_FACE('',(#243),#85,.F.);
#1753=ADVANCED_FACE('',(#244),#80,.T.);
#1754=ADVANCED_FACE('',(#245,#119),#59,.T.);
#1755=ADVANCED_FACE('',(#246),#86,.T.);
#1756=ADVANCED_FACE('',(#247),#1664,.T.);
#1757=ADVANCED_FACE('',(#248),#1665,.T.);
#1758=ADVANCED_FACE('',(#249),#87,.T.);
#1759=ADVANCED_FACE('',(#250),#1666,.T.);
#1760=ADVANCED_FACE('',(#251),#1667,.T.);
#1761=ADVANCED_FACE('',(#252),#88,.T.);
#1762=ADVANCED_FACE('',(#253),#89,.T.);
#1763=ADVANCED_FACE('',(#254),#90,.T.);
#1764=ADVANCED_FACE('',(#255),#1668,.T.);
#1765=ADVANCED_FACE('',(#256),#1669,.T.);
#1766=ADVANCED_FACE('',(#257),#1670,.T.);
#1767=ADVANCED_FACE('',(#258),#1671,.T.);
#1768=ADVANCED_FACE('',(#259),#91,.F.);
#1769=ADVANCED_FACE('',(#260,#120),#1672,.T.);
#1770=ADVANCED_FACE('',(#261),#163,.T.);
#1771=ADVANCED_FACE('',(#262),#92,.T.);
#1772=CLOSED_SHELL('',(#1673,#1674,#1675,#1676,#1677,#1678,#1679,#1680,
#1681,#1682,#1683,#1684,#1685,#1686,#1687,#1688,#1689,#1690,#1691,#1692,
#1693,#1694,#1695,#1696,#1697,#1698,#1699,#1700,#1701,#1702,#1703,#1704,
#1705,#1706,#1707,#1708,#1709,#1710,#1711,#1712,#1713,#1714,#1715,#1716,
#1717,#1718,#1719,#1720,#1721,#1722,#1723,#1724,#1725,#1726,#1727,#1728,
#1729,#1730,#1731,#1732));
#1773=CLOSED_SHELL('',(#1733,#1734,#1735,#1736,#1737,#1738,#1739,#1740,
#1741));
#1774=CLOSED_SHELL('',(#1742,#1743,#1744,#1745,#1746,#1747,#1748,#1749,
#1750,#1751,#1752,#1753,#1754,#1755,#1756,#1757,#1758,#1759,#1760,#1761,
#1762,#1763,#1764,#1765,#1766,#1767,#1768,#1769,#1770,#1771));
#1775=DERIVED_UNIT_ELEMENT(#1782,1.);
#1776=DERIVED_UNIT_ELEMENT(#3177,-3.);
#1777=DERIVED_UNIT_ELEMENT(#1782,1.);
#1778=DERIVED_UNIT_ELEMENT(#3177,-3.);
#1779=DERIVED_UNIT_ELEMENT(#1782,1.);
#1780=DERIVED_UNIT_ELEMENT(#3177,-3.);
#1781=DIMENSIONAL_EXPONENTS(1.,0.,0.,0.,0.,0.,0.);
#1782=(
CONVERSION_BASED_UNIT('gram',#1784)
MASS_UNIT()
NAMED_UNIT(#1781)
);
#1783=(
MASS_UNIT()
NAMED_UNIT(*)
SI_UNIT(.KILO.,.GRAM.)
);
#1784=MASS_MEASURE_WITH_UNIT(MASS_MEASURE(0.001),#1783);
#1785=DERIVED_UNIT((#1775,#1776));
#1786=DERIVED_UNIT((#1777,#1778));
#1787=DERIVED_UNIT((#1779,#1780));
#1788=MEASURE_REPRESENTATION_ITEM('density measure',
POSITIVE_RATIO_MEASURE(1.),#1785);
#1789=MEASURE_REPRESENTATION_ITEM('density measure',
POSITIVE_RATIO_MEASURE(1.),#1786);
#1790=MEASURE_REPRESENTATION_ITEM('density measure',
POSITIVE_RATIO_MEASURE(7.75),#1787);
#1791=PROPERTY_DEFINITION_REPRESENTATION(#1806,#1797);
#1792=PROPERTY_DEFINITION_REPRESENTATION(#1807,#1798);
#1793=PROPERTY_DEFINITION_REPRESENTATION(#1808,#1799);
#1794=PROPERTY_DEFINITION_REPRESENTATION(#1809,#1800);
#1795=PROPERTY_DEFINITION_REPRESENTATION(#1810,#1801);
#1796=PROPERTY_DEFINITION_REPRESENTATION(#1811,#1802);
#1797=REPRESENTATION('material name',(#1803),#3172);
#1798=REPRESENTATION('density',(#1788),#3172);
#1799=REPRESENTATION('material name',(#1804),#3173);
#1800=REPRESENTATION('density',(#1789),#3173);
#1801=REPRESENTATION('material name',(#1805),#3174);
#1802=REPRESENTATION('density',(#1790),#3174);
#1803=DESCRIPTIVE_REPRESENTATION_ITEM('Generic','Generic');
#1804=DESCRIPTIVE_REPRESENTATION_ITEM('Generic','Generic');
#1805=DESCRIPTIVE_REPRESENTATION_ITEM('Stainless Steel, 440C',
'Stainless Steel, 440C');
#1806=PROPERTY_DEFINITION('material property','material name',#3204);
#1807=PROPERTY_DEFINITION('material property','density of part',#3204);
#1808=PROPERTY_DEFINITION('material property','material name',#3205);
#1809=PROPERTY_DEFINITION('material property','density of part',#3205);
#1810=PROPERTY_DEFINITION('material property','material name',#3206);
#1811=PROPERTY_DEFINITION('material property','density of part',#3206);
#1812=PRESENTATION_STYLE_ASSIGNMENT((#1814));
#1813=PRESENTATION_STYLE_ASSIGNMENT((#1815));
#1814=SURFACE_STYLE_USAGE(.BOTH.,#1820);
#1815=SURFACE_STYLE_USAGE(.BOTH.,#1821);
#1816=SURFACE_STYLE_RENDERING_WITH_PROPERTIES($,#1828,(#1818));
#1817=SURFACE_STYLE_RENDERING_WITH_PROPERTIES($,#1829,(#1819));
#1818=SURFACE_STYLE_TRANSPARENT(0.);
#1819=SURFACE_STYLE_TRANSPARENT(0.);
#1820=SURFACE_SIDE_STYLE('',(#1822,#1816));
#1821=SURFACE_SIDE_STYLE('',(#1823,#1817));
#1822=SURFACE_STYLE_FILL_AREA(#1824);
#1823=SURFACE_STYLE_FILL_AREA(#1825);
#1824=FILL_AREA_STYLE('',(#1826));
#1825=FILL_AREA_STYLE('',(#1827));
#1826=FILL_AREA_STYLE_COLOUR('',#1828);
#1827=FILL_AREA_STYLE_COLOUR('',#1829);
#1828=COLOUR_RGB('',0.749019607843137,0.749019607843137,0.749019607843137);
#1829=COLOUR_RGB('',0.745098039215686,0.737254901960784,0.729411764705882);
#1830=DATE_TIME_ROLE('creation_date');
#1831=DATE_TIME_ROLE('creation_date');
#1832=DATE_TIME_ROLE('creation_date');
#1833=DATE_TIME_ROLE('creation_date');
#1834=APPLIED_DATE_AND_TIME_ASSIGNMENT(#1838,#1830,(#3203));
#1835=APPLIED_DATE_AND_TIME_ASSIGNMENT(#1839,#1831,(#3204));
#1836=APPLIED_DATE_AND_TIME_ASSIGNMENT(#1840,#1832,(#3205));
#1837=APPLIED_DATE_AND_TIME_ASSIGNMENT(#1841,#1833,(#3206));
#1838=DATE_AND_TIME(#1842,#1846);
#1839=DATE_AND_TIME(#1843,#1847);
#1840=DATE_AND_TIME(#1844,#1848);
#1841=DATE_AND_TIME(#1845,#1849);
#1842=CALENDAR_DATE(2022,14,4);
#1843=CALENDAR_DATE(2012,4,10);
#1844=CALENDAR_DATE(2012,8,10);
#1845=CALENDAR_DATE(2020,21,1);
#1846=LOCAL_TIME(0,0,0.,#1850);
#1847=LOCAL_TIME(0,0,0.,#1851);
#1848=LOCAL_TIME(0,0,0.,#1852);
#1849=LOCAL_TIME(0,0,0.,#1853);
#1850=COORDINATED_UNIVERSAL_TIME_OFFSET(0,0,.BEHIND.);
#1851=COORDINATED_UNIVERSAL_TIME_OFFSET(0,0,.BEHIND.);
#1852=COORDINATED_UNIVERSAL_TIME_OFFSET(0,0,.BEHIND.);
#1853=COORDINATED_UNIVERSAL_TIME_OFFSET(0,0,.BEHIND.);
#1854=AXIS2_PLACEMENT_3D('placement',#2482,#2005,#2006);
#1855=AXIS2_PLACEMENT_3D('placement',#2483,#2007,#2008);
#1856=AXIS2_PLACEMENT_3D('',#2484,#2009,#2010);
#1857=AXIS2_PLACEMENT_3D('',#2493,#2015,#2016);
#1858=AXIS2_PLACEMENT_3D('',#2499,#2020,#2021);
#1859=AXIS2_PLACEMENT_3D('',#2505,#2025,#2026);
#1860=AXIS2_PLACEMENT_3D('',#2508,#2029,#2030);
#1861=AXIS2_PLACEMENT_3D('',#2509,#2031,#2032);
#1862=AXIS2_PLACEMENT_3D('',#2518,#2037,#2038);
#1863=AXIS2_PLACEMENT_3D('',#2524,#2042,#2043);
#1864=AXIS2_PLACEMENT_3D('',#2530,#2047,#2048);
#1865=AXIS2_PLACEMENT_3D('',#2533,#2051,#2052);
#1866=AXIS2_PLACEMENT_3D('',#2534,#2053,#2054);
#1867=AXIS2_PLACEMENT_3D('',#2543,#2059,#2060);
#1868=AXIS2_PLACEMENT_3D('',#2549,#2064,#2065);
#1869=AXIS2_PLACEMENT_3D('',#2555,#2069,#2070);
#1870=AXIS2_PLACEMENT_3D('',#2558,#2073,#2074);
#1871=AXIS2_PLACEMENT_3D('',#2559,#2075,#2076);
#1872=AXIS2_PLACEMENT_3D('',#2568,#2081,#2082);
#1873=AXIS2_PLACEMENT_3D('',#2574,#2086,#2087);
#1874=AXIS2_PLACEMENT_3D('',#2580,#2091,#2092);
#1875=AXIS2_PLACEMENT_3D('',#2583,#2095,#2096);
#1876=AXIS2_PLACEMENT_3D('',#2584,#2097,#2098);
#1877=AXIS2_PLACEMENT_3D('',#2593,#2103,#2104);
#1878=AXIS2_PLACEMENT_3D('',#2599,#2108,#2109);
#1879=AXIS2_PLACEMENT_3D('',#2605,#2113,#2114);
#1880=AXIS2_PLACEMENT_3D('',#2608,#2117,#2118);
#1881=AXIS2_PLACEMENT_3D('',#2609,#2119,#2120);
#1882=AXIS2_PLACEMENT_3D('',#2618,#2125,#2126);
#1883=AXIS2_PLACEMENT_3D('',#2624,#2130,#2131);
#1884=AXIS2_PLACEMENT_3D('',#2630,#2135,#2136);
#1885=AXIS2_PLACEMENT_3D('',#2633,#2139,#2140);
#1886=AXIS2_PLACEMENT_3D('',#2634,#2141,#2142);
#1887=AXIS2_PLACEMENT_3D('',#2643,#2147,#2148);
#1888=AXIS2_PLACEMENT_3D('',#2649,#2152,#2153);
#1889=AXIS2_PLACEMENT_3D('',#2655,#2157,#2158);
#1890=AXIS2_PLACEMENT_3D('',#2658,#2161,#2162);
#1891=AXIS2_PLACEMENT_3D('',#2659,#2163,#2164);
#1892=AXIS2_PLACEMENT_3D('',#2668,#2169,#2170);
#1893=AXIS2_PLACEMENT_3D('',#2674,#2174,#2175);
#1894=AXIS2_PLACEMENT_3D('',#2680,#2179,#2180);
#1895=AXIS2_PLACEMENT_3D('',#2683,#2183,#2184);
#1896=AXIS2_PLACEMENT_3D('',#2684,#2185,#2186);
#1897=AXIS2_PLACEMENT_3D('',#2693,#2191,#2192);
#1898=AXIS2_PLACEMENT_3D('',#2699,#2196,#2197);
#1899=AXIS2_PLACEMENT_3D('',#2705,#2201,#2202);
#1900=AXIS2_PLACEMENT_3D('',#2708,#2205,#2206);
#1901=AXIS2_PLACEMENT_3D('',#2709,#2207,#2208);
#1902=AXIS2_PLACEMENT_3D('',#2718,#2213,#2214);
#1903=AXIS2_PLACEMENT_3D('',#2724,#2218,#2219);
#1904=AXIS2_PLACEMENT_3D('',#2730,#2223,#2224);
#1905=AXIS2_PLACEMENT_3D('',#2733,#2227,#2228);
#1906=AXIS2_PLACEMENT_3D('',#2734,#2229,#2230);
#1907=AXIS2_PLACEMENT_3D('',#2736,#2231,#2232);
#1908=AXIS2_PLACEMENT_3D('',#2739,#2234,#2235);
#1909=AXIS2_PLACEMENT_3D('',#2740,#2236,#2237);
#1910=AXIS2_PLACEMENT_3D('',#2741,#2238,#2239);
#1911=AXIS2_PLACEMENT_3D('',#2743,#2240,#2241);
#1912=AXIS2_PLACEMENT_3D('',#2746,#2243,#2244);
#1913=AXIS2_PLACEMENT_3D('',#2747,#2245,#2246);
#1914=AXIS2_PLACEMENT_3D('',#2748,#2247,#2248);
#1915=AXIS2_PLACEMENT_3D('',#2757,#2253,#2254);
#1916=AXIS2_PLACEMENT_3D('',#2763,#2258,#2259);
#1917=AXIS2_PLACEMENT_3D('',#2769,#2263,#2264);
#1918=AXIS2_PLACEMENT_3D('',#2772,#2267,#2268);
#1919=AXIS2_PLACEMENT_3D('',#2773,#2269,#2270);
#1920=AXIS2_PLACEMENT_3D('placement',#2774,#2271,#2272);
#1921=AXIS2_PLACEMENT_3D('',#2775,#2273,#2274);
#1922=AXIS2_PLACEMENT_3D('',#2777,#2275,#2276);
#1923=AXIS2_PLACEMENT_3D('',#2780,#2278,#2279);
#1924=AXIS2_PLACEMENT_3D('',#2781,#2280,#2281);
#1925=AXIS2_PLACEMENT_3D('',#2790,#2286,#2287);
#1926=AXIS2_PLACEMENT_3D('',#2799,#2292,#2293);
#1927=AXIS2_PLACEMENT_3D('',#2806,#2298,#2299);
#1928=AXIS2_PLACEMENT_3D('',#2813,#2304,#2305);
#1929=AXIS2_PLACEMENT_3D('',#2815,#2307,#2308);
#1930=AXIS2_PLACEMENT_3D('',#2816,#2309,#2310);
#1931=AXIS2_PLACEMENT_3D('',#2818,#2312,#2313);
#1932=AXIS2_PLACEMENT_3D('placement',#2819,#2314,#2315);
#1933=AXIS2_PLACEMENT_3D('',#2820,#2316,#2317);
#1934=AXIS2_PLACEMENT_3D('',#2822,#2318,#2319);
#1935=AXIS2_PLACEMENT_3D('',#2826,#2321,#2322);
#1936=AXIS2_PLACEMENT_3D('',#2827,#2323,#2324);
#1937=AXIS2_PLACEMENT_3D('',#2828,#2325,#2326);
#1938=AXIS2_PLACEMENT_3D('',#2831,#2328,#2329);
#1939=AXIS2_PLACEMENT_3D('',#2832,#2330,#2331);
#1940=AXIS2_PLACEMENT_3D('',#2833,#2332,#2333);
#1941=AXIS2_PLACEMENT_3D('',#2847,#2334,#2335);
#1942=AXIS2_PLACEMENT_3D('',#2859,#2336,#2337);
#1943=AXIS2_PLACEMENT_3D('',#2860,#2338,#2339);
#1944=AXIS2_PLACEMENT_3D('',#2864,#2341,#2342);
#1945=AXIS2_PLACEMENT_3D('',#2866,#2344,#2345);
#1946=AXIS2_PLACEMENT_3D('',#2880,#2346,#2347);
#1947=AXIS2_PLACEMENT_3D('',#2892,#2348,#2349);
#1948=AXIS2_PLACEMENT_3D('',#2893,#2350,#2351);
#1949=AXIS2_PLACEMENT_3D('',#2897,#2353,#2354);
#1950=AXIS2_PLACEMENT_3D('',#2899,#2356,#2357);
#1951=AXIS2_PLACEMENT_3D('',#2913,#2358,#2359);
#1952=AXIS2_PLACEMENT_3D('',#2925,#2360,#2361);
#1953=AXIS2_PLACEMENT_3D('',#2926,#2362,#2363);
#1954=AXIS2_PLACEMENT_3D('',#2930,#2365,#2366);
#1955=AXIS2_PLACEMENT_3D('',#2932,#2367,#2368);
#1956=AXIS2_PLACEMENT_3D('',#2934,#2370,#2371);
#1957=AXIS2_PLACEMENT_3D('',#2948,#2372,#2373);
#1958=AXIS2_PLACEMENT_3D('',#2960,#2374,#2375);
#1959=AXIS2_PLACEMENT_3D('',#2961,#2376,#2377);
#1960=AXIS2_PLACEMENT_3D('',#2965,#2379,#2380);
#1961=AXIS2_PLACEMENT_3D('',#2967,#2382,#2383);
#1962=AXIS2_PLACEMENT_3D('',#2970,#2384,#2385);
#1963=AXIS2_PLACEMENT_3D('',#2971,#2386,#2387);
#1964=AXIS2_PLACEMENT_3D('',#2973,#2388,#2389);
#1965=AXIS2_PLACEMENT_3D('',#2974,#2390,#2391);
#1966=AXIS2_PLACEMENT_3D('',#2975,#2392,#2393);
#1967=AXIS2_PLACEMENT_3D('',#2977,#2394,#2395);
#1968=AXIS2_PLACEMENT_3D('',#2989,#2396,#2397);
#1969=AXIS2_PLACEMENT_3D('',#2991,#2398,#2399);
#1970=AXIS2_PLACEMENT_3D('',#3003,#2400,#2401);
#1971=AXIS2_PLACEMENT_3D('',#3005,#2402,#2403);
#1972=AXIS2_PLACEMENT_3D('',#3017,#2404,#2405);
#1973=AXIS2_PLACEMENT_3D('',#3019,#2406,#2407);
#1974=AXIS2_PLACEMENT_3D('',#3031,#2408,#2409);
#1975=AXIS2_PLACEMENT_3D('',#3032,#2410,#2411);
#1976=AXIS2_PLACEMENT_3D('',#3034,#2412,#2413);
#1977=AXIS2_PLACEMENT_3D('',#3036,#2415,#2416);
#1978=AXIS2_PLACEMENT_3D('',#3042,#2418,#2419);
#1979=AXIS2_PLACEMENT_3D('',#3048,#2421,#2422);
#1980=AXIS2_PLACEMENT_3D('',#3065,#2424,#2425);
#1981=AXIS2_PLACEMENT_3D('',#3069,#2426,#2427);
#1982=AXIS2_PLACEMENT_3D('',#3075,#2429,#2430);
#1983=AXIS2_PLACEMENT_3D('',#3092,#2432,#2433);
#1984=AXIS2_PLACEMENT_3D('',#3111,#2436,#2437);
#1985=AXIS2_PLACEMENT_3D('',#3128,#2439,#2440);
#1986=AXIS2_PLACEMENT_3D('',#3132,#2441,#2442);
#1987=AXIS2_PLACEMENT_3D('',#3136,#2443,#2444);
#1988=AXIS2_PLACEMENT_3D('',#3140,#2445,#2446);
#1989=AXIS2_PLACEMENT_3D('',#3144,#2447,#2448);
#1990=AXIS2_PLACEMENT_3D('',#3147,#2450,#2451);
#1991=AXIS2_PLACEMENT_3D('',#3149,#2452,#2453);
#1992=AXIS2_PLACEMENT_3D('',#3150,#2454,#2455);
#1993=AXIS2_PLACEMENT_3D('',#3152,#2456,#2457);
#1994=AXIS2_PLACEMENT_3D('',#3154,#2459,#2460);
#1995=AXIS2_PLACEMENT_3D('',#3156,#2462,#2463);
#1996=AXIS2_PLACEMENT_3D('',#3157,#2464,#2465);
#1997=AXIS2_PLACEMENT_3D('',#3158,#2466,#2467);
#1998=AXIS2_PLACEMENT_3D('',#3159,#2468,#2469);
#1999=AXIS2_PLACEMENT_3D('',#3160,#2470,#2471);
#2000=AXIS2_PLACEMENT_3D('',#3161,#2472,#2473);
#2001=AXIS2_PLACEMENT_3D('',#3162,#2474,#2475);
#2002=AXIS2_PLACEMENT_3D('',#3163,#2476,#2477);
#2003=AXIS2_PLACEMENT_3D('',#3164,#2478,#2479);
#2004=AXIS2_PLACEMENT_3D('',#3165,#2480,#2481);
#2005=DIRECTION('axis',(0.,0.,1.));
#2006=DIRECTION('refdir',(1.,0.,0.));
#2007=DIRECTION('axis',(0.,0.,1.));
#2008=DIRECTION('refdir',(1.,0.,0.));
#2009=DIRECTION('center_axis',(0.,-1.,0.));
#2010=DIRECTION('ref_axis',(1.,0.,0.));
#2011=DIRECTION('',(1.,0.,0.));
#2012=DIRECTION('',(0.,0.,1.));
#2013=DIRECTION('',(1.,0.,0.));
#2014=DIRECTION('',(0.,0.,1.));
#2015=DIRECTION('center_axis',(-1.,8.88178419700125E-16,0.));
#2016=DIRECTION('ref_axis',(-8.88178419700125E-16,-1.,0.));
#2017=DIRECTION('',(-8.88178419700125E-16,-1.,0.));
#2018=DIRECTION('',(0.,0.,1.));
#2019=DIRECTION('',(-8.88178419700125E-16,-1.,0.));
#2020=DIRECTION('center_axis',(0.,1.,0.));
#2021=DIRECTION('ref_axis',(-1.,0.,0.));
#2022=DIRECTION('',(-1.,0.,0.));
#2023=DIRECTION('',(0.,0.,1.));
#2024=DIRECTION('',(-1.,0.,0.));
#2025=DIRECTION('center_axis',(1.,0.,0.));
#2026=DIRECTION('ref_axis',(0.,1.,0.));
#2027=DIRECTION('',(0.,1.,0.));
#2028=DIRECTION('',(0.,1.,0.));
#2029=DIRECTION('center_axis',(0.,0.,1.));
#2030=DIRECTION('ref_axis',(1.,0.,0.));
#2031=DIRECTION('center_axis',(0.,-1.,0.));
#2032=DIRECTION('ref_axis',(-1.,0.,0.));
#2033=DIRECTION('',(-1.,0.,0.));
#2034=DIRECTION('',(0.,0.,-1.));
#2035=DIRECTION('',(-1.,0.,0.));
#2036=DIRECTION('',(0.,0.,-1.));
#2037=DIRECTION('center_axis',(1.,8.88178419700125E-16,0.));
#2038=DIRECTION('ref_axis',(8.88178419700125E-16,-1.,0.));
#2039=DIRECTION('',(8.88178419700125E-16,-1.,0.));
#2040=DIRECTION('',(0.,0.,-1.));
#2041=DIRECTION('',(8.88178419700125E-16,-1.,0.));
#2042=DIRECTION('center_axis',(0.,1.,0.));
#2043=DIRECTION('ref_axis',(1.,0.,0.));
#2044=DIRECTION('',(1.,0.,0.));
#2045=DIRECTION('',(0.,0.,-1.));
#2046=DIRECTION('',(1.,0.,0.));
#2047=DIRECTION('center_axis',(-1.,-8.88178419700125E-16,0.));
#2048=DIRECTION('ref_axis',(-8.88178419700125E-16,1.,0.));
#2049=DIRECTION('',(-8.88178419700125E-16,1.,0.));
#2050=DIRECTION('',(-8.88178419700125E-16,1.,0.));
#2051=DIRECTION('center_axis',(0.,0.,1.));
#2052=DIRECTION('ref_axis',(1.,0.,0.));
#2053=DIRECTION('center_axis',(4.44089209850062E-15,0.,1.));
#2054=DIRECTION('ref_axis',(1.,0.,-4.44089209850062E-15));
#2055=DIRECTION('',(1.,0.,-4.44089209850062E-15));
#2056=DIRECTION('',(0.,1.,0.));
#2057=DIRECTION('',(1.,0.,-4.44089209850062E-15));
#2058=DIRECTION('',(0.,1.,0.));
#2059=DIRECTION('center_axis',(-1.,0.,0.));
#2060=DIRECTION('ref_axis',(0.,0.,1.));
#2061=DIRECTION('',(0.,0.,1.));
#2062=DIRECTION('',(0.,1.,0.));
#2063=DIRECTION('',(0.,0.,1.));
#2064=DIRECTION('center_axis',(0.,0.,-1.));
#2065=DIRECTION('ref_axis',(-1.,0.,0.));
#2066=DIRECTION('',(-1.,0.,0.));
#2067=DIRECTION('',(0.,1.,0.));
#2068=DIRECTION('',(-1.,0.,0.));
#2069=DIRECTION('center_axis',(1.,0.,0.));
#2070=DIRECTION('ref_axis',(0.,0.,-1.));
#2071=DIRECTION('',(0.,0.,-1.));
#2072=DIRECTION('',(0.,0.,-1.));
#2073=DIRECTION('center_axis',(0.,1.,0.));
#2074=DIRECTION('ref_axis',(0.,0.,1.));
#2075=DIRECTION('center_axis',(0.,0.,1.));
#2076=DIRECTION('ref_axis',(1.,0.,0.));
#2077=DIRECTION('',(1.,0.,0.));
#2078=DIRECTION('',(0.,1.,0.));
#2079=DIRECTION('',(1.,0.,0.));
#2080=DIRECTION('',(0.,1.,0.));
#2081=DIRECTION('center_axis',(-1.,0.,0.));
#2082=DIRECTION('ref_axis',(0.,0.,1.));
#2083=DIRECTION('',(0.,0.,1.));
#2084=DIRECTION('',(0.,1.,0.));
#2085=DIRECTION('',(0.,0.,1.));
#2086=DIRECTION('center_axis',(0.,0.,-1.));
#2087=DIRECTION('ref_axis',(-1.,0.,0.));
#2088=DIRECTION('',(-1.,0.,0.));
#2089=DIRECTION('',(0.,1.,0.));
#2090=DIRECTION('',(-1.,0.,0.));
#2091=DIRECTION('center_axis',(1.,0.,-4.44089209850063E-16));
#2092=DIRECTION('ref_axis',(-4.44089209850063E-16,0.,-1.));
#2093=DIRECTION('',(-4.44089209850063E-16,0.,-1.));
#2094=DIRECTION('',(-4.44089209850063E-16,0.,-1.));
#2095=DIRECTION('center_axis',(0.,-1.,0.));
#2096=DIRECTION('ref_axis',(0.,0.,-1.));
#2097=DIRECTION('center_axis',(0.,0.,1.));
#2098=DIRECTION('ref_axis',(1.,0.,0.));
#2099=DIRECTION('',(1.,0.,0.));
#2100=DIRECTION('',(0.,1.,0.));
#2101=DIRECTION('',(1.,0.,0.));
#2102=DIRECTION('',(0.,1.,0.));
#2103=DIRECTION('center_axis',(-1.,0.,0.));
#2104=DIRECTION('ref_axis',(0.,0.,1.));
#2105=DIRECTION('',(0.,0.,1.));
#2106=DIRECTION('',(0.,1.,0.));
#2107=DIRECTION('',(0.,0.,1.));
#2108=DIRECTION('center_axis',(0.,0.,-1.));
#2109=DIRECTION('ref_axis',(-1.,0.,0.));
#2110=DIRECTION('',(-1.,0.,0.));
#2111=DIRECTION('',(0.,1.,0.));
#2112=DIRECTION('',(-1.,0.,0.));
#2113=DIRECTION('center_axis',(1.,0.,0.));
#2114=DIRECTION('ref_axis',(0.,0.,-1.));
#2115=DIRECTION('',(0.,0.,-1.));
#2116=DIRECTION('',(0.,0.,-1.));
#2117=DIRECTION('center_axis',(0.,1.,0.));
#2118=DIRECTION('ref_axis',(0.,0.,1.));
#2119=DIRECTION('center_axis',(1.,0.,0.));
#2120=DIRECTION('ref_axis',(0.,0.,-1.));
#2121=DIRECTION('',(0.,0.,-1.));
#2122=DIRECTION('',(0.,1.,0.));
#2123=DIRECTION('',(0.,0.,-1.));
#2124=DIRECTION('',(0.,1.,0.));
#2125=DIRECTION('center_axis',(0.,0.,1.));
#2126=DIRECTION('ref_axis',(1.,0.,0.));
#2127=DIRECTION('',(1.,0.,0.));
#2128=DIRECTION('',(0.,1.,0.));
#2129=DIRECTION('',(1.,0.,0.));
#2130=DIRECTION('center_axis',(-1.,0.,-8.88178419700132E-15));
#2131=DIRECTION('ref_axis',(-8.88178419700132E-15,0.,1.));
#2132=DIRECTION('',(-8.88178419700132E-15,0.,1.));
#2133=DIRECTION('',(0.,1.,0.));
#2134=DIRECTION('',(-8.88178419700132E-15,0.,1.));
#2135=DIRECTION('center_axis',(0.,0.,-1.));
#2136=DIRECTION('ref_axis',(-1.,0.,0.));
#2137=DIRECTION('',(-1.,0.,0.));
#2138=DIRECTION('',(-1.,0.,0.));
#2139=DIRECTION('center_axis',(0.,1.,0.));
#2140=DIRECTION('ref_axis',(0.,0.,1.));
#2141=DIRECTION('center_axis',(-1.,0.,0.));
#2142=DIRECTION('ref_axis',(0.,0.,1.));
#2143=DIRECTION('',(0.,0.,1.));
#2144=DIRECTION('',(0.,1.,0.));
#2145=DIRECTION('',(0.,0.,1.));
#2146=DIRECTION('',(0.,1.,0.));
#2147=DIRECTION('center_axis',(0.,0.,-1.));
#2148=DIRECTION('ref_axis',(-1.,0.,0.));
#2149=DIRECTION('',(-1.,0.,0.));
#2150=DIRECTION('',(0.,1.,0.));
#2151=DIRECTION('',(-1.,0.,0.));
#2152=DIRECTION('center_axis',(1.,0.,0.));
#2153=DIRECTION('ref_axis',(0.,0.,-1.));
#2154=DIRECTION('',(0.,0.,-1.));
#2155=DIRECTION('',(0.,1.,0.));
#2156=DIRECTION('',(0.,0.,-1.));
#2157=DIRECTION('center_axis',(0.,0.,1.));
#2158=DIRECTION('ref_axis',(1.,0.,0.));
#2159=DIRECTION('',(1.,0.,0.));
#2160=DIRECTION('',(1.,0.,0.));
#2161=DIRECTION('center_axis',(0.,1.,0.));
#2162=DIRECTION('ref_axis',(0.,0.,1.));
#2163=DIRECTION('center_axis',(0.,0.,1.));
#2164=DIRECTION('ref_axis',(1.,0.,0.));
#2165=DIRECTION('',(1.,0.,0.));
#2166=DIRECTION('',(0.,1.,0.));
#2167=DIRECTION('',(1.,0.,0.));
#2168=DIRECTION('',(0.,1.,0.));
#2169=DIRECTION('center_axis',(-1.,0.,0.));
#2170=DIRECTION('ref_axis',(0.,0.,1.));
#2171=DIRECTION('',(0.,0.,1.));
#2172=DIRECTION('',(0.,1.,0.));
#2173=DIRECTION('',(0.,0.,1.));
#2174=DIRECTION('center_axis',(0.,0.,-1.));
#2175=DIRECTION('ref_axis',(-1.,0.,0.));
#2176=DIRECTION('',(-1.,0.,0.));
#2177=DIRECTION('',(0.,1.,0.));
#2178=DIRECTION('',(-1.,0.,0.));
#2179=DIRECTION('center_axis',(1.,0.,0.));
#2180=DIRECTION('ref_axis',(0.,0.,-1.));
#2181=DIRECTION('',(0.,0.,-1.));
#2182=DIRECTION('',(0.,0.,-1.));
#2183=DIRECTION('center_axis',(0.,1.,0.));
#2184=DIRECTION('ref_axis',(0.,0.,1.));
#2185=DIRECTION('center_axis',(0.,0.,1.));
#2186=DIRECTION('ref_axis',(1.,0.,0.));
#2187=DIRECTION('',(1.,0.,0.));
#2188=DIRECTION('',(0.,1.,0.));
#2189=DIRECTION('',(1.,0.,0.));
#2190=DIRECTION('',(0.,1.,0.));
#2191=DIRECTION('center_axis',(-1.,0.,0.));
#2192=DIRECTION('ref_axis',(0.,0.,1.));
#2193=DIRECTION('',(0.,0.,1.));
#2194=DIRECTION('',(0.,1.,0.));
#2195=DIRECTION('',(0.,0.,1.));
#2196=DIRECTION('center_axis',(0.,0.,-1.));
#2197=DIRECTION('ref_axis',(-1.,0.,0.));
#2198=DIRECTION('',(-1.,0.,0.));
#2199=DIRECTION('',(0.,1.,0.));
#2200=DIRECTION('',(-1.,0.,0.));
#2201=DIRECTION('center_axis',(1.,0.,0.));
#2202=DIRECTION('ref_axis',(0.,0.,-1.));
#2203=DIRECTION('',(0.,0.,-1.));
#2204=DIRECTION('',(0.,0.,-1.));
#2205=DIRECTION('center_axis',(0.,1.,0.));
#2206=DIRECTION('ref_axis',(0.,0.,1.));
#2207=DIRECTION('center_axis',(2.22044604925031E-15,0.,1.));
#2208=DIRECTION('ref_axis',(1.,0.,-2.22044604925031E-15));
#2209=DIRECTION('',(1.,0.,-2.22044604925031E-15));
#2210=DIRECTION('',(0.,1.,0.));
#2211=DIRECTION('',(1.,0.,-2.22044604925031E-15));
#2212=DIRECTION('',(0.,1.,0.));
#2213=DIRECTION('center_axis',(-1.,0.,0.));
#2214=DIRECTION('ref_axis',(0.,0.,1.));
#2215=DIRECTION('',(0.,0.,1.));
#2216=DIRECTION('',(0.,1.,0.));
#2217=DIRECTION('',(0.,0.,1.));
#2218=DIRECTION('center_axis',(2.22044604925031E-15,0.,-1.));
#2219=DIRECTION('ref_axis',(-1.,0.,-2.22044604925031E-15));
#2220=DIRECTION('',(-1.,0.,-2.22044604925031E-15));
#2221=DIRECTION('',(0.,1.,0.));
#2222=DIRECTION('',(-1.,0.,-2.22044604925031E-15));
#2223=DIRECTION('center_axis',(1.,0.,0.));
#2224=DIRECTION('ref_axis',(0.,0.,-1.));
#2225=DIRECTION('',(0.,0.,-1.));
#2226=DIRECTION('',(0.,0.,-1.));
#2227=DIRECTION('center_axis',(0.,1.,0.));
#2228=DIRECTION('ref_axis',(0.,0.,1.));
#2229=DIRECTION('center_axis',(0.,1.,0.));
#2230=DIRECTION('ref_axis',(-1.,0.,0.));
#2231=DIRECTION('center_axis',(0.,1.,0.));
#2232=DIRECTION('ref_axis',(-1.,0.,0.));
#2233=DIRECTION('',(0.,1.,0.));
#2234=DIRECTION('center_axis',(0.,1.,0.));
#2235=DIRECTION('ref_axis',(-1.,0.,0.));
#2236=DIRECTION('center_axis',(0.,1.,0.));
#2237=DIRECTION('ref_axis',(0.,0.,1.));
#2238=DIRECTION('center_axis',(0.,1.,0.));
#2239=DIRECTION('ref_axis',(-1.,0.,0.));
#2240=DIRECTION('center_axis',(0.,1.,0.));
#2241=DIRECTION('ref_axis',(-1.,0.,0.));
#2242=DIRECTION('',(0.,1.,0.));
#2243=DIRECTION('center_axis',(0.,1.,0.));
#2244=DIRECTION('ref_axis',(-1.,0.,0.));
#2245=DIRECTION('center_axis',(0.,1.,0.));
#2246=DIRECTION('ref_axis',(0.,0.,1.));
#2247=DIRECTION('center_axis',(1.,-1.26882631385732E-16,0.));
#2248=DIRECTION('ref_axis',(1.26882631385732E-16,1.,0.));
#2249=DIRECTION('',(-1.26882631385732E-16,-1.,0.));
#2250=DIRECTION('',(0.,0.,1.));
#2251=DIRECTION('',(1.26882631385732E-16,1.,0.));
#2252=DIRECTION('',(0.,0.,1.));
#2253=DIRECTION('center_axis',(0.,-1.,0.));
#2254=DIRECTION('ref_axis',(1.,0.,0.));
#2255=DIRECTION('',(-1.,0.,0.));
#2256=DIRECTION('',(1.,0.,0.));
#2257=DIRECTION('',(0.,0.,1.));
#2258=DIRECTION('center_axis',(-1.,-1.90323947078598E-16,0.));
#2259=DIRECTION('ref_axis',(1.90323947078598E-16,-1.,0.));
#2260=DIRECTION('',(-1.90323947078598E-16,1.,0.));
#2261=DIRECTION('',(1.90323947078598E-16,-1.,0.));
#2262=DIRECTION('',(0.,0.,1.));
#2263=DIRECTION('center_axis',(0.,1.,0.));
#2264=DIRECTION('ref_axis',(-1.,0.,0.));
#2265=DIRECTION('',(1.,0.,0.));
#2266=DIRECTION('',(-1.,0.,0.));
#2267=DIRECTION('center_axis',(0.,0.,1.));
#2268=DIRECTION('ref_axis',(1.,0.,0.));
#2269=DIRECTION('center_axis',(0.,0.,1.));
#2270=DIRECTION('ref_axis',(1.,0.,0.));
#2271=DIRECTION('axis',(0.,0.,1.));
#2272=DIRECTION('refdir',(1.,0.,0.));
#2273=DIRECTION('center_axis',(0.,0.,-1.));
#2274=DIRECTION('ref_axis',(-1.,0.,0.));
#2275=DIRECTION('center_axis',(0.,0.,-1.));
#2276=DIRECTION('ref_axis',(-1.,0.,0.));
#2277=DIRECTION('',(0.,0.,-1.));
#2278=DIRECTION('center_axis',(0.,0.,1.));
#2279=DIRECTION('ref_axis',(-1.,0.,0.));
#2280=DIRECTION('center_axis',(0.799999999999999,0.600000000000001,0.));
#2281=DIRECTION('ref_axis',(0.600000000000001,-0.799999999999999,0.));
#2282=DIRECTION('',(0.600000000000001,-0.799999999999999,0.));
#2283=DIRECTION('',(0.,0.,1.));
#2284=DIRECTION('',(-0.600000000000001,0.799999999999999,0.));
#2285=DIRECTION('',(0.,0.,-1.));
#2286=DIRECTION('center_axis',(-0.8,0.6,0.));
#2287=DIRECTION('ref_axis',(0.6,0.8,0.));
#2288=DIRECTION('',(0.6,0.8,0.));
#2289=DIRECTION('',(0.,0.,1.));
#2290=DIRECTION('',(-0.6,-0.8,0.));
#2291=DIRECTION('',(0.,0.,-1.));
#2292=DIRECTION('center_axis',(0.,0.,1.));
#2293=DIRECTION('ref_axis',(1.,0.,0.));
#2294=DIRECTION('',(0.,1.,0.));
#2295=DIRECTION('',(1.,0.,0.));
#2296=DIRECTION('',(0.,-1.,0.));
#2297=DIRECTION('',(-1.,2.22044604925031E-16,0.));
#2298=DIRECTION('center_axis',(0.,0.,1.));
#2299=DIRECTION('ref_axis',(1.,0.,0.));
#2300=DIRECTION('',(1.,-2.22044604925031E-16,0.));
#2301=DIRECTION('',(0.,1.,0.));
#2302=DIRECTION('',(-1.,0.,0.));
#2303=DIRECTION('',(0.,-1.,0.));
#2304=DIRECTION('center_axis',(1.,0.,0.));
#2305=DIRECTION('ref_axis',(0.,1.,0.));
#2306=DIRECTION('',(0.,0.,1.));
#2307=DIRECTION('center_axis',(-2.22044604925031E-16,-1.,0.));
#2308=DIRECTION('ref_axis',(1.,-2.22044604925031E-16,0.));
#2309=DIRECTION('center_axis',(-1.,0.,0.));
#2310=DIRECTION('ref_axis',(0.,-1.,0.));
#2311=DIRECTION('',(0.,0.,1.));
#2312=DIRECTION('center_axis',(0.,1.,0.));
#2313=DIRECTION('ref_axis',(-1.,0.,0.));
#2314=DIRECTION('axis',(0.,0.,1.));
#2315=DIRECTION('refdir',(1.,0.,0.));
#2316=DIRECTION('center_axis',(-1.,1.03258072777584E-33,0.));
#2317=DIRECTION('ref_axis',(-4.52204657873199E-34,-1.,0.));
#2318=DIRECTION('center_axis',(-1.,1.03258072777584E-33,0.));
#2319=DIRECTION('ref_axis',(-1.03258072777584E-33,-1.,0.));
#2320=DIRECTION('',(-0.707234821089092,0.70697871809488,8.65799224180194E-17));
#2321=DIRECTION('center_axis',(1.,-1.03258072777584E-33,0.));
#2322=DIRECTION('ref_axis',(0.,-1.,0.));
#2323=DIRECTION('center_axis',(1.,-1.03258072777584E-33,0.));
#2324=DIRECTION('ref_axis',(0.,-1.,0.));
#2325=DIRECTION('center_axis',(1.,-1.03258072777584E-33,0.));
#2326=DIRECTION('ref_axis',(0.,1.,0.));
#2327=DIRECTION('',(-1.,1.03258072777584E-33,0.));
#2328=DIRECTION('center_axis',(1.,-1.03258072777584E-33,0.));
#2329=DIRECTION('ref_axis',(0.,1.,0.));
#2330=DIRECTION('center_axis',(1.,-1.03258072777584E-33,0.));
#2331=DIRECTION('ref_axis',(0.,0.,-1.));
#2332=DIRECTION('center_axis',(1.,-1.03258072777584E-33,0.));
#2333=DIRECTION('ref_axis',(0.,0.,-1.));
#2334=DIRECTION('center_axis',(1.,0.,0.));
#2335=DIRECTION('ref_axis',(0.,1.,6.81712338612749E-17));
#2336=DIRECTION('center_axis',(-1.,1.03258072777584E-33,0.));
#2337=DIRECTION('ref_axis',(0.,1.,1.38777878078145E-17));
#2338=DIRECTION('center_axis',(-1.,1.03258072777584E-33,0.));
#2339=DIRECTION('ref_axis',(0.,1.,0.));
#2340=DIRECTION('',(0.894932372451515,-0.440750651566551,0.0695335306306443));
#2341=DIRECTION('center_axis',(1.,-1.03258072777584E-33,0.));
#2342=DIRECTION('ref_axis',(0.,1.,0.));
#2343=DIRECTION('',(-0.894932372451515,0.440750651566551,0.0695335306306443));
#2344=DIRECTION('center_axis',(1.,-1.03258072777584E-33,0.));
#2345=DIRECTION('ref_axis',(0.,0.,-1.));
#2346=DIRECTION('center_axis',(1.,0.,0.));
#2347=DIRECTION('ref_axis',(0.,1.11022302462516E-16,-1.));
#2348=DIRECTION('center_axis',(-1.,1.03258072777584E-33,0.));
#2349=DIRECTION('ref_axis',(0.,6.12323399573677E-17,-1.));
#2350=DIRECTION('center_axis',(-1.,1.03258072777584E-33,0.));
#2351=DIRECTION('ref_axis',(0.,1.,0.));
#2352=DIRECTION('',(0.894932372451515,0.0695335306306439,0.440750651566552));
#2353=DIRECTION('center_axis',(1.,-1.03258072777584E-33,0.));
#2354=DIRECTION('ref_axis',(0.,1.,0.));
#2355=DIRECTION('',(-0.894932372451515,0.0695335306306439,-0.440750651566551));
#2356=DIRECTION('center_axis',(1.,-1.03258072777584E-33,0.));
#2357=DIRECTION('ref_axis',(0.,0.,-1.));
#2358=DIRECTION('center_axis',(1.,0.,0.));
#2359=DIRECTION('ref_axis',(0.,-1.,0.));
#2360=DIRECTION('center_axis',(-1.,1.03258072777584E-33,0.));
#2361=DIRECTION('ref_axis',(0.,-1.,1.22464679914735E-16));
#2362=DIRECTION('center_axis',(-1.,1.03258072777584E-33,0.));
#2363=DIRECTION('ref_axis',(-2.06516145555167E-33,-1.,1.22464679914735E-16));
#2364=DIRECTION('',(0.894932372451515,0.440750651566551,-0.0695335306306443));
#2365=DIRECTION('center_axis',(1.,-1.03258072777584E-33,0.));
#2366=DIRECTION('ref_axis',(0.,1.,0.));
#2367=DIRECTION('center_axis',(1.,-1.03258072777584E-33,0.));
#2368=DIRECTION('ref_axis',(0.,1.,0.));
#2369=DIRECTION('',(-0.894932372451515,-0.440750651566551,-0.0695335306306442));
#2370=DIRECTION('center_axis',(1.,-1.03258072777584E-33,0.));
#2371=DIRECTION('ref_axis',(0.,1.22464679914735E-16,1.));
#2372=DIRECTION('center_axis',(1.,0.,0.));
#2373=DIRECTION('ref_axis',(0.,1.11022302462516E-16,1.));
#2374=DIRECTION('center_axis',(-1.,1.03258072777584E-33,0.));
#2375=DIRECTION('ref_axis',(0.,6.12323399573677E-17,1.));
#2376=DIRECTION('center_axis',(-1.,1.03258072777584E-33,0.));
#2377=DIRECTION('ref_axis',(0.,1.,0.));
#2378=DIRECTION('',(0.894932372451515,-0.0695335306306439,-0.440750651566552));
#2379=DIRECTION('center_axis',(1.,-1.03258072777584E-33,0.));
#2380=DIRECTION('ref_axis',(0.,1.,0.));
#2381=DIRECTION('',(-0.894932372451515,-0.0695335306306439,0.440750651566551));
#2382=DIRECTION('center_axis',(1.,-1.03258072777584E-33,0.));
#2383=DIRECTION('ref_axis',(0.,0.,-1.));
#2384=DIRECTION('center_axis',(-1.,0.,0.));
#2385=DIRECTION('ref_axis',(0.,-1.,0.));
#2386=DIRECTION('center_axis',(-1.,0.,0.));
#2387=DIRECTION('ref_axis',(0.,-1.,0.));
#2388=DIRECTION('center_axis',(-1.03258072777584E-33,-1.,-1.22464679914735E-16));
#2389=DIRECTION('ref_axis',(0.,-1.22464679914735E-16,1.));
#2390=DIRECTION('center_axis',(1.,-1.03258072777584E-33,0.));
#2391=DIRECTION('ref_axis',(0.,-1.,1.22464679914735E-16));
#2392=DIRECTION('center_axis',(-5.55111512312578E-17,-2.92243254897379E-18,
1.));
#2393=DIRECTION('ref_axis',(-0.998860420017697,-0.0477269454508598,0.));
#2394=DIRECTION('center_axis',(-0.0871557427476582,-0.0198372844376013,
-0.995997167994089));
#2395=DIRECTION('ref_axis',(0.,-0.999801715369461,0.0199130596414541));
#2396=DIRECTION('center_axis',(-0.0871557427476582,-0.995997167994089,-0.019837284437602));
#2397=DIRECTION('ref_axis',(0.,-0.0199130596414548,0.999801715369461));
#2398=DIRECTION('center_axis',(-0.0871557427476582,0.995997167994089,-0.019837284437602));
#2399=DIRECTION('ref_axis',(0.,-0.0199130596414548,-0.999801715369461));
#2400=DIRECTION('center_axis',(-0.0871557427476582,0.0198372844376013,-0.995997167994089));
#2401=DIRECTION('ref_axis',(0.,-0.999801715369461,-0.0199130596414541));
#2402=DIRECTION('center_axis',(-0.0871557427476582,0.0198372844376013,0.995997167994089));
#2403=DIRECTION('ref_axis',(0.,0.999801715369461,-0.0199130596414541));
#2404=DIRECTION('center_axis',(-0.0871557427476582,0.995997167994089,0.019837284437602));
#2405=DIRECTION('ref_axis',(0.,0.0199130596414548,-0.999801715369461));
#2406=DIRECTION('center_axis',(-0.0871557427476582,-0.995997167994089,0.019837284437602));
#2407=DIRECTION('ref_axis',(0.,0.0199130596414548,0.999801715369461));
#2408=DIRECTION('center_axis',(-0.0871557427476582,-0.0198372844376013,
0.995997167994089));
#2409=DIRECTION('ref_axis',(0.,0.999801715369461,0.0199130596414541));
#2410=DIRECTION('center_axis',(1.,-1.03258072777584E-33,0.));
#2411=DIRECTION('ref_axis',(0.,1.,0.));
#2412=DIRECTION('center_axis',(1.,-1.03258072777584E-33,0.));
#2413=DIRECTION('ref_axis',(0.,1.,0.));
#2414=DIRECTION('',(-0.999390827019096,0.0348994967025013,4.27395569285718E-18));
#2415=DIRECTION('center_axis',(-0.0871557427476582,0.0198372844376013,0.995997167994089));
#2416=DIRECTION('ref_axis',(0.,-0.999801715369461,0.0199130596414541));
#2417=DIRECTION('',(0.996194698091746,0.00173553750342923,0.087138461103408));
#2418=DIRECTION('center_axis',(-0.0871557427476582,0.0198372844376013,-0.995997167994089));
#2419=DIRECTION('ref_axis',(0.,0.999801715369461,0.0199130596414541));
#2420=DIRECTION('',(0.996194698091746,0.00173553750342933,-0.0871384611034081));
#2421=DIRECTION('center_axis',(1.,0.,0.));
#2422=DIRECTION('ref_axis',(0.,0.0199130596414528,-0.999801715369461));
#2423=DIRECTION('',(0.996194698091746,0.0871384611034081,-0.00173553750342942));
#2424=DIRECTION('center_axis',(-0.0871557427476582,0.995997167994089,-0.019837284437602));
#2425=DIRECTION('ref_axis',(0.,0.0199130596414548,0.999801715369461));
#2426=DIRECTION('center_axis',(-0.0871557427476582,-0.995997167994089,-0.019837284437602));
#2427=DIRECTION('ref_axis',(0.,0.0199130596414548,-0.999801715369461));
#2428=DIRECTION('',(0.996194698091746,-0.0871384611034081,-0.00173553750342941));
#2429=DIRECTION('center_axis',(1.,0.,0.));
#2430=DIRECTION('ref_axis',(0.,-0.99980171536946,-0.0199130596414551));
#2431=DIRECTION('',(0.996194698091746,-0.00173553750342923,-0.087138461103408));
#2432=DIRECTION('center_axis',(1.,0.,0.));
#2433=DIRECTION('ref_axis',(0.,-0.0199130596414528,0.999801715369461));
#2434=DIRECTION('',(0.996194698091746,-0.0871384611034081,0.00173553750342942));
#2435=DIRECTION('',(0.996194698091746,-0.00173553750342933,0.0871384611034081));
#2436=DIRECTION('center_axis',(1.,0.,0.));
#2437=DIRECTION('ref_axis',(0.,0.99980171536946,0.0199130596414551));
#2438=DIRECTION('',(0.996194698091746,0.0871384611034081,0.00173553750342941));
#2439=DIRECTION('center_axis',(-0.0871557427476582,-0.0198372844376013,
-0.995997167994089));
#2440=DIRECTION('ref_axis',(0.,0.999801715369461,-0.0199130596414541));
#2441=DIRECTION('center_axis',(-0.0871557427476582,-0.995997167994089,0.019837284437602));
#2442=DIRECTION('ref_axis',(0.,-0.0199130596414548,-0.999801715369461));
#2443=DIRECTION('center_axis',(-0.0871557427476582,-0.0198372844376013,
0.995997167994089));
#2444=DIRECTION('ref_axis',(0.,-0.999801715369461,-0.0199130596414541));
#2445=DIRECTION('center_axis',(-0.0871557427476582,0.995997167994089,0.019837284437602));
#2446=DIRECTION('ref_axis',(0.,-0.0199130596414548,0.999801715369461));
#2447=DIRECTION('center_axis',(-1.,1.03258072777584E-33,0.));
#2448=DIRECTION('ref_axis',(0.,1.,0.));
#2449=DIRECTION('',(-0.469471562785891,-0.882947592858927,-1.08129894340955E-16));
#2450=DIRECTION('center_axis',(1.,-1.03258072777584E-33,0.));
#2451=DIRECTION('ref_axis',(0.,0.,-1.));
#2452=DIRECTION('center_axis',(1.,-1.03258072777584E-33,0.));
#2453=DIRECTION('ref_axis',(0.,1.,0.));
#2454=DIRECTION('center_axis',(1.,-1.03258072777584E-33,0.));
#2455=DIRECTION('ref_axis',(0.,1.,0.));
#2456=DIRECTION('center_axis',(1.,-1.03258072777584E-33,0.));
#2457=DIRECTION('ref_axis',(0.,1.,0.));
#2458=DIRECTION('',(-1.,1.03258072777584E-33,0.));
#2459=DIRECTION('center_axis',(1.,-1.03258072777584E-33,0.));
#2460=DIRECTION('ref_axis',(0.,1.,0.));
#2461=DIRECTION('',(-0.914921311434398,0.403632250796639,4.94306943970746E-17));
#2462=DIRECTION('',(0.,0.,1.));
#2463=DIRECTION('',(1.,0.,0.));
#2464=DIRECTION('',(0.,0.,1.));
#2465=DIRECTION('',(1.,0.,0.));
#2466=DIRECTION('',(-1.,0.,0.));
#2467=DIRECTION('',(0.,0.,1.));
#2468=DIRECTION('',(1.,0.,0.));
#2469=DIRECTION('',(0.,0.,-1.));
#2470=DIRECTION('',(1.,0.,0.));
#2471=DIRECTION('',(0.,0.,-1.));
#2472=DIRECTION('',(1.,0.,0.));
#2473=DIRECTION('',(0.,0.,-1.));
#2474=DIRECTION('',(0.,0.,1.));
#2475=DIRECTION('',(1.,0.,0.));
#2476=DIRECTION('',(1.,0.,1.11022302462516E-16));
#2477=DIRECTION('',(1.11022302462516E-16,0.,-1.));
#2478=DIRECTION('',(1.,0.,0.));
#2479=DIRECTION('',(0.,0.,-1.));
#2480=DIRECTION('',(0.,0.,1.));
#2481=DIRECTION('',(0.,1.,0.));
#2482=CARTESIAN_POINT('',(0.,0.,0.));
#2483=CARTESIAN_POINT('',(0.,0.,0.));
#2484=CARTESIAN_POINT('Origin',(11.3,-33.5,0.));
#2485=CARTESIAN_POINT('',(11.3,-33.5,0.));
#2486=CARTESIAN_POINT('',(16.3,-33.5,0.));
#2487=CARTESIAN_POINT('',(12.55,-33.5,0.));
#2488=CARTESIAN_POINT('',(11.3,-33.5,1.));
#2489=CARTESIAN_POINT('',(11.3,-33.5,0.));
#2490=CARTESIAN_POINT('',(16.3,-33.5,1.));
#2491=CARTESIAN_POINT('',(11.3,-33.5,1.));
#2492=CARTESIAN_POINT('',(16.3,-33.5,0.));
#2493=CARTESIAN_POINT('Origin',(11.3,-31.,0.));
#2494=CARTESIAN_POINT('',(11.3,-31.,0.));
#2495=CARTESIAN_POINT('',(11.3,-24.25,0.));
#2496=CARTESIAN_POINT('',(11.3,-31.,1.));
#2497=CARTESIAN_POINT('',(11.3,-31.,0.));
#2498=CARTESIAN_POINT('',(11.3,-31.,1.));
#2499=CARTESIAN_POINT('Origin',(16.3,-31.,0.));
#2500=CARTESIAN_POINT('',(16.3,-31.,0.));
#2501=CARTESIAN_POINT('',(15.05,-31.,0.));
#2502=CARTESIAN_POINT('',(16.3,-31.,1.));
#2503=CARTESIAN_POINT('',(16.3,-31.,0.));
#2504=CARTESIAN_POINT('',(16.3,-31.,1.));
#2505=CARTESIAN_POINT('Origin',(16.3,-33.5,0.));
#2506=CARTESIAN_POINT('',(16.3,-25.5,0.));
#2507=CARTESIAN_POINT('',(16.3,-33.5,1.));
#2508=CARTESIAN_POINT('Origin',(13.8,-32.25,1.));
#2509=CARTESIAN_POINT('Origin',(16.197112111143,-33.5,21.6));
#2510=CARTESIAN_POINT('',(16.197112111143,-33.5,21.6));
#2511=CARTESIAN_POINT('',(11.697112111143,-33.5,21.6));
#2512=CARTESIAN_POINT('',(14.9985560555715,-33.5,21.6));
#2513=CARTESIAN_POINT('',(16.197112111143,-33.5,20.6));
#2514=CARTESIAN_POINT('',(16.197112111143,-33.5,21.6));
#2515=CARTESIAN_POINT('',(11.697112111143,-33.5,20.6));
#2516=CARTESIAN_POINT('',(16.197112111143,-33.5,20.6));
#2517=CARTESIAN_POINT('',(11.697112111143,-33.5,21.6));
#2518=CARTESIAN_POINT('Origin',(16.197112111143,-31.,21.6));
#2519=CARTESIAN_POINT('',(16.197112111143,-31.,21.6));
#2520=CARTESIAN_POINT('',(16.197112111143,-24.25,21.6));
#2521=CARTESIAN_POINT('',(16.197112111143,-31.,20.6));
#2522=CARTESIAN_POINT('',(16.197112111143,-31.,21.6));
#2523=CARTESIAN_POINT('',(16.197112111143,-31.,20.6));
#2524=CARTESIAN_POINT('Origin',(11.697112111143,-31.,21.6));
#2525=CARTESIAN_POINT('',(11.697112111143,-31.,21.6));
#2526=CARTESIAN_POINT('',(12.7485560555715,-31.,21.6));
#2527=CARTESIAN_POINT('',(11.697112111143,-31.,20.6));
#2528=CARTESIAN_POINT('',(11.697112111143,-31.,21.6));
#2529=CARTESIAN_POINT('',(11.697112111143,-31.,20.6));
#2530=CARTESIAN_POINT('Origin',(11.697112111143,-33.5,21.6));
#2531=CARTESIAN_POINT('',(11.697112111143,-25.5,21.6));
#2532=CARTESIAN_POINT('',(11.697112111143,-33.5,20.6));
#2533=CARTESIAN_POINT('Origin',(13.947112111143,-32.25,20.6));
#2534=CARTESIAN_POINT('Origin',(8.35000000000001,-35.,18.3));
#2535=CARTESIAN_POINT('',(8.35000000000001,-35.,18.3));
#2536=CARTESIAN_POINT('',(8.85000000000001,-35.,18.3));
#2537=CARTESIAN_POINT('',(4.17500000000005,-35.,18.3));
#2538=CARTESIAN_POINT('',(8.35000000000001,-34.8,18.3));
#2539=CARTESIAN_POINT('',(8.35000000000001,-35.,18.3));
#2540=CARTESIAN_POINT('',(8.85000000000001,-34.8,18.3));
#2541=CARTESIAN_POINT('',(8.35000000000001,-34.8,18.3));
#2542=CARTESIAN_POINT('',(8.85000000000001,-35.,18.3));
#2543=CARTESIAN_POINT('Origin',(8.35000000000001,-35.,13.3));
#2544=CARTESIAN_POINT('',(8.35000000000001,-35.,13.3));
#2545=CARTESIAN_POINT('',(8.35000000000001,-35.,6.65));
#2546=CARTESIAN_POINT('',(8.35000000000001,-34.8,13.3));
#2547=CARTESIAN_POINT('',(8.35000000000001,-35.,13.3));
#2548=CARTESIAN_POINT('',(8.35000000000001,-34.8,13.3));
#2549=CARTESIAN_POINT('Origin',(8.85000000000001,-35.,13.3));
#2550=CARTESIAN_POINT('',(8.85000000000001,-35.,13.3));
#2551=CARTESIAN_POINT('',(4.42500000000001,-35.,13.3));
#2552=CARTESIAN_POINT('',(8.85000000000001,-34.8,13.3));
#2553=CARTESIAN_POINT('',(8.85000000000001,-35.,13.3));
#2554=CARTESIAN_POINT('',(8.85000000000001,-34.8,13.3));
#2555=CARTESIAN_POINT('Origin',(8.85000000000001,-35.,18.3));
#2556=CARTESIAN_POINT('',(8.85000000000001,-35.,9.15));
#2557=CARTESIAN_POINT('',(8.85000000000001,-34.8,18.3));
#2558=CARTESIAN_POINT('Origin',(8.60000000000001,-34.8,15.8));
#2559=CARTESIAN_POINT('Origin',(14.35,-35.,18.3));
#2560=CARTESIAN_POINT('',(14.35,-35.,18.3));
#2561=CARTESIAN_POINT('',(14.85,-35.,18.3));
#2562=CARTESIAN_POINT('',(7.17500000000001,-35.,18.3));
#2563=CARTESIAN_POINT('',(14.35,-34.8,18.3));
#2564=CARTESIAN_POINT('',(14.35,-35.,18.3));
#2565=CARTESIAN_POINT('',(14.85,-34.8,18.3));
#2566=CARTESIAN_POINT('',(14.35,-34.8,18.3));
#2567=CARTESIAN_POINT('',(14.85,-35.,18.3));
#2568=CARTESIAN_POINT('Origin',(14.35,-35.,13.3));
#2569=CARTESIAN_POINT('',(14.35,-35.,13.3));
#2570=CARTESIAN_POINT('',(14.35,-35.,6.65));
#2571=CARTESIAN_POINT('',(14.35,-34.8,13.3));
#2572=CARTESIAN_POINT('',(14.35,-35.,13.3));
#2573=CARTESIAN_POINT('',(14.35,-34.8,13.3));
#2574=CARTESIAN_POINT('Origin',(14.85,-35.,13.3));
#2575=CARTESIAN_POINT('',(14.85,-35.,13.3));
#2576=CARTESIAN_POINT('',(7.42500000000001,-35.,13.3));
#2577=CARTESIAN_POINT('',(14.85,-34.8,13.3));
#2578=CARTESIAN_POINT('',(14.85,-35.,13.3));
#2579=CARTESIAN_POINT('',(14.85,-34.8,13.3));
#2580=CARTESIAN_POINT('Origin',(14.85,-35.,18.3));
#2581=CARTESIAN_POINT('',(14.85,-35.,9.15));
#2582=CARTESIAN_POINT('',(14.85,-34.8,18.3));
#2583=CARTESIAN_POINT('Origin',(14.6,-34.8,15.8));
#2584=CARTESIAN_POINT('Origin',(3.75000000000001,-35.,18.3));
#2585=CARTESIAN_POINT('',(3.75000000000001,-35.,18.3));
#2586=CARTESIAN_POINT('',(4.25000000000001,-35.,18.3));
#2587=CARTESIAN_POINT('',(1.87500000000001,-35.,18.3));
#2588=CARTESIAN_POINT('',(3.75000000000001,-34.8,18.3));
#2589=CARTESIAN_POINT('',(3.75000000000001,-35.,18.3));
#2590=CARTESIAN_POINT('',(4.25000000000001,-34.8,18.3));
#2591=CARTESIAN_POINT('',(3.75000000000001,-34.8,18.3));
#2592=CARTESIAN_POINT('',(4.25000000000001,-35.,18.3));
#2593=CARTESIAN_POINT('Origin',(3.75000000000001,-35.,13.3));
#2594=CARTESIAN_POINT('',(3.75000000000001,-35.,13.3));
#2595=CARTESIAN_POINT('',(3.75000000000001,-35.,6.65));
#2596=CARTESIAN_POINT('',(3.75000000000001,-34.8,13.3));
#2597=CARTESIAN_POINT('',(3.75000000000001,-35.,13.3));
#2598=CARTESIAN_POINT('',(3.75000000000001,-34.8,13.3));
#2599=CARTESIAN_POINT('Origin',(4.25000000000001,-35.,13.3));
#2600=CARTESIAN_POINT('',(4.25000000000001,-35.,13.3));
#2601=CARTESIAN_POINT('',(2.12500000000001,-35.,13.3));
#2602=CARTESIAN_POINT('',(4.25000000000001,-34.8,13.3));
#2603=CARTESIAN_POINT('',(4.25000000000001,-35.,13.3));
#2604=CARTESIAN_POINT('',(4.25000000000001,-34.8,13.3));
#2605=CARTESIAN_POINT('Origin',(4.25000000000001,-35.,18.3));
#2606=CARTESIAN_POINT('',(4.25000000000001,-35.,9.15));
#2607=CARTESIAN_POINT('',(4.25000000000001,-34.8,18.3));
#2608=CARTESIAN_POINT('Origin',(4.00000000000001,-34.8,15.8));
#2609=CARTESIAN_POINT('Origin',(24.3,-35.,18.15));
#2610=CARTESIAN_POINT('',(24.3,-35.,18.15));
#2611=CARTESIAN_POINT('',(24.3,-35.,17.65));
#2612=CARTESIAN_POINT('',(24.3,-35.,9.075));
#2613=CARTESIAN_POINT('',(24.3,-34.8,18.15));
#2614=CARTESIAN_POINT('',(24.3,-35.,18.15));
#2615=CARTESIAN_POINT('',(24.3,-34.8,17.65));
#2616=CARTESIAN_POINT('',(24.3,-34.8,18.15));
#2617=CARTESIAN_POINT('',(24.3,-35.,17.65));
#2618=CARTESIAN_POINT('Origin',(19.3,-35.,18.15));
#2619=CARTESIAN_POINT('',(19.3,-35.,18.15));
#2620=CARTESIAN_POINT('',(9.65000000000001,-35.,18.15));
#2621=CARTESIAN_POINT('',(19.3,-34.8,18.15));
#2622=CARTESIAN_POINT('',(19.3,-35.,18.15));
#2623=CARTESIAN_POINT('',(19.3,-34.8,18.15));
#2624=CARTESIAN_POINT('Origin',(19.3,-35.,17.65));
#2625=CARTESIAN_POINT('',(19.3,-35.,17.65));
#2626=CARTESIAN_POINT('',(19.3000000000001,-35.,8.82500000000009));
#2627=CARTESIAN_POINT('',(19.3,-34.8,17.65));
#2628=CARTESIAN_POINT('',(19.3,-35.,17.65));
#2629=CARTESIAN_POINT('',(19.3,-34.8,17.65));
#2630=CARTESIAN_POINT('Origin',(24.3,-35.,17.65));
#2631=CARTESIAN_POINT('',(12.15,-35.,17.65));
#2632=CARTESIAN_POINT('',(24.3,-34.8,17.65));
#2633=CARTESIAN_POINT('Origin',(21.8,-34.8,17.9));
#2634=CARTESIAN_POINT('Origin',(19.3,-35.,3.45));
#2635=CARTESIAN_POINT('',(19.3,-35.,3.45));
#2636=CARTESIAN_POINT('',(19.3,-35.,3.95));
#2637=CARTESIAN_POINT('',(19.3,-35.,1.725));
#2638=CARTESIAN_POINT('',(19.3,-34.8,3.45));
#2639=CARTESIAN_POINT('',(19.3,-35.,3.45));
#2640=CARTESIAN_POINT('',(19.3,-34.8,3.95));
#2641=CARTESIAN_POINT('',(19.3,-34.8,3.95));
#2642=CARTESIAN_POINT('',(19.3,-35.,3.95));
#2643=CARTESIAN_POINT('Origin',(24.3,-35.,3.45));
#2644=CARTESIAN_POINT('',(24.3,-35.,3.45));
#2645=CARTESIAN_POINT('',(12.15,-35.,3.45));
#2646=CARTESIAN_POINT('',(24.3,-34.8,3.45));
#2647=CARTESIAN_POINT('',(24.3,-35.,3.45));
#2648=CARTESIAN_POINT('',(19.3,-34.8,3.45));
#2649=CARTESIAN_POINT('Origin',(24.3,-35.,3.95));
#2650=CARTESIAN_POINT('',(24.3,-35.,3.95));
#2651=CARTESIAN_POINT('',(24.3,-35.,1.975));
#2652=CARTESIAN_POINT('',(24.3,-34.8,3.95));
#2653=CARTESIAN_POINT('',(24.3,-35.,3.95));
#2654=CARTESIAN_POINT('',(24.3,-34.8,3.45));
#2655=CARTESIAN_POINT('Origin',(19.3,-35.,3.95));
#2656=CARTESIAN_POINT('',(9.65000000000001,-35.,3.95));
#2657=CARTESIAN_POINT('',(24.3,-34.8,3.95));
#2658=CARTESIAN_POINT('Origin',(21.8,-34.8,3.7));
#2659=CARTESIAN_POINT('Origin',(3.75000000000001,-35.,8.3));
#2660=CARTESIAN_POINT('',(3.75000000000001,-35.,8.3));
#2661=CARTESIAN_POINT('',(4.25000000000001,-35.,8.3));
#2662=CARTESIAN_POINT('',(1.87500000000001,-35.,8.3));
#2663=CARTESIAN_POINT('',(3.75000000000001,-34.8,8.3));
#2664=CARTESIAN_POINT('',(3.75000000000001,-35.,8.3));
#2665=CARTESIAN_POINT('',(4.25000000000001,-34.8,8.3));
#2666=CARTESIAN_POINT('',(4.25000000000001,-34.8,8.3));
#2667=CARTESIAN_POINT('',(4.25000000000001,-35.,8.3));
#2668=CARTESIAN_POINT('Origin',(3.75000000000001,-35.,3.3));
#2669=CARTESIAN_POINT('',(3.75000000000001,-35.,3.3));
#2670=CARTESIAN_POINT('',(3.75000000000001,-35.,1.65));
#2671=CARTESIAN_POINT('',(3.75000000000001,-34.8,3.3));
#2672=CARTESIAN_POINT('',(3.75000000000001,-35.,3.3));
#2673=CARTESIAN_POINT('',(3.75000000000001,-34.8,8.3));
#2674=CARTESIAN_POINT('Origin',(4.25000000000001,-35.,3.3));
#2675=CARTESIAN_POINT('',(4.25000000000001,-35.,3.3));
#2676=CARTESIAN_POINT('',(2.12500000000001,-35.,3.3));
#2677=CARTESIAN_POINT('',(4.25000000000001,-34.8,3.3));
#2678=CARTESIAN_POINT('',(4.25000000000001,-35.,3.3));
#2679=CARTESIAN_POINT('',(3.75000000000001,-34.8,3.3));
#2680=CARTESIAN_POINT('Origin',(4.25000000000001,-35.,8.3));
#2681=CARTESIAN_POINT('',(4.25000000000001,-35.,4.15));
#2682=CARTESIAN_POINT('',(4.25000000000001,-34.8,3.3));
#2683=CARTESIAN_POINT('Origin',(4.00000000000001,-34.8,5.8));
#2684=CARTESIAN_POINT('Origin',(14.35,-35.,8.3));
#2685=CARTESIAN_POINT('',(14.35,-35.,8.3));
#2686=CARTESIAN_POINT('',(14.85,-35.,8.3));
#2687=CARTESIAN_POINT('',(7.17500000000001,-35.,8.3));
#2688=CARTESIAN_POINT('',(14.35,-34.8,8.3));
#2689=CARTESIAN_POINT('',(14.35,-35.,8.3));
#2690=CARTESIAN_POINT('',(14.85,-34.8,8.3));
#2691=CARTESIAN_POINT('',(14.85,-34.8,8.3));
#2692=CARTESIAN_POINT('',(14.85,-35.,8.3));
#2693=CARTESIAN_POINT('Origin',(14.35,-35.,3.3));
#2694=CARTESIAN_POINT('',(14.35,-35.,3.3));
#2695=CARTESIAN_POINT('',(14.35,-35.,1.65));
#2696=CARTESIAN_POINT('',(14.35,-34.8,3.3));
#2697=CARTESIAN_POINT('',(14.35,-35.,3.3));
#2698=CARTESIAN_POINT('',(14.35,-34.8,8.3));
#2699=CARTESIAN_POINT('Origin',(14.85,-35.,3.3));
#2700=CARTESIAN_POINT('',(14.85,-35.,3.3));
#2701=CARTESIAN_POINT('',(7.42500000000001,-35.,3.3));
#2702=CARTESIAN_POINT('',(14.85,-34.8,3.3));
#2703=CARTESIAN_POINT('',(14.85,-35.,3.3));
#2704=CARTESIAN_POINT('',(14.35,-34.8,3.3));
#2705=CARTESIAN_POINT('Origin',(14.85,-35.,8.3));
#2706=CARTESIAN_POINT('',(14.85,-35.,4.15));
#2707=CARTESIAN_POINT('',(14.85,-34.8,3.3));
#2708=CARTESIAN_POINT('Origin',(14.6,-34.8,5.8));
#2709=CARTESIAN_POINT('Origin',(8.35000000000001,-35.,8.3));
#2710=CARTESIAN_POINT('',(8.35000000000001,-35.,8.3));
#2711=CARTESIAN_POINT('',(8.85000000000001,-35.,8.3));
#2712=CARTESIAN_POINT('',(4.17500000000002,-35.,8.30000000000001));
#2713=CARTESIAN_POINT('',(8.35000000000001,-34.8,8.3));
#2714=CARTESIAN_POINT('',(8.35000000000001,-35.,8.3));
#2715=CARTESIAN_POINT('',(8.85000000000001,-34.8,8.3));
#2716=CARTESIAN_POINT('',(8.85000000000001,-34.8,8.3));
#2717=CARTESIAN_POINT('',(8.85000000000001,-35.,8.3));
#2718=CARTESIAN_POINT('Origin',(8.35000000000001,-35.,3.3));
#2719=CARTESIAN_POINT('',(8.35000000000001,-35.,3.3));
#2720=CARTESIAN_POINT('',(8.35000000000001,-35.,1.65));
#2721=CARTESIAN_POINT('',(8.35000000000001,-34.8,3.3));
#2722=CARTESIAN_POINT('',(8.35000000000001,-35.,3.3));
#2723=CARTESIAN_POINT('',(8.35000000000001,-34.8,8.3));
#2724=CARTESIAN_POINT('Origin',(8.85000000000001,-35.,3.3));
#2725=CARTESIAN_POINT('',(8.85000000000001,-35.,3.3));
#2726=CARTESIAN_POINT('',(4.425,-35.,3.29999999999999));
#2727=CARTESIAN_POINT('',(8.85000000000001,-34.8,3.3));
#2728=CARTESIAN_POINT('',(8.85000000000001,-35.,3.3));
#2729=CARTESIAN_POINT('',(8.35000000000001,-34.8,3.3));
#2730=CARTESIAN_POINT('Origin',(8.85000000000001,-35.,8.3));
#2731=CARTESIAN_POINT('',(8.85000000000001,-35.,4.15));
#2732=CARTESIAN_POINT('',(8.85000000000001,-34.8,3.3));
#2733=CARTESIAN_POINT('Origin',(8.60000000000001,-34.8,5.8));
#2734=CARTESIAN_POINT('Origin',(21.6,-33.,10.8));
#2735=CARTESIAN_POINT('',(22.85,-33.,10.8));
#2736=CARTESIAN_POINT('Origin',(21.6,-33.,10.8));
#2737=CARTESIAN_POINT('',(22.85,-26.,10.8));
#2738=CARTESIAN_POINT('',(22.85,-33.,10.8));
#2739=CARTESIAN_POINT('Origin',(21.6,-26.,10.8));
#2740=CARTESIAN_POINT('Origin',(21.6,-26.,10.8));
#2741=CARTESIAN_POINT('Origin',(21.6,-35.,10.8));
#2742=CARTESIAN_POINT('',(25.225,-35.,10.8));
#2743=CARTESIAN_POINT('Origin',(21.6,-35.,10.8));
#2744=CARTESIAN_POINT('',(25.225,-33.,10.8));
#2745=CARTESIAN_POINT('',(25.225,-35.,10.8));
#2746=CARTESIAN_POINT('Origin',(21.6,-33.,10.8));
#2747=CARTESIAN_POINT('Origin',(21.6,-33.,10.8));
#2748=CARTESIAN_POINT('Origin',(27.6,-35.,0.));
#2749=CARTESIAN_POINT('',(27.6,0.,0.));
#2750=CARTESIAN_POINT('',(27.6,-35.,0.));
#2751=CARTESIAN_POINT('',(27.6,0.,0.));
#2752=CARTESIAN_POINT('',(27.6,0.,21.6));
#2753=CARTESIAN_POINT('',(27.6,0.,0.));
#2754=CARTESIAN_POINT('',(27.6,-35.,21.6));
#2755=CARTESIAN_POINT('',(27.6,0.,21.6));
#2756=CARTESIAN_POINT('',(27.6,-35.,0.));
#2757=CARTESIAN_POINT('Origin',(8.88178419700125E-15,-35.,0.));
#2758=CARTESIAN_POINT('',(6.66133814775094E-15,-35.,0.));
#2759=CARTESIAN_POINT('',(27.6,-35.,0.));
#2760=CARTESIAN_POINT('',(6.66133814775094E-15,-35.,21.6));
#2761=CARTESIAN_POINT('',(27.6,-35.,21.6));
#2762=CARTESIAN_POINT('',(6.66133814775094E-15,-35.,0.));
#2763=CARTESIAN_POINT('Origin',(9.86076131526265E-31,0.,0.));
#2764=CARTESIAN_POINT('',(0.,0.,0.));
#2765=CARTESIAN_POINT('',(6.66133814775094E-15,-35.,0.));
#2766=CARTESIAN_POINT('',(0.,0.,21.6));
#2767=CARTESIAN_POINT('',(6.66133814775094E-15,-35.,21.6));
#2768=CARTESIAN_POINT('',(0.,0.,0.));
#2769=CARTESIAN_POINT('Origin',(27.6,0.,0.));
#2770=CARTESIAN_POINT('',(0.,0.,0.));
#2771=CARTESIAN_POINT('',(0.,0.,21.6));
#2772=CARTESIAN_POINT('Origin',(13.8,-17.5,21.6));
#2773=CARTESIAN_POINT('Origin',(13.8,-17.5,0.));
#2774=CARTESIAN_POINT('',(0.,0.,0.));
#2775=CARTESIAN_POINT('Origin',(2.5,-3.52,0.5));
#2776=CARTESIAN_POINT('',(3.75,-3.52,0.5));
#2777=CARTESIAN_POINT('Origin',(2.5,-3.52,0.5));
#2778=CARTESIAN_POINT('',(3.75,-3.52,0.));
#2779=CARTESIAN_POINT('',(3.75,-3.52,0.5));
#2780=CARTESIAN_POINT('Origin',(2.5,-3.52,0.));
#2781=CARTESIAN_POINT('Origin',(-1.38777878078145E-16,-5.52,0.5));
#2782=CARTESIAN_POINT('',(0.,-5.52,0.5));
#2783=CARTESIAN_POINT('',(0.75,-6.52,0.5));
#2784=CARTESIAN_POINT('',(-0.0923999999999991,-5.3968,0.5));
#2785=CARTESIAN_POINT('',(0.,-5.52,0.));
#2786=CARTESIAN_POINT('',(0.,-5.52,0.25));
#2787=CARTESIAN_POINT('',(0.75,-6.52,0.));
#2788=CARTESIAN_POINT('',(-0.0923999999999991,-5.3968,0.));
#2789=CARTESIAN_POINT('',(0.750000000000002,-6.52,0.25));
#2790=CARTESIAN_POINT('Origin',(4.25,-6.52,0.5));
#2791=CARTESIAN_POINT('',(4.25,-6.52,0.5));
#2792=CARTESIAN_POINT('',(5.,-5.52,0.5));
#2793=CARTESIAN_POINT('',(4.7174,-5.8968,0.5));
#2794=CARTESIAN_POINT('',(4.25,-6.52,0.));
#2795=CARTESIAN_POINT('',(4.25,-6.52,0.25));
#2796=CARTESIAN_POINT('',(5.,-5.52,0.));
#2797=CARTESIAN_POINT('',(4.7174,-5.8968,0.));
#2798=CARTESIAN_POINT('',(5.,-5.52,0.25));
#2799=CARTESIAN_POINT('Origin',(2.5,-3.26,0.));
#2800=CARTESIAN_POINT('',(0.,0.,0.));
#2801=CARTESIAN_POINT('',(0.,-6.52,0.));
#2802=CARTESIAN_POINT('',(5.,0.,0.));
#2803=CARTESIAN_POINT('',(0.,0.,0.));
#2804=CARTESIAN_POINT('',(5.,0.,0.));
#2805=CARTESIAN_POINT('',(5.,-6.52,0.));
#2806=CARTESIAN_POINT('Origin',(2.5,-3.26,0.5));
#2807=CARTESIAN_POINT('',(5.,-6.52,0.5));
#2808=CARTESIAN_POINT('',(5.,0.,0.5));
#2809=CARTESIAN_POINT('',(5.,0.,0.5));
#2810=CARTESIAN_POINT('',(0.,0.,0.5));
#2811=CARTESIAN_POINT('',(0.,0.,0.5));
#2812=CARTESIAN_POINT('',(0.,-6.52,0.5));
#2813=CARTESIAN_POINT('Origin',(5.,-6.52,0.));
#2814=CARTESIAN_POINT('',(5.,0.,0.));
#2815=CARTESIAN_POINT('Origin',(0.,-6.52,0.));
#2816=CARTESIAN_POINT('Origin',(0.,0.,0.));
#2817=CARTESIAN_POINT('',(0.,0.,0.));
#2818=CARTESIAN_POINT('Origin',(5.,0.,0.));
#2819=CARTESIAN_POINT('',(0.,0.,0.));
#2820=CARTESIAN_POINT('Origin',(2.86192375,1.06223421111644E-32,0.));
#2821=CARTESIAN_POINT('',(3.,0.973947500000002,-1.19274168841257E-16));
#2822=CARTESIAN_POINT('Origin',(3.,1.04797672364509E-32,0.));
#2823=CARTESIAN_POINT('',(2.7238475,1.25,1.53080849893419E-16));
#2824=CARTESIAN_POINT('',(2.86192375,1.11197375,1.36177509367338E-16));
#2825=CARTESIAN_POINT('',(2.7238475,-1.25,-1.53080849893419E-16));
#2826=CARTESIAN_POINT('Origin',(2.7238475,1.0764916985878E-32,0.));
#2827=CARTESIAN_POINT('Origin',(2.7238475,1.0764916985878E-32,0.));
#2828=CARTESIAN_POINT('Origin',(1.95,1.15639770006155E-32,0.));
#2829=CARTESIAN_POINT('',(0.900000000000001,-1.25,-1.53080849893419E-16));
#2830=CARTESIAN_POINT('',(1.95,-1.25,-1.53080849893419E-16));
#2831=CARTESIAN_POINT('Origin',(0.900000000000001,1.26481867647801E-32,
0.));
#2832=CARTESIAN_POINT('Origin',(3.,0.625000000000001,0.));
#2833=CARTESIAN_POINT('Origin',(-1.79406210534856,1.54300233741942E-32,
0.));
#2834=CARTESIAN_POINT('',(-1.87522954046863,1.30739816411958,-0.195836557439419));
#2835=CARTESIAN_POINT('',(-1.832435117276,1.2009955006916,-0.194211010809871));
#2836=CARTESIAN_POINT('Ctrl Pts',(-1.83243506330403,1.20099560884125,-0.194211003932981));
#2837=CARTESIAN_POINT('Ctrl Pts',(-1.84056107784727,1.20499761613831,-0.194842371065568));
#2838=CARTESIAN_POINT('Ctrl Pts',(-1.84863958588196,1.21087553686095,-0.195432218508571));
#2839=CARTESIAN_POINT('Ctrl Pts',(-1.8622745011612,1.2244733459394,-0.19635452792025));
#2840=CARTESIAN_POINT('Ctrl Pts',(-1.86936330302233,1.235120813123,-0.196762775021149));
#2841=CARTESIAN_POINT('Ctrl Pts',(-1.87756001115795,1.25496548329534,-0.197084789811122));
#2842=CARTESIAN_POINT('Ctrl Pts',(-1.88006210534856,1.26769180547793,-0.197050267830058));
#2843=CARTESIAN_POINT('Ctrl Pts',(-1.88006210534856,1.28769548059025,-0.19665185445525));
#2844=CARTESIAN_POINT('Ctrl Pts',(-1.87835296649915,1.29831093971189,-0.196290866332527));
#2845=CARTESIAN_POINT('Ctrl Pts',(-1.87522954046867,1.30739816411949,-0.195836557439424));
#2846=CARTESIAN_POINT('',(-1.832435117276,1.2009955006916,0.194211010809871));
#2847=CARTESIAN_POINT('Origin',(-1.832435117276,0.,-6.60532474166869E-17));
#2848=CARTESIAN_POINT('',(-1.87522954046863,1.30739816411958,0.195836557439419));
#2849=CARTESIAN_POINT('Ctrl Pts',(-1.87522954046863,1.30739816411958,0.195836557439419));
#2850=CARTESIAN_POINT('Ctrl Pts',(-1.87835296649914,1.29831093971196,0.196290866332525));
#2851=CARTESIAN_POINT('Ctrl Pts',(-1.88006210534856,1.28769548059028,0.196651854455249));
#2852=CARTESIAN_POINT('Ctrl Pts',(-1.88006210534856,1.26769180547793,0.197050267830058));
#2853=CARTESIAN_POINT('Ctrl Pts',(-1.87756001115795,1.25496548329534,0.197084789811122));
#2854=CARTESIAN_POINT('Ctrl Pts',(-1.86936330302233,1.235120813123,0.196762775021149));
#2855=CARTESIAN_POINT('Ctrl Pts',(-1.8622745011612,1.2244733459394,0.19635452792025));
#2856=CARTESIAN_POINT('Ctrl Pts',(-1.84863958588196,1.21087553686095,0.195432218508571));
#2857=CARTESIAN_POINT('Ctrl Pts',(-1.84056107784727,1.20499761613831,0.194842371065568));
#2858=CARTESIAN_POINT('Ctrl Pts',(-1.83243506330403,1.20099560884125,0.194211003932981));
#2859=CARTESIAN_POINT('Origin',(-1.87522954046863,1.57690581238572E-32,
0.));
#2860=CARTESIAN_POINT('Origin',(-1.43362396824542,1.50578419002661E-32,
0.));
#2861=CARTESIAN_POINT('',(-0.967610718928327,0.775072907213131,-0.12701677843686));
#2862=CARTESIAN_POINT('',(-1.43362396824542,1.00458258816534,-0.163224594293283));
#2863=CARTESIAN_POINT('',(-0.967610718928327,0.775072907213131,0.12701677843686));
#2864=CARTESIAN_POINT('Origin',(-0.967610718928327,1.45766456001331E-32,
0.));
#2865=CARTESIAN_POINT('',(-1.43362396824542,1.00458258816534,0.163224594293283));
#2866=CARTESIAN_POINT('Origin',(-1.79406210534856,1.54300233741942E-32,
0.));
#2867=CARTESIAN_POINT('',(-1.87522954046863,-0.195836557439418,-1.30739816411958));
#2868=CARTESIAN_POINT('',(-1.832435117276,-0.19421101080987,-1.2009955006916));
#2869=CARTESIAN_POINT('Ctrl Pts',(-1.83243506330403,-0.19421100393298,-1.20099560884125));
#2870=CARTESIAN_POINT('Ctrl Pts',(-1.84056107784727,-0.194842371065567,
-1.20499761613831));
#2871=CARTESIAN_POINT('Ctrl Pts',(-1.84863958588196,-0.19543221850857,-1.21087553686095));
#2872=CARTESIAN_POINT('Ctrl Pts',(-1.8622745011612,-0.196354527920249,-1.2244733459394));
#2873=CARTESIAN_POINT('Ctrl Pts',(-1.86936330302233,-0.196762775021148,
-1.235120813123));
#2874=CARTESIAN_POINT('Ctrl Pts',(-1.87756001115795,-0.197084789811121,
-1.25496548329534));
#2875=CARTESIAN_POINT('Ctrl Pts',(-1.88006210534856,-0.197050267830057,
-1.26769180547793));
#2876=CARTESIAN_POINT('Ctrl Pts',(-1.88006210534856,-0.196651854455249,
-1.28769548059025));
#2877=CARTESIAN_POINT('Ctrl Pts',(-1.87835296649915,-0.196290866332526,
-1.29831093971189));
#2878=CARTESIAN_POINT('Ctrl Pts',(-1.87522954046867,-0.195836557439423,
-1.30739816411949));
#2879=CARTESIAN_POINT('',(-1.832435117276,0.19421101080987,-1.2009955006916));
#2880=CARTESIAN_POINT('Origin',(-1.832435117276,-6.05743225247072E-17,0.));
#2881=CARTESIAN_POINT('',(-1.87522954046863,0.195836557439418,-1.30739816411958));
#2882=CARTESIAN_POINT('Ctrl Pts',(-1.87522954046863,0.195836557439418,-1.30739816411958));
#2883=CARTESIAN_POINT('Ctrl Pts',(-1.87835296649914,0.196290866332524,-1.29831093971197));
#2884=CARTESIAN_POINT('Ctrl Pts',(-1.88006210534856,0.196651854455248,-1.28769548059028));
#2885=CARTESIAN_POINT('Ctrl Pts',(-1.88006210534856,0.197050267830057,-1.26769180547793));
#2886=CARTESIAN_POINT('Ctrl Pts',(-1.87756001115795,0.197084789811121,-1.25496548329534));
#2887=CARTESIAN_POINT('Ctrl Pts',(-1.86936330302233,0.196762775021148,-1.235120813123));
#2888=CARTESIAN_POINT('Ctrl Pts',(-1.8622745011612,0.196354527920249,-1.2244733459394));
#2889=CARTESIAN_POINT('Ctrl Pts',(-1.84863958588196,0.19543221850857,-1.21087553686095));
#2890=CARTESIAN_POINT('Ctrl Pts',(-1.84056107784727,0.194842371065567,-1.20499761613831));
#2891=CARTESIAN_POINT('Ctrl Pts',(-1.83243506330403,0.19421100393298,-1.20099560884125));
#2892=CARTESIAN_POINT('Origin',(-1.87522954046863,1.57690581238572E-32,
0.));
#2893=CARTESIAN_POINT('Origin',(-1.43362396824542,1.50578419002661E-32,
0.));
#2894=CARTESIAN_POINT('',(-0.967610718928327,-0.12701677843686,-0.775072907213131));
#2895=CARTESIAN_POINT('',(-1.43362396824542,-0.163224594293282,-1.00458258816534));
#2896=CARTESIAN_POINT('',(-0.967610718928327,0.12701677843686,-0.775072907213131));
#2897=CARTESIAN_POINT('Origin',(-0.967610718928327,1.45766456001331E-32,
0.));
#2898=CARTESIAN_POINT('',(-1.43362396824542,0.163224594293282,-1.00458258816534));
#2899=CARTESIAN_POINT('Origin',(-1.79406210534856,1.54300233741942E-32,
0.));
#2900=CARTESIAN_POINT('',(-1.87522954046863,-1.30739816411958,0.195836557439419));
#2901=CARTESIAN_POINT('',(-1.832435117276,-1.2009955006916,0.194211010809871));
#2902=CARTESIAN_POINT('Ctrl Pts',(-1.83243506330403,-1.20099560884125,0.194211003932981));
#2903=CARTESIAN_POINT('Ctrl Pts',(-1.84056107784727,-1.20499761613831,0.194842371065568));
#2904=CARTESIAN_POINT('Ctrl Pts',(-1.84863958588196,-1.21087553686095,0.195432218508571));
#2905=CARTESIAN_POINT('Ctrl Pts',(-1.8622745011612,-1.2244733459394,0.19635452792025));
#2906=CARTESIAN_POINT('Ctrl Pts',(-1.86936330302233,-1.235120813123,0.196762775021149));
#2907=CARTESIAN_POINT('Ctrl Pts',(-1.87756001115795,-1.25496548329534,0.197084789811122));
#2908=CARTESIAN_POINT('Ctrl Pts',(-1.88006210534856,-1.26769180547793,0.197050267830058));
#2909=CARTESIAN_POINT('Ctrl Pts',(-1.88006210534856,-1.28769548059025,0.19665185445525));
#2910=CARTESIAN_POINT('Ctrl Pts',(-1.87835296649915,-1.29831093971189,0.196290866332527));
#2911=CARTESIAN_POINT('Ctrl Pts',(-1.87522954046867,-1.30739816411949,0.195836557439424));
#2912=CARTESIAN_POINT('',(-1.832435117276,-1.2009955006916,-0.194211010809871));
#2913=CARTESIAN_POINT('Origin',(-1.832435117276,0.,-1.4899017082556E-16));
#2914=CARTESIAN_POINT('',(-1.87522954046863,-1.30739816411958,-0.195836557439419));
#2915=CARTESIAN_POINT('Ctrl Pts',(-1.87522954046863,-1.30739816411958,-0.195836557439419));
#2916=CARTESIAN_POINT('Ctrl Pts',(-1.87835296649914,-1.29831093971196,-0.196290866332525));
#2917=CARTESIAN_POINT('Ctrl Pts',(-1.88006210534856,-1.28769548059028,-0.196651854455249));
#2918=CARTESIAN_POINT('Ctrl Pts',(-1.88006210534856,-1.26769180547793,-0.197050267830058));
#2919=CARTESIAN_POINT('Ctrl Pts',(-1.87756001115795,-1.25496548329534,-0.197084789811122));
#2920=CARTESIAN_POINT('Ctrl Pts',(-1.86936330302233,-1.235120813123,-0.196762775021149));
#2921=CARTESIAN_POINT('Ctrl Pts',(-1.8622745011612,-1.2244733459394,-0.19635452792025));
#2922=CARTESIAN_POINT('Ctrl Pts',(-1.84863958588196,-1.21087553686095,-0.195432218508571));
#2923=CARTESIAN_POINT('Ctrl Pts',(-1.84056107784727,-1.20499761613831,-0.194842371065568));
#2924=CARTESIAN_POINT('Ctrl Pts',(-1.83243506330403,-1.20099560884125,-0.194211003932981));
#2925=CARTESIAN_POINT('Origin',(-1.87522954046863,1.57690581238572E-32,
0.));
#2926=CARTESIAN_POINT('Origin',(-1.43362396824542,1.50578419002661E-32,
0.));
#2927=CARTESIAN_POINT('',(-0.967610718928327,-0.775072907213131,0.12701677843686));
#2928=CARTESIAN_POINT('',(-1.43362396824542,-1.00458258816534,0.163224594293283));
#2929=CARTESIAN_POINT('',(-0.967610718928328,-0.785411531300816,-9.61851717820966E-17));
#2930=CARTESIAN_POINT('Origin',(-0.967610718928327,1.45766456001331E-32,
0.));
#2931=CARTESIAN_POINT('',(-0.967610718928327,-0.775072907213131,-0.127016778436861));
#2932=CARTESIAN_POINT('Origin',(-0.967610718928327,1.45766456001331E-32,
0.));
#2933=CARTESIAN_POINT('',(-1.43362396824542,-1.00458258816534,-0.163224594293283));
#2934=CARTESIAN_POINT('Origin',(-1.79406210534856,1.54300233741942E-32,
0.));
#2935=CARTESIAN_POINT('',(-1.87522954046863,0.195836557439418,1.30739816411958));
#2936=CARTESIAN_POINT('',(-1.832435117276,0.19421101080987,1.2009955006916));
#2937=CARTESIAN_POINT('Ctrl Pts',(-1.83243506330403,0.19421100393298,1.20099560884125));
#2938=CARTESIAN_POINT('Ctrl Pts',(-1.84056107784727,0.194842371065567,1.20499761613831));
#2939=CARTESIAN_POINT('Ctrl Pts',(-1.84863958588196,0.19543221850857,1.21087553686095));
#2940=CARTESIAN_POINT('Ctrl Pts',(-1.8622745011612,0.196354527920249,1.2244733459394));
#2941=CARTESIAN_POINT('Ctrl Pts',(-1.86936330302233,0.196762775021148,1.235120813123));
#2942=CARTESIAN_POINT('Ctrl Pts',(-1.87756001115795,0.197084789811121,1.25496548329534));
#2943=CARTESIAN_POINT('Ctrl Pts',(-1.88006210534856,0.197050267830057,1.26769180547793));
#2944=CARTESIAN_POINT('Ctrl Pts',(-1.88006210534856,0.196651854455249,1.28769548059025));
#2945=CARTESIAN_POINT('Ctrl Pts',(-1.87835296649915,0.196290866332526,1.29831093971189));
#2946=CARTESIAN_POINT('Ctrl Pts',(-1.87522954046867,0.195836557439423,1.30739816411949));
#2947=CARTESIAN_POINT('',(-1.832435117276,-0.19421101080987,1.2009955006916));
#2948=CARTESIAN_POINT('Origin',(-1.832435117276,-6.05743225247072E-17,0.));
#2949=CARTESIAN_POINT('',(-1.87522954046863,-0.195836557439418,1.30739816411958));
#2950=CARTESIAN_POINT('Ctrl Pts',(-1.87522954046863,-0.195836557439418,
1.30739816411958));
#2951=CARTESIAN_POINT('Ctrl Pts',(-1.87835296649914,-0.196290866332524,
1.29831093971197));
#2952=CARTESIAN_POINT('Ctrl Pts',(-1.88006210534856,-0.196651854455248,
1.28769548059028));
#2953=CARTESIAN_POINT('Ctrl Pts',(-1.88006210534856,-0.197050267830057,
1.26769180547793));
#2954=CARTESIAN_POINT('Ctrl Pts',(-1.87756001115795,-0.197084789811121,
1.25496548329534));
#2955=CARTESIAN_POINT('Ctrl Pts',(-1.86936330302233,-0.196762775021148,
1.235120813123));
#2956=CARTESIAN_POINT('Ctrl Pts',(-1.8622745011612,-0.196354527920249,1.2244733459394));
#2957=CARTESIAN_POINT('Ctrl Pts',(-1.84863958588196,-0.19543221850857,1.21087553686095));
#2958=CARTESIAN_POINT('Ctrl Pts',(-1.84056107784727,-0.194842371065567,
1.20499761613831));
#2959=CARTESIAN_POINT('Ctrl Pts',(-1.83243506330403,-0.19421100393298,1.20099560884125));
#2960=CARTESIAN_POINT('Origin',(-1.87522954046863,1.57690581238572E-32,
0.));
#2961=CARTESIAN_POINT('Origin',(-1.43362396824542,1.50578419002661E-32,
0.));
#2962=CARTESIAN_POINT('',(-0.967610718928327,0.12701677843686,0.775072907213131));
#2963=CARTESIAN_POINT('',(-1.43362396824542,0.163224594293282,1.00458258816534));
#2964=CARTESIAN_POINT('',(-0.967610718928327,-0.12701677843686,0.775072907213131));
#2965=CARTESIAN_POINT('Origin',(-0.967610718928327,1.45766456001331E-32,
0.));
#2966=CARTESIAN_POINT('',(-1.43362396824542,-0.163224594293282,1.00458258816534));
#2967=CARTESIAN_POINT('Origin',(-0.829332875478808,1.44338625639087E-32,
0.));
#2968=CARTESIAN_POINT('',(-0.857252472840809,-3.02495607415907E-16,2.4700640839997));
#2969=CARTESIAN_POINT('',(-0.857252472840809,-2.4700640839997,-3.02495607415907E-16));
#2970=CARTESIAN_POINT('Origin',(-0.857252472840809,0.,-3.02495607415907E-16));
#2971=CARTESIAN_POINT('Origin',(-0.857252472840809,0.,-3.02495607415907E-16));
#2972=CARTESIAN_POINT('',(-1.5116660943485,-2.55729431529267E-16,2.08818927798052));
#2973=CARTESIAN_POINT('Origin',(-0.829332875478808,-2.04583545223414E-16,
1.67055142238442));
#2974=CARTESIAN_POINT('Origin',(-1.5116660943485,1.80423282048859E-32,0.));
#2975=CARTESIAN_POINT('Origin',(1.9,0.,0.));
#2976=CARTESIAN_POINT('',(-2.07214236596467,0.410802402090645,0.230925119779358));
#2977=CARTESIAN_POINT('Origin',(1.89058325352266,-0.00214332036488669,-0.107612562608864));
#2978=CARTESIAN_POINT('',(-2.07214236596467,0.230925119779357,0.410802402090645));
#2979=CARTESIAN_POINT('Ctrl Pts',(-2.07214236596467,0.230925119779357,0.410802402090645));
#2980=CARTESIAN_POINT('Ctrl Pts',(-2.0744724115872,0.231585127330744,0.387901646868998));
#2981=CARTESIAN_POINT('Ctrl Pts',(-2.07647694509,0.236801230394041,0.363531657038125));
#2982=CARTESIAN_POINT('Ctrl Pts',(-2.07908392411367,0.25656258629542,0.318850666285756));
#2983=CARTESIAN_POINT('Ctrl Pts',(-2.07968648237817,0.271108353990687,0.298539899653593));
#2984=CARTESIAN_POINT('Ctrl Pts',(-2.07955311533038,0.304317834404089,0.2666058587305));
#2985=CARTESIAN_POINT('Ctrl Pts',(-2.07880744626979,0.32519481962153,0.252862488258837));
#2986=CARTESIAN_POINT('Ctrl Pts',(-2.07608753490298,0.368236196181835,0.235817553721442));
#2987=CARTESIAN_POINT('Ctrl Pts',(-2.07425578982485,0.390030704732672,0.231523767159267));
#2988=CARTESIAN_POINT('Ctrl Pts',(-2.07214236596467,0.410802402090645,0.230925119779358));
#2989=CARTESIAN_POINT('Origin',(1.89058325352266,-0.107612562608864,-0.00214332036488677));
#2990=CARTESIAN_POINT('',(-2.07214236596467,-0.230925119779357,0.410802402090645));
#2991=CARTESIAN_POINT('Origin',(1.89058325352266,0.107612562608864,-0.00214332036488677));
#2992=CARTESIAN_POINT('',(-2.07214236596467,-0.410802402090645,0.230925119779358));
#2993=CARTESIAN_POINT('Ctrl Pts',(-2.07214236596467,-0.410802402090645,
0.230925119779358));
#2994=CARTESIAN_POINT('Ctrl Pts',(-2.0744724115872,-0.387901646868997,0.231585127330744));
#2995=CARTESIAN_POINT('Ctrl Pts',(-2.07647694509,-0.363531657038125,0.236801230394041));
#2996=CARTESIAN_POINT('Ctrl Pts',(-2.07908392411367,-0.318850666285756,
0.25656258629542));
#2997=CARTESIAN_POINT('Ctrl Pts',(-2.07968648237817,-0.298539899653593,
0.271108353990688));
#2998=CARTESIAN_POINT('Ctrl Pts',(-2.07955311533038,-0.266605858730499,
0.304317834404089));
#2999=CARTESIAN_POINT('Ctrl Pts',(-2.07880744626979,-0.252862488258837,
0.32519481962153));
#3000=CARTESIAN_POINT('Ctrl Pts',(-2.07608753490298,-0.235817553721441,
0.368236196181835));
#3001=CARTESIAN_POINT('Ctrl Pts',(-2.07425578982485,-0.231523767159266,
0.390030704732672));
#3002=CARTESIAN_POINT('Ctrl Pts',(-2.07214236596467,-0.230925119779357,
0.410802402090645));
#3003=CARTESIAN_POINT('Origin',(1.89058325352266,0.00214332036488669,-0.107612562608864));
#3004=CARTESIAN_POINT('',(-2.07214236596467,-0.410802402090645,-0.230925119779358));
#3005=CARTESIAN_POINT('Origin',(1.89058325352266,0.00214332036488669,0.107612562608864));
#3006=CARTESIAN_POINT('',(-2.07214236596467,-0.230925119779357,-0.410802402090645));
#3007=CARTESIAN_POINT('Ctrl Pts',(-2.07214236596467,-0.230925119779357,
-0.410802402090645));
#3008=CARTESIAN_POINT('Ctrl Pts',(-2.0744724115872,-0.231585127330744,-0.387901646868998));
#3009=CARTESIAN_POINT('Ctrl Pts',(-2.07647694509,-0.236801230394041,-0.363531657038125));
#3010=CARTESIAN_POINT('Ctrl Pts',(-2.07908392411367,-0.25656258629542,-0.318850666285756));
#3011=CARTESIAN_POINT('Ctrl Pts',(-2.07968648237817,-0.271108353990687,
-0.298539899653593));
#3012=CARTESIAN_POINT('Ctrl Pts',(-2.07955311533038,-0.304317834404089,
-0.2666058587305));
#3013=CARTESIAN_POINT('Ctrl Pts',(-2.07880744626979,-0.32519481962153,-0.252862488258837));
#3014=CARTESIAN_POINT('Ctrl Pts',(-2.07608753490298,-0.368236196181835,
-0.235817553721442));
#3015=CARTESIAN_POINT('Ctrl Pts',(-2.07425578982485,-0.390030704732672,
-0.231523767159267));
#3016=CARTESIAN_POINT('Ctrl Pts',(-2.07214236596467,-0.410802402090645,
-0.230925119779358));
#3017=CARTESIAN_POINT('Origin',(1.89058325352266,0.107612562608864,0.00214332036488677));
#3018=CARTESIAN_POINT('',(-2.07214236596467,0.230925119779357,-0.410802402090645));
#3019=CARTESIAN_POINT('Origin',(1.89058325352266,-0.107612562608864,0.00214332036488677));
#3020=CARTESIAN_POINT('',(-2.07214236596467,0.410802402090645,-0.230925119779358));
#3021=CARTESIAN_POINT('Ctrl Pts',(-2.07214236596467,0.410802402090645,-0.230925119779358));
#3022=CARTESIAN_POINT('Ctrl Pts',(-2.0744724115872,0.387901646868997,-0.231585127330744));
#3023=CARTESIAN_POINT('Ctrl Pts',(-2.07647694509,0.363531657038125,-0.236801230394041));
#3024=CARTESIAN_POINT('Ctrl Pts',(-2.07908392411367,0.318850666285756,-0.25656258629542));
#3025=CARTESIAN_POINT('Ctrl Pts',(-2.07968648237817,0.298539899653593,-0.271108353990688));
#3026=CARTESIAN_POINT('Ctrl Pts',(-2.07955311533038,0.266605858730499,-0.304317834404089));
#3027=CARTESIAN_POINT('Ctrl Pts',(-2.07880744626979,0.252862488258837,-0.32519481962153));
#3028=CARTESIAN_POINT('Ctrl Pts',(-2.07608753490298,0.235817553721441,-0.368236196181835));
#3029=CARTESIAN_POINT('Ctrl Pts',(-2.07425578982485,0.231523767159266,-0.390030704732672));
#3030=CARTESIAN_POINT('Ctrl Pts',(-2.07214236596467,0.230925119779357,-0.410802402090645));
#3031=CARTESIAN_POINT('Origin',(1.89058325352266,-0.00214332036488669,0.107612562608864));
#3032=CARTESIAN_POINT('Origin',(-0.628573358853814,1.42265621561241E-32,
0.));
#3033=CARTESIAN_POINT('',(4.16333634234434E-16,-2.5,-3.06161699786838E-16));
#3034=CARTESIAN_POINT('Origin',(0.,1.35775094197784E-32,0.));
#3035=CARTESIAN_POINT('',(-0.628573358853814,-2.47804973462681,-3.03473567563867E-16));
#3036=CARTESIAN_POINT('Origin',(-2.1,-1.3327696725241,-0.215000000000001));
#3037=CARTESIAN_POINT('',(-0.776040495538023,-0.408544376216085,-0.117553383673385));
#3038=CARTESIAN_POINT('Ctrl Pts',(-0.776040495538023,-0.408544376216085,
-0.117553383673385));
#3039=CARTESIAN_POINT('Ctrl Pts',(-0.842056753567639,-0.536813298621822,
-0.120775470047574));
#3040=CARTESIAN_POINT('Ctrl Pts',(-0.967610718928327,-0.775072907213129,
-0.12701677843686));
#3041=CARTESIAN_POINT('',(-2.1,-0.410850934740656,-0.233361863685414));
#3042=CARTESIAN_POINT('Origin',(-2.1,-0.410850934740656,0.233361863685414));
#3043=CARTESIAN_POINT('',(-0.776040495538023,-0.408544376216085,0.117553383673384));
#3044=CARTESIAN_POINT('',(-2.1,-0.410850934740656,0.233361863685414));
#3045=CARTESIAN_POINT('Ctrl Pts',(-0.967610718928327,-0.775072907213129,
0.12701677843686));
#3046=CARTESIAN_POINT('Ctrl Pts',(-0.842056753567639,-0.536813298621823,
0.120775470047574));
#3047=CARTESIAN_POINT('Ctrl Pts',(-0.776040495538023,-0.408544376216085,
0.117553383673384));
#3048=CARTESIAN_POINT('Origin',(-2.1,-0.414457824602038,0.414457824602039));
#3049=CARTESIAN_POINT('',(-0.776040495538023,-0.117553383673384,0.408544376216085));
#3050=CARTESIAN_POINT('',(-2.1,-0.233361863685413,0.410850934740656));
#3051=CARTESIAN_POINT('Ctrl Pts',(-0.776040495538023,-0.408544376216085,
0.117553383673385));
#3052=CARTESIAN_POINT('Ctrl Pts',(-0.760676060672245,-0.378691434494934,
0.116803484516636));
#3053=CARTESIAN_POINT('Ctrl Pts',(-0.745747284641865,-0.348181536785488,
0.120874319204739));
#3054=CARTESIAN_POINT('Ctrl Pts',(-0.724766419569072,-0.300101030043217,
0.13471868880308));
#3055=CARTESIAN_POINT('Ctrl Pts',(-0.715971626208342,-0.277923586693068,
0.143741840440357));
#3056=CARTESIAN_POINT('Ctrl Pts',(-0.703640583404509,-0.236002492141951,
0.168036053437597));
#3057=CARTESIAN_POINT('Ctrl Pts',(-0.70022690870187,-0.216236036606317,
0.183329814719096));
#3058=CARTESIAN_POINT('Ctrl Pts',(-0.70022690870187,-0.183329814719096,
0.216236036606317));
#3059=CARTESIAN_POINT('Ctrl Pts',(-0.703640583404509,-0.168036053437597,
0.236002492141951));
#3060=CARTESIAN_POINT('Ctrl Pts',(-0.715971626208342,-0.143741840440357,
0.277923586693068));
#3061=CARTESIAN_POINT('Ctrl Pts',(-0.724766419569072,-0.13471868880308,
0.300101030043217));
#3062=CARTESIAN_POINT('Ctrl Pts',(-0.745747284641865,-0.120874319204739,
0.348181536785489));
#3063=CARTESIAN_POINT('Ctrl Pts',(-0.760676060672245,-0.116803484516635,
0.378691434494934));
#3064=CARTESIAN_POINT('Ctrl Pts',(-0.776040495538023,-0.117553383673384,
0.408544376216085));
#3065=CARTESIAN_POINT('Origin',(-2.1,-0.215,1.3327696725241));
#3066=CARTESIAN_POINT('Ctrl Pts',(-0.776040495538023,-0.117553383673384,
0.408544376216085));
#3067=CARTESIAN_POINT('Ctrl Pts',(-0.842056753567645,-0.120775470047574,
0.536813298621836));
#3068=CARTESIAN_POINT('Ctrl Pts',(-0.967610718928327,-0.12701677843686,
0.775072907213129));
#3069=CARTESIAN_POINT('Origin',(-2.1,0.233361863685413,0.410850934740656));
#3070=CARTESIAN_POINT('',(-0.776040495538023,0.117553383673384,0.408544376216085));
#3071=CARTESIAN_POINT('',(-2.1,0.233361863685413,0.410850934740656));
#3072=CARTESIAN_POINT('Ctrl Pts',(-0.967610718928327,0.12701677843686,0.775072907213129));
#3073=CARTESIAN_POINT('Ctrl Pts',(-0.842056753567639,0.120775470047573,
0.536813298621823));
#3074=CARTESIAN_POINT('Ctrl Pts',(-0.776040495538023,0.117553383673384,
0.408544376216085));
#3075=CARTESIAN_POINT('Origin',(-2.1,0.414457824602038,0.414457824602039));
#3076=CARTESIAN_POINT('',(-0.776040495538023,0.408544376216085,0.117553383673385));
#3077=CARTESIAN_POINT('',(-2.1,0.410850934740656,0.233361863685414));
#3078=CARTESIAN_POINT('Ctrl Pts',(-0.776040495538023,0.117553383673384,
0.408544376216085));
#3079=CARTESIAN_POINT('Ctrl Pts',(-0.760676060672244,0.116803484516635,
0.378691434494934));
#3080=CARTESIAN_POINT('Ctrl Pts',(-0.745747284641864,0.120874319204739,
0.348181536785488));
#3081=CARTESIAN_POINT('Ctrl Pts',(-0.724766419569072,0.13471868880308,0.300101030043217));
#3082=CARTESIAN_POINT('Ctrl Pts',(-0.715971626208342,0.143741840440357,
0.277923586693068));
#3083=CARTESIAN_POINT('Ctrl Pts',(-0.703640583404509,0.168036053437597,
0.236002492141951));
#3084=CARTESIAN_POINT('Ctrl Pts',(-0.70022690870187,0.183329814719096,0.216236036606317));
#3085=CARTESIAN_POINT('Ctrl Pts',(-0.70022690870187,0.216236036606317,0.183329814719096));
#3086=CARTESIAN_POINT('Ctrl Pts',(-0.703640583404509,0.236002492141951,
0.168036053437597));
#3087=CARTESIAN_POINT('Ctrl Pts',(-0.715971626208342,0.277923586693068,
0.143741840440357));
#3088=CARTESIAN_POINT('Ctrl Pts',(-0.724766419569072,0.300101030043217,
0.13471868880308));
#3089=CARTESIAN_POINT('Ctrl Pts',(-0.745747284641865,0.348181536785488,
0.120874319204739));
#3090=CARTESIAN_POINT('Ctrl Pts',(-0.760676060672245,0.378691434494934,
0.116803484516636));
#3091=CARTESIAN_POINT('Ctrl Pts',(-0.776040495538023,0.408544376216085,
0.117553383673385));
#3092=CARTESIAN_POINT('Origin',(-2.1,0.414457824602038,-0.414457824602039));
#3093=CARTESIAN_POINT('',(-0.776040495538023,0.117553383673384,-0.408544376216085));
#3094=CARTESIAN_POINT('',(-2.1,0.233361863685413,-0.410850934740656));
#3095=CARTESIAN_POINT('',(-0.776040495538023,0.408544376216085,-0.117553383673384));
#3096=CARTESIAN_POINT('Ctrl Pts',(-0.776040495538023,0.408544376216085,
-0.117553383673385));
#3097=CARTESIAN_POINT('Ctrl Pts',(-0.760676060672245,0.378691434494934,
-0.116803484516635));
#3098=CARTESIAN_POINT('Ctrl Pts',(-0.745747284641865,0.348181536785488,
-0.120874319204739));
#3099=CARTESIAN_POINT('Ctrl Pts',(-0.724766419569072,0.300101030043217,
-0.13471868880308));
#3100=CARTESIAN_POINT('Ctrl Pts',(-0.715971626208342,0.277923586693068,
-0.143741840440357));
#3101=CARTESIAN_POINT('Ctrl Pts',(-0.703640583404509,0.236002492141951,
-0.168036053437597));
#3102=CARTESIAN_POINT('Ctrl Pts',(-0.70022690870187,0.216236036606317,-0.183329814719096));
#3103=CARTESIAN_POINT('Ctrl Pts',(-0.70022690870187,0.183329814719096,-0.216236036606317));
#3104=CARTESIAN_POINT('Ctrl Pts',(-0.703640583404509,0.168036053437597,
-0.236002492141951));
#3105=CARTESIAN_POINT('Ctrl Pts',(-0.715971626208342,0.143741840440357,
-0.277923586693068));
#3106=CARTESIAN_POINT('Ctrl Pts',(-0.724766419569072,0.13471868880308,-0.300101030043217));
#3107=CARTESIAN_POINT('Ctrl Pts',(-0.745747284641865,0.120874319204739,
-0.348181536785488));
#3108=CARTESIAN_POINT('Ctrl Pts',(-0.760676060672244,0.116803484516635,
-0.378691434494934));
#3109=CARTESIAN_POINT('Ctrl Pts',(-0.776040495538023,0.117553383673384,
-0.408544376216085));
#3110=CARTESIAN_POINT('',(-2.1,0.410850934740656,-0.233361863685414));
#3111=CARTESIAN_POINT('Origin',(-2.1,-0.414457824602038,-0.414457824602039));
#3112=CARTESIAN_POINT('',(-0.776040495538023,-0.117553383673384,-0.408544376216085));
#3113=CARTESIAN_POINT('Ctrl Pts',(-0.776040495538023,-0.117553383673384,
-0.408544376216085));
#3114=CARTESIAN_POINT('Ctrl Pts',(-0.760676060672244,-0.116803484516635,
-0.378691434494934));
#3115=CARTESIAN_POINT('Ctrl Pts',(-0.745747284641864,-0.120874319204739,
-0.348181536785488));
#3116=CARTESIAN_POINT('Ctrl Pts',(-0.724766419569072,-0.13471868880308,
-0.300101030043217));
#3117=CARTESIAN_POINT('Ctrl Pts',(-0.715971626208342,-0.143741840440357,
-0.277923586693068));
#3118=CARTESIAN_POINT('Ctrl Pts',(-0.703640583404509,-0.168036053437597,
-0.236002492141951));
#3119=CARTESIAN_POINT('Ctrl Pts',(-0.70022690870187,-0.183329814719096,
-0.216236036606317));
#3120=CARTESIAN_POINT('Ctrl Pts',(-0.70022690870187,-0.216236036606317,
-0.183329814719096));
#3121=CARTESIAN_POINT('Ctrl Pts',(-0.703640583404509,-0.236002492141951,
-0.168036053437597));
#3122=CARTESIAN_POINT('Ctrl Pts',(-0.715971626208342,-0.277923586693068,
-0.143741840440357));
#3123=CARTESIAN_POINT('Ctrl Pts',(-0.724766419569072,-0.300101030043217,
-0.13471868880308));
#3124=CARTESIAN_POINT('Ctrl Pts',(-0.745747284641865,-0.348181536785488,
-0.120874319204739));
#3125=CARTESIAN_POINT('Ctrl Pts',(-0.760676060672245,-0.378691434494934,
-0.116803484516636));
#3126=CARTESIAN_POINT('Ctrl Pts',(-0.776040495538023,-0.408544376216085,
-0.117553383673385));
#3127=CARTESIAN_POINT('',(-2.1,-0.233361863685413,-0.410850934740656));
#3128=CARTESIAN_POINT('Origin',(-2.1,1.3327696725241,0.215000000000001));
#3129=CARTESIAN_POINT('Ctrl Pts',(-0.776040495538023,0.408544376216085,
0.117553383673385));
#3130=CARTESIAN_POINT('Ctrl Pts',(-0.842056753567637,0.536813298621819,
0.120775470047574));
#3131=CARTESIAN_POINT('Ctrl Pts',(-0.967610718928327,0.775072907213129,
0.12701677843686));
#3132=CARTESIAN_POINT('Origin',(-2.1,0.215,-1.3327696725241));
#3133=CARTESIAN_POINT('Ctrl Pts',(-0.776040495538023,0.117553383673384,
-0.408544376216085));
#3134=CARTESIAN_POINT('Ctrl Pts',(-0.842056753567645,0.120775470047574,
-0.536813298621836));
#3135=CARTESIAN_POINT('Ctrl Pts',(-0.967610718928327,0.12701677843686,-0.775072907213129));
#3136=CARTESIAN_POINT('Origin',(-2.1,0.410850934740656,-0.233361863685414));
#3137=CARTESIAN_POINT('Ctrl Pts',(-0.967610718928327,0.775072907213129,
-0.12701677843686));
#3138=CARTESIAN_POINT('Ctrl Pts',(-0.842056753567639,0.536813298621823,
-0.120775470047574));
#3139=CARTESIAN_POINT('Ctrl Pts',(-0.776040495538023,0.408544376216085,
-0.117553383673384));
#3140=CARTESIAN_POINT('Origin',(-2.1,-0.233361863685413,-0.410850934740656));
#3141=CARTESIAN_POINT('Ctrl Pts',(-0.967610718928327,-0.12701677843686,
-0.775072907213129));
#3142=CARTESIAN_POINT('Ctrl Pts',(-0.842056753567639,-0.120775470047573,
-0.536813298621823));
#3143=CARTESIAN_POINT('Ctrl Pts',(-0.776040495538023,-0.117553383673384,
-0.408544376216085));
#3144=CARTESIAN_POINT('Origin',(-0.758805359464164,1.43610372100941E-32,
0.));
#3145=CARTESIAN_POINT('',(-0.549999999999999,1.41454288200551E-32,0.));
#3146=CARTESIAN_POINT('',(-0.758805359464164,-0.392705765650408,-4.80925858910483E-17));
#3147=CARTESIAN_POINT('Origin',(1.38777878078145E-16,1.8141075,0.));
#3148=CARTESIAN_POINT('',(0.,-1.128215,-1.38166488850003E-16));
#3149=CARTESIAN_POINT('Origin',(0.,1.35775094197784E-32,0.));
#3150=CARTESIAN_POINT('Origin',(0.311973750000001,1.32553713379564E-32,
0.));
#3151=CARTESIAN_POINT('',(0.623947500000002,-1.128215,-1.38166488850003E-16));
#3152=CARTESIAN_POINT('Origin',(0.623947500000002,1.29332332561345E-32,
0.));
#3153=CARTESIAN_POINT('',(0.311973750000001,-1.128215,-1.38166488850003E-16));
#3154=CARTESIAN_POINT('Origin',(0.761973750000001,1.27907100104573E-32,
0.));
#3155=CARTESIAN_POINT('',(0.761973750000001,-1.1891075,-1.45623669371711E-16));
#3156=CARTESIAN_POINT('',(0.,0.,0.));
#3157=CARTESIAN_POINT('',(19.2999999999998,-34.8,17.65));
#3158=CARTESIAN_POINT('',(14.85,-34.8,3.30000000000002));
#3159=CARTESIAN_POINT('',(8.35,-34.8,8.3));
#3160=CARTESIAN_POINT('',(14.35,-34.8,18.3));
#3161=CARTESIAN_POINT('',(8.35000000000001,-34.8,18.3));
#3162=CARTESIAN_POINT('',(19.3,-34.8,3.45));
#3163=CARTESIAN_POINT('',(3.75000000000001,-34.8,18.3));
#3164=CARTESIAN_POINT('',(3.75000000000001,-34.8,8.3));
#3165=CARTESIAN_POINT('',(21.6,-33.,10.8));
#3166=UNCERTAINTY_MEASURE_WITH_UNIT(LENGTH_MEASURE(0.01),#3176,
'DISTANCE_ACCURACY_VALUE',
'Maximum model space distance between geometric entities at asserted c
onnectivities');
#3167=UNCERTAINTY_MEASURE_WITH_UNIT(LENGTH_MEASURE(0.01),#3176,
'DISTANCE_ACCURACY_VALUE',
'Maximum model space distance between geometric entities at asserted c
onnectivities');
#3168=UNCERTAINTY_MEASURE_WITH_UNIT(LENGTH_MEASURE(0.01),#3176,
'DISTANCE_ACCURACY_VALUE',
'Maximum model space distance between geometric entities at asserted c
onnectivities');
#3169=UNCERTAINTY_MEASURE_WITH_UNIT(LENGTH_MEASURE(0.01),#3176,
'DISTANCE_ACCURACY_VALUE',
'Maximum model space distance between geometric entities at asserted c
onnectivities');
#3170=UNCERTAINTY_MEASURE_WITH_UNIT(LENGTH_MEASURE(0.01),#3176,
'DISTANCE_ACCURACY_VALUE',
'Maximum model space distance between geometric entities at asserted c
onnectivities');
#3171=(
GEOMETRIC_REPRESENTATION_CONTEXT(3)
GLOBAL_UNCERTAINTY_ASSIGNED_CONTEXT((#3166))
GLOBAL_UNIT_ASSIGNED_CONTEXT((#3176,#3178,#3179))
REPRESENTATION_CONTEXT('','3D')
);
#3172=(
GEOMETRIC_REPRESENTATION_CONTEXT(3)
GLOBAL_UNCERTAINTY_ASSIGNED_CONTEXT((#3167))
GLOBAL_UNIT_ASSIGNED_CONTEXT((#3176,#3178,#3179))
REPRESENTATION_CONTEXT('','3D')
);
#3173=(
GEOMETRIC_REPRESENTATION_CONTEXT(3)
GLOBAL_UNCERTAINTY_ASSIGNED_CONTEXT((#3168))
GLOBAL_UNIT_ASSIGNED_CONTEXT((#3176,#3178,#3179))
REPRESENTATION_CONTEXT('','3D')
);
#3174=(
GEOMETRIC_REPRESENTATION_CONTEXT(3)
GLOBAL_UNCERTAINTY_ASSIGNED_CONTEXT((#3169))
GLOBAL_UNIT_ASSIGNED_CONTEXT((#3176,#3178,#3179))
REPRESENTATION_CONTEXT('','3D')
);
#3175=(
GEOMETRIC_REPRESENTATION_CONTEXT(3)
GLOBAL_UNCERTAINTY_ASSIGNED_CONTEXT((#3170))
GLOBAL_UNIT_ASSIGNED_CONTEXT((#3176,#3178,#3179))
REPRESENTATION_CONTEXT('','3D')
);
#3176=(
LENGTH_UNIT()
NAMED_UNIT(*)
SI_UNIT(.MILLI.,.METRE.)
);
#3177=(
LENGTH_UNIT()
NAMED_UNIT(*)
SI_UNIT(.CENTI.,.METRE.)
);
#3178=(
NAMED_UNIT(*)
PLANE_ANGLE_UNIT()
SI_UNIT($,.RADIAN.)
);
#3179=(
NAMED_UNIT(*)
SI_UNIT($,.STERADIAN.)
SOLID_ANGLE_UNIT()
);
#3180=SHAPE_DEFINITION_REPRESENTATION(#3184,#3198);
#3181=SHAPE_DEFINITION_REPRESENTATION(#3185,#3199);
#3182=SHAPE_DEFINITION_REPRESENTATION(#3186,#3200);
#3183=SHAPE_DEFINITION_REPRESENTATION(#3187,#3201);
#3184=PRODUCT_DEFINITION_SHAPE('',$,#3203);
#3185=PRODUCT_DEFINITION_SHAPE('',$,#3204);
#3186=PRODUCT_DEFINITION_SHAPE('',$,#3205);
#3187=PRODUCT_DEFINITION_SHAPE('',$,#3206);
#3188=PRODUCT_DEFINITION_SHAPE($,$,#41);
#3189=PRODUCT_DEFINITION_SHAPE($,$,#42);
#3190=PRODUCT_DEFINITION_SHAPE($,$,#43);
#3191=PRODUCT_DEFINITION_SHAPE($,$,#44);
#3192=PRODUCT_DEFINITION_SHAPE($,$,#45);
#3193=PRODUCT_DEFINITION_SHAPE($,$,#46);
#3194=PRODUCT_DEFINITION_SHAPE($,$,#47);
#3195=PRODUCT_DEFINITION_SHAPE($,$,#48);
#3196=PRODUCT_DEFINITION_SHAPE($,$,#49);
#3197=PRODUCT_DEFINITION_SHAPE($,$,#50);
#3198=SHAPE_REPRESENTATION('',(#1854,#1995,#1996,#1997,#1998,#1999,#2000,
#2001,#2002,#2003,#2004),#3171);
#3199=SHAPE_REPRESENTATION('',(#1855),#3172);
#3200=SHAPE_REPRESENTATION('',(#1920),#3173);
#3201=SHAPE_REPRESENTATION('',(#1932),#3174);
#3202=PRODUCT_DEFINITION_CONTEXT('part definition',#3216,'design');
#3203=PRODUCT_DEFINITION('J1512CT','J1512CT',#3207,#3202);
#3204=PRODUCT_DEFINITION('COVER','COVER',#3208,#3202);
#3205=PRODUCT_DEFINITION('TERMINAL','TERMINAL',#3209,#3202);
#3206=PRODUCT_DEFINITION('EN ISO 7045 - M2.5 x 3 - 4.8 - H',
'EN ISO 7045 - M2.5 x 3 - 4.8 - H(2)',#3210,#3202);
#3207=PRODUCT_DEFINITION_FORMATION('A',$,#3218);
#3208=PRODUCT_DEFINITION_FORMATION('',$,#3219);
#3209=PRODUCT_DEFINITION_FORMATION('',$,#3220);
#3210=PRODUCT_DEFINITION_FORMATION('',$,#3221);
#3211=PRODUCT_RELATED_PRODUCT_CATEGORY('J1512CT','J1512CT',(#3218));
#3212=PRODUCT_RELATED_PRODUCT_CATEGORY('COVER','COVER',(#3219));
#3213=PRODUCT_RELATED_PRODUCT_CATEGORY('TERMINAL','TERMINAL',(#3220));
#3214=PRODUCT_RELATED_PRODUCT_CATEGORY(
'EN ISO 7045 - M2.5 x 3 - 4.8 - H(2)',
'EN ISO 7045 - M2.5 x 3 - 4.8 - H(2)',(#3221));
#3215=APPLICATION_PROTOCOL_DEFINITION('international standard',
'automotive_design',2009,#3216);
#3216=APPLICATION_CONTEXT(
'Core Data for Automotive Mechanical Design Process');
#3217=PRODUCT_CONTEXT('part definition',#3216,'mechanical');
#3218=PRODUCT('J1512CT','J1512CT',
'J151 SERIES, 2C, SOLDER LUGS W/ FLANGE, 24VDC, .9W, W/ LED',(#3217));
#3219=PRODUCT('COVER','COVER',$,(#3217));
#3220=PRODUCT('TERMINAL','TERMINAL',$,(#3217));
#3221=PRODUCT('EN ISO 7045 - M2.5 x 3 - 4.8 - H',
'EN ISO 7045 - M2.5 x 3 - 4.8 - H(2)',
'Pan head screws with type H or type Z cross recess - Product grade A',
(#3217));
ENDSEC;
END-ISO-10303-21;
