ISO-10303-21;
HEADER;
/* Generated by software containing ST-Developer
 * from STEP Tools, Inc. (www.steptools.com) 
 */
/* OPTION: using custom renumber hook */

FILE_DESCRIPTION(
/* description */ ('STEP AP242',
'CAx-IF Rec.Pracs.---Representation and Presentation of Product Manufa
cturing Information (PMI)---4.0---2014-10-13',
'CAx-IF Rec.Pracs.---3D Tessellated Geometry---0.4---2014-09-14','2;1'),

/* implementation_level */ '2;1');

FILE_NAME(
/* name */ '67d26fdb940a7d2ef4156b3d',
/* time_stamp */ '2025-03-13T05:40:43Z',
/* author */ (''),
/* organization */ (''),
/* preprocessor_version */ 'ST-DEVELOPER v20',
/* originating_system */ 'ONSHAPE BY PTC INC, 1.194',
/* authorisation */ '  ');

FILE_SCHEMA (('AP242_MANAGED_MODEL_BASED_3D_ENGINEERING_MIM_LF { 1 0 10303 442 1 1 4 }'));
ENDSEC;

DATA;
#10=OVER_RIDING_STYLED_ITEM('',(#2041),#1953,#2037);
#11=OVER_RIDING_STYLED_ITEM('',(#2042),#1954,#2037);
#12=OVER_RIDING_STYLED_ITEM('',(#2043),#1955,#2037);
#13=OVER_RIDING_STYLED_ITEM('',(#2044),#1956,#2037);
#14=OVER_RIDING_STYLED_ITEM('',(#2045),#1957,#2037);
#15=OVER_RIDING_STYLED_ITEM('',(#2046),#1958,#2037);
#16=OVER_RIDING_STYLED_ITEM('',(#2047),#1959,#2037);
#17=OVER_RIDING_STYLED_ITEM('',(#2048),#1960,#2037);
#18=OVER_RIDING_STYLED_ITEM('',(#2049),#1965,#2037);
#19=OVER_RIDING_STYLED_ITEM('',(#2050),#1966,#2037);
#20=OVER_RIDING_STYLED_ITEM('',(#2052),#2009,#2038);
#21=OVER_RIDING_STYLED_ITEM('',(#2053),#2011,#2038);
#22=OVER_RIDING_STYLED_ITEM('',(#2054),#2012,#2038);
#23=OVER_RIDING_STYLED_ITEM('',(#2055),#2013,#2038);
#24=OVER_RIDING_STYLED_ITEM('',(#2056),#2014,#2038);
#25=CONTEXT_DEPENDENT_SHAPE_REPRESENTATION(#45,#3448);
#26=CONTEXT_DEPENDENT_SHAPE_REPRESENTATION(#46,#3449);
#27=CONTEXT_DEPENDENT_SHAPE_REPRESENTATION(#47,#3451);
#28=CONTEXT_DEPENDENT_SHAPE_REPRESENTATION(#48,#3452);
#29=CONTEXT_DEPENDENT_SHAPE_REPRESENTATION(#49,#3454);
#30=CONTEXT_DEPENDENT_SHAPE_REPRESENTATION(#50,#3455);
#31=CONTEXT_DEPENDENT_SHAPE_REPRESENTATION(#51,#3456);
#32=CONTEXT_DEPENDENT_SHAPE_REPRESENTATION(#52,#3457);
#33=CONTEXT_DEPENDENT_SHAPE_REPRESENTATION(#53,#3458);
#34=CONTEXT_DEPENDENT_SHAPE_REPRESENTATION(#54,#3459);
#35=NEXT_ASSEMBLY_USAGE_OCCURRENCE('NAUO1','PRT0001','PRT0001',#3460,#3461,
'');
#36=NEXT_ASSEMBLY_USAGE_OCCURRENCE('NAUO2','PRT0001','PRT0001',#3460,#3461,
'');
#37=NEXT_ASSEMBLY_USAGE_OCCURRENCE('NAUO3','1112W-3','1112W-3',#3460,#3462,
'');
#38=NEXT_ASSEMBLY_USAGE_OCCURRENCE('NAUO4','PRT0001','PRT0001',#3460,#3461,
'');
#39=NEXT_ASSEMBLY_USAGE_OCCURRENCE('NAUO5','LCD','LCD',#3460,#3463,'');
#40=NEXT_ASSEMBLY_USAGE_OCCURRENCE('NAUO6','PRT0001','PRT0001',#3460,#3461,
'');
#41=NEXT_ASSEMBLY_USAGE_OCCURRENCE('NAUO7','PRT0001','PRT0001',#3460,#3461,
'');
#42=NEXT_ASSEMBLY_USAGE_OCCURRENCE('NAUO8','PRT0001','PRT0001',#3460,#3461,
'');
#43=NEXT_ASSEMBLY_USAGE_OCCURRENCE('NAUO9','PRT0001','PRT0001',#3460,#3461,
'');
#44=NEXT_ASSEMBLY_USAGE_OCCURRENCE('NAUO10','PRT0001','PRT0001',#3460,#3461,
'');
#45=(
REPRESENTATION_RELATIONSHIP(' ',' ',#2159,#2158)
REPRESENTATION_RELATIONSHIP_WITH_TRANSFORMATION(#55)
SHAPE_REPRESENTATION_RELATIONSHIP()
);
#46=(
REPRESENTATION_RELATIONSHIP(' ',' ',#2159,#2158)
REPRESENTATION_RELATIONSHIP_WITH_TRANSFORMATION(#56)
SHAPE_REPRESENTATION_RELATIONSHIP()
);
#47=(
REPRESENTATION_RELATIONSHIP(' ',' ',#2160,#2158)
REPRESENTATION_RELATIONSHIP_WITH_TRANSFORMATION(#57)
SHAPE_REPRESENTATION_RELATIONSHIP()
);
#48=(
REPRESENTATION_RELATIONSHIP(' ',' ',#2159,#2158)
REPRESENTATION_RELATIONSHIP_WITH_TRANSFORMATION(#58)
SHAPE_REPRESENTATION_RELATIONSHIP()
);
#49=(
REPRESENTATION_RELATIONSHIP(' ',' ',#2161,#2158)
REPRESENTATION_RELATIONSHIP_WITH_TRANSFORMATION(#59)
SHAPE_REPRESENTATION_RELATIONSHIP()
);
#50=(
REPRESENTATION_RELATIONSHIP(' ',' ',#2159,#2158)
REPRESENTATION_RELATIONSHIP_WITH_TRANSFORMATION(#60)
SHAPE_REPRESENTATION_RELATIONSHIP()
);
#51=(
REPRESENTATION_RELATIONSHIP(' ',' ',#2159,#2158)
REPRESENTATION_RELATIONSHIP_WITH_TRANSFORMATION(#61)
SHAPE_REPRESENTATION_RELATIONSHIP()
);
#52=(
REPRESENTATION_RELATIONSHIP(' ',' ',#2159,#2158)
REPRESENTATION_RELATIONSHIP_WITH_TRANSFORMATION(#62)
SHAPE_REPRESENTATION_RELATIONSHIP()
);
#53=(
REPRESENTATION_RELATIONSHIP(' ',' ',#2159,#2158)
REPRESENTATION_RELATIONSHIP_WITH_TRANSFORMATION(#63)
SHAPE_REPRESENTATION_RELATIONSHIP()
);
#54=(
REPRESENTATION_RELATIONSHIP(' ',' ',#2159,#2158)
REPRESENTATION_RELATIONSHIP_WITH_TRANSFORMATION(#64)
SHAPE_REPRESENTATION_RELATIONSHIP()
);
#55=ITEM_DEFINED_TRANSFORMATION(' ',' ',#2162,#2207);
#56=ITEM_DEFINED_TRANSFORMATION(' ',' ',#2162,#2208);
#57=ITEM_DEFINED_TRANSFORMATION(' ',' ',#2162,#2281);
#58=ITEM_DEFINED_TRANSFORMATION(' ',' ',#2162,#2282);
#59=ITEM_DEFINED_TRANSFORMATION(' ',' ',#2162,#2311);
#60=ITEM_DEFINED_TRANSFORMATION(' ',' ',#2162,#2312);
#61=ITEM_DEFINED_TRANSFORMATION(' ',' ',#2162,#2313);
#62=ITEM_DEFINED_TRANSFORMATION(' ',' ',#2162,#2314);
#63=ITEM_DEFINED_TRANSFORMATION(' ',' ',#2162,#2315);
#64=ITEM_DEFINED_TRANSFORMATION(' ',' ',#2162,#2316);
#65=SHAPE_REPRESENTATION_RELATIONSHIP('','',#2159,#68);
#66=SHAPE_REPRESENTATION_RELATIONSHIP('','',#2160,#69);
#67=SHAPE_REPRESENTATION_RELATIONSHIP('','',#2161,#70);
#68=ADVANCED_BREP_SHAPE_REPRESENTATION('',(#2151),#3436);
#69=ADVANCED_BREP_SHAPE_REPRESENTATION('',(#2152),#3437);
#70=ADVANCED_BREP_SHAPE_REPRESENTATION('',(#2153),#3438);
#71=CIRCLE('',#2165,0.0004763368661945);
#72=CIRCLE('',#2166,0.0004763368661945);
#73=CIRCLE('',#2169,0.0003);
#74=CIRCLE('',#2170,0.0003);
#75=CIRCLE('',#2173,0.0006);
#76=CIRCLE('',#2174,0.0006);
#77=CIRCLE('',#2177,0.0001518838386539);
#78=CIRCLE('',#2178,0.0001518838386539);
#79=CIRCLE('',#2181,0.00015);
#80=CIRCLE('',#2182,0.00015);
#81=CIRCLE('',#2185,0.0006);
#82=CIRCLE('',#2186,0.0006);
#83=CIRCLE('',#2189,0.0003);
#84=CIRCLE('',#2190,0.0003);
#85=CIRCLE('',#2194,0.0006);
#86=CIRCLE('',#2195,0.0006);
#87=CIRCLE('',#2197,0.0003);
#88=CIRCLE('',#2199,0.0003);
#89=CIRCLE('',#2201,0.0006);
#90=CIRCLE('',#2203,0.0006);
#91=CIRCLE('',#2239,0.00225);
#92=CIRCLE('',#2240,0.00125);
#93=CIRCLE('',#2242,0.00225);
#94=CIRCLE('',#2243,0.00125);
#95=CIRCLE('',#2245,0.00225);
#96=CIRCLE('',#2246,0.00125);
#97=CIRCLE('',#2248,0.00225);
#98=CIRCLE('',#2249,0.00125);
#99=CIRCLE('',#2253,0.00225);
#100=CIRCLE('',#2258,0.00225);
#101=CIRCLE('',#2263,0.00225);
#102=CIRCLE('',#2268,0.00225);
#103=CIRCLE('',#2273,0.00125);
#104=CIRCLE('',#2274,0.00125);
#105=CIRCLE('',#2275,0.00125);
#106=CIRCLE('',#2276,0.00125);
#107=CIRCLE('',#2291,0.0004);
#108=CIRCLE('',#2292,0.0004);
#109=CIRCLE('',#2294,0.0004);
#110=CIRCLE('',#2295,0.0004);
#111=CYLINDRICAL_SURFACE('',#2164,0.0004763368661945);
#112=CYLINDRICAL_SURFACE('',#2168,0.0003);
#113=CYLINDRICAL_SURFACE('',#2172,0.0006);
#114=CYLINDRICAL_SURFACE('',#2176,0.0001518838386539);
#115=CYLINDRICAL_SURFACE('',#2180,0.00015);
#116=CYLINDRICAL_SURFACE('',#2184,0.0006);
#117=CYLINDRICAL_SURFACE('',#2188,0.0003);
#118=CYLINDRICAL_SURFACE('',#2193,0.0006);
#119=CYLINDRICAL_SURFACE('',#2198,0.0003);
#120=CYLINDRICAL_SURFACE('',#2202,0.0006);
#121=CYLINDRICAL_SURFACE('',#2252,0.00225);
#122=CYLINDRICAL_SURFACE('',#2257,0.00225);
#123=CYLINDRICAL_SURFACE('',#2262,0.00225);
#124=CYLINDRICAL_SURFACE('',#2267,0.00225);
#125=CYLINDRICAL_SURFACE('',#2277,0.00125);
#126=CYLINDRICAL_SURFACE('',#2278,0.00125);
#127=CYLINDRICAL_SURFACE('',#2279,0.00125);
#128=CYLINDRICAL_SURFACE('',#2280,0.00125);
#129=CYLINDRICAL_SURFACE('',#2290,0.0004);
#130=CYLINDRICAL_SURFACE('',#2293,0.0004);
#131=ORIENTED_EDGE('',*,*,#679,.T.);
#132=ORIENTED_EDGE('',*,*,#680,.T.);
#133=ORIENTED_EDGE('',*,*,#681,.T.);
#134=ORIENTED_EDGE('',*,*,#682,.T.);
#135=ORIENTED_EDGE('',*,*,#683,.F.);
#136=ORIENTED_EDGE('',*,*,#684,.T.);
#137=ORIENTED_EDGE('',*,*,#685,.F.);
#138=ORIENTED_EDGE('',*,*,#686,.F.);
#139=ORIENTED_EDGE('',*,*,#685,.T.);
#140=ORIENTED_EDGE('',*,*,#687,.T.);
#141=ORIENTED_EDGE('',*,*,#688,.T.);
#142=ORIENTED_EDGE('',*,*,#689,.F.);
#143=ORIENTED_EDGE('',*,*,#690,.F.);
#144=ORIENTED_EDGE('',*,*,#688,.F.);
#145=ORIENTED_EDGE('',*,*,#691,.T.);
#146=ORIENTED_EDGE('',*,*,#692,.F.);
#147=ORIENTED_EDGE('',*,*,#692,.T.);
#148=ORIENTED_EDGE('',*,*,#693,.T.);
#149=ORIENTED_EDGE('',*,*,#694,.F.);
#150=ORIENTED_EDGE('',*,*,#695,.F.);
#151=ORIENTED_EDGE('',*,*,#694,.T.);
#152=ORIENTED_EDGE('',*,*,#696,.T.);
#153=ORIENTED_EDGE('',*,*,#697,.F.);
#154=ORIENTED_EDGE('',*,*,#698,.F.);
#155=ORIENTED_EDGE('',*,*,#697,.T.);
#156=ORIENTED_EDGE('',*,*,#699,.T.);
#157=ORIENTED_EDGE('',*,*,#700,.T.);
#158=ORIENTED_EDGE('',*,*,#701,.F.);
#159=ORIENTED_EDGE('',*,*,#702,.F.);
#160=ORIENTED_EDGE('',*,*,#700,.F.);
#161=ORIENTED_EDGE('',*,*,#703,.T.);
#162=ORIENTED_EDGE('',*,*,#704,.F.);
#163=ORIENTED_EDGE('',*,*,#704,.T.);
#164=ORIENTED_EDGE('',*,*,#705,.T.);
#165=ORIENTED_EDGE('',*,*,#706,.T.);
#166=ORIENTED_EDGE('',*,*,#707,.F.);
#167=ORIENTED_EDGE('',*,*,#708,.F.);
#168=ORIENTED_EDGE('',*,*,#706,.F.);
#169=ORIENTED_EDGE('',*,*,#709,.T.);
#170=ORIENTED_EDGE('',*,*,#710,.F.);
#171=ORIENTED_EDGE('',*,*,#710,.T.);
#172=ORIENTED_EDGE('',*,*,#711,.T.);
#173=ORIENTED_EDGE('',*,*,#712,.F.);
#174=ORIENTED_EDGE('',*,*,#713,.F.);
#175=ORIENTED_EDGE('',*,*,#712,.T.);
#176=ORIENTED_EDGE('',*,*,#714,.T.);
#177=ORIENTED_EDGE('',*,*,#715,.F.);
#178=ORIENTED_EDGE('',*,*,#716,.F.);
#179=ORIENTED_EDGE('',*,*,#715,.T.);
#180=ORIENTED_EDGE('',*,*,#717,.T.);
#181=ORIENTED_EDGE('',*,*,#718,.T.);
#182=ORIENTED_EDGE('',*,*,#719,.F.);
#183=ORIENTED_EDGE('',*,*,#720,.F.);
#184=ORIENTED_EDGE('',*,*,#718,.F.);
#185=ORIENTED_EDGE('',*,*,#721,.T.);
#186=ORIENTED_EDGE('',*,*,#722,.F.);
#187=ORIENTED_EDGE('',*,*,#722,.T.);
#188=ORIENTED_EDGE('',*,*,#723,.T.);
#189=ORIENTED_EDGE('',*,*,#724,.F.);
#190=ORIENTED_EDGE('',*,*,#725,.F.);
#191=ORIENTED_EDGE('',*,*,#726,.T.);
#192=ORIENTED_EDGE('',*,*,#681,.F.);
#193=ORIENTED_EDGE('',*,*,#727,.T.);
#194=ORIENTED_EDGE('',*,*,#728,.F.);
#195=ORIENTED_EDGE('',*,*,#729,.T.);
#196=ORIENTED_EDGE('',*,*,#683,.T.);
#197=ORIENTED_EDGE('',*,*,#730,.F.);
#198=ORIENTED_EDGE('',*,*,#731,.F.);
#199=ORIENTED_EDGE('',*,*,#731,.T.);
#200=ORIENTED_EDGE('',*,*,#732,.F.);
#201=ORIENTED_EDGE('',*,*,#733,.F.);
#202=ORIENTED_EDGE('',*,*,#734,.T.);
#203=ORIENTED_EDGE('',*,*,#735,.F.);
#204=ORIENTED_EDGE('',*,*,#732,.T.);
#205=ORIENTED_EDGE('',*,*,#730,.T.);
#206=ORIENTED_EDGE('',*,*,#686,.T.);
#207=ORIENTED_EDGE('',*,*,#689,.T.);
#208=ORIENTED_EDGE('',*,*,#690,.T.);
#209=ORIENTED_EDGE('',*,*,#695,.T.);
#210=ORIENTED_EDGE('',*,*,#698,.T.);
#211=ORIENTED_EDGE('',*,*,#701,.T.);
#212=ORIENTED_EDGE('',*,*,#702,.T.);
#213=ORIENTED_EDGE('',*,*,#707,.T.);
#214=ORIENTED_EDGE('',*,*,#708,.T.);
#215=ORIENTED_EDGE('',*,*,#713,.T.);
#216=ORIENTED_EDGE('',*,*,#716,.T.);
#217=ORIENTED_EDGE('',*,*,#719,.T.);
#218=ORIENTED_EDGE('',*,*,#720,.T.);
#219=ORIENTED_EDGE('',*,*,#725,.T.);
#220=ORIENTED_EDGE('',*,*,#736,.F.);
#221=ORIENTED_EDGE('',*,*,#724,.T.);
#222=ORIENTED_EDGE('',*,*,#737,.T.);
#223=ORIENTED_EDGE('',*,*,#738,.F.);
#224=ORIENTED_EDGE('',*,*,#736,.T.);
#225=ORIENTED_EDGE('',*,*,#737,.F.);
#226=ORIENTED_EDGE('',*,*,#723,.F.);
#227=ORIENTED_EDGE('',*,*,#721,.F.);
#228=ORIENTED_EDGE('',*,*,#717,.F.);
#229=ORIENTED_EDGE('',*,*,#714,.F.);
#230=ORIENTED_EDGE('',*,*,#711,.F.);
#231=ORIENTED_EDGE('',*,*,#709,.F.);
#232=ORIENTED_EDGE('',*,*,#705,.F.);
#233=ORIENTED_EDGE('',*,*,#703,.F.);
#234=ORIENTED_EDGE('',*,*,#699,.F.);
#235=ORIENTED_EDGE('',*,*,#696,.F.);
#236=ORIENTED_EDGE('',*,*,#693,.F.);
#237=ORIENTED_EDGE('',*,*,#691,.F.);
#238=ORIENTED_EDGE('',*,*,#687,.F.);
#239=ORIENTED_EDGE('',*,*,#684,.F.);
#240=ORIENTED_EDGE('',*,*,#729,.F.);
#241=ORIENTED_EDGE('',*,*,#739,.F.);
#242=ORIENTED_EDGE('',*,*,#740,.F.);
#243=ORIENTED_EDGE('',*,*,#739,.T.);
#244=ORIENTED_EDGE('',*,*,#728,.T.);
#245=ORIENTED_EDGE('',*,*,#741,.T.);
#246=ORIENTED_EDGE('',*,*,#742,.F.);
#247=ORIENTED_EDGE('',*,*,#727,.F.);
#248=ORIENTED_EDGE('',*,*,#680,.F.);
#249=ORIENTED_EDGE('',*,*,#743,.F.);
#250=ORIENTED_EDGE('',*,*,#741,.F.);
#251=ORIENTED_EDGE('',*,*,#744,.F.);
#252=ORIENTED_EDGE('',*,*,#682,.F.);
#253=ORIENTED_EDGE('',*,*,#726,.F.);
#254=ORIENTED_EDGE('',*,*,#734,.F.);
#255=ORIENTED_EDGE('',*,*,#743,.T.);
#256=ORIENTED_EDGE('',*,*,#679,.F.);
#257=ORIENTED_EDGE('',*,*,#744,.T.);
#258=ORIENTED_EDGE('',*,*,#733,.T.);
#259=ORIENTED_EDGE('',*,*,#735,.T.);
#260=ORIENTED_EDGE('',*,*,#738,.T.);
#261=ORIENTED_EDGE('',*,*,#740,.T.);
#262=ORIENTED_EDGE('',*,*,#742,.T.);
#263=ORIENTED_EDGE('',*,*,#745,.T.);
#264=ORIENTED_EDGE('',*,*,#746,.T.);
#265=ORIENTED_EDGE('',*,*,#747,.T.);
#266=ORIENTED_EDGE('',*,*,#748,.T.);
#267=ORIENTED_EDGE('',*,*,#749,.T.);
#268=ORIENTED_EDGE('',*,*,#750,.T.);
#269=ORIENTED_EDGE('',*,*,#751,.T.);
#270=ORIENTED_EDGE('',*,*,#752,.T.);
#271=ORIENTED_EDGE('',*,*,#753,.F.);
#272=ORIENTED_EDGE('',*,*,#754,.T.);
#273=ORIENTED_EDGE('',*,*,#755,.F.);
#274=ORIENTED_EDGE('',*,*,#747,.F.);
#275=ORIENTED_EDGE('',*,*,#756,.F.);
#276=ORIENTED_EDGE('',*,*,#757,.T.);
#277=ORIENTED_EDGE('',*,*,#758,.F.);
#278=ORIENTED_EDGE('',*,*,#751,.F.);
#279=ORIENTED_EDGE('',*,*,#759,.F.);
#280=ORIENTED_EDGE('',*,*,#760,.T.);
#281=ORIENTED_EDGE('',*,*,#753,.T.);
#282=ORIENTED_EDGE('',*,*,#746,.F.);
#283=ORIENTED_EDGE('',*,*,#755,.T.);
#284=ORIENTED_EDGE('',*,*,#761,.T.);
#285=ORIENTED_EDGE('',*,*,#762,.F.);
#286=ORIENTED_EDGE('',*,*,#748,.F.);
#287=ORIENTED_EDGE('',*,*,#763,.F.);
#288=ORIENTED_EDGE('',*,*,#764,.T.);
#289=ORIENTED_EDGE('',*,*,#756,.T.);
#290=ORIENTED_EDGE('',*,*,#750,.F.);
#291=ORIENTED_EDGE('',*,*,#758,.T.);
#292=ORIENTED_EDGE('',*,*,#765,.T.);
#293=ORIENTED_EDGE('',*,*,#766,.F.);
#294=ORIENTED_EDGE('',*,*,#752,.F.);
#295=ORIENTED_EDGE('',*,*,#767,.F.);
#296=ORIENTED_EDGE('',*,*,#768,.F.);
#297=ORIENTED_EDGE('',*,*,#769,.F.);
#298=ORIENTED_EDGE('',*,*,#770,.F.);
#299=ORIENTED_EDGE('',*,*,#771,.F.);
#300=ORIENTED_EDGE('',*,*,#772,.F.);
#301=ORIENTED_EDGE('',*,*,#773,.F.);
#302=ORIENTED_EDGE('',*,*,#774,.T.);
#303=ORIENTED_EDGE('',*,*,#775,.T.);
#304=ORIENTED_EDGE('',*,*,#776,.F.);
#305=ORIENTED_EDGE('',*,*,#768,.T.);
#306=ORIENTED_EDGE('',*,*,#776,.T.);
#307=ORIENTED_EDGE('',*,*,#777,.T.);
#308=ORIENTED_EDGE('',*,*,#778,.F.);
#309=ORIENTED_EDGE('',*,*,#769,.T.);
#310=ORIENTED_EDGE('',*,*,#779,.T.);
#311=ORIENTED_EDGE('',*,*,#780,.T.);
#312=ORIENTED_EDGE('',*,*,#781,.F.);
#313=ORIENTED_EDGE('',*,*,#770,.T.);
#314=ORIENTED_EDGE('',*,*,#778,.T.);
#315=ORIENTED_EDGE('',*,*,#762,.T.);
#316=ORIENTED_EDGE('',*,*,#782,.T.);
#317=ORIENTED_EDGE('',*,*,#759,.T.);
#318=ORIENTED_EDGE('',*,*,#745,.F.);
#319=ORIENTED_EDGE('',*,*,#766,.T.);
#320=ORIENTED_EDGE('',*,*,#783,.T.);
#321=ORIENTED_EDGE('',*,*,#763,.T.);
#322=ORIENTED_EDGE('',*,*,#749,.F.);
#323=ORIENTED_EDGE('',*,*,#784,.T.);
#324=ORIENTED_EDGE('',*,*,#785,.F.);
#325=ORIENTED_EDGE('',*,*,#786,.T.);
#326=ORIENTED_EDGE('',*,*,#787,.F.);
#327=ORIENTED_EDGE('',*,*,#788,.F.);
#328=ORIENTED_EDGE('',*,*,#784,.F.);
#329=ORIENTED_EDGE('',*,*,#789,.F.);
#330=ORIENTED_EDGE('',*,*,#790,.T.);
#331=ORIENTED_EDGE('',*,*,#791,.F.);
#332=ORIENTED_EDGE('',*,*,#792,.F.);
#333=ORIENTED_EDGE('',*,*,#773,.T.);
#334=ORIENTED_EDGE('',*,*,#767,.T.);
#335=ORIENTED_EDGE('',*,*,#793,.F.);
#336=ORIENTED_EDGE('',*,*,#794,.F.);
#337=ORIENTED_EDGE('',*,*,#791,.T.);
#338=ORIENTED_EDGE('',*,*,#772,.T.);
#339=ORIENTED_EDGE('',*,*,#781,.T.);
#340=ORIENTED_EDGE('',*,*,#795,.F.);
#341=ORIENTED_EDGE('',*,*,#793,.T.);
#342=ORIENTED_EDGE('',*,*,#771,.T.);
#343=ORIENTED_EDGE('',*,*,#796,.T.);
#344=ORIENTED_EDGE('',*,*,#797,.F.);
#345=ORIENTED_EDGE('',*,*,#798,.T.);
#346=ORIENTED_EDGE('',*,*,#799,.F.);
#347=ORIENTED_EDGE('',*,*,#796,.F.);
#348=ORIENTED_EDGE('',*,*,#800,.F.);
#349=ORIENTED_EDGE('',*,*,#801,.T.);
#350=ORIENTED_EDGE('',*,*,#802,.F.);
#351=ORIENTED_EDGE('',*,*,#786,.F.);
#352=ORIENTED_EDGE('',*,*,#803,.F.);
#353=ORIENTED_EDGE('',*,*,#804,.F.);
#354=ORIENTED_EDGE('',*,*,#805,.F.);
#355=ORIENTED_EDGE('',*,*,#806,.F.);
#356=ORIENTED_EDGE('',*,*,#807,.T.);
#357=ORIENTED_EDGE('',*,*,#808,.T.);
#358=ORIENTED_EDGE('',*,*,#789,.T.);
#359=ORIENTED_EDGE('',*,*,#787,.T.);
#360=ORIENTED_EDGE('',*,*,#806,.T.);
#361=ORIENTED_EDGE('',*,*,#809,.F.);
#362=ORIENTED_EDGE('',*,*,#810,.F.);
#363=ORIENTED_EDGE('',*,*,#811,.F.);
#364=ORIENTED_EDGE('',*,*,#808,.F.);
#365=ORIENTED_EDGE('',*,*,#812,.F.);
#366=ORIENTED_EDGE('',*,*,#813,.F.);
#367=ORIENTED_EDGE('',*,*,#790,.F.);
#368=ORIENTED_EDGE('',*,*,#814,.F.);
#369=ORIENTED_EDGE('',*,*,#815,.F.);
#370=ORIENTED_EDGE('',*,*,#816,.F.);
#371=ORIENTED_EDGE('',*,*,#798,.F.);
#372=ORIENTED_EDGE('',*,*,#777,.F.);
#373=ORIENTED_EDGE('',*,*,#775,.F.);
#374=ORIENTED_EDGE('',*,*,#817,.F.);
#375=ORIENTED_EDGE('',*,*,#779,.F.);
#376=ORIENTED_EDGE('',*,*,#782,.F.);
#377=ORIENTED_EDGE('',*,*,#761,.F.);
#378=ORIENTED_EDGE('',*,*,#754,.F.);
#379=ORIENTED_EDGE('',*,*,#760,.F.);
#380=ORIENTED_EDGE('',*,*,#783,.F.);
#381=ORIENTED_EDGE('',*,*,#765,.F.);
#382=ORIENTED_EDGE('',*,*,#757,.F.);
#383=ORIENTED_EDGE('',*,*,#764,.F.);
#384=ORIENTED_EDGE('',*,*,#799,.T.);
#385=ORIENTED_EDGE('',*,*,#816,.T.);
#386=ORIENTED_EDGE('',*,*,#818,.F.);
#387=ORIENTED_EDGE('',*,*,#819,.F.);
#388=ORIENTED_EDGE('',*,*,#820,.T.);
#389=ORIENTED_EDGE('',*,*,#800,.T.);
#390=ORIENTED_EDGE('',*,*,#821,.F.);
#391=ORIENTED_EDGE('',*,*,#822,.F.);
#392=ORIENTED_EDGE('',*,*,#823,.F.);
#393=ORIENTED_EDGE('',*,*,#801,.F.);
#394=ORIENTED_EDGE('',*,*,#820,.F.);
#395=ORIENTED_EDGE('',*,*,#802,.T.);
#396=ORIENTED_EDGE('',*,*,#824,.T.);
#397=ORIENTED_EDGE('',*,*,#785,.T.);
#398=ORIENTED_EDGE('',*,*,#788,.T.);
#399=ORIENTED_EDGE('',*,*,#813,.T.);
#400=ORIENTED_EDGE('',*,*,#825,.F.);
#401=ORIENTED_EDGE('',*,*,#774,.F.);
#402=ORIENTED_EDGE('',*,*,#792,.T.);
#403=ORIENTED_EDGE('',*,*,#794,.T.);
#404=ORIENTED_EDGE('',*,*,#795,.T.);
#405=ORIENTED_EDGE('',*,*,#780,.F.);
#406=ORIENTED_EDGE('',*,*,#826,.F.);
#407=ORIENTED_EDGE('',*,*,#814,.T.);
#408=ORIENTED_EDGE('',*,*,#797,.T.);
#409=ORIENTED_EDGE('',*,*,#827,.F.);
#410=ORIENTED_EDGE('',*,*,#828,.F.);
#411=ORIENTED_EDGE('',*,*,#829,.F.);
#412=ORIENTED_EDGE('',*,*,#830,.F.);
#413=ORIENTED_EDGE('',*,*,#831,.T.);
#414=ORIENTED_EDGE('',*,*,#832,.F.);
#415=ORIENTED_EDGE('',*,*,#833,.T.);
#416=ORIENTED_EDGE('',*,*,#834,.F.);
#417=ORIENTED_EDGE('',*,*,#835,.T.);
#418=ORIENTED_EDGE('',*,*,#836,.T.);
#419=ORIENTED_EDGE('',*,*,#837,.F.);
#420=ORIENTED_EDGE('',*,*,#838,.T.);
#421=ORIENTED_EDGE('',*,*,#839,.F.);
#422=ORIENTED_EDGE('',*,*,#840,.T.);
#423=ORIENTED_EDGE('',*,*,#841,.T.);
#424=ORIENTED_EDGE('',*,*,#842,.F.);
#425=ORIENTED_EDGE('',*,*,#843,.F.);
#426=ORIENTED_EDGE('',*,*,#844,.F.);
#427=ORIENTED_EDGE('',*,*,#845,.F.);
#428=ORIENTED_EDGE('',*,*,#846,.T.);
#429=ORIENTED_EDGE('',*,*,#809,.T.);
#430=ORIENTED_EDGE('',*,*,#805,.T.);
#431=ORIENTED_EDGE('',*,*,#847,.T.);
#432=ORIENTED_EDGE('',*,*,#848,.T.);
#433=ORIENTED_EDGE('',*,*,#839,.T.);
#434=ORIENTED_EDGE('',*,*,#849,.T.);
#435=ORIENTED_EDGE('',*,*,#850,.T.);
#436=ORIENTED_EDGE('',*,*,#851,.F.);
#437=ORIENTED_EDGE('',*,*,#840,.F.);
#438=ORIENTED_EDGE('',*,*,#848,.F.);
#439=ORIENTED_EDGE('',*,*,#852,.T.);
#440=ORIENTED_EDGE('',*,*,#853,.F.);
#441=ORIENTED_EDGE('',*,*,#853,.T.);
#442=ORIENTED_EDGE('',*,*,#854,.T.);
#443=ORIENTED_EDGE('',*,*,#855,.T.);
#444=ORIENTED_EDGE('',*,*,#837,.T.);
#445=ORIENTED_EDGE('',*,*,#838,.F.);
#446=ORIENTED_EDGE('',*,*,#855,.F.);
#447=ORIENTED_EDGE('',*,*,#856,.T.);
#448=ORIENTED_EDGE('',*,*,#849,.F.);
#449=ORIENTED_EDGE('',*,*,#851,.T.);
#450=ORIENTED_EDGE('',*,*,#857,.T.);
#451=ORIENTED_EDGE('',*,*,#858,.F.);
#452=ORIENTED_EDGE('',*,*,#810,.T.);
#453=ORIENTED_EDGE('',*,*,#859,.F.);
#454=ORIENTED_EDGE('',*,*,#860,.T.);
#455=ORIENTED_EDGE('',*,*,#861,.F.);
#456=ORIENTED_EDGE('',*,*,#829,.T.);
#457=ORIENTED_EDGE('',*,*,#861,.T.);
#458=ORIENTED_EDGE('',*,*,#862,.T.);
#459=ORIENTED_EDGE('',*,*,#863,.F.);
#460=ORIENTED_EDGE('',*,*,#830,.T.);
#461=ORIENTED_EDGE('',*,*,#863,.T.);
#462=ORIENTED_EDGE('',*,*,#864,.T.);
#463=ORIENTED_EDGE('',*,*,#865,.F.);
#464=ORIENTED_EDGE('',*,*,#827,.T.);
#465=ORIENTED_EDGE('',*,*,#859,.T.);
#466=ORIENTED_EDGE('',*,*,#828,.T.);
#467=ORIENTED_EDGE('',*,*,#865,.T.);
#468=ORIENTED_EDGE('',*,*,#866,.T.);
#469=ORIENTED_EDGE('',*,*,#867,.T.);
#470=ORIENTED_EDGE('',*,*,#834,.T.);
#471=ORIENTED_EDGE('',*,*,#868,.T.);
#472=ORIENTED_EDGE('',*,*,#869,.T.);
#473=ORIENTED_EDGE('',*,*,#870,.F.);
#474=ORIENTED_EDGE('',*,*,#811,.T.);
#475=ORIENTED_EDGE('',*,*,#858,.T.);
#476=ORIENTED_EDGE('',*,*,#871,.T.);
#477=ORIENTED_EDGE('',*,*,#835,.F.);
#478=ORIENTED_EDGE('',*,*,#867,.F.);
#479=ORIENTED_EDGE('',*,*,#872,.T.);
#480=ORIENTED_EDGE('',*,*,#873,.F.);
#481=ORIENTED_EDGE('',*,*,#873,.T.);
#482=ORIENTED_EDGE('',*,*,#874,.T.);
#483=ORIENTED_EDGE('',*,*,#875,.T.);
#484=ORIENTED_EDGE('',*,*,#832,.T.);
#485=ORIENTED_EDGE('',*,*,#833,.F.);
#486=ORIENTED_EDGE('',*,*,#875,.F.);
#487=ORIENTED_EDGE('',*,*,#876,.T.);
#488=ORIENTED_EDGE('',*,*,#868,.F.);
#489=ORIENTED_EDGE('',*,*,#826,.T.);
#490=ORIENTED_EDGE('',*,*,#817,.T.);
#491=ORIENTED_EDGE('',*,*,#825,.T.);
#492=ORIENTED_EDGE('',*,*,#812,.T.);
#493=ORIENTED_EDGE('',*,*,#807,.F.);
#494=ORIENTED_EDGE('',*,*,#870,.T.);
#495=ORIENTED_EDGE('',*,*,#877,.T.);
#496=ORIENTED_EDGE('',*,*,#878,.F.);
#497=ORIENTED_EDGE('',*,*,#818,.T.);
#498=ORIENTED_EDGE('',*,*,#815,.T.);
#499=ORIENTED_EDGE('',*,*,#842,.T.);
#500=ORIENTED_EDGE('',*,*,#879,.F.);
#501=ORIENTED_EDGE('',*,*,#880,.T.);
#502=ORIENTED_EDGE('',*,*,#881,.F.);
#503=ORIENTED_EDGE('',*,*,#881,.T.);
#504=ORIENTED_EDGE('',*,*,#882,.T.);
#505=ORIENTED_EDGE('',*,*,#883,.F.);
#506=ORIENTED_EDGE('',*,*,#843,.T.);
#507=ORIENTED_EDGE('',*,*,#884,.T.);
#508=ORIENTED_EDGE('',*,*,#885,.F.);
#509=ORIENTED_EDGE('',*,*,#844,.T.);
#510=ORIENTED_EDGE('',*,*,#883,.T.);
#511=ORIENTED_EDGE('',*,*,#886,.T.);
#512=ORIENTED_EDGE('',*,*,#821,.T.);
#513=ORIENTED_EDGE('',*,*,#819,.T.);
#514=ORIENTED_EDGE('',*,*,#878,.T.);
#515=ORIENTED_EDGE('',*,*,#887,.T.);
#516=ORIENTED_EDGE('',*,*,#879,.T.);
#517=ORIENTED_EDGE('',*,*,#845,.T.);
#518=ORIENTED_EDGE('',*,*,#885,.T.);
#519=ORIENTED_EDGE('',*,*,#824,.F.);
#520=ORIENTED_EDGE('',*,*,#823,.T.);
#521=ORIENTED_EDGE('',*,*,#888,.T.);
#522=ORIENTED_EDGE('',*,*,#803,.T.);
#523=ORIENTED_EDGE('',*,*,#822,.T.);
#524=ORIENTED_EDGE('',*,*,#886,.F.);
#525=ORIENTED_EDGE('',*,*,#884,.F.);
#526=ORIENTED_EDGE('',*,*,#882,.F.);
#527=ORIENTED_EDGE('',*,*,#880,.F.);
#528=ORIENTED_EDGE('',*,*,#887,.F.);
#529=ORIENTED_EDGE('',*,*,#877,.F.);
#530=ORIENTED_EDGE('',*,*,#869,.F.);
#531=ORIENTED_EDGE('',*,*,#876,.F.);
#532=ORIENTED_EDGE('',*,*,#874,.F.);
#533=ORIENTED_EDGE('',*,*,#872,.F.);
#534=ORIENTED_EDGE('',*,*,#866,.F.);
#535=ORIENTED_EDGE('',*,*,#864,.F.);
#536=ORIENTED_EDGE('',*,*,#862,.F.);
#537=ORIENTED_EDGE('',*,*,#860,.F.);
#538=ORIENTED_EDGE('',*,*,#871,.F.);
#539=ORIENTED_EDGE('',*,*,#857,.F.);
#540=ORIENTED_EDGE('',*,*,#850,.F.);
#541=ORIENTED_EDGE('',*,*,#856,.F.);
#542=ORIENTED_EDGE('',*,*,#854,.F.);
#543=ORIENTED_EDGE('',*,*,#852,.F.);
#544=ORIENTED_EDGE('',*,*,#847,.F.);
#545=ORIENTED_EDGE('',*,*,#804,.T.);
#546=ORIENTED_EDGE('',*,*,#888,.F.);
#547=ORIENTED_EDGE('',*,*,#889,.F.);
#548=ORIENTED_EDGE('',*,*,#890,.F.);
#549=ORIENTED_EDGE('',*,*,#891,.F.);
#550=ORIENTED_EDGE('',*,*,#892,.F.);
#551=ORIENTED_EDGE('',*,*,#889,.T.);
#552=ORIENTED_EDGE('',*,*,#831,.F.);
#553=ORIENTED_EDGE('',*,*,#836,.F.);
#554=ORIENTED_EDGE('',*,*,#890,.T.);
#555=ORIENTED_EDGE('',*,*,#841,.F.);
#556=ORIENTED_EDGE('',*,*,#891,.T.);
#557=ORIENTED_EDGE('',*,*,#892,.T.);
#558=ORIENTED_EDGE('',*,*,#846,.F.);
#559=ORIENTED_EDGE('',*,*,#893,.F.);
#560=ORIENTED_EDGE('',*,*,#894,.F.);
#561=ORIENTED_EDGE('',*,*,#895,.F.);
#562=ORIENTED_EDGE('',*,*,#896,.F.);
#563=ORIENTED_EDGE('',*,*,#897,.T.);
#564=ORIENTED_EDGE('',*,*,#898,.F.);
#565=ORIENTED_EDGE('',*,*,#899,.T.);
#566=ORIENTED_EDGE('',*,*,#900,.F.);
#567=ORIENTED_EDGE('',*,*,#901,.F.);
#568=ORIENTED_EDGE('',*,*,#902,.F.);
#569=ORIENTED_EDGE('',*,*,#903,.F.);
#570=ORIENTED_EDGE('',*,*,#893,.T.);
#571=ORIENTED_EDGE('',*,*,#904,.F.);
#572=ORIENTED_EDGE('',*,*,#905,.F.);
#573=ORIENTED_EDGE('',*,*,#901,.T.);
#574=ORIENTED_EDGE('',*,*,#896,.T.);
#575=ORIENTED_EDGE('',*,*,#906,.F.);
#576=ORIENTED_EDGE('',*,*,#907,.F.);
#577=ORIENTED_EDGE('',*,*,#904,.T.);
#578=ORIENTED_EDGE('',*,*,#895,.T.);
#579=ORIENTED_EDGE('',*,*,#903,.T.);
#580=ORIENTED_EDGE('',*,*,#908,.F.);
#581=ORIENTED_EDGE('',*,*,#906,.T.);
#582=ORIENTED_EDGE('',*,*,#894,.T.);
#583=ORIENTED_EDGE('',*,*,#909,.F.);
#584=ORIENTED_EDGE('',*,*,#910,.F.);
#585=ORIENTED_EDGE('',*,*,#911,.T.);
#586=ORIENTED_EDGE('',*,*,#912,.F.);
#587=ORIENTED_EDGE('',*,*,#913,.F.);
#588=ORIENTED_EDGE('',*,*,#914,.T.);
#589=ORIENTED_EDGE('',*,*,#915,.F.);
#590=ORIENTED_EDGE('',*,*,#916,.F.);
#591=ORIENTED_EDGE('',*,*,#912,.T.);
#592=ORIENTED_EDGE('',*,*,#917,.T.);
#593=ORIENTED_EDGE('',*,*,#918,.F.);
#594=ORIENTED_EDGE('',*,*,#919,.F.);
#595=ORIENTED_EDGE('',*,*,#920,.T.);
#596=ORIENTED_EDGE('',*,*,#921,.F.);
#597=ORIENTED_EDGE('',*,*,#922,.F.);
#598=ORIENTED_EDGE('',*,*,#915,.T.);
#599=ORIENTED_EDGE('',*,*,#923,.F.);
#600=ORIENTED_EDGE('',*,*,#898,.T.);
#601=ORIENTED_EDGE('',*,*,#924,.F.);
#602=ORIENTED_EDGE('',*,*,#925,.F.);
#603=ORIENTED_EDGE('',*,*,#922,.T.);
#604=ORIENTED_EDGE('',*,*,#926,.F.);
#605=ORIENTED_EDGE('',*,*,#900,.T.);
#606=ORIENTED_EDGE('',*,*,#927,.F.);
#607=ORIENTED_EDGE('',*,*,#928,.F.);
#608=ORIENTED_EDGE('',*,*,#929,.F.);
#609=ORIENTED_EDGE('',*,*,#909,.T.);
#610=ORIENTED_EDGE('',*,*,#919,.T.);
#611=ORIENTED_EDGE('',*,*,#930,.F.);
#612=ORIENTED_EDGE('',*,*,#916,.T.);
#613=ORIENTED_EDGE('',*,*,#907,.T.);
#614=ORIENTED_EDGE('',*,*,#908,.T.);
#615=ORIENTED_EDGE('',*,*,#902,.T.);
#616=ORIENTED_EDGE('',*,*,#905,.T.);
#617=ORIENTED_EDGE('',*,*,#931,.T.);
#618=ORIENTED_EDGE('',*,*,#910,.T.);
#619=ORIENTED_EDGE('',*,*,#929,.T.);
#620=ORIENTED_EDGE('',*,*,#932,.F.);
#621=ORIENTED_EDGE('',*,*,#918,.T.);
#622=ORIENTED_EDGE('',*,*,#933,.T.);
#623=ORIENTED_EDGE('',*,*,#913,.T.);
#624=ORIENTED_EDGE('',*,*,#930,.T.);
#625=ORIENTED_EDGE('',*,*,#926,.T.);
#626=ORIENTED_EDGE('',*,*,#921,.T.);
#627=ORIENTED_EDGE('',*,*,#934,.T.);
#628=ORIENTED_EDGE('',*,*,#935,.F.);
#629=ORIENTED_EDGE('',*,*,#924,.T.);
#630=ORIENTED_EDGE('',*,*,#897,.F.);
#631=ORIENTED_EDGE('',*,*,#935,.T.);
#632=ORIENTED_EDGE('',*,*,#936,.T.);
#633=ORIENTED_EDGE('',*,*,#937,.F.);
#634=ORIENTED_EDGE('',*,*,#925,.T.);
#635=ORIENTED_EDGE('',*,*,#899,.F.);
#636=ORIENTED_EDGE('',*,*,#923,.T.);
#637=ORIENTED_EDGE('',*,*,#937,.T.);
#638=ORIENTED_EDGE('',*,*,#938,.T.);
#639=ORIENTED_EDGE('',*,*,#939,.F.);
#640=ORIENTED_EDGE('',*,*,#927,.T.);
#641=ORIENTED_EDGE('',*,*,#928,.T.);
#642=ORIENTED_EDGE('',*,*,#939,.T.);
#643=ORIENTED_EDGE('',*,*,#940,.T.);
#644=ORIENTED_EDGE('',*,*,#932,.T.);
#645=ORIENTED_EDGE('',*,*,#938,.F.);
#646=ORIENTED_EDGE('',*,*,#936,.F.);
#647=ORIENTED_EDGE('',*,*,#934,.F.);
#648=ORIENTED_EDGE('',*,*,#920,.F.);
#649=ORIENTED_EDGE('',*,*,#914,.F.);
#650=ORIENTED_EDGE('',*,*,#933,.F.);
#651=ORIENTED_EDGE('',*,*,#917,.F.);
#652=ORIENTED_EDGE('',*,*,#911,.F.);
#653=ORIENTED_EDGE('',*,*,#931,.F.);
#654=ORIENTED_EDGE('',*,*,#940,.F.);
#655=ORIENTED_EDGE('',*,*,#941,.F.);
#656=ORIENTED_EDGE('',*,*,#942,.F.);
#657=ORIENTED_EDGE('',*,*,#943,.F.);
#658=ORIENTED_EDGE('',*,*,#944,.F.);
#659=ORIENTED_EDGE('',*,*,#945,.F.);
#660=ORIENTED_EDGE('',*,*,#942,.T.);
#661=ORIENTED_EDGE('',*,*,#946,.F.);
#662=ORIENTED_EDGE('',*,*,#947,.F.);
#663=ORIENTED_EDGE('',*,*,#946,.T.);
#664=ORIENTED_EDGE('',*,*,#941,.T.);
#665=ORIENTED_EDGE('',*,*,#948,.F.);
#666=ORIENTED_EDGE('',*,*,#949,.F.);
#667=ORIENTED_EDGE('',*,*,#948,.T.);
#668=ORIENTED_EDGE('',*,*,#944,.T.);
#669=ORIENTED_EDGE('',*,*,#950,.F.);
#670=ORIENTED_EDGE('',*,*,#951,.F.);
#671=ORIENTED_EDGE('',*,*,#950,.T.);
#672=ORIENTED_EDGE('',*,*,#943,.T.);
#673=ORIENTED_EDGE('',*,*,#945,.T.);
#674=ORIENTED_EDGE('',*,*,#952,.F.);
#675=ORIENTED_EDGE('',*,*,#951,.T.);
#676=ORIENTED_EDGE('',*,*,#952,.T.);
#677=ORIENTED_EDGE('',*,*,#947,.T.);
#678=ORIENTED_EDGE('',*,*,#949,.T.);
#679=EDGE_CURVE('',#953,#954,#1137,.T.);
#680=EDGE_CURVE('',#954,#955,#1138,.T.);
#681=EDGE_CURVE('',#955,#956,#1139,.T.);
#682=EDGE_CURVE('',#956,#953,#1140,.T.);
#683=EDGE_CURVE('',#957,#958,#1141,.T.);
#684=EDGE_CURVE('',#957,#959,#71,.T.);
#685=EDGE_CURVE('',#960,#959,#1142,.T.);
#686=EDGE_CURVE('',#958,#960,#72,.T.);
#687=EDGE_CURVE('',#959,#961,#1143,.T.);
#688=EDGE_CURVE('',#961,#962,#1144,.T.);
#689=EDGE_CURVE('',#960,#962,#1145,.T.);
#690=EDGE_CURVE('',#962,#963,#73,.T.);
#691=EDGE_CURVE('',#961,#964,#74,.T.);
#692=EDGE_CURVE('',#963,#964,#1146,.T.);
#693=EDGE_CURVE('',#964,#965,#1147,.T.);
#694=EDGE_CURVE('',#966,#965,#1148,.T.);
#695=EDGE_CURVE('',#963,#966,#1149,.T.);
#696=EDGE_CURVE('',#965,#967,#75,.T.);
#697=EDGE_CURVE('',#968,#967,#1150,.T.);
#698=EDGE_CURVE('',#966,#968,#76,.T.);
#699=EDGE_CURVE('',#967,#969,#1151,.T.);
#700=EDGE_CURVE('',#969,#970,#1152,.T.);
#701=EDGE_CURVE('',#968,#970,#1153,.T.);
#702=EDGE_CURVE('',#970,#971,#77,.T.);
#703=EDGE_CURVE('',#969,#972,#78,.T.);
#704=EDGE_CURVE('',#971,#972,#1154,.T.);
#705=EDGE_CURVE('',#972,#973,#1155,.T.);
#706=EDGE_CURVE('',#973,#974,#1156,.T.);
#707=EDGE_CURVE('',#971,#974,#1157,.T.);
#708=EDGE_CURVE('',#974,#975,#79,.T.);
#709=EDGE_CURVE('',#973,#976,#80,.T.);
#710=EDGE_CURVE('',#975,#976,#1158,.T.);
#711=EDGE_CURVE('',#976,#977,#1159,.T.);
#712=EDGE_CURVE('',#978,#977,#1160,.T.);
#713=EDGE_CURVE('',#975,#978,#1161,.T.);
#714=EDGE_CURVE('',#977,#979,#81,.T.);
#715=EDGE_CURVE('',#980,#979,#1162,.T.);
#716=EDGE_CURVE('',#978,#980,#82,.T.);
#717=EDGE_CURVE('',#979,#981,#1163,.T.);
#718=EDGE_CURVE('',#981,#982,#1164,.T.);
#719=EDGE_CURVE('',#980,#982,#1165,.T.);
#720=EDGE_CURVE('',#982,#983,#83,.T.);
#721=EDGE_CURVE('',#981,#984,#84,.T.);
#722=EDGE_CURVE('',#983,#984,#1166,.T.);
#723=EDGE_CURVE('',#984,#985,#1167,.T.);
#724=EDGE_CURVE('',#986,#985,#1168,.T.);
#725=EDGE_CURVE('',#983,#986,#1169,.T.);
#726=EDGE_CURVE('',#987,#956,#1170,.T.);
#727=EDGE_CURVE('',#955,#988,#1171,.T.);
#728=EDGE_CURVE('',#989,#988,#1172,.T.);
#729=EDGE_CURVE('',#989,#957,#1173,.T.);
#730=EDGE_CURVE('',#990,#958,#1174,.T.);
#731=EDGE_CURVE('',#987,#990,#1175,.T.);
#732=EDGE_CURVE('',#991,#990,#85,.T.);
#733=EDGE_CURVE('',#992,#991,#1176,.T.);
#734=EDGE_CURVE('',#992,#987,#86,.T.);
#735=EDGE_CURVE('',#991,#993,#1177,.T.);
#736=EDGE_CURVE('',#993,#986,#87,.T.);
#737=EDGE_CURVE('',#985,#994,#88,.T.);
#738=EDGE_CURVE('',#993,#994,#1178,.T.);
#739=EDGE_CURVE('',#995,#989,#89,.T.);
#740=EDGE_CURVE('',#994,#995,#1179,.T.);
#741=EDGE_CURVE('',#988,#996,#90,.T.);
#742=EDGE_CURVE('',#995,#996,#1180,.T.);
#743=EDGE_CURVE('',#996,#954,#1181,.T.);
#744=EDGE_CURVE('',#953,#992,#1182,.T.);
#745=EDGE_CURVE('',#997,#998,#1183,.T.);
#746=EDGE_CURVE('',#998,#999,#1184,.T.);
#747=EDGE_CURVE('',#999,#1000,#1185,.T.);
#748=EDGE_CURVE('',#1000,#997,#1186,.T.);
#749=EDGE_CURVE('',#1001,#1002,#1187,.T.);
#750=EDGE_CURVE('',#1002,#1003,#1188,.T.);
#751=EDGE_CURVE('',#1003,#1004,#1189,.T.);
#752=EDGE_CURVE('',#1004,#1001,#1190,.T.);
#753=EDGE_CURVE('',#1005,#999,#1191,.T.);
#754=EDGE_CURVE('',#1005,#1006,#1192,.T.);
#755=EDGE_CURVE('',#1000,#1006,#1193,.T.);
#756=EDGE_CURVE('',#1007,#1003,#1194,.T.);
#757=EDGE_CURVE('',#1007,#1008,#1195,.T.);
#758=EDGE_CURVE('',#1004,#1008,#1196,.T.);
#759=EDGE_CURVE('',#1009,#998,#1197,.T.);
#760=EDGE_CURVE('',#1009,#1005,#1198,.T.);
#761=EDGE_CURVE('',#1006,#1010,#1199,.T.);
#762=EDGE_CURVE('',#997,#1010,#1200,.T.);
#763=EDGE_CURVE('',#1011,#1002,#1201,.T.);
#764=EDGE_CURVE('',#1011,#1007,#1202,.T.);
#765=EDGE_CURVE('',#1008,#1012,#1203,.T.);
#766=EDGE_CURVE('',#1001,#1012,#1204,.T.);
#767=EDGE_CURVE('',#1013,#1014,#1205,.T.);
#768=EDGE_CURVE('',#1015,#1013,#1206,.T.);
#769=EDGE_CURVE('',#1016,#1015,#1207,.T.);
#770=EDGE_CURVE('',#1017,#1016,#1208,.T.);
#771=EDGE_CURVE('',#1018,#1017,#1209,.T.);
#772=EDGE_CURVE('',#1014,#1018,#1210,.T.);
#773=EDGE_CURVE('',#1019,#1013,#1211,.T.);
#774=EDGE_CURVE('',#1019,#1020,#1212,.T.);
#775=EDGE_CURVE('',#1020,#1021,#1213,.T.);
#776=EDGE_CURVE('',#1015,#1021,#1214,.T.);
#777=EDGE_CURVE('',#1021,#1022,#1215,.T.);
#778=EDGE_CURVE('',#1016,#1022,#1216,.T.);
#779=EDGE_CURVE('',#1022,#1023,#1217,.T.);
#780=EDGE_CURVE('',#1023,#1024,#1218,.T.);
#781=EDGE_CURVE('',#1017,#1024,#1219,.T.);
#782=EDGE_CURVE('',#1010,#1009,#1220,.T.);
#783=EDGE_CURVE('',#1012,#1011,#1221,.T.);
#784=EDGE_CURVE('',#1025,#1026,#1222,.T.);
#785=EDGE_CURVE('',#1027,#1026,#1223,.T.);
#786=EDGE_CURVE('',#1027,#1028,#1224,.T.);
#787=EDGE_CURVE('',#1025,#1028,#1225,.T.);
#788=EDGE_CURVE('',#1026,#1029,#1226,.T.);
#789=EDGE_CURVE('',#1030,#1025,#1227,.T.);
#790=EDGE_CURVE('',#1030,#1029,#1228,.T.);
#791=EDGE_CURVE('',#1031,#1014,#1229,.T.);
#792=EDGE_CURVE('',#1019,#1031,#1230,.T.);
#793=EDGE_CURVE('',#1032,#1018,#1231,.T.);
#794=EDGE_CURVE('',#1031,#1032,#1232,.T.);
#795=EDGE_CURVE('',#1032,#1024,#1233,.T.);
#796=EDGE_CURVE('',#1033,#1034,#1234,.T.);
#797=EDGE_CURVE('',#1035,#1034,#1235,.T.);
#798=EDGE_CURVE('',#1035,#1036,#1236,.T.);
#799=EDGE_CURVE('',#1033,#1036,#1237,.T.);
#800=EDGE_CURVE('',#1037,#1033,#1238,.T.);
#801=EDGE_CURVE('',#1037,#1038,#1239,.T.);
#802=EDGE_CURVE('',#1034,#1038,#1240,.T.);
#803=EDGE_CURVE('',#1039,#1027,#1241,.T.);
#804=EDGE_CURVE('',#1040,#1039,#1242,.T.);
#805=EDGE_CURVE('',#1041,#1040,#1243,.T.);
#806=EDGE_CURVE('',#1028,#1041,#1244,.T.);
#807=EDGE_CURVE('',#1042,#1043,#1245,.T.);
#808=EDGE_CURVE('',#1043,#1030,#1246,.T.);
#809=EDGE_CURVE('',#1044,#1041,#1247,.T.);
#810=EDGE_CURVE('',#1045,#1044,#1248,.T.);
#811=EDGE_CURVE('',#1042,#1045,#1249,.T.);
#812=EDGE_CURVE('',#1046,#1043,#1250,.T.);
#813=EDGE_CURVE('',#1029,#1046,#1251,.T.);
#814=EDGE_CURVE('',#1047,#1035,#1252,.T.);
#815=EDGE_CURVE('',#1048,#1047,#1253,.T.);
#816=EDGE_CURVE('',#1036,#1048,#1254,.T.);
#817=EDGE_CURVE('',#1023,#1020,#1255,.T.);
#818=EDGE_CURVE('',#1049,#1048,#1256,.T.);
#819=EDGE_CURVE('',#1050,#1049,#1257,.T.);
#820=EDGE_CURVE('',#1050,#1037,#1258,.T.);
#821=EDGE_CURVE('',#1051,#1050,#1259,.T.);
#822=EDGE_CURVE('',#1052,#1051,#1260,.T.);
#823=EDGE_CURVE('',#1038,#1052,#1261,.T.);
#824=EDGE_CURVE('',#1038,#1027,#1262,.T.);
#825=EDGE_CURVE('',#1020,#1046,#1263,.T.);
#826=EDGE_CURVE('',#1047,#1023,#1264,.T.);
#827=EDGE_CURVE('',#1053,#1054,#1265,.T.);
#828=EDGE_CURVE('',#1055,#1053,#1266,.T.);
#829=EDGE_CURVE('',#1056,#1055,#1267,.T.);
#830=EDGE_CURVE('',#1054,#1056,#91,.T.);
#831=EDGE_CURVE('',#1057,#1057,#92,.T.);
#832=EDGE_CURVE('',#1058,#1059,#93,.T.);
#833=EDGE_CURVE('',#1058,#1060,#1268,.T.);
#834=EDGE_CURVE('',#1061,#1060,#1269,.T.);
#835=EDGE_CURVE('',#1061,#1059,#1270,.T.);
#836=EDGE_CURVE('',#1062,#1062,#94,.T.);
#837=EDGE_CURVE('',#1063,#1064,#95,.T.);
#838=EDGE_CURVE('',#1063,#1065,#1271,.T.);
#839=EDGE_CURVE('',#1066,#1065,#1272,.T.);
#840=EDGE_CURVE('',#1066,#1064,#1273,.T.);
#841=EDGE_CURVE('',#1067,#1067,#96,.T.);
#842=EDGE_CURVE('',#1068,#1069,#1274,.T.);
#843=EDGE_CURVE('',#1070,#1068,#97,.T.);
#844=EDGE_CURVE('',#1071,#1070,#1275,.T.);
#845=EDGE_CURVE('',#1069,#1071,#1276,.T.);
#846=EDGE_CURVE('',#1072,#1072,#98,.T.);
#847=EDGE_CURVE('',#1040,#1073,#1277,.T.);
#848=EDGE_CURVE('',#1073,#1066,#1278,.T.);
#849=EDGE_CURVE('',#1065,#1074,#1279,.T.);
#850=EDGE_CURVE('',#1074,#1075,#1280,.T.);
#851=EDGE_CURVE('',#1044,#1075,#1281,.T.);
#852=EDGE_CURVE('',#1073,#1076,#1282,.T.);
#853=EDGE_CURVE('',#1064,#1076,#1283,.T.);
#854=EDGE_CURVE('',#1076,#1077,#99,.T.);
#855=EDGE_CURVE('',#1077,#1063,#1284,.T.);
#856=EDGE_CURVE('',#1077,#1074,#1285,.T.);
#857=EDGE_CURVE('',#1075,#1078,#1286,.T.);
#858=EDGE_CURVE('',#1045,#1078,#1287,.T.);
#859=EDGE_CURVE('',#1079,#1055,#1288,.T.);
#860=EDGE_CURVE('',#1079,#1080,#1289,.T.);
#861=EDGE_CURVE('',#1056,#1080,#1290,.T.);
#862=EDGE_CURVE('',#1080,#1081,#100,.T.);
#863=EDGE_CURVE('',#1054,#1081,#1291,.T.);
#864=EDGE_CURVE('',#1081,#1082,#1292,.T.);
#865=EDGE_CURVE('',#1053,#1082,#1293,.T.);
#866=EDGE_CURVE('',#1082,#1083,#1294,.T.);
#867=EDGE_CURVE('',#1083,#1061,#1295,.T.);
#868=EDGE_CURVE('',#1060,#1084,#1296,.T.);
#869=EDGE_CURVE('',#1084,#1085,#1297,.T.);
#870=EDGE_CURVE('',#1042,#1085,#1298,.T.);
#871=EDGE_CURVE('',#1078,#1079,#1299,.T.);
#872=EDGE_CURVE('',#1083,#1086,#1300,.T.);
#873=EDGE_CURVE('',#1059,#1086,#1301,.T.);
#874=EDGE_CURVE('',#1086,#1087,#101,.T.);
#875=EDGE_CURVE('',#1087,#1058,#1302,.T.);
#876=EDGE_CURVE('',#1087,#1084,#1303,.T.);
#877=EDGE_CURVE('',#1085,#1088,#1304,.T.);
#878=EDGE_CURVE('',#1049,#1088,#1305,.T.);
#879=EDGE_CURVE('',#1089,#1069,#1306,.T.);
#880=EDGE_CURVE('',#1089,#1090,#1307,.T.);
#881=EDGE_CURVE('',#1068,#1090,#1308,.T.);
#882=EDGE_CURVE('',#1090,#1091,#102,.T.);
#883=EDGE_CURVE('',#1070,#1091,#1309,.T.);
#884=EDGE_CURVE('',#1091,#1092,#1310,.T.);
#885=EDGE_CURVE('',#1071,#1092,#1311,.T.);
#886=EDGE_CURVE('',#1092,#1051,#1312,.T.);
#887=EDGE_CURVE('',#1088,#1089,#1313,.T.);
#888=EDGE_CURVE('',#1052,#1039,#1314,.T.);
#889=EDGE_CURVE('',#1093,#1093,#103,.T.);
#890=EDGE_CURVE('',#1094,#1094,#104,.T.);
#891=EDGE_CURVE('',#1095,#1095,#105,.T.);
#892=EDGE_CURVE('',#1096,#1096,#106,.T.);
#893=EDGE_CURVE('',#1097,#1098,#1315,.T.);
#894=EDGE_CURVE('',#1099,#1097,#1316,.T.);
#895=EDGE_CURVE('',#1100,#1099,#1317,.T.);
#896=EDGE_CURVE('',#1098,#1100,#1318,.T.);
#897=EDGE_CURVE('',#1101,#1102,#1319,.T.);
#898=EDGE_CURVE('',#1103,#1102,#1320,.T.);
#899=EDGE_CURVE('',#1103,#1104,#1321,.T.);
#900=EDGE_CURVE('',#1101,#1104,#1322,.T.);
#901=EDGE_CURVE('',#1105,#1098,#1323,.T.);
#902=EDGE_CURVE('',#1106,#1105,#1324,.T.);
#903=EDGE_CURVE('',#1097,#1106,#1325,.T.);
#904=EDGE_CURVE('',#1107,#1100,#1326,.T.);
#905=EDGE_CURVE('',#1105,#1107,#1327,.T.);
#906=EDGE_CURVE('',#1108,#1099,#1328,.T.);
#907=EDGE_CURVE('',#1107,#1108,#1329,.T.);
#908=EDGE_CURVE('',#1108,#1106,#1330,.T.);
#909=EDGE_CURVE('',#1109,#1110,#1331,.T.);
#910=EDGE_CURVE('',#1111,#1109,#1332,.T.);
#911=EDGE_CURVE('',#1111,#1112,#1333,.T.);
#912=EDGE_CURVE('',#1110,#1112,#1334,.T.);
#913=EDGE_CURVE('',#1113,#1114,#1335,.T.);
#914=EDGE_CURVE('',#1113,#1115,#107,.T.);
#915=EDGE_CURVE('',#1116,#1115,#1336,.T.);
#916=EDGE_CURVE('',#1114,#1116,#108,.T.);
#917=EDGE_CURVE('',#1112,#1117,#109,.T.);
#918=EDGE_CURVE('',#1118,#1117,#1337,.T.);
#919=EDGE_CURVE('',#1110,#1118,#110,.T.);
#920=EDGE_CURVE('',#1115,#1119,#1338,.T.);
#921=EDGE_CURVE('',#1120,#1119,#1339,.T.);
#922=EDGE_CURVE('',#1116,#1120,#1340,.T.);
#923=EDGE_CURVE('',#1103,#1121,#1341,.T.);
#924=EDGE_CURVE('',#1122,#1102,#1342,.T.);
#925=EDGE_CURVE('',#1121,#1122,#1343,.T.);
#926=EDGE_CURVE('',#1101,#1120,#1344,.T.);
#927=EDGE_CURVE('',#1123,#1104,#1345,.T.);
#928=EDGE_CURVE('',#1124,#1123,#1346,.T.);
#929=EDGE_CURVE('',#1109,#1124,#1347,.T.);
#930=EDGE_CURVE('',#1114,#1118,#1348,.T.);
#931=EDGE_CURVE('',#1125,#1111,#1349,.T.);
#932=EDGE_CURVE('',#1125,#1124,#1350,.T.);
#933=EDGE_CURVE('',#1117,#1113,#1351,.T.);
#934=EDGE_CURVE('',#1119,#1126,#1352,.T.);
#935=EDGE_CURVE('',#1122,#1126,#1353,.T.);
#936=EDGE_CURVE('',#1126,#1127,#1354,.T.);
#937=EDGE_CURVE('',#1121,#1127,#1355,.T.);
#938=EDGE_CURVE('',#1127,#1128,#1356,.T.);
#939=EDGE_CURVE('',#1123,#1128,#1357,.T.);
#940=EDGE_CURVE('',#1128,#1125,#1358,.T.);
#941=EDGE_CURVE('',#1129,#1130,#1359,.T.);
#942=EDGE_CURVE('',#1131,#1129,#1360,.T.);
#943=EDGE_CURVE('',#1132,#1131,#1361,.T.);
#944=EDGE_CURVE('',#1130,#1132,#1362,.T.);
#945=EDGE_CURVE('',#1131,#1133,#1363,.T.);
#946=EDGE_CURVE('',#1134,#1129,#1364,.T.);
#947=EDGE_CURVE('',#1133,#1134,#1365,.T.);
#948=EDGE_CURVE('',#1135,#1130,#1366,.T.);
#949=EDGE_CURVE('',#1134,#1135,#1367,.T.);
#950=EDGE_CURVE('',#1136,#1132,#1368,.T.);
#951=EDGE_CURVE('',#1135,#1136,#1369,.T.);
#952=EDGE_CURVE('',#1136,#1133,#1370,.T.);
#953=VERTEX_POINT('',#2864);
#954=VERTEX_POINT('',#2865);
#955=VERTEX_POINT('',#2867);
#956=VERTEX_POINT('',#2869);
#957=VERTEX_POINT('',#2873);
#958=VERTEX_POINT('',#2874);
#959=VERTEX_POINT('',#2876);
#960=VERTEX_POINT('',#2878);
#961=VERTEX_POINT('',#2882);
#962=VERTEX_POINT('',#2884);
#963=VERTEX_POINT('',#2888);
#964=VERTEX_POINT('',#2890);
#965=VERTEX_POINT('',#2894);
#966=VERTEX_POINT('',#2896);
#967=VERTEX_POINT('',#2900);
#968=VERTEX_POINT('',#2902);
#969=VERTEX_POINT('',#2906);
#970=VERTEX_POINT('',#2908);
#971=VERTEX_POINT('',#2912);
#972=VERTEX_POINT('',#2914);
#973=VERTEX_POINT('',#2918);
#974=VERTEX_POINT('',#2920);
#975=VERTEX_POINT('',#2924);
#976=VERTEX_POINT('',#2926);
#977=VERTEX_POINT('',#2930);
#978=VERTEX_POINT('',#2932);
#979=VERTEX_POINT('',#2936);
#980=VERTEX_POINT('',#2938);
#981=VERTEX_POINT('',#2942);
#982=VERTEX_POINT('',#2944);
#983=VERTEX_POINT('',#2948);
#984=VERTEX_POINT('',#2950);
#985=VERTEX_POINT('',#2954);
#986=VERTEX_POINT('',#2956);
#987=VERTEX_POINT('',#2960);
#988=VERTEX_POINT('',#2962);
#989=VERTEX_POINT('',#2964);
#990=VERTEX_POINT('',#2967);
#991=VERTEX_POINT('',#2971);
#992=VERTEX_POINT('',#2973);
#993=VERTEX_POINT('',#2977);
#994=VERTEX_POINT('',#2981);
#995=VERTEX_POINT('',#2985);
#996=VERTEX_POINT('',#2989);
#997=VERTEX_POINT('',#3000);
#998=VERTEX_POINT('',#3001);
#999=VERTEX_POINT('',#3003);
#1000=VERTEX_POINT('',#3005);
#1001=VERTEX_POINT('',#3009);
#1002=VERTEX_POINT('',#3010);
#1003=VERTEX_POINT('',#3012);
#1004=VERTEX_POINT('',#3014);
#1005=VERTEX_POINT('',#3018);
#1006=VERTEX_POINT('',#3020);
#1007=VERTEX_POINT('',#3024);
#1008=VERTEX_POINT('',#3026);
#1009=VERTEX_POINT('',#3030);
#1010=VERTEX_POINT('',#3034);
#1011=VERTEX_POINT('',#3038);
#1012=VERTEX_POINT('',#3042);
#1013=VERTEX_POINT('',#3046);
#1014=VERTEX_POINT('',#3047);
#1015=VERTEX_POINT('',#3049);
#1016=VERTEX_POINT('',#3051);
#1017=VERTEX_POINT('',#3053);
#1018=VERTEX_POINT('',#3055);
#1019=VERTEX_POINT('',#3059);
#1020=VERTEX_POINT('',#3061);
#1021=VERTEX_POINT('',#3063);
#1022=VERTEX_POINT('',#3067);
#1023=VERTEX_POINT('',#3071);
#1024=VERTEX_POINT('',#3073);
#1025=VERTEX_POINT('',#3081);
#1026=VERTEX_POINT('',#3082);
#1027=VERTEX_POINT('',#3084);
#1028=VERTEX_POINT('',#3086);
#1029=VERTEX_POINT('',#3090);
#1030=VERTEX_POINT('',#3092);
#1031=VERTEX_POINT('',#3096);
#1032=VERTEX_POINT('',#3100);
#1033=VERTEX_POINT('',#3106);
#1034=VERTEX_POINT('',#3107);
#1035=VERTEX_POINT('',#3109);
#1036=VERTEX_POINT('',#3111);
#1037=VERTEX_POINT('',#3115);
#1038=VERTEX_POINT('',#3117);
#1039=VERTEX_POINT('',#3121);
#1040=VERTEX_POINT('',#3123);
#1041=VERTEX_POINT('',#3125);
#1042=VERTEX_POINT('',#3129);
#1043=VERTEX_POINT('',#3130);
#1044=VERTEX_POINT('',#3133);
#1045=VERTEX_POINT('',#3135);
#1046=VERTEX_POINT('',#3139);
#1047=VERTEX_POINT('',#3143);
#1048=VERTEX_POINT('',#3145);
#1049=VERTEX_POINT('',#3151);
#1050=VERTEX_POINT('',#3153);
#1051=VERTEX_POINT('',#3157);
#1052=VERTEX_POINT('',#3159);
#1053=VERTEX_POINT('',#3167);
#1054=VERTEX_POINT('',#3168);
#1055=VERTEX_POINT('',#3170);
#1056=VERTEX_POINT('',#3172);
#1057=VERTEX_POINT('',#3175);
#1058=VERTEX_POINT('',#3178);
#1059=VERTEX_POINT('',#3179);
#1060=VERTEX_POINT('',#3181);
#1061=VERTEX_POINT('',#3183);
#1062=VERTEX_POINT('',#3186);
#1063=VERTEX_POINT('',#3189);
#1064=VERTEX_POINT('',#3190);
#1065=VERTEX_POINT('',#3192);
#1066=VERTEX_POINT('',#3194);
#1067=VERTEX_POINT('',#3197);
#1068=VERTEX_POINT('',#3200);
#1069=VERTEX_POINT('',#3201);
#1070=VERTEX_POINT('',#3203);
#1071=VERTEX_POINT('',#3205);
#1072=VERTEX_POINT('',#3208);
#1073=VERTEX_POINT('',#3211);
#1074=VERTEX_POINT('',#3214);
#1075=VERTEX_POINT('',#3216);
#1076=VERTEX_POINT('',#3220);
#1077=VERTEX_POINT('',#3224);
#1078=VERTEX_POINT('',#3230);
#1079=VERTEX_POINT('',#3234);
#1080=VERTEX_POINT('',#3236);
#1081=VERTEX_POINT('',#3240);
#1082=VERTEX_POINT('',#3244);
#1083=VERTEX_POINT('',#3248);
#1084=VERTEX_POINT('',#3251);
#1085=VERTEX_POINT('',#3253);
#1086=VERTEX_POINT('',#3258);
#1087=VERTEX_POINT('',#3262);
#1088=VERTEX_POINT('',#3268);
#1089=VERTEX_POINT('',#3272);
#1090=VERTEX_POINT('',#3274);
#1091=VERTEX_POINT('',#3278);
#1092=VERTEX_POINT('',#3282);
#1093=VERTEX_POINT('',#3291);
#1094=VERTEX_POINT('',#3293);
#1095=VERTEX_POINT('',#3295);
#1096=VERTEX_POINT('',#3297);
#1097=VERTEX_POINT('',#3306);
#1098=VERTEX_POINT('',#3307);
#1099=VERTEX_POINT('',#3309);
#1100=VERTEX_POINT('',#3311);
#1101=VERTEX_POINT('',#3315);
#1102=VERTEX_POINT('',#3316);
#1103=VERTEX_POINT('',#3318);
#1104=VERTEX_POINT('',#3320);
#1105=VERTEX_POINT('',#3324);
#1106=VERTEX_POINT('',#3326);
#1107=VERTEX_POINT('',#3330);
#1108=VERTEX_POINT('',#3334);
#1109=VERTEX_POINT('',#3340);
#1110=VERTEX_POINT('',#3341);
#1111=VERTEX_POINT('',#3343);
#1112=VERTEX_POINT('',#3345);
#1113=VERTEX_POINT('',#3349);
#1114=VERTEX_POINT('',#3350);
#1115=VERTEX_POINT('',#3352);
#1116=VERTEX_POINT('',#3354);
#1117=VERTEX_POINT('',#3358);
#1118=VERTEX_POINT('',#3360);
#1119=VERTEX_POINT('',#3364);
#1120=VERTEX_POINT('',#3366);
#1121=VERTEX_POINT('',#3370);
#1122=VERTEX_POINT('',#3372);
#1123=VERTEX_POINT('',#3377);
#1124=VERTEX_POINT('',#3379);
#1125=VERTEX_POINT('',#3384);
#1126=VERTEX_POINT('',#3390);
#1127=VERTEX_POINT('',#3394);
#1128=VERTEX_POINT('',#3398);
#1129=VERTEX_POINT('',#3404);
#1130=VERTEX_POINT('',#3405);
#1131=VERTEX_POINT('',#3407);
#1132=VERTEX_POINT('',#3409);
#1133=VERTEX_POINT('',#3413);
#1134=VERTEX_POINT('',#3415);
#1135=VERTEX_POINT('',#3419);
#1136=VERTEX_POINT('',#3423);
#1137=LINE('',#2863,#1371);
#1138=LINE('',#2866,#1372);
#1139=LINE('',#2868,#1373);
#1140=LINE('',#2870,#1374);
#1141=LINE('',#2872,#1375);
#1142=LINE('',#2877,#1376);
#1143=LINE('',#2881,#1377);
#1144=LINE('',#2883,#1378);
#1145=LINE('',#2885,#1379);
#1146=LINE('',#2891,#1380);
#1147=LINE('',#2893,#1381);
#1148=LINE('',#2895,#1382);
#1149=LINE('',#2897,#1383);
#1150=LINE('',#2901,#1384);
#1151=LINE('',#2905,#1385);
#1152=LINE('',#2907,#1386);
#1153=LINE('',#2909,#1387);
#1154=LINE('',#2915,#1388);
#1155=LINE('',#2917,#1389);
#1156=LINE('',#2919,#1390);
#1157=LINE('',#2921,#1391);
#1158=LINE('',#2927,#1392);
#1159=LINE('',#2929,#1393);
#1160=LINE('',#2931,#1394);
#1161=LINE('',#2933,#1395);
#1162=LINE('',#2937,#1396);
#1163=LINE('',#2941,#1397);
#1164=LINE('',#2943,#1398);
#1165=LINE('',#2945,#1399);
#1166=LINE('',#2951,#1400);
#1167=LINE('',#2953,#1401);
#1168=LINE('',#2955,#1402);
#1169=LINE('',#2957,#1403);
#1170=LINE('',#2959,#1404);
#1171=LINE('',#2961,#1405);
#1172=LINE('',#2963,#1406);
#1173=LINE('',#2965,#1407);
#1174=LINE('',#2966,#1408);
#1175=LINE('',#2968,#1409);
#1176=LINE('',#2972,#1410);
#1177=LINE('',#2976,#1411);
#1178=LINE('',#2982,#1412);
#1179=LINE('',#2986,#1413);
#1180=LINE('',#2990,#1414);
#1181=LINE('',#2992,#1415);
#1182=LINE('',#2994,#1416);
#1183=LINE('',#2999,#1417);
#1184=LINE('',#3002,#1418);
#1185=LINE('',#3004,#1419);
#1186=LINE('',#3006,#1420);
#1187=LINE('',#3008,#1421);
#1188=LINE('',#3011,#1422);
#1189=LINE('',#3013,#1423);
#1190=LINE('',#3015,#1424);
#1191=LINE('',#3017,#1425);
#1192=LINE('',#3019,#1426);
#1193=LINE('',#3021,#1427);
#1194=LINE('',#3023,#1428);
#1195=LINE('',#3025,#1429);
#1196=LINE('',#3027,#1430);
#1197=LINE('',#3029,#1431);
#1198=LINE('',#3031,#1432);
#1199=LINE('',#3033,#1433);
#1200=LINE('',#3035,#1434);
#1201=LINE('',#3037,#1435);
#1202=LINE('',#3039,#1436);
#1203=LINE('',#3041,#1437);
#1204=LINE('',#3043,#1438);
#1205=LINE('',#3045,#1439);
#1206=LINE('',#3048,#1440);
#1207=LINE('',#3050,#1441);
#1208=LINE('',#3052,#1442);
#1209=LINE('',#3054,#1443);
#1210=LINE('',#3056,#1444);
#1211=LINE('',#3058,#1445);
#1212=LINE('',#3060,#1446);
#1213=LINE('',#3062,#1447);
#1214=LINE('',#3064,#1448);
#1215=LINE('',#3066,#1449);
#1216=LINE('',#3068,#1450);
#1217=LINE('',#3070,#1451);
#1218=LINE('',#3072,#1452);
#1219=LINE('',#3074,#1453);
#1220=LINE('',#3076,#1454);
#1221=LINE('',#3078,#1455);
#1222=LINE('',#3080,#1456);
#1223=LINE('',#3083,#1457);
#1224=LINE('',#3085,#1458);
#1225=LINE('',#3087,#1459);
#1226=LINE('',#3089,#1460);
#1227=LINE('',#3091,#1461);
#1228=LINE('',#3093,#1462);
#1229=LINE('',#3095,#1463);
#1230=LINE('',#3097,#1464);
#1231=LINE('',#3099,#1465);
#1232=LINE('',#3101,#1466);
#1233=LINE('',#3103,#1467);
#1234=LINE('',#3105,#1468);
#1235=LINE('',#3108,#1469);
#1236=LINE('',#3110,#1470);
#1237=LINE('',#3112,#1471);
#1238=LINE('',#3114,#1472);
#1239=LINE('',#3116,#1473);
#1240=LINE('',#3118,#1474);
#1241=LINE('',#3120,#1475);
#1242=LINE('',#3122,#1476);
#1243=LINE('',#3124,#1477);
#1244=LINE('',#3126,#1478);
#1245=LINE('',#3128,#1479);
#1246=LINE('',#3131,#1480);
#1247=LINE('',#3132,#1481);
#1248=LINE('',#3134,#1482);
#1249=LINE('',#3136,#1483);
#1250=LINE('',#3138,#1484);
#1251=LINE('',#3140,#1485);
#1252=LINE('',#3142,#1486);
#1253=LINE('',#3144,#1487);
#1254=LINE('',#3146,#1488);
#1255=LINE('',#3148,#1489);
#1256=LINE('',#3150,#1490);
#1257=LINE('',#3152,#1491);
#1258=LINE('',#3154,#1492);
#1259=LINE('',#3156,#1493);
#1260=LINE('',#3158,#1494);
#1261=LINE('',#3160,#1495);
#1262=LINE('',#3162,#1496);
#1263=LINE('',#3163,#1497);
#1264=LINE('',#3164,#1498);
#1265=LINE('',#3166,#1499);
#1266=LINE('',#3169,#1500);
#1267=LINE('',#3171,#1501);
#1268=LINE('',#3180,#1502);
#1269=LINE('',#3182,#1503);
#1270=LINE('',#3184,#1504);
#1271=LINE('',#3191,#1505);
#1272=LINE('',#3193,#1506);
#1273=LINE('',#3195,#1507);
#1274=LINE('',#3199,#1508);
#1275=LINE('',#3204,#1509);
#1276=LINE('',#3206,#1510);
#1277=LINE('',#3210,#1511);
#1278=LINE('',#3212,#1512);
#1279=LINE('',#3213,#1513);
#1280=LINE('',#3215,#1514);
#1281=LINE('',#3217,#1515);
#1282=LINE('',#3219,#1516);
#1283=LINE('',#3221,#1517);
#1284=LINE('',#3225,#1518);
#1285=LINE('',#3227,#1519);
#1286=LINE('',#3229,#1520);
#1287=LINE('',#3231,#1521);
#1288=LINE('',#3233,#1522);
#1289=LINE('',#3235,#1523);
#1290=LINE('',#3237,#1524);
#1291=LINE('',#3241,#1525);
#1292=LINE('',#3243,#1526);
#1293=LINE('',#3245,#1527);
#1294=LINE('',#3247,#1528);
#1295=LINE('',#3249,#1529);
#1296=LINE('',#3250,#1530);
#1297=LINE('',#3252,#1531);
#1298=LINE('',#3254,#1532);
#1299=LINE('',#3255,#1533);
#1300=LINE('',#3257,#1534);
#1301=LINE('',#3259,#1535);
#1302=LINE('',#3263,#1536);
#1303=LINE('',#3265,#1537);
#1304=LINE('',#3267,#1538);
#1305=LINE('',#3269,#1539);
#1306=LINE('',#3271,#1540);
#1307=LINE('',#3273,#1541);
#1308=LINE('',#3275,#1542);
#1309=LINE('',#3279,#1543);
#1310=LINE('',#3281,#1544);
#1311=LINE('',#3283,#1545);
#1312=LINE('',#3285,#1546);
#1313=LINE('',#3286,#1547);
#1314=LINE('',#3288,#1548);
#1315=LINE('',#3305,#1549);
#1316=LINE('',#3308,#1550);
#1317=LINE('',#3310,#1551);
#1318=LINE('',#3312,#1552);
#1319=LINE('',#3314,#1553);
#1320=LINE('',#3317,#1554);
#1321=LINE('',#3319,#1555);
#1322=LINE('',#3321,#1556);
#1323=LINE('',#3323,#1557);
#1324=LINE('',#3325,#1558);
#1325=LINE('',#3327,#1559);
#1326=LINE('',#3329,#1560);
#1327=LINE('',#3331,#1561);
#1328=LINE('',#3333,#1562);
#1329=LINE('',#3335,#1563);
#1330=LINE('',#3337,#1564);
#1331=LINE('',#3339,#1565);
#1332=LINE('',#3342,#1566);
#1333=LINE('',#3344,#1567);
#1334=LINE('',#3346,#1568);
#1335=LINE('',#3348,#1569);
#1336=LINE('',#3353,#1570);
#1337=LINE('',#3359,#1571);
#1338=LINE('',#3363,#1572);
#1339=LINE('',#3365,#1573);
#1340=LINE('',#3367,#1574);
#1341=LINE('',#3369,#1575);
#1342=LINE('',#3371,#1576);
#1343=LINE('',#3373,#1577);
#1344=LINE('',#3375,#1578);
#1345=LINE('',#3376,#1579);
#1346=LINE('',#3378,#1580);
#1347=LINE('',#3380,#1581);
#1348=LINE('',#3381,#1582);
#1349=LINE('',#3383,#1583);
#1350=LINE('',#3385,#1584);
#1351=LINE('',#3387,#1585);
#1352=LINE('',#3389,#1586);
#1353=LINE('',#3391,#1587);
#1354=LINE('',#3393,#1588);
#1355=LINE('',#3395,#1589);
#1356=LINE('',#3397,#1590);
#1357=LINE('',#3399,#1591);
#1358=LINE('',#3401,#1592);
#1359=LINE('',#3403,#1593);
#1360=LINE('',#3406,#1594);
#1361=LINE('',#3408,#1595);
#1362=LINE('',#3410,#1596);
#1363=LINE('',#3412,#1597);
#1364=LINE('',#3414,#1598);
#1365=LINE('',#3416,#1599);
#1366=LINE('',#3418,#1600);
#1367=LINE('',#3420,#1601);
#1368=LINE('',#3422,#1602);
#1369=LINE('',#3424,#1603);
#1370=LINE('',#3426,#1604);
#1371=VECTOR('',#2321,1.);
#1372=VECTOR('',#2322,1.);
#1373=VECTOR('',#2323,1.);
#1374=VECTOR('',#2324,1.);
#1375=VECTOR('',#2327,1.);
#1376=VECTOR('',#2330,1.);
#1377=VECTOR('',#2335,1.);
#1378=VECTOR('',#2336,1.);
#1379=VECTOR('',#2337,1.);
#1380=VECTOR('',#2344,1.);
#1381=VECTOR('',#2347,1.);
#1382=VECTOR('',#2348,1.);
#1383=VECTOR('',#2349,1.);
#1384=VECTOR('',#2354,1.);
#1385=VECTOR('',#2359,1.);
#1386=VECTOR('',#2360,1.);
#1387=VECTOR('',#2361,1.);
#1388=VECTOR('',#2368,1.);
#1389=VECTOR('',#2371,1.);
#1390=VECTOR('',#2372,1.);
#1391=VECTOR('',#2373,1.);
#1392=VECTOR('',#2380,1.);
#1393=VECTOR('',#2383,1.);
#1394=VECTOR('',#2384,1.);
#1395=VECTOR('',#2385,1.);
#1396=VECTOR('',#2390,1.);
#1397=VECTOR('',#2395,1.);
#1398=VECTOR('',#2396,1.);
#1399=VECTOR('',#2397,1.);
#1400=VECTOR('',#2404,1.);
#1401=VECTOR('',#2407,1.);
#1402=VECTOR('',#2408,1.);
#1403=VECTOR('',#2409,1.);
#1404=VECTOR('',#2412,1.);
#1405=VECTOR('',#2413,1.);
#1406=VECTOR('',#2414,1.);
#1407=VECTOR('',#2415,1.);
#1408=VECTOR('',#2416,1.);
#1409=VECTOR('',#2417,1.);
#1410=VECTOR('',#2422,1.);
#1411=VECTOR('',#2427,1.);
#1412=VECTOR('',#2434,1.);
#1413=VECTOR('',#2439,1.);
#1414=VECTOR('',#2444,1.);
#1415=VECTOR('',#2447,1.);
#1416=VECTOR('',#2450,1.);
#1417=VECTOR('',#2459,1.);
#1418=VECTOR('',#2460,1.);
#1419=VECTOR('',#2461,1.);
#1420=VECTOR('',#2462,1.);
#1421=VECTOR('',#2465,1.);
#1422=VECTOR('',#2466,1.);
#1423=VECTOR('',#2467,1.);
#1424=VECTOR('',#2468,1.);
#1425=VECTOR('',#2471,1.);
#1426=VECTOR('',#2472,1.);
#1427=VECTOR('',#2473,1.);
#1428=VECTOR('',#2476,1.);
#1429=VECTOR('',#2477,1.);
#1430=VECTOR('',#2478,1.);
#1431=VECTOR('',#2481,1.);
#1432=VECTOR('',#2482,1.);
#1433=VECTOR('',#2485,1.);
#1434=VECTOR('',#2486,1.);
#1435=VECTOR('',#2489,1.);
#1436=VECTOR('',#2490,1.);
#1437=VECTOR('',#2493,1.);
#1438=VECTOR('',#2494,1.);
#1439=VECTOR('',#2497,1.);
#1440=VECTOR('',#2498,1.);
#1441=VECTOR('',#2499,1.);
#1442=VECTOR('',#2500,1.);
#1443=VECTOR('',#2501,1.);
#1444=VECTOR('',#2502,1.);
#1445=VECTOR('',#2505,1.);
#1446=VECTOR('',#2506,1.);
#1447=VECTOR('',#2507,1.);
#1448=VECTOR('',#2508,1.);
#1449=VECTOR('',#2511,1.);
#1450=VECTOR('',#2512,1.);
#1451=VECTOR('',#2515,1.);
#1452=VECTOR('',#2516,1.);
#1453=VECTOR('',#2517,1.);
#1454=VECTOR('',#2520,1.);
#1455=VECTOR('',#2523,1.);
#1456=VECTOR('',#2526,1.);
#1457=VECTOR('',#2527,1.);
#1458=VECTOR('',#2528,1.);
#1459=VECTOR('',#2529,1.);
#1460=VECTOR('',#2532,1.);
#1461=VECTOR('',#2533,1.);
#1462=VECTOR('',#2534,1.);
#1463=VECTOR('',#2537,1.);
#1464=VECTOR('',#2538,1.);
#1465=VECTOR('',#2541,1.);
#1466=VECTOR('',#2542,1.);
#1467=VECTOR('',#2545,1.);
#1468=VECTOR('',#2548,1.);
#1469=VECTOR('',#2549,1.);
#1470=VECTOR('',#2550,1.);
#1471=VECTOR('',#2551,1.);
#1472=VECTOR('',#2554,1.);
#1473=VECTOR('',#2555,1.);
#1474=VECTOR('',#2556,1.);
#1475=VECTOR('',#2559,1.);
#1476=VECTOR('',#2560,1.);
#1477=VECTOR('',#2561,1.);
#1478=VECTOR('',#2562,1.);
#1479=VECTOR('',#2565,1.);
#1480=VECTOR('',#2566,1.);
#1481=VECTOR('',#2567,1.);
#1482=VECTOR('',#2568,1.);
#1483=VECTOR('',#2569,1.);
#1484=VECTOR('',#2572,1.);
#1485=VECTOR('',#2573,1.);
#1486=VECTOR('',#2576,1.);
#1487=VECTOR('',#2577,1.);
#1488=VECTOR('',#2578,1.);
#1489=VECTOR('',#2581,1.);
#1490=VECTOR('',#2584,1.);
#1491=VECTOR('',#2585,1.);
#1492=VECTOR('',#2586,1.);
#1493=VECTOR('',#2589,1.);
#1494=VECTOR('',#2590,1.);
#1495=VECTOR('',#2591,1.);
#1496=VECTOR('',#2594,1.);
#1497=VECTOR('',#2595,1.);
#1498=VECTOR('',#2596,1.);
#1499=VECTOR('',#2599,1.);
#1500=VECTOR('',#2600,1.);
#1501=VECTOR('',#2601,1.);
#1502=VECTOR('',#2610,1.);
#1503=VECTOR('',#2611,1.);
#1504=VECTOR('',#2612,1.);
#1505=VECTOR('',#2619,1.);
#1506=VECTOR('',#2620,1.);
#1507=VECTOR('',#2621,1.);
#1508=VECTOR('',#2626,1.);
#1509=VECTOR('',#2629,1.);
#1510=VECTOR('',#2630,1.);
#1511=VECTOR('',#2635,1.);
#1512=VECTOR('',#2636,1.);
#1513=VECTOR('',#2637,1.);
#1514=VECTOR('',#2638,1.);
#1515=VECTOR('',#2639,1.);
#1516=VECTOR('',#2642,1.);
#1517=VECTOR('',#2643,1.);
#1518=VECTOR('',#2648,1.);
#1519=VECTOR('',#2651,1.);
#1520=VECTOR('',#2654,1.);
#1521=VECTOR('',#2655,1.);
#1522=VECTOR('',#2658,1.);
#1523=VECTOR('',#2659,1.);
#1524=VECTOR('',#2660,1.);
#1525=VECTOR('',#2665,1.);
#1526=VECTOR('',#2668,1.);
#1527=VECTOR('',#2669,1.);
#1528=VECTOR('',#2672,1.);
#1529=VECTOR('',#2673,1.);
#1530=VECTOR('',#2674,1.);
#1531=VECTOR('',#2675,1.);
#1532=VECTOR('',#2676,1.);
#1533=VECTOR('',#2677,1.);
#1534=VECTOR('',#2680,1.);
#1535=VECTOR('',#2681,1.);
#1536=VECTOR('',#2686,1.);
#1537=VECTOR('',#2689,1.);
#1538=VECTOR('',#2692,1.);
#1539=VECTOR('',#2693,1.);
#1540=VECTOR('',#2696,1.);
#1541=VECTOR('',#2697,1.);
#1542=VECTOR('',#2698,1.);
#1543=VECTOR('',#2703,1.);
#1544=VECTOR('',#2706,1.);
#1545=VECTOR('',#2707,1.);
#1546=VECTOR('',#2710,1.);
#1547=VECTOR('',#2711,1.);
#1548=VECTOR('',#2714,1.);
#1549=VECTOR('',#2739,1.);
#1550=VECTOR('',#2740,1.);
#1551=VECTOR('',#2741,1.);
#1552=VECTOR('',#2742,1.);
#1553=VECTOR('',#2745,1.);
#1554=VECTOR('',#2746,1.);
#1555=VECTOR('',#2747,1.);
#1556=VECTOR('',#2748,1.);
#1557=VECTOR('',#2751,1.);
#1558=VECTOR('',#2752,1.);
#1559=VECTOR('',#2753,1.);
#1560=VECTOR('',#2756,1.);
#1561=VECTOR('',#2757,1.);
#1562=VECTOR('',#2760,1.);
#1563=VECTOR('',#2761,1.);
#1564=VECTOR('',#2764,1.);
#1565=VECTOR('',#2767,1.);
#1566=VECTOR('',#2768,1.);
#1567=VECTOR('',#2769,1.);
#1568=VECTOR('',#2770,1.);
#1569=VECTOR('',#2773,1.);
#1570=VECTOR('',#2776,1.);
#1571=VECTOR('',#2783,1.);
#1572=VECTOR('',#2788,1.);
#1573=VECTOR('',#2789,1.);
#1574=VECTOR('',#2790,1.);
#1575=VECTOR('',#2793,1.);
#1576=VECTOR('',#2794,1.);
#1577=VECTOR('',#2795,1.);
#1578=VECTOR('',#2798,1.);
#1579=VECTOR('',#2799,1.);
#1580=VECTOR('',#2800,1.);
#1581=VECTOR('',#2801,1.);
#1582=VECTOR('',#2802,1.);
#1583=VECTOR('',#2805,1.);
#1584=VECTOR('',#2806,1.);
#1585=VECTOR('',#2809,1.);
#1586=VECTOR('',#2812,1.);
#1587=VECTOR('',#2813,1.);
#1588=VECTOR('',#2816,1.);
#1589=VECTOR('',#2817,1.);
#1590=VECTOR('',#2820,1.);
#1591=VECTOR('',#2821,1.);
#1592=VECTOR('',#2824,1.);
#1593=VECTOR('',#2827,1.);
#1594=VECTOR('',#2828,1.);
#1595=VECTOR('',#2829,1.);
#1596=VECTOR('',#2830,1.);
#1597=VECTOR('',#2833,1.);
#1598=VECTOR('',#2834,1.);
#1599=VECTOR('',#2835,1.);
#1600=VECTOR('',#2838,1.);
#1601=VECTOR('',#2839,1.);
#1602=VECTOR('',#2842,1.);
#1603=VECTOR('',#2843,1.);
#1604=VECTOR('',#2846,1.);
#1605=EDGE_LOOP('',(#131,#132,#133,#134));
#1606=EDGE_LOOP('',(#135,#136,#137,#138));
#1607=EDGE_LOOP('',(#139,#140,#141,#142));
#1608=EDGE_LOOP('',(#143,#144,#145,#146));
#1609=EDGE_LOOP('',(#147,#148,#149,#150));
#1610=EDGE_LOOP('',(#151,#152,#153,#154));
#1611=EDGE_LOOP('',(#155,#156,#157,#158));
#1612=EDGE_LOOP('',(#159,#160,#161,#162));
#1613=EDGE_LOOP('',(#163,#164,#165,#166));
#1614=EDGE_LOOP('',(#167,#168,#169,#170));
#1615=EDGE_LOOP('',(#171,#172,#173,#174));
#1616=EDGE_LOOP('',(#175,#176,#177,#178));
#1617=EDGE_LOOP('',(#179,#180,#181,#182));
#1618=EDGE_LOOP('',(#183,#184,#185,#186));
#1619=EDGE_LOOP('',(#187,#188,#189,#190));
#1620=EDGE_LOOP('',(#191,#192,#193,#194,#195,#196,#197,#198));
#1621=EDGE_LOOP('',(#199,#200,#201,#202));
#1622=EDGE_LOOP('',(#203,#204,#205,#206,#207,#208,#209,#210,#211,#212,#213,
#214,#215,#216,#217,#218,#219,#220));
#1623=EDGE_LOOP('',(#221,#222,#223,#224));
#1624=EDGE_LOOP('',(#225,#226,#227,#228,#229,#230,#231,#232,#233,#234,#235,
#236,#237,#238,#239,#240,#241,#242));
#1625=EDGE_LOOP('',(#243,#244,#245,#246));
#1626=EDGE_LOOP('',(#247,#248,#249,#250));
#1627=EDGE_LOOP('',(#251,#252,#253,#254));
#1628=EDGE_LOOP('',(#255,#256,#257,#258,#259,#260,#261,#262));
#1629=EDGE_LOOP('',(#263,#264,#265,#266));
#1630=EDGE_LOOP('',(#267,#268,#269,#270));
#1631=EDGE_LOOP('',(#271,#272,#273,#274));
#1632=EDGE_LOOP('',(#275,#276,#277,#278));
#1633=EDGE_LOOP('',(#279,#280,#281,#282));
#1634=EDGE_LOOP('',(#283,#284,#285,#286));
#1635=EDGE_LOOP('',(#287,#288,#289,#290));
#1636=EDGE_LOOP('',(#291,#292,#293,#294));
#1637=EDGE_LOOP('',(#295,#296,#297,#298,#299,#300));
#1638=EDGE_LOOP('',(#301,#302,#303,#304,#305));
#1639=EDGE_LOOP('',(#306,#307,#308,#309));
#1640=EDGE_LOOP('',(#310,#311,#312,#313,#314));
#1641=EDGE_LOOP('',(#315,#316,#317,#318));
#1642=EDGE_LOOP('',(#319,#320,#321,#322));
#1643=EDGE_LOOP('',(#323,#324,#325,#326));
#1644=EDGE_LOOP('',(#327,#328,#329,#330));
#1645=EDGE_LOOP('',(#331,#332,#333,#334));
#1646=EDGE_LOOP('',(#335,#336,#337,#338));
#1647=EDGE_LOOP('',(#339,#340,#341,#342));
#1648=EDGE_LOOP('',(#343,#344,#345,#346));
#1649=EDGE_LOOP('',(#347,#348,#349,#350));
#1650=EDGE_LOOP('',(#351,#352,#353,#354,#355));
#1651=EDGE_LOOP('',(#356,#357,#358,#359,#360,#361,#362,#363));
#1652=EDGE_LOOP('',(#364,#365,#366,#367));
#1653=EDGE_LOOP('',(#368,#369,#370,#371));
#1654=EDGE_LOOP('',(#372,#373,#374,#375));
#1655=EDGE_LOOP('',(#376,#377,#378,#379));
#1656=EDGE_LOOP('',(#380,#381,#382,#383));
#1657=EDGE_LOOP('',(#384,#385,#386,#387,#388,#389));
#1658=EDGE_LOOP('',(#390,#391,#392,#393,#394));
#1659=EDGE_LOOP('',(#395,#396,#397,#398,#399,#400,#401,#402,#403,#404,#405,
#406,#407,#408));
#1660=EDGE_LOOP('',(#409,#410,#411,#412));
#1661=EDGE_LOOP('',(#413));
#1662=EDGE_LOOP('',(#414,#415,#416,#417));
#1663=EDGE_LOOP('',(#418));
#1664=EDGE_LOOP('',(#419,#420,#421,#422));
#1665=EDGE_LOOP('',(#423));
#1666=EDGE_LOOP('',(#424,#425,#426,#427));
#1667=EDGE_LOOP('',(#428));
#1668=EDGE_LOOP('',(#429,#430,#431,#432,#433,#434,#435,#436));
#1669=EDGE_LOOP('',(#437,#438,#439,#440));
#1670=EDGE_LOOP('',(#441,#442,#443,#444));
#1671=EDGE_LOOP('',(#445,#446,#447,#448));
#1672=EDGE_LOOP('',(#449,#450,#451,#452));
#1673=EDGE_LOOP('',(#453,#454,#455,#456));
#1674=EDGE_LOOP('',(#457,#458,#459,#460));
#1675=EDGE_LOOP('',(#461,#462,#463,#464));
#1676=EDGE_LOOP('',(#465,#466,#467,#468,#469,#470,#471,#472,#473,#474,#475,
#476));
#1677=EDGE_LOOP('',(#477,#478,#479,#480));
#1678=EDGE_LOOP('',(#481,#482,#483,#484));
#1679=EDGE_LOOP('',(#485,#486,#487,#488));
#1680=EDGE_LOOP('',(#489,#490,#491,#492,#493,#494,#495,#496,#497,#498));
#1681=EDGE_LOOP('',(#499,#500,#501,#502));
#1682=EDGE_LOOP('',(#503,#504,#505,#506));
#1683=EDGE_LOOP('',(#507,#508,#509,#510));
#1684=EDGE_LOOP('',(#511,#512,#513,#514,#515,#516,#517,#518));
#1685=EDGE_LOOP('',(#519,#520,#521,#522));
#1686=EDGE_LOOP('',(#523,#524,#525,#526,#527,#528,#529,#530,#531,#532,#533,
#534,#535,#536,#537,#538,#539,#540,#541,#542,#543,#544,#545,#546));
#1687=EDGE_LOOP('',(#547));
#1688=EDGE_LOOP('',(#548));
#1689=EDGE_LOOP('',(#549));
#1690=EDGE_LOOP('',(#550));
#1691=EDGE_LOOP('',(#551));
#1692=EDGE_LOOP('',(#552));
#1693=EDGE_LOOP('',(#553));
#1694=EDGE_LOOP('',(#554));
#1695=EDGE_LOOP('',(#555));
#1696=EDGE_LOOP('',(#556));
#1697=EDGE_LOOP('',(#557));
#1698=EDGE_LOOP('',(#558));
#1699=EDGE_LOOP('',(#559,#560,#561,#562));
#1700=EDGE_LOOP('',(#563,#564,#565,#566));
#1701=EDGE_LOOP('',(#567,#568,#569,#570));
#1702=EDGE_LOOP('',(#571,#572,#573,#574));
#1703=EDGE_LOOP('',(#575,#576,#577,#578));
#1704=EDGE_LOOP('',(#579,#580,#581,#582));
#1705=EDGE_LOOP('',(#583,#584,#585,#586));
#1706=EDGE_LOOP('',(#587,#588,#589,#590));
#1707=EDGE_LOOP('',(#591,#592,#593,#594));
#1708=EDGE_LOOP('',(#595,#596,#597,#598));
#1709=EDGE_LOOP('',(#599,#600,#601,#602));
#1710=EDGE_LOOP('',(#603,#604,#605,#606,#607,#608,#609,#610,#611,#612));
#1711=EDGE_LOOP('',(#613,#614,#615,#616));
#1712=EDGE_LOOP('',(#617,#618,#619,#620));
#1713=EDGE_LOOP('',(#621,#622,#623,#624));
#1714=EDGE_LOOP('',(#625,#626,#627,#628,#629,#630));
#1715=EDGE_LOOP('',(#631,#632,#633,#634));
#1716=EDGE_LOOP('',(#635,#636,#637,#638,#639,#640));
#1717=EDGE_LOOP('',(#641,#642,#643,#644));
#1718=EDGE_LOOP('',(#645,#646,#647,#648,#649,#650,#651,#652,#653,#654));
#1719=EDGE_LOOP('',(#655,#656,#657,#658));
#1720=EDGE_LOOP('',(#659,#660,#661,#662));
#1721=EDGE_LOOP('',(#663,#664,#665,#666));
#1722=EDGE_LOOP('',(#667,#668,#669,#670));
#1723=EDGE_LOOP('',(#671,#672,#673,#674));
#1724=EDGE_LOOP('',(#675,#676,#677,#678));
#1725=FACE_BOUND('',#1605,.T.);
#1726=FACE_BOUND('',#1606,.T.);
#1727=FACE_BOUND('',#1607,.T.);
#1728=FACE_BOUND('',#1608,.T.);
#1729=FACE_BOUND('',#1609,.T.);
#1730=FACE_BOUND('',#1610,.T.);
#1731=FACE_BOUND('',#1611,.T.);
#1732=FACE_BOUND('',#1612,.T.);
#1733=FACE_BOUND('',#1613,.T.);
#1734=FACE_BOUND('',#1614,.T.);
#1735=FACE_BOUND('',#1615,.T.);
#1736=FACE_BOUND('',#1616,.T.);
#1737=FACE_BOUND('',#1617,.T.);
#1738=FACE_BOUND('',#1618,.T.);
#1739=FACE_BOUND('',#1619,.T.);
#1740=FACE_BOUND('',#1620,.T.);
#1741=FACE_BOUND('',#1621,.T.);
#1742=FACE_BOUND('',#1622,.T.);
#1743=FACE_BOUND('',#1623,.T.);
#1744=FACE_BOUND('',#1624,.T.);
#1745=FACE_BOUND('',#1625,.T.);
#1746=FACE_BOUND('',#1626,.T.);
#1747=FACE_BOUND('',#1627,.T.);
#1748=FACE_BOUND('',#1628,.T.);
#1749=FACE_BOUND('',#1629,.T.);
#1750=FACE_BOUND('',#1630,.T.);
#1751=FACE_BOUND('',#1631,.T.);
#1752=FACE_BOUND('',#1632,.T.);
#1753=FACE_BOUND('',#1633,.T.);
#1754=FACE_BOUND('',#1634,.T.);
#1755=FACE_BOUND('',#1635,.T.);
#1756=FACE_BOUND('',#1636,.T.);
#1757=FACE_BOUND('',#1637,.T.);
#1758=FACE_BOUND('',#1638,.T.);
#1759=FACE_BOUND('',#1639,.T.);
#1760=FACE_BOUND('',#1640,.T.);
#1761=FACE_BOUND('',#1641,.T.);
#1762=FACE_BOUND('',#1642,.T.);
#1763=FACE_BOUND('',#1643,.T.);
#1764=FACE_BOUND('',#1644,.T.);
#1765=FACE_BOUND('',#1645,.T.);
#1766=FACE_BOUND('',#1646,.T.);
#1767=FACE_BOUND('',#1647,.T.);
#1768=FACE_BOUND('',#1648,.T.);
#1769=FACE_BOUND('',#1649,.T.);
#1770=FACE_BOUND('',#1650,.T.);
#1771=FACE_BOUND('',#1651,.T.);
#1772=FACE_BOUND('',#1652,.T.);
#1773=FACE_BOUND('',#1653,.T.);
#1774=FACE_BOUND('',#1654,.T.);
#1775=FACE_BOUND('',#1655,.T.);
#1776=FACE_BOUND('',#1656,.T.);
#1777=FACE_BOUND('',#1657,.T.);
#1778=FACE_BOUND('',#1658,.T.);
#1779=FACE_BOUND('',#1659,.T.);
#1780=FACE_BOUND('',#1660,.T.);
#1781=FACE_BOUND('',#1661,.T.);
#1782=FACE_BOUND('',#1662,.T.);
#1783=FACE_BOUND('',#1663,.T.);
#1784=FACE_BOUND('',#1664,.T.);
#1785=FACE_BOUND('',#1665,.T.);
#1786=FACE_BOUND('',#1666,.T.);
#1787=FACE_BOUND('',#1667,.T.);
#1788=FACE_BOUND('',#1668,.T.);
#1789=FACE_BOUND('',#1669,.T.);
#1790=FACE_BOUND('',#1670,.T.);
#1791=FACE_BOUND('',#1671,.T.);
#1792=FACE_BOUND('',#1672,.T.);
#1793=FACE_BOUND('',#1673,.T.);
#1794=FACE_BOUND('',#1674,.T.);
#1795=FACE_BOUND('',#1675,.T.);
#1796=FACE_BOUND('',#1676,.T.);
#1797=FACE_BOUND('',#1677,.T.);
#1798=FACE_BOUND('',#1678,.T.);
#1799=FACE_BOUND('',#1679,.T.);
#1800=FACE_BOUND('',#1680,.T.);
#1801=FACE_BOUND('',#1681,.T.);
#1802=FACE_BOUND('',#1682,.T.);
#1803=FACE_BOUND('',#1683,.T.);
#1804=FACE_BOUND('',#1684,.T.);
#1805=FACE_BOUND('',#1685,.T.);
#1806=FACE_BOUND('',#1686,.T.);
#1807=FACE_BOUND('',#1687,.T.);
#1808=FACE_BOUND('',#1688,.T.);
#1809=FACE_BOUND('',#1689,.T.);
#1810=FACE_BOUND('',#1690,.T.);
#1811=FACE_BOUND('',#1691,.T.);
#1812=FACE_BOUND('',#1692,.T.);
#1813=FACE_BOUND('',#1693,.T.);
#1814=FACE_BOUND('',#1694,.T.);
#1815=FACE_BOUND('',#1695,.T.);
#1816=FACE_BOUND('',#1696,.T.);
#1817=FACE_BOUND('',#1697,.T.);
#1818=FACE_BOUND('',#1698,.T.);
#1819=FACE_BOUND('',#1699,.T.);
#1820=FACE_BOUND('',#1700,.T.);
#1821=FACE_BOUND('',#1701,.T.);
#1822=FACE_BOUND('',#1702,.T.);
#1823=FACE_BOUND('',#1703,.T.);
#1824=FACE_BOUND('',#1704,.T.);
#1825=FACE_BOUND('',#1705,.T.);
#1826=FACE_BOUND('',#1706,.T.);
#1827=FACE_BOUND('',#1707,.T.);
#1828=FACE_BOUND('',#1708,.T.);
#1829=FACE_BOUND('',#1709,.T.);
#1830=FACE_BOUND('',#1710,.T.);
#1831=FACE_BOUND('',#1711,.T.);
#1832=FACE_BOUND('',#1712,.T.);
#1833=FACE_BOUND('',#1713,.T.);
#1834=FACE_BOUND('',#1714,.T.);
#1835=FACE_BOUND('',#1715,.T.);
#1836=FACE_BOUND('',#1716,.T.);
#1837=FACE_BOUND('',#1717,.T.);
#1838=FACE_BOUND('',#1718,.T.);
#1839=FACE_BOUND('',#1719,.T.);
#1840=FACE_BOUND('',#1720,.T.);
#1841=FACE_BOUND('',#1721,.T.);
#1842=FACE_BOUND('',#1722,.T.);
#1843=FACE_BOUND('',#1723,.T.);
#1844=FACE_BOUND('',#1724,.T.);
#1845=PLANE('',#2163);
#1846=PLANE('',#2167);
#1847=PLANE('',#2171);
#1848=PLANE('',#2175);
#1849=PLANE('',#2179);
#1850=PLANE('',#2183);
#1851=PLANE('',#2187);
#1852=PLANE('',#2191);
#1853=PLANE('',#2192);
#1854=PLANE('',#2196);
#1855=PLANE('',#2200);
#1856=PLANE('',#2204);
#1857=PLANE('',#2205);
#1858=PLANE('',#2206);
#1859=PLANE('',#2209);
#1860=PLANE('',#2210);
#1861=PLANE('',#2211);
#1862=PLANE('',#2212);
#1863=PLANE('',#2213);
#1864=PLANE('',#2214);
#1865=PLANE('',#2215);
#1866=PLANE('',#2216);
#1867=PLANE('',#2217);
#1868=PLANE('',#2218);
#1869=PLANE('',#2219);
#1870=PLANE('',#2220);
#1871=PLANE('',#2221);
#1872=PLANE('',#2222);
#1873=PLANE('',#2223);
#1874=PLANE('',#2224);
#1875=PLANE('',#2225);
#1876=PLANE('',#2226);
#1877=PLANE('',#2227);
#1878=PLANE('',#2228);
#1879=PLANE('',#2229);
#1880=PLANE('',#2230);
#1881=PLANE('',#2231);
#1882=PLANE('',#2232);
#1883=PLANE('',#2233);
#1884=PLANE('',#2234);
#1885=PLANE('',#2235);
#1886=PLANE('',#2236);
#1887=PLANE('',#2237);
#1888=PLANE('',#2238);
#1889=PLANE('',#2241);
#1890=PLANE('',#2244);
#1891=PLANE('',#2247);
#1892=PLANE('',#2250);
#1893=PLANE('',#2251);
#1894=PLANE('',#2254);
#1895=PLANE('',#2255);
#1896=PLANE('',#2256);
#1897=PLANE('',#2259);
#1898=PLANE('',#2260);
#1899=PLANE('',#2261);
#1900=PLANE('',#2264);
#1901=PLANE('',#2265);
#1902=PLANE('',#2266);
#1903=PLANE('',#2269);
#1904=PLANE('',#2270);
#1905=PLANE('',#2271);
#1906=PLANE('',#2272);
#1907=PLANE('',#2283);
#1908=PLANE('',#2284);
#1909=PLANE('',#2285);
#1910=PLANE('',#2286);
#1911=PLANE('',#2287);
#1912=PLANE('',#2288);
#1913=PLANE('',#2289);
#1914=PLANE('',#2296);
#1915=PLANE('',#2297);
#1916=PLANE('',#2298);
#1917=PLANE('',#2299);
#1918=PLANE('',#2300);
#1919=PLANE('',#2301);
#1920=PLANE('',#2302);
#1921=PLANE('',#2303);
#1922=PLANE('',#2304);
#1923=PLANE('',#2305);
#1924=PLANE('',#2306);
#1925=PLANE('',#2307);
#1926=PLANE('',#2308);
#1927=PLANE('',#2309);
#1928=PLANE('',#2310);
#1929=ADVANCED_FACE('',(#1725),#1845,.T.);
#1930=ADVANCED_FACE('',(#1726),#111,.T.);
#1931=ADVANCED_FACE('',(#1727),#1846,.T.);
#1932=ADVANCED_FACE('',(#1728),#112,.F.);
#1933=ADVANCED_FACE('',(#1729),#1847,.T.);
#1934=ADVANCED_FACE('',(#1730),#113,.T.);
#1935=ADVANCED_FACE('',(#1731),#1848,.T.);
#1936=ADVANCED_FACE('',(#1732),#114,.F.);
#1937=ADVANCED_FACE('',(#1733),#1849,.T.);
#1938=ADVANCED_FACE('',(#1734),#115,.F.);
#1939=ADVANCED_FACE('',(#1735),#1850,.T.);
#1940=ADVANCED_FACE('',(#1736),#116,.T.);
#1941=ADVANCED_FACE('',(#1737),#1851,.T.);
#1942=ADVANCED_FACE('',(#1738),#117,.F.);
#1943=ADVANCED_FACE('',(#1739),#1852,.T.);
#1944=ADVANCED_FACE('',(#1740),#1853,.T.);
#1945=ADVANCED_FACE('',(#1741),#118,.T.);
#1946=ADVANCED_FACE('',(#1742),#1854,.T.);
#1947=ADVANCED_FACE('',(#1743),#119,.T.);
#1948=ADVANCED_FACE('',(#1744),#1855,.F.);
#1949=ADVANCED_FACE('',(#1745),#120,.T.);
#1950=ADVANCED_FACE('',(#1746),#1856,.F.);
#1951=ADVANCED_FACE('',(#1747),#1857,.F.);
#1952=ADVANCED_FACE('',(#1748),#1858,.T.);
#1953=ADVANCED_FACE('',(#1749),#1859,.T.);
#1954=ADVANCED_FACE('',(#1750),#1860,.T.);
#1955=ADVANCED_FACE('',(#1751),#1861,.T.);
#1956=ADVANCED_FACE('',(#1752),#1862,.T.);
#1957=ADVANCED_FACE('',(#1753),#1863,.T.);
#1958=ADVANCED_FACE('',(#1754),#1864,.T.);
#1959=ADVANCED_FACE('',(#1755),#1865,.T.);
#1960=ADVANCED_FACE('',(#1756),#1866,.T.);
#1961=ADVANCED_FACE('',(#1757),#1867,.T.);
#1962=ADVANCED_FACE('',(#1758),#1868,.T.);
#1963=ADVANCED_FACE('',(#1759),#1869,.T.);
#1964=ADVANCED_FACE('',(#1760),#1870,.T.);
#1965=ADVANCED_FACE('',(#1761),#1871,.T.);
#1966=ADVANCED_FACE('',(#1762),#1872,.T.);
#1967=ADVANCED_FACE('',(#1763),#1873,.F.);
#1968=ADVANCED_FACE('',(#1764),#1874,.F.);
#1969=ADVANCED_FACE('',(#1765),#1875,.T.);
#1970=ADVANCED_FACE('',(#1766),#1876,.T.);
#1971=ADVANCED_FACE('',(#1767),#1877,.T.);
#1972=ADVANCED_FACE('',(#1768),#1878,.F.);
#1973=ADVANCED_FACE('',(#1769),#1879,.F.);
#1974=ADVANCED_FACE('',(#1770),#1880,.F.);
#1975=ADVANCED_FACE('',(#1771),#1881,.T.);
#1976=ADVANCED_FACE('',(#1772),#1882,.F.);
#1977=ADVANCED_FACE('',(#1773),#1883,.F.);
#1978=ADVANCED_FACE('',(#1774,#1775,#1776),#1884,.F.);
#1979=ADVANCED_FACE('',(#1777),#1885,.T.);
#1980=ADVANCED_FACE('',(#1778),#1886,.F.);
#1981=ADVANCED_FACE('',(#1779),#1887,.T.);
#1982=ADVANCED_FACE('',(#1780,#1781),#1888,.F.);
#1983=ADVANCED_FACE('',(#1782,#1783),#1889,.F.);
#1984=ADVANCED_FACE('',(#1784,#1785),#1890,.F.);
#1985=ADVANCED_FACE('',(#1786,#1787),#1891,.F.);
#1986=ADVANCED_FACE('',(#1788),#1892,.T.);
#1987=ADVANCED_FACE('',(#1789),#1893,.F.);
#1988=ADVANCED_FACE('',(#1790),#121,.T.);
#1989=ADVANCED_FACE('',(#1791),#1894,.F.);
#1990=ADVANCED_FACE('',(#1792),#1895,.T.);
#1991=ADVANCED_FACE('',(#1793),#1896,.F.);
#1992=ADVANCED_FACE('',(#1794),#122,.T.);
#1993=ADVANCED_FACE('',(#1795),#1897,.F.);
#1994=ADVANCED_FACE('',(#1796),#1898,.T.);
#1995=ADVANCED_FACE('',(#1797),#1899,.T.);
#1996=ADVANCED_FACE('',(#1798),#123,.T.);
#1997=ADVANCED_FACE('',(#1799),#1900,.T.);
#1998=ADVANCED_FACE('',(#1800),#1901,.T.);
#1999=ADVANCED_FACE('',(#1801),#1902,.T.);
#2000=ADVANCED_FACE('',(#1802),#124,.T.);
#2001=ADVANCED_FACE('',(#1803),#1903,.T.);
#2002=ADVANCED_FACE('',(#1804),#1904,.T.);
#2003=ADVANCED_FACE('',(#1805),#1905,.T.);
#2004=ADVANCED_FACE('',(#1806,#1807,#1808,#1809,#1810),#1906,.F.);
#2005=ADVANCED_FACE('',(#1811,#1812),#125,.F.);
#2006=ADVANCED_FACE('',(#1813,#1814),#126,.F.);
#2007=ADVANCED_FACE('',(#1815,#1816),#127,.F.);
#2008=ADVANCED_FACE('',(#1817,#1818),#128,.F.);
#2009=ADVANCED_FACE('',(#1819),#1907,.T.);
#2010=ADVANCED_FACE('',(#1820),#1908,.T.);
#2011=ADVANCED_FACE('',(#1821),#1909,.T.);
#2012=ADVANCED_FACE('',(#1822),#1910,.T.);
#2013=ADVANCED_FACE('',(#1823),#1911,.T.);
#2014=ADVANCED_FACE('',(#1824),#1912,.T.);
#2015=ADVANCED_FACE('',(#1825),#1913,.T.);
#2016=ADVANCED_FACE('',(#1826),#129,.T.);
#2017=ADVANCED_FACE('',(#1827),#130,.T.);
#2018=ADVANCED_FACE('',(#1828),#1914,.T.);
#2019=ADVANCED_FACE('',(#1829),#1915,.T.);
#2020=ADVANCED_FACE('',(#1830,#1831),#1916,.T.);
#2021=ADVANCED_FACE('',(#1832),#1917,.T.);
#2022=ADVANCED_FACE('',(#1833),#1918,.T.);
#2023=ADVANCED_FACE('',(#1834),#1919,.T.);
#2024=ADVANCED_FACE('',(#1835),#1920,.T.);
#2025=ADVANCED_FACE('',(#1836),#1921,.T.);
#2026=ADVANCED_FACE('',(#1837),#1922,.T.);
#2027=ADVANCED_FACE('',(#1838,#1839),#1923,.F.);
#2028=ADVANCED_FACE('',(#1840),#1924,.T.);
#2029=ADVANCED_FACE('',(#1841),#1925,.T.);
#2030=ADVANCED_FACE('',(#1842),#1926,.T.);
#2031=ADVANCED_FACE('',(#1843),#1927,.T.);
#2032=ADVANCED_FACE('',(#1844),#1928,.T.);
#2033=CLOSED_SHELL('',(#1929,#1930,#1931,#1932,#1933,#1934,#1935,#1936,
#1937,#1938,#1939,#1940,#1941,#1942,#1943,#1944,#1945,#1946,#1947,#1948,
#1949,#1950,#1951,#1952));
#2034=CLOSED_SHELL('',(#1953,#1954,#1955,#1956,#1957,#1958,#1959,#1960,
#1961,#1962,#1963,#1964,#1965,#1966,#1967,#1968,#1969,#1970,#1971,#1972,
#1973,#1974,#1975,#1976,#1977,#1978,#1979,#1980,#1981,#1982,#1983,#1984,
#1985,#1986,#1987,#1988,#1989,#1990,#1991,#1992,#1993,#1994,#1995,#1996,
#1997,#1998,#1999,#2000,#2001,#2002,#2003,#2004,#2005,#2006,#2007,#2008));
#2035=CLOSED_SHELL('',(#2009,#2010,#2011,#2012,#2013,#2014,#2015,#2016,
#2017,#2018,#2019,#2020,#2021,#2022,#2023,#2024,#2025,#2026,#2027,#2028,
#2029,#2030,#2031,#2032));
#2036=STYLED_ITEM('',(#2039),#2151);
#2037=STYLED_ITEM('',(#2040),#2152);
#2038=STYLED_ITEM('',(#2051),#2153);
#2039=PRESENTATION_STYLE_ASSIGNMENT((#2057));
#2040=PRESENTATION_STYLE_ASSIGNMENT((#2058));
#2041=PRESENTATION_STYLE_ASSIGNMENT((#2059));
#2042=PRESENTATION_STYLE_ASSIGNMENT((#2060));
#2043=PRESENTATION_STYLE_ASSIGNMENT((#2061));
#2044=PRESENTATION_STYLE_ASSIGNMENT((#2062));
#2045=PRESENTATION_STYLE_ASSIGNMENT((#2063));
#2046=PRESENTATION_STYLE_ASSIGNMENT((#2064));
#2047=PRESENTATION_STYLE_ASSIGNMENT((#2065));
#2048=PRESENTATION_STYLE_ASSIGNMENT((#2066));
#2049=PRESENTATION_STYLE_ASSIGNMENT((#2067));
#2050=PRESENTATION_STYLE_ASSIGNMENT((#2068));
#2051=PRESENTATION_STYLE_ASSIGNMENT((#2069));
#2052=PRESENTATION_STYLE_ASSIGNMENT((#2070));
#2053=PRESENTATION_STYLE_ASSIGNMENT((#2071));
#2054=PRESENTATION_STYLE_ASSIGNMENT((#2072));
#2055=PRESENTATION_STYLE_ASSIGNMENT((#2073));
#2056=PRESENTATION_STYLE_ASSIGNMENT((#2074));
#2057=SURFACE_STYLE_USAGE(.BOTH.,#2075);
#2058=SURFACE_STYLE_USAGE(.BOTH.,#2076);
#2059=SURFACE_STYLE_USAGE(.BOTH.,#2077);
#2060=SURFACE_STYLE_USAGE(.BOTH.,#2078);
#2061=SURFACE_STYLE_USAGE(.BOTH.,#2079);
#2062=SURFACE_STYLE_USAGE(.BOTH.,#2080);
#2063=SURFACE_STYLE_USAGE(.BOTH.,#2081);
#2064=SURFACE_STYLE_USAGE(.BOTH.,#2082);
#2065=SURFACE_STYLE_USAGE(.BOTH.,#2083);
#2066=SURFACE_STYLE_USAGE(.BOTH.,#2084);
#2067=SURFACE_STYLE_USAGE(.BOTH.,#2085);
#2068=SURFACE_STYLE_USAGE(.BOTH.,#2086);
#2069=SURFACE_STYLE_USAGE(.BOTH.,#2087);
#2070=SURFACE_STYLE_USAGE(.BOTH.,#2088);
#2071=SURFACE_STYLE_USAGE(.BOTH.,#2089);
#2072=SURFACE_STYLE_USAGE(.BOTH.,#2090);
#2073=SURFACE_STYLE_USAGE(.BOTH.,#2091);
#2074=SURFACE_STYLE_USAGE(.BOTH.,#2092);
#2075=SURFACE_SIDE_STYLE('',(#2093));
#2076=SURFACE_SIDE_STYLE('',(#2094));
#2077=SURFACE_SIDE_STYLE('',(#2095));
#2078=SURFACE_SIDE_STYLE('',(#2096));
#2079=SURFACE_SIDE_STYLE('',(#2097));
#2080=SURFACE_SIDE_STYLE('',(#2098));
#2081=SURFACE_SIDE_STYLE('',(#2099));
#2082=SURFACE_SIDE_STYLE('',(#2100));
#2083=SURFACE_SIDE_STYLE('',(#2101));
#2084=SURFACE_SIDE_STYLE('',(#2102));
#2085=SURFACE_SIDE_STYLE('',(#2103));
#2086=SURFACE_SIDE_STYLE('',(#2104));
#2087=SURFACE_SIDE_STYLE('',(#2105));
#2088=SURFACE_SIDE_STYLE('',(#2106));
#2089=SURFACE_SIDE_STYLE('',(#2107));
#2090=SURFACE_SIDE_STYLE('',(#2108));
#2091=SURFACE_SIDE_STYLE('',(#2109));
#2092=SURFACE_SIDE_STYLE('',(#2110));
#2093=SURFACE_STYLE_FILL_AREA(#2111);
#2094=SURFACE_STYLE_FILL_AREA(#2112);
#2095=SURFACE_STYLE_FILL_AREA(#2113);
#2096=SURFACE_STYLE_FILL_AREA(#2114);
#2097=SURFACE_STYLE_FILL_AREA(#2115);
#2098=SURFACE_STYLE_FILL_AREA(#2116);
#2099=SURFACE_STYLE_FILL_AREA(#2117);
#2100=SURFACE_STYLE_FILL_AREA(#2118);
#2101=SURFACE_STYLE_FILL_AREA(#2119);
#2102=SURFACE_STYLE_FILL_AREA(#2120);
#2103=SURFACE_STYLE_FILL_AREA(#2121);
#2104=SURFACE_STYLE_FILL_AREA(#2122);
#2105=SURFACE_STYLE_FILL_AREA(#2123);
#2106=SURFACE_STYLE_FILL_AREA(#2124);
#2107=SURFACE_STYLE_FILL_AREA(#2125);
#2108=SURFACE_STYLE_FILL_AREA(#2126);
#2109=SURFACE_STYLE_FILL_AREA(#2127);
#2110=SURFACE_STYLE_FILL_AREA(#2128);
#2111=FILL_AREA_STYLE('',(#2129));
#2112=FILL_AREA_STYLE('',(#2130));
#2113=FILL_AREA_STYLE('',(#2131));
#2114=FILL_AREA_STYLE('',(#2132));
#2115=FILL_AREA_STYLE('',(#2133));
#2116=FILL_AREA_STYLE('',(#2134));
#2117=FILL_AREA_STYLE('',(#2135));
#2118=FILL_AREA_STYLE('',(#2136));
#2119=FILL_AREA_STYLE('',(#2137));
#2120=FILL_AREA_STYLE('',(#2138));
#2121=FILL_AREA_STYLE('',(#2139));
#2122=FILL_AREA_STYLE('',(#2140));
#2123=FILL_AREA_STYLE('',(#2141));
#2124=FILL_AREA_STYLE('',(#2142));
#2125=FILL_AREA_STYLE('',(#2143));
#2126=FILL_AREA_STYLE('',(#2144));
#2127=FILL_AREA_STYLE('',(#2145));
#2128=FILL_AREA_STYLE('',(#2146));
#2129=FILL_AREA_STYLE_COLOUR('',#2147);
#2130=FILL_AREA_STYLE_COLOUR('',#2148);
#2131=FILL_AREA_STYLE_COLOUR('',#2147);
#2132=FILL_AREA_STYLE_COLOUR('',#2147);
#2133=FILL_AREA_STYLE_COLOUR('',#2147);
#2134=FILL_AREA_STYLE_COLOUR('',#2147);
#2135=FILL_AREA_STYLE_COLOUR('',#2147);
#2136=FILL_AREA_STYLE_COLOUR('',#2147);
#2137=FILL_AREA_STYLE_COLOUR('',#2147);
#2138=FILL_AREA_STYLE_COLOUR('',#2147);
#2139=FILL_AREA_STYLE_COLOUR('',#2147);
#2140=FILL_AREA_STYLE_COLOUR('',#2147);
#2141=FILL_AREA_STYLE_COLOUR('',#2149);
#2142=FILL_AREA_STYLE_COLOUR('',#2150);
#2143=FILL_AREA_STYLE_COLOUR('',#2150);
#2144=FILL_AREA_STYLE_COLOUR('',#2150);
#2145=FILL_AREA_STYLE_COLOUR('',#2150);
#2146=FILL_AREA_STYLE_COLOUR('',#2150);
#2147=COLOUR_RGB('',0.764705882352941,0.764705882352941,0.764705882352941);
#2148=COLOUR_RGB('',0.941176470588235,0.941176470588235,0.941176470588235);
#2149=COLOUR_RGB('',0.501960784313726,0.501960784313726,0.501960784313726);
#2150=COLOUR_RGB('',0.176470588235294,0.176470588235294,0.176470588235294);
#2151=MANIFOLD_SOLID_BREP('PRT0001',#2033);
#2152=MANIFOLD_SOLID_BREP('1112W-3',#2034);
#2153=MANIFOLD_SOLID_BREP('LCD',#2035);
#2154=SHAPE_DEFINITION_REPRESENTATION(#3446,#2158);
#2155=SHAPE_DEFINITION_REPRESENTATION(#3447,#2159);
#2156=SHAPE_DEFINITION_REPRESENTATION(#3450,#2160);
#2157=SHAPE_DEFINITION_REPRESENTATION(#3453,#2161);
#2158=SHAPE_REPRESENTATION('NHD-C0220BiZ-FSW-FBW-3V3M',(#2162,#2207,#2208,
#2281,#2282,#2311,#2312,#2313,#2314,#2315,#2316),#3435);
#2159=SHAPE_REPRESENTATION('PRT0001',(#2162),#3436);
#2160=SHAPE_REPRESENTATION('1112W-3',(#2162),#3437);
#2161=SHAPE_REPRESENTATION('LCD',(#2162),#3438);
#2162=AXIS2_PLACEMENT_3D('',#2861,#2317,#2318);
#2163=AXIS2_PLACEMENT_3D('',#2862,#2319,#2320);
#2164=AXIS2_PLACEMENT_3D('',#2871,#2325,#2326);
#2165=AXIS2_PLACEMENT_3D('',#2875,#2328,#2329);
#2166=AXIS2_PLACEMENT_3D('',#2879,#2331,#2332);
#2167=AXIS2_PLACEMENT_3D('',#2880,#2333,#2334);
#2168=AXIS2_PLACEMENT_3D('',#2886,#2338,#2339);
#2169=AXIS2_PLACEMENT_3D('',#2887,#2340,#2341);
#2170=AXIS2_PLACEMENT_3D('',#2889,#2342,#2343);
#2171=AXIS2_PLACEMENT_3D('',#2892,#2345,#2346);
#2172=AXIS2_PLACEMENT_3D('',#2898,#2350,#2351);
#2173=AXIS2_PLACEMENT_3D('',#2899,#2352,#2353);
#2174=AXIS2_PLACEMENT_3D('',#2903,#2355,#2356);
#2175=AXIS2_PLACEMENT_3D('',#2904,#2357,#2358);
#2176=AXIS2_PLACEMENT_3D('',#2910,#2362,#2363);
#2177=AXIS2_PLACEMENT_3D('',#2911,#2364,#2365);
#2178=AXIS2_PLACEMENT_3D('',#2913,#2366,#2367);
#2179=AXIS2_PLACEMENT_3D('',#2916,#2369,#2370);
#2180=AXIS2_PLACEMENT_3D('',#2922,#2374,#2375);
#2181=AXIS2_PLACEMENT_3D('',#2923,#2376,#2377);
#2182=AXIS2_PLACEMENT_3D('',#2925,#2378,#2379);
#2183=AXIS2_PLACEMENT_3D('',#2928,#2381,#2382);
#2184=AXIS2_PLACEMENT_3D('',#2934,#2386,#2387);
#2185=AXIS2_PLACEMENT_3D('',#2935,#2388,#2389);
#2186=AXIS2_PLACEMENT_3D('',#2939,#2391,#2392);
#2187=AXIS2_PLACEMENT_3D('',#2940,#2393,#2394);
#2188=AXIS2_PLACEMENT_3D('',#2946,#2398,#2399);
#2189=AXIS2_PLACEMENT_3D('',#2947,#2400,#2401);
#2190=AXIS2_PLACEMENT_3D('',#2949,#2402,#2403);
#2191=AXIS2_PLACEMENT_3D('',#2952,#2405,#2406);
#2192=AXIS2_PLACEMENT_3D('',#2958,#2410,#2411);
#2193=AXIS2_PLACEMENT_3D('',#2969,#2418,#2419);
#2194=AXIS2_PLACEMENT_3D('',#2970,#2420,#2421);
#2195=AXIS2_PLACEMENT_3D('',#2974,#2423,#2424);
#2196=AXIS2_PLACEMENT_3D('',#2975,#2425,#2426);
#2197=AXIS2_PLACEMENT_3D('',#2978,#2428,#2429);
#2198=AXIS2_PLACEMENT_3D('',#2979,#2430,#2431);
#2199=AXIS2_PLACEMENT_3D('',#2980,#2432,#2433);
#2200=AXIS2_PLACEMENT_3D('',#2983,#2435,#2436);
#2201=AXIS2_PLACEMENT_3D('',#2984,#2437,#2438);
#2202=AXIS2_PLACEMENT_3D('',#2987,#2440,#2441);
#2203=AXIS2_PLACEMENT_3D('',#2988,#2442,#2443);
#2204=AXIS2_PLACEMENT_3D('',#2991,#2445,#2446);
#2205=AXIS2_PLACEMENT_3D('',#2993,#2448,#2449);
#2206=AXIS2_PLACEMENT_3D('',#2995,#2451,#2452);
#2207=AXIS2_PLACEMENT_3D('',#2996,#2453,#2454);
#2208=AXIS2_PLACEMENT_3D('',#2997,#2455,#2456);
#2209=AXIS2_PLACEMENT_3D('',#2998,#2457,#2458);
#2210=AXIS2_PLACEMENT_3D('',#3007,#2463,#2464);
#2211=AXIS2_PLACEMENT_3D('',#3016,#2469,#2470);
#2212=AXIS2_PLACEMENT_3D('',#3022,#2474,#2475);
#2213=AXIS2_PLACEMENT_3D('',#3028,#2479,#2480);
#2214=AXIS2_PLACEMENT_3D('',#3032,#2483,#2484);
#2215=AXIS2_PLACEMENT_3D('',#3036,#2487,#2488);
#2216=AXIS2_PLACEMENT_3D('',#3040,#2491,#2492);
#2217=AXIS2_PLACEMENT_3D('',#3044,#2495,#2496);
#2218=AXIS2_PLACEMENT_3D('',#3057,#2503,#2504);
#2219=AXIS2_PLACEMENT_3D('',#3065,#2509,#2510);
#2220=AXIS2_PLACEMENT_3D('',#3069,#2513,#2514);
#2221=AXIS2_PLACEMENT_3D('',#3075,#2518,#2519);
#2222=AXIS2_PLACEMENT_3D('',#3077,#2521,#2522);
#2223=AXIS2_PLACEMENT_3D('',#3079,#2524,#2525);
#2224=AXIS2_PLACEMENT_3D('',#3088,#2530,#2531);
#2225=AXIS2_PLACEMENT_3D('',#3094,#2535,#2536);
#2226=AXIS2_PLACEMENT_3D('',#3098,#2539,#2540);
#2227=AXIS2_PLACEMENT_3D('',#3102,#2543,#2544);
#2228=AXIS2_PLACEMENT_3D('',#3104,#2546,#2547);
#2229=AXIS2_PLACEMENT_3D('',#3113,#2552,#2553);
#2230=AXIS2_PLACEMENT_3D('',#3119,#2557,#2558);
#2231=AXIS2_PLACEMENT_3D('',#3127,#2563,#2564);
#2232=AXIS2_PLACEMENT_3D('',#3137,#2570,#2571);
#2233=AXIS2_PLACEMENT_3D('',#3141,#2574,#2575);
#2234=AXIS2_PLACEMENT_3D('',#3147,#2579,#2580);
#2235=AXIS2_PLACEMENT_3D('',#3149,#2582,#2583);
#2236=AXIS2_PLACEMENT_3D('',#3155,#2587,#2588);
#2237=AXIS2_PLACEMENT_3D('',#3161,#2592,#2593);
#2238=AXIS2_PLACEMENT_3D('',#3165,#2597,#2598);
#2239=AXIS2_PLACEMENT_3D('',#3173,#2602,#2603);
#2240=AXIS2_PLACEMENT_3D('',#3174,#2604,#2605);
#2241=AXIS2_PLACEMENT_3D('',#3176,#2606,#2607);
#2242=AXIS2_PLACEMENT_3D('',#3177,#2608,#2609);
#2243=AXIS2_PLACEMENT_3D('',#3185,#2613,#2614);
#2244=AXIS2_PLACEMENT_3D('',#3187,#2615,#2616);
#2245=AXIS2_PLACEMENT_3D('',#3188,#2617,#2618);
#2246=AXIS2_PLACEMENT_3D('',#3196,#2622,#2623);
#2247=AXIS2_PLACEMENT_3D('',#3198,#2624,#2625);
#2248=AXIS2_PLACEMENT_3D('',#3202,#2627,#2628);
#2249=AXIS2_PLACEMENT_3D('',#3207,#2631,#2632);
#2250=AXIS2_PLACEMENT_3D('',#3209,#2633,#2634);
#2251=AXIS2_PLACEMENT_3D('',#3218,#2640,#2641);
#2252=AXIS2_PLACEMENT_3D('',#3222,#2644,#2645);
#2253=AXIS2_PLACEMENT_3D('',#3223,#2646,#2647);
#2254=AXIS2_PLACEMENT_3D('',#3226,#2649,#2650);
#2255=AXIS2_PLACEMENT_3D('',#3228,#2652,#2653);
#2256=AXIS2_PLACEMENT_3D('',#3232,#2656,#2657);
#2257=AXIS2_PLACEMENT_3D('',#3238,#2661,#2662);
#2258=AXIS2_PLACEMENT_3D('',#3239,#2663,#2664);
#2259=AXIS2_PLACEMENT_3D('',#3242,#2666,#2667);
#2260=AXIS2_PLACEMENT_3D('',#3246,#2670,#2671);
#2261=AXIS2_PLACEMENT_3D('',#3256,#2678,#2679);
#2262=AXIS2_PLACEMENT_3D('',#3260,#2682,#2683);
#2263=AXIS2_PLACEMENT_3D('',#3261,#2684,#2685);
#2264=AXIS2_PLACEMENT_3D('',#3264,#2687,#2688);
#2265=AXIS2_PLACEMENT_3D('',#3266,#2690,#2691);
#2266=AXIS2_PLACEMENT_3D('',#3270,#2694,#2695);
#2267=AXIS2_PLACEMENT_3D('',#3276,#2699,#2700);
#2268=AXIS2_PLACEMENT_3D('',#3277,#2701,#2702);
#2269=AXIS2_PLACEMENT_3D('',#3280,#2704,#2705);
#2270=AXIS2_PLACEMENT_3D('',#3284,#2708,#2709);
#2271=AXIS2_PLACEMENT_3D('',#3287,#2712,#2713);
#2272=AXIS2_PLACEMENT_3D('',#3289,#2715,#2716);
#2273=AXIS2_PLACEMENT_3D('',#3290,#2717,#2718);
#2274=AXIS2_PLACEMENT_3D('',#3292,#2719,#2720);
#2275=AXIS2_PLACEMENT_3D('',#3294,#2721,#2722);
#2276=AXIS2_PLACEMENT_3D('',#3296,#2723,#2724);
#2277=AXIS2_PLACEMENT_3D('',#3298,#2725,#2726);
#2278=AXIS2_PLACEMENT_3D('',#3299,#2727,#2728);
#2279=AXIS2_PLACEMENT_3D('',#3300,#2729,#2730);
#2280=AXIS2_PLACEMENT_3D('',#3301,#2731,#2732);
#2281=AXIS2_PLACEMENT_3D('',#3302,#2733,#2734);
#2282=AXIS2_PLACEMENT_3D('',#3303,#2735,#2736);
#2283=AXIS2_PLACEMENT_3D('',#3304,#2737,#2738);
#2284=AXIS2_PLACEMENT_3D('',#3313,#2743,#2744);
#2285=AXIS2_PLACEMENT_3D('',#3322,#2749,#2750);
#2286=AXIS2_PLACEMENT_3D('',#3328,#2754,#2755);
#2287=AXIS2_PLACEMENT_3D('',#3332,#2758,#2759);
#2288=AXIS2_PLACEMENT_3D('',#3336,#2762,#2763);
#2289=AXIS2_PLACEMENT_3D('',#3338,#2765,#2766);
#2290=AXIS2_PLACEMENT_3D('',#3347,#2771,#2772);
#2291=AXIS2_PLACEMENT_3D('',#3351,#2774,#2775);
#2292=AXIS2_PLACEMENT_3D('',#3355,#2777,#2778);
#2293=AXIS2_PLACEMENT_3D('',#3356,#2779,#2780);
#2294=AXIS2_PLACEMENT_3D('',#3357,#2781,#2782);
#2295=AXIS2_PLACEMENT_3D('',#3361,#2784,#2785);
#2296=AXIS2_PLACEMENT_3D('',#3362,#2786,#2787);
#2297=AXIS2_PLACEMENT_3D('',#3368,#2791,#2792);
#2298=AXIS2_PLACEMENT_3D('',#3374,#2796,#2797);
#2299=AXIS2_PLACEMENT_3D('',#3382,#2803,#2804);
#2300=AXIS2_PLACEMENT_3D('',#3386,#2807,#2808);
#2301=AXIS2_PLACEMENT_3D('',#3388,#2810,#2811);
#2302=AXIS2_PLACEMENT_3D('',#3392,#2814,#2815);
#2303=AXIS2_PLACEMENT_3D('',#3396,#2818,#2819);
#2304=AXIS2_PLACEMENT_3D('',#3400,#2822,#2823);
#2305=AXIS2_PLACEMENT_3D('',#3402,#2825,#2826);
#2306=AXIS2_PLACEMENT_3D('',#3411,#2831,#2832);
#2307=AXIS2_PLACEMENT_3D('',#3417,#2836,#2837);
#2308=AXIS2_PLACEMENT_3D('',#3421,#2840,#2841);
#2309=AXIS2_PLACEMENT_3D('',#3425,#2844,#2845);
#2310=AXIS2_PLACEMENT_3D('',#3427,#2847,#2848);
#2311=AXIS2_PLACEMENT_3D('',#3428,#2849,#2850);
#2312=AXIS2_PLACEMENT_3D('',#3429,#2851,#2852);
#2313=AXIS2_PLACEMENT_3D('',#3430,#2853,#2854);
#2314=AXIS2_PLACEMENT_3D('',#3431,#2855,#2856);
#2315=AXIS2_PLACEMENT_3D('',#3432,#2857,#2858);
#2316=AXIS2_PLACEMENT_3D('',#3433,#2859,#2860);
#2317=DIRECTION('',(0.,0.,1.));
#2318=DIRECTION('',(1.,0.,0.));
#2319=DIRECTION('',(0.,-1.,0.));
#2320=DIRECTION('',(0.,0.,-1.));
#2321=DIRECTION('',(0.,0.,-1.));
#2322=DIRECTION('',(1.,0.,0.));
#2323=DIRECTION('',(0.,0.,1.));
#2324=DIRECTION('',(-1.,0.,0.));
#2325=DIRECTION('',(0.,0.,1.));
#2326=DIRECTION('',(1.,0.,0.));
#2327=DIRECTION('',(0.,0.,1.));
#2328=DIRECTION('',(0.,0.,1.));
#2329=DIRECTION('',(1.,0.,0.));
#2330=DIRECTION('',(0.,0.,-1.));
#2331=DIRECTION('',(0.,0.,1.));
#2332=DIRECTION('',(1.,0.,0.));
#2333=DIRECTION('',(0.,-1.,0.));
#2334=DIRECTION('',(0.,0.,-1.));
#2335=DIRECTION('',(1.,0.,0.));
#2336=DIRECTION('',(0.,0.,1.));
#2337=DIRECTION('',(1.,0.,0.));
#2338=DIRECTION('',(0.,0.,1.));
#2339=DIRECTION('',(1.,0.,0.));
#2340=DIRECTION('',(0.,0.,-1.));
#2341=DIRECTION('',(1.,2.52980506913285E-15,0.));
#2342=DIRECTION('',(0.,0.,-1.));
#2343=DIRECTION('',(1.,2.52980506913285E-15,0.));
#2344=DIRECTION('',(0.,0.,-1.));
#2345=DIRECTION('',(0.707106781186548,-0.707106781186548,0.));
#2346=DIRECTION('',(0.707106781186548,0.707106781186548,0.));
#2347=DIRECTION('',(0.707106781186715,0.707106781186381,0.));
#2348=DIRECTION('',(0.,0.,-1.));
#2349=DIRECTION('',(0.707106781186715,0.707106781186381,0.));
#2350=DIRECTION('',(0.,0.,1.));
#2351=DIRECTION('',(1.,0.,0.));
#2352=DIRECTION('',(0.,0.,1.));
#2353=DIRECTION('',(1.,0.,0.));
#2354=DIRECTION('',(0.,0.,-1.));
#2355=DIRECTION('',(0.,0.,1.));
#2356=DIRECTION('',(1.,0.,0.));
#2357=DIRECTION('',(0.,1.,0.));
#2358=DIRECTION('',(0.,0.,1.));
#2359=DIRECTION('',(-1.,0.,0.));
#2360=DIRECTION('',(0.,0.,1.));
#2361=DIRECTION('',(-1.,0.,0.));
#2362=DIRECTION('',(0.,0.,1.));
#2363=DIRECTION('',(1.,0.,0.));
#2364=DIRECTION('',(0.,0.,-1.));
#2365=DIRECTION('',(1.,0.,0.));
#2366=DIRECTION('',(0.,0.,-1.));
#2367=DIRECTION('',(1.,0.,0.));
#2368=DIRECTION('',(0.,0.,-1.));
#2369=DIRECTION('',(1.,0.,0.));
#2370=DIRECTION('',(0.,0.,-1.));
#2371=DIRECTION('',(0.,1.,0.));
#2372=DIRECTION('',(0.,0.,1.));
#2373=DIRECTION('',(0.,1.,0.));
#2374=DIRECTION('',(0.,0.,1.));
#2375=DIRECTION('',(1.,0.,0.));
#2376=DIRECTION('',(0.,0.,-1.));
#2377=DIRECTION('',(1.,0.,0.));
#2378=DIRECTION('',(0.,0.,-1.));
#2379=DIRECTION('',(1.,0.,0.));
#2380=DIRECTION('',(0.,0.,-1.));
#2381=DIRECTION('',(0.,-1.,0.));
#2382=DIRECTION('',(0.,0.,-1.));
#2383=DIRECTION('',(1.,0.,0.));
#2384=DIRECTION('',(0.,0.,-1.));
#2385=DIRECTION('',(1.,0.,0.));
#2386=DIRECTION('',(0.,0.,1.));
#2387=DIRECTION('',(1.,0.,0.));
#2388=DIRECTION('',(0.,0.,1.));
#2389=DIRECTION('',(1.,0.,0.));
#2390=DIRECTION('',(0.,0.,-1.));
#2391=DIRECTION('',(0.,0.,1.));
#2392=DIRECTION('',(1.,0.,0.));
#2393=DIRECTION('',(0.707106781186548,0.707106781186548,0.));
#2394=DIRECTION('',(-0.707106781186548,0.707106781186548,0.));
#2395=DIRECTION('',(-0.707106781186548,0.707106781186547,0.));
#2396=DIRECTION('',(0.,0.,1.));
#2397=DIRECTION('',(-0.707106781186548,0.707106781186547,0.));
#2398=DIRECTION('',(0.,0.,1.));
#2399=DIRECTION('',(1.,0.,0.));
#2400=DIRECTION('',(0.,0.,-1.));
#2401=DIRECTION('',(1.,0.,0.));
#2402=DIRECTION('',(0.,0.,-1.));
#2403=DIRECTION('',(1.,0.,0.));
#2404=DIRECTION('',(0.,0.,-1.));
#2405=DIRECTION('',(0.,1.,0.));
#2406=DIRECTION('',(0.,0.,1.));
#2407=DIRECTION('',(-1.,0.,0.));
#2408=DIRECTION('',(0.,0.,-1.));
#2409=DIRECTION('',(-1.,0.,0.));
#2410=DIRECTION('',(1.,0.,0.));
#2411=DIRECTION('',(0.,0.,-1.));
#2412=DIRECTION('',(0.,-1.,0.));
#2413=DIRECTION('',(0.,1.,0.));
#2414=DIRECTION('',(0.,0.,1.));
#2415=DIRECTION('',(0.,1.,0.));
#2416=DIRECTION('',(0.,1.,0.));
#2417=DIRECTION('',(0.,0.,1.));
#2418=DIRECTION('',(0.,0.,1.));
#2419=DIRECTION('',(1.,0.,0.));
#2420=DIRECTION('',(0.,0.,1.));
#2421=DIRECTION('',(1.,0.,0.));
#2422=DIRECTION('',(0.,0.,1.));
#2423=DIRECTION('',(0.,0.,1.));
#2424=DIRECTION('',(1.,0.,0.));
#2425=DIRECTION('',(0.,0.,1.));
#2426=DIRECTION('',(1.,0.,0.));
#2427=DIRECTION('',(0.,1.,0.));
#2428=DIRECTION('',(0.,0.,-1.));
#2429=DIRECTION('',(1.,0.,0.));
#2430=DIRECTION('',(0.,0.,1.));
#2431=DIRECTION('',(1.,0.,0.));
#2432=DIRECTION('',(0.,0.,1.));
#2433=DIRECTION('',(1.,0.,0.));
#2434=DIRECTION('',(0.,0.,-1.));
#2435=DIRECTION('',(0.,0.,1.));
#2436=DIRECTION('',(1.,0.,0.));
#2437=DIRECTION('',(0.,0.,1.));
#2438=DIRECTION('',(1.,0.,0.));
#2439=DIRECTION('',(0.,-1.,0.));
#2440=DIRECTION('',(0.,0.,1.));
#2441=DIRECTION('',(1.,0.,0.));
#2442=DIRECTION('',(0.,0.,-1.));
#2443=DIRECTION('',(1.,1.76182853028894E-15,0.));
#2444=DIRECTION('',(0.,0.,1.));
#2445=DIRECTION('',(0.,0.,1.));
#2446=DIRECTION('',(1.,0.,0.));
#2447=DIRECTION('',(0.,-1.,0.));
#2448=DIRECTION('',(0.,0.,-1.));
#2449=DIRECTION('',(-1.,0.,0.));
#2450=DIRECTION('',(0.,1.,0.));
#2451=DIRECTION('',(-1.,0.,0.));
#2452=DIRECTION('',(0.,0.,1.));
#2453=DIRECTION('',(1.,0.,0.));
#2454=DIRECTION('',(0.,1.,0.));
#2455=DIRECTION('',(1.,0.,0.));
#2456=DIRECTION('',(0.,1.,0.));
#2457=DIRECTION('',(0.,0.,-1.));
#2458=DIRECTION('',(-1.,0.,0.));
#2459=DIRECTION('',(0.,-1.,0.));
#2460=DIRECTION('',(-1.,0.,0.));
#2461=DIRECTION('',(0.,1.,0.));
#2462=DIRECTION('',(1.,0.,0.));
#2463=DIRECTION('',(0.,0.,-1.));
#2464=DIRECTION('',(-1.,0.,0.));
#2465=DIRECTION('',(0.,-1.,0.));
#2466=DIRECTION('',(-1.,0.,0.));
#2467=DIRECTION('',(0.,1.,0.));
#2468=DIRECTION('',(1.,0.,0.));
#2469=DIRECTION('',(-1.,0.,0.));
#2470=DIRECTION('',(0.,0.,1.));
#2471=DIRECTION('',(0.,0.,-1.));
#2472=DIRECTION('',(0.,1.,0.));
#2473=DIRECTION('',(0.,0.,1.));
#2474=DIRECTION('',(-1.,0.,0.));
#2475=DIRECTION('',(0.,0.,1.));
#2476=DIRECTION('',(0.,0.,-1.));
#2477=DIRECTION('',(0.,1.,0.));
#2478=DIRECTION('',(0.,0.,1.));
#2479=DIRECTION('',(0.,-1.,0.));
#2480=DIRECTION('',(0.,0.,-1.));
#2481=DIRECTION('',(0.,0.,-1.));
#2482=DIRECTION('',(-1.,0.,0.));
#2483=DIRECTION('',(0.,1.,0.));
#2484=DIRECTION('',(0.,0.,1.));
#2485=DIRECTION('',(1.,0.,0.));
#2486=DIRECTION('',(0.,0.,1.));
#2487=DIRECTION('',(0.,-1.,0.));
#2488=DIRECTION('',(0.,0.,-1.));
#2489=DIRECTION('',(0.,0.,-1.));
#2490=DIRECTION('',(-1.,0.,0.));
#2491=DIRECTION('',(0.,1.,0.));
#2492=DIRECTION('',(0.,0.,1.));
#2493=DIRECTION('',(1.,0.,0.));
#2494=DIRECTION('',(0.,0.,1.));
#2495=DIRECTION('',(0.,0.,1.));
#2496=DIRECTION('',(1.,0.,0.));
#2497=DIRECTION('',(1.,0.,0.));
#2498=DIRECTION('',(0.93786184268121,0.347008881792103,0.));
#2499=DIRECTION('',(0.,1.,0.));
#2500=DIRECTION('',(-0.94962864910273,0.31337745420391,0.));
#2501=DIRECTION('',(-1.,0.,0.));
#2502=DIRECTION('',(0.,-1.,0.));
#2503=DIRECTION('',(-0.347008881792103,0.93786184268121,0.));
#2504=DIRECTION('',(-0.93786184268121,-0.347008881792103,0.));
#2505=DIRECTION('',(0.,0.,1.));
#2506=DIRECTION('',(-0.93786184268121,-0.347008881792103,0.));
#2507=DIRECTION('',(-0.937861842681228,-0.347008881792055,0.));
#2508=DIRECTION('',(0.,0.,-1.));
#2509=DIRECTION('',(-1.,0.,0.));
#2510=DIRECTION('',(0.,0.,1.));
#2511=DIRECTION('',(0.,-1.,0.));
#2512=DIRECTION('',(0.,0.,-1.));
#2513=DIRECTION('',(-0.31337745420391,-0.94962864910273,0.));
#2514=DIRECTION('',(0.94962864910273,-0.31337745420391,0.));
#2515=DIRECTION('',(0.949628649102733,-0.313377454203902,0.));
#2516=DIRECTION('',(0.94962864910273,-0.31337745420391,0.));
#2517=DIRECTION('',(0.,0.,-1.));
#2518=DIRECTION('',(1.,0.,0.));
#2519=DIRECTION('',(0.,0.,-1.));
#2520=DIRECTION('',(0.,-1.,0.));
#2521=DIRECTION('',(1.,0.,0.));
#2522=DIRECTION('',(0.,0.,-1.));
#2523=DIRECTION('',(0.,-1.,0.));
#2524=DIRECTION('',(0.,-1.,0.));
#2525=DIRECTION('',(0.,0.,-1.));
#2526=DIRECTION('',(0.,0.,-1.));
#2527=DIRECTION('',(1.,0.,0.));
#2528=DIRECTION('',(0.,0.,1.));
#2529=DIRECTION('',(-1.,0.,0.));
#2530=DIRECTION('',(1.,0.,0.));
#2531=DIRECTION('',(0.,0.,-1.));
#2532=DIRECTION('',(0.,1.,0.));
#2533=DIRECTION('',(0.,-1.,0.));
#2534=DIRECTION('',(0.,0.,-1.));
#2535=DIRECTION('',(0.,1.,0.));
#2536=DIRECTION('',(0.,0.,1.));
#2537=DIRECTION('',(0.,0.,1.));
#2538=DIRECTION('',(1.,0.,0.));
#2539=DIRECTION('',(1.,0.,0.));
#2540=DIRECTION('',(0.,0.,-1.));
#2541=DIRECTION('',(0.,0.,1.));
#2542=DIRECTION('',(0.,-1.,0.));
#2543=DIRECTION('',(0.,-1.,0.));
#2544=DIRECTION('',(0.,0.,-1.));
#2545=DIRECTION('',(-1.,0.,0.));
#2546=DIRECTION('',(-1.,0.,0.));
#2547=DIRECTION('',(0.,0.,1.));
#2548=DIRECTION('',(0.,0.,-1.));
#2549=DIRECTION('',(0.,-1.,0.));
#2550=DIRECTION('',(0.,0.,1.));
#2551=DIRECTION('',(0.,1.,0.));
#2552=DIRECTION('',(0.,-1.,0.));
#2553=DIRECTION('',(0.,0.,-1.));
#2554=DIRECTION('',(-1.,0.,0.));
#2555=DIRECTION('',(0.,0.,-1.));
#2556=DIRECTION('',(1.,0.,0.));
#2557=DIRECTION('',(1.,0.,0.));
#2558=DIRECTION('',(0.,0.,-1.));
#2559=DIRECTION('',(0.,0.,1.));
#2560=DIRECTION('',(0.,1.,0.));
#2561=DIRECTION('',(0.,0.,-1.));
#2562=DIRECTION('',(0.,-1.,0.));
#2563=DIRECTION('',(0.,0.,1.));
#2564=DIRECTION('',(1.,0.,0.));
#2565=DIRECTION('',(0.,-1.,0.));
#2566=DIRECTION('',(1.,0.,0.));
#2567=DIRECTION('',(-1.,0.,0.));
#2568=DIRECTION('',(0.,-1.,0.));
#2569=DIRECTION('',(1.,0.,0.));
#2570=DIRECTION('',(0.,1.,0.));
#2571=DIRECTION('',(0.,0.,1.));
#2572=DIRECTION('',(0.,0.,1.));
#2573=DIRECTION('',(-1.,0.,0.));
#2574=DIRECTION('',(0.,-1.,0.));
#2575=DIRECTION('',(0.,0.,-1.));
#2576=DIRECTION('',(1.,0.,0.));
#2577=DIRECTION('',(0.,0.,-1.));
#2578=DIRECTION('',(-1.,0.,0.));
#2579=DIRECTION('',(0.,0.,1.));
#2580=DIRECTION('',(1.,0.,0.));
#2581=DIRECTION('',(0.,1.,0.));
#2582=DIRECTION('',(0.,0.,1.));
#2583=DIRECTION('',(1.,0.,0.));
#2584=DIRECTION('',(0.,1.,0.));
#2585=DIRECTION('',(-1.,0.,0.));
#2586=DIRECTION('',(0.,1.,0.));
#2587=DIRECTION('',(-1.,0.,0.));
#2588=DIRECTION('',(0.,0.,1.));
#2589=DIRECTION('',(0.,0.,1.));
#2590=DIRECTION('',(0.,-1.,0.));
#2591=DIRECTION('',(0.,0.,-1.));
#2592=DIRECTION('',(0.,0.,1.));
#2593=DIRECTION('',(1.,0.,0.));
#2594=DIRECTION('',(1.,0.,0.));
#2595=DIRECTION('',(0.,1.,0.));
#2596=DIRECTION('',(0.,1.,0.));
#2597=DIRECTION('',(0.,0.,-1.));
#2598=DIRECTION('',(-1.,0.,0.));
#2599=DIRECTION('',(0.,1.,0.));
#2600=DIRECTION('',(-1.,0.,0.));
#2601=DIRECTION('',(0.,-1.,0.));
#2602=DIRECTION('',(0.,0.,-1.));
#2603=DIRECTION('',(-1.,0.,0.));
#2604=DIRECTION('',(0.,0.,-1.));
#2605=DIRECTION('',(-1.,0.,0.));
#2606=DIRECTION('',(0.,0.,-1.));
#2607=DIRECTION('',(-1.,0.,0.));
#2608=DIRECTION('',(0.,0.,-1.));
#2609=DIRECTION('',(-1.,0.,0.));
#2610=DIRECTION('',(0.,-1.,0.));
#2611=DIRECTION('',(-1.,0.,0.));
#2612=DIRECTION('',(0.,1.,0.));
#2613=DIRECTION('',(0.,0.,-1.));
#2614=DIRECTION('',(-1.,0.,0.));
#2615=DIRECTION('',(0.,0.,-1.));
#2616=DIRECTION('',(-1.,0.,0.));
#2617=DIRECTION('',(0.,0.,-1.));
#2618=DIRECTION('',(-1.,0.,0.));
#2619=DIRECTION('',(0.,1.,0.));
#2620=DIRECTION('',(1.,0.,0.));
#2621=DIRECTION('',(0.,-1.,0.));
#2622=DIRECTION('',(0.,0.,-1.));
#2623=DIRECTION('',(-1.,0.,0.));
#2624=DIRECTION('',(0.,0.,-1.));
#2625=DIRECTION('',(-1.,0.,0.));
#2626=DIRECTION('',(0.,1.,0.));
#2627=DIRECTION('',(0.,0.,-1.));
#2628=DIRECTION('',(-1.,0.,0.));
#2629=DIRECTION('',(0.,-1.,0.));
#2630=DIRECTION('',(1.,0.,0.));
#2631=DIRECTION('',(0.,0.,-1.));
#2632=DIRECTION('',(-1.,0.,0.));
#2633=DIRECTION('',(0.,-1.,0.));
#2634=DIRECTION('',(0.,0.,-1.));
#2635=DIRECTION('',(1.,0.,0.));
#2636=DIRECTION('',(0.,0.,1.));
#2637=DIRECTION('',(0.,0.,-1.));
#2638=DIRECTION('',(1.,0.,0.));
#2639=DIRECTION('',(0.,0.,-1.));
#2640=DIRECTION('',(1.,0.,0.));
#2641=DIRECTION('',(0.,0.,-1.));
#2642=DIRECTION('',(0.,-1.,0.));
#2643=DIRECTION('',(0.,0.,-1.));
#2644=DIRECTION('',(0.,0.,1.));
#2645=DIRECTION('',(1.,0.,0.));
#2646=DIRECTION('',(0.,0.,1.));
#2647=DIRECTION('',(1.,0.,0.));
#2648=DIRECTION('',(0.,0.,1.));
#2649=DIRECTION('',(-1.,0.,0.));
#2650=DIRECTION('',(0.,0.,1.));
#2651=DIRECTION('',(0.,1.,0.));
#2652=DIRECTION('',(1.,0.,0.));
#2653=DIRECTION('',(0.,0.,-1.));
#2654=DIRECTION('',(0.,1.,0.));
#2655=DIRECTION('',(0.,0.,-1.));
#2656=DIRECTION('',(-1.,0.,0.));
#2657=DIRECTION('',(0.,0.,1.));
#2658=DIRECTION('',(0.,0.,1.));
#2659=DIRECTION('',(0.,1.,0.));
#2660=DIRECTION('',(0.,0.,-1.));
#2661=DIRECTION('',(0.,0.,-1.));
#2662=DIRECTION('',(-1.,0.,0.));
#2663=DIRECTION('',(0.,0.,1.));
#2664=DIRECTION('',(-1.,0.,0.));
#2665=DIRECTION('',(0.,0.,-1.));
#2666=DIRECTION('',(1.,0.,0.));
#2667=DIRECTION('',(0.,0.,-1.));
#2668=DIRECTION('',(0.,-1.,0.));
#2669=DIRECTION('',(0.,0.,-1.));
#2670=DIRECTION('',(0.,1.,0.));
#2671=DIRECTION('',(0.,0.,1.));
#2672=DIRECTION('',(-1.,0.,0.));
#2673=DIRECTION('',(0.,0.,1.));
#2674=DIRECTION('',(0.,0.,-1.));
#2675=DIRECTION('',(-1.,0.,0.));
#2676=DIRECTION('',(0.,0.,-1.));
#2677=DIRECTION('',(-1.,0.,0.));
#2678=DIRECTION('',(1.,0.,0.));
#2679=DIRECTION('',(0.,0.,-1.));
#2680=DIRECTION('',(0.,1.,0.));
#2681=DIRECTION('',(0.,0.,-1.));
#2682=DIRECTION('',(0.,0.,1.));
#2683=DIRECTION('',(1.,0.,0.));
#2684=DIRECTION('',(0.,0.,1.));
#2685=DIRECTION('',(1.,0.,0.));
#2686=DIRECTION('',(0.,0.,1.));
#2687=DIRECTION('',(-1.,0.,0.));
#2688=DIRECTION('',(0.,0.,1.));
#2689=DIRECTION('',(0.,-1.,0.));
#2690=DIRECTION('',(-1.,0.,0.));
#2691=DIRECTION('',(0.,0.,1.));
#2692=DIRECTION('',(0.,-1.,0.));
#2693=DIRECTION('',(0.,0.,-1.));
#2694=DIRECTION('',(-1.,0.,0.));
#2695=DIRECTION('',(0.,0.,1.));
#2696=DIRECTION('',(0.,0.,1.));
#2697=DIRECTION('',(0.,-1.,0.));
#2698=DIRECTION('',(0.,0.,-1.));
#2699=DIRECTION('',(0.,0.,-1.));
#2700=DIRECTION('',(-1.,0.,0.));
#2701=DIRECTION('',(0.,0.,1.));
#2702=DIRECTION('',(-1.,0.,0.));
#2703=DIRECTION('',(0.,0.,-1.));
#2704=DIRECTION('',(1.,0.,0.));
#2705=DIRECTION('',(0.,0.,-1.));
#2706=DIRECTION('',(0.,1.,0.));
#2707=DIRECTION('',(0.,0.,-1.));
#2708=DIRECTION('',(0.,-1.,0.));
#2709=DIRECTION('',(0.,0.,-1.));
#2710=DIRECTION('',(1.,0.,0.));
#2711=DIRECTION('',(1.,0.,0.));
#2712=DIRECTION('',(0.,-1.,0.));
#2713=DIRECTION('',(0.,0.,-1.));
#2714=DIRECTION('',(1.,0.,0.));
#2715=DIRECTION('',(0.,0.,1.));
#2716=DIRECTION('',(1.,0.,0.));
#2717=DIRECTION('',(0.,0.,-1.));
#2718=DIRECTION('',(-1.,0.,0.));
#2719=DIRECTION('',(0.,0.,-1.));
#2720=DIRECTION('',(1.,0.,0.));
#2721=DIRECTION('',(0.,0.,-1.));
#2722=DIRECTION('',(1.,0.,0.));
#2723=DIRECTION('',(0.,0.,-1.));
#2724=DIRECTION('',(-1.,0.,0.));
#2725=DIRECTION('',(0.,0.,-1.));
#2726=DIRECTION('',(-1.,0.,0.));
#2727=DIRECTION('',(0.,0.,1.));
#2728=DIRECTION('',(1.,0.,0.));
#2729=DIRECTION('',(0.,0.,1.));
#2730=DIRECTION('',(1.,0.,0.));
#2731=DIRECTION('',(0.,0.,-1.));
#2732=DIRECTION('',(-1.,0.,0.));
#2733=DIRECTION('',(0.,0.,1.));
#2734=DIRECTION('',(1.,0.,0.));
#2735=DIRECTION('',(1.,0.,0.));
#2736=DIRECTION('',(0.,1.,0.));
#2737=DIRECTION('',(0.,0.,1.));
#2738=DIRECTION('',(1.,0.,0.));
#2739=DIRECTION('',(0.,1.,0.));
#2740=DIRECTION('',(-1.,0.,0.));
#2741=DIRECTION('',(0.,-1.,0.));
#2742=DIRECTION('',(1.,0.,0.));
#2743=DIRECTION('',(0.,1.,0.));
#2744=DIRECTION('',(0.,0.,1.));
#2745=DIRECTION('',(0.,0.,-1.));
#2746=DIRECTION('',(1.,0.,0.));
#2747=DIRECTION('',(0.,0.,1.));
#2748=DIRECTION('',(-1.,0.,0.));
#2749=DIRECTION('',(-1.,0.,0.));
#2750=DIRECTION('',(0.,0.,1.));
#2751=DIRECTION('',(0.,0.,1.));
#2752=DIRECTION('',(0.,1.,0.));
#2753=DIRECTION('',(0.,0.,-1.));
#2754=DIRECTION('',(0.,1.,0.));
#2755=DIRECTION('',(0.,0.,1.));
#2756=DIRECTION('',(0.,0.,1.));
#2757=DIRECTION('',(1.,0.,0.));
#2758=DIRECTION('',(1.,0.,0.));
#2759=DIRECTION('',(0.,0.,-1.));
#2760=DIRECTION('',(0.,0.,1.));
#2761=DIRECTION('',(0.,-1.,0.));
#2762=DIRECTION('',(0.,-1.,0.));
#2763=DIRECTION('',(0.,0.,-1.));
#2764=DIRECTION('',(-1.,0.,0.));
#2765=DIRECTION('',(0.,-1.,0.));
#2766=DIRECTION('',(0.,0.,-1.));
#2767=DIRECTION('',(1.,0.,0.));
#2768=DIRECTION('',(0.,0.,1.));
#2769=DIRECTION('',(1.,0.,0.));
#2770=DIRECTION('',(0.,0.,-1.));
#2771=DIRECTION('',(0.,0.,-1.));
#2772=DIRECTION('',(-1.,0.,0.));
#2773=DIRECTION('',(0.,0.,1.));
#2774=DIRECTION('',(0.,0.,1.));
#2775=DIRECTION('',(-1.,0.,0.));
#2776=DIRECTION('',(0.,0.,-1.));
#2777=DIRECTION('',(0.,0.,1.));
#2778=DIRECTION('',(-1.,0.,0.));
#2779=DIRECTION('',(0.,0.,-1.));
#2780=DIRECTION('',(-1.,0.,0.));
#2781=DIRECTION('',(0.,0.,1.));
#2782=DIRECTION('',(-1.,0.,0.));
#2783=DIRECTION('',(0.,0.,-1.));
#2784=DIRECTION('',(0.,0.,1.));
#2785=DIRECTION('',(-1.,0.,0.));
#2786=DIRECTION('',(0.,1.,0.));
#2787=DIRECTION('',(0.,0.,1.));
#2788=DIRECTION('',(-1.,0.,0.));
#2789=DIRECTION('',(0.,0.,-1.));
#2790=DIRECTION('',(-1.,0.,0.));
#2791=DIRECTION('',(0.,0.,1.));
#2792=DIRECTION('',(1.,0.,0.));
#2793=DIRECTION('',(0.,1.,0.));
#2794=DIRECTION('',(0.,-1.,0.));
#2795=DIRECTION('',(1.,0.,0.));
#2796=DIRECTION('',(0.,0.,1.));
#2797=DIRECTION('',(1.,0.,0.));
#2798=DIRECTION('',(0.,-1.,0.));
#2799=DIRECTION('',(0.,1.,0.));
#2800=DIRECTION('',(-1.,0.,0.));
#2801=DIRECTION('',(0.,-1.,0.));
#2802=DIRECTION('',(0.,-1.,0.));
#2803=DIRECTION('',(1.,0.,0.));
#2804=DIRECTION('',(0.,0.,-1.));
#2805=DIRECTION('',(0.,1.,0.));
#2806=DIRECTION('',(0.,0.,1.));
#2807=DIRECTION('',(1.,0.,0.));
#2808=DIRECTION('',(0.,0.,-1.));
#2809=DIRECTION('',(0.,1.,0.));
#2810=DIRECTION('',(1.,0.,0.));
#2811=DIRECTION('',(0.,0.,-1.));
#2812=DIRECTION('',(0.,1.,0.));
#2813=DIRECTION('',(0.,0.,-1.));
#2814=DIRECTION('',(0.,1.,0.));
#2815=DIRECTION('',(0.,0.,1.));
#2816=DIRECTION('',(-1.,0.,0.));
#2817=DIRECTION('',(0.,0.,-1.));
#2818=DIRECTION('',(-1.,0.,0.));
#2819=DIRECTION('',(0.,0.,1.));
#2820=DIRECTION('',(0.,-1.,0.));
#2821=DIRECTION('',(0.,0.,-1.));
#2822=DIRECTION('',(0.,-1.,0.));
#2823=DIRECTION('',(0.,0.,-1.));
#2824=DIRECTION('',(1.,0.,0.));
#2825=DIRECTION('',(0.,0.,1.));
#2826=DIRECTION('',(1.,0.,0.));
#2827=DIRECTION('',(0.,-1.,0.));
#2828=DIRECTION('',(1.,0.,0.));
#2829=DIRECTION('',(0.,1.,0.));
#2830=DIRECTION('',(-1.,0.,0.));
#2831=DIRECTION('',(0.,1.,0.));
#2832=DIRECTION('',(0.,0.,1.));
#2833=DIRECTION('',(0.,0.,-1.));
#2834=DIRECTION('',(0.,0.,1.));
#2835=DIRECTION('',(1.,0.,0.));
#2836=DIRECTION('',(1.,0.,0.));
#2837=DIRECTION('',(0.,0.,-1.));
#2838=DIRECTION('',(0.,0.,1.));
#2839=DIRECTION('',(0.,-1.,0.));
#2840=DIRECTION('',(0.,-1.,0.));
#2841=DIRECTION('',(0.,0.,-1.));
#2842=DIRECTION('',(0.,0.,1.));
#2843=DIRECTION('',(-1.,0.,0.));
#2844=DIRECTION('',(-1.,0.,0.));
#2845=DIRECTION('',(0.,0.,1.));
#2846=DIRECTION('',(0.,1.,0.));
#2847=DIRECTION('',(0.,0.,-1.));
#2848=DIRECTION('',(-1.,0.,0.));
#2849=DIRECTION('',(0.,0.,1.));
#2850=DIRECTION('',(-1.,0.,0.));
#2851=DIRECTION('',(1.,0.,0.));
#2852=DIRECTION('',(0.,1.,0.));
#2853=DIRECTION('',(1.,0.,0.));
#2854=DIRECTION('',(0.,1.,0.));
#2855=DIRECTION('',(1.,0.,0.));
#2856=DIRECTION('',(0.,1.,0.));
#2857=DIRECTION('',(1.,0.,0.));
#2858=DIRECTION('',(0.,1.,0.));
#2859=DIRECTION('',(1.,0.,0.));
#2860=DIRECTION('',(0.,1.,0.));
#2861=CARTESIAN_POINT('',(0.,0.,0.));
#2862=CARTESIAN_POINT('',(0.,-0.009146158466794,0.));
#2863=CARTESIAN_POINT('',(-0.0003,-0.009146158466794,0.00085));
#2864=CARTESIAN_POINT('',(-0.0003,-0.009146158466794,0.00085));
#2865=CARTESIAN_POINT('',(-0.0003,-0.009146158466794,0.00035));
#2866=CARTESIAN_POINT('',(-0.0003,-0.009146158466794,0.00035));
#2867=CARTESIAN_POINT('',(0.,-0.009146158466794,0.00035));
#2868=CARTESIAN_POINT('',(0.,-0.009146158466794,0.00035));
#2869=CARTESIAN_POINT('',(0.,-0.009146158466794,0.00085));
#2870=CARTESIAN_POINT('',(0.,-0.009146158466794,0.00085));
#2871=CARTESIAN_POINT('',(0.0001763368661945,-0.0001736631338055,0.));
#2872=CARTESIAN_POINT('',(0.,-0.0006161584667941,0.));
#2873=CARTESIAN_POINT('',(0.,-0.000616158466794105,0.));
#2874=CARTESIAN_POINT('',(0.,-0.000616158466794105,0.0012));
#2875=CARTESIAN_POINT('',(0.0001763368661945,-0.0001736631338055,0.));
#2876=CARTESIAN_POINT('',(0.0001763368661945,-0.00065,0.));
#2877=CARTESIAN_POINT('',(0.0001763368661945,-0.00065,0.));
#2878=CARTESIAN_POINT('',(0.0001763368661945,-0.00065,0.0012));
#2879=CARTESIAN_POINT('',(0.0001763368661945,-0.0001736631338055,0.0012));
#2880=CARTESIAN_POINT('',(0.0001763368661945,-0.00065,0.));
#2881=CARTESIAN_POINT('',(0.,-0.00065,0.));
#2882=CARTESIAN_POINT('',(0.0009,-0.00065,0.));
#2883=CARTESIAN_POINT('',(0.0009,-0.00065,0.));
#2884=CARTESIAN_POINT('',(0.0009,-0.00065,0.0012));
#2885=CARTESIAN_POINT('',(0.,-0.00065,0.0012));
#2886=CARTESIAN_POINT('',(0.0009,-0.00095,0.));
#2887=CARTESIAN_POINT('',(0.0009,-0.00095,0.0012));
#2888=CARTESIAN_POINT('',(0.00111213203435598,-0.000737867965644018,0.0012));
#2889=CARTESIAN_POINT('',(0.0009,-0.00095,0.));
#2890=CARTESIAN_POINT('',(0.00111213203435598,-0.000737867965644018,0.));
#2891=CARTESIAN_POINT('',(0.001112132034356,-0.000737867965644,0.));
#2892=CARTESIAN_POINT('',(0.001112132034356,-0.000737867965644,0.));
#2893=CARTESIAN_POINT('',(0.001112132034356,-0.000737867965644,0.));
#2894=CARTESIAN_POINT('',(0.00132426406871198,-0.000525735931288122,0.));
#2895=CARTESIAN_POINT('',(0.00132426406871198,-0.000525735931288122,0.));
#2896=CARTESIAN_POINT('',(0.00132426406871198,-0.000525735931288122,0.0012));
#2897=CARTESIAN_POINT('',(0.001112132034356,-0.000737867965644,0.0012));
#2898=CARTESIAN_POINT('',(0.0009,-0.00095,0.));
#2899=CARTESIAN_POINT('',(0.0009,-0.00095,0.));
#2900=CARTESIAN_POINT('',(0.0009,-0.00035,0.));
#2901=CARTESIAN_POINT('',(0.0009,-0.00035,0.));
#2902=CARTESIAN_POINT('',(0.0009,-0.00035,0.0012));
#2903=CARTESIAN_POINT('',(0.0009,-0.00095,0.0012));
#2904=CARTESIAN_POINT('',(0.0009,-0.00035,0.));
#2905=CARTESIAN_POINT('',(0.,-0.00035,0.));
#2906=CARTESIAN_POINT('',(0.0001518838386539,-0.00035,0.));
#2907=CARTESIAN_POINT('',(0.0001518838386539,-0.00035,0.));
#2908=CARTESIAN_POINT('',(0.0001518838386539,-0.00035,0.0012));
#2909=CARTESIAN_POINT('',(0.,-0.00035,0.0012));
#2910=CARTESIAN_POINT('',(0.0001518838386539,-0.0001981161613461,0.));
#2911=CARTESIAN_POINT('',(0.0001518838386539,-0.0001981161613461,0.0012));
#2912=CARTESIAN_POINT('',(0.,-0.0001981161613461,0.0012));
#2913=CARTESIAN_POINT('',(0.0001518838386539,-0.0001981161613461,0.));
#2914=CARTESIAN_POINT('',(0.,-0.0001981161613461,0.));
#2915=CARTESIAN_POINT('',(0.,-0.0001981161613461,0.));
#2916=CARTESIAN_POINT('',(0.,-0.005646158466794,0.));
#2917=CARTESIAN_POINT('',(0.,-0.005646158466794,0.));
#2918=CARTESIAN_POINT('',(0.,0.0002038415332059,0.));
#2919=CARTESIAN_POINT('',(0.,0.0002038415332059,0.));
#2920=CARTESIAN_POINT('',(0.,0.0002038415332059,0.0012));
#2921=CARTESIAN_POINT('',(0.,0.,0.0012));
#2922=CARTESIAN_POINT('',(0.00015,0.0002038415332059,0.));
#2923=CARTESIAN_POINT('',(0.00015,0.0002038415332059,0.0012));
#2924=CARTESIAN_POINT('',(0.00015,0.0003538415332059,0.0012));
#2925=CARTESIAN_POINT('',(0.00015,0.0002038415332059,0.));
#2926=CARTESIAN_POINT('',(0.00015,0.0003538415332059,0.));
#2927=CARTESIAN_POINT('',(0.00015,0.0003538415332059,0.));
#2928=CARTESIAN_POINT('',(0.00015,0.0003538415332059,0.));
#2929=CARTESIAN_POINT('',(0.,0.0003538415332059,0.));
#2930=CARTESIAN_POINT('',(0.0009,0.0003538415332059,0.));
#2931=CARTESIAN_POINT('',(0.0009,0.0003538415332059,0.));
#2932=CARTESIAN_POINT('',(0.0009,0.0003538415332059,0.0012));
#2933=CARTESIAN_POINT('',(0.,0.0003538415332059,0.0012));
#2934=CARTESIAN_POINT('',(0.0009,0.0009538415332059,0.));
#2935=CARTESIAN_POINT('',(0.0009,0.0009538415332059,0.));
#2936=CARTESIAN_POINT('',(0.00132426406871196,0.000529577464493936,0.));
#2937=CARTESIAN_POINT('',(0.001324264068712,0.0005295774644939,0.));
#2938=CARTESIAN_POINT('',(0.00132426406871196,0.000529577464493936,0.0012));
#2939=CARTESIAN_POINT('',(0.0009,0.0009538415332059,0.0012));
#2940=CARTESIAN_POINT('',(0.001324264068712,0.0005295774644939,0.));
#2941=CARTESIAN_POINT('',(0.001324264068712,0.0005295774644939,0.));
#2942=CARTESIAN_POINT('',(0.00111213203435596,0.000741709498849936,0.));
#2943=CARTESIAN_POINT('',(0.00111213203435596,0.000741709498849936,0.));
#2944=CARTESIAN_POINT('',(0.00111213203435596,0.000741709498849936,0.0012));
#2945=CARTESIAN_POINT('',(0.001324264068712,0.0005295774644939,0.0012));
#2946=CARTESIAN_POINT('',(0.0009,0.0009538415332059,0.));
#2947=CARTESIAN_POINT('',(0.0009,0.0009538415332059,0.0012));
#2948=CARTESIAN_POINT('',(0.0009,0.0006538415332059,0.0012));
#2949=CARTESIAN_POINT('',(0.0009,0.0009538415332059,0.));
#2950=CARTESIAN_POINT('',(0.0009,0.0006538415332059,0.));
#2951=CARTESIAN_POINT('',(0.0009,0.0006538415332059,0.));
#2952=CARTESIAN_POINT('',(0.0009,0.0006538415332059,0.));
#2953=CARTESIAN_POINT('',(0.,0.0006538415332059,0.));
#2954=CARTESIAN_POINT('',(9.18485099360515E-21,0.0006538415332059,0.));
#2955=CARTESIAN_POINT('',(1.83697019872103E-20,0.0006538415332059,0.));
#2956=CARTESIAN_POINT('',(9.18485099360515E-21,0.0006538415332059,0.0012));
#2957=CARTESIAN_POINT('',(0.,0.0006538415332059,0.0012));
#2958=CARTESIAN_POINT('',(0.,-0.005646158466794,0.));
#2959=CARTESIAN_POINT('',(0.,-0.00065,0.00085));
#2960=CARTESIAN_POINT('',(7.96888596776846E-18,-0.000649999999999968,0.00085));
#2961=CARTESIAN_POINT('',(0.,-0.00565,0.00035));
#2962=CARTESIAN_POINT('',(7.96888596776846E-18,-0.000649999999999968,0.00035));
#2963=CARTESIAN_POINT('',(1.59377719355369E-17,-0.000649999999999972,-1.144899223456E-5));
#2964=CARTESIAN_POINT('',(7.96888596776846E-18,-0.000649999999999968,0.));
#2965=CARTESIAN_POINT('',(0.,0.,0.));
#2966=CARTESIAN_POINT('',(0.,0.,0.0012));
#2967=CARTESIAN_POINT('',(7.96888596776846E-18,-0.000649999999999968,0.0012));
#2968=CARTESIAN_POINT('',(1.59377719355369E-17,-0.000649999999999972,-1.144899223456E-5));
#2969=CARTESIAN_POINT('',(0.0003,-0.0001303847577293,-1.144899223456E-5));
#2970=CARTESIAN_POINT('',(0.0003,-0.0001303847577293,0.0012));
#2971=CARTESIAN_POINT('',(-0.0003,-0.0001303847577293,0.0012));
#2972=CARTESIAN_POINT('',(-0.0003,-0.0001303847577293,0.));
#2973=CARTESIAN_POINT('',(-0.0003,-0.0001303847577293,0.00085));
#2974=CARTESIAN_POINT('',(0.0003,-0.0001303847577293,0.00085));
#2975=CARTESIAN_POINT('',(0.,0.,0.0012));
#2976=CARTESIAN_POINT('',(-0.0003,0.0003538415332059,0.0012));
#2977=CARTESIAN_POINT('',(-0.0003,0.0003538415332059,0.0012));
#2978=CARTESIAN_POINT('',(0.,0.0003538415332059,0.0012));
#2979=CARTESIAN_POINT('',(0.,0.0003538415332059,0.));
#2980=CARTESIAN_POINT('',(0.,0.0003538415332059,0.));
#2981=CARTESIAN_POINT('',(-0.0003,0.0003538415332059,0.));
#2982=CARTESIAN_POINT('',(-0.0003,0.0003538415332059,0.));
#2983=CARTESIAN_POINT('',(0.,0.,0.));
#2984=CARTESIAN_POINT('',(0.0003,-0.0001303847577293,0.));
#2985=CARTESIAN_POINT('',(-0.0003,-0.0001303847577293,0.));
#2986=CARTESIAN_POINT('',(-0.0003,0.0003538415332059,0.));
#2987=CARTESIAN_POINT('',(0.0003,-0.0001303847577293,-1.144899223456E-5));
#2988=CARTESIAN_POINT('',(0.0003,-0.0001303847577293,0.00035));
#2989=CARTESIAN_POINT('',(-0.0003,-0.0001303847577293,0.00035));
#2990=CARTESIAN_POINT('',(-0.0003,-0.0001303847577293,0.));
#2991=CARTESIAN_POINT('',(-0.0003,-0.00565,0.00035));
#2992=CARTESIAN_POINT('',(-0.0003,0.0003538415332059,0.00035));
#2993=CARTESIAN_POINT('',(-0.0003,-0.00065,0.00085));
#2994=CARTESIAN_POINT('',(-0.0003,0.0003538415332059,0.00085));
#2995=CARTESIAN_POINT('',(-0.0003,0.0003538415332059,0.));
#2996=CARTESIAN_POINT('',(0.0363,0.0063,-0.001853841533206));
#2997=CARTESIAN_POINT('',(0.0343,0.0063,-0.001853841533206));
#2998=CARTESIAN_POINT('',(0.,0.,-0.0042));
#2999=CARTESIAN_POINT('',(-0.00245,0.0133,-0.0042));
#3000=CARTESIAN_POINT('',(-0.00245,0.0133,-0.0042));
#3001=CARTESIAN_POINT('',(-0.00245,0.0118,-0.0042));
#3002=CARTESIAN_POINT('',(-0.00245,0.0118,-0.0042));
#3003=CARTESIAN_POINT('',(-0.00305,0.0118,-0.0042));
#3004=CARTESIAN_POINT('',(-0.00305,0.0118,-0.0042));
#3005=CARTESIAN_POINT('',(-0.00305,0.0133,-0.0042));
#3006=CARTESIAN_POINT('',(-0.00305,0.0133,-0.0042));
#3007=CARTESIAN_POINT('',(0.,0.,-0.0042));
#3008=CARTESIAN_POINT('',(-0.00245,0.,-0.0042));
#3009=CARTESIAN_POINT('',(-0.00245,0.0218,-0.0042));
#3010=CARTESIAN_POINT('',(-0.00245,0.0203,-0.0042));
#3011=CARTESIAN_POINT('',(-0.00245,0.0203,-0.0042));
#3012=CARTESIAN_POINT('',(-0.00305,0.0203,-0.0042));
#3013=CARTESIAN_POINT('',(-0.00305,0.,-0.0042));
#3014=CARTESIAN_POINT('',(-0.00305,0.0218,-0.0042));
#3015=CARTESIAN_POINT('',(-0.00305,0.0218,-0.0042));
#3016=CARTESIAN_POINT('',(-0.00305,0.0118,0.001));
#3017=CARTESIAN_POINT('',(-0.00305,0.0118,0.001));
#3018=CARTESIAN_POINT('',(-0.00305,0.0118,0.001));
#3019=CARTESIAN_POINT('',(-0.00305,0.0118,0.001));
#3020=CARTESIAN_POINT('',(-0.00305,0.0133,0.001));
#3021=CARTESIAN_POINT('',(-0.00305,0.0133,0.001));
#3022=CARTESIAN_POINT('',(-0.00305,0.0118,0.001));
#3023=CARTESIAN_POINT('',(-0.00305,0.0203,0.001));
#3024=CARTESIAN_POINT('',(-0.00305,0.0203,0.001));
#3025=CARTESIAN_POINT('',(-0.00305,0.0118,0.001));
#3026=CARTESIAN_POINT('',(-0.00305,0.0218,0.001));
#3027=CARTESIAN_POINT('',(-0.00305,0.0218,0.001));
#3028=CARTESIAN_POINT('',(-0.00245,0.0118,0.001));
#3029=CARTESIAN_POINT('',(-0.00245,0.0118,0.001));
#3030=CARTESIAN_POINT('',(-0.00245,0.0118,0.001));
#3031=CARTESIAN_POINT('',(-0.00245,0.0118,0.001));
#3032=CARTESIAN_POINT('',(-0.00305,0.0133,0.001));
#3033=CARTESIAN_POINT('',(-0.00305,0.0133,0.001));
#3034=CARTESIAN_POINT('',(-0.00245,0.0133,0.001));
#3035=CARTESIAN_POINT('',(-0.00245,0.0133,0.001));
#3036=CARTESIAN_POINT('',(-0.00245,0.0203,0.001));
#3037=CARTESIAN_POINT('',(-0.00245,0.0203,0.001));
#3038=CARTESIAN_POINT('',(-0.00245,0.0203,0.001));
#3039=CARTESIAN_POINT('',(-0.00245,0.0203,0.001));
#3040=CARTESIAN_POINT('',(-0.00305,0.0218,0.001));
#3041=CARTESIAN_POINT('',(-0.00305,0.0218,0.001));
#3042=CARTESIAN_POINT('',(-0.00245,0.0218,0.001));
#3043=CARTESIAN_POINT('',(-0.00245,0.0218,0.001));
#3044=CARTESIAN_POINT('',(0.,0.,0.0039));
#3045=CARTESIAN_POINT('',(0.0705,0.026,0.0039));
#3046=CARTESIAN_POINT('',(0.001,0.026,0.0039));
#3047=CARTESIAN_POINT('',(0.0705,0.026,0.0039));
#3048=CARTESIAN_POINT('',(0.001,0.026,0.0039));
#3049=CARTESIAN_POINT('',(-0.004,0.02415,0.0039));
#3050=CARTESIAN_POINT('',(-0.004,0.02415,0.0039));
#3051=CARTESIAN_POINT('',(-0.004,0.00915,0.0039));
#3052=CARTESIAN_POINT('',(-0.004,0.00915,0.0039));
#3053=CARTESIAN_POINT('',(0.001,0.0075,0.0039));
#3054=CARTESIAN_POINT('',(0.001,0.0075,0.0039));
#3055=CARTESIAN_POINT('',(0.0705,0.0075,0.0039));
#3056=CARTESIAN_POINT('',(0.0705,0.0075,0.0039));
#3057=CARTESIAN_POINT('',(0.001,0.026,0.001));
#3058=CARTESIAN_POINT('',(0.001,0.026,0.001));
#3059=CARTESIAN_POINT('',(0.001,0.026,0.001));
#3060=CARTESIAN_POINT('',(0.001,0.026,0.001));
#3061=CARTESIAN_POINT('',(8.7165982857807E-18,0.02563,0.001));
#3062=CARTESIAN_POINT('',(0.,0.02563,0.001));
#3063=CARTESIAN_POINT('',(-0.00399999999999995,0.02415,0.001));
#3064=CARTESIAN_POINT('',(-0.004,0.02415,0.001));
#3065=CARTESIAN_POINT('',(-0.004,0.02415,0.001));
#3066=CARTESIAN_POINT('',(-0.004,0.,0.001));
#3067=CARTESIAN_POINT('',(-0.004,0.00915,0.001));
#3068=CARTESIAN_POINT('',(-0.004,0.00915,0.001));
#3069=CARTESIAN_POINT('',(-0.004,0.00915,0.001));
#3070=CARTESIAN_POINT('',(-0.004,0.00915,0.001));
#3071=CARTESIAN_POINT('',(-5.09575021068187E-18,0.00783,0.001));
#3072=CARTESIAN_POINT('',(-0.004,0.00915,0.001));
#3073=CARTESIAN_POINT('',(0.001,0.0075,0.001));
#3074=CARTESIAN_POINT('',(0.001,0.0075,0.001));
#3075=CARTESIAN_POINT('',(-0.00245,0.0133,0.001));
#3076=CARTESIAN_POINT('',(-0.00245,0.,0.001));
#3077=CARTESIAN_POINT('',(-0.00245,0.0133,0.001));
#3078=CARTESIAN_POINT('',(-0.00245,0.0133,0.001));
#3079=CARTESIAN_POINT('',(0.001,0.001,0.0068));
#3080=CARTESIAN_POINT('',(0.0706,0.001,0.0068));
#3081=CARTESIAN_POINT('',(0.0706,0.001,0.0068));
#3082=CARTESIAN_POINT('',(0.0706,0.001,0.001));
#3083=CARTESIAN_POINT('',(0.,0.001,0.001));
#3084=CARTESIAN_POINT('',(0.0508,0.001,0.001));
#3085=CARTESIAN_POINT('',(0.0508,0.001,0.0068));
#3086=CARTESIAN_POINT('',(0.0508,0.001,0.0068));
#3087=CARTESIAN_POINT('',(0.,0.001,0.0068));
#3088=CARTESIAN_POINT('',(0.0706,0.001,0.0068));
#3089=CARTESIAN_POINT('',(0.0706,0.,0.001));
#3090=CARTESIAN_POINT('',(0.0706,0.0261,0.001));
#3091=CARTESIAN_POINT('',(0.0706,0.,0.0068));
#3092=CARTESIAN_POINT('',(0.0706,0.0261,0.0068));
#3093=CARTESIAN_POINT('',(0.0706,0.0261,0.0068));
#3094=CARTESIAN_POINT('',(0.0705,0.026,0.001));
#3095=CARTESIAN_POINT('',(0.0705,0.026,0.001));
#3096=CARTESIAN_POINT('',(0.0705,0.026,0.001));
#3097=CARTESIAN_POINT('',(0.,0.026,0.001));
#3098=CARTESIAN_POINT('',(0.0705,0.0075,0.001));
#3099=CARTESIAN_POINT('',(0.0705,0.0075,0.001));
#3100=CARTESIAN_POINT('',(0.0705,0.0075,0.001));
#3101=CARTESIAN_POINT('',(0.0705,0.,0.001));
#3102=CARTESIAN_POINT('',(0.001,0.0075,0.001));
#3103=CARTESIAN_POINT('',(0.,0.0075,0.001));
#3104=CARTESIAN_POINT('',(0.001,0.0261,0.0068));
#3105=CARTESIAN_POINT('',(0.001,0.001,0.0068));
#3106=CARTESIAN_POINT('',(0.001,0.001,0.0068));
#3107=CARTESIAN_POINT('',(0.001,0.001,0.001));
#3108=CARTESIAN_POINT('',(0.001,0.,0.001));
#3109=CARTESIAN_POINT('',(0.001,0.0065,0.001));
#3110=CARTESIAN_POINT('',(0.001,0.0065,0.0068));
#3111=CARTESIAN_POINT('',(0.001,0.0065,0.0068));
#3112=CARTESIAN_POINT('',(0.001,0.,0.0068));
#3113=CARTESIAN_POINT('',(0.001,0.001,0.0068));
#3114=CARTESIAN_POINT('',(0.,0.001,0.0068));
#3115=CARTESIAN_POINT('',(0.0208,0.001,0.0068));
#3116=CARTESIAN_POINT('',(0.0208,0.001,0.0068));
#3117=CARTESIAN_POINT('',(0.0208,0.001,0.001));
#3118=CARTESIAN_POINT('',(0.,0.001,0.001));
#3119=CARTESIAN_POINT('',(0.0508,0.,0.0068));
#3120=CARTESIAN_POINT('',(0.0508,0.001,0.0068));
#3121=CARTESIAN_POINT('',(0.0508,0.001,0.));
#3122=CARTESIAN_POINT('',(0.0508,0.,0.));
#3123=CARTESIAN_POINT('',(0.0508,0.,0.));
#3124=CARTESIAN_POINT('',(0.0508,0.,0.));
#3125=CARTESIAN_POINT('',(0.0508,0.,0.0068));
#3126=CARTESIAN_POINT('',(0.0508,0.,0.0068));
#3127=CARTESIAN_POINT('',(0.,0.,0.0068));
#3128=CARTESIAN_POINT('',(0.,0.,0.0068));
#3129=CARTESIAN_POINT('',(0.,0.0271,0.0068));
#3130=CARTESIAN_POINT('',(0.,0.0261,0.0068));
#3131=CARTESIAN_POINT('',(0.0706,0.0261,0.0068));
#3132=CARTESIAN_POINT('',(0.,0.,0.0068));
#3133=CARTESIAN_POINT('',(0.0716,0.,0.0068));
#3134=CARTESIAN_POINT('',(0.0716,0.,0.0068));
#3135=CARTESIAN_POINT('',(0.0716,0.0271,0.0068));
#3136=CARTESIAN_POINT('',(0.0716,0.0271,0.0068));
#3137=CARTESIAN_POINT('',(0.0706,0.0261,0.0068));
#3138=CARTESIAN_POINT('',(0.,0.0261,0.));
#3139=CARTESIAN_POINT('',(0.,0.0261,0.001));
#3140=CARTESIAN_POINT('',(0.,0.0261,0.001));
#3141=CARTESIAN_POINT('',(0.,0.0065,0.0068));
#3142=CARTESIAN_POINT('',(0.,0.0065,0.001));
#3143=CARTESIAN_POINT('',(0.,0.0065,0.001));
#3144=CARTESIAN_POINT('',(0.,0.0065,0.));
#3145=CARTESIAN_POINT('',(0.,0.0065,0.0068));
#3146=CARTESIAN_POINT('',(0.,0.0065,0.0068));
#3147=CARTESIAN_POINT('',(0.,0.,0.001));
#3148=CARTESIAN_POINT('',(0.,0.0271,0.001));
#3149=CARTESIAN_POINT('',(0.,0.,0.0068));
#3150=CARTESIAN_POINT('',(0.,0.0271,0.0068));
#3151=CARTESIAN_POINT('',(0.,0.,0.0068));
#3152=CARTESIAN_POINT('',(0.,0.,0.0068));
#3153=CARTESIAN_POINT('',(0.0208,0.,0.0068));
#3154=CARTESIAN_POINT('',(0.0208,0.001,0.0068));
#3155=CARTESIAN_POINT('',(0.0208,0.001,0.0068));
#3156=CARTESIAN_POINT('',(0.0208,0.,0.));
#3157=CARTESIAN_POINT('',(0.0208,0.,0.));
#3158=CARTESIAN_POINT('',(0.0208,0.001,0.));
#3159=CARTESIAN_POINT('',(0.0208,0.001,0.));
#3160=CARTESIAN_POINT('',(0.0208,0.001,0.0068));
#3161=CARTESIAN_POINT('',(0.,0.,0.001));
#3162=CARTESIAN_POINT('',(0.,0.001,0.001));
#3163=CARTESIAN_POINT('',(0.,0.0271,0.001));
#3164=CARTESIAN_POINT('',(0.,0.0271,0.001));
#3165=CARTESIAN_POINT('',(0.,0.,0.0025));
#3166=CARTESIAN_POINT('',(0.06605,0.,0.0025));
#3167=CARTESIAN_POINT('',(0.06605,0.0271,0.0025));
#3168=CARTESIAN_POINT('',(0.06605,0.0301,0.0025));
#3169=CARTESIAN_POINT('',(0.0716,0.0271,0.0025));
#3170=CARTESIAN_POINT('',(0.07055,0.0271,0.0025));
#3171=CARTESIAN_POINT('',(0.07055,-0.003,0.0025));
#3172=CARTESIAN_POINT('',(0.07055,0.0301,0.0025));
#3173=CARTESIAN_POINT('',(0.0683,0.0301,0.0025));
#3174=CARTESIAN_POINT('',(0.0683,0.0301,0.0025));
#3175=CARTESIAN_POINT('',(0.06705,0.0301,0.0025));
#3176=CARTESIAN_POINT('',(0.,0.,0.0025));
#3177=CARTESIAN_POINT('',(0.0033,0.0301,0.0025));
#3178=CARTESIAN_POINT('',(0.00105,0.0301,0.0025));
#3179=CARTESIAN_POINT('',(0.00555,0.0301,0.0025));
#3180=CARTESIAN_POINT('',(0.00105,0.,0.0025));
#3181=CARTESIAN_POINT('',(0.00105,0.0271,0.0025));
#3182=CARTESIAN_POINT('',(0.0716,0.0271,0.0025));
#3183=CARTESIAN_POINT('',(0.00555,0.0271,0.0025));
#3184=CARTESIAN_POINT('',(0.00555,0.,0.0025));
#3185=CARTESIAN_POINT('',(0.0033,0.0301,0.0025));
#3186=CARTESIAN_POINT('',(0.00205,0.0301,0.0025));
#3187=CARTESIAN_POINT('',(0.,0.,0.0025));
#3188=CARTESIAN_POINT('',(0.0683,-0.003,0.0025));
#3189=CARTESIAN_POINT('',(0.07055,-0.003,0.0025));
#3190=CARTESIAN_POINT('',(0.06605,-0.003,0.0025));
#3191=CARTESIAN_POINT('',(0.07055,0.,0.0025));
#3192=CARTESIAN_POINT('',(0.07055,0.,0.0025));
#3193=CARTESIAN_POINT('',(0.,0.,0.0025));
#3194=CARTESIAN_POINT('',(0.06605,0.,0.0025));
#3195=CARTESIAN_POINT('',(0.06605,0.,0.0025));
#3196=CARTESIAN_POINT('',(0.0683,-0.003,0.0025));
#3197=CARTESIAN_POINT('',(0.06705,-0.003,0.0025));
#3198=CARTESIAN_POINT('',(0.,0.,0.0025));
#3199=CARTESIAN_POINT('',(0.00105,-0.003,0.0025));
#3200=CARTESIAN_POINT('',(0.00105,-0.003,0.0025));
#3201=CARTESIAN_POINT('',(0.00105,0.,0.0025));
#3202=CARTESIAN_POINT('',(0.0033,-0.003,0.0025));
#3203=CARTESIAN_POINT('',(0.00555,-0.003,0.0025));
#3204=CARTESIAN_POINT('',(0.00555,0.,0.0025));
#3205=CARTESIAN_POINT('',(0.00555,0.,0.0025));
#3206=CARTESIAN_POINT('',(0.,0.,0.0025));
#3207=CARTESIAN_POINT('',(0.0033,-0.003,0.0025));
#3208=CARTESIAN_POINT('',(0.00205,-0.003,0.0025));
#3209=CARTESIAN_POINT('',(0.,0.,0.));
#3210=CARTESIAN_POINT('',(0.,0.,0.));
#3211=CARTESIAN_POINT('',(0.06605,0.,0.));
#3212=CARTESIAN_POINT('',(0.06605,0.,0.));
#3213=CARTESIAN_POINT('',(0.07055,0.,0.));
#3214=CARTESIAN_POINT('',(0.07055,0.,0.));
#3215=CARTESIAN_POINT('',(0.,0.,0.));
#3216=CARTESIAN_POINT('',(0.0716,0.,0.));
#3217=CARTESIAN_POINT('',(0.0716,0.,0.));
#3218=CARTESIAN_POINT('',(0.06605,0.,0.));
#3219=CARTESIAN_POINT('',(0.06605,0.,0.));
#3220=CARTESIAN_POINT('',(0.06605,-0.003,0.));
#3221=CARTESIAN_POINT('',(0.06605,-0.003,0.));
#3222=CARTESIAN_POINT('',(0.0683,-0.003,0.));
#3223=CARTESIAN_POINT('',(0.0683,-0.003,0.));
#3224=CARTESIAN_POINT('',(0.07055,-0.003,0.));
#3225=CARTESIAN_POINT('',(0.07055,-0.003,0.));
#3226=CARTESIAN_POINT('',(0.07055,-0.003,0.));
#3227=CARTESIAN_POINT('',(0.07055,0.,0.));
#3228=CARTESIAN_POINT('',(0.0716,0.,0.));
#3229=CARTESIAN_POINT('',(0.0716,0.,0.));
#3230=CARTESIAN_POINT('',(0.0716,0.0271,0.));
#3231=CARTESIAN_POINT('',(0.0716,0.0271,0.));
#3232=CARTESIAN_POINT('',(0.07055,-0.003,0.));
#3233=CARTESIAN_POINT('',(0.07055,0.0271,0.));
#3234=CARTESIAN_POINT('',(0.07055,0.0271,0.));
#3235=CARTESIAN_POINT('',(0.07055,-0.003,0.));
#3236=CARTESIAN_POINT('',(0.07055,0.0301,0.));
#3237=CARTESIAN_POINT('',(0.07055,0.0301,0.));
#3238=CARTESIAN_POINT('',(0.0683,0.0301,0.));
#3239=CARTESIAN_POINT('',(0.0683,0.0301,0.));
#3240=CARTESIAN_POINT('',(0.06605,0.0301,0.));
#3241=CARTESIAN_POINT('',(0.06605,0.0301,0.));
#3242=CARTESIAN_POINT('',(0.06605,0.,0.));
#3243=CARTESIAN_POINT('',(0.06605,0.,0.));
#3244=CARTESIAN_POINT('',(0.06605,0.0271,0.));
#3245=CARTESIAN_POINT('',(0.06605,0.0271,0.));
#3246=CARTESIAN_POINT('',(0.0716,0.0271,0.));
#3247=CARTESIAN_POINT('',(0.,0.0271,0.));
#3248=CARTESIAN_POINT('',(0.00555,0.0271,0.));
#3249=CARTESIAN_POINT('',(0.00555,0.0271,0.));
#3250=CARTESIAN_POINT('',(0.00105,0.0271,0.));
#3251=CARTESIAN_POINT('',(0.00105,0.0271,0.));
#3252=CARTESIAN_POINT('',(0.0716,0.0271,0.));
#3253=CARTESIAN_POINT('',(0.,0.0271,0.));
#3254=CARTESIAN_POINT('',(0.,0.0271,0.));
#3255=CARTESIAN_POINT('',(0.,0.0271,0.));
#3256=CARTESIAN_POINT('',(0.00555,0.,0.));
#3257=CARTESIAN_POINT('',(0.00555,0.,0.));
#3258=CARTESIAN_POINT('',(0.00555,0.0301,0.));
#3259=CARTESIAN_POINT('',(0.00555,0.0301,0.));
#3260=CARTESIAN_POINT('',(0.0033,0.0301,0.));
#3261=CARTESIAN_POINT('',(0.0033,0.0301,0.));
#3262=CARTESIAN_POINT('',(0.00105,0.0301,0.));
#3263=CARTESIAN_POINT('',(0.00105,0.0301,0.));
#3264=CARTESIAN_POINT('',(0.00105,-0.003,0.));
#3265=CARTESIAN_POINT('',(0.00105,-0.003,0.));
#3266=CARTESIAN_POINT('',(0.,0.0271,0.));
#3267=CARTESIAN_POINT('',(0.,0.,0.));
#3268=CARTESIAN_POINT('',(0.,0.,0.));
#3269=CARTESIAN_POINT('',(0.,0.,0.));
#3270=CARTESIAN_POINT('',(0.00105,-0.003,0.));
#3271=CARTESIAN_POINT('',(0.00105,0.,0.));
#3272=CARTESIAN_POINT('',(0.00105,0.,0.));
#3273=CARTESIAN_POINT('',(0.00105,0.,0.));
#3274=CARTESIAN_POINT('',(0.00105,-0.003,0.));
#3275=CARTESIAN_POINT('',(0.00105,-0.003,0.));
#3276=CARTESIAN_POINT('',(0.0033,-0.003,0.));
#3277=CARTESIAN_POINT('',(0.0033,-0.003,0.));
#3278=CARTESIAN_POINT('',(0.00555,-0.003,0.));
#3279=CARTESIAN_POINT('',(0.00555,-0.003,0.));
#3280=CARTESIAN_POINT('',(0.00555,0.,0.));
#3281=CARTESIAN_POINT('',(0.00555,0.,0.));
#3282=CARTESIAN_POINT('',(0.00555,0.,0.));
#3283=CARTESIAN_POINT('',(0.00555,0.,0.));
#3284=CARTESIAN_POINT('',(0.,0.,0.));
#3285=CARTESIAN_POINT('',(0.,0.,0.));
#3286=CARTESIAN_POINT('',(0.,0.,0.));
#3287=CARTESIAN_POINT('',(0.001,0.001,0.0068));
#3288=CARTESIAN_POINT('',(0.001,0.001,0.));
#3289=CARTESIAN_POINT('',(0.,0.,0.));
#3290=CARTESIAN_POINT('',(0.0683,0.0301,0.));
#3291=CARTESIAN_POINT('',(0.06705,0.0301,0.));
#3292=CARTESIAN_POINT('',(0.0033,0.0301,0.));
#3293=CARTESIAN_POINT('',(0.00455,0.0301,0.));
#3294=CARTESIAN_POINT('',(0.0683,-0.003,0.));
#3295=CARTESIAN_POINT('',(0.06955,-0.003,0.));
#3296=CARTESIAN_POINT('',(0.0033,-0.003,0.));
#3297=CARTESIAN_POINT('',(0.00205,-0.003,0.));
#3298=CARTESIAN_POINT('',(0.0683,0.0301,0.));
#3299=CARTESIAN_POINT('',(0.0033,0.0301,0.));
#3300=CARTESIAN_POINT('',(0.0683,-0.003,0.));
#3301=CARTESIAN_POINT('',(0.0033,-0.003,0.));
#3302=CARTESIAN_POINT('',(0.004,0.00525,-0.0068));
#3303=CARTESIAN_POINT('',(0.0463,0.0063,-0.001853841533206));
#3304=CARTESIAN_POINT('',(0.,0.,0.0025));
#3305=CARTESIAN_POINT('',(0.0003,0.0182,0.0025));
#3306=CARTESIAN_POINT('',(0.0003,0.0003,0.0025));
#3307=CARTESIAN_POINT('',(0.0003,0.0182,0.0025));
#3308=CARTESIAN_POINT('',(0.0003,0.0003,0.0025));
#3309=CARTESIAN_POINT('',(0.0692,0.0003,0.0025));
#3310=CARTESIAN_POINT('',(0.0692,0.0003,0.0025));
#3311=CARTESIAN_POINT('',(0.0692,0.0182,0.0025));
#3312=CARTESIAN_POINT('',(0.0692,0.0182,0.0025));
#3313=CARTESIAN_POINT('',(0.0695,0.0185,0.0011));
#3314=CARTESIAN_POINT('',(0.0695,0.0185,0.0011));
#3315=CARTESIAN_POINT('',(0.0695,0.0185,0.0022));
#3316=CARTESIAN_POINT('',(0.0695,0.0185,0.0011));
#3317=CARTESIAN_POINT('',(0.,0.0185,0.0011));
#3318=CARTESIAN_POINT('',(0.,0.0185,0.0011));
#3319=CARTESIAN_POINT('',(0.,0.0185,0.0011));
#3320=CARTESIAN_POINT('',(0.,0.0185,0.0022));
#3321=CARTESIAN_POINT('',(0.,0.0185,0.0022));
#3322=CARTESIAN_POINT('',(0.0003,0.0182,0.0022));
#3323=CARTESIAN_POINT('',(0.000299999999999994,0.0182,0.0022));
#3324=CARTESIAN_POINT('',(0.0003,0.0182,0.0022));
#3325=CARTESIAN_POINT('',(0.0003,0.,0.0022));
#3326=CARTESIAN_POINT('',(0.0003,0.0003,0.0022));
#3327=CARTESIAN_POINT('',(0.0003,0.0003,0.0022));
#3328=CARTESIAN_POINT('',(0.0692,0.0182,0.0022));
#3329=CARTESIAN_POINT('',(0.0692,0.0182,0.0022));
#3330=CARTESIAN_POINT('',(0.0692,0.0182,0.0022));
#3331=CARTESIAN_POINT('',(0.,0.0182,0.0022));
#3332=CARTESIAN_POINT('',(0.0692,0.0003,0.0022));
#3333=CARTESIAN_POINT('',(0.0692,0.0003,0.0022));
#3334=CARTESIAN_POINT('',(0.0692,0.0003,0.0022));
#3335=CARTESIAN_POINT('',(0.0692,0.,0.0022));
#3336=CARTESIAN_POINT('',(0.0003,0.0003,0.0022));
#3337=CARTESIAN_POINT('',(0.,0.0003,0.0022));
#3338=CARTESIAN_POINT('',(0.0696,0.00625,0.));
#3339=CARTESIAN_POINT('',(0.,0.00625,0.0022));
#3340=CARTESIAN_POINT('',(0.0695,0.00625,0.0022));
#3341=CARTESIAN_POINT('',(0.0696,0.00625,0.0022));
#3342=CARTESIAN_POINT('',(0.0695,0.00625,0.));
#3343=CARTESIAN_POINT('',(0.0695,0.00625,0.));
#3344=CARTESIAN_POINT('',(0.0696,0.00625,0.));
#3345=CARTESIAN_POINT('',(0.0696,0.00625,0.));
#3346=CARTESIAN_POINT('',(0.0696,0.00625,0.));
#3347=CARTESIAN_POINT('',(0.0696,0.01185,0.));
#3348=CARTESIAN_POINT('',(0.07,0.01185,0.));
#3349=CARTESIAN_POINT('',(0.07,0.01185,0.));
#3350=CARTESIAN_POINT('',(0.07,0.01185,0.0022));
#3351=CARTESIAN_POINT('',(0.0696,0.01185,0.));
#3352=CARTESIAN_POINT('',(0.0696,0.01225,0.));
#3353=CARTESIAN_POINT('',(0.0696,0.01225,0.));
#3354=CARTESIAN_POINT('',(0.0696,0.01225,0.0022));
#3355=CARTESIAN_POINT('',(0.0696,0.01185,0.0022));
#3356=CARTESIAN_POINT('',(0.0696,0.00665,0.));
#3357=CARTESIAN_POINT('',(0.0696,0.00665,0.));
#3358=CARTESIAN_POINT('',(0.07,0.00665,0.));
#3359=CARTESIAN_POINT('',(0.07,0.00665,0.));
#3360=CARTESIAN_POINT('',(0.07,0.00665,0.0022));
#3361=CARTESIAN_POINT('',(0.0696,0.00665,0.0022));
#3362=CARTESIAN_POINT('',(0.0695,0.01225,0.));
#3363=CARTESIAN_POINT('',(0.0695,0.01225,0.));
#3364=CARTESIAN_POINT('',(0.0695,0.01225,0.));
#3365=CARTESIAN_POINT('',(0.0695,0.01225,0.));
#3366=CARTESIAN_POINT('',(0.0695,0.01225,0.0022));
#3367=CARTESIAN_POINT('',(0.,0.01225,0.0022));
#3368=CARTESIAN_POINT('',(0.,0.,0.0011));
#3369=CARTESIAN_POINT('',(0.,0.025,0.0011));
#3370=CARTESIAN_POINT('',(0.,0.025,0.0011));
#3371=CARTESIAN_POINT('',(0.0695,0.,0.0011));
#3372=CARTESIAN_POINT('',(0.0695,0.025,0.0011));
#3373=CARTESIAN_POINT('',(0.0695,0.025,0.0011));
#3374=CARTESIAN_POINT('',(0.,0.,0.0022));
#3375=CARTESIAN_POINT('',(0.0695,0.,0.0022));
#3376=CARTESIAN_POINT('',(0.,0.025,0.0022));
#3377=CARTESIAN_POINT('',(0.,0.,0.0022));
#3378=CARTESIAN_POINT('',(0.,0.,0.0022));
#3379=CARTESIAN_POINT('',(0.0695,0.,0.0022));
#3380=CARTESIAN_POINT('',(0.0695,0.,0.0022));
#3381=CARTESIAN_POINT('',(0.07,0.01185,0.0022));
#3382=CARTESIAN_POINT('',(0.0695,0.,0.));
#3383=CARTESIAN_POINT('',(0.0695,0.,0.));
#3384=CARTESIAN_POINT('',(0.0695,0.,0.));
#3385=CARTESIAN_POINT('',(0.0695,0.,0.));
#3386=CARTESIAN_POINT('',(0.07,0.01185,0.));
#3387=CARTESIAN_POINT('',(0.07,0.,0.));
#3388=CARTESIAN_POINT('',(0.0695,0.,0.));
#3389=CARTESIAN_POINT('',(0.0695,0.,0.));
#3390=CARTESIAN_POINT('',(0.0695,0.025,0.));
#3391=CARTESIAN_POINT('',(0.0695,0.025,0.));
#3392=CARTESIAN_POINT('',(0.0695,0.025,0.));
#3393=CARTESIAN_POINT('',(0.,0.025,0.));
#3394=CARTESIAN_POINT('',(0.,0.025,0.));
#3395=CARTESIAN_POINT('',(0.,0.025,0.));
#3396=CARTESIAN_POINT('',(0.,0.025,0.));
#3397=CARTESIAN_POINT('',(0.,0.,0.));
#3398=CARTESIAN_POINT('',(0.,0.,0.));
#3399=CARTESIAN_POINT('',(0.,0.,0.));
#3400=CARTESIAN_POINT('',(0.,0.,0.));
#3401=CARTESIAN_POINT('',(0.,0.,0.));
#3402=CARTESIAN_POINT('',(0.,0.,0.));
#3403=CARTESIAN_POINT('',(0.0692,0.0003,0.));
#3404=CARTESIAN_POINT('',(0.0692,0.0182,0.));
#3405=CARTESIAN_POINT('',(0.0692,0.0003,0.));
#3406=CARTESIAN_POINT('',(0.0692,0.0182,0.));
#3407=CARTESIAN_POINT('',(0.0003,0.0182,0.));
#3408=CARTESIAN_POINT('',(0.0003,0.0182,0.));
#3409=CARTESIAN_POINT('',(0.0003,0.0003,0.));
#3410=CARTESIAN_POINT('',(0.0003,0.0003,0.));
#3411=CARTESIAN_POINT('',(0.0692,0.0182,0.0022));
#3412=CARTESIAN_POINT('',(0.0003,0.0182,0.0022));
#3413=CARTESIAN_POINT('',(0.0003,0.0182,-0.0003));
#3414=CARTESIAN_POINT('',(0.0692,0.0182,0.0022));
#3415=CARTESIAN_POINT('',(0.0692,0.0182,-0.0003));
#3416=CARTESIAN_POINT('',(0.,0.0182,-0.0003));
#3417=CARTESIAN_POINT('',(0.0692,0.0003,0.0022));
#3418=CARTESIAN_POINT('',(0.0692,0.0003,0.0022));
#3419=CARTESIAN_POINT('',(0.0692,0.0003,-0.0003));
#3420=CARTESIAN_POINT('',(0.0692,0.,-0.0003));
#3421=CARTESIAN_POINT('',(0.0003,0.0003,0.0022));
#3422=CARTESIAN_POINT('',(0.0003,0.0003,0.0022));
#3423=CARTESIAN_POINT('',(0.0003,0.0003,-0.0003));
#3424=CARTESIAN_POINT('',(0.,0.0003,-0.0003));
#3425=CARTESIAN_POINT('',(0.0003,0.0182,0.0022));
#3426=CARTESIAN_POINT('',(0.0003,0.,-0.0003));
#3427=CARTESIAN_POINT('',(0.,0.,-0.0003));
#3428=CARTESIAN_POINT('',(0.07465,0.0313,-0.0026));
#3429=CARTESIAN_POINT('',(0.0423,0.0063,-0.001853841533206));
#3430=CARTESIAN_POINT('',(0.0323,0.0063,-0.001853841533206));
#3431=CARTESIAN_POINT('',(0.0383,0.0063,-0.001853841533206));
#3432=CARTESIAN_POINT('',(0.0443,0.0063,-0.001853841533206));
#3433=CARTESIAN_POINT('',(0.0403,0.0063,-0.001853841533206));
#3434=MECHANICAL_DESIGN_GEOMETRIC_PRESENTATION_REPRESENTATION('',(#2036,
#2037,#10,#11,#12,#13,#14,#15,#16,#17,#18,#19,#2038,#20,#21,#22,#23,#24),
#3435);
#3435=(
GEOMETRIC_REPRESENTATION_CONTEXT(3)
GLOBAL_UNCERTAINTY_ASSIGNED_CONTEXT((#3439))
GLOBAL_UNIT_ASSIGNED_CONTEXT((#3445,#3444,#3443))
REPRESENTATION_CONTEXT('NHD-C0220BiZ-FSW-FBW-3V3M',
'TOP_LEVEL_ASSEMBLY_PART')
);
#3436=(
GEOMETRIC_REPRESENTATION_CONTEXT(3)
GLOBAL_UNCERTAINTY_ASSIGNED_CONTEXT((#3440))
GLOBAL_UNIT_ASSIGNED_CONTEXT((#3445,#3444,#3443))
REPRESENTATION_CONTEXT('PRT0001','COMPONENT_PART')
);
#3437=(
GEOMETRIC_REPRESENTATION_CONTEXT(3)
GLOBAL_UNCERTAINTY_ASSIGNED_CONTEXT((#3441))
GLOBAL_UNIT_ASSIGNED_CONTEXT((#3445,#3444,#3443))
REPRESENTATION_CONTEXT('1112W-3','COMPONENT_PART')
);
#3438=(
GEOMETRIC_REPRESENTATION_CONTEXT(3)
GLOBAL_UNCERTAINTY_ASSIGNED_CONTEXT((#3442))
GLOBAL_UNIT_ASSIGNED_CONTEXT((#3445,#3444,#3443))
REPRESENTATION_CONTEXT('LCD','COMPONENT_PART')
);
#3439=UNCERTAINTY_MEASURE_WITH_UNIT(LENGTH_MEASURE(1.E-8),#3445,
'DISTANCE_ACCURACY_VALUE','Maximum Tolerance applied to model');
#3440=UNCERTAINTY_MEASURE_WITH_UNIT(LENGTH_MEASURE(1.E-6),#3445,
'DISTANCE_ACCURACY_VALUE','Maximum Tolerance applied to model');
#3441=UNCERTAINTY_MEASURE_WITH_UNIT(LENGTH_MEASURE(1.E-6),#3445,
'DISTANCE_ACCURACY_VALUE','Maximum Tolerance applied to model');
#3442=UNCERTAINTY_MEASURE_WITH_UNIT(LENGTH_MEASURE(1.E-6),#3445,
'DISTANCE_ACCURACY_VALUE','Maximum Tolerance applied to model');
#3443=(
NAMED_UNIT(*)
SI_UNIT($,.STERADIAN.)
SOLID_ANGLE_UNIT()
);
#3444=(
NAMED_UNIT(*)
PLANE_ANGLE_UNIT()
SI_UNIT($,.RADIAN.)
);
#3445=(
LENGTH_UNIT()
NAMED_UNIT(*)
SI_UNIT($,.METRE.)
);
#3446=PRODUCT_DEFINITION_SHAPE('','',#3460);
#3447=PRODUCT_DEFINITION_SHAPE('','',#3461);
#3448=PRODUCT_DEFINITION_SHAPE(' ','NAUO PRDDFN',#35);
#3449=PRODUCT_DEFINITION_SHAPE(' ','NAUO PRDDFN',#36);
#3450=PRODUCT_DEFINITION_SHAPE('','',#3462);
#3451=PRODUCT_DEFINITION_SHAPE(' ','NAUO PRDDFN',#37);
#3452=PRODUCT_DEFINITION_SHAPE(' ','NAUO PRDDFN',#38);
#3453=PRODUCT_DEFINITION_SHAPE('','',#3463);
#3454=PRODUCT_DEFINITION_SHAPE(' ','NAUO PRDDFN',#39);
#3455=PRODUCT_DEFINITION_SHAPE(' ','NAUO PRDDFN',#40);
#3456=PRODUCT_DEFINITION_SHAPE(' ','NAUO PRDDFN',#41);
#3457=PRODUCT_DEFINITION_SHAPE(' ','NAUO PRDDFN',#42);
#3458=PRODUCT_DEFINITION_SHAPE(' ','NAUO PRDDFN',#43);
#3459=PRODUCT_DEFINITION_SHAPE(' ','NAUO PRDDFN',#44);
#3460=PRODUCT_DEFINITION('','',#3468,#3464);
#3461=PRODUCT_DEFINITION('','',#3469,#3465);
#3462=PRODUCT_DEFINITION('','',#3470,#3466);
#3463=PRODUCT_DEFINITION('','',#3471,#3467);
#3464=PRODUCT_DEFINITION_CONTEXT('',#3489,'design');
#3465=PRODUCT_DEFINITION_CONTEXT('',#3489,'design');
#3466=PRODUCT_DEFINITION_CONTEXT('',#3489,'design');
#3467=PRODUCT_DEFINITION_CONTEXT('',#3489,'design');
#3468=PRODUCT_DEFINITION_FORMATION_WITH_SPECIFIED_SOURCE('','',#3476,
 .NOT_KNOWN.);
#3469=PRODUCT_DEFINITION_FORMATION_WITH_SPECIFIED_SOURCE('','',#3477,
 .NOT_KNOWN.);
#3470=PRODUCT_DEFINITION_FORMATION_WITH_SPECIFIED_SOURCE('','',#3478,
 .NOT_KNOWN.);
#3471=PRODUCT_DEFINITION_FORMATION_WITH_SPECIFIED_SOURCE('','',#3479,
 .NOT_KNOWN.);
#3472=PRODUCT_RELATED_PRODUCT_CATEGORY('','',(#3476));
#3473=PRODUCT_RELATED_PRODUCT_CATEGORY('','',(#3477));
#3474=PRODUCT_RELATED_PRODUCT_CATEGORY('','',(#3478));
#3475=PRODUCT_RELATED_PRODUCT_CATEGORY('','',(#3479));
#3476=PRODUCT('NHD-C0220BiZ-FSW-FBW-3V3M','NHD-C0220BiZ-FSW-FBW-3V3M',
'NHD-C0220BiZ-FSW-FBW-3V3M',(#3484));
#3477=PRODUCT('PRT0001','PRT0001','PRT0001',(#3485));
#3478=PRODUCT('1112W-3','1112W-3','1112W-3',(#3486));
#3479=PRODUCT('LCD','LCD','LCD',(#3487));
#3480=PRODUCT_CATEGORY('','');
#3481=PRODUCT_CATEGORY('','');
#3482=PRODUCT_CATEGORY('','');
#3483=PRODUCT_CATEGORY('','');
#3484=PRODUCT_CONTEXT('',#3489,'mechanical');
#3485=PRODUCT_CONTEXT('',#3489,'mechanical');
#3486=PRODUCT_CONTEXT('',#3489,'mechanical');
#3487=PRODUCT_CONTEXT('',#3489,'mechanical');
#3488=APPLICATION_PROTOCOL_DEFINITION('international standard',
'ap242_managed_model_based_3d_engineering',2011,#3489);
#3489=APPLICATION_CONTEXT('managed model based 3d engineering');
ENDSEC;
END-ISO-10303-21;
