ISO-10303-21;
HEADER;
/* Generated by software containing ST-Developer
 * from STEP Tools, Inc. (www.steptools.com) 
 */
/* OPTION: using custom renumber hook */

FILE_DESCRIPTION(
/* description */ ('STEP AP242',
'CAx-IF Rec.Pracs.---Representation and Presentation of Product Manufa
cturing Information (PMI)---4.0---2014-10-13',
'CAx-IF Rec.Pracs.---3D Tessellated Geometry---0.4---2014-09-14','2;1'),

/* implementation_level */ '2;1');

FILE_NAME(
/* name */ '688ea3fc65539c40a5eff87b',
/* time_stamp */ '2025-08-02T23:49:16Z',
/* author */ (''),
/* organization */ (''),
/* preprocessor_version */ 'ST-DEVELOPER v20',
/* originating_system */ 'ONSHAPE BY PTC INC, 1.201',
/* authorisation */ '  ');

FILE_SCHEMA (('AP242_MANAGED_MODEL_BASED_3D_ENGINEERING_MIM_LF { 1 0 10303 442 1 1 4 }'));
ENDSEC;

DATA;
#10=SHAPE_REPRESENTATION_RELATIONSHIP('','',#3532,#11);
#11=ADVANCED_BREP_SHAPE_REPRESENTATION('',(#3530),#5936);
#12=CYLINDRICAL_SURFACE('',#3786,0.000425);
#13=CYLINDRICAL_SURFACE('',#3787,0.000425);
#14=CYLINDRICAL_SURFACE('',#3788,0.000425);
#15=CYLINDRICAL_SURFACE('',#3789,0.000425);
#16=CYLINDRICAL_SURFACE('',#3790,0.000425);
#17=CYLINDRICAL_SURFACE('',#3791,0.000425);
#18=CYLINDRICAL_SURFACE('',#3792,0.000425);
#19=CYLINDRICAL_SURFACE('',#3793,0.000425);
#20=CYLINDRICAL_SURFACE('',#3794,0.000425);
#21=CYLINDRICAL_SURFACE('',#3795,0.000425);
#22=CYLINDRICAL_SURFACE('',#3796,0.000425);
#23=CYLINDRICAL_SURFACE('',#3797,0.000425);
#24=CYLINDRICAL_SURFACE('',#3798,0.000425);
#25=CYLINDRICAL_SURFACE('',#3799,0.000425);
#26=CYLINDRICAL_SURFACE('',#3800,0.000425);
#27=CYLINDRICAL_SURFACE('',#3801,0.000425);
#28=CYLINDRICAL_SURFACE('',#3802,0.000425);
#29=CYLINDRICAL_SURFACE('',#3803,0.000425);
#30=CYLINDRICAL_SURFACE('',#3804,0.000425);
#31=CYLINDRICAL_SURFACE('',#3805,0.000425);
#32=CYLINDRICAL_SURFACE('',#3806,0.000425);
#33=CYLINDRICAL_SURFACE('',#3807,0.000425);
#34=CYLINDRICAL_SURFACE('',#3808,0.000425);
#35=CYLINDRICAL_SURFACE('',#3809,0.000425);
#36=CYLINDRICAL_SURFACE('',#3810,0.000425);
#37=CYLINDRICAL_SURFACE('',#3811,0.000425);
#38=CYLINDRICAL_SURFACE('',#3812,0.000425);
#39=CYLINDRICAL_SURFACE('',#3813,0.000425);
#40=CYLINDRICAL_SURFACE('',#3814,0.000425);
#41=CYLINDRICAL_SURFACE('',#3815,0.000425);
#42=CYLINDRICAL_SURFACE('',#3816,0.000425);
#43=CYLINDRICAL_SURFACE('',#3817,0.000425);
#44=CYLINDRICAL_SURFACE('',#3818,0.000425);
#45=CYLINDRICAL_SURFACE('',#3819,0.000425);
#46=CYLINDRICAL_SURFACE('',#3820,0.000425);
#47=CYLINDRICAL_SURFACE('',#3821,0.000425);
#48=CYLINDRICAL_SURFACE('',#3822,0.000425);
#49=CYLINDRICAL_SURFACE('',#3823,0.000425);
#50=CYLINDRICAL_SURFACE('',#3824,0.000425);
#51=CYLINDRICAL_SURFACE('',#3825,0.000425);
#52=CYLINDRICAL_SURFACE('',#3826,0.000425);
#53=CYLINDRICAL_SURFACE('',#3827,0.000425);
#54=CYLINDRICAL_SURFACE('',#3828,0.000425);
#55=CYLINDRICAL_SURFACE('',#3829,0.000425);
#56=CYLINDRICAL_SURFACE('',#3830,0.000425);
#57=CYLINDRICAL_SURFACE('',#3831,0.000425);
#58=CYLINDRICAL_SURFACE('',#3832,0.000425);
#59=CYLINDRICAL_SURFACE('',#3833,0.000425);
#60=CYLINDRICAL_SURFACE('',#3834,0.000425);
#61=CYLINDRICAL_SURFACE('',#3835,0.000425);
#62=CYLINDRICAL_SURFACE('',#3836,0.000425);
#63=CYLINDRICAL_SURFACE('',#3837,0.000425);
#64=CYLINDRICAL_SURFACE('',#3838,0.000425);
#65=CYLINDRICAL_SURFACE('',#3839,0.000425);
#66=CYLINDRICAL_SURFACE('',#3840,0.000425);
#67=CYLINDRICAL_SURFACE('',#3841,0.000425);
#68=CYLINDRICAL_SURFACE('',#3842,0.000425);
#69=CYLINDRICAL_SURFACE('',#3843,0.000425);
#70=CYLINDRICAL_SURFACE('',#3844,0.000425);
#71=CYLINDRICAL_SURFACE('',#3845,0.000425);
#72=CYLINDRICAL_SURFACE('',#3846,0.000425);
#73=CYLINDRICAL_SURFACE('',#3847,0.000425);
#74=CYLINDRICAL_SURFACE('',#3848,0.000425);
#75=CYLINDRICAL_SURFACE('',#3849,0.000425);
#76=CYLINDRICAL_SURFACE('',#3850,0.000425);
#77=CYLINDRICAL_SURFACE('',#3851,0.000425);
#78=CYLINDRICAL_SURFACE('',#3852,0.000425);
#79=CYLINDRICAL_SURFACE('',#3853,0.000425);
#80=CYLINDRICAL_SURFACE('',#3854,0.000425);
#81=CYLINDRICAL_SURFACE('',#3855,0.000425);
#82=CYLINDRICAL_SURFACE('',#3856,0.000425);
#83=CYLINDRICAL_SURFACE('',#3857,0.000425);
#84=CYLINDRICAL_SURFACE('',#3858,0.000425);
#85=CYLINDRICAL_SURFACE('',#3859,0.000425);
#86=CYLINDRICAL_SURFACE('',#3860,0.000425);
#87=CYLINDRICAL_SURFACE('',#3861,0.000425);
#88=CYLINDRICAL_SURFACE('',#3862,0.000425);
#89=CYLINDRICAL_SURFACE('',#3863,0.000425);
#90=CYLINDRICAL_SURFACE('',#3864,0.000425);
#91=CYLINDRICAL_SURFACE('',#3865,0.000425);
#92=CYLINDRICAL_SURFACE('',#3866,0.0007);
#93=LINE('',#4907,#446);
#94=LINE('',#4909,#447);
#95=LINE('',#4913,#448);
#96=LINE('',#4917,#449);
#97=LINE('',#4921,#450);
#98=LINE('',#4925,#451);
#99=LINE('',#4929,#452);
#100=LINE('',#4933,#453);
#101=LINE('',#4937,#454);
#102=LINE('',#4941,#455);
#103=LINE('',#4945,#456);
#104=LINE('',#4949,#457);
#105=LINE('',#4953,#458);
#106=LINE('',#4957,#459);
#107=LINE('',#4961,#460);
#108=LINE('',#4965,#461);
#109=LINE('',#4969,#462);
#110=LINE('',#4973,#463);
#111=LINE('',#4977,#464);
#112=LINE('',#4981,#465);
#113=LINE('',#4985,#466);
#114=LINE('',#4989,#467);
#115=LINE('',#4993,#468);
#116=LINE('',#4997,#469);
#117=LINE('',#5001,#470);
#118=LINE('',#5005,#471);
#119=LINE('',#5009,#472);
#120=LINE('',#5013,#473);
#121=LINE('',#5017,#474);
#122=LINE('',#5021,#475);
#123=LINE('',#5025,#476);
#124=LINE('',#5029,#477);
#125=LINE('',#5033,#478);
#126=LINE('',#5037,#479);
#127=LINE('',#5041,#480);
#128=LINE('',#5045,#481);
#129=LINE('',#5049,#482);
#130=LINE('',#5053,#483);
#131=LINE('',#5057,#484);
#132=LINE('',#5061,#485);
#133=LINE('',#5063,#486);
#134=LINE('',#5067,#487);
#135=LINE('',#5071,#488);
#136=LINE('',#5075,#489);
#137=LINE('',#5079,#490);
#138=LINE('',#5083,#491);
#139=LINE('',#5087,#492);
#140=LINE('',#5089,#493);
#141=LINE('',#5093,#494);
#142=LINE('',#5097,#495);
#143=LINE('',#5101,#496);
#144=LINE('',#5105,#497);
#145=LINE('',#5109,#498);
#146=LINE('',#5113,#499);
#147=LINE('',#5117,#500);
#148=LINE('',#5121,#501);
#149=LINE('',#5125,#502);
#150=LINE('',#5127,#503);
#151=LINE('',#5129,#504);
#152=LINE('',#5133,#505);
#153=LINE('',#5137,#506);
#154=LINE('',#5141,#507);
#155=LINE('',#5145,#508);
#156=LINE('',#5149,#509);
#157=LINE('',#5153,#510);
#158=LINE('',#5157,#511);
#159=LINE('',#5161,#512);
#160=LINE('',#5165,#513);
#161=LINE('',#5169,#514);
#162=LINE('',#5173,#515);
#163=LINE('',#5177,#516);
#164=LINE('',#5181,#517);
#165=LINE('',#5185,#518);
#166=LINE('',#5189,#519);
#167=LINE('',#5193,#520);
#168=LINE('',#5195,#521);
#169=LINE('',#5199,#522);
#170=LINE('',#5203,#523);
#171=LINE('',#5205,#524);
#172=LINE('',#5207,#525);
#173=LINE('',#5211,#526);
#174=LINE('',#5215,#527);
#175=LINE('',#5219,#528);
#176=LINE('',#5223,#529);
#177=LINE('',#5227,#530);
#178=LINE('',#5231,#531);
#179=LINE('',#5235,#532);
#180=LINE('',#5239,#533);
#181=LINE('',#5240,#534);
#182=LINE('',#5243,#535);
#183=LINE('',#5245,#536);
#184=LINE('',#5247,#537);
#185=LINE('',#5250,#538);
#186=LINE('',#5251,#539);
#187=LINE('',#5253,#540);
#188=LINE('',#5256,#541);
#189=LINE('',#5257,#542);
#190=LINE('',#5259,#543);
#191=LINE('',#5262,#544);
#192=LINE('',#5263,#545);
#193=LINE('',#5265,#546);
#194=LINE('',#5268,#547);
#195=LINE('',#5269,#548);
#196=LINE('',#5271,#549);
#197=LINE('',#5274,#550);
#198=LINE('',#5275,#551);
#199=LINE('',#5277,#552);
#200=LINE('',#5280,#553);
#201=LINE('',#5281,#554);
#202=LINE('',#5283,#555);
#203=LINE('',#5286,#556);
#204=LINE('',#5287,#557);
#205=LINE('',#5289,#558);
#206=LINE('',#5292,#559);
#207=LINE('',#5293,#560);
#208=LINE('',#5295,#561);
#209=LINE('',#5298,#562);
#210=LINE('',#5299,#563);
#211=LINE('',#5301,#564);
#212=LINE('',#5304,#565);
#213=LINE('',#5305,#566);
#214=LINE('',#5307,#567);
#215=LINE('',#5310,#568);
#216=LINE('',#5311,#569);
#217=LINE('',#5313,#570);
#218=LINE('',#5316,#571);
#219=LINE('',#5317,#572);
#220=LINE('',#5319,#573);
#221=LINE('',#5321,#574);
#222=LINE('',#5323,#575);
#223=LINE('',#5325,#576);
#224=LINE('',#5327,#577);
#225=LINE('',#5329,#578);
#226=LINE('',#5331,#579);
#227=LINE('',#5333,#580);
#228=LINE('',#5335,#581);
#229=LINE('',#5337,#582);
#230=LINE('',#5339,#583);
#231=LINE('',#5341,#584);
#232=LINE('',#5343,#585);
#233=LINE('',#5345,#586);
#234=LINE('',#5347,#587);
#235=LINE('',#5349,#588);
#236=LINE('',#5351,#589);
#237=LINE('',#5353,#590);
#238=LINE('',#5355,#591);
#239=LINE('',#5357,#592);
#240=LINE('',#5359,#593);
#241=LINE('',#5361,#594);
#242=LINE('',#5363,#595);
#243=LINE('',#5365,#596);
#244=LINE('',#5367,#597);
#245=LINE('',#5369,#598);
#246=LINE('',#5371,#599);
#247=LINE('',#5373,#600);
#248=LINE('',#5375,#601);
#249=LINE('',#5377,#602);
#250=LINE('',#5379,#603);
#251=LINE('',#5381,#604);
#252=LINE('',#5383,#605);
#253=LINE('',#5385,#606);
#254=LINE('',#5387,#607);
#255=LINE('',#5389,#608);
#256=LINE('',#5391,#609);
#257=LINE('',#5393,#610);
#258=LINE('',#5395,#611);
#259=LINE('',#5397,#612);
#260=LINE('',#5399,#613);
#261=LINE('',#5401,#614);
#262=LINE('',#5403,#615);
#263=LINE('',#5405,#616);
#264=LINE('',#5407,#617);
#265=LINE('',#5409,#618);
#266=LINE('',#5412,#619);
#267=LINE('',#5413,#620);
#268=LINE('',#5415,#621);
#269=LINE('',#5417,#622);
#270=LINE('',#5419,#623);
#271=LINE('',#5421,#624);
#272=LINE('',#5423,#625);
#273=LINE('',#5425,#626);
#274=LINE('',#5427,#627);
#275=LINE('',#5429,#628);
#276=LINE('',#5431,#629);
#277=LINE('',#5433,#630);
#278=LINE('',#5435,#631);
#279=LINE('',#5437,#632);
#280=LINE('',#5439,#633);
#281=LINE('',#5441,#634);
#282=LINE('',#5443,#635);
#283=LINE('',#5445,#636);
#284=LINE('',#5447,#637);
#285=LINE('',#5449,#638);
#286=LINE('',#5451,#639);
#287=LINE('',#5453,#640);
#288=LINE('',#5455,#641);
#289=LINE('',#5457,#642);
#290=LINE('',#5459,#643);
#291=LINE('',#5461,#644);
#292=LINE('',#5463,#645);
#293=LINE('',#5466,#646);
#294=LINE('',#5467,#647);
#295=LINE('',#5469,#648);
#296=LINE('',#5471,#649);
#297=LINE('',#5473,#650);
#298=LINE('',#5475,#651);
#299=LINE('',#5477,#652);
#300=LINE('',#5479,#653);
#301=LINE('',#5481,#654);
#302=LINE('',#5483,#655);
#303=LINE('',#5485,#656);
#304=LINE('',#5487,#657);
#305=LINE('',#5489,#658);
#306=LINE('',#5491,#659);
#307=LINE('',#5493,#660);
#308=LINE('',#5495,#661);
#309=LINE('',#5497,#662);
#310=LINE('',#5499,#663);
#311=LINE('',#5502,#664);
#312=LINE('',#5503,#665);
#313=LINE('',#5505,#666);
#314=LINE('',#5508,#667);
#315=LINE('',#5509,#668);
#316=LINE('',#5511,#669);
#317=LINE('',#5514,#670);
#318=LINE('',#5515,#671);
#319=LINE('',#5517,#672);
#320=LINE('',#5520,#673);
#321=LINE('',#5521,#674);
#322=LINE('',#5523,#675);
#323=LINE('',#5526,#676);
#324=LINE('',#5527,#677);
#325=LINE('',#5529,#678);
#326=LINE('',#5532,#679);
#327=LINE('',#5533,#680);
#328=LINE('',#5535,#681);
#329=LINE('',#5538,#682);
#330=LINE('',#5539,#683);
#331=LINE('',#5541,#684);
#332=LINE('',#5544,#685);
#333=LINE('',#5545,#686);
#334=LINE('',#5547,#687);
#335=LINE('',#5550,#688);
#336=LINE('',#5551,#689);
#337=LINE('',#5553,#690);
#338=LINE('',#5556,#691);
#339=LINE('',#5557,#692);
#340=LINE('',#5559,#693);
#341=LINE('',#5562,#694);
#342=LINE('',#5563,#695);
#343=LINE('',#5565,#696);
#344=LINE('',#5568,#697);
#345=LINE('',#5569,#698);
#346=LINE('',#5571,#699);
#347=LINE('',#5574,#700);
#348=LINE('',#5575,#701);
#349=LINE('',#5577,#702);
#350=LINE('',#5580,#703);
#351=LINE('',#5581,#704);
#352=LINE('',#5583,#705);
#353=LINE('',#5586,#706);
#354=LINE('',#5587,#707);
#355=LINE('',#5589,#708);
#356=LINE('',#5592,#709);
#357=LINE('',#5593,#710);
#358=LINE('',#5595,#711);
#359=LINE('',#5598,#712);
#360=LINE('',#5599,#713);
#361=LINE('',#5601,#714);
#362=LINE('',#5604,#715);
#363=LINE('',#5605,#716);
#364=LINE('',#5607,#717);
#365=LINE('',#5610,#718);
#366=LINE('',#5611,#719);
#367=LINE('',#5613,#720);
#368=LINE('',#5616,#721);
#369=LINE('',#5617,#722);
#370=LINE('',#5619,#723);
#371=LINE('',#5622,#724);
#372=LINE('',#5623,#725);
#373=LINE('',#5625,#726);
#374=LINE('',#5628,#727);
#375=LINE('',#5629,#728);
#376=LINE('',#5631,#729);
#377=LINE('',#5634,#730);
#378=LINE('',#5635,#731);
#379=LINE('',#5637,#732);
#380=LINE('',#5640,#733);
#381=LINE('',#5641,#734);
#382=LINE('',#5643,#735);
#383=LINE('',#5646,#736);
#384=LINE('',#5647,#737);
#385=LINE('',#5649,#738);
#386=LINE('',#5652,#739);
#387=LINE('',#5653,#740);
#388=LINE('',#5655,#741);
#389=LINE('',#5658,#742);
#390=LINE('',#5659,#743);
#391=LINE('',#5661,#744);
#392=LINE('',#5664,#745);
#393=LINE('',#5665,#746);
#394=LINE('',#5667,#747);
#395=LINE('',#5670,#748);
#396=LINE('',#5671,#749);
#397=LINE('',#5673,#750);
#398=LINE('',#5676,#751);
#399=LINE('',#5677,#752);
#400=LINE('',#5679,#753);
#401=LINE('',#5682,#754);
#402=LINE('',#5683,#755);
#403=LINE('',#5685,#756);
#404=LINE('',#5688,#757);
#405=LINE('',#5689,#758);
#406=LINE('',#5691,#759);
#407=LINE('',#5694,#760);
#408=LINE('',#5695,#761);
#409=LINE('',#5697,#762);
#410=LINE('',#5700,#763);
#411=LINE('',#5701,#764);
#412=LINE('',#5703,#765);
#413=LINE('',#5706,#766);
#414=LINE('',#5707,#767);
#415=LINE('',#5709,#768);
#416=LINE('',#5712,#769);
#417=LINE('',#5713,#770);
#418=LINE('',#5715,#771);
#419=LINE('',#5718,#772);
#420=LINE('',#5719,#773);
#421=LINE('',#5721,#774);
#422=LINE('',#5724,#775);
#423=LINE('',#5725,#776);
#424=LINE('',#5727,#777);
#425=LINE('',#5729,#778);
#426=LINE('',#5731,#779);
#427=LINE('',#5733,#780);
#428=LINE('',#5735,#781);
#429=LINE('',#5737,#782);
#430=LINE('',#5739,#783);
#431=LINE('',#5741,#784);
#432=LINE('',#5743,#785);
#433=LINE('',#5745,#786);
#434=LINE('',#5747,#787);
#435=LINE('',#5749,#788);
#436=LINE('',#5751,#789);
#437=LINE('',#5753,#790);
#438=LINE('',#5755,#791);
#439=LINE('',#5757,#792);
#440=LINE('',#5923,#793);
#441=LINE('',#5925,#794);
#442=LINE('',#5927,#795);
#443=LINE('',#5929,#796);
#444=LINE('',#5931,#797);
#445=LINE('',#5933,#798);
#446=VECTOR('',#3879,1.);
#447=VECTOR('',#3880,1.);
#448=VECTOR('',#3883,1.);
#449=VECTOR('',#3886,1.);
#450=VECTOR('',#3889,1.);
#451=VECTOR('',#3892,1.);
#452=VECTOR('',#3895,1.);
#453=VECTOR('',#3898,1.);
#454=VECTOR('',#3901,1.);
#455=VECTOR('',#3904,1.);
#456=VECTOR('',#3907,1.);
#457=VECTOR('',#3910,1.);
#458=VECTOR('',#3913,1.);
#459=VECTOR('',#3916,1.);
#460=VECTOR('',#3919,1.);
#461=VECTOR('',#3922,1.);
#462=VECTOR('',#3925,1.);
#463=VECTOR('',#3928,1.);
#464=VECTOR('',#3931,1.);
#465=VECTOR('',#3934,1.);
#466=VECTOR('',#3937,1.);
#467=VECTOR('',#3940,1.);
#468=VECTOR('',#3943,1.);
#469=VECTOR('',#3946,1.);
#470=VECTOR('',#3949,1.);
#471=VECTOR('',#3952,1.);
#472=VECTOR('',#3955,1.);
#473=VECTOR('',#3958,1.);
#474=VECTOR('',#3961,1.);
#475=VECTOR('',#3964,1.);
#476=VECTOR('',#3967,1.);
#477=VECTOR('',#3970,1.);
#478=VECTOR('',#3973,1.);
#479=VECTOR('',#3976,1.);
#480=VECTOR('',#3979,1.);
#481=VECTOR('',#3982,1.);
#482=VECTOR('',#3985,1.);
#483=VECTOR('',#3988,1.);
#484=VECTOR('',#3991,1.);
#485=VECTOR('',#3994,1.);
#486=VECTOR('',#3995,1.);
#487=VECTOR('',#3998,1.);
#488=VECTOR('',#4001,1.);
#489=VECTOR('',#4004,1.);
#490=VECTOR('',#4007,1.);
#491=VECTOR('',#4010,1.);
#492=VECTOR('',#4013,1.);
#493=VECTOR('',#4014,1.);
#494=VECTOR('',#4017,1.);
#495=VECTOR('',#4020,1.);
#496=VECTOR('',#4023,1.);
#497=VECTOR('',#4026,1.);
#498=VECTOR('',#4029,1.);
#499=VECTOR('',#4032,1.);
#500=VECTOR('',#4035,1.);
#501=VECTOR('',#4038,1.);
#502=VECTOR('',#4041,1.);
#503=VECTOR('',#4042,1.);
#504=VECTOR('',#4043,1.);
#505=VECTOR('',#4046,1.);
#506=VECTOR('',#4049,1.);
#507=VECTOR('',#4052,1.);
#508=VECTOR('',#4055,1.);
#509=VECTOR('',#4058,1.);
#510=VECTOR('',#4061,1.);
#511=VECTOR('',#4064,1.);
#512=VECTOR('',#4067,1.);
#513=VECTOR('',#4070,1.);
#514=VECTOR('',#4073,1.);
#515=VECTOR('',#4076,1.);
#516=VECTOR('',#4079,1.);
#517=VECTOR('',#4082,1.);
#518=VECTOR('',#4085,1.);
#519=VECTOR('',#4088,1.);
#520=VECTOR('',#4091,1.);
#521=VECTOR('',#4092,1.);
#522=VECTOR('',#4095,1.);
#523=VECTOR('',#4098,1.);
#524=VECTOR('',#4099,1.);
#525=VECTOR('',#4100,1.);
#526=VECTOR('',#4103,1.);
#527=VECTOR('',#4106,1.);
#528=VECTOR('',#4109,1.);
#529=VECTOR('',#4112,1.);
#530=VECTOR('',#4115,1.);
#531=VECTOR('',#4118,1.);
#532=VECTOR('',#4121,1.);
#533=VECTOR('',#4124,1.);
#534=VECTOR('',#4125,1.);
#535=VECTOR('',#4126,1.);
#536=VECTOR('',#4127,1.);
#537=VECTOR('',#4130,1.);
#538=VECTOR('',#4131,1.);
#539=VECTOR('',#4132,1.);
#540=VECTOR('',#4135,1.);
#541=VECTOR('',#4136,1.);
#542=VECTOR('',#4137,1.);
#543=VECTOR('',#4140,1.);
#544=VECTOR('',#4141,1.);
#545=VECTOR('',#4142,1.);
#546=VECTOR('',#4145,1.);
#547=VECTOR('',#4146,1.);
#548=VECTOR('',#4147,1.);
#549=VECTOR('',#4150,1.);
#550=VECTOR('',#4151,1.);
#551=VECTOR('',#4152,1.);
#552=VECTOR('',#4155,1.);
#553=VECTOR('',#4156,1.);
#554=VECTOR('',#4157,1.);
#555=VECTOR('',#4160,1.);
#556=VECTOR('',#4161,1.);
#557=VECTOR('',#4162,1.);
#558=VECTOR('',#4165,1.);
#559=VECTOR('',#4166,1.);
#560=VECTOR('',#4167,1.);
#561=VECTOR('',#4170,1.);
#562=VECTOR('',#4171,1.);
#563=VECTOR('',#4172,1.);
#564=VECTOR('',#4175,1.);
#565=VECTOR('',#4176,1.);
#566=VECTOR('',#4177,1.);
#567=VECTOR('',#4180,1.);
#568=VECTOR('',#4181,1.);
#569=VECTOR('',#4182,1.);
#570=VECTOR('',#4185,1.);
#571=VECTOR('',#4186,1.);
#572=VECTOR('',#4187,1.);
#573=VECTOR('',#4190,1.);
#574=VECTOR('',#4191,1.);
#575=VECTOR('',#4192,1.);
#576=VECTOR('',#4195,1.);
#577=VECTOR('',#4196,1.);
#578=VECTOR('',#4197,1.);
#579=VECTOR('',#4200,1.);
#580=VECTOR('',#4201,1.);
#581=VECTOR('',#4202,1.);
#582=VECTOR('',#4205,1.);
#583=VECTOR('',#4206,1.);
#584=VECTOR('',#4207,1.);
#585=VECTOR('',#4210,1.);
#586=VECTOR('',#4211,1.);
#587=VECTOR('',#4212,1.);
#588=VECTOR('',#4215,1.);
#589=VECTOR('',#4216,1.);
#590=VECTOR('',#4217,1.);
#591=VECTOR('',#4220,1.);
#592=VECTOR('',#4221,1.);
#593=VECTOR('',#4222,1.);
#594=VECTOR('',#4225,1.);
#595=VECTOR('',#4226,1.);
#596=VECTOR('',#4227,1.);
#597=VECTOR('',#4230,1.);
#598=VECTOR('',#4231,1.);
#599=VECTOR('',#4232,1.);
#600=VECTOR('',#4235,1.);
#601=VECTOR('',#4236,1.);
#602=VECTOR('',#4237,1.);
#603=VECTOR('',#4240,1.);
#604=VECTOR('',#4241,1.);
#605=VECTOR('',#4242,1.);
#606=VECTOR('',#4245,1.);
#607=VECTOR('',#4246,1.);
#608=VECTOR('',#4247,1.);
#609=VECTOR('',#4250,1.);
#610=VECTOR('',#4251,1.);
#611=VECTOR('',#4252,1.);
#612=VECTOR('',#4255,1.);
#613=VECTOR('',#4256,1.);
#614=VECTOR('',#4257,1.);
#615=VECTOR('',#4260,1.);
#616=VECTOR('',#4261,1.);
#617=VECTOR('',#4262,1.);
#618=VECTOR('',#4265,1.);
#619=VECTOR('',#4266,1.);
#620=VECTOR('',#4267,1.);
#621=VECTOR('',#4270,1.);
#622=VECTOR('',#4271,1.);
#623=VECTOR('',#4272,1.);
#624=VECTOR('',#4275,1.);
#625=VECTOR('',#4276,1.);
#626=VECTOR('',#4277,1.);
#627=VECTOR('',#4280,1.);
#628=VECTOR('',#4281,1.);
#629=VECTOR('',#4282,1.);
#630=VECTOR('',#4285,1.);
#631=VECTOR('',#4286,1.);
#632=VECTOR('',#4287,1.);
#633=VECTOR('',#4290,1.);
#634=VECTOR('',#4291,1.);
#635=VECTOR('',#4292,1.);
#636=VECTOR('',#4295,1.);
#637=VECTOR('',#4296,1.);
#638=VECTOR('',#4297,1.);
#639=VECTOR('',#4300,1.);
#640=VECTOR('',#4301,1.);
#641=VECTOR('',#4302,1.);
#642=VECTOR('',#4305,1.);
#643=VECTOR('',#4306,1.);
#644=VECTOR('',#4307,1.);
#645=VECTOR('',#4310,1.);
#646=VECTOR('',#4311,1.);
#647=VECTOR('',#4312,1.);
#648=VECTOR('',#4315,1.);
#649=VECTOR('',#4316,1.);
#650=VECTOR('',#4317,1.);
#651=VECTOR('',#4320,1.);
#652=VECTOR('',#4321,1.);
#653=VECTOR('',#4322,1.);
#654=VECTOR('',#4325,1.);
#655=VECTOR('',#4326,1.);
#656=VECTOR('',#4327,1.);
#657=VECTOR('',#4330,1.);
#658=VECTOR('',#4331,1.);
#659=VECTOR('',#4332,1.);
#660=VECTOR('',#4335,1.);
#661=VECTOR('',#4336,1.);
#662=VECTOR('',#4337,1.);
#663=VECTOR('',#4340,1.);
#664=VECTOR('',#4341,1.);
#665=VECTOR('',#4342,1.);
#666=VECTOR('',#4345,1.);
#667=VECTOR('',#4346,1.);
#668=VECTOR('',#4347,1.);
#669=VECTOR('',#4350,1.);
#670=VECTOR('',#4351,1.);
#671=VECTOR('',#4352,1.);
#672=VECTOR('',#4355,1.);
#673=VECTOR('',#4356,1.);
#674=VECTOR('',#4357,1.);
#675=VECTOR('',#4360,1.);
#676=VECTOR('',#4361,1.);
#677=VECTOR('',#4362,1.);
#678=VECTOR('',#4365,1.);
#679=VECTOR('',#4366,1.);
#680=VECTOR('',#4367,1.);
#681=VECTOR('',#4370,1.);
#682=VECTOR('',#4371,1.);
#683=VECTOR('',#4372,1.);
#684=VECTOR('',#4375,1.);
#685=VECTOR('',#4376,1.);
#686=VECTOR('',#4377,1.);
#687=VECTOR('',#4380,1.);
#688=VECTOR('',#4381,1.);
#689=VECTOR('',#4382,1.);
#690=VECTOR('',#4385,1.);
#691=VECTOR('',#4386,1.);
#692=VECTOR('',#4387,1.);
#693=VECTOR('',#4390,1.);
#694=VECTOR('',#4391,1.);
#695=VECTOR('',#4392,1.);
#696=VECTOR('',#4395,1.);
#697=VECTOR('',#4396,1.);
#698=VECTOR('',#4397,1.);
#699=VECTOR('',#4400,1.);
#700=VECTOR('',#4401,1.);
#701=VECTOR('',#4402,1.);
#702=VECTOR('',#4405,1.);
#703=VECTOR('',#4406,1.);
#704=VECTOR('',#4407,1.);
#705=VECTOR('',#4410,1.);
#706=VECTOR('',#4411,1.);
#707=VECTOR('',#4412,1.);
#708=VECTOR('',#4415,1.);
#709=VECTOR('',#4416,1.);
#710=VECTOR('',#4417,1.);
#711=VECTOR('',#4420,1.);
#712=VECTOR('',#4421,1.);
#713=VECTOR('',#4422,1.);
#714=VECTOR('',#4425,1.);
#715=VECTOR('',#4426,1.);
#716=VECTOR('',#4427,1.);
#717=VECTOR('',#4430,1.);
#718=VECTOR('',#4431,1.);
#719=VECTOR('',#4432,1.);
#720=VECTOR('',#4435,1.);
#721=VECTOR('',#4436,1.);
#722=VECTOR('',#4437,1.);
#723=VECTOR('',#4440,1.);
#724=VECTOR('',#4441,1.);
#725=VECTOR('',#4442,1.);
#726=VECTOR('',#4445,1.);
#727=VECTOR('',#4446,1.);
#728=VECTOR('',#4447,1.);
#729=VECTOR('',#4450,1.);
#730=VECTOR('',#4451,1.);
#731=VECTOR('',#4452,1.);
#732=VECTOR('',#4455,1.);
#733=VECTOR('',#4456,1.);
#734=VECTOR('',#4457,1.);
#735=VECTOR('',#4460,1.);
#736=VECTOR('',#4461,1.);
#737=VECTOR('',#4462,1.);
#738=VECTOR('',#4465,1.);
#739=VECTOR('',#4466,1.);
#740=VECTOR('',#4467,1.);
#741=VECTOR('',#4470,1.);
#742=VECTOR('',#4471,1.);
#743=VECTOR('',#4472,1.);
#744=VECTOR('',#4475,1.);
#745=VECTOR('',#4476,1.);
#746=VECTOR('',#4477,1.);
#747=VECTOR('',#4480,1.);
#748=VECTOR('',#4481,1.);
#749=VECTOR('',#4482,1.);
#750=VECTOR('',#4485,1.);
#751=VECTOR('',#4486,1.);
#752=VECTOR('',#4487,1.);
#753=VECTOR('',#4490,1.);
#754=VECTOR('',#4491,1.);
#755=VECTOR('',#4492,1.);
#756=VECTOR('',#4495,1.);
#757=VECTOR('',#4496,1.);
#758=VECTOR('',#4497,1.);
#759=VECTOR('',#4500,1.);
#760=VECTOR('',#4501,1.);
#761=VECTOR('',#4502,1.);
#762=VECTOR('',#4505,1.);
#763=VECTOR('',#4506,1.);
#764=VECTOR('',#4507,1.);
#765=VECTOR('',#4510,1.);
#766=VECTOR('',#4511,1.);
#767=VECTOR('',#4512,1.);
#768=VECTOR('',#4515,1.);
#769=VECTOR('',#4516,1.);
#770=VECTOR('',#4517,1.);
#771=VECTOR('',#4520,1.);
#772=VECTOR('',#4521,1.);
#773=VECTOR('',#4522,1.);
#774=VECTOR('',#4525,1.);
#775=VECTOR('',#4526,1.);
#776=VECTOR('',#4527,1.);
#777=VECTOR('',#4530,1.);
#778=VECTOR('',#4531,1.);
#779=VECTOR('',#4534,1.);
#780=VECTOR('',#4535,1.);
#781=VECTOR('',#4538,1.);
#782=VECTOR('',#4539,1.);
#783=VECTOR('',#4540,1.);
#784=VECTOR('',#4543,1.);
#785=VECTOR('',#4546,1.);
#786=VECTOR('',#4547,1.);
#787=VECTOR('',#4550,1.);
#788=VECTOR('',#4551,1.);
#789=VECTOR('',#4552,1.);
#790=VECTOR('',#4555,1.);
#791=VECTOR('',#4558,1.);
#792=VECTOR('',#4559,1.);
#793=VECTOR('',#4888,1.);
#794=VECTOR('',#4889,1.);
#795=VECTOR('',#4890,1.);
#796=VECTOR('',#4893,1.);
#797=VECTOR('',#4894,1.);
#798=VECTOR('',#4897,1.);
#799=ORIENTED_EDGE('',*,*,#1829,.F.);
#800=ORIENTED_EDGE('',*,*,#1830,.F.);
#801=ORIENTED_EDGE('',*,*,#1831,.F.);
#802=ORIENTED_EDGE('',*,*,#1832,.F.);
#803=ORIENTED_EDGE('',*,*,#1833,.F.);
#804=ORIENTED_EDGE('',*,*,#1834,.F.);
#805=ORIENTED_EDGE('',*,*,#1835,.F.);
#806=ORIENTED_EDGE('',*,*,#1836,.F.);
#807=ORIENTED_EDGE('',*,*,#1837,.F.);
#808=ORIENTED_EDGE('',*,*,#1838,.F.);
#809=ORIENTED_EDGE('',*,*,#1839,.F.);
#810=ORIENTED_EDGE('',*,*,#1840,.F.);
#811=ORIENTED_EDGE('',*,*,#1841,.F.);
#812=ORIENTED_EDGE('',*,*,#1842,.F.);
#813=ORIENTED_EDGE('',*,*,#1843,.F.);
#814=ORIENTED_EDGE('',*,*,#1844,.F.);
#815=ORIENTED_EDGE('',*,*,#1845,.F.);
#816=ORIENTED_EDGE('',*,*,#1846,.F.);
#817=ORIENTED_EDGE('',*,*,#1847,.F.);
#818=ORIENTED_EDGE('',*,*,#1848,.F.);
#819=ORIENTED_EDGE('',*,*,#1849,.F.);
#820=ORIENTED_EDGE('',*,*,#1850,.F.);
#821=ORIENTED_EDGE('',*,*,#1851,.F.);
#822=ORIENTED_EDGE('',*,*,#1852,.F.);
#823=ORIENTED_EDGE('',*,*,#1853,.F.);
#824=ORIENTED_EDGE('',*,*,#1854,.F.);
#825=ORIENTED_EDGE('',*,*,#1855,.F.);
#826=ORIENTED_EDGE('',*,*,#1856,.F.);
#827=ORIENTED_EDGE('',*,*,#1857,.F.);
#828=ORIENTED_EDGE('',*,*,#1858,.F.);
#829=ORIENTED_EDGE('',*,*,#1859,.F.);
#830=ORIENTED_EDGE('',*,*,#1860,.F.);
#831=ORIENTED_EDGE('',*,*,#1861,.F.);
#832=ORIENTED_EDGE('',*,*,#1862,.F.);
#833=ORIENTED_EDGE('',*,*,#1863,.F.);
#834=ORIENTED_EDGE('',*,*,#1864,.F.);
#835=ORIENTED_EDGE('',*,*,#1865,.F.);
#836=ORIENTED_EDGE('',*,*,#1866,.F.);
#837=ORIENTED_EDGE('',*,*,#1867,.F.);
#838=ORIENTED_EDGE('',*,*,#1868,.F.);
#839=ORIENTED_EDGE('',*,*,#1869,.F.);
#840=ORIENTED_EDGE('',*,*,#1870,.F.);
#841=ORIENTED_EDGE('',*,*,#1871,.F.);
#842=ORIENTED_EDGE('',*,*,#1872,.F.);
#843=ORIENTED_EDGE('',*,*,#1873,.F.);
#844=ORIENTED_EDGE('',*,*,#1874,.F.);
#845=ORIENTED_EDGE('',*,*,#1875,.F.);
#846=ORIENTED_EDGE('',*,*,#1876,.F.);
#847=ORIENTED_EDGE('',*,*,#1877,.F.);
#848=ORIENTED_EDGE('',*,*,#1878,.F.);
#849=ORIENTED_EDGE('',*,*,#1879,.F.);
#850=ORIENTED_EDGE('',*,*,#1880,.F.);
#851=ORIENTED_EDGE('',*,*,#1881,.F.);
#852=ORIENTED_EDGE('',*,*,#1882,.F.);
#853=ORIENTED_EDGE('',*,*,#1883,.F.);
#854=ORIENTED_EDGE('',*,*,#1884,.F.);
#855=ORIENTED_EDGE('',*,*,#1885,.F.);
#856=ORIENTED_EDGE('',*,*,#1886,.F.);
#857=ORIENTED_EDGE('',*,*,#1887,.F.);
#858=ORIENTED_EDGE('',*,*,#1888,.F.);
#859=ORIENTED_EDGE('',*,*,#1889,.F.);
#860=ORIENTED_EDGE('',*,*,#1890,.F.);
#861=ORIENTED_EDGE('',*,*,#1891,.F.);
#862=ORIENTED_EDGE('',*,*,#1892,.F.);
#863=ORIENTED_EDGE('',*,*,#1893,.F.);
#864=ORIENTED_EDGE('',*,*,#1894,.F.);
#865=ORIENTED_EDGE('',*,*,#1895,.F.);
#866=ORIENTED_EDGE('',*,*,#1896,.F.);
#867=ORIENTED_EDGE('',*,*,#1897,.F.);
#868=ORIENTED_EDGE('',*,*,#1898,.F.);
#869=ORIENTED_EDGE('',*,*,#1899,.F.);
#870=ORIENTED_EDGE('',*,*,#1900,.F.);
#871=ORIENTED_EDGE('',*,*,#1901,.F.);
#872=ORIENTED_EDGE('',*,*,#1902,.F.);
#873=ORIENTED_EDGE('',*,*,#1903,.F.);
#874=ORIENTED_EDGE('',*,*,#1904,.F.);
#875=ORIENTED_EDGE('',*,*,#1905,.F.);
#876=ORIENTED_EDGE('',*,*,#1906,.F.);
#877=ORIENTED_EDGE('',*,*,#1907,.F.);
#878=ORIENTED_EDGE('',*,*,#1908,.F.);
#879=ORIENTED_EDGE('',*,*,#1909,.F.);
#880=ORIENTED_EDGE('',*,*,#1910,.F.);
#881=ORIENTED_EDGE('',*,*,#1911,.F.);
#882=ORIENTED_EDGE('',*,*,#1912,.F.);
#883=ORIENTED_EDGE('',*,*,#1913,.F.);
#884=ORIENTED_EDGE('',*,*,#1914,.F.);
#885=ORIENTED_EDGE('',*,*,#1915,.F.);
#886=ORIENTED_EDGE('',*,*,#1916,.F.);
#887=ORIENTED_EDGE('',*,*,#1917,.F.);
#888=ORIENTED_EDGE('',*,*,#1918,.F.);
#889=ORIENTED_EDGE('',*,*,#1919,.F.);
#890=ORIENTED_EDGE('',*,*,#1920,.F.);
#891=ORIENTED_EDGE('',*,*,#1921,.F.);
#892=ORIENTED_EDGE('',*,*,#1922,.F.);
#893=ORIENTED_EDGE('',*,*,#1923,.F.);
#894=ORIENTED_EDGE('',*,*,#1924,.F.);
#895=ORIENTED_EDGE('',*,*,#1925,.F.);
#896=ORIENTED_EDGE('',*,*,#1926,.F.);
#897=ORIENTED_EDGE('',*,*,#1927,.F.);
#898=ORIENTED_EDGE('',*,*,#1928,.F.);
#899=ORIENTED_EDGE('',*,*,#1929,.F.);
#900=ORIENTED_EDGE('',*,*,#1930,.F.);
#901=ORIENTED_EDGE('',*,*,#1931,.F.);
#902=ORIENTED_EDGE('',*,*,#1932,.F.);
#903=ORIENTED_EDGE('',*,*,#1933,.F.);
#904=ORIENTED_EDGE('',*,*,#1934,.F.);
#905=ORIENTED_EDGE('',*,*,#1935,.F.);
#906=ORIENTED_EDGE('',*,*,#1936,.F.);
#907=ORIENTED_EDGE('',*,*,#1937,.F.);
#908=ORIENTED_EDGE('',*,*,#1938,.F.);
#909=ORIENTED_EDGE('',*,*,#1939,.F.);
#910=ORIENTED_EDGE('',*,*,#1940,.F.);
#911=ORIENTED_EDGE('',*,*,#1941,.F.);
#912=ORIENTED_EDGE('',*,*,#1942,.F.);
#913=ORIENTED_EDGE('',*,*,#1943,.F.);
#914=ORIENTED_EDGE('',*,*,#1944,.F.);
#915=ORIENTED_EDGE('',*,*,#1945,.F.);
#916=ORIENTED_EDGE('',*,*,#1946,.F.);
#917=ORIENTED_EDGE('',*,*,#1947,.F.);
#918=ORIENTED_EDGE('',*,*,#1948,.F.);
#919=ORIENTED_EDGE('',*,*,#1949,.F.);
#920=ORIENTED_EDGE('',*,*,#1950,.F.);
#921=ORIENTED_EDGE('',*,*,#1951,.F.);
#922=ORIENTED_EDGE('',*,*,#1952,.F.);
#923=ORIENTED_EDGE('',*,*,#1953,.F.);
#924=ORIENTED_EDGE('',*,*,#1954,.F.);
#925=ORIENTED_EDGE('',*,*,#1955,.F.);
#926=ORIENTED_EDGE('',*,*,#1956,.F.);
#927=ORIENTED_EDGE('',*,*,#1957,.F.);
#928=ORIENTED_EDGE('',*,*,#1958,.F.);
#929=ORIENTED_EDGE('',*,*,#1959,.F.);
#930=ORIENTED_EDGE('',*,*,#1960,.F.);
#931=ORIENTED_EDGE('',*,*,#1961,.F.);
#932=ORIENTED_EDGE('',*,*,#1962,.F.);
#933=ORIENTED_EDGE('',*,*,#1963,.F.);
#934=ORIENTED_EDGE('',*,*,#1964,.F.);
#935=ORIENTED_EDGE('',*,*,#1965,.F.);
#936=ORIENTED_EDGE('',*,*,#1966,.F.);
#937=ORIENTED_EDGE('',*,*,#1967,.F.);
#938=ORIENTED_EDGE('',*,*,#1968,.F.);
#939=ORIENTED_EDGE('',*,*,#1969,.F.);
#940=ORIENTED_EDGE('',*,*,#1970,.F.);
#941=ORIENTED_EDGE('',*,*,#1971,.F.);
#942=ORIENTED_EDGE('',*,*,#1972,.F.);
#943=ORIENTED_EDGE('',*,*,#1973,.F.);
#944=ORIENTED_EDGE('',*,*,#1974,.F.);
#945=ORIENTED_EDGE('',*,*,#1975,.F.);
#946=ORIENTED_EDGE('',*,*,#1976,.F.);
#947=ORIENTED_EDGE('',*,*,#1977,.F.);
#948=ORIENTED_EDGE('',*,*,#1978,.F.);
#949=ORIENTED_EDGE('',*,*,#1979,.F.);
#950=ORIENTED_EDGE('',*,*,#1980,.F.);
#951=ORIENTED_EDGE('',*,*,#1981,.F.);
#952=ORIENTED_EDGE('',*,*,#1982,.F.);
#953=ORIENTED_EDGE('',*,*,#1983,.F.);
#954=ORIENTED_EDGE('',*,*,#1984,.F.);
#955=ORIENTED_EDGE('',*,*,#1985,.F.);
#956=ORIENTED_EDGE('',*,*,#1986,.F.);
#957=ORIENTED_EDGE('',*,*,#1987,.F.);
#958=ORIENTED_EDGE('',*,*,#1988,.F.);
#959=ORIENTED_EDGE('',*,*,#1989,.F.);
#960=ORIENTED_EDGE('',*,*,#1990,.F.);
#961=ORIENTED_EDGE('',*,*,#1991,.F.);
#962=ORIENTED_EDGE('',*,*,#1992,.F.);
#963=ORIENTED_EDGE('',*,*,#1993,.F.);
#964=ORIENTED_EDGE('',*,*,#1994,.F.);
#965=ORIENTED_EDGE('',*,*,#1995,.F.);
#966=ORIENTED_EDGE('',*,*,#1996,.F.);
#967=ORIENTED_EDGE('',*,*,#1997,.F.);
#968=ORIENTED_EDGE('',*,*,#1998,.F.);
#969=ORIENTED_EDGE('',*,*,#1999,.F.);
#970=ORIENTED_EDGE('',*,*,#2000,.F.);
#971=ORIENTED_EDGE('',*,*,#2001,.F.);
#972=ORIENTED_EDGE('',*,*,#2002,.T.);
#973=ORIENTED_EDGE('',*,*,#1997,.T.);
#974=ORIENTED_EDGE('',*,*,#2003,.F.);
#975=ORIENTED_EDGE('',*,*,#2004,.F.);
#976=ORIENTED_EDGE('',*,*,#2005,.T.);
#977=ORIENTED_EDGE('',*,*,#1995,.T.);
#978=ORIENTED_EDGE('',*,*,#2006,.F.);
#979=ORIENTED_EDGE('',*,*,#2007,.F.);
#980=ORIENTED_EDGE('',*,*,#2008,.T.);
#981=ORIENTED_EDGE('',*,*,#1993,.T.);
#982=ORIENTED_EDGE('',*,*,#2009,.F.);
#983=ORIENTED_EDGE('',*,*,#2010,.F.);
#984=ORIENTED_EDGE('',*,*,#2011,.T.);
#985=ORIENTED_EDGE('',*,*,#1991,.T.);
#986=ORIENTED_EDGE('',*,*,#2012,.F.);
#987=ORIENTED_EDGE('',*,*,#2013,.F.);
#988=ORIENTED_EDGE('',*,*,#2014,.T.);
#989=ORIENTED_EDGE('',*,*,#1989,.T.);
#990=ORIENTED_EDGE('',*,*,#2015,.F.);
#991=ORIENTED_EDGE('',*,*,#2016,.F.);
#992=ORIENTED_EDGE('',*,*,#2017,.T.);
#993=ORIENTED_EDGE('',*,*,#1987,.T.);
#994=ORIENTED_EDGE('',*,*,#2018,.F.);
#995=ORIENTED_EDGE('',*,*,#2019,.F.);
#996=ORIENTED_EDGE('',*,*,#2020,.T.);
#997=ORIENTED_EDGE('',*,*,#1985,.T.);
#998=ORIENTED_EDGE('',*,*,#2021,.F.);
#999=ORIENTED_EDGE('',*,*,#2022,.F.);
#1000=ORIENTED_EDGE('',*,*,#2023,.T.);
#1001=ORIENTED_EDGE('',*,*,#1983,.T.);
#1002=ORIENTED_EDGE('',*,*,#2024,.F.);
#1003=ORIENTED_EDGE('',*,*,#2025,.F.);
#1004=ORIENTED_EDGE('',*,*,#2026,.T.);
#1005=ORIENTED_EDGE('',*,*,#1981,.T.);
#1006=ORIENTED_EDGE('',*,*,#2027,.T.);
#1007=ORIENTED_EDGE('',*,*,#2028,.F.);
#1008=ORIENTED_EDGE('',*,*,#2029,.T.);
#1009=ORIENTED_EDGE('',*,*,#1977,.T.);
#1010=ORIENTED_EDGE('',*,*,#2030,.F.);
#1011=ORIENTED_EDGE('',*,*,#2031,.F.);
#1012=ORIENTED_EDGE('',*,*,#2032,.T.);
#1013=ORIENTED_EDGE('',*,*,#1975,.T.);
#1014=ORIENTED_EDGE('',*,*,#2033,.T.);
#1015=ORIENTED_EDGE('',*,*,#2034,.F.);
#1016=ORIENTED_EDGE('',*,*,#2035,.T.);
#1017=ORIENTED_EDGE('',*,*,#1942,.T.);
#1018=ORIENTED_EDGE('',*,*,#2036,.T.);
#1019=ORIENTED_EDGE('',*,*,#2037,.F.);
#1020=ORIENTED_EDGE('',*,*,#2038,.F.);
#1021=ORIENTED_EDGE('',*,*,#2039,.T.);
#1022=ORIENTED_EDGE('',*,*,#1944,.T.);
#1023=ORIENTED_EDGE('',*,*,#2040,.F.);
#1024=ORIENTED_EDGE('',*,*,#2041,.F.);
#1025=ORIENTED_EDGE('',*,*,#2042,.T.);
#1026=ORIENTED_EDGE('',*,*,#1946,.T.);
#1027=ORIENTED_EDGE('',*,*,#2043,.F.);
#1028=ORIENTED_EDGE('',*,*,#2044,.F.);
#1029=ORIENTED_EDGE('',*,*,#2045,.T.);
#1030=ORIENTED_EDGE('',*,*,#1948,.T.);
#1031=ORIENTED_EDGE('',*,*,#2046,.F.);
#1032=ORIENTED_EDGE('',*,*,#2047,.F.);
#1033=ORIENTED_EDGE('',*,*,#2048,.T.);
#1034=ORIENTED_EDGE('',*,*,#1950,.T.);
#1035=ORIENTED_EDGE('',*,*,#2049,.F.);
#1036=ORIENTED_EDGE('',*,*,#2050,.F.);
#1037=ORIENTED_EDGE('',*,*,#2051,.T.);
#1038=ORIENTED_EDGE('',*,*,#1952,.T.);
#1039=ORIENTED_EDGE('',*,*,#2052,.F.);
#1040=ORIENTED_EDGE('',*,*,#2053,.F.);
#1041=ORIENTED_EDGE('',*,*,#2054,.T.);
#1042=ORIENTED_EDGE('',*,*,#1954,.T.);
#1043=ORIENTED_EDGE('',*,*,#2055,.F.);
#1044=ORIENTED_EDGE('',*,*,#2056,.F.);
#1045=ORIENTED_EDGE('',*,*,#2057,.T.);
#1046=ORIENTED_EDGE('',*,*,#1956,.T.);
#1047=ORIENTED_EDGE('',*,*,#2058,.F.);
#1048=ORIENTED_EDGE('',*,*,#2059,.F.);
#1049=ORIENTED_EDGE('',*,*,#2060,.T.);
#1050=ORIENTED_EDGE('',*,*,#1958,.T.);
#1051=ORIENTED_EDGE('',*,*,#2061,.F.);
#1052=ORIENTED_EDGE('',*,*,#2062,.F.);
#1053=ORIENTED_EDGE('',*,*,#2063,.T.);
#1054=ORIENTED_EDGE('',*,*,#1960,.T.);
#1055=ORIENTED_EDGE('',*,*,#2064,.F.);
#1056=ORIENTED_EDGE('',*,*,#2065,.F.);
#1057=ORIENTED_EDGE('',*,*,#2066,.T.);
#1058=ORIENTED_EDGE('',*,*,#1962,.T.);
#1059=ORIENTED_EDGE('',*,*,#2067,.F.);
#1060=ORIENTED_EDGE('',*,*,#2068,.F.);
#1061=ORIENTED_EDGE('',*,*,#2069,.T.);
#1062=ORIENTED_EDGE('',*,*,#1964,.T.);
#1063=ORIENTED_EDGE('',*,*,#2070,.F.);
#1064=ORIENTED_EDGE('',*,*,#2071,.F.);
#1065=ORIENTED_EDGE('',*,*,#2072,.T.);
#1066=ORIENTED_EDGE('',*,*,#1966,.T.);
#1067=ORIENTED_EDGE('',*,*,#2073,.F.);
#1068=ORIENTED_EDGE('',*,*,#2074,.F.);
#1069=ORIENTED_EDGE('',*,*,#2075,.T.);
#1070=ORIENTED_EDGE('',*,*,#1968,.T.);
#1071=ORIENTED_EDGE('',*,*,#2076,.F.);
#1072=ORIENTED_EDGE('',*,*,#2077,.F.);
#1073=ORIENTED_EDGE('',*,*,#2078,.T.);
#1074=ORIENTED_EDGE('',*,*,#1970,.T.);
#1075=ORIENTED_EDGE('',*,*,#2079,.F.);
#1076=ORIENTED_EDGE('',*,*,#2080,.F.);
#1077=ORIENTED_EDGE('',*,*,#2081,.T.);
#1078=ORIENTED_EDGE('',*,*,#1972,.T.);
#1079=ORIENTED_EDGE('',*,*,#2082,.F.);
#1080=ORIENTED_EDGE('',*,*,#2083,.T.);
#1081=ORIENTED_EDGE('',*,*,#1922,.T.);
#1082=ORIENTED_EDGE('',*,*,#2084,.T.);
#1083=ORIENTED_EDGE('',*,*,#2085,.F.);
#1084=ORIENTED_EDGE('',*,*,#2086,.F.);
#1085=ORIENTED_EDGE('',*,*,#2087,.T.);
#1086=ORIENTED_EDGE('',*,*,#1924,.T.);
#1087=ORIENTED_EDGE('',*,*,#2088,.F.);
#1088=ORIENTED_EDGE('',*,*,#2089,.F.);
#1089=ORIENTED_EDGE('',*,*,#2090,.T.);
#1090=ORIENTED_EDGE('',*,*,#1926,.T.);
#1091=ORIENTED_EDGE('',*,*,#2091,.F.);
#1092=ORIENTED_EDGE('',*,*,#2092,.F.);
#1093=ORIENTED_EDGE('',*,*,#2093,.T.);
#1094=ORIENTED_EDGE('',*,*,#1928,.T.);
#1095=ORIENTED_EDGE('',*,*,#2094,.F.);
#1096=ORIENTED_EDGE('',*,*,#2095,.F.);
#1097=ORIENTED_EDGE('',*,*,#2096,.T.);
#1098=ORIENTED_EDGE('',*,*,#1930,.T.);
#1099=ORIENTED_EDGE('',*,*,#2097,.F.);
#1100=ORIENTED_EDGE('',*,*,#2098,.F.);
#1101=ORIENTED_EDGE('',*,*,#2099,.T.);
#1102=ORIENTED_EDGE('',*,*,#1932,.T.);
#1103=ORIENTED_EDGE('',*,*,#2100,.F.);
#1104=ORIENTED_EDGE('',*,*,#2101,.F.);
#1105=ORIENTED_EDGE('',*,*,#2102,.T.);
#1106=ORIENTED_EDGE('',*,*,#1934,.T.);
#1107=ORIENTED_EDGE('',*,*,#2103,.F.);
#1108=ORIENTED_EDGE('',*,*,#2104,.F.);
#1109=ORIENTED_EDGE('',*,*,#2105,.T.);
#1110=ORIENTED_EDGE('',*,*,#1936,.T.);
#1111=ORIENTED_EDGE('',*,*,#2106,.F.);
#1112=ORIENTED_EDGE('',*,*,#2107,.F.);
#1113=ORIENTED_EDGE('',*,*,#2108,.T.);
#1114=ORIENTED_EDGE('',*,*,#1938,.T.);
#1115=ORIENTED_EDGE('',*,*,#2109,.F.);
#1116=ORIENTED_EDGE('',*,*,#2110,.T.);
#1117=ORIENTED_EDGE('',*,*,#1909,.T.);
#1118=ORIENTED_EDGE('',*,*,#2111,.T.);
#1119=ORIENTED_EDGE('',*,*,#2112,.F.);
#1120=ORIENTED_EDGE('',*,*,#2113,.F.);
#1121=ORIENTED_EDGE('',*,*,#2114,.T.);
#1122=ORIENTED_EDGE('',*,*,#1911,.T.);
#1123=ORIENTED_EDGE('',*,*,#2115,.F.);
#1124=ORIENTED_EDGE('',*,*,#2116,.F.);
#1125=ORIENTED_EDGE('',*,*,#2117,.T.);
#1126=ORIENTED_EDGE('',*,*,#1913,.T.);
#1127=ORIENTED_EDGE('',*,*,#2118,.F.);
#1128=ORIENTED_EDGE('',*,*,#2119,.F.);
#1129=ORIENTED_EDGE('',*,*,#2120,.T.);
#1130=ORIENTED_EDGE('',*,*,#1915,.T.);
#1131=ORIENTED_EDGE('',*,*,#2121,.F.);
#1132=ORIENTED_EDGE('',*,*,#2122,.F.);
#1133=ORIENTED_EDGE('',*,*,#2123,.T.);
#1134=ORIENTED_EDGE('',*,*,#1917,.T.);
#1135=ORIENTED_EDGE('',*,*,#2124,.F.);
#1136=ORIENTED_EDGE('',*,*,#2125,.F.);
#1137=ORIENTED_EDGE('',*,*,#2126,.T.);
#1138=ORIENTED_EDGE('',*,*,#1919,.T.);
#1139=ORIENTED_EDGE('',*,*,#2127,.F.);
#1140=ORIENTED_EDGE('',*,*,#2128,.T.);
#1141=ORIENTED_EDGE('',*,*,#1906,.T.);
#1142=ORIENTED_EDGE('',*,*,#2129,.F.);
#1143=ORIENTED_EDGE('',*,*,#2130,.F.);
#1144=ORIENTED_EDGE('',*,*,#2131,.T.);
#1145=ORIENTED_EDGE('',*,*,#1904,.T.);
#1146=ORIENTED_EDGE('',*,*,#2132,.F.);
#1147=ORIENTED_EDGE('',*,*,#2133,.F.);
#1148=ORIENTED_EDGE('',*,*,#2134,.T.);
#1149=ORIENTED_EDGE('',*,*,#1902,.T.);
#1150=ORIENTED_EDGE('',*,*,#2135,.F.);
#1151=ORIENTED_EDGE('',*,*,#2136,.F.);
#1152=ORIENTED_EDGE('',*,*,#2137,.T.);
#1153=ORIENTED_EDGE('',*,*,#1900,.T.);
#1154=ORIENTED_EDGE('',*,*,#2138,.F.);
#1155=ORIENTED_EDGE('',*,*,#2139,.F.);
#1156=ORIENTED_EDGE('',*,*,#2140,.T.);
#1157=ORIENTED_EDGE('',*,*,#1898,.T.);
#1158=ORIENTED_EDGE('',*,*,#2141,.F.);
#1159=ORIENTED_EDGE('',*,*,#2142,.F.);
#1160=ORIENTED_EDGE('',*,*,#2143,.T.);
#1161=ORIENTED_EDGE('',*,*,#1896,.T.);
#1162=ORIENTED_EDGE('',*,*,#2144,.F.);
#1163=ORIENTED_EDGE('',*,*,#2145,.F.);
#1164=ORIENTED_EDGE('',*,*,#2146,.T.);
#1165=ORIENTED_EDGE('',*,*,#1894,.T.);
#1166=ORIENTED_EDGE('',*,*,#2147,.F.);
#1167=ORIENTED_EDGE('',*,*,#2148,.F.);
#1168=ORIENTED_EDGE('',*,*,#2149,.T.);
#1169=ORIENTED_EDGE('',*,*,#1892,.T.);
#1170=ORIENTED_EDGE('',*,*,#2150,.F.);
#1171=ORIENTED_EDGE('',*,*,#2151,.F.);
#1172=ORIENTED_EDGE('',*,*,#2152,.T.);
#1173=ORIENTED_EDGE('',*,*,#1890,.T.);
#1174=ORIENTED_EDGE('',*,*,#2153,.F.);
#1175=ORIENTED_EDGE('',*,*,#2154,.F.);
#1176=ORIENTED_EDGE('',*,*,#2155,.T.);
#1177=ORIENTED_EDGE('',*,*,#1888,.T.);
#1178=ORIENTED_EDGE('',*,*,#2156,.F.);
#1179=ORIENTED_EDGE('',*,*,#2157,.F.);
#1180=ORIENTED_EDGE('',*,*,#2158,.T.);
#1181=ORIENTED_EDGE('',*,*,#1886,.T.);
#1182=ORIENTED_EDGE('',*,*,#2159,.F.);
#1183=ORIENTED_EDGE('',*,*,#2160,.F.);
#1184=ORIENTED_EDGE('',*,*,#2161,.T.);
#1185=ORIENTED_EDGE('',*,*,#1884,.T.);
#1186=ORIENTED_EDGE('',*,*,#2162,.F.);
#1187=ORIENTED_EDGE('',*,*,#2163,.F.);
#1188=ORIENTED_EDGE('',*,*,#2164,.T.);
#1189=ORIENTED_EDGE('',*,*,#1882,.T.);
#1190=ORIENTED_EDGE('',*,*,#2165,.F.);
#1191=ORIENTED_EDGE('',*,*,#2166,.F.);
#1192=ORIENTED_EDGE('',*,*,#2167,.T.);
#1193=ORIENTED_EDGE('',*,*,#1880,.T.);
#1194=ORIENTED_EDGE('',*,*,#2168,.F.);
#1195=ORIENTED_EDGE('',*,*,#2169,.F.);
#1196=ORIENTED_EDGE('',*,*,#2170,.T.);
#1197=ORIENTED_EDGE('',*,*,#1878,.T.);
#1198=ORIENTED_EDGE('',*,*,#2171,.F.);
#1199=ORIENTED_EDGE('',*,*,#2172,.F.);
#1200=ORIENTED_EDGE('',*,*,#2173,.T.);
#1201=ORIENTED_EDGE('',*,*,#1876,.T.);
#1202=ORIENTED_EDGE('',*,*,#2174,.F.);
#1203=ORIENTED_EDGE('',*,*,#2175,.F.);
#1204=ORIENTED_EDGE('',*,*,#2176,.T.);
#1205=ORIENTED_EDGE('',*,*,#1874,.T.);
#1206=ORIENTED_EDGE('',*,*,#2177,.F.);
#1207=ORIENTED_EDGE('',*,*,#2178,.F.);
#1208=ORIENTED_EDGE('',*,*,#2179,.T.);
#1209=ORIENTED_EDGE('',*,*,#1872,.T.);
#1210=ORIENTED_EDGE('',*,*,#2180,.F.);
#1211=ORIENTED_EDGE('',*,*,#2181,.F.);
#1212=ORIENTED_EDGE('',*,*,#2182,.T.);
#1213=ORIENTED_EDGE('',*,*,#1870,.T.);
#1214=ORIENTED_EDGE('',*,*,#2183,.F.);
#1215=ORIENTED_EDGE('',*,*,#2184,.F.);
#1216=ORIENTED_EDGE('',*,*,#2185,.T.);
#1217=ORIENTED_EDGE('',*,*,#1868,.T.);
#1218=ORIENTED_EDGE('',*,*,#2186,.F.);
#1219=ORIENTED_EDGE('',*,*,#2187,.F.);
#1220=ORIENTED_EDGE('',*,*,#2188,.T.);
#1221=ORIENTED_EDGE('',*,*,#1866,.T.);
#1222=ORIENTED_EDGE('',*,*,#2189,.F.);
#1223=ORIENTED_EDGE('',*,*,#2190,.F.);
#1224=ORIENTED_EDGE('',*,*,#2191,.T.);
#1225=ORIENTED_EDGE('',*,*,#1864,.T.);
#1226=ORIENTED_EDGE('',*,*,#2192,.F.);
#1227=ORIENTED_EDGE('',*,*,#2193,.F.);
#1228=ORIENTED_EDGE('',*,*,#2194,.T.);
#1229=ORIENTED_EDGE('',*,*,#1862,.T.);
#1230=ORIENTED_EDGE('',*,*,#2195,.F.);
#1231=ORIENTED_EDGE('',*,*,#2196,.F.);
#1232=ORIENTED_EDGE('',*,*,#2197,.T.);
#1233=ORIENTED_EDGE('',*,*,#1860,.T.);
#1234=ORIENTED_EDGE('',*,*,#2198,.F.);
#1235=ORIENTED_EDGE('',*,*,#2199,.F.);
#1236=ORIENTED_EDGE('',*,*,#2200,.T.);
#1237=ORIENTED_EDGE('',*,*,#1858,.T.);
#1238=ORIENTED_EDGE('',*,*,#2201,.F.);
#1239=ORIENTED_EDGE('',*,*,#2202,.F.);
#1240=ORIENTED_EDGE('',*,*,#2203,.T.);
#1241=ORIENTED_EDGE('',*,*,#1856,.T.);
#1242=ORIENTED_EDGE('',*,*,#2204,.F.);
#1243=ORIENTED_EDGE('',*,*,#2205,.F.);
#1244=ORIENTED_EDGE('',*,*,#2206,.T.);
#1245=ORIENTED_EDGE('',*,*,#1854,.T.);
#1246=ORIENTED_EDGE('',*,*,#2207,.F.);
#1247=ORIENTED_EDGE('',*,*,#2208,.F.);
#1248=ORIENTED_EDGE('',*,*,#2209,.T.);
#1249=ORIENTED_EDGE('',*,*,#1852,.T.);
#1250=ORIENTED_EDGE('',*,*,#2210,.F.);
#1251=ORIENTED_EDGE('',*,*,#2211,.F.);
#1252=ORIENTED_EDGE('',*,*,#2212,.T.);
#1253=ORIENTED_EDGE('',*,*,#1850,.T.);
#1254=ORIENTED_EDGE('',*,*,#2213,.F.);
#1255=ORIENTED_EDGE('',*,*,#2214,.F.);
#1256=ORIENTED_EDGE('',*,*,#2215,.T.);
#1257=ORIENTED_EDGE('',*,*,#1848,.T.);
#1258=ORIENTED_EDGE('',*,*,#2216,.F.);
#1259=ORIENTED_EDGE('',*,*,#2217,.F.);
#1260=ORIENTED_EDGE('',*,*,#2218,.T.);
#1261=ORIENTED_EDGE('',*,*,#1846,.T.);
#1262=ORIENTED_EDGE('',*,*,#2219,.F.);
#1263=ORIENTED_EDGE('',*,*,#2220,.F.);
#1264=ORIENTED_EDGE('',*,*,#2221,.T.);
#1265=ORIENTED_EDGE('',*,*,#1844,.T.);
#1266=ORIENTED_EDGE('',*,*,#2222,.F.);
#1267=ORIENTED_EDGE('',*,*,#2223,.F.);
#1268=ORIENTED_EDGE('',*,*,#2224,.T.);
#1269=ORIENTED_EDGE('',*,*,#1842,.T.);
#1270=ORIENTED_EDGE('',*,*,#2225,.F.);
#1271=ORIENTED_EDGE('',*,*,#2226,.F.);
#1272=ORIENTED_EDGE('',*,*,#2227,.T.);
#1273=ORIENTED_EDGE('',*,*,#1840,.T.);
#1274=ORIENTED_EDGE('',*,*,#2228,.F.);
#1275=ORIENTED_EDGE('',*,*,#2229,.F.);
#1276=ORIENTED_EDGE('',*,*,#2230,.T.);
#1277=ORIENTED_EDGE('',*,*,#1838,.T.);
#1278=ORIENTED_EDGE('',*,*,#2231,.F.);
#1279=ORIENTED_EDGE('',*,*,#2232,.F.);
#1280=ORIENTED_EDGE('',*,*,#2233,.T.);
#1281=ORIENTED_EDGE('',*,*,#1836,.T.);
#1282=ORIENTED_EDGE('',*,*,#2234,.F.);
#1283=ORIENTED_EDGE('',*,*,#2235,.F.);
#1284=ORIENTED_EDGE('',*,*,#2236,.T.);
#1285=ORIENTED_EDGE('',*,*,#1834,.T.);
#1286=ORIENTED_EDGE('',*,*,#2237,.F.);
#1287=ORIENTED_EDGE('',*,*,#2238,.F.);
#1288=ORIENTED_EDGE('',*,*,#2239,.T.);
#1289=ORIENTED_EDGE('',*,*,#1832,.T.);
#1290=ORIENTED_EDGE('',*,*,#2240,.T.);
#1291=ORIENTED_EDGE('',*,*,#2241,.F.);
#1292=ORIENTED_EDGE('',*,*,#2242,.F.);
#1293=ORIENTED_EDGE('',*,*,#2111,.F.);
#1294=ORIENTED_EDGE('',*,*,#1908,.T.);
#1295=ORIENTED_EDGE('',*,*,#2243,.F.);
#1296=ORIENTED_EDGE('',*,*,#2244,.F.);
#1297=ORIENTED_EDGE('',*,*,#2084,.F.);
#1298=ORIENTED_EDGE('',*,*,#1921,.T.);
#1299=ORIENTED_EDGE('',*,*,#2245,.F.);
#1300=ORIENTED_EDGE('',*,*,#2246,.F.);
#1301=ORIENTED_EDGE('',*,*,#2247,.F.);
#1302=ORIENTED_EDGE('',*,*,#1940,.T.);
#1303=ORIENTED_EDGE('',*,*,#2248,.F.);
#1304=ORIENTED_EDGE('',*,*,#2036,.F.);
#1305=ORIENTED_EDGE('',*,*,#1941,.T.);
#1306=ORIENTED_EDGE('',*,*,#2247,.T.);
#1307=ORIENTED_EDGE('',*,*,#2249,.F.);
#1308=ORIENTED_EDGE('',*,*,#2250,.F.);
#1309=ORIENTED_EDGE('',*,*,#2033,.F.);
#1310=ORIENTED_EDGE('',*,*,#1974,.T.);
#1311=ORIENTED_EDGE('',*,*,#2251,.F.);
#1312=ORIENTED_EDGE('',*,*,#2252,.F.);
#1313=ORIENTED_EDGE('',*,*,#2253,.F.);
#1314=ORIENTED_EDGE('',*,*,#1979,.T.);
#1315=ORIENTED_EDGE('',*,*,#2254,.F.);
#1316=ORIENTED_EDGE('',*,*,#2027,.F.);
#1317=ORIENTED_EDGE('',*,*,#1980,.T.);
#1318=ORIENTED_EDGE('',*,*,#2253,.T.);
#1319=ORIENTED_EDGE('',*,*,#2255,.F.);
#1320=ORIENTED_EDGE('',*,*,#2256,.F.);
#1321=ORIENTED_EDGE('',*,*,#2240,.F.);
#1322=ORIENTED_EDGE('',*,*,#1831,.T.);
#1323=ORIENTED_EDGE('',*,*,#2257,.T.);
#1324=ORIENTED_EDGE('',*,*,#2256,.T.);
#1325=ORIENTED_EDGE('',*,*,#2258,.T.);
#1326=ORIENTED_EDGE('',*,*,#2001,.T.);
#1327=ORIENTED_EDGE('',*,*,#2259,.T.);
#1328=ORIENTED_EDGE('',*,*,#2004,.T.);
#1329=ORIENTED_EDGE('',*,*,#2260,.T.);
#1330=ORIENTED_EDGE('',*,*,#2007,.T.);
#1331=ORIENTED_EDGE('',*,*,#2261,.T.);
#1332=ORIENTED_EDGE('',*,*,#2010,.T.);
#1333=ORIENTED_EDGE('',*,*,#2262,.T.);
#1334=ORIENTED_EDGE('',*,*,#2013,.T.);
#1335=ORIENTED_EDGE('',*,*,#2263,.T.);
#1336=ORIENTED_EDGE('',*,*,#2016,.T.);
#1337=ORIENTED_EDGE('',*,*,#2264,.T.);
#1338=ORIENTED_EDGE('',*,*,#2019,.T.);
#1339=ORIENTED_EDGE('',*,*,#2265,.T.);
#1340=ORIENTED_EDGE('',*,*,#2022,.T.);
#1341=ORIENTED_EDGE('',*,*,#2266,.T.);
#1342=ORIENTED_EDGE('',*,*,#2025,.T.);
#1343=ORIENTED_EDGE('',*,*,#2254,.T.);
#1344=ORIENTED_EDGE('',*,*,#2252,.T.);
#1345=ORIENTED_EDGE('',*,*,#2267,.T.);
#1346=ORIENTED_EDGE('',*,*,#2028,.T.);
#1347=ORIENTED_EDGE('',*,*,#2268,.T.);
#1348=ORIENTED_EDGE('',*,*,#2031,.T.);
#1349=ORIENTED_EDGE('',*,*,#2250,.T.);
#1350=ORIENTED_EDGE('',*,*,#2269,.T.);
#1351=ORIENTED_EDGE('',*,*,#2080,.T.);
#1352=ORIENTED_EDGE('',*,*,#2270,.T.);
#1353=ORIENTED_EDGE('',*,*,#2077,.T.);
#1354=ORIENTED_EDGE('',*,*,#2271,.T.);
#1355=ORIENTED_EDGE('',*,*,#2074,.T.);
#1356=ORIENTED_EDGE('',*,*,#2272,.T.);
#1357=ORIENTED_EDGE('',*,*,#2071,.T.);
#1358=ORIENTED_EDGE('',*,*,#2273,.T.);
#1359=ORIENTED_EDGE('',*,*,#2068,.T.);
#1360=ORIENTED_EDGE('',*,*,#2274,.T.);
#1361=ORIENTED_EDGE('',*,*,#2065,.T.);
#1362=ORIENTED_EDGE('',*,*,#2275,.T.);
#1363=ORIENTED_EDGE('',*,*,#2062,.T.);
#1364=ORIENTED_EDGE('',*,*,#2276,.T.);
#1365=ORIENTED_EDGE('',*,*,#2059,.T.);
#1366=ORIENTED_EDGE('',*,*,#2277,.T.);
#1367=ORIENTED_EDGE('',*,*,#2056,.T.);
#1368=ORIENTED_EDGE('',*,*,#2278,.T.);
#1369=ORIENTED_EDGE('',*,*,#2053,.T.);
#1370=ORIENTED_EDGE('',*,*,#2279,.T.);
#1371=ORIENTED_EDGE('',*,*,#2050,.T.);
#1372=ORIENTED_EDGE('',*,*,#2280,.T.);
#1373=ORIENTED_EDGE('',*,*,#2047,.T.);
#1374=ORIENTED_EDGE('',*,*,#2281,.T.);
#1375=ORIENTED_EDGE('',*,*,#2044,.T.);
#1376=ORIENTED_EDGE('',*,*,#2282,.T.);
#1377=ORIENTED_EDGE('',*,*,#2041,.T.);
#1378=ORIENTED_EDGE('',*,*,#2283,.T.);
#1379=ORIENTED_EDGE('',*,*,#2038,.T.);
#1380=ORIENTED_EDGE('',*,*,#2284,.T.);
#1381=ORIENTED_EDGE('',*,*,#2034,.T.);
#1382=ORIENTED_EDGE('',*,*,#2248,.T.);
#1383=ORIENTED_EDGE('',*,*,#2246,.T.);
#1384=ORIENTED_EDGE('',*,*,#2285,.T.);
#1385=ORIENTED_EDGE('',*,*,#2107,.T.);
#1386=ORIENTED_EDGE('',*,*,#2286,.T.);
#1387=ORIENTED_EDGE('',*,*,#2104,.T.);
#1388=ORIENTED_EDGE('',*,*,#2287,.T.);
#1389=ORIENTED_EDGE('',*,*,#2101,.T.);
#1390=ORIENTED_EDGE('',*,*,#2288,.T.);
#1391=ORIENTED_EDGE('',*,*,#2098,.T.);
#1392=ORIENTED_EDGE('',*,*,#2289,.T.);
#1393=ORIENTED_EDGE('',*,*,#2095,.T.);
#1394=ORIENTED_EDGE('',*,*,#2290,.T.);
#1395=ORIENTED_EDGE('',*,*,#2092,.T.);
#1396=ORIENTED_EDGE('',*,*,#2291,.T.);
#1397=ORIENTED_EDGE('',*,*,#2089,.T.);
#1398=ORIENTED_EDGE('',*,*,#2292,.T.);
#1399=ORIENTED_EDGE('',*,*,#2086,.T.);
#1400=ORIENTED_EDGE('',*,*,#2293,.T.);
#1401=ORIENTED_EDGE('',*,*,#2082,.T.);
#1402=ORIENTED_EDGE('',*,*,#2244,.T.);
#1403=ORIENTED_EDGE('',*,*,#2294,.T.);
#1404=ORIENTED_EDGE('',*,*,#2125,.T.);
#1405=ORIENTED_EDGE('',*,*,#2295,.T.);
#1406=ORIENTED_EDGE('',*,*,#2122,.T.);
#1407=ORIENTED_EDGE('',*,*,#2296,.T.);
#1408=ORIENTED_EDGE('',*,*,#2119,.T.);
#1409=ORIENTED_EDGE('',*,*,#2297,.T.);
#1410=ORIENTED_EDGE('',*,*,#2116,.T.);
#1411=ORIENTED_EDGE('',*,*,#2298,.T.);
#1412=ORIENTED_EDGE('',*,*,#2113,.T.);
#1413=ORIENTED_EDGE('',*,*,#2299,.T.);
#1414=ORIENTED_EDGE('',*,*,#2109,.T.);
#1415=ORIENTED_EDGE('',*,*,#2242,.T.);
#1416=ORIENTED_EDGE('',*,*,#2300,.T.);
#1417=ORIENTED_EDGE('',*,*,#2127,.T.);
#1418=ORIENTED_EDGE('',*,*,#2301,.T.);
#1419=ORIENTED_EDGE('',*,*,#2130,.T.);
#1420=ORIENTED_EDGE('',*,*,#2302,.T.);
#1421=ORIENTED_EDGE('',*,*,#2133,.T.);
#1422=ORIENTED_EDGE('',*,*,#2303,.T.);
#1423=ORIENTED_EDGE('',*,*,#2136,.T.);
#1424=ORIENTED_EDGE('',*,*,#2304,.T.);
#1425=ORIENTED_EDGE('',*,*,#2139,.T.);
#1426=ORIENTED_EDGE('',*,*,#2305,.T.);
#1427=ORIENTED_EDGE('',*,*,#2142,.T.);
#1428=ORIENTED_EDGE('',*,*,#2306,.T.);
#1429=ORIENTED_EDGE('',*,*,#2145,.T.);
#1430=ORIENTED_EDGE('',*,*,#2307,.T.);
#1431=ORIENTED_EDGE('',*,*,#2148,.T.);
#1432=ORIENTED_EDGE('',*,*,#2308,.T.);
#1433=ORIENTED_EDGE('',*,*,#2151,.T.);
#1434=ORIENTED_EDGE('',*,*,#2309,.T.);
#1435=ORIENTED_EDGE('',*,*,#2154,.T.);
#1436=ORIENTED_EDGE('',*,*,#2310,.T.);
#1437=ORIENTED_EDGE('',*,*,#2157,.T.);
#1438=ORIENTED_EDGE('',*,*,#2311,.T.);
#1439=ORIENTED_EDGE('',*,*,#2160,.T.);
#1440=ORIENTED_EDGE('',*,*,#2312,.T.);
#1441=ORIENTED_EDGE('',*,*,#2163,.T.);
#1442=ORIENTED_EDGE('',*,*,#2313,.T.);
#1443=ORIENTED_EDGE('',*,*,#2166,.T.);
#1444=ORIENTED_EDGE('',*,*,#2314,.T.);
#1445=ORIENTED_EDGE('',*,*,#2169,.T.);
#1446=ORIENTED_EDGE('',*,*,#2315,.T.);
#1447=ORIENTED_EDGE('',*,*,#2172,.T.);
#1448=ORIENTED_EDGE('',*,*,#2316,.T.);
#1449=ORIENTED_EDGE('',*,*,#2175,.T.);
#1450=ORIENTED_EDGE('',*,*,#2317,.T.);
#1451=ORIENTED_EDGE('',*,*,#2178,.T.);
#1452=ORIENTED_EDGE('',*,*,#2318,.T.);
#1453=ORIENTED_EDGE('',*,*,#2181,.T.);
#1454=ORIENTED_EDGE('',*,*,#2319,.T.);
#1455=ORIENTED_EDGE('',*,*,#2184,.T.);
#1456=ORIENTED_EDGE('',*,*,#2320,.T.);
#1457=ORIENTED_EDGE('',*,*,#2187,.T.);
#1458=ORIENTED_EDGE('',*,*,#2321,.T.);
#1459=ORIENTED_EDGE('',*,*,#2190,.T.);
#1460=ORIENTED_EDGE('',*,*,#2322,.T.);
#1461=ORIENTED_EDGE('',*,*,#2193,.T.);
#1462=ORIENTED_EDGE('',*,*,#2323,.T.);
#1463=ORIENTED_EDGE('',*,*,#2196,.T.);
#1464=ORIENTED_EDGE('',*,*,#2324,.T.);
#1465=ORIENTED_EDGE('',*,*,#2199,.T.);
#1466=ORIENTED_EDGE('',*,*,#2325,.T.);
#1467=ORIENTED_EDGE('',*,*,#2202,.T.);
#1468=ORIENTED_EDGE('',*,*,#2326,.T.);
#1469=ORIENTED_EDGE('',*,*,#2205,.T.);
#1470=ORIENTED_EDGE('',*,*,#2327,.T.);
#1471=ORIENTED_EDGE('',*,*,#2208,.T.);
#1472=ORIENTED_EDGE('',*,*,#2328,.T.);
#1473=ORIENTED_EDGE('',*,*,#2211,.T.);
#1474=ORIENTED_EDGE('',*,*,#2329,.T.);
#1475=ORIENTED_EDGE('',*,*,#2214,.T.);
#1476=ORIENTED_EDGE('',*,*,#2330,.T.);
#1477=ORIENTED_EDGE('',*,*,#2217,.T.);
#1478=ORIENTED_EDGE('',*,*,#2331,.T.);
#1479=ORIENTED_EDGE('',*,*,#2220,.T.);
#1480=ORIENTED_EDGE('',*,*,#2332,.T.);
#1481=ORIENTED_EDGE('',*,*,#2223,.T.);
#1482=ORIENTED_EDGE('',*,*,#2333,.T.);
#1483=ORIENTED_EDGE('',*,*,#2226,.T.);
#1484=ORIENTED_EDGE('',*,*,#2334,.T.);
#1485=ORIENTED_EDGE('',*,*,#2229,.T.);
#1486=ORIENTED_EDGE('',*,*,#2335,.T.);
#1487=ORIENTED_EDGE('',*,*,#2232,.T.);
#1488=ORIENTED_EDGE('',*,*,#2336,.T.);
#1489=ORIENTED_EDGE('',*,*,#2235,.T.);
#1490=ORIENTED_EDGE('',*,*,#2337,.T.);
#1491=ORIENTED_EDGE('',*,*,#2238,.T.);
#1492=ORIENTED_EDGE('',*,*,#2237,.T.);
#1493=ORIENTED_EDGE('',*,*,#1833,.T.);
#1494=ORIENTED_EDGE('',*,*,#2239,.F.);
#1495=ORIENTED_EDGE('',*,*,#2337,.F.);
#1496=ORIENTED_EDGE('',*,*,#2234,.T.);
#1497=ORIENTED_EDGE('',*,*,#1835,.T.);
#1498=ORIENTED_EDGE('',*,*,#2236,.F.);
#1499=ORIENTED_EDGE('',*,*,#2336,.F.);
#1500=ORIENTED_EDGE('',*,*,#2231,.T.);
#1501=ORIENTED_EDGE('',*,*,#1837,.T.);
#1502=ORIENTED_EDGE('',*,*,#2233,.F.);
#1503=ORIENTED_EDGE('',*,*,#2335,.F.);
#1504=ORIENTED_EDGE('',*,*,#2228,.T.);
#1505=ORIENTED_EDGE('',*,*,#1839,.T.);
#1506=ORIENTED_EDGE('',*,*,#2230,.F.);
#1507=ORIENTED_EDGE('',*,*,#2334,.F.);
#1508=ORIENTED_EDGE('',*,*,#2225,.T.);
#1509=ORIENTED_EDGE('',*,*,#1841,.T.);
#1510=ORIENTED_EDGE('',*,*,#2227,.F.);
#1511=ORIENTED_EDGE('',*,*,#2333,.F.);
#1512=ORIENTED_EDGE('',*,*,#2222,.T.);
#1513=ORIENTED_EDGE('',*,*,#1843,.T.);
#1514=ORIENTED_EDGE('',*,*,#2224,.F.);
#1515=ORIENTED_EDGE('',*,*,#2332,.F.);
#1516=ORIENTED_EDGE('',*,*,#2219,.T.);
#1517=ORIENTED_EDGE('',*,*,#1845,.T.);
#1518=ORIENTED_EDGE('',*,*,#2221,.F.);
#1519=ORIENTED_EDGE('',*,*,#2331,.F.);
#1520=ORIENTED_EDGE('',*,*,#2216,.T.);
#1521=ORIENTED_EDGE('',*,*,#1847,.T.);
#1522=ORIENTED_EDGE('',*,*,#2218,.F.);
#1523=ORIENTED_EDGE('',*,*,#2330,.F.);
#1524=ORIENTED_EDGE('',*,*,#2213,.T.);
#1525=ORIENTED_EDGE('',*,*,#1849,.T.);
#1526=ORIENTED_EDGE('',*,*,#2215,.F.);
#1527=ORIENTED_EDGE('',*,*,#2329,.F.);
#1528=ORIENTED_EDGE('',*,*,#2210,.T.);
#1529=ORIENTED_EDGE('',*,*,#1851,.T.);
#1530=ORIENTED_EDGE('',*,*,#2212,.F.);
#1531=ORIENTED_EDGE('',*,*,#2328,.F.);
#1532=ORIENTED_EDGE('',*,*,#2207,.T.);
#1533=ORIENTED_EDGE('',*,*,#1853,.T.);
#1534=ORIENTED_EDGE('',*,*,#2209,.F.);
#1535=ORIENTED_EDGE('',*,*,#2327,.F.);
#1536=ORIENTED_EDGE('',*,*,#2204,.T.);
#1537=ORIENTED_EDGE('',*,*,#1855,.T.);
#1538=ORIENTED_EDGE('',*,*,#2206,.F.);
#1539=ORIENTED_EDGE('',*,*,#2326,.F.);
#1540=ORIENTED_EDGE('',*,*,#2201,.T.);
#1541=ORIENTED_EDGE('',*,*,#1857,.T.);
#1542=ORIENTED_EDGE('',*,*,#2203,.F.);
#1543=ORIENTED_EDGE('',*,*,#2325,.F.);
#1544=ORIENTED_EDGE('',*,*,#2198,.T.);
#1545=ORIENTED_EDGE('',*,*,#1859,.T.);
#1546=ORIENTED_EDGE('',*,*,#2200,.F.);
#1547=ORIENTED_EDGE('',*,*,#2324,.F.);
#1548=ORIENTED_EDGE('',*,*,#2195,.T.);
#1549=ORIENTED_EDGE('',*,*,#1861,.T.);
#1550=ORIENTED_EDGE('',*,*,#2197,.F.);
#1551=ORIENTED_EDGE('',*,*,#2323,.F.);
#1552=ORIENTED_EDGE('',*,*,#2192,.T.);
#1553=ORIENTED_EDGE('',*,*,#1863,.T.);
#1554=ORIENTED_EDGE('',*,*,#2194,.F.);
#1555=ORIENTED_EDGE('',*,*,#2322,.F.);
#1556=ORIENTED_EDGE('',*,*,#2189,.T.);
#1557=ORIENTED_EDGE('',*,*,#1865,.T.);
#1558=ORIENTED_EDGE('',*,*,#2191,.F.);
#1559=ORIENTED_EDGE('',*,*,#2321,.F.);
#1560=ORIENTED_EDGE('',*,*,#2186,.T.);
#1561=ORIENTED_EDGE('',*,*,#1867,.T.);
#1562=ORIENTED_EDGE('',*,*,#2188,.F.);
#1563=ORIENTED_EDGE('',*,*,#2320,.F.);
#1564=ORIENTED_EDGE('',*,*,#2183,.T.);
#1565=ORIENTED_EDGE('',*,*,#1869,.T.);
#1566=ORIENTED_EDGE('',*,*,#2185,.F.);
#1567=ORIENTED_EDGE('',*,*,#2319,.F.);
#1568=ORIENTED_EDGE('',*,*,#2180,.T.);
#1569=ORIENTED_EDGE('',*,*,#1871,.T.);
#1570=ORIENTED_EDGE('',*,*,#2182,.F.);
#1571=ORIENTED_EDGE('',*,*,#2318,.F.);
#1572=ORIENTED_EDGE('',*,*,#2177,.T.);
#1573=ORIENTED_EDGE('',*,*,#1873,.T.);
#1574=ORIENTED_EDGE('',*,*,#2179,.F.);
#1575=ORIENTED_EDGE('',*,*,#2317,.F.);
#1576=ORIENTED_EDGE('',*,*,#2174,.T.);
#1577=ORIENTED_EDGE('',*,*,#1875,.T.);
#1578=ORIENTED_EDGE('',*,*,#2176,.F.);
#1579=ORIENTED_EDGE('',*,*,#2316,.F.);
#1580=ORIENTED_EDGE('',*,*,#2171,.T.);
#1581=ORIENTED_EDGE('',*,*,#1877,.T.);
#1582=ORIENTED_EDGE('',*,*,#2173,.F.);
#1583=ORIENTED_EDGE('',*,*,#2315,.F.);
#1584=ORIENTED_EDGE('',*,*,#2168,.T.);
#1585=ORIENTED_EDGE('',*,*,#1879,.T.);
#1586=ORIENTED_EDGE('',*,*,#2170,.F.);
#1587=ORIENTED_EDGE('',*,*,#2314,.F.);
#1588=ORIENTED_EDGE('',*,*,#2165,.T.);
#1589=ORIENTED_EDGE('',*,*,#1881,.T.);
#1590=ORIENTED_EDGE('',*,*,#2167,.F.);
#1591=ORIENTED_EDGE('',*,*,#2313,.F.);
#1592=ORIENTED_EDGE('',*,*,#2162,.T.);
#1593=ORIENTED_EDGE('',*,*,#1883,.T.);
#1594=ORIENTED_EDGE('',*,*,#2164,.F.);
#1595=ORIENTED_EDGE('',*,*,#2312,.F.);
#1596=ORIENTED_EDGE('',*,*,#2159,.T.);
#1597=ORIENTED_EDGE('',*,*,#1885,.T.);
#1598=ORIENTED_EDGE('',*,*,#2161,.F.);
#1599=ORIENTED_EDGE('',*,*,#2311,.F.);
#1600=ORIENTED_EDGE('',*,*,#2156,.T.);
#1601=ORIENTED_EDGE('',*,*,#1887,.T.);
#1602=ORIENTED_EDGE('',*,*,#2158,.F.);
#1603=ORIENTED_EDGE('',*,*,#2310,.F.);
#1604=ORIENTED_EDGE('',*,*,#2153,.T.);
#1605=ORIENTED_EDGE('',*,*,#1889,.T.);
#1606=ORIENTED_EDGE('',*,*,#2155,.F.);
#1607=ORIENTED_EDGE('',*,*,#2309,.F.);
#1608=ORIENTED_EDGE('',*,*,#2150,.T.);
#1609=ORIENTED_EDGE('',*,*,#1891,.T.);
#1610=ORIENTED_EDGE('',*,*,#2152,.F.);
#1611=ORIENTED_EDGE('',*,*,#2308,.F.);
#1612=ORIENTED_EDGE('',*,*,#2147,.T.);
#1613=ORIENTED_EDGE('',*,*,#1893,.T.);
#1614=ORIENTED_EDGE('',*,*,#2149,.F.);
#1615=ORIENTED_EDGE('',*,*,#2307,.F.);
#1616=ORIENTED_EDGE('',*,*,#2144,.T.);
#1617=ORIENTED_EDGE('',*,*,#1895,.T.);
#1618=ORIENTED_EDGE('',*,*,#2146,.F.);
#1619=ORIENTED_EDGE('',*,*,#2306,.F.);
#1620=ORIENTED_EDGE('',*,*,#2141,.T.);
#1621=ORIENTED_EDGE('',*,*,#1897,.T.);
#1622=ORIENTED_EDGE('',*,*,#2143,.F.);
#1623=ORIENTED_EDGE('',*,*,#2305,.F.);
#1624=ORIENTED_EDGE('',*,*,#2138,.T.);
#1625=ORIENTED_EDGE('',*,*,#1899,.T.);
#1626=ORIENTED_EDGE('',*,*,#2140,.F.);
#1627=ORIENTED_EDGE('',*,*,#2304,.F.);
#1628=ORIENTED_EDGE('',*,*,#2135,.T.);
#1629=ORIENTED_EDGE('',*,*,#1901,.T.);
#1630=ORIENTED_EDGE('',*,*,#2137,.F.);
#1631=ORIENTED_EDGE('',*,*,#2303,.F.);
#1632=ORIENTED_EDGE('',*,*,#2132,.T.);
#1633=ORIENTED_EDGE('',*,*,#1903,.T.);
#1634=ORIENTED_EDGE('',*,*,#2134,.F.);
#1635=ORIENTED_EDGE('',*,*,#2302,.F.);
#1636=ORIENTED_EDGE('',*,*,#2129,.T.);
#1637=ORIENTED_EDGE('',*,*,#1905,.T.);
#1638=ORIENTED_EDGE('',*,*,#2131,.F.);
#1639=ORIENTED_EDGE('',*,*,#2301,.F.);
#1640=ORIENTED_EDGE('',*,*,#2241,.T.);
#1641=ORIENTED_EDGE('',*,*,#1907,.T.);
#1642=ORIENTED_EDGE('',*,*,#2128,.F.);
#1643=ORIENTED_EDGE('',*,*,#2300,.F.);
#1644=ORIENTED_EDGE('',*,*,#2243,.T.);
#1645=ORIENTED_EDGE('',*,*,#1920,.T.);
#1646=ORIENTED_EDGE('',*,*,#2126,.F.);
#1647=ORIENTED_EDGE('',*,*,#2294,.F.);
#1648=ORIENTED_EDGE('',*,*,#2124,.T.);
#1649=ORIENTED_EDGE('',*,*,#1918,.T.);
#1650=ORIENTED_EDGE('',*,*,#2123,.F.);
#1651=ORIENTED_EDGE('',*,*,#2295,.F.);
#1652=ORIENTED_EDGE('',*,*,#2121,.T.);
#1653=ORIENTED_EDGE('',*,*,#1916,.T.);
#1654=ORIENTED_EDGE('',*,*,#2120,.F.);
#1655=ORIENTED_EDGE('',*,*,#2296,.F.);
#1656=ORIENTED_EDGE('',*,*,#2118,.T.);
#1657=ORIENTED_EDGE('',*,*,#1914,.T.);
#1658=ORIENTED_EDGE('',*,*,#2117,.F.);
#1659=ORIENTED_EDGE('',*,*,#2297,.F.);
#1660=ORIENTED_EDGE('',*,*,#2115,.T.);
#1661=ORIENTED_EDGE('',*,*,#1912,.T.);
#1662=ORIENTED_EDGE('',*,*,#2114,.F.);
#1663=ORIENTED_EDGE('',*,*,#2298,.F.);
#1664=ORIENTED_EDGE('',*,*,#2112,.T.);
#1665=ORIENTED_EDGE('',*,*,#1910,.T.);
#1666=ORIENTED_EDGE('',*,*,#2110,.F.);
#1667=ORIENTED_EDGE('',*,*,#2299,.F.);
#1668=ORIENTED_EDGE('',*,*,#2245,.T.);
#1669=ORIENTED_EDGE('',*,*,#1939,.T.);
#1670=ORIENTED_EDGE('',*,*,#2108,.F.);
#1671=ORIENTED_EDGE('',*,*,#2285,.F.);
#1672=ORIENTED_EDGE('',*,*,#2106,.T.);
#1673=ORIENTED_EDGE('',*,*,#1937,.T.);
#1674=ORIENTED_EDGE('',*,*,#2105,.F.);
#1675=ORIENTED_EDGE('',*,*,#2286,.F.);
#1676=ORIENTED_EDGE('',*,*,#2103,.T.);
#1677=ORIENTED_EDGE('',*,*,#1935,.T.);
#1678=ORIENTED_EDGE('',*,*,#2102,.F.);
#1679=ORIENTED_EDGE('',*,*,#2287,.F.);
#1680=ORIENTED_EDGE('',*,*,#2100,.T.);
#1681=ORIENTED_EDGE('',*,*,#1933,.T.);
#1682=ORIENTED_EDGE('',*,*,#2099,.F.);
#1683=ORIENTED_EDGE('',*,*,#2288,.F.);
#1684=ORIENTED_EDGE('',*,*,#2097,.T.);
#1685=ORIENTED_EDGE('',*,*,#1931,.T.);
#1686=ORIENTED_EDGE('',*,*,#2096,.F.);
#1687=ORIENTED_EDGE('',*,*,#2289,.F.);
#1688=ORIENTED_EDGE('',*,*,#2094,.T.);
#1689=ORIENTED_EDGE('',*,*,#1929,.T.);
#1690=ORIENTED_EDGE('',*,*,#2093,.F.);
#1691=ORIENTED_EDGE('',*,*,#2290,.F.);
#1692=ORIENTED_EDGE('',*,*,#2091,.T.);
#1693=ORIENTED_EDGE('',*,*,#1927,.T.);
#1694=ORIENTED_EDGE('',*,*,#2090,.F.);
#1695=ORIENTED_EDGE('',*,*,#2291,.F.);
#1696=ORIENTED_EDGE('',*,*,#2088,.T.);
#1697=ORIENTED_EDGE('',*,*,#1925,.T.);
#1698=ORIENTED_EDGE('',*,*,#2087,.F.);
#1699=ORIENTED_EDGE('',*,*,#2292,.F.);
#1700=ORIENTED_EDGE('',*,*,#2085,.T.);
#1701=ORIENTED_EDGE('',*,*,#1923,.T.);
#1702=ORIENTED_EDGE('',*,*,#2083,.F.);
#1703=ORIENTED_EDGE('',*,*,#2293,.F.);
#1704=ORIENTED_EDGE('',*,*,#2249,.T.);
#1705=ORIENTED_EDGE('',*,*,#1973,.T.);
#1706=ORIENTED_EDGE('',*,*,#2081,.F.);
#1707=ORIENTED_EDGE('',*,*,#2269,.F.);
#1708=ORIENTED_EDGE('',*,*,#2079,.T.);
#1709=ORIENTED_EDGE('',*,*,#1971,.T.);
#1710=ORIENTED_EDGE('',*,*,#2078,.F.);
#1711=ORIENTED_EDGE('',*,*,#2270,.F.);
#1712=ORIENTED_EDGE('',*,*,#2076,.T.);
#1713=ORIENTED_EDGE('',*,*,#1969,.T.);
#1714=ORIENTED_EDGE('',*,*,#2075,.F.);
#1715=ORIENTED_EDGE('',*,*,#2271,.F.);
#1716=ORIENTED_EDGE('',*,*,#2073,.T.);
#1717=ORIENTED_EDGE('',*,*,#1967,.T.);
#1718=ORIENTED_EDGE('',*,*,#2072,.F.);
#1719=ORIENTED_EDGE('',*,*,#2272,.F.);
#1720=ORIENTED_EDGE('',*,*,#2070,.T.);
#1721=ORIENTED_EDGE('',*,*,#1965,.T.);
#1722=ORIENTED_EDGE('',*,*,#2069,.F.);
#1723=ORIENTED_EDGE('',*,*,#2273,.F.);
#1724=ORIENTED_EDGE('',*,*,#2067,.T.);
#1725=ORIENTED_EDGE('',*,*,#1963,.T.);
#1726=ORIENTED_EDGE('',*,*,#2066,.F.);
#1727=ORIENTED_EDGE('',*,*,#2274,.F.);
#1728=ORIENTED_EDGE('',*,*,#2064,.T.);
#1729=ORIENTED_EDGE('',*,*,#1961,.T.);
#1730=ORIENTED_EDGE('',*,*,#2063,.F.);
#1731=ORIENTED_EDGE('',*,*,#2275,.F.);
#1732=ORIENTED_EDGE('',*,*,#2061,.T.);
#1733=ORIENTED_EDGE('',*,*,#1959,.T.);
#1734=ORIENTED_EDGE('',*,*,#2060,.F.);
#1735=ORIENTED_EDGE('',*,*,#2276,.F.);
#1736=ORIENTED_EDGE('',*,*,#2058,.T.);
#1737=ORIENTED_EDGE('',*,*,#1957,.T.);
#1738=ORIENTED_EDGE('',*,*,#2057,.F.);
#1739=ORIENTED_EDGE('',*,*,#2277,.F.);
#1740=ORIENTED_EDGE('',*,*,#2055,.T.);
#1741=ORIENTED_EDGE('',*,*,#1955,.T.);
#1742=ORIENTED_EDGE('',*,*,#2054,.F.);
#1743=ORIENTED_EDGE('',*,*,#2278,.F.);
#1744=ORIENTED_EDGE('',*,*,#2052,.T.);
#1745=ORIENTED_EDGE('',*,*,#1953,.T.);
#1746=ORIENTED_EDGE('',*,*,#2051,.F.);
#1747=ORIENTED_EDGE('',*,*,#2279,.F.);
#1748=ORIENTED_EDGE('',*,*,#2049,.T.);
#1749=ORIENTED_EDGE('',*,*,#1951,.T.);
#1750=ORIENTED_EDGE('',*,*,#2048,.F.);
#1751=ORIENTED_EDGE('',*,*,#2280,.F.);
#1752=ORIENTED_EDGE('',*,*,#2046,.T.);
#1753=ORIENTED_EDGE('',*,*,#1949,.T.);
#1754=ORIENTED_EDGE('',*,*,#2045,.F.);
#1755=ORIENTED_EDGE('',*,*,#2281,.F.);
#1756=ORIENTED_EDGE('',*,*,#2043,.T.);
#1757=ORIENTED_EDGE('',*,*,#1947,.T.);
#1758=ORIENTED_EDGE('',*,*,#2042,.F.);
#1759=ORIENTED_EDGE('',*,*,#2282,.F.);
#1760=ORIENTED_EDGE('',*,*,#2040,.T.);
#1761=ORIENTED_EDGE('',*,*,#1945,.T.);
#1762=ORIENTED_EDGE('',*,*,#2039,.F.);
#1763=ORIENTED_EDGE('',*,*,#2283,.F.);
#1764=ORIENTED_EDGE('',*,*,#2037,.T.);
#1765=ORIENTED_EDGE('',*,*,#1943,.T.);
#1766=ORIENTED_EDGE('',*,*,#2035,.F.);
#1767=ORIENTED_EDGE('',*,*,#2284,.F.);
#1768=ORIENTED_EDGE('',*,*,#2030,.T.);
#1769=ORIENTED_EDGE('',*,*,#1976,.T.);
#1770=ORIENTED_EDGE('',*,*,#2032,.F.);
#1771=ORIENTED_EDGE('',*,*,#2268,.F.);
#1772=ORIENTED_EDGE('',*,*,#2251,.T.);
#1773=ORIENTED_EDGE('',*,*,#1978,.T.);
#1774=ORIENTED_EDGE('',*,*,#2029,.F.);
#1775=ORIENTED_EDGE('',*,*,#2267,.F.);
#1776=ORIENTED_EDGE('',*,*,#2024,.T.);
#1777=ORIENTED_EDGE('',*,*,#1982,.T.);
#1778=ORIENTED_EDGE('',*,*,#2026,.F.);
#1779=ORIENTED_EDGE('',*,*,#2266,.F.);
#1780=ORIENTED_EDGE('',*,*,#2021,.T.);
#1781=ORIENTED_EDGE('',*,*,#1984,.T.);
#1782=ORIENTED_EDGE('',*,*,#2023,.F.);
#1783=ORIENTED_EDGE('',*,*,#2265,.F.);
#1784=ORIENTED_EDGE('',*,*,#2018,.T.);
#1785=ORIENTED_EDGE('',*,*,#1986,.T.);
#1786=ORIENTED_EDGE('',*,*,#2020,.F.);
#1787=ORIENTED_EDGE('',*,*,#2264,.F.);
#1788=ORIENTED_EDGE('',*,*,#2015,.T.);
#1789=ORIENTED_EDGE('',*,*,#1988,.T.);
#1790=ORIENTED_EDGE('',*,*,#2017,.F.);
#1791=ORIENTED_EDGE('',*,*,#2263,.F.);
#1792=ORIENTED_EDGE('',*,*,#2012,.T.);
#1793=ORIENTED_EDGE('',*,*,#1990,.T.);
#1794=ORIENTED_EDGE('',*,*,#2014,.F.);
#1795=ORIENTED_EDGE('',*,*,#2262,.F.);
#1796=ORIENTED_EDGE('',*,*,#2009,.T.);
#1797=ORIENTED_EDGE('',*,*,#1992,.T.);
#1798=ORIENTED_EDGE('',*,*,#2011,.F.);
#1799=ORIENTED_EDGE('',*,*,#2261,.F.);
#1800=ORIENTED_EDGE('',*,*,#2006,.T.);
#1801=ORIENTED_EDGE('',*,*,#1994,.T.);
#1802=ORIENTED_EDGE('',*,*,#2008,.F.);
#1803=ORIENTED_EDGE('',*,*,#2260,.F.);
#1804=ORIENTED_EDGE('',*,*,#2003,.T.);
#1805=ORIENTED_EDGE('',*,*,#1996,.T.);
#1806=ORIENTED_EDGE('',*,*,#2005,.F.);
#1807=ORIENTED_EDGE('',*,*,#2259,.F.);
#1808=ORIENTED_EDGE('',*,*,#2255,.T.);
#1809=ORIENTED_EDGE('',*,*,#1830,.T.);
#1810=ORIENTED_EDGE('',*,*,#2002,.F.);
#1811=ORIENTED_EDGE('',*,*,#2258,.F.);
#1812=ORIENTED_EDGE('',*,*,#1829,.T.);
#1813=ORIENTED_EDGE('',*,*,#2257,.F.);
#1814=ORIENTED_EDGE('',*,*,#1999,.T.);
#1815=ORIENTED_EDGE('',*,*,#2338,.F.);
#1816=ORIENTED_EDGE('',*,*,#2339,.F.);
#1817=ORIENTED_EDGE('',*,*,#2340,.T.);
#1818=ORIENTED_EDGE('',*,*,#1998,.T.);
#1819=ORIENTED_EDGE('',*,*,#2341,.F.);
#1820=ORIENTED_EDGE('',*,*,#2342,.F.);
#1821=ORIENTED_EDGE('',*,*,#2338,.T.);
#1822=ORIENTED_EDGE('',*,*,#2000,.T.);
#1823=ORIENTED_EDGE('',*,*,#2340,.F.);
#1824=ORIENTED_EDGE('',*,*,#2343,.F.);
#1825=ORIENTED_EDGE('',*,*,#2341,.T.);
#1826=ORIENTED_EDGE('',*,*,#2339,.T.);
#1827=ORIENTED_EDGE('',*,*,#2342,.T.);
#1828=ORIENTED_EDGE('',*,*,#2343,.T.);
#1829=EDGE_CURVE('',#2344,#2344,#2688,.T.);
#1830=EDGE_CURVE('',#2345,#2346,#2689,.T.);
#1831=EDGE_CURVE('',#2347,#2345,#93,.T.);
#1832=EDGE_CURVE('',#2348,#2347,#94,.T.);
#1833=EDGE_CURVE('',#2349,#2348,#2690,.T.);
#1834=EDGE_CURVE('',#2350,#2349,#95,.T.);
#1835=EDGE_CURVE('',#2351,#2350,#2691,.T.);
#1836=EDGE_CURVE('',#2352,#2351,#96,.T.);
#1837=EDGE_CURVE('',#2353,#2352,#2692,.T.);
#1838=EDGE_CURVE('',#2354,#2353,#97,.T.);
#1839=EDGE_CURVE('',#2355,#2354,#2693,.T.);
#1840=EDGE_CURVE('',#2356,#2355,#98,.T.);
#1841=EDGE_CURVE('',#2357,#2356,#2694,.T.);
#1842=EDGE_CURVE('',#2358,#2357,#99,.T.);
#1843=EDGE_CURVE('',#2359,#2358,#2695,.T.);
#1844=EDGE_CURVE('',#2360,#2359,#100,.T.);
#1845=EDGE_CURVE('',#2361,#2360,#2696,.T.);
#1846=EDGE_CURVE('',#2362,#2361,#101,.T.);
#1847=EDGE_CURVE('',#2363,#2362,#2697,.T.);
#1848=EDGE_CURVE('',#2364,#2363,#102,.T.);
#1849=EDGE_CURVE('',#2365,#2364,#2698,.T.);
#1850=EDGE_CURVE('',#2366,#2365,#103,.T.);
#1851=EDGE_CURVE('',#2367,#2366,#2699,.T.);
#1852=EDGE_CURVE('',#2368,#2367,#104,.T.);
#1853=EDGE_CURVE('',#2369,#2368,#2700,.T.);
#1854=EDGE_CURVE('',#2370,#2369,#105,.T.);
#1855=EDGE_CURVE('',#2371,#2370,#2701,.T.);
#1856=EDGE_CURVE('',#2372,#2371,#106,.T.);
#1857=EDGE_CURVE('',#2373,#2372,#2702,.T.);
#1858=EDGE_CURVE('',#2374,#2373,#107,.T.);
#1859=EDGE_CURVE('',#2375,#2374,#2703,.T.);
#1860=EDGE_CURVE('',#2376,#2375,#108,.T.);
#1861=EDGE_CURVE('',#2377,#2376,#2704,.T.);
#1862=EDGE_CURVE('',#2378,#2377,#109,.T.);
#1863=EDGE_CURVE('',#2379,#2378,#2705,.T.);
#1864=EDGE_CURVE('',#2380,#2379,#110,.T.);
#1865=EDGE_CURVE('',#2381,#2380,#2706,.T.);
#1866=EDGE_CURVE('',#2382,#2381,#111,.T.);
#1867=EDGE_CURVE('',#2383,#2382,#2707,.T.);
#1868=EDGE_CURVE('',#2384,#2383,#112,.T.);
#1869=EDGE_CURVE('',#2385,#2384,#2708,.T.);
#1870=EDGE_CURVE('',#2386,#2385,#113,.T.);
#1871=EDGE_CURVE('',#2387,#2386,#2709,.T.);
#1872=EDGE_CURVE('',#2388,#2387,#114,.T.);
#1873=EDGE_CURVE('',#2389,#2388,#2710,.T.);
#1874=EDGE_CURVE('',#2390,#2389,#115,.T.);
#1875=EDGE_CURVE('',#2391,#2390,#2711,.T.);
#1876=EDGE_CURVE('',#2392,#2391,#116,.T.);
#1877=EDGE_CURVE('',#2393,#2392,#2712,.T.);
#1878=EDGE_CURVE('',#2394,#2393,#117,.T.);
#1879=EDGE_CURVE('',#2395,#2394,#2713,.T.);
#1880=EDGE_CURVE('',#2396,#2395,#118,.T.);
#1881=EDGE_CURVE('',#2397,#2396,#2714,.T.);
#1882=EDGE_CURVE('',#2398,#2397,#119,.T.);
#1883=EDGE_CURVE('',#2399,#2398,#2715,.T.);
#1884=EDGE_CURVE('',#2400,#2399,#120,.T.);
#1885=EDGE_CURVE('',#2401,#2400,#2716,.T.);
#1886=EDGE_CURVE('',#2402,#2401,#121,.T.);
#1887=EDGE_CURVE('',#2403,#2402,#2717,.T.);
#1888=EDGE_CURVE('',#2404,#2403,#122,.T.);
#1889=EDGE_CURVE('',#2405,#2404,#2718,.T.);
#1890=EDGE_CURVE('',#2406,#2405,#123,.T.);
#1891=EDGE_CURVE('',#2407,#2406,#2719,.T.);
#1892=EDGE_CURVE('',#2408,#2407,#124,.T.);
#1893=EDGE_CURVE('',#2409,#2408,#2720,.T.);
#1894=EDGE_CURVE('',#2410,#2409,#125,.T.);
#1895=EDGE_CURVE('',#2411,#2410,#2721,.T.);
#1896=EDGE_CURVE('',#2412,#2411,#126,.T.);
#1897=EDGE_CURVE('',#2413,#2412,#2722,.T.);
#1898=EDGE_CURVE('',#2414,#2413,#127,.T.);
#1899=EDGE_CURVE('',#2415,#2414,#2723,.T.);
#1900=EDGE_CURVE('',#2416,#2415,#128,.T.);
#1901=EDGE_CURVE('',#2417,#2416,#2724,.T.);
#1902=EDGE_CURVE('',#2418,#2417,#129,.T.);
#1903=EDGE_CURVE('',#2419,#2418,#2725,.T.);
#1904=EDGE_CURVE('',#2420,#2419,#130,.T.);
#1905=EDGE_CURVE('',#2421,#2420,#2726,.T.);
#1906=EDGE_CURVE('',#2422,#2421,#131,.T.);
#1907=EDGE_CURVE('',#2423,#2422,#2727,.T.);
#1908=EDGE_CURVE('',#2424,#2423,#132,.T.);
#1909=EDGE_CURVE('',#2425,#2424,#133,.T.);
#1910=EDGE_CURVE('',#2426,#2425,#2728,.T.);
#1911=EDGE_CURVE('',#2427,#2426,#134,.T.);
#1912=EDGE_CURVE('',#2428,#2427,#2729,.T.);
#1913=EDGE_CURVE('',#2429,#2428,#135,.T.);
#1914=EDGE_CURVE('',#2430,#2429,#2730,.T.);
#1915=EDGE_CURVE('',#2431,#2430,#136,.T.);
#1916=EDGE_CURVE('',#2432,#2431,#2731,.T.);
#1917=EDGE_CURVE('',#2433,#2432,#137,.T.);
#1918=EDGE_CURVE('',#2434,#2433,#2732,.T.);
#1919=EDGE_CURVE('',#2435,#2434,#138,.T.);
#1920=EDGE_CURVE('',#2436,#2435,#2733,.T.);
#1921=EDGE_CURVE('',#2437,#2436,#139,.T.);
#1922=EDGE_CURVE('',#2438,#2437,#140,.T.);
#1923=EDGE_CURVE('',#2439,#2438,#2734,.T.);
#1924=EDGE_CURVE('',#2440,#2439,#141,.T.);
#1925=EDGE_CURVE('',#2441,#2440,#2735,.T.);
#1926=EDGE_CURVE('',#2442,#2441,#142,.T.);
#1927=EDGE_CURVE('',#2443,#2442,#2736,.T.);
#1928=EDGE_CURVE('',#2444,#2443,#143,.T.);
#1929=EDGE_CURVE('',#2445,#2444,#2737,.T.);
#1930=EDGE_CURVE('',#2446,#2445,#144,.T.);
#1931=EDGE_CURVE('',#2447,#2446,#2738,.T.);
#1932=EDGE_CURVE('',#2448,#2447,#145,.T.);
#1933=EDGE_CURVE('',#2449,#2448,#2739,.T.);
#1934=EDGE_CURVE('',#2450,#2449,#146,.T.);
#1935=EDGE_CURVE('',#2451,#2450,#2740,.T.);
#1936=EDGE_CURVE('',#2452,#2451,#147,.T.);
#1937=EDGE_CURVE('',#2453,#2452,#2741,.T.);
#1938=EDGE_CURVE('',#2454,#2453,#148,.T.);
#1939=EDGE_CURVE('',#2455,#2454,#2742,.T.);
#1940=EDGE_CURVE('',#2456,#2455,#149,.T.);
#1941=EDGE_CURVE('',#2457,#2456,#150,.T.);
#1942=EDGE_CURVE('',#2458,#2457,#151,.T.);
#1943=EDGE_CURVE('',#2459,#2458,#2743,.T.);
#1944=EDGE_CURVE('',#2460,#2459,#152,.T.);
#1945=EDGE_CURVE('',#2461,#2460,#2744,.T.);
#1946=EDGE_CURVE('',#2462,#2461,#153,.T.);
#1947=EDGE_CURVE('',#2463,#2462,#2745,.T.);
#1948=EDGE_CURVE('',#2464,#2463,#154,.T.);
#1949=EDGE_CURVE('',#2465,#2464,#2746,.T.);
#1950=EDGE_CURVE('',#2466,#2465,#155,.T.);
#1951=EDGE_CURVE('',#2467,#2466,#2747,.T.);
#1952=EDGE_CURVE('',#2468,#2467,#156,.T.);
#1953=EDGE_CURVE('',#2469,#2468,#2748,.T.);
#1954=EDGE_CURVE('',#2470,#2469,#157,.T.);
#1955=EDGE_CURVE('',#2471,#2470,#2749,.T.);
#1956=EDGE_CURVE('',#2472,#2471,#158,.T.);
#1957=EDGE_CURVE('',#2473,#2472,#2750,.T.);
#1958=EDGE_CURVE('',#2474,#2473,#159,.T.);
#1959=EDGE_CURVE('',#2475,#2474,#2751,.T.);
#1960=EDGE_CURVE('',#2476,#2475,#160,.T.);
#1961=EDGE_CURVE('',#2477,#2476,#2752,.T.);
#1962=EDGE_CURVE('',#2478,#2477,#161,.T.);
#1963=EDGE_CURVE('',#2479,#2478,#2753,.T.);
#1964=EDGE_CURVE('',#2480,#2479,#162,.T.);
#1965=EDGE_CURVE('',#2481,#2480,#2754,.T.);
#1966=EDGE_CURVE('',#2482,#2481,#163,.T.);
#1967=EDGE_CURVE('',#2483,#2482,#2755,.T.);
#1968=EDGE_CURVE('',#2484,#2483,#164,.T.);
#1969=EDGE_CURVE('',#2485,#2484,#2756,.T.);
#1970=EDGE_CURVE('',#2486,#2485,#165,.T.);
#1971=EDGE_CURVE('',#2487,#2486,#2757,.T.);
#1972=EDGE_CURVE('',#2488,#2487,#166,.T.);
#1973=EDGE_CURVE('',#2489,#2488,#2758,.T.);
#1974=EDGE_CURVE('',#2490,#2489,#167,.T.);
#1975=EDGE_CURVE('',#2491,#2490,#168,.T.);
#1976=EDGE_CURVE('',#2492,#2491,#2759,.T.);
#1977=EDGE_CURVE('',#2493,#2492,#169,.T.);
#1978=EDGE_CURVE('',#2494,#2493,#2760,.T.);
#1979=EDGE_CURVE('',#2495,#2494,#170,.T.);
#1980=EDGE_CURVE('',#2496,#2495,#171,.T.);
#1981=EDGE_CURVE('',#2497,#2496,#172,.T.);
#1982=EDGE_CURVE('',#2498,#2497,#2761,.T.);
#1983=EDGE_CURVE('',#2499,#2498,#173,.T.);
#1984=EDGE_CURVE('',#2500,#2499,#2762,.T.);
#1985=EDGE_CURVE('',#2501,#2500,#174,.T.);
#1986=EDGE_CURVE('',#2502,#2501,#2763,.T.);
#1987=EDGE_CURVE('',#2503,#2502,#175,.T.);
#1988=EDGE_CURVE('',#2504,#2503,#2764,.T.);
#1989=EDGE_CURVE('',#2505,#2504,#176,.T.);
#1990=EDGE_CURVE('',#2506,#2505,#2765,.T.);
#1991=EDGE_CURVE('',#2507,#2506,#177,.T.);
#1992=EDGE_CURVE('',#2508,#2507,#2766,.T.);
#1993=EDGE_CURVE('',#2509,#2508,#178,.T.);
#1994=EDGE_CURVE('',#2510,#2509,#2767,.T.);
#1995=EDGE_CURVE('',#2511,#2510,#179,.T.);
#1996=EDGE_CURVE('',#2512,#2511,#2768,.T.);
#1997=EDGE_CURVE('',#2346,#2512,#180,.T.);
#1998=EDGE_CURVE('',#2513,#2514,#181,.T.);
#1999=EDGE_CURVE('',#2515,#2513,#182,.T.);
#2000=EDGE_CURVE('',#2514,#2515,#183,.T.);
#2001=EDGE_CURVE('',#2516,#2517,#184,.T.);
#2002=EDGE_CURVE('',#2516,#2346,#185,.T.);
#2003=EDGE_CURVE('',#2517,#2512,#186,.T.);
#2004=EDGE_CURVE('',#2518,#2519,#187,.T.);
#2005=EDGE_CURVE('',#2518,#2511,#188,.T.);
#2006=EDGE_CURVE('',#2519,#2510,#189,.T.);
#2007=EDGE_CURVE('',#2520,#2521,#190,.T.);
#2008=EDGE_CURVE('',#2520,#2509,#191,.T.);
#2009=EDGE_CURVE('',#2521,#2508,#192,.T.);
#2010=EDGE_CURVE('',#2522,#2523,#193,.T.);
#2011=EDGE_CURVE('',#2522,#2507,#194,.T.);
#2012=EDGE_CURVE('',#2523,#2506,#195,.T.);
#2013=EDGE_CURVE('',#2524,#2525,#196,.T.);
#2014=EDGE_CURVE('',#2524,#2505,#197,.T.);
#2015=EDGE_CURVE('',#2525,#2504,#198,.T.);
#2016=EDGE_CURVE('',#2526,#2527,#199,.T.);
#2017=EDGE_CURVE('',#2526,#2503,#200,.T.);
#2018=EDGE_CURVE('',#2527,#2502,#201,.T.);
#2019=EDGE_CURVE('',#2528,#2529,#202,.T.);
#2020=EDGE_CURVE('',#2528,#2501,#203,.T.);
#2021=EDGE_CURVE('',#2529,#2500,#204,.T.);
#2022=EDGE_CURVE('',#2530,#2531,#205,.T.);
#2023=EDGE_CURVE('',#2530,#2499,#206,.T.);
#2024=EDGE_CURVE('',#2531,#2498,#207,.T.);
#2025=EDGE_CURVE('',#2532,#2533,#208,.T.);
#2026=EDGE_CURVE('',#2532,#2497,#209,.T.);
#2027=EDGE_CURVE('',#2496,#2533,#210,.T.);
#2028=EDGE_CURVE('',#2534,#2535,#211,.T.);
#2029=EDGE_CURVE('',#2534,#2493,#212,.T.);
#2030=EDGE_CURVE('',#2535,#2492,#213,.T.);
#2031=EDGE_CURVE('',#2536,#2537,#214,.T.);
#2032=EDGE_CURVE('',#2536,#2491,#215,.T.);
#2033=EDGE_CURVE('',#2490,#2537,#216,.T.);
#2034=EDGE_CURVE('',#2538,#2539,#217,.T.);
#2035=EDGE_CURVE('',#2538,#2458,#218,.T.);
#2036=EDGE_CURVE('',#2457,#2539,#219,.T.);
#2037=EDGE_CURVE('',#2540,#2459,#220,.T.);
#2038=EDGE_CURVE('',#2541,#2540,#221,.T.);
#2039=EDGE_CURVE('',#2541,#2460,#222,.T.);
#2040=EDGE_CURVE('',#2542,#2461,#223,.T.);
#2041=EDGE_CURVE('',#2543,#2542,#224,.T.);
#2042=EDGE_CURVE('',#2543,#2462,#225,.T.);
#2043=EDGE_CURVE('',#2544,#2463,#226,.T.);
#2044=EDGE_CURVE('',#2545,#2544,#227,.T.);
#2045=EDGE_CURVE('',#2545,#2464,#228,.T.);
#2046=EDGE_CURVE('',#2546,#2465,#229,.T.);
#2047=EDGE_CURVE('',#2547,#2546,#230,.T.);
#2048=EDGE_CURVE('',#2547,#2466,#231,.T.);
#2049=EDGE_CURVE('',#2548,#2467,#232,.T.);
#2050=EDGE_CURVE('',#2549,#2548,#233,.T.);
#2051=EDGE_CURVE('',#2549,#2468,#234,.T.);
#2052=EDGE_CURVE('',#2550,#2469,#235,.T.);
#2053=EDGE_CURVE('',#2551,#2550,#236,.T.);
#2054=EDGE_CURVE('',#2551,#2470,#237,.T.);
#2055=EDGE_CURVE('',#2552,#2471,#238,.T.);
#2056=EDGE_CURVE('',#2553,#2552,#239,.T.);
#2057=EDGE_CURVE('',#2553,#2472,#240,.T.);
#2058=EDGE_CURVE('',#2554,#2473,#241,.T.);
#2059=EDGE_CURVE('',#2555,#2554,#242,.T.);
#2060=EDGE_CURVE('',#2555,#2474,#243,.T.);
#2061=EDGE_CURVE('',#2556,#2475,#244,.T.);
#2062=EDGE_CURVE('',#2557,#2556,#245,.T.);
#2063=EDGE_CURVE('',#2557,#2476,#246,.T.);
#2064=EDGE_CURVE('',#2558,#2477,#247,.T.);
#2065=EDGE_CURVE('',#2559,#2558,#248,.T.);
#2066=EDGE_CURVE('',#2559,#2478,#249,.T.);
#2067=EDGE_CURVE('',#2560,#2479,#250,.T.);
#2068=EDGE_CURVE('',#2561,#2560,#251,.T.);
#2069=EDGE_CURVE('',#2561,#2480,#252,.T.);
#2070=EDGE_CURVE('',#2562,#2481,#253,.T.);
#2071=EDGE_CURVE('',#2563,#2562,#254,.T.);
#2072=EDGE_CURVE('',#2563,#2482,#255,.T.);
#2073=EDGE_CURVE('',#2564,#2483,#256,.T.);
#2074=EDGE_CURVE('',#2565,#2564,#257,.T.);
#2075=EDGE_CURVE('',#2565,#2484,#258,.T.);
#2076=EDGE_CURVE('',#2566,#2485,#259,.T.);
#2077=EDGE_CURVE('',#2567,#2566,#260,.T.);
#2078=EDGE_CURVE('',#2567,#2486,#261,.T.);
#2079=EDGE_CURVE('',#2568,#2487,#262,.T.);
#2080=EDGE_CURVE('',#2569,#2568,#263,.T.);
#2081=EDGE_CURVE('',#2569,#2488,#264,.T.);
#2082=EDGE_CURVE('',#2570,#2571,#265,.T.);
#2083=EDGE_CURVE('',#2570,#2438,#266,.T.);
#2084=EDGE_CURVE('',#2437,#2571,#267,.T.);
#2085=EDGE_CURVE('',#2572,#2439,#268,.T.);
#2086=EDGE_CURVE('',#2573,#2572,#269,.T.);
#2087=EDGE_CURVE('',#2573,#2440,#270,.T.);
#2088=EDGE_CURVE('',#2574,#2441,#271,.T.);
#2089=EDGE_CURVE('',#2575,#2574,#272,.T.);
#2090=EDGE_CURVE('',#2575,#2442,#273,.T.);
#2091=EDGE_CURVE('',#2576,#2443,#274,.T.);
#2092=EDGE_CURVE('',#2577,#2576,#275,.T.);
#2093=EDGE_CURVE('',#2577,#2444,#276,.T.);
#2094=EDGE_CURVE('',#2578,#2445,#277,.T.);
#2095=EDGE_CURVE('',#2579,#2578,#278,.T.);
#2096=EDGE_CURVE('',#2579,#2446,#279,.T.);
#2097=EDGE_CURVE('',#2580,#2447,#280,.T.);
#2098=EDGE_CURVE('',#2581,#2580,#281,.T.);
#2099=EDGE_CURVE('',#2581,#2448,#282,.T.);
#2100=EDGE_CURVE('',#2582,#2449,#283,.T.);
#2101=EDGE_CURVE('',#2583,#2582,#284,.T.);
#2102=EDGE_CURVE('',#2583,#2450,#285,.T.);
#2103=EDGE_CURVE('',#2584,#2451,#286,.T.);
#2104=EDGE_CURVE('',#2585,#2584,#287,.T.);
#2105=EDGE_CURVE('',#2585,#2452,#288,.T.);
#2106=EDGE_CURVE('',#2586,#2453,#289,.T.);
#2107=EDGE_CURVE('',#2587,#2586,#290,.T.);
#2108=EDGE_CURVE('',#2587,#2454,#291,.T.);
#2109=EDGE_CURVE('',#2588,#2589,#292,.T.);
#2110=EDGE_CURVE('',#2588,#2425,#293,.T.);
#2111=EDGE_CURVE('',#2424,#2589,#294,.T.);
#2112=EDGE_CURVE('',#2590,#2426,#295,.T.);
#2113=EDGE_CURVE('',#2591,#2590,#296,.T.);
#2114=EDGE_CURVE('',#2591,#2427,#297,.T.);
#2115=EDGE_CURVE('',#2592,#2428,#298,.T.);
#2116=EDGE_CURVE('',#2593,#2592,#299,.T.);
#2117=EDGE_CURVE('',#2593,#2429,#300,.T.);
#2118=EDGE_CURVE('',#2594,#2430,#301,.T.);
#2119=EDGE_CURVE('',#2595,#2594,#302,.T.);
#2120=EDGE_CURVE('',#2595,#2431,#303,.T.);
#2121=EDGE_CURVE('',#2596,#2432,#304,.T.);
#2122=EDGE_CURVE('',#2597,#2596,#305,.T.);
#2123=EDGE_CURVE('',#2597,#2433,#306,.T.);
#2124=EDGE_CURVE('',#2598,#2434,#307,.T.);
#2125=EDGE_CURVE('',#2599,#2598,#308,.T.);
#2126=EDGE_CURVE('',#2599,#2435,#309,.T.);
#2127=EDGE_CURVE('',#2600,#2601,#310,.T.);
#2128=EDGE_CURVE('',#2600,#2422,#311,.T.);
#2129=EDGE_CURVE('',#2601,#2421,#312,.T.);
#2130=EDGE_CURVE('',#2602,#2603,#313,.T.);
#2131=EDGE_CURVE('',#2602,#2420,#314,.T.);
#2132=EDGE_CURVE('',#2603,#2419,#315,.T.);
#2133=EDGE_CURVE('',#2604,#2605,#316,.T.);
#2134=EDGE_CURVE('',#2604,#2418,#317,.T.);
#2135=EDGE_CURVE('',#2605,#2417,#318,.T.);
#2136=EDGE_CURVE('',#2606,#2607,#319,.T.);
#2137=EDGE_CURVE('',#2606,#2416,#320,.T.);
#2138=EDGE_CURVE('',#2607,#2415,#321,.T.);
#2139=EDGE_CURVE('',#2608,#2609,#322,.T.);
#2140=EDGE_CURVE('',#2608,#2414,#323,.T.);
#2141=EDGE_CURVE('',#2609,#2413,#324,.T.);
#2142=EDGE_CURVE('',#2610,#2611,#325,.T.);
#2143=EDGE_CURVE('',#2610,#2412,#326,.T.);
#2144=EDGE_CURVE('',#2611,#2411,#327,.T.);
#2145=EDGE_CURVE('',#2612,#2613,#328,.T.);
#2146=EDGE_CURVE('',#2612,#2410,#329,.T.);
#2147=EDGE_CURVE('',#2613,#2409,#330,.T.);
#2148=EDGE_CURVE('',#2614,#2615,#331,.T.);
#2149=EDGE_CURVE('',#2614,#2408,#332,.T.);
#2150=EDGE_CURVE('',#2615,#2407,#333,.T.);
#2151=EDGE_CURVE('',#2616,#2617,#334,.T.);
#2152=EDGE_CURVE('',#2616,#2406,#335,.T.);
#2153=EDGE_CURVE('',#2617,#2405,#336,.T.);
#2154=EDGE_CURVE('',#2618,#2619,#337,.T.);
#2155=EDGE_CURVE('',#2618,#2404,#338,.T.);
#2156=EDGE_CURVE('',#2619,#2403,#339,.T.);
#2157=EDGE_CURVE('',#2620,#2621,#340,.T.);
#2158=EDGE_CURVE('',#2620,#2402,#341,.T.);
#2159=EDGE_CURVE('',#2621,#2401,#342,.T.);
#2160=EDGE_CURVE('',#2622,#2623,#343,.T.);
#2161=EDGE_CURVE('',#2622,#2400,#344,.T.);
#2162=EDGE_CURVE('',#2623,#2399,#345,.T.);
#2163=EDGE_CURVE('',#2624,#2625,#346,.T.);
#2164=EDGE_CURVE('',#2624,#2398,#347,.T.);
#2165=EDGE_CURVE('',#2625,#2397,#348,.T.);
#2166=EDGE_CURVE('',#2626,#2627,#349,.T.);
#2167=EDGE_CURVE('',#2626,#2396,#350,.T.);
#2168=EDGE_CURVE('',#2627,#2395,#351,.T.);
#2169=EDGE_CURVE('',#2628,#2629,#352,.T.);
#2170=EDGE_CURVE('',#2628,#2394,#353,.T.);
#2171=EDGE_CURVE('',#2629,#2393,#354,.T.);
#2172=EDGE_CURVE('',#2630,#2631,#355,.T.);
#2173=EDGE_CURVE('',#2630,#2392,#356,.T.);
#2174=EDGE_CURVE('',#2631,#2391,#357,.T.);
#2175=EDGE_CURVE('',#2632,#2633,#358,.T.);
#2176=EDGE_CURVE('',#2632,#2390,#359,.T.);
#2177=EDGE_CURVE('',#2633,#2389,#360,.T.);
#2178=EDGE_CURVE('',#2634,#2635,#361,.T.);
#2179=EDGE_CURVE('',#2634,#2388,#362,.T.);
#2180=EDGE_CURVE('',#2635,#2387,#363,.T.);
#2181=EDGE_CURVE('',#2636,#2637,#364,.T.);
#2182=EDGE_CURVE('',#2636,#2386,#365,.T.);
#2183=EDGE_CURVE('',#2637,#2385,#366,.T.);
#2184=EDGE_CURVE('',#2638,#2639,#367,.T.);
#2185=EDGE_CURVE('',#2638,#2384,#368,.T.);
#2186=EDGE_CURVE('',#2639,#2383,#369,.T.);
#2187=EDGE_CURVE('',#2640,#2641,#370,.T.);
#2188=EDGE_CURVE('',#2640,#2382,#371,.T.);
#2189=EDGE_CURVE('',#2641,#2381,#372,.T.);
#2190=EDGE_CURVE('',#2642,#2643,#373,.T.);
#2191=EDGE_CURVE('',#2642,#2380,#374,.T.);
#2192=EDGE_CURVE('',#2643,#2379,#375,.T.);
#2193=EDGE_CURVE('',#2644,#2645,#376,.T.);
#2194=EDGE_CURVE('',#2644,#2378,#377,.T.);
#2195=EDGE_CURVE('',#2645,#2377,#378,.T.);
#2196=EDGE_CURVE('',#2646,#2647,#379,.T.);
#2197=EDGE_CURVE('',#2646,#2376,#380,.T.);
#2198=EDGE_CURVE('',#2647,#2375,#381,.T.);
#2199=EDGE_CURVE('',#2648,#2649,#382,.T.);
#2200=EDGE_CURVE('',#2648,#2374,#383,.T.);
#2201=EDGE_CURVE('',#2649,#2373,#384,.T.);
#2202=EDGE_CURVE('',#2650,#2651,#385,.T.);
#2203=EDGE_CURVE('',#2650,#2372,#386,.T.);
#2204=EDGE_CURVE('',#2651,#2371,#387,.T.);
#2205=EDGE_CURVE('',#2652,#2653,#388,.T.);
#2206=EDGE_CURVE('',#2652,#2370,#389,.T.);
#2207=EDGE_CURVE('',#2653,#2369,#390,.T.);
#2208=EDGE_CURVE('',#2654,#2655,#391,.T.);
#2209=EDGE_CURVE('',#2654,#2368,#392,.T.);
#2210=EDGE_CURVE('',#2655,#2367,#393,.T.);
#2211=EDGE_CURVE('',#2656,#2657,#394,.T.);
#2212=EDGE_CURVE('',#2656,#2366,#395,.T.);
#2213=EDGE_CURVE('',#2657,#2365,#396,.T.);
#2214=EDGE_CURVE('',#2658,#2659,#397,.T.);
#2215=EDGE_CURVE('',#2658,#2364,#398,.T.);
#2216=EDGE_CURVE('',#2659,#2363,#399,.T.);
#2217=EDGE_CURVE('',#2660,#2661,#400,.T.);
#2218=EDGE_CURVE('',#2660,#2362,#401,.T.);
#2219=EDGE_CURVE('',#2661,#2361,#402,.T.);
#2220=EDGE_CURVE('',#2662,#2663,#403,.T.);
#2221=EDGE_CURVE('',#2662,#2360,#404,.T.);
#2222=EDGE_CURVE('',#2663,#2359,#405,.T.);
#2223=EDGE_CURVE('',#2664,#2665,#406,.T.);
#2224=EDGE_CURVE('',#2664,#2358,#407,.T.);
#2225=EDGE_CURVE('',#2665,#2357,#408,.T.);
#2226=EDGE_CURVE('',#2666,#2667,#409,.T.);
#2227=EDGE_CURVE('',#2666,#2356,#410,.T.);
#2228=EDGE_CURVE('',#2667,#2355,#411,.T.);
#2229=EDGE_CURVE('',#2668,#2669,#412,.T.);
#2230=EDGE_CURVE('',#2668,#2354,#413,.T.);
#2231=EDGE_CURVE('',#2669,#2353,#414,.T.);
#2232=EDGE_CURVE('',#2670,#2671,#415,.T.);
#2233=EDGE_CURVE('',#2670,#2352,#416,.T.);
#2234=EDGE_CURVE('',#2671,#2351,#417,.T.);
#2235=EDGE_CURVE('',#2672,#2673,#418,.T.);
#2236=EDGE_CURVE('',#2672,#2350,#419,.T.);
#2237=EDGE_CURVE('',#2673,#2349,#420,.T.);
#2238=EDGE_CURVE('',#2674,#2675,#421,.T.);
#2239=EDGE_CURVE('',#2674,#2348,#422,.T.);
#2240=EDGE_CURVE('',#2347,#2675,#423,.T.);
#2241=EDGE_CURVE('',#2676,#2423,#424,.T.);
#2242=EDGE_CURVE('',#2589,#2676,#425,.T.);
#2243=EDGE_CURVE('',#2677,#2436,#426,.T.);
#2244=EDGE_CURVE('',#2571,#2677,#427,.T.);
#2245=EDGE_CURVE('',#2678,#2455,#428,.T.);
#2246=EDGE_CURVE('',#2679,#2678,#429,.T.);
#2247=EDGE_CURVE('',#2456,#2679,#430,.T.);
#2248=EDGE_CURVE('',#2539,#2679,#431,.T.);
#2249=EDGE_CURVE('',#2680,#2489,#432,.T.);
#2250=EDGE_CURVE('',#2537,#2680,#433,.T.);
#2251=EDGE_CURVE('',#2681,#2494,#434,.T.);
#2252=EDGE_CURVE('',#2682,#2681,#435,.T.);
#2253=EDGE_CURVE('',#2495,#2682,#436,.T.);
#2254=EDGE_CURVE('',#2533,#2682,#437,.T.);
#2255=EDGE_CURVE('',#2683,#2345,#438,.T.);
#2256=EDGE_CURVE('',#2675,#2683,#439,.T.);
#2257=EDGE_CURVE('',#2684,#2684,#2769,.T.);
#2258=EDGE_CURVE('',#2683,#2516,#2770,.T.);
#2259=EDGE_CURVE('',#2517,#2518,#2771,.T.);
#2260=EDGE_CURVE('',#2519,#2520,#2772,.T.);
#2261=EDGE_CURVE('',#2521,#2522,#2773,.T.);
#2262=EDGE_CURVE('',#2523,#2524,#2774,.T.);
#2263=EDGE_CURVE('',#2525,#2526,#2775,.T.);
#2264=EDGE_CURVE('',#2527,#2528,#2776,.T.);
#2265=EDGE_CURVE('',#2529,#2530,#2777,.T.);
#2266=EDGE_CURVE('',#2531,#2532,#2778,.T.);
#2267=EDGE_CURVE('',#2681,#2534,#2779,.T.);
#2268=EDGE_CURVE('',#2535,#2536,#2780,.T.);
#2269=EDGE_CURVE('',#2680,#2569,#2781,.T.);
#2270=EDGE_CURVE('',#2568,#2567,#2782,.T.);
#2271=EDGE_CURVE('',#2566,#2565,#2783,.T.);
#2272=EDGE_CURVE('',#2564,#2563,#2784,.T.);
#2273=EDGE_CURVE('',#2562,#2561,#2785,.T.);
#2274=EDGE_CURVE('',#2560,#2559,#2786,.T.);
#2275=EDGE_CURVE('',#2558,#2557,#2787,.T.);
#2276=EDGE_CURVE('',#2556,#2555,#2788,.T.);
#2277=EDGE_CURVE('',#2554,#2553,#2789,.T.);
#2278=EDGE_CURVE('',#2552,#2551,#2790,.T.);
#2279=EDGE_CURVE('',#2550,#2549,#2791,.T.);
#2280=EDGE_CURVE('',#2548,#2547,#2792,.T.);
#2281=EDGE_CURVE('',#2546,#2545,#2793,.T.);
#2282=EDGE_CURVE('',#2544,#2543,#2794,.T.);
#2283=EDGE_CURVE('',#2542,#2541,#2795,.T.);
#2284=EDGE_CURVE('',#2540,#2538,#2796,.T.);
#2285=EDGE_CURVE('',#2678,#2587,#2797,.T.);
#2286=EDGE_CURVE('',#2586,#2585,#2798,.T.);
#2287=EDGE_CURVE('',#2584,#2583,#2799,.T.);
#2288=EDGE_CURVE('',#2582,#2581,#2800,.T.);
#2289=EDGE_CURVE('',#2580,#2579,#2801,.T.);
#2290=EDGE_CURVE('',#2578,#2577,#2802,.T.);
#2291=EDGE_CURVE('',#2576,#2575,#2803,.T.);
#2292=EDGE_CURVE('',#2574,#2573,#2804,.T.);
#2293=EDGE_CURVE('',#2572,#2570,#2805,.T.);
#2294=EDGE_CURVE('',#2677,#2599,#2806,.T.);
#2295=EDGE_CURVE('',#2598,#2597,#2807,.T.);
#2296=EDGE_CURVE('',#2596,#2595,#2808,.T.);
#2297=EDGE_CURVE('',#2594,#2593,#2809,.T.);
#2298=EDGE_CURVE('',#2592,#2591,#2810,.T.);
#2299=EDGE_CURVE('',#2590,#2588,#2811,.T.);
#2300=EDGE_CURVE('',#2676,#2600,#2812,.T.);
#2301=EDGE_CURVE('',#2601,#2602,#2813,.T.);
#2302=EDGE_CURVE('',#2603,#2604,#2814,.T.);
#2303=EDGE_CURVE('',#2605,#2606,#2815,.T.);
#2304=EDGE_CURVE('',#2607,#2608,#2816,.T.);
#2305=EDGE_CURVE('',#2609,#2610,#2817,.T.);
#2306=EDGE_CURVE('',#2611,#2612,#2818,.T.);
#2307=EDGE_CURVE('',#2613,#2614,#2819,.T.);
#2308=EDGE_CURVE('',#2615,#2616,#2820,.T.);
#2309=EDGE_CURVE('',#2617,#2618,#2821,.T.);
#2310=EDGE_CURVE('',#2619,#2620,#2822,.T.);
#2311=EDGE_CURVE('',#2621,#2622,#2823,.T.);
#2312=EDGE_CURVE('',#2623,#2624,#2824,.T.);
#2313=EDGE_CURVE('',#2625,#2626,#2825,.T.);
#2314=EDGE_CURVE('',#2627,#2628,#2826,.T.);
#2315=EDGE_CURVE('',#2629,#2630,#2827,.T.);
#2316=EDGE_CURVE('',#2631,#2632,#2828,.T.);
#2317=EDGE_CURVE('',#2633,#2634,#2829,.T.);
#2318=EDGE_CURVE('',#2635,#2636,#2830,.T.);
#2319=EDGE_CURVE('',#2637,#2638,#2831,.T.);
#2320=EDGE_CURVE('',#2639,#2640,#2832,.T.);
#2321=EDGE_CURVE('',#2641,#2642,#2833,.T.);
#2322=EDGE_CURVE('',#2643,#2644,#2834,.T.);
#2323=EDGE_CURVE('',#2645,#2646,#2835,.T.);
#2324=EDGE_CURVE('',#2647,#2648,#2836,.T.);
#2325=EDGE_CURVE('',#2649,#2650,#2837,.T.);
#2326=EDGE_CURVE('',#2651,#2652,#2838,.T.);
#2327=EDGE_CURVE('',#2653,#2654,#2839,.T.);
#2328=EDGE_CURVE('',#2655,#2656,#2840,.T.);
#2329=EDGE_CURVE('',#2657,#2658,#2841,.T.);
#2330=EDGE_CURVE('',#2659,#2660,#2842,.T.);
#2331=EDGE_CURVE('',#2661,#2662,#2843,.T.);
#2332=EDGE_CURVE('',#2663,#2664,#2844,.T.);
#2333=EDGE_CURVE('',#2665,#2666,#2845,.T.);
#2334=EDGE_CURVE('',#2667,#2668,#2846,.T.);
#2335=EDGE_CURVE('',#2669,#2670,#2847,.T.);
#2336=EDGE_CURVE('',#2671,#2672,#2848,.T.);
#2337=EDGE_CURVE('',#2673,#2674,#2849,.T.);
#2338=EDGE_CURVE('',#2685,#2513,#440,.T.);
#2339=EDGE_CURVE('',#2686,#2685,#441,.T.);
#2340=EDGE_CURVE('',#2686,#2515,#442,.T.);
#2341=EDGE_CURVE('',#2687,#2514,#443,.T.);
#2342=EDGE_CURVE('',#2685,#2687,#444,.T.);
#2343=EDGE_CURVE('',#2687,#2686,#445,.T.);
#2344=VERTEX_POINT('',#4903);
#2345=VERTEX_POINT('',#4905);
#2346=VERTEX_POINT('',#4906);
#2347=VERTEX_POINT('',#4908);
#2348=VERTEX_POINT('',#4910);
#2349=VERTEX_POINT('',#4912);
#2350=VERTEX_POINT('',#4914);
#2351=VERTEX_POINT('',#4916);
#2352=VERTEX_POINT('',#4918);
#2353=VERTEX_POINT('',#4920);
#2354=VERTEX_POINT('',#4922);
#2355=VERTEX_POINT('',#4924);
#2356=VERTEX_POINT('',#4926);
#2357=VERTEX_POINT('',#4928);
#2358=VERTEX_POINT('',#4930);
#2359=VERTEX_POINT('',#4932);
#2360=VERTEX_POINT('',#4934);
#2361=VERTEX_POINT('',#4936);
#2362=VERTEX_POINT('',#4938);
#2363=VERTEX_POINT('',#4940);
#2364=VERTEX_POINT('',#4942);
#2365=VERTEX_POINT('',#4944);
#2366=VERTEX_POINT('',#4946);
#2367=VERTEX_POINT('',#4948);
#2368=VERTEX_POINT('',#4950);
#2369=VERTEX_POINT('',#4952);
#2370=VERTEX_POINT('',#4954);
#2371=VERTEX_POINT('',#4956);
#2372=VERTEX_POINT('',#4958);
#2373=VERTEX_POINT('',#4960);
#2374=VERTEX_POINT('',#4962);
#2375=VERTEX_POINT('',#4964);
#2376=VERTEX_POINT('',#4966);
#2377=VERTEX_POINT('',#4968);
#2378=VERTEX_POINT('',#4970);
#2379=VERTEX_POINT('',#4972);
#2380=VERTEX_POINT('',#4974);
#2381=VERTEX_POINT('',#4976);
#2382=VERTEX_POINT('',#4978);
#2383=VERTEX_POINT('',#4980);
#2384=VERTEX_POINT('',#4982);
#2385=VERTEX_POINT('',#4984);
#2386=VERTEX_POINT('',#4986);
#2387=VERTEX_POINT('',#4988);
#2388=VERTEX_POINT('',#4990);
#2389=VERTEX_POINT('',#4992);
#2390=VERTEX_POINT('',#4994);
#2391=VERTEX_POINT('',#4996);
#2392=VERTEX_POINT('',#4998);
#2393=VERTEX_POINT('',#5000);
#2394=VERTEX_POINT('',#5002);
#2395=VERTEX_POINT('',#5004);
#2396=VERTEX_POINT('',#5006);
#2397=VERTEX_POINT('',#5008);
#2398=VERTEX_POINT('',#5010);
#2399=VERTEX_POINT('',#5012);
#2400=VERTEX_POINT('',#5014);
#2401=VERTEX_POINT('',#5016);
#2402=VERTEX_POINT('',#5018);
#2403=VERTEX_POINT('',#5020);
#2404=VERTEX_POINT('',#5022);
#2405=VERTEX_POINT('',#5024);
#2406=VERTEX_POINT('',#5026);
#2407=VERTEX_POINT('',#5028);
#2408=VERTEX_POINT('',#5030);
#2409=VERTEX_POINT('',#5032);
#2410=VERTEX_POINT('',#5034);
#2411=VERTEX_POINT('',#5036);
#2412=VERTEX_POINT('',#5038);
#2413=VERTEX_POINT('',#5040);
#2414=VERTEX_POINT('',#5042);
#2415=VERTEX_POINT('',#5044);
#2416=VERTEX_POINT('',#5046);
#2417=VERTEX_POINT('',#5048);
#2418=VERTEX_POINT('',#5050);
#2419=VERTEX_POINT('',#5052);
#2420=VERTEX_POINT('',#5054);
#2421=VERTEX_POINT('',#5056);
#2422=VERTEX_POINT('',#5058);
#2423=VERTEX_POINT('',#5060);
#2424=VERTEX_POINT('',#5062);
#2425=VERTEX_POINT('',#5064);
#2426=VERTEX_POINT('',#5066);
#2427=VERTEX_POINT('',#5068);
#2428=VERTEX_POINT('',#5070);
#2429=VERTEX_POINT('',#5072);
#2430=VERTEX_POINT('',#5074);
#2431=VERTEX_POINT('',#5076);
#2432=VERTEX_POINT('',#5078);
#2433=VERTEX_POINT('',#5080);
#2434=VERTEX_POINT('',#5082);
#2435=VERTEX_POINT('',#5084);
#2436=VERTEX_POINT('',#5086);
#2437=VERTEX_POINT('',#5088);
#2438=VERTEX_POINT('',#5090);
#2439=VERTEX_POINT('',#5092);
#2440=VERTEX_POINT('',#5094);
#2441=VERTEX_POINT('',#5096);
#2442=VERTEX_POINT('',#5098);
#2443=VERTEX_POINT('',#5100);
#2444=VERTEX_POINT('',#5102);
#2445=VERTEX_POINT('',#5104);
#2446=VERTEX_POINT('',#5106);
#2447=VERTEX_POINT('',#5108);
#2448=VERTEX_POINT('',#5110);
#2449=VERTEX_POINT('',#5112);
#2450=VERTEX_POINT('',#5114);
#2451=VERTEX_POINT('',#5116);
#2452=VERTEX_POINT('',#5118);
#2453=VERTEX_POINT('',#5120);
#2454=VERTEX_POINT('',#5122);
#2455=VERTEX_POINT('',#5124);
#2456=VERTEX_POINT('',#5126);
#2457=VERTEX_POINT('',#5128);
#2458=VERTEX_POINT('',#5130);
#2459=VERTEX_POINT('',#5132);
#2460=VERTEX_POINT('',#5134);
#2461=VERTEX_POINT('',#5136);
#2462=VERTEX_POINT('',#5138);
#2463=VERTEX_POINT('',#5140);
#2464=VERTEX_POINT('',#5142);
#2465=VERTEX_POINT('',#5144);
#2466=VERTEX_POINT('',#5146);
#2467=VERTEX_POINT('',#5148);
#2468=VERTEX_POINT('',#5150);
#2469=VERTEX_POINT('',#5152);
#2470=VERTEX_POINT('',#5154);
#2471=VERTEX_POINT('',#5156);
#2472=VERTEX_POINT('',#5158);
#2473=VERTEX_POINT('',#5160);
#2474=VERTEX_POINT('',#5162);
#2475=VERTEX_POINT('',#5164);
#2476=VERTEX_POINT('',#5166);
#2477=VERTEX_POINT('',#5168);
#2478=VERTEX_POINT('',#5170);
#2479=VERTEX_POINT('',#5172);
#2480=VERTEX_POINT('',#5174);
#2481=VERTEX_POINT('',#5176);
#2482=VERTEX_POINT('',#5178);
#2483=VERTEX_POINT('',#5180);
#2484=VERTEX_POINT('',#5182);
#2485=VERTEX_POINT('',#5184);
#2486=VERTEX_POINT('',#5186);
#2487=VERTEX_POINT('',#5188);
#2488=VERTEX_POINT('',#5190);
#2489=VERTEX_POINT('',#5192);
#2490=VERTEX_POINT('',#5194);
#2491=VERTEX_POINT('',#5196);
#2492=VERTEX_POINT('',#5198);
#2493=VERTEX_POINT('',#5200);
#2494=VERTEX_POINT('',#5202);
#2495=VERTEX_POINT('',#5204);
#2496=VERTEX_POINT('',#5206);
#2497=VERTEX_POINT('',#5208);
#2498=VERTEX_POINT('',#5210);
#2499=VERTEX_POINT('',#5212);
#2500=VERTEX_POINT('',#5214);
#2501=VERTEX_POINT('',#5216);
#2502=VERTEX_POINT('',#5218);
#2503=VERTEX_POINT('',#5220);
#2504=VERTEX_POINT('',#5222);
#2505=VERTEX_POINT('',#5224);
#2506=VERTEX_POINT('',#5226);
#2507=VERTEX_POINT('',#5228);
#2508=VERTEX_POINT('',#5230);
#2509=VERTEX_POINT('',#5232);
#2510=VERTEX_POINT('',#5234);
#2511=VERTEX_POINT('',#5236);
#2512=VERTEX_POINT('',#5238);
#2513=VERTEX_POINT('',#5241);
#2514=VERTEX_POINT('',#5242);
#2515=VERTEX_POINT('',#5244);
#2516=VERTEX_POINT('',#5248);
#2517=VERTEX_POINT('',#5249);
#2518=VERTEX_POINT('',#5254);
#2519=VERTEX_POINT('',#5255);
#2520=VERTEX_POINT('',#5260);
#2521=VERTEX_POINT('',#5261);
#2522=VERTEX_POINT('',#5266);
#2523=VERTEX_POINT('',#5267);
#2524=VERTEX_POINT('',#5272);
#2525=VERTEX_POINT('',#5273);
#2526=VERTEX_POINT('',#5278);
#2527=VERTEX_POINT('',#5279);
#2528=VERTEX_POINT('',#5284);
#2529=VERTEX_POINT('',#5285);
#2530=VERTEX_POINT('',#5290);
#2531=VERTEX_POINT('',#5291);
#2532=VERTEX_POINT('',#5296);
#2533=VERTEX_POINT('',#5297);
#2534=VERTEX_POINT('',#5302);
#2535=VERTEX_POINT('',#5303);
#2536=VERTEX_POINT('',#5308);
#2537=VERTEX_POINT('',#5309);
#2538=VERTEX_POINT('',#5314);
#2539=VERTEX_POINT('',#5315);
#2540=VERTEX_POINT('',#5320);
#2541=VERTEX_POINT('',#5322);
#2542=VERTEX_POINT('',#5326);
#2543=VERTEX_POINT('',#5328);
#2544=VERTEX_POINT('',#5332);
#2545=VERTEX_POINT('',#5334);
#2546=VERTEX_POINT('',#5338);
#2547=VERTEX_POINT('',#5340);
#2548=VERTEX_POINT('',#5344);
#2549=VERTEX_POINT('',#5346);
#2550=VERTEX_POINT('',#5350);
#2551=VERTEX_POINT('',#5352);
#2552=VERTEX_POINT('',#5356);
#2553=VERTEX_POINT('',#5358);
#2554=VERTEX_POINT('',#5362);
#2555=VERTEX_POINT('',#5364);
#2556=VERTEX_POINT('',#5368);
#2557=VERTEX_POINT('',#5370);
#2558=VERTEX_POINT('',#5374);
#2559=VERTEX_POINT('',#5376);
#2560=VERTEX_POINT('',#5380);
#2561=VERTEX_POINT('',#5382);
#2562=VERTEX_POINT('',#5386);
#2563=VERTEX_POINT('',#5388);
#2564=VERTEX_POINT('',#5392);
#2565=VERTEX_POINT('',#5394);
#2566=VERTEX_POINT('',#5398);
#2567=VERTEX_POINT('',#5400);
#2568=VERTEX_POINT('',#5404);
#2569=VERTEX_POINT('',#5406);
#2570=VERTEX_POINT('',#5410);
#2571=VERTEX_POINT('',#5411);
#2572=VERTEX_POINT('',#5416);
#2573=VERTEX_POINT('',#5418);
#2574=VERTEX_POINT('',#5422);
#2575=VERTEX_POINT('',#5424);
#2576=VERTEX_POINT('',#5428);
#2577=VERTEX_POINT('',#5430);
#2578=VERTEX_POINT('',#5434);
#2579=VERTEX_POINT('',#5436);
#2580=VERTEX_POINT('',#5440);
#2581=VERTEX_POINT('',#5442);
#2582=VERTEX_POINT('',#5446);
#2583=VERTEX_POINT('',#5448);
#2584=VERTEX_POINT('',#5452);
#2585=VERTEX_POINT('',#5454);
#2586=VERTEX_POINT('',#5458);
#2587=VERTEX_POINT('',#5460);
#2588=VERTEX_POINT('',#5464);
#2589=VERTEX_POINT('',#5465);
#2590=VERTEX_POINT('',#5470);
#2591=VERTEX_POINT('',#5472);
#2592=VERTEX_POINT('',#5476);
#2593=VERTEX_POINT('',#5478);
#2594=VERTEX_POINT('',#5482);
#2595=VERTEX_POINT('',#5484);
#2596=VERTEX_POINT('',#5488);
#2597=VERTEX_POINT('',#5490);
#2598=VERTEX_POINT('',#5494);
#2599=VERTEX_POINT('',#5496);
#2600=VERTEX_POINT('',#5500);
#2601=VERTEX_POINT('',#5501);
#2602=VERTEX_POINT('',#5506);
#2603=VERTEX_POINT('',#5507);
#2604=VERTEX_POINT('',#5512);
#2605=VERTEX_POINT('',#5513);
#2606=VERTEX_POINT('',#5518);
#2607=VERTEX_POINT('',#5519);
#2608=VERTEX_POINT('',#5524);
#2609=VERTEX_POINT('',#5525);
#2610=VERTEX_POINT('',#5530);
#2611=VERTEX_POINT('',#5531);
#2612=VERTEX_POINT('',#5536);
#2613=VERTEX_POINT('',#5537);
#2614=VERTEX_POINT('',#5542);
#2615=VERTEX_POINT('',#5543);
#2616=VERTEX_POINT('',#5548);
#2617=VERTEX_POINT('',#5549);
#2618=VERTEX_POINT('',#5554);
#2619=VERTEX_POINT('',#5555);
#2620=VERTEX_POINT('',#5560);
#2621=VERTEX_POINT('',#5561);
#2622=VERTEX_POINT('',#5566);
#2623=VERTEX_POINT('',#5567);
#2624=VERTEX_POINT('',#5572);
#2625=VERTEX_POINT('',#5573);
#2626=VERTEX_POINT('',#5578);
#2627=VERTEX_POINT('',#5579);
#2628=VERTEX_POINT('',#5584);
#2629=VERTEX_POINT('',#5585);
#2630=VERTEX_POINT('',#5590);
#2631=VERTEX_POINT('',#5591);
#2632=VERTEX_POINT('',#5596);
#2633=VERTEX_POINT('',#5597);
#2634=VERTEX_POINT('',#5602);
#2635=VERTEX_POINT('',#5603);
#2636=VERTEX_POINT('',#5608);
#2637=VERTEX_POINT('',#5609);
#2638=VERTEX_POINT('',#5614);
#2639=VERTEX_POINT('',#5615);
#2640=VERTEX_POINT('',#5620);
#2641=VERTEX_POINT('',#5621);
#2642=VERTEX_POINT('',#5626);
#2643=VERTEX_POINT('',#5627);
#2644=VERTEX_POINT('',#5632);
#2645=VERTEX_POINT('',#5633);
#2646=VERTEX_POINT('',#5638);
#2647=VERTEX_POINT('',#5639);
#2648=VERTEX_POINT('',#5644);
#2649=VERTEX_POINT('',#5645);
#2650=VERTEX_POINT('',#5650);
#2651=VERTEX_POINT('',#5651);
#2652=VERTEX_POINT('',#5656);
#2653=VERTEX_POINT('',#5657);
#2654=VERTEX_POINT('',#5662);
#2655=VERTEX_POINT('',#5663);
#2656=VERTEX_POINT('',#5668);
#2657=VERTEX_POINT('',#5669);
#2658=VERTEX_POINT('',#5674);
#2659=VERTEX_POINT('',#5675);
#2660=VERTEX_POINT('',#5680);
#2661=VERTEX_POINT('',#5681);
#2662=VERTEX_POINT('',#5686);
#2663=VERTEX_POINT('',#5687);
#2664=VERTEX_POINT('',#5692);
#2665=VERTEX_POINT('',#5693);
#2666=VERTEX_POINT('',#5698);
#2667=VERTEX_POINT('',#5699);
#2668=VERTEX_POINT('',#5704);
#2669=VERTEX_POINT('',#5705);
#2670=VERTEX_POINT('',#5710);
#2671=VERTEX_POINT('',#5711);
#2672=VERTEX_POINT('',#5716);
#2673=VERTEX_POINT('',#5717);
#2674=VERTEX_POINT('',#5722);
#2675=VERTEX_POINT('',#5723);
#2676=VERTEX_POINT('',#5728);
#2677=VERTEX_POINT('',#5732);
#2678=VERTEX_POINT('',#5736);
#2679=VERTEX_POINT('',#5738);
#2680=VERTEX_POINT('',#5744);
#2681=VERTEX_POINT('',#5748);
#2682=VERTEX_POINT('',#5750);
#2683=VERTEX_POINT('',#5756);
#2684=VERTEX_POINT('',#5760);
#2685=VERTEX_POINT('',#5924);
#2686=VERTEX_POINT('',#5926);
#2687=VERTEX_POINT('',#5930);
#2688=CIRCLE('',#3535,0.0007);
#2689=CIRCLE('',#3536,0.000425);
#2690=CIRCLE('',#3537,0.000425);
#2691=CIRCLE('',#3538,0.000425);
#2692=CIRCLE('',#3539,0.000425);
#2693=CIRCLE('',#3540,0.000425);
#2694=CIRCLE('',#3541,0.000425);
#2695=CIRCLE('',#3542,0.000425);
#2696=CIRCLE('',#3543,0.000425);
#2697=CIRCLE('',#3544,0.000425);
#2698=CIRCLE('',#3545,0.000425);
#2699=CIRCLE('',#3546,0.000425);
#2700=CIRCLE('',#3547,0.000425);
#2701=CIRCLE('',#3548,0.000425);
#2702=CIRCLE('',#3549,0.000425);
#2703=CIRCLE('',#3550,0.000425);
#2704=CIRCLE('',#3551,0.000425);
#2705=CIRCLE('',#3552,0.000425);
#2706=CIRCLE('',#3553,0.000425);
#2707=CIRCLE('',#3554,0.000425);
#2708=CIRCLE('',#3555,0.000425);
#2709=CIRCLE('',#3556,0.000425);
#2710=CIRCLE('',#3557,0.000425);
#2711=CIRCLE('',#3558,0.000425);
#2712=CIRCLE('',#3559,0.000425);
#2713=CIRCLE('',#3560,0.000425);
#2714=CIRCLE('',#3561,0.000425);
#2715=CIRCLE('',#3562,0.000425);
#2716=CIRCLE('',#3563,0.000425);
#2717=CIRCLE('',#3564,0.000425);
#2718=CIRCLE('',#3565,0.000425);
#2719=CIRCLE('',#3566,0.000425);
#2720=CIRCLE('',#3567,0.000425);
#2721=CIRCLE('',#3568,0.000425);
#2722=CIRCLE('',#3569,0.000425);
#2723=CIRCLE('',#3570,0.000425);
#2724=CIRCLE('',#3571,0.000425);
#2725=CIRCLE('',#3572,0.000425);
#2726=CIRCLE('',#3573,0.000425);
#2727=CIRCLE('',#3574,0.000425);
#2728=CIRCLE('',#3575,0.000425);
#2729=CIRCLE('',#3576,0.000425);
#2730=CIRCLE('',#3577,0.000425);
#2731=CIRCLE('',#3578,0.000425);
#2732=CIRCLE('',#3579,0.000425);
#2733=CIRCLE('',#3580,0.000425);
#2734=CIRCLE('',#3581,0.000425);
#2735=CIRCLE('',#3582,0.000425);
#2736=CIRCLE('',#3583,0.000425);
#2737=CIRCLE('',#3584,0.000425);
#2738=CIRCLE('',#3585,0.000425);
#2739=CIRCLE('',#3586,0.000425);
#2740=CIRCLE('',#3587,0.000425);
#2741=CIRCLE('',#3588,0.000425);
#2742=CIRCLE('',#3589,0.000425);
#2743=CIRCLE('',#3590,0.000425);
#2744=CIRCLE('',#3591,0.000425);
#2745=CIRCLE('',#3592,0.000425);
#2746=CIRCLE('',#3593,0.000425);
#2747=CIRCLE('',#3594,0.000425);
#2748=CIRCLE('',#3595,0.000425);
#2749=CIRCLE('',#3596,0.000425);
#2750=CIRCLE('',#3597,0.000425);
#2751=CIRCLE('',#3598,0.000425);
#2752=CIRCLE('',#3599,0.000425);
#2753=CIRCLE('',#3600,0.000425);
#2754=CIRCLE('',#3601,0.000425);
#2755=CIRCLE('',#3602,0.000425);
#2756=CIRCLE('',#3603,0.000425);
#2757=CIRCLE('',#3604,0.000425);
#2758=CIRCLE('',#3605,0.000425);
#2759=CIRCLE('',#3606,0.000425);
#2760=CIRCLE('',#3607,0.000425);
#2761=CIRCLE('',#3608,0.000425);
#2762=CIRCLE('',#3609,0.000425);
#2763=CIRCLE('',#3610,0.000425);
#2764=CIRCLE('',#3611,0.000425);
#2765=CIRCLE('',#3612,0.000425);
#2766=CIRCLE('',#3613,0.000425);
#2767=CIRCLE('',#3614,0.000425);
#2768=CIRCLE('',#3615,0.000425);
#2769=CIRCLE('',#3705,0.0007);
#2770=CIRCLE('',#3706,0.000425);
#2771=CIRCLE('',#3707,0.000425);
#2772=CIRCLE('',#3708,0.000425);
#2773=CIRCLE('',#3709,0.000425);
#2774=CIRCLE('',#3710,0.000425);
#2775=CIRCLE('',#3711,0.000425);
#2776=CIRCLE('',#3712,0.000425);
#2777=CIRCLE('',#3713,0.000425);
#2778=CIRCLE('',#3714,0.000425);
#2779=CIRCLE('',#3715,0.000425);
#2780=CIRCLE('',#3716,0.000425);
#2781=CIRCLE('',#3717,0.000425);
#2782=CIRCLE('',#3718,0.000425);
#2783=CIRCLE('',#3719,0.000425);
#2784=CIRCLE('',#3720,0.000425);
#2785=CIRCLE('',#3721,0.000425);
#2786=CIRCLE('',#3722,0.000425);
#2787=CIRCLE('',#3723,0.000425);
#2788=CIRCLE('',#3724,0.000425);
#2789=CIRCLE('',#3725,0.000425);
#2790=CIRCLE('',#3726,0.000425);
#2791=CIRCLE('',#3727,0.000425);
#2792=CIRCLE('',#3728,0.000425);
#2793=CIRCLE('',#3729,0.000425);
#2794=CIRCLE('',#3730,0.000425);
#2795=CIRCLE('',#3731,0.000425);
#2796=CIRCLE('',#3732,0.000425);
#2797=CIRCLE('',#3733,0.000425);
#2798=CIRCLE('',#3734,0.000425);
#2799=CIRCLE('',#3735,0.000425);
#2800=CIRCLE('',#3736,0.000425);
#2801=CIRCLE('',#3737,0.000425);
#2802=CIRCLE('',#3738,0.000425);
#2803=CIRCLE('',#3739,0.000425);
#2804=CIRCLE('',#3740,0.000425);
#2805=CIRCLE('',#3741,0.000425);
#2806=CIRCLE('',#3742,0.000425);
#2807=CIRCLE('',#3743,0.000425);
#2808=CIRCLE('',#3744,0.000425);
#2809=CIRCLE('',#3745,0.000425);
#2810=CIRCLE('',#3746,0.000425);
#2811=CIRCLE('',#3747,0.000425);
#2812=CIRCLE('',#3748,0.000425);
#2813=CIRCLE('',#3749,0.000425);
#2814=CIRCLE('',#3750,0.000425);
#2815=CIRCLE('',#3751,0.000425);
#2816=CIRCLE('',#3752,0.000425);
#2817=CIRCLE('',#3753,0.000425);
#2818=CIRCLE('',#3754,0.000425);
#2819=CIRCLE('',#3755,0.000425);
#2820=CIRCLE('',#3756,0.000425);
#2821=CIRCLE('',#3757,0.000425);
#2822=CIRCLE('',#3758,0.000425);
#2823=CIRCLE('',#3759,0.000425);
#2824=CIRCLE('',#3760,0.000425);
#2825=CIRCLE('',#3761,0.000425);
#2826=CIRCLE('',#3762,0.000425);
#2827=CIRCLE('',#3763,0.000425);
#2828=CIRCLE('',#3764,0.000425);
#2829=CIRCLE('',#3765,0.000425);
#2830=CIRCLE('',#3766,0.000425);
#2831=CIRCLE('',#3767,0.000425);
#2832=CIRCLE('',#3768,0.000425);
#2833=CIRCLE('',#3769,0.000425);
#2834=CIRCLE('',#3770,0.000425);
#2835=CIRCLE('',#3771,0.000425);
#2836=CIRCLE('',#3772,0.000425);
#2837=CIRCLE('',#3773,0.000425);
#2838=CIRCLE('',#3774,0.000425);
#2839=CIRCLE('',#3775,0.000425);
#2840=CIRCLE('',#3776,0.000425);
#2841=CIRCLE('',#3777,0.000425);
#2842=CIRCLE('',#3778,0.000425);
#2843=CIRCLE('',#3779,0.000425);
#2844=CIRCLE('',#3780,0.000425);
#2845=CIRCLE('',#3781,0.000425);
#2846=CIRCLE('',#3782,0.000425);
#2847=CIRCLE('',#3783,0.000425);
#2848=CIRCLE('',#3784,0.000425);
#2849=CIRCLE('',#3785,0.000425);
#2850=EDGE_LOOP('',(#799));
#2851=EDGE_LOOP('',(#800,#801,#802,#803,#804,#805,#806,#807,#808,#809,#810,
#811,#812,#813,#814,#815,#816,#817,#818,#819,#820,#821,#822,#823,#824,#825,
#826,#827,#828,#829,#830,#831,#832,#833,#834,#835,#836,#837,#838,#839,#840,
#841,#842,#843,#844,#845,#846,#847,#848,#849,#850,#851,#852,#853,#854,#855,
#856,#857,#858,#859,#860,#861,#862,#863,#864,#865,#866,#867,#868,#869,#870,
#871,#872,#873,#874,#875,#876,#877,#878,#879,#880,#881,#882,#883,#884,#885,
#886,#887,#888,#889,#890,#891,#892,#893,#894,#895,#896,#897,#898,#899,#900,
#901,#902,#903,#904,#905,#906,#907,#908,#909,#910,#911,#912,#913,#914,#915,
#916,#917,#918,#919,#920,#921,#922,#923,#924,#925,#926,#927,#928,#929,#930,
#931,#932,#933,#934,#935,#936,#937,#938,#939,#940,#941,#942,#943,#944,#945,
#946,#947,#948,#949,#950,#951,#952,#953,#954,#955,#956,#957,#958,#959,#960,
#961,#962,#963,#964,#965,#966,#967));
#2852=EDGE_LOOP('',(#968,#969,#970));
#2853=EDGE_LOOP('',(#971,#972,#973,#974));
#2854=EDGE_LOOP('',(#975,#976,#977,#978));
#2855=EDGE_LOOP('',(#979,#980,#981,#982));
#2856=EDGE_LOOP('',(#983,#984,#985,#986));
#2857=EDGE_LOOP('',(#987,#988,#989,#990));
#2858=EDGE_LOOP('',(#991,#992,#993,#994));
#2859=EDGE_LOOP('',(#995,#996,#997,#998));
#2860=EDGE_LOOP('',(#999,#1000,#1001,#1002));
#2861=EDGE_LOOP('',(#1003,#1004,#1005,#1006));
#2862=EDGE_LOOP('',(#1007,#1008,#1009,#1010));
#2863=EDGE_LOOP('',(#1011,#1012,#1013,#1014));
#2864=EDGE_LOOP('',(#1015,#1016,#1017,#1018));
#2865=EDGE_LOOP('',(#1019,#1020,#1021,#1022));
#2866=EDGE_LOOP('',(#1023,#1024,#1025,#1026));
#2867=EDGE_LOOP('',(#1027,#1028,#1029,#1030));
#2868=EDGE_LOOP('',(#1031,#1032,#1033,#1034));
#2869=EDGE_LOOP('',(#1035,#1036,#1037,#1038));
#2870=EDGE_LOOP('',(#1039,#1040,#1041,#1042));
#2871=EDGE_LOOP('',(#1043,#1044,#1045,#1046));
#2872=EDGE_LOOP('',(#1047,#1048,#1049,#1050));
#2873=EDGE_LOOP('',(#1051,#1052,#1053,#1054));
#2874=EDGE_LOOP('',(#1055,#1056,#1057,#1058));
#2875=EDGE_LOOP('',(#1059,#1060,#1061,#1062));
#2876=EDGE_LOOP('',(#1063,#1064,#1065,#1066));
#2877=EDGE_LOOP('',(#1067,#1068,#1069,#1070));
#2878=EDGE_LOOP('',(#1071,#1072,#1073,#1074));
#2879=EDGE_LOOP('',(#1075,#1076,#1077,#1078));
#2880=EDGE_LOOP('',(#1079,#1080,#1081,#1082));
#2881=EDGE_LOOP('',(#1083,#1084,#1085,#1086));
#2882=EDGE_LOOP('',(#1087,#1088,#1089,#1090));
#2883=EDGE_LOOP('',(#1091,#1092,#1093,#1094));
#2884=EDGE_LOOP('',(#1095,#1096,#1097,#1098));
#2885=EDGE_LOOP('',(#1099,#1100,#1101,#1102));
#2886=EDGE_LOOP('',(#1103,#1104,#1105,#1106));
#2887=EDGE_LOOP('',(#1107,#1108,#1109,#1110));
#2888=EDGE_LOOP('',(#1111,#1112,#1113,#1114));
#2889=EDGE_LOOP('',(#1115,#1116,#1117,#1118));
#2890=EDGE_LOOP('',(#1119,#1120,#1121,#1122));
#2891=EDGE_LOOP('',(#1123,#1124,#1125,#1126));
#2892=EDGE_LOOP('',(#1127,#1128,#1129,#1130));
#2893=EDGE_LOOP('',(#1131,#1132,#1133,#1134));
#2894=EDGE_LOOP('',(#1135,#1136,#1137,#1138));
#2895=EDGE_LOOP('',(#1139,#1140,#1141,#1142));
#2896=EDGE_LOOP('',(#1143,#1144,#1145,#1146));
#2897=EDGE_LOOP('',(#1147,#1148,#1149,#1150));
#2898=EDGE_LOOP('',(#1151,#1152,#1153,#1154));
#2899=EDGE_LOOP('',(#1155,#1156,#1157,#1158));
#2900=EDGE_LOOP('',(#1159,#1160,#1161,#1162));
#2901=EDGE_LOOP('',(#1163,#1164,#1165,#1166));
#2902=EDGE_LOOP('',(#1167,#1168,#1169,#1170));
#2903=EDGE_LOOP('',(#1171,#1172,#1173,#1174));
#2904=EDGE_LOOP('',(#1175,#1176,#1177,#1178));
#2905=EDGE_LOOP('',(#1179,#1180,#1181,#1182));
#2906=EDGE_LOOP('',(#1183,#1184,#1185,#1186));
#2907=EDGE_LOOP('',(#1187,#1188,#1189,#1190));
#2908=EDGE_LOOP('',(#1191,#1192,#1193,#1194));
#2909=EDGE_LOOP('',(#1195,#1196,#1197,#1198));
#2910=EDGE_LOOP('',(#1199,#1200,#1201,#1202));
#2911=EDGE_LOOP('',(#1203,#1204,#1205,#1206));
#2912=EDGE_LOOP('',(#1207,#1208,#1209,#1210));
#2913=EDGE_LOOP('',(#1211,#1212,#1213,#1214));
#2914=EDGE_LOOP('',(#1215,#1216,#1217,#1218));
#2915=EDGE_LOOP('',(#1219,#1220,#1221,#1222));
#2916=EDGE_LOOP('',(#1223,#1224,#1225,#1226));
#2917=EDGE_LOOP('',(#1227,#1228,#1229,#1230));
#2918=EDGE_LOOP('',(#1231,#1232,#1233,#1234));
#2919=EDGE_LOOP('',(#1235,#1236,#1237,#1238));
#2920=EDGE_LOOP('',(#1239,#1240,#1241,#1242));
#2921=EDGE_LOOP('',(#1243,#1244,#1245,#1246));
#2922=EDGE_LOOP('',(#1247,#1248,#1249,#1250));
#2923=EDGE_LOOP('',(#1251,#1252,#1253,#1254));
#2924=EDGE_LOOP('',(#1255,#1256,#1257,#1258));
#2925=EDGE_LOOP('',(#1259,#1260,#1261,#1262));
#2926=EDGE_LOOP('',(#1263,#1264,#1265,#1266));
#2927=EDGE_LOOP('',(#1267,#1268,#1269,#1270));
#2928=EDGE_LOOP('',(#1271,#1272,#1273,#1274));
#2929=EDGE_LOOP('',(#1275,#1276,#1277,#1278));
#2930=EDGE_LOOP('',(#1279,#1280,#1281,#1282));
#2931=EDGE_LOOP('',(#1283,#1284,#1285,#1286));
#2932=EDGE_LOOP('',(#1287,#1288,#1289,#1290));
#2933=EDGE_LOOP('',(#1291,#1292,#1293,#1294));
#2934=EDGE_LOOP('',(#1295,#1296,#1297,#1298));
#2935=EDGE_LOOP('',(#1299,#1300,#1301,#1302));
#2936=EDGE_LOOP('',(#1303,#1304,#1305,#1306));
#2937=EDGE_LOOP('',(#1307,#1308,#1309,#1310));
#2938=EDGE_LOOP('',(#1311,#1312,#1313,#1314));
#2939=EDGE_LOOP('',(#1315,#1316,#1317,#1318));
#2940=EDGE_LOOP('',(#1319,#1320,#1321,#1322));
#2941=EDGE_LOOP('',(#1323));
#2942=EDGE_LOOP('',(#1324,#1325,#1326,#1327,#1328,#1329,#1330,#1331,#1332,
#1333,#1334,#1335,#1336,#1337,#1338,#1339,#1340,#1341,#1342,#1343,#1344,
#1345,#1346,#1347,#1348,#1349,#1350,#1351,#1352,#1353,#1354,#1355,#1356,
#1357,#1358,#1359,#1360,#1361,#1362,#1363,#1364,#1365,#1366,#1367,#1368,
#1369,#1370,#1371,#1372,#1373,#1374,#1375,#1376,#1377,#1378,#1379,#1380,
#1381,#1382,#1383,#1384,#1385,#1386,#1387,#1388,#1389,#1390,#1391,#1392,
#1393,#1394,#1395,#1396,#1397,#1398,#1399,#1400,#1401,#1402,#1403,#1404,
#1405,#1406,#1407,#1408,#1409,#1410,#1411,#1412,#1413,#1414,#1415,#1416,
#1417,#1418,#1419,#1420,#1421,#1422,#1423,#1424,#1425,#1426,#1427,#1428,
#1429,#1430,#1431,#1432,#1433,#1434,#1435,#1436,#1437,#1438,#1439,#1440,
#1441,#1442,#1443,#1444,#1445,#1446,#1447,#1448,#1449,#1450,#1451,#1452,
#1453,#1454,#1455,#1456,#1457,#1458,#1459,#1460,#1461,#1462,#1463,#1464,
#1465,#1466,#1467,#1468,#1469,#1470,#1471,#1472,#1473,#1474,#1475,#1476,
#1477,#1478,#1479,#1480,#1481,#1482,#1483,#1484,#1485,#1486,#1487,#1488,
#1489,#1490,#1491));
#2943=EDGE_LOOP('',(#1492,#1493,#1494,#1495));
#2944=EDGE_LOOP('',(#1496,#1497,#1498,#1499));
#2945=EDGE_LOOP('',(#1500,#1501,#1502,#1503));
#2946=EDGE_LOOP('',(#1504,#1505,#1506,#1507));
#2947=EDGE_LOOP('',(#1508,#1509,#1510,#1511));
#2948=EDGE_LOOP('',(#1512,#1513,#1514,#1515));
#2949=EDGE_LOOP('',(#1516,#1517,#1518,#1519));
#2950=EDGE_LOOP('',(#1520,#1521,#1522,#1523));
#2951=EDGE_LOOP('',(#1524,#1525,#1526,#1527));
#2952=EDGE_LOOP('',(#1528,#1529,#1530,#1531));
#2953=EDGE_LOOP('',(#1532,#1533,#1534,#1535));
#2954=EDGE_LOOP('',(#1536,#1537,#1538,#1539));
#2955=EDGE_LOOP('',(#1540,#1541,#1542,#1543));
#2956=EDGE_LOOP('',(#1544,#1545,#1546,#1547));
#2957=EDGE_LOOP('',(#1548,#1549,#1550,#1551));
#2958=EDGE_LOOP('',(#1552,#1553,#1554,#1555));
#2959=EDGE_LOOP('',(#1556,#1557,#1558,#1559));
#2960=EDGE_LOOP('',(#1560,#1561,#1562,#1563));
#2961=EDGE_LOOP('',(#1564,#1565,#1566,#1567));
#2962=EDGE_LOOP('',(#1568,#1569,#1570,#1571));
#2963=EDGE_LOOP('',(#1572,#1573,#1574,#1575));
#2964=EDGE_LOOP('',(#1576,#1577,#1578,#1579));
#2965=EDGE_LOOP('',(#1580,#1581,#1582,#1583));
#2966=EDGE_LOOP('',(#1584,#1585,#1586,#1587));
#2967=EDGE_LOOP('',(#1588,#1589,#1590,#1591));
#2968=EDGE_LOOP('',(#1592,#1593,#1594,#1595));
#2969=EDGE_LOOP('',(#1596,#1597,#1598,#1599));
#2970=EDGE_LOOP('',(#1600,#1601,#1602,#1603));
#2971=EDGE_LOOP('',(#1604,#1605,#1606,#1607));
#2972=EDGE_LOOP('',(#1608,#1609,#1610,#1611));
#2973=EDGE_LOOP('',(#1612,#1613,#1614,#1615));
#2974=EDGE_LOOP('',(#1616,#1617,#1618,#1619));
#2975=EDGE_LOOP('',(#1620,#1621,#1622,#1623));
#2976=EDGE_LOOP('',(#1624,#1625,#1626,#1627));
#2977=EDGE_LOOP('',(#1628,#1629,#1630,#1631));
#2978=EDGE_LOOP('',(#1632,#1633,#1634,#1635));
#2979=EDGE_LOOP('',(#1636,#1637,#1638,#1639));
#2980=EDGE_LOOP('',(#1640,#1641,#1642,#1643));
#2981=EDGE_LOOP('',(#1644,#1645,#1646,#1647));
#2982=EDGE_LOOP('',(#1648,#1649,#1650,#1651));
#2983=EDGE_LOOP('',(#1652,#1653,#1654,#1655));
#2984=EDGE_LOOP('',(#1656,#1657,#1658,#1659));
#2985=EDGE_LOOP('',(#1660,#1661,#1662,#1663));
#2986=EDGE_LOOP('',(#1664,#1665,#1666,#1667));
#2987=EDGE_LOOP('',(#1668,#1669,#1670,#1671));
#2988=EDGE_LOOP('',(#1672,#1673,#1674,#1675));
#2989=EDGE_LOOP('',(#1676,#1677,#1678,#1679));
#2990=EDGE_LOOP('',(#1680,#1681,#1682,#1683));
#2991=EDGE_LOOP('',(#1684,#1685,#1686,#1687));
#2992=EDGE_LOOP('',(#1688,#1689,#1690,#1691));
#2993=EDGE_LOOP('',(#1692,#1693,#1694,#1695));
#2994=EDGE_LOOP('',(#1696,#1697,#1698,#1699));
#2995=EDGE_LOOP('',(#1700,#1701,#1702,#1703));
#2996=EDGE_LOOP('',(#1704,#1705,#1706,#1707));
#2997=EDGE_LOOP('',(#1708,#1709,#1710,#1711));
#2998=EDGE_LOOP('',(#1712,#1713,#1714,#1715));
#2999=EDGE_LOOP('',(#1716,#1717,#1718,#1719));
#3000=EDGE_LOOP('',(#1720,#1721,#1722,#1723));
#3001=EDGE_LOOP('',(#1724,#1725,#1726,#1727));
#3002=EDGE_LOOP('',(#1728,#1729,#1730,#1731));
#3003=EDGE_LOOP('',(#1732,#1733,#1734,#1735));
#3004=EDGE_LOOP('',(#1736,#1737,#1738,#1739));
#3005=EDGE_LOOP('',(#1740,#1741,#1742,#1743));
#3006=EDGE_LOOP('',(#1744,#1745,#1746,#1747));
#3007=EDGE_LOOP('',(#1748,#1749,#1750,#1751));
#3008=EDGE_LOOP('',(#1752,#1753,#1754,#1755));
#3009=EDGE_LOOP('',(#1756,#1757,#1758,#1759));
#3010=EDGE_LOOP('',(#1760,#1761,#1762,#1763));
#3011=EDGE_LOOP('',(#1764,#1765,#1766,#1767));
#3012=EDGE_LOOP('',(#1768,#1769,#1770,#1771));
#3013=EDGE_LOOP('',(#1772,#1773,#1774,#1775));
#3014=EDGE_LOOP('',(#1776,#1777,#1778,#1779));
#3015=EDGE_LOOP('',(#1780,#1781,#1782,#1783));
#3016=EDGE_LOOP('',(#1784,#1785,#1786,#1787));
#3017=EDGE_LOOP('',(#1788,#1789,#1790,#1791));
#3018=EDGE_LOOP('',(#1792,#1793,#1794,#1795));
#3019=EDGE_LOOP('',(#1796,#1797,#1798,#1799));
#3020=EDGE_LOOP('',(#1800,#1801,#1802,#1803));
#3021=EDGE_LOOP('',(#1804,#1805,#1806,#1807));
#3022=EDGE_LOOP('',(#1808,#1809,#1810,#1811));
#3023=EDGE_LOOP('',(#1812));
#3024=EDGE_LOOP('',(#1813));
#3025=EDGE_LOOP('',(#1814,#1815,#1816,#1817));
#3026=EDGE_LOOP('',(#1818,#1819,#1820,#1821));
#3027=EDGE_LOOP('',(#1822,#1823,#1824,#1825));
#3028=EDGE_LOOP('',(#1826,#1827,#1828));
#3029=FACE_BOUND('',#2850,.T.);
#3030=FACE_BOUND('',#2851,.T.);
#3031=FACE_BOUND('',#2852,.T.);
#3032=FACE_BOUND('',#2853,.T.);
#3033=FACE_BOUND('',#2854,.T.);
#3034=FACE_BOUND('',#2855,.T.);
#3035=FACE_BOUND('',#2856,.T.);
#3036=FACE_BOUND('',#2857,.T.);
#3037=FACE_BOUND('',#2858,.T.);
#3038=FACE_BOUND('',#2859,.T.);
#3039=FACE_BOUND('',#2860,.T.);
#3040=FACE_BOUND('',#2861,.T.);
#3041=FACE_BOUND('',#2862,.T.);
#3042=FACE_BOUND('',#2863,.T.);
#3043=FACE_BOUND('',#2864,.T.);
#3044=FACE_BOUND('',#2865,.T.);
#3045=FACE_BOUND('',#2866,.T.);
#3046=FACE_BOUND('',#2867,.T.);
#3047=FACE_BOUND('',#2868,.T.);
#3048=FACE_BOUND('',#2869,.T.);
#3049=FACE_BOUND('',#2870,.T.);
#3050=FACE_BOUND('',#2871,.T.);
#3051=FACE_BOUND('',#2872,.T.);
#3052=FACE_BOUND('',#2873,.T.);
#3053=FACE_BOUND('',#2874,.T.);
#3054=FACE_BOUND('',#2875,.T.);
#3055=FACE_BOUND('',#2876,.T.);
#3056=FACE_BOUND('',#2877,.T.);
#3057=FACE_BOUND('',#2878,.T.);
#3058=FACE_BOUND('',#2879,.T.);
#3059=FACE_BOUND('',#2880,.T.);
#3060=FACE_BOUND('',#2881,.T.);
#3061=FACE_BOUND('',#2882,.T.);
#3062=FACE_BOUND('',#2883,.T.);
#3063=FACE_BOUND('',#2884,.T.);
#3064=FACE_BOUND('',#2885,.T.);
#3065=FACE_BOUND('',#2886,.T.);
#3066=FACE_BOUND('',#2887,.T.);
#3067=FACE_BOUND('',#2888,.T.);
#3068=FACE_BOUND('',#2889,.T.);
#3069=FACE_BOUND('',#2890,.T.);
#3070=FACE_BOUND('',#2891,.T.);
#3071=FACE_BOUND('',#2892,.T.);
#3072=FACE_BOUND('',#2893,.T.);
#3073=FACE_BOUND('',#2894,.T.);
#3074=FACE_BOUND('',#2895,.T.);
#3075=FACE_BOUND('',#2896,.T.);
#3076=FACE_BOUND('',#2897,.T.);
#3077=FACE_BOUND('',#2898,.T.);
#3078=FACE_BOUND('',#2899,.T.);
#3079=FACE_BOUND('',#2900,.T.);
#3080=FACE_BOUND('',#2901,.T.);
#3081=FACE_BOUND('',#2902,.T.);
#3082=FACE_BOUND('',#2903,.T.);
#3083=FACE_BOUND('',#2904,.T.);
#3084=FACE_BOUND('',#2905,.T.);
#3085=FACE_BOUND('',#2906,.T.);
#3086=FACE_BOUND('',#2907,.T.);
#3087=FACE_BOUND('',#2908,.T.);
#3088=FACE_BOUND('',#2909,.T.);
#3089=FACE_BOUND('',#2910,.T.);
#3090=FACE_BOUND('',#2911,.T.);
#3091=FACE_BOUND('',#2912,.T.);
#3092=FACE_BOUND('',#2913,.T.);
#3093=FACE_BOUND('',#2914,.T.);
#3094=FACE_BOUND('',#2915,.T.);
#3095=FACE_BOUND('',#2916,.T.);
#3096=FACE_BOUND('',#2917,.T.);
#3097=FACE_BOUND('',#2918,.T.);
#3098=FACE_BOUND('',#2919,.T.);
#3099=FACE_BOUND('',#2920,.T.);
#3100=FACE_BOUND('',#2921,.T.);
#3101=FACE_BOUND('',#2922,.T.);
#3102=FACE_BOUND('',#2923,.T.);
#3103=FACE_BOUND('',#2924,.T.);
#3104=FACE_BOUND('',#2925,.T.);
#3105=FACE_BOUND('',#2926,.T.);
#3106=FACE_BOUND('',#2927,.T.);
#3107=FACE_BOUND('',#2928,.T.);
#3108=FACE_BOUND('',#2929,.T.);
#3109=FACE_BOUND('',#2930,.T.);
#3110=FACE_BOUND('',#2931,.T.);
#3111=FACE_BOUND('',#2932,.T.);
#3112=FACE_BOUND('',#2933,.T.);
#3113=FACE_BOUND('',#2934,.T.);
#3114=FACE_BOUND('',#2935,.T.);
#3115=FACE_BOUND('',#2936,.T.);
#3116=FACE_BOUND('',#2937,.T.);
#3117=FACE_BOUND('',#2938,.T.);
#3118=FACE_BOUND('',#2939,.T.);
#3119=FACE_BOUND('',#2940,.T.);
#3120=FACE_BOUND('',#2941,.T.);
#3121=FACE_BOUND('',#2942,.T.);
#3122=FACE_BOUND('',#2943,.T.);
#3123=FACE_BOUND('',#2944,.T.);
#3124=FACE_BOUND('',#2945,.T.);
#3125=FACE_BOUND('',#2946,.T.);
#3126=FACE_BOUND('',#2947,.T.);
#3127=FACE_BOUND('',#2948,.T.);
#3128=FACE_BOUND('',#2949,.T.);
#3129=FACE_BOUND('',#2950,.T.);
#3130=FACE_BOUND('',#2951,.T.);
#3131=FACE_BOUND('',#2952,.T.);
#3132=FACE_BOUND('',#2953,.T.);
#3133=FACE_BOUND('',#2954,.T.);
#3134=FACE_BOUND('',#2955,.T.);
#3135=FACE_BOUND('',#2956,.T.);
#3136=FACE_BOUND('',#2957,.T.);
#3137=FACE_BOUND('',#2958,.T.);
#3138=FACE_BOUND('',#2959,.T.);
#3139=FACE_BOUND('',#2960,.T.);
#3140=FACE_BOUND('',#2961,.T.);
#3141=FACE_BOUND('',#2962,.T.);
#3142=FACE_BOUND('',#2963,.T.);
#3143=FACE_BOUND('',#2964,.T.);
#3144=FACE_BOUND('',#2965,.T.);
#3145=FACE_BOUND('',#2966,.T.);
#3146=FACE_BOUND('',#2967,.T.);
#3147=FACE_BOUND('',#2968,.T.);
#3148=FACE_BOUND('',#2969,.T.);
#3149=FACE_BOUND('',#2970,.T.);
#3150=FACE_BOUND('',#2971,.T.);
#3151=FACE_BOUND('',#2972,.T.);
#3152=FACE_BOUND('',#2973,.T.);
#3153=FACE_BOUND('',#2974,.T.);
#3154=FACE_BOUND('',#2975,.T.);
#3155=FACE_BOUND('',#2976,.T.);
#3156=FACE_BOUND('',#2977,.T.);
#3157=FACE_BOUND('',#2978,.T.);
#3158=FACE_BOUND('',#2979,.T.);
#3159=FACE_BOUND('',#2980,.T.);
#3160=FACE_BOUND('',#2981,.T.);
#3161=FACE_BOUND('',#2982,.T.);
#3162=FACE_BOUND('',#2983,.T.);
#3163=FACE_BOUND('',#2984,.T.);
#3164=FACE_BOUND('',#2985,.T.);
#3165=FACE_BOUND('',#2986,.T.);
#3166=FACE_BOUND('',#2987,.T.);
#3167=FACE_BOUND('',#2988,.T.);
#3168=FACE_BOUND('',#2989,.T.);
#3169=FACE_BOUND('',#2990,.T.);
#3170=FACE_BOUND('',#2991,.T.);
#3171=FACE_BOUND('',#2992,.T.);
#3172=FACE_BOUND('',#2993,.T.);
#3173=FACE_BOUND('',#2994,.T.);
#3174=FACE_BOUND('',#2995,.T.);
#3175=FACE_BOUND('',#2996,.T.);
#3176=FACE_BOUND('',#2997,.T.);
#3177=FACE_BOUND('',#2998,.T.);
#3178=FACE_BOUND('',#2999,.T.);
#3179=FACE_BOUND('',#3000,.T.);
#3180=FACE_BOUND('',#3001,.T.);
#3181=FACE_BOUND('',#3002,.T.);
#3182=FACE_BOUND('',#3003,.T.);
#3183=FACE_BOUND('',#3004,.T.);
#3184=FACE_BOUND('',#3005,.T.);
#3185=FACE_BOUND('',#3006,.T.);
#3186=FACE_BOUND('',#3007,.T.);
#3187=FACE_BOUND('',#3008,.T.);
#3188=FACE_BOUND('',#3009,.T.);
#3189=FACE_BOUND('',#3010,.T.);
#3190=FACE_BOUND('',#3011,.T.);
#3191=FACE_BOUND('',#3012,.T.);
#3192=FACE_BOUND('',#3013,.T.);
#3193=FACE_BOUND('',#3014,.T.);
#3194=FACE_BOUND('',#3015,.T.);
#3195=FACE_BOUND('',#3016,.T.);
#3196=FACE_BOUND('',#3017,.T.);
#3197=FACE_BOUND('',#3018,.T.);
#3198=FACE_BOUND('',#3019,.T.);
#3199=FACE_BOUND('',#3020,.T.);
#3200=FACE_BOUND('',#3021,.T.);
#3201=FACE_BOUND('',#3022,.T.);
#3202=FACE_BOUND('',#3023,.T.);
#3203=FACE_BOUND('',#3024,.T.);
#3204=FACE_BOUND('',#3025,.T.);
#3205=FACE_BOUND('',#3026,.T.);
#3206=FACE_BOUND('',#3027,.T.);
#3207=FACE_BOUND('',#3028,.T.);
#3208=PLANE('',#3534);
#3209=PLANE('',#3616);
#3210=PLANE('',#3617);
#3211=PLANE('',#3618);
#3212=PLANE('',#3619);
#3213=PLANE('',#3620);
#3214=PLANE('',#3621);
#3215=PLANE('',#3622);
#3216=PLANE('',#3623);
#3217=PLANE('',#3624);
#3218=PLANE('',#3625);
#3219=PLANE('',#3626);
#3220=PLANE('',#3627);
#3221=PLANE('',#3628);
#3222=PLANE('',#3629);
#3223=PLANE('',#3630);
#3224=PLANE('',#3631);
#3225=PLANE('',#3632);
#3226=PLANE('',#3633);
#3227=PLANE('',#3634);
#3228=PLANE('',#3635);
#3229=PLANE('',#3636);
#3230=PLANE('',#3637);
#3231=PLANE('',#3638);
#3232=PLANE('',#3639);
#3233=PLANE('',#3640);
#3234=PLANE('',#3641);
#3235=PLANE('',#3642);
#3236=PLANE('',#3643);
#3237=PLANE('',#3644);
#3238=PLANE('',#3645);
#3239=PLANE('',#3646);
#3240=PLANE('',#3647);
#3241=PLANE('',#3648);
#3242=PLANE('',#3649);
#3243=PLANE('',#3650);
#3244=PLANE('',#3651);
#3245=PLANE('',#3652);
#3246=PLANE('',#3653);
#3247=PLANE('',#3654);
#3248=PLANE('',#3655);
#3249=PLANE('',#3656);
#3250=PLANE('',#3657);
#3251=PLANE('',#3658);
#3252=PLANE('',#3659);
#3253=PLANE('',#3660);
#3254=PLANE('',#3661);
#3255=PLANE('',#3662);
#3256=PLANE('',#3663);
#3257=PLANE('',#3664);
#3258=PLANE('',#3665);
#3259=PLANE('',#3666);
#3260=PLANE('',#3667);
#3261=PLANE('',#3668);
#3262=PLANE('',#3669);
#3263=PLANE('',#3670);
#3264=PLANE('',#3671);
#3265=PLANE('',#3672);
#3266=PLANE('',#3673);
#3267=PLANE('',#3674);
#3268=PLANE('',#3675);
#3269=PLANE('',#3676);
#3270=PLANE('',#3677);
#3271=PLANE('',#3678);
#3272=PLANE('',#3679);
#3273=PLANE('',#3680);
#3274=PLANE('',#3681);
#3275=PLANE('',#3682);
#3276=PLANE('',#3683);
#3277=PLANE('',#3684);
#3278=PLANE('',#3685);
#3279=PLANE('',#3686);
#3280=PLANE('',#3687);
#3281=PLANE('',#3688);
#3282=PLANE('',#3689);
#3283=PLANE('',#3690);
#3284=PLANE('',#3691);
#3285=PLANE('',#3692);
#3286=PLANE('',#3693);
#3287=PLANE('',#3694);
#3288=PLANE('',#3695);
#3289=PLANE('',#3696);
#3290=PLANE('',#3697);
#3291=PLANE('',#3698);
#3292=PLANE('',#3699);
#3293=PLANE('',#3700);
#3294=PLANE('',#3701);
#3295=PLANE('',#3702);
#3296=PLANE('',#3703);
#3297=PLANE('',#3704);
#3298=PLANE('',#3867);
#3299=PLANE('',#3868);
#3300=PLANE('',#3869);
#3301=PLANE('',#3870);
#3302=OVER_RIDING_STYLED_ITEM('',(#3486),#3308,#3484);
#3303=OVER_RIDING_STYLED_ITEM('',(#3487),#3397,#3484);
#3304=OVER_RIDING_STYLED_ITEM('',(#3488),#3479,#3484);
#3305=OVER_RIDING_STYLED_ITEM('',(#3489),#3480,#3484);
#3306=OVER_RIDING_STYLED_ITEM('',(#3490),#3481,#3484);
#3307=OVER_RIDING_STYLED_ITEM('',(#3491),#3482,#3484);
#3308=ADVANCED_FACE('',(#3029,#3030,#3031),#3208,.T.);
#3309=ADVANCED_FACE('',(#3032),#3209,.T.);
#3310=ADVANCED_FACE('',(#3033),#3210,.T.);
#3311=ADVANCED_FACE('',(#3034),#3211,.T.);
#3312=ADVANCED_FACE('',(#3035),#3212,.T.);
#3313=ADVANCED_FACE('',(#3036),#3213,.T.);
#3314=ADVANCED_FACE('',(#3037),#3214,.T.);
#3315=ADVANCED_FACE('',(#3038),#3215,.T.);
#3316=ADVANCED_FACE('',(#3039),#3216,.T.);
#3317=ADVANCED_FACE('',(#3040),#3217,.T.);
#3318=ADVANCED_FACE('',(#3041),#3218,.T.);
#3319=ADVANCED_FACE('',(#3042),#3219,.T.);
#3320=ADVANCED_FACE('',(#3043),#3220,.T.);
#3321=ADVANCED_FACE('',(#3044),#3221,.T.);
#3322=ADVANCED_FACE('',(#3045),#3222,.T.);
#3323=ADVANCED_FACE('',(#3046),#3223,.T.);
#3324=ADVANCED_FACE('',(#3047),#3224,.T.);
#3325=ADVANCED_FACE('',(#3048),#3225,.T.);
#3326=ADVANCED_FACE('',(#3049),#3226,.T.);
#3327=ADVANCED_FACE('',(#3050),#3227,.T.);
#3328=ADVANCED_FACE('',(#3051),#3228,.T.);
#3329=ADVANCED_FACE('',(#3052),#3229,.T.);
#3330=ADVANCED_FACE('',(#3053),#3230,.T.);
#3331=ADVANCED_FACE('',(#3054),#3231,.T.);
#3332=ADVANCED_FACE('',(#3055),#3232,.T.);
#3333=ADVANCED_FACE('',(#3056),#3233,.T.);
#3334=ADVANCED_FACE('',(#3057),#3234,.T.);
#3335=ADVANCED_FACE('',(#3058),#3235,.T.);
#3336=ADVANCED_FACE('',(#3059),#3236,.T.);
#3337=ADVANCED_FACE('',(#3060),#3237,.T.);
#3338=ADVANCED_FACE('',(#3061),#3238,.T.);
#3339=ADVANCED_FACE('',(#3062),#3239,.T.);
#3340=ADVANCED_FACE('',(#3063),#3240,.T.);
#3341=ADVANCED_FACE('',(#3064),#3241,.T.);
#3342=ADVANCED_FACE('',(#3065),#3242,.T.);
#3343=ADVANCED_FACE('',(#3066),#3243,.T.);
#3344=ADVANCED_FACE('',(#3067),#3244,.T.);
#3345=ADVANCED_FACE('',(#3068),#3245,.T.);
#3346=ADVANCED_FACE('',(#3069),#3246,.T.);
#3347=ADVANCED_FACE('',(#3070),#3247,.T.);
#3348=ADVANCED_FACE('',(#3071),#3248,.T.);
#3349=ADVANCED_FACE('',(#3072),#3249,.T.);
#3350=ADVANCED_FACE('',(#3073),#3250,.T.);
#3351=ADVANCED_FACE('',(#3074),#3251,.T.);
#3352=ADVANCED_FACE('',(#3075),#3252,.T.);
#3353=ADVANCED_FACE('',(#3076),#3253,.T.);
#3354=ADVANCED_FACE('',(#3077),#3254,.T.);
#3355=ADVANCED_FACE('',(#3078),#3255,.T.);
#3356=ADVANCED_FACE('',(#3079),#3256,.T.);
#3357=ADVANCED_FACE('',(#3080),#3257,.T.);
#3358=ADVANCED_FACE('',(#3081),#3258,.T.);
#3359=ADVANCED_FACE('',(#3082),#3259,.T.);
#3360=ADVANCED_FACE('',(#3083),#3260,.T.);
#3361=ADVANCED_FACE('',(#3084),#3261,.T.);
#3362=ADVANCED_FACE('',(#3085),#3262,.T.);
#3363=ADVANCED_FACE('',(#3086),#3263,.T.);
#3364=ADVANCED_FACE('',(#3087),#3264,.T.);
#3365=ADVANCED_FACE('',(#3088),#3265,.T.);
#3366=ADVANCED_FACE('',(#3089),#3266,.T.);
#3367=ADVANCED_FACE('',(#3090),#3267,.T.);
#3368=ADVANCED_FACE('',(#3091),#3268,.T.);
#3369=ADVANCED_FACE('',(#3092),#3269,.T.);
#3370=ADVANCED_FACE('',(#3093),#3270,.T.);
#3371=ADVANCED_FACE('',(#3094),#3271,.T.);
#3372=ADVANCED_FACE('',(#3095),#3272,.T.);
#3373=ADVANCED_FACE('',(#3096),#3273,.T.);
#3374=ADVANCED_FACE('',(#3097),#3274,.T.);
#3375=ADVANCED_FACE('',(#3098),#3275,.T.);
#3376=ADVANCED_FACE('',(#3099),#3276,.T.);
#3377=ADVANCED_FACE('',(#3100),#3277,.T.);
#3378=ADVANCED_FACE('',(#3101),#3278,.T.);
#3379=ADVANCED_FACE('',(#3102),#3279,.T.);
#3380=ADVANCED_FACE('',(#3103),#3280,.T.);
#3381=ADVANCED_FACE('',(#3104),#3281,.T.);
#3382=ADVANCED_FACE('',(#3105),#3282,.T.);
#3383=ADVANCED_FACE('',(#3106),#3283,.T.);
#3384=ADVANCED_FACE('',(#3107),#3284,.T.);
#3385=ADVANCED_FACE('',(#3108),#3285,.T.);
#3386=ADVANCED_FACE('',(#3109),#3286,.T.);
#3387=ADVANCED_FACE('',(#3110),#3287,.T.);
#3388=ADVANCED_FACE('',(#3111),#3288,.T.);
#3389=ADVANCED_FACE('',(#3112),#3289,.T.);
#3390=ADVANCED_FACE('',(#3113),#3290,.T.);
#3391=ADVANCED_FACE('',(#3114),#3291,.T.);
#3392=ADVANCED_FACE('',(#3115),#3292,.T.);
#3393=ADVANCED_FACE('',(#3116),#3293,.T.);
#3394=ADVANCED_FACE('',(#3117),#3294,.T.);
#3395=ADVANCED_FACE('',(#3118),#3295,.T.);
#3396=ADVANCED_FACE('',(#3119),#3296,.T.);
#3397=ADVANCED_FACE('',(#3120,#3121),#3297,.F.);
#3398=ADVANCED_FACE('',(#3122),#12,.F.);
#3399=ADVANCED_FACE('',(#3123),#13,.F.);
#3400=ADVANCED_FACE('',(#3124),#14,.F.);
#3401=ADVANCED_FACE('',(#3125),#15,.F.);
#3402=ADVANCED_FACE('',(#3126),#16,.F.);
#3403=ADVANCED_FACE('',(#3127),#17,.F.);
#3404=ADVANCED_FACE('',(#3128),#18,.F.);
#3405=ADVANCED_FACE('',(#3129),#19,.F.);
#3406=ADVANCED_FACE('',(#3130),#20,.F.);
#3407=ADVANCED_FACE('',(#3131),#21,.F.);
#3408=ADVANCED_FACE('',(#3132),#22,.F.);
#3409=ADVANCED_FACE('',(#3133),#23,.F.);
#3410=ADVANCED_FACE('',(#3134),#24,.F.);
#3411=ADVANCED_FACE('',(#3135),#25,.F.);
#3412=ADVANCED_FACE('',(#3136),#26,.F.);
#3413=ADVANCED_FACE('',(#3137),#27,.F.);
#3414=ADVANCED_FACE('',(#3138),#28,.F.);
#3415=ADVANCED_FACE('',(#3139),#29,.F.);
#3416=ADVANCED_FACE('',(#3140),#30,.F.);
#3417=ADVANCED_FACE('',(#3141),#31,.F.);
#3418=ADVANCED_FACE('',(#3142),#32,.F.);
#3419=ADVANCED_FACE('',(#3143),#33,.F.);
#3420=ADVANCED_FACE('',(#3144),#34,.F.);
#3421=ADVANCED_FACE('',(#3145),#35,.F.);
#3422=ADVANCED_FACE('',(#3146),#36,.F.);
#3423=ADVANCED_FACE('',(#3147),#37,.F.);
#3424=ADVANCED_FACE('',(#3148),#38,.F.);
#3425=ADVANCED_FACE('',(#3149),#39,.F.);
#3426=ADVANCED_FACE('',(#3150),#40,.F.);
#3427=ADVANCED_FACE('',(#3151),#41,.F.);
#3428=ADVANCED_FACE('',(#3152),#42,.F.);
#3429=ADVANCED_FACE('',(#3153),#43,.F.);
#3430=ADVANCED_FACE('',(#3154),#44,.F.);
#3431=ADVANCED_FACE('',(#3155),#45,.F.);
#3432=ADVANCED_FACE('',(#3156),#46,.F.);
#3433=ADVANCED_FACE('',(#3157),#47,.F.);
#3434=ADVANCED_FACE('',(#3158),#48,.F.);
#3435=ADVANCED_FACE('',(#3159),#49,.F.);
#3436=ADVANCED_FACE('',(#3160),#50,.F.);
#3437=ADVANCED_FACE('',(#3161),#51,.F.);
#3438=ADVANCED_FACE('',(#3162),#52,.F.);
#3439=ADVANCED_FACE('',(#3163),#53,.F.);
#3440=ADVANCED_FACE('',(#3164),#54,.F.);
#3441=ADVANCED_FACE('',(#3165),#55,.F.);
#3442=ADVANCED_FACE('',(#3166),#56,.F.);
#3443=ADVANCED_FACE('',(#3167),#57,.F.);
#3444=ADVANCED_FACE('',(#3168),#58,.F.);
#3445=ADVANCED_FACE('',(#3169),#59,.F.);
#3446=ADVANCED_FACE('',(#3170),#60,.F.);
#3447=ADVANCED_FACE('',(#3171),#61,.F.);
#3448=ADVANCED_FACE('',(#3172),#62,.F.);
#3449=ADVANCED_FACE('',(#3173),#63,.F.);
#3450=ADVANCED_FACE('',(#3174),#64,.F.);
#3451=ADVANCED_FACE('',(#3175),#65,.F.);
#3452=ADVANCED_FACE('',(#3176),#66,.F.);
#3453=ADVANCED_FACE('',(#3177),#67,.F.);
#3454=ADVANCED_FACE('',(#3178),#68,.F.);
#3455=ADVANCED_FACE('',(#3179),#69,.F.);
#3456=ADVANCED_FACE('',(#3180),#70,.F.);
#3457=ADVANCED_FACE('',(#3181),#71,.F.);
#3458=ADVANCED_FACE('',(#3182),#72,.F.);
#3459=ADVANCED_FACE('',(#3183),#73,.F.);
#3460=ADVANCED_FACE('',(#3184),#74,.F.);
#3461=ADVANCED_FACE('',(#3185),#75,.F.);
#3462=ADVANCED_FACE('',(#3186),#76,.F.);
#3463=ADVANCED_FACE('',(#3187),#77,.F.);
#3464=ADVANCED_FACE('',(#3188),#78,.F.);
#3465=ADVANCED_FACE('',(#3189),#79,.F.);
#3466=ADVANCED_FACE('',(#3190),#80,.F.);
#3467=ADVANCED_FACE('',(#3191),#81,.F.);
#3468=ADVANCED_FACE('',(#3192),#82,.F.);
#3469=ADVANCED_FACE('',(#3193),#83,.F.);
#3470=ADVANCED_FACE('',(#3194),#84,.F.);
#3471=ADVANCED_FACE('',(#3195),#85,.F.);
#3472=ADVANCED_FACE('',(#3196),#86,.F.);
#3473=ADVANCED_FACE('',(#3197),#87,.F.);
#3474=ADVANCED_FACE('',(#3198),#88,.F.);
#3475=ADVANCED_FACE('',(#3199),#89,.F.);
#3476=ADVANCED_FACE('',(#3200),#90,.F.);
#3477=ADVANCED_FACE('',(#3201),#91,.F.);
#3478=ADVANCED_FACE('',(#3202,#3203),#92,.F.);
#3479=ADVANCED_FACE('',(#3204),#3298,.F.);
#3480=ADVANCED_FACE('',(#3205),#3299,.F.);
#3481=ADVANCED_FACE('',(#3206),#3300,.F.);
#3482=ADVANCED_FACE('',(#3207),#3301,.T.);
#3483=CLOSED_SHELL('',(#3308,#3309,#3310,#3311,#3312,#3313,#3314,#3315,
#3316,#3317,#3318,#3319,#3320,#3321,#3322,#3323,#3324,#3325,#3326,#3327,
#3328,#3329,#3330,#3331,#3332,#3333,#3334,#3335,#3336,#3337,#3338,#3339,
#3340,#3341,#3342,#3343,#3344,#3345,#3346,#3347,#3348,#3349,#3350,#3351,
#3352,#3353,#3354,#3355,#3356,#3357,#3358,#3359,#3360,#3361,#3362,#3363,
#3364,#3365,#3366,#3367,#3368,#3369,#3370,#3371,#3372,#3373,#3374,#3375,
#3376,#3377,#3378,#3379,#3380,#3381,#3382,#3383,#3384,#3385,#3386,#3387,
#3388,#3389,#3390,#3391,#3392,#3393,#3394,#3395,#3396,#3397,#3398,#3399,
#3400,#3401,#3402,#3403,#3404,#3405,#3406,#3407,#3408,#3409,#3410,#3411,
#3412,#3413,#3414,#3415,#3416,#3417,#3418,#3419,#3420,#3421,#3422,#3423,
#3424,#3425,#3426,#3427,#3428,#3429,#3430,#3431,#3432,#3433,#3434,#3435,
#3436,#3437,#3438,#3439,#3440,#3441,#3442,#3443,#3444,#3445,#3446,#3447,
#3448,#3449,#3450,#3451,#3452,#3453,#3454,#3455,#3456,#3457,#3458,#3459,
#3460,#3461,#3462,#3463,#3464,#3465,#3466,#3467,#3468,#3469,#3470,#3471,
#3472,#3473,#3474,#3475,#3476,#3477,#3478,#3479,#3480,#3481,#3482));
#3484=STYLED_ITEM('',(#3485),#3530);
#3485=PRESENTATION_STYLE_ASSIGNMENT((#3492));
#3486=PRESENTATION_STYLE_ASSIGNMENT((#3493));
#3487=PRESENTATION_STYLE_ASSIGNMENT((#3494));
#3488=PRESENTATION_STYLE_ASSIGNMENT((#3495));
#3489=PRESENTATION_STYLE_ASSIGNMENT((#3496));
#3490=PRESENTATION_STYLE_ASSIGNMENT((#3497));
#3491=PRESENTATION_STYLE_ASSIGNMENT((#3498));
#3492=SURFACE_STYLE_USAGE(.BOTH.,#3499);
#3493=SURFACE_STYLE_USAGE(.BOTH.,#3500);
#3494=SURFACE_STYLE_USAGE(.BOTH.,#3501);
#3495=SURFACE_STYLE_USAGE(.BOTH.,#3502);
#3496=SURFACE_STYLE_USAGE(.BOTH.,#3503);
#3497=SURFACE_STYLE_USAGE(.BOTH.,#3504);
#3498=SURFACE_STYLE_USAGE(.BOTH.,#3505);
#3499=SURFACE_SIDE_STYLE('',(#3506));
#3500=SURFACE_SIDE_STYLE('',(#3507));
#3501=SURFACE_SIDE_STYLE('',(#3508));
#3502=SURFACE_SIDE_STYLE('',(#3509));
#3503=SURFACE_SIDE_STYLE('',(#3510));
#3504=SURFACE_SIDE_STYLE('',(#3511));
#3505=SURFACE_SIDE_STYLE('',(#3512));
#3506=SURFACE_STYLE_FILL_AREA(#3513);
#3507=SURFACE_STYLE_FILL_AREA(#3514);
#3508=SURFACE_STYLE_FILL_AREA(#3515);
#3509=SURFACE_STYLE_FILL_AREA(#3516);
#3510=SURFACE_STYLE_FILL_AREA(#3517);
#3511=SURFACE_STYLE_FILL_AREA(#3518);
#3512=SURFACE_STYLE_FILL_AREA(#3519);
#3513=FILL_AREA_STYLE('',(#3520));
#3514=FILL_AREA_STYLE('',(#3521));
#3515=FILL_AREA_STYLE('',(#3522));
#3516=FILL_AREA_STYLE('',(#3523));
#3517=FILL_AREA_STYLE('',(#3524));
#3518=FILL_AREA_STYLE('',(#3525));
#3519=FILL_AREA_STYLE('',(#3526));
#3520=FILL_AREA_STYLE_COLOUR('',#3527);
#3521=FILL_AREA_STYLE_COLOUR('',#3528);
#3522=FILL_AREA_STYLE_COLOUR('',#3528);
#3523=FILL_AREA_STYLE_COLOUR('',#3529);
#3524=FILL_AREA_STYLE_COLOUR('',#3529);
#3525=FILL_AREA_STYLE_COLOUR('',#3529);
#3526=FILL_AREA_STYLE_COLOUR('',#3529);
#3527=COLOUR_RGB('',0.847058823529412,0.823529411764706,0.51764705882353);
#3528=COLOUR_RGB('',0.196078431372549,0.705882352941177,0.196078431372549);
#3529=COLOUR_RGB('',0.917647058823529,0.917647058823529,0.917647058823529);
#3530=MANIFOLD_SOLID_BREP('XBOX-Ctrlr-MCU-1708',#3483);
#3531=SHAPE_DEFINITION_REPRESENTATION(#5941,#3532);
#3532=SHAPE_REPRESENTATION('XBOX-Ctrlr-MCU-1708',(#3533),#5936);
#3533=AXIS2_PLACEMENT_3D('',#4900,#3871,#3872);
#3534=AXIS2_PLACEMENT_3D('',#4901,#3873,#3874);
#3535=AXIS2_PLACEMENT_3D('',#4902,#3875,#3876);
#3536=AXIS2_PLACEMENT_3D('',#4904,#3877,#3878);
#3537=AXIS2_PLACEMENT_3D('',#4911,#3881,#3882);
#3538=AXIS2_PLACEMENT_3D('',#4915,#3884,#3885);
#3539=AXIS2_PLACEMENT_3D('',#4919,#3887,#3888);
#3540=AXIS2_PLACEMENT_3D('',#4923,#3890,#3891);
#3541=AXIS2_PLACEMENT_3D('',#4927,#3893,#3894);
#3542=AXIS2_PLACEMENT_3D('',#4931,#3896,#3897);
#3543=AXIS2_PLACEMENT_3D('',#4935,#3899,#3900);
#3544=AXIS2_PLACEMENT_3D('',#4939,#3902,#3903);
#3545=AXIS2_PLACEMENT_3D('',#4943,#3905,#3906);
#3546=AXIS2_PLACEMENT_3D('',#4947,#3908,#3909);
#3547=AXIS2_PLACEMENT_3D('',#4951,#3911,#3912);
#3548=AXIS2_PLACEMENT_3D('',#4955,#3914,#3915);
#3549=AXIS2_PLACEMENT_3D('',#4959,#3917,#3918);
#3550=AXIS2_PLACEMENT_3D('',#4963,#3920,#3921);
#3551=AXIS2_PLACEMENT_3D('',#4967,#3923,#3924);
#3552=AXIS2_PLACEMENT_3D('',#4971,#3926,#3927);
#3553=AXIS2_PLACEMENT_3D('',#4975,#3929,#3930);
#3554=AXIS2_PLACEMENT_3D('',#4979,#3932,#3933);
#3555=AXIS2_PLACEMENT_3D('',#4983,#3935,#3936);
#3556=AXIS2_PLACEMENT_3D('',#4987,#3938,#3939);
#3557=AXIS2_PLACEMENT_3D('',#4991,#3941,#3942);
#3558=AXIS2_PLACEMENT_3D('',#4995,#3944,#3945);
#3559=AXIS2_PLACEMENT_3D('',#4999,#3947,#3948);
#3560=AXIS2_PLACEMENT_3D('',#5003,#3950,#3951);
#3561=AXIS2_PLACEMENT_3D('',#5007,#3953,#3954);
#3562=AXIS2_PLACEMENT_3D('',#5011,#3956,#3957);
#3563=AXIS2_PLACEMENT_3D('',#5015,#3959,#3960);
#3564=AXIS2_PLACEMENT_3D('',#5019,#3962,#3963);
#3565=AXIS2_PLACEMENT_3D('',#5023,#3965,#3966);
#3566=AXIS2_PLACEMENT_3D('',#5027,#3968,#3969);
#3567=AXIS2_PLACEMENT_3D('',#5031,#3971,#3972);
#3568=AXIS2_PLACEMENT_3D('',#5035,#3974,#3975);
#3569=AXIS2_PLACEMENT_3D('',#5039,#3977,#3978);
#3570=AXIS2_PLACEMENT_3D('',#5043,#3980,#3981);
#3571=AXIS2_PLACEMENT_3D('',#5047,#3983,#3984);
#3572=AXIS2_PLACEMENT_3D('',#5051,#3986,#3987);
#3573=AXIS2_PLACEMENT_3D('',#5055,#3989,#3990);
#3574=AXIS2_PLACEMENT_3D('',#5059,#3992,#3993);
#3575=AXIS2_PLACEMENT_3D('',#5065,#3996,#3997);
#3576=AXIS2_PLACEMENT_3D('',#5069,#3999,#4000);
#3577=AXIS2_PLACEMENT_3D('',#5073,#4002,#4003);
#3578=AXIS2_PLACEMENT_3D('',#5077,#4005,#4006);
#3579=AXIS2_PLACEMENT_3D('',#5081,#4008,#4009);
#3580=AXIS2_PLACEMENT_3D('',#5085,#4011,#4012);
#3581=AXIS2_PLACEMENT_3D('',#5091,#4015,#4016);
#3582=AXIS2_PLACEMENT_3D('',#5095,#4018,#4019);
#3583=AXIS2_PLACEMENT_3D('',#5099,#4021,#4022);
#3584=AXIS2_PLACEMENT_3D('',#5103,#4024,#4025);
#3585=AXIS2_PLACEMENT_3D('',#5107,#4027,#4028);
#3586=AXIS2_PLACEMENT_3D('',#5111,#4030,#4031);
#3587=AXIS2_PLACEMENT_3D('',#5115,#4033,#4034);
#3588=AXIS2_PLACEMENT_3D('',#5119,#4036,#4037);
#3589=AXIS2_PLACEMENT_3D('',#5123,#4039,#4040);
#3590=AXIS2_PLACEMENT_3D('',#5131,#4044,#4045);
#3591=AXIS2_PLACEMENT_3D('',#5135,#4047,#4048);
#3592=AXIS2_PLACEMENT_3D('',#5139,#4050,#4051);
#3593=AXIS2_PLACEMENT_3D('',#5143,#4053,#4054);
#3594=AXIS2_PLACEMENT_3D('',#5147,#4056,#4057);
#3595=AXIS2_PLACEMENT_3D('',#5151,#4059,#4060);
#3596=AXIS2_PLACEMENT_3D('',#5155,#4062,#4063);
#3597=AXIS2_PLACEMENT_3D('',#5159,#4065,#4066);
#3598=AXIS2_PLACEMENT_3D('',#5163,#4068,#4069);
#3599=AXIS2_PLACEMENT_3D('',#5167,#4071,#4072);
#3600=AXIS2_PLACEMENT_3D('',#5171,#4074,#4075);
#3601=AXIS2_PLACEMENT_3D('',#5175,#4077,#4078);
#3602=AXIS2_PLACEMENT_3D('',#5179,#4080,#4081);
#3603=AXIS2_PLACEMENT_3D('',#5183,#4083,#4084);
#3604=AXIS2_PLACEMENT_3D('',#5187,#4086,#4087);
#3605=AXIS2_PLACEMENT_3D('',#5191,#4089,#4090);
#3606=AXIS2_PLACEMENT_3D('',#5197,#4093,#4094);
#3607=AXIS2_PLACEMENT_3D('',#5201,#4096,#4097);
#3608=AXIS2_PLACEMENT_3D('',#5209,#4101,#4102);
#3609=AXIS2_PLACEMENT_3D('',#5213,#4104,#4105);
#3610=AXIS2_PLACEMENT_3D('',#5217,#4107,#4108);
#3611=AXIS2_PLACEMENT_3D('',#5221,#4110,#4111);
#3612=AXIS2_PLACEMENT_3D('',#5225,#4113,#4114);
#3613=AXIS2_PLACEMENT_3D('',#5229,#4116,#4117);
#3614=AXIS2_PLACEMENT_3D('',#5233,#4119,#4120);
#3615=AXIS2_PLACEMENT_3D('',#5237,#4122,#4123);
#3616=AXIS2_PLACEMENT_3D('',#5246,#4128,#4129);
#3617=AXIS2_PLACEMENT_3D('',#5252,#4133,#4134);
#3618=AXIS2_PLACEMENT_3D('',#5258,#4138,#4139);
#3619=AXIS2_PLACEMENT_3D('',#5264,#4143,#4144);
#3620=AXIS2_PLACEMENT_3D('',#5270,#4148,#4149);
#3621=AXIS2_PLACEMENT_3D('',#5276,#4153,#4154);
#3622=AXIS2_PLACEMENT_3D('',#5282,#4158,#4159);
#3623=AXIS2_PLACEMENT_3D('',#5288,#4163,#4164);
#3624=AXIS2_PLACEMENT_3D('',#5294,#4168,#4169);
#3625=AXIS2_PLACEMENT_3D('',#5300,#4173,#4174);
#3626=AXIS2_PLACEMENT_3D('',#5306,#4178,#4179);
#3627=AXIS2_PLACEMENT_3D('',#5312,#4183,#4184);
#3628=AXIS2_PLACEMENT_3D('',#5318,#4188,#4189);
#3629=AXIS2_PLACEMENT_3D('',#5324,#4193,#4194);
#3630=AXIS2_PLACEMENT_3D('',#5330,#4198,#4199);
#3631=AXIS2_PLACEMENT_3D('',#5336,#4203,#4204);
#3632=AXIS2_PLACEMENT_3D('',#5342,#4208,#4209);
#3633=AXIS2_PLACEMENT_3D('',#5348,#4213,#4214);
#3634=AXIS2_PLACEMENT_3D('',#5354,#4218,#4219);
#3635=AXIS2_PLACEMENT_3D('',#5360,#4223,#4224);
#3636=AXIS2_PLACEMENT_3D('',#5366,#4228,#4229);
#3637=AXIS2_PLACEMENT_3D('',#5372,#4233,#4234);
#3638=AXIS2_PLACEMENT_3D('',#5378,#4238,#4239);
#3639=AXIS2_PLACEMENT_3D('',#5384,#4243,#4244);
#3640=AXIS2_PLACEMENT_3D('',#5390,#4248,#4249);
#3641=AXIS2_PLACEMENT_3D('',#5396,#4253,#4254);
#3642=AXIS2_PLACEMENT_3D('',#5402,#4258,#4259);
#3643=AXIS2_PLACEMENT_3D('',#5408,#4263,#4264);
#3644=AXIS2_PLACEMENT_3D('',#5414,#4268,#4269);
#3645=AXIS2_PLACEMENT_3D('',#5420,#4273,#4274);
#3646=AXIS2_PLACEMENT_3D('',#5426,#4278,#4279);
#3647=AXIS2_PLACEMENT_3D('',#5432,#4283,#4284);
#3648=AXIS2_PLACEMENT_3D('',#5438,#4288,#4289);
#3649=AXIS2_PLACEMENT_3D('',#5444,#4293,#4294);
#3650=AXIS2_PLACEMENT_3D('',#5450,#4298,#4299);
#3651=AXIS2_PLACEMENT_3D('',#5456,#4303,#4304);
#3652=AXIS2_PLACEMENT_3D('',#5462,#4308,#4309);
#3653=AXIS2_PLACEMENT_3D('',#5468,#4313,#4314);
#3654=AXIS2_PLACEMENT_3D('',#5474,#4318,#4319);
#3655=AXIS2_PLACEMENT_3D('',#5480,#4323,#4324);
#3656=AXIS2_PLACEMENT_3D('',#5486,#4328,#4329);
#3657=AXIS2_PLACEMENT_3D('',#5492,#4333,#4334);
#3658=AXIS2_PLACEMENT_3D('',#5498,#4338,#4339);
#3659=AXIS2_PLACEMENT_3D('',#5504,#4343,#4344);
#3660=AXIS2_PLACEMENT_3D('',#5510,#4348,#4349);
#3661=AXIS2_PLACEMENT_3D('',#5516,#4353,#4354);
#3662=AXIS2_PLACEMENT_3D('',#5522,#4358,#4359);
#3663=AXIS2_PLACEMENT_3D('',#5528,#4363,#4364);
#3664=AXIS2_PLACEMENT_3D('',#5534,#4368,#4369);
#3665=AXIS2_PLACEMENT_3D('',#5540,#4373,#4374);
#3666=AXIS2_PLACEMENT_3D('',#5546,#4378,#4379);
#3667=AXIS2_PLACEMENT_3D('',#5552,#4383,#4384);
#3668=AXIS2_PLACEMENT_3D('',#5558,#4388,#4389);
#3669=AXIS2_PLACEMENT_3D('',#5564,#4393,#4394);
#3670=AXIS2_PLACEMENT_3D('',#5570,#4398,#4399);
#3671=AXIS2_PLACEMENT_3D('',#5576,#4403,#4404);
#3672=AXIS2_PLACEMENT_3D('',#5582,#4408,#4409);
#3673=AXIS2_PLACEMENT_3D('',#5588,#4413,#4414);
#3674=AXIS2_PLACEMENT_3D('',#5594,#4418,#4419);
#3675=AXIS2_PLACEMENT_3D('',#5600,#4423,#4424);
#3676=AXIS2_PLACEMENT_3D('',#5606,#4428,#4429);
#3677=AXIS2_PLACEMENT_3D('',#5612,#4433,#4434);
#3678=AXIS2_PLACEMENT_3D('',#5618,#4438,#4439);
#3679=AXIS2_PLACEMENT_3D('',#5624,#4443,#4444);
#3680=AXIS2_PLACEMENT_3D('',#5630,#4448,#4449);
#3681=AXIS2_PLACEMENT_3D('',#5636,#4453,#4454);
#3682=AXIS2_PLACEMENT_3D('',#5642,#4458,#4459);
#3683=AXIS2_PLACEMENT_3D('',#5648,#4463,#4464);
#3684=AXIS2_PLACEMENT_3D('',#5654,#4468,#4469);
#3685=AXIS2_PLACEMENT_3D('',#5660,#4473,#4474);
#3686=AXIS2_PLACEMENT_3D('',#5666,#4478,#4479);
#3687=AXIS2_PLACEMENT_3D('',#5672,#4483,#4484);
#3688=AXIS2_PLACEMENT_3D('',#5678,#4488,#4489);
#3689=AXIS2_PLACEMENT_3D('',#5684,#4493,#4494);
#3690=AXIS2_PLACEMENT_3D('',#5690,#4498,#4499);
#3691=AXIS2_PLACEMENT_3D('',#5696,#4503,#4504);
#3692=AXIS2_PLACEMENT_3D('',#5702,#4508,#4509);
#3693=AXIS2_PLACEMENT_3D('',#5708,#4513,#4514);
#3694=AXIS2_PLACEMENT_3D('',#5714,#4518,#4519);
#3695=AXIS2_PLACEMENT_3D('',#5720,#4523,#4524);
#3696=AXIS2_PLACEMENT_3D('',#5726,#4528,#4529);
#3697=AXIS2_PLACEMENT_3D('',#5730,#4532,#4533);
#3698=AXIS2_PLACEMENT_3D('',#5734,#4536,#4537);
#3699=AXIS2_PLACEMENT_3D('',#5740,#4541,#4542);
#3700=AXIS2_PLACEMENT_3D('',#5742,#4544,#4545);
#3701=AXIS2_PLACEMENT_3D('',#5746,#4548,#4549);
#3702=AXIS2_PLACEMENT_3D('',#5752,#4553,#4554);
#3703=AXIS2_PLACEMENT_3D('',#5754,#4556,#4557);
#3704=AXIS2_PLACEMENT_3D('',#5758,#4560,#4561);
#3705=AXIS2_PLACEMENT_3D('',#5759,#4562,#4563);
#3706=AXIS2_PLACEMENT_3D('',#5761,#4564,#4565);
#3707=AXIS2_PLACEMENT_3D('',#5762,#4566,#4567);
#3708=AXIS2_PLACEMENT_3D('',#5763,#4568,#4569);
#3709=AXIS2_PLACEMENT_3D('',#5764,#4570,#4571);
#3710=AXIS2_PLACEMENT_3D('',#5765,#4572,#4573);
#3711=AXIS2_PLACEMENT_3D('',#5766,#4574,#4575);
#3712=AXIS2_PLACEMENT_3D('',#5767,#4576,#4577);
#3713=AXIS2_PLACEMENT_3D('',#5768,#4578,#4579);
#3714=AXIS2_PLACEMENT_3D('',#5769,#4580,#4581);
#3715=AXIS2_PLACEMENT_3D('',#5770,#4582,#4583);
#3716=AXIS2_PLACEMENT_3D('',#5771,#4584,#4585);
#3717=AXIS2_PLACEMENT_3D('',#5772,#4586,#4587);
#3718=AXIS2_PLACEMENT_3D('',#5773,#4588,#4589);
#3719=AXIS2_PLACEMENT_3D('',#5774,#4590,#4591);
#3720=AXIS2_PLACEMENT_3D('',#5775,#4592,#4593);
#3721=AXIS2_PLACEMENT_3D('',#5776,#4594,#4595);
#3722=AXIS2_PLACEMENT_3D('',#5777,#4596,#4597);
#3723=AXIS2_PLACEMENT_3D('',#5778,#4598,#4599);
#3724=AXIS2_PLACEMENT_3D('',#5779,#4600,#4601);
#3725=AXIS2_PLACEMENT_3D('',#5780,#4602,#4603);
#3726=AXIS2_PLACEMENT_3D('',#5781,#4604,#4605);
#3727=AXIS2_PLACEMENT_3D('',#5782,#4606,#4607);
#3728=AXIS2_PLACEMENT_3D('',#5783,#4608,#4609);
#3729=AXIS2_PLACEMENT_3D('',#5784,#4610,#4611);
#3730=AXIS2_PLACEMENT_3D('',#5785,#4612,#4613);
#3731=AXIS2_PLACEMENT_3D('',#5786,#4614,#4615);
#3732=AXIS2_PLACEMENT_3D('',#5787,#4616,#4617);
#3733=AXIS2_PLACEMENT_3D('',#5788,#4618,#4619);
#3734=AXIS2_PLACEMENT_3D('',#5789,#4620,#4621);
#3735=AXIS2_PLACEMENT_3D('',#5790,#4622,#4623);
#3736=AXIS2_PLACEMENT_3D('',#5791,#4624,#4625);
#3737=AXIS2_PLACEMENT_3D('',#5792,#4626,#4627);
#3738=AXIS2_PLACEMENT_3D('',#5793,#4628,#4629);
#3739=AXIS2_PLACEMENT_3D('',#5794,#4630,#4631);
#3740=AXIS2_PLACEMENT_3D('',#5795,#4632,#4633);
#3741=AXIS2_PLACEMENT_3D('',#5796,#4634,#4635);
#3742=AXIS2_PLACEMENT_3D('',#5797,#4636,#4637);
#3743=AXIS2_PLACEMENT_3D('',#5798,#4638,#4639);
#3744=AXIS2_PLACEMENT_3D('',#5799,#4640,#4641);
#3745=AXIS2_PLACEMENT_3D('',#5800,#4642,#4643);
#3746=AXIS2_PLACEMENT_3D('',#5801,#4644,#4645);
#3747=AXIS2_PLACEMENT_3D('',#5802,#4646,#4647);
#3748=AXIS2_PLACEMENT_3D('',#5803,#4648,#4649);
#3749=AXIS2_PLACEMENT_3D('',#5804,#4650,#4651);
#3750=AXIS2_PLACEMENT_3D('',#5805,#4652,#4653);
#3751=AXIS2_PLACEMENT_3D('',#5806,#4654,#4655);
#3752=AXIS2_PLACEMENT_3D('',#5807,#4656,#4657);
#3753=AXIS2_PLACEMENT_3D('',#5808,#4658,#4659);
#3754=AXIS2_PLACEMENT_3D('',#5809,#4660,#4661);
#3755=AXIS2_PLACEMENT_3D('',#5810,#4662,#4663);
#3756=AXIS2_PLACEMENT_3D('',#5811,#4664,#4665);
#3757=AXIS2_PLACEMENT_3D('',#5812,#4666,#4667);
#3758=AXIS2_PLACEMENT_3D('',#5813,#4668,#4669);
#3759=AXIS2_PLACEMENT_3D('',#5814,#4670,#4671);
#3760=AXIS2_PLACEMENT_3D('',#5815,#4672,#4673);
#3761=AXIS2_PLACEMENT_3D('',#5816,#4674,#4675);
#3762=AXIS2_PLACEMENT_3D('',#5817,#4676,#4677);
#3763=AXIS2_PLACEMENT_3D('',#5818,#4678,#4679);
#3764=AXIS2_PLACEMENT_3D('',#5819,#4680,#4681);
#3765=AXIS2_PLACEMENT_3D('',#5820,#4682,#4683);
#3766=AXIS2_PLACEMENT_3D('',#5821,#4684,#4685);
#3767=AXIS2_PLACEMENT_3D('',#5822,#4686,#4687);
#3768=AXIS2_PLACEMENT_3D('',#5823,#4688,#4689);
#3769=AXIS2_PLACEMENT_3D('',#5824,#4690,#4691);
#3770=AXIS2_PLACEMENT_3D('',#5825,#4692,#4693);
#3771=AXIS2_PLACEMENT_3D('',#5826,#4694,#4695);
#3772=AXIS2_PLACEMENT_3D('',#5827,#4696,#4697);
#3773=AXIS2_PLACEMENT_3D('',#5828,#4698,#4699);
#3774=AXIS2_PLACEMENT_3D('',#5829,#4700,#4701);
#3775=AXIS2_PLACEMENT_3D('',#5830,#4702,#4703);
#3776=AXIS2_PLACEMENT_3D('',#5831,#4704,#4705);
#3777=AXIS2_PLACEMENT_3D('',#5832,#4706,#4707);
#3778=AXIS2_PLACEMENT_3D('',#5833,#4708,#4709);
#3779=AXIS2_PLACEMENT_3D('',#5834,#4710,#4711);
#3780=AXIS2_PLACEMENT_3D('',#5835,#4712,#4713);
#3781=AXIS2_PLACEMENT_3D('',#5836,#4714,#4715);
#3782=AXIS2_PLACEMENT_3D('',#5837,#4716,#4717);
#3783=AXIS2_PLACEMENT_3D('',#5838,#4718,#4719);
#3784=AXIS2_PLACEMENT_3D('',#5839,#4720,#4721);
#3785=AXIS2_PLACEMENT_3D('',#5840,#4722,#4723);
#3786=AXIS2_PLACEMENT_3D('',#5841,#4724,#4725);
#3787=AXIS2_PLACEMENT_3D('',#5842,#4726,#4727);
#3788=AXIS2_PLACEMENT_3D('',#5843,#4728,#4729);
#3789=AXIS2_PLACEMENT_3D('',#5844,#4730,#4731);
#3790=AXIS2_PLACEMENT_3D('',#5845,#4732,#4733);
#3791=AXIS2_PLACEMENT_3D('',#5846,#4734,#4735);
#3792=AXIS2_PLACEMENT_3D('',#5847,#4736,#4737);
#3793=AXIS2_PLACEMENT_3D('',#5848,#4738,#4739);
#3794=AXIS2_PLACEMENT_3D('',#5849,#4740,#4741);
#3795=AXIS2_PLACEMENT_3D('',#5850,#4742,#4743);
#3796=AXIS2_PLACEMENT_3D('',#5851,#4744,#4745);
#3797=AXIS2_PLACEMENT_3D('',#5852,#4746,#4747);
#3798=AXIS2_PLACEMENT_3D('',#5853,#4748,#4749);
#3799=AXIS2_PLACEMENT_3D('',#5854,#4750,#4751);
#3800=AXIS2_PLACEMENT_3D('',#5855,#4752,#4753);
#3801=AXIS2_PLACEMENT_3D('',#5856,#4754,#4755);
#3802=AXIS2_PLACEMENT_3D('',#5857,#4756,#4757);
#3803=AXIS2_PLACEMENT_3D('',#5858,#4758,#4759);
#3804=AXIS2_PLACEMENT_3D('',#5859,#4760,#4761);
#3805=AXIS2_PLACEMENT_3D('',#5860,#4762,#4763);
#3806=AXIS2_PLACEMENT_3D('',#5861,#4764,#4765);
#3807=AXIS2_PLACEMENT_3D('',#5862,#4766,#4767);
#3808=AXIS2_PLACEMENT_3D('',#5863,#4768,#4769);
#3809=AXIS2_PLACEMENT_3D('',#5864,#4770,#4771);
#3810=AXIS2_PLACEMENT_3D('',#5865,#4772,#4773);
#3811=AXIS2_PLACEMENT_3D('',#5866,#4774,#4775);
#3812=AXIS2_PLACEMENT_3D('',#5867,#4776,#4777);
#3813=AXIS2_PLACEMENT_3D('',#5868,#4778,#4779);
#3814=AXIS2_PLACEMENT_3D('',#5869,#4780,#4781);
#3815=AXIS2_PLACEMENT_3D('',#5870,#4782,#4783);
#3816=AXIS2_PLACEMENT_3D('',#5871,#4784,#4785);
#3817=AXIS2_PLACEMENT_3D('',#5872,#4786,#4787);
#3818=AXIS2_PLACEMENT_3D('',#5873,#4788,#4789);
#3819=AXIS2_PLACEMENT_3D('',#5874,#4790,#4791);
#3820=AXIS2_PLACEMENT_3D('',#5875,#4792,#4793);
#3821=AXIS2_PLACEMENT_3D('',#5876,#4794,#4795);
#3822=AXIS2_PLACEMENT_3D('',#5877,#4796,#4797);
#3823=AXIS2_PLACEMENT_3D('',#5878,#4798,#4799);
#3824=AXIS2_PLACEMENT_3D('',#5879,#4800,#4801);
#3825=AXIS2_PLACEMENT_3D('',#5880,#4802,#4803);
#3826=AXIS2_PLACEMENT_3D('',#5881,#4804,#4805);
#3827=AXIS2_PLACEMENT_3D('',#5882,#4806,#4807);
#3828=AXIS2_PLACEMENT_3D('',#5883,#4808,#4809);
#3829=AXIS2_PLACEMENT_3D('',#5884,#4810,#4811);
#3830=AXIS2_PLACEMENT_3D('',#5885,#4812,#4813);
#3831=AXIS2_PLACEMENT_3D('',#5886,#4814,#4815);
#3832=AXIS2_PLACEMENT_3D('',#5887,#4816,#4817);
#3833=AXIS2_PLACEMENT_3D('',#5888,#4818,#4819);
#3834=AXIS2_PLACEMENT_3D('',#5889,#4820,#4821);
#3835=AXIS2_PLACEMENT_3D('',#5890,#4822,#4823);
#3836=AXIS2_PLACEMENT_3D('',#5891,#4824,#4825);
#3837=AXIS2_PLACEMENT_3D('',#5892,#4826,#4827);
#3838=AXIS2_PLACEMENT_3D('',#5893,#4828,#4829);
#3839=AXIS2_PLACEMENT_3D('',#5894,#4830,#4831);
#3840=AXIS2_PLACEMENT_3D('',#5895,#4832,#4833);
#3841=AXIS2_PLACEMENT_3D('',#5896,#4834,#4835);
#3842=AXIS2_PLACEMENT_3D('',#5897,#4836,#4837);
#3843=AXIS2_PLACEMENT_3D('',#5898,#4838,#4839);
#3844=AXIS2_PLACEMENT_3D('',#5899,#4840,#4841);
#3845=AXIS2_PLACEMENT_3D('',#5900,#4842,#4843);
#3846=AXIS2_PLACEMENT_3D('',#5901,#4844,#4845);
#3847=AXIS2_PLACEMENT_3D('',#5902,#4846,#4847);
#3848=AXIS2_PLACEMENT_3D('',#5903,#4848,#4849);
#3849=AXIS2_PLACEMENT_3D('',#5904,#4850,#4851);
#3850=AXIS2_PLACEMENT_3D('',#5905,#4852,#4853);
#3851=AXIS2_PLACEMENT_3D('',#5906,#4854,#4855);
#3852=AXIS2_PLACEMENT_3D('',#5907,#4856,#4857);
#3853=AXIS2_PLACEMENT_3D('',#5908,#4858,#4859);
#3854=AXIS2_PLACEMENT_3D('',#5909,#4860,#4861);
#3855=AXIS2_PLACEMENT_3D('',#5910,#4862,#4863);
#3856=AXIS2_PLACEMENT_3D('',#5911,#4864,#4865);
#3857=AXIS2_PLACEMENT_3D('',#5912,#4866,#4867);
#3858=AXIS2_PLACEMENT_3D('',#5913,#4868,#4869);
#3859=AXIS2_PLACEMENT_3D('',#5914,#4870,#4871);
#3860=AXIS2_PLACEMENT_3D('',#5915,#4872,#4873);
#3861=AXIS2_PLACEMENT_3D('',#5916,#4874,#4875);
#3862=AXIS2_PLACEMENT_3D('',#5917,#4876,#4877);
#3863=AXIS2_PLACEMENT_3D('',#5918,#4878,#4879);
#3864=AXIS2_PLACEMENT_3D('',#5919,#4880,#4881);
#3865=AXIS2_PLACEMENT_3D('',#5920,#4882,#4883);
#3866=AXIS2_PLACEMENT_3D('',#5921,#4884,#4885);
#3867=AXIS2_PLACEMENT_3D('',#5922,#4886,#4887);
#3868=AXIS2_PLACEMENT_3D('',#5928,#4891,#4892);
#3869=AXIS2_PLACEMENT_3D('',#5932,#4895,#4896);
#3870=AXIS2_PLACEMENT_3D('',#5934,#4898,#4899);
#3871=DIRECTION('',(0.,0.,1.));
#3872=DIRECTION('',(1.,0.,0.));
#3873=DIRECTION('',(0.,0.,1.));
#3874=DIRECTION('',(1.,0.,0.));
#3875=DIRECTION('',(0.,0.,1.));
#3876=DIRECTION('',(1.,0.,0.));
#3877=DIRECTION('',(0.,0.,1.));
#3878=DIRECTION('',(1.,0.,0.));
#3879=DIRECTION('',(5.06488606124616E-16,-1.,0.));
#3880=DIRECTION('',(1.,0.,0.));
#3881=DIRECTION('',(0.,0.,1.));
#3882=DIRECTION('',(1.,0.,0.));
#3883=DIRECTION('',(1.,0.,0.));
#3884=DIRECTION('',(0.,0.,1.));
#3885=DIRECTION('',(1.,0.,0.));
#3886=DIRECTION('',(1.,0.,0.));
#3887=DIRECTION('',(0.,0.,1.));
#3888=DIRECTION('',(1.,0.,0.));
#3889=DIRECTION('',(1.,0.,0.));
#3890=DIRECTION('',(0.,0.,1.));
#3891=DIRECTION('',(1.,0.,0.));
#3892=DIRECTION('',(1.,0.,0.));
#3893=DIRECTION('',(0.,0.,1.));
#3894=DIRECTION('',(1.,0.,0.));
#3895=DIRECTION('',(1.,0.,0.));
#3896=DIRECTION('',(0.,0.,1.));
#3897=DIRECTION('',(1.,0.,0.));
#3898=DIRECTION('',(1.,0.,0.));
#3899=DIRECTION('',(0.,0.,1.));
#3900=DIRECTION('',(1.,0.,0.));
#3901=DIRECTION('',(1.,0.,0.));
#3902=DIRECTION('',(0.,0.,1.));
#3903=DIRECTION('',(1.,0.,0.));
#3904=DIRECTION('',(1.,0.,0.));
#3905=DIRECTION('',(0.,0.,1.));
#3906=DIRECTION('',(1.,0.,0.));
#3907=DIRECTION('',(1.,0.,0.));
#3908=DIRECTION('',(0.,0.,1.));
#3909=DIRECTION('',(1.,0.,0.));
#3910=DIRECTION('',(1.,0.,0.));
#3911=DIRECTION('',(0.,0.,1.));
#3912=DIRECTION('',(1.,0.,0.));
#3913=DIRECTION('',(1.,0.,0.));
#3914=DIRECTION('',(0.,0.,1.));
#3915=DIRECTION('',(1.,0.,0.));
#3916=DIRECTION('',(1.,0.,0.));
#3917=DIRECTION('',(0.,0.,1.));
#3918=DIRECTION('',(1.,0.,0.));
#3919=DIRECTION('',(1.,0.,0.));
#3920=DIRECTION('',(0.,0.,1.));
#3921=DIRECTION('',(1.,0.,0.));
#3922=DIRECTION('',(1.,0.,0.));
#3923=DIRECTION('',(0.,0.,1.));
#3924=DIRECTION('',(1.,0.,0.));
#3925=DIRECTION('',(1.,0.,0.));
#3926=DIRECTION('',(0.,0.,1.));
#3927=DIRECTION('',(1.,0.,0.));
#3928=DIRECTION('',(1.,0.,0.));
#3929=DIRECTION('',(0.,0.,1.));
#3930=DIRECTION('',(1.,0.,0.));
#3931=DIRECTION('',(1.,0.,0.));
#3932=DIRECTION('',(0.,0.,1.));
#3933=DIRECTION('',(1.,0.,0.));
#3934=DIRECTION('',(1.,0.,0.));
#3935=DIRECTION('',(0.,0.,1.));
#3936=DIRECTION('',(1.,0.,0.));
#3937=DIRECTION('',(1.,0.,0.));
#3938=DIRECTION('',(0.,0.,1.));
#3939=DIRECTION('',(1.,0.,0.));
#3940=DIRECTION('',(1.,0.,0.));
#3941=DIRECTION('',(0.,0.,1.));
#3942=DIRECTION('',(1.,0.,0.));
#3943=DIRECTION('',(1.,0.,0.));
#3944=DIRECTION('',(0.,0.,1.));
#3945=DIRECTION('',(1.,0.,0.));
#3946=DIRECTION('',(1.,0.,0.));
#3947=DIRECTION('',(0.,0.,1.));
#3948=DIRECTION('',(1.,0.,0.));
#3949=DIRECTION('',(1.,0.,0.));
#3950=DIRECTION('',(0.,0.,1.));
#3951=DIRECTION('',(1.,0.,0.));
#3952=DIRECTION('',(1.,0.,0.));
#3953=DIRECTION('',(0.,0.,1.));
#3954=DIRECTION('',(1.,0.,0.));
#3955=DIRECTION('',(1.,0.,0.));
#3956=DIRECTION('',(0.,0.,1.));
#3957=DIRECTION('',(1.,0.,0.));
#3958=DIRECTION('',(1.,0.,0.));
#3959=DIRECTION('',(0.,0.,1.));
#3960=DIRECTION('',(1.,0.,0.));
#3961=DIRECTION('',(1.,0.,0.));
#3962=DIRECTION('',(0.,0.,1.));
#3963=DIRECTION('',(1.,0.,0.));
#3964=DIRECTION('',(1.,0.,0.));
#3965=DIRECTION('',(0.,0.,1.));
#3966=DIRECTION('',(1.,0.,0.));
#3967=DIRECTION('',(1.,0.,0.));
#3968=DIRECTION('',(0.,0.,1.));
#3969=DIRECTION('',(1.,0.,0.));
#3970=DIRECTION('',(1.,0.,0.));
#3971=DIRECTION('',(0.,0.,1.));
#3972=DIRECTION('',(1.,0.,0.));
#3973=DIRECTION('',(1.,0.,0.));
#3974=DIRECTION('',(0.,0.,1.));
#3975=DIRECTION('',(1.,0.,0.));
#3976=DIRECTION('',(1.,0.,0.));
#3977=DIRECTION('',(0.,0.,1.));
#3978=DIRECTION('',(1.,0.,0.));
#3979=DIRECTION('',(1.,0.,0.));
#3980=DIRECTION('',(0.,0.,1.));
#3981=DIRECTION('',(1.,0.,0.));
#3982=DIRECTION('',(1.,0.,0.));
#3983=DIRECTION('',(0.,0.,1.));
#3984=DIRECTION('',(1.,0.,0.));
#3985=DIRECTION('',(1.,0.,0.));
#3986=DIRECTION('',(0.,0.,1.));
#3987=DIRECTION('',(1.,0.,0.));
#3988=DIRECTION('',(1.,0.,0.));
#3989=DIRECTION('',(0.,0.,1.));
#3990=DIRECTION('',(1.,0.,0.));
#3991=DIRECTION('',(1.,0.,0.));
#3992=DIRECTION('',(0.,0.,1.));
#3993=DIRECTION('',(1.,0.,0.));
#3994=DIRECTION('',(1.,0.,0.));
#3995=DIRECTION('',(-3.55840713020884E-16,1.,0.));
#3996=DIRECTION('',(0.,0.,1.));
#3997=DIRECTION('',(1.,0.,0.));
#3998=DIRECTION('',(-3.55840713020884E-16,1.,0.));
#3999=DIRECTION('',(0.,0.,1.));
#4000=DIRECTION('',(1.,0.,0.));
#4001=DIRECTION('',(-3.55840713020884E-16,1.,0.));
#4002=DIRECTION('',(0.,0.,1.));
#4003=DIRECTION('',(1.,0.,0.));
#4004=DIRECTION('',(-3.55840713020884E-16,1.,0.));
#4005=DIRECTION('',(0.,0.,1.));
#4006=DIRECTION('',(1.,0.,0.));
#4007=DIRECTION('',(-3.55840713020884E-16,1.,0.));
#4008=DIRECTION('',(0.,0.,1.));
#4009=DIRECTION('',(1.,0.,0.));
#4010=DIRECTION('',(-3.55840713020884E-16,1.,0.));
#4011=DIRECTION('',(0.,0.,1.));
#4012=DIRECTION('',(1.,0.,0.));
#4013=DIRECTION('',(-3.55840713020884E-16,1.,0.));
#4014=DIRECTION('',(-1.,-1.17608371252665E-16,0.));
#4015=DIRECTION('',(0.,0.,1.));
#4016=DIRECTION('',(1.,0.,0.));
#4017=DIRECTION('',(-1.,-1.17608371252665E-16,0.));
#4018=DIRECTION('',(0.,0.,1.));
#4019=DIRECTION('',(1.,0.,0.));
#4020=DIRECTION('',(-1.,-1.17608371252665E-16,0.));
#4021=DIRECTION('',(0.,0.,1.));
#4022=DIRECTION('',(1.,0.,0.));
#4023=DIRECTION('',(-1.,-1.17608371252665E-16,0.));
#4024=DIRECTION('',(0.,0.,1.));
#4025=DIRECTION('',(1.,0.,0.));
#4026=DIRECTION('',(-1.,-1.17608371252665E-16,0.));
#4027=DIRECTION('',(0.,0.,1.));
#4028=DIRECTION('',(1.,0.,0.));
#4029=DIRECTION('',(-1.,-1.17608371252665E-16,0.));
#4030=DIRECTION('',(0.,0.,1.));
#4031=DIRECTION('',(1.,0.,0.));
#4032=DIRECTION('',(-1.,-1.17608371252665E-16,0.));
#4033=DIRECTION('',(0.,0.,1.));
#4034=DIRECTION('',(1.,0.,0.));
#4035=DIRECTION('',(-1.,-1.17608371252665E-16,0.));
#4036=DIRECTION('',(0.,0.,1.));
#4037=DIRECTION('',(1.,0.,0.));
#4038=DIRECTION('',(-1.,-1.17608371252665E-16,0.));
#4039=DIRECTION('',(0.,0.,1.));
#4040=DIRECTION('',(1.,0.,0.));
#4041=DIRECTION('',(-1.,-1.17608371252665E-16,0.));
#4042=DIRECTION('',(0.,1.,0.));
#4043=DIRECTION('',(-1.,-1.41899670836549E-16,0.));
#4044=DIRECTION('',(0.,0.,1.));
#4045=DIRECTION('',(1.,0.,0.));
#4046=DIRECTION('',(-1.,-1.41899670836549E-16,0.));
#4047=DIRECTION('',(0.,0.,1.));
#4048=DIRECTION('',(1.,0.,0.));
#4049=DIRECTION('',(-1.,-1.41899670836549E-16,0.));
#4050=DIRECTION('',(0.,0.,1.));
#4051=DIRECTION('',(1.,0.,0.));
#4052=DIRECTION('',(-1.,-1.41899670836549E-16,0.));
#4053=DIRECTION('',(0.,0.,1.));
#4054=DIRECTION('',(1.,0.,0.));
#4055=DIRECTION('',(-1.,-1.41899670836549E-16,0.));
#4056=DIRECTION('',(0.,0.,1.));
#4057=DIRECTION('',(1.,0.,0.));
#4058=DIRECTION('',(-1.,-1.41899670836549E-16,0.));
#4059=DIRECTION('',(0.,0.,1.));
#4060=DIRECTION('',(1.,0.,0.));
#4061=DIRECTION('',(-1.,-1.41899670836549E-16,0.));
#4062=DIRECTION('',(0.,0.,1.));
#4063=DIRECTION('',(1.,0.,0.));
#4064=DIRECTION('',(-1.,-1.41899670836549E-16,0.));
#4065=DIRECTION('',(0.,0.,1.));
#4066=DIRECTION('',(1.,0.,0.));
#4067=DIRECTION('',(-1.,-1.41899670836549E-16,0.));
#4068=DIRECTION('',(0.,0.,1.));
#4069=DIRECTION('',(1.,0.,0.));
#4070=DIRECTION('',(-1.,-1.41899670836549E-16,0.));
#4071=DIRECTION('',(0.,0.,1.));
#4072=DIRECTION('',(1.,0.,0.));
#4073=DIRECTION('',(-1.,-1.41899670836549E-16,0.));
#4074=DIRECTION('',(0.,0.,1.));
#4075=DIRECTION('',(1.,0.,0.));
#4076=DIRECTION('',(-1.,-1.41899670836549E-16,0.));
#4077=DIRECTION('',(0.,0.,1.));
#4078=DIRECTION('',(1.,0.,0.));
#4079=DIRECTION('',(-1.,-1.41899670836549E-16,0.));
#4080=DIRECTION('',(0.,0.,1.));
#4081=DIRECTION('',(1.,0.,0.));
#4082=DIRECTION('',(-1.,-1.41899670836549E-16,0.));
#4083=DIRECTION('',(0.,0.,1.));
#4084=DIRECTION('',(1.,0.,0.));
#4085=DIRECTION('',(-1.,-1.41899670836549E-16,0.));
#4086=DIRECTION('',(0.,0.,1.));
#4087=DIRECTION('',(1.,0.,0.));
#4088=DIRECTION('',(-1.,-1.41899670836549E-16,0.));
#4089=DIRECTION('',(0.,0.,1.));
#4090=DIRECTION('',(1.,0.,0.));
#4091=DIRECTION('',(-1.,-1.41899670836549E-16,0.));
#4092=DIRECTION('',(4.13029399042097E-16,-1.,0.));
#4093=DIRECTION('',(0.,0.,1.));
#4094=DIRECTION('',(1.,0.,0.));
#4095=DIRECTION('',(4.13029399042097E-16,-1.,0.));
#4096=DIRECTION('',(0.,0.,1.));
#4097=DIRECTION('',(1.,0.,0.));
#4098=DIRECTION('',(4.13029399042097E-16,-1.,0.));
#4099=DIRECTION('',(-0.950548766960559,-0.310575339699985,0.));
#4100=DIRECTION('',(5.06488606124616E-16,-1.,0.));
#4101=DIRECTION('',(0.,0.,1.));
#4102=DIRECTION('',(1.,0.,0.));
#4103=DIRECTION('',(5.06488606124616E-16,-1.,0.));
#4104=DIRECTION('',(0.,0.,1.));
#4105=DIRECTION('',(1.,0.,0.));
#4106=DIRECTION('',(5.06488606124616E-16,-1.,0.));
#4107=DIRECTION('',(0.,0.,1.));
#4108=DIRECTION('',(1.,0.,0.));
#4109=DIRECTION('',(5.06488606124616E-16,-1.,0.));
#4110=DIRECTION('',(0.,0.,1.));
#4111=DIRECTION('',(1.,0.,0.));
#4112=DIRECTION('',(5.06488606124616E-16,-1.,0.));
#4113=DIRECTION('',(0.,0.,1.));
#4114=DIRECTION('',(1.,0.,0.));
#4115=DIRECTION('',(5.06488606124616E-16,-1.,0.));
#4116=DIRECTION('',(0.,0.,1.));
#4117=DIRECTION('',(1.,0.,0.));
#4118=DIRECTION('',(5.06488606124616E-16,-1.,0.));
#4119=DIRECTION('',(0.,0.,1.));
#4120=DIRECTION('',(1.,0.,0.));
#4121=DIRECTION('',(5.06488606124616E-16,-1.,0.));
#4122=DIRECTION('',(0.,0.,1.));
#4123=DIRECTION('',(1.,0.,0.));
#4124=DIRECTION('',(5.06488606124616E-16,-1.,0.));
#4125=DIRECTION('',(0.,-1.,0.));
#4126=DIRECTION('',(-0.8,0.6,0.));
#4127=DIRECTION('',(0.8,0.6,0.));
#4128=DIRECTION('',(1.,5.06488606124616E-16,0.));
#4129=DIRECTION('',(-5.06488606124616E-16,1.,0.));
#4130=DIRECTION('',(5.06488606124616E-16,-1.,0.));
#4131=DIRECTION('',(0.,0.,1.));
#4132=DIRECTION('',(0.,0.,1.));
#4133=DIRECTION('',(1.,5.06488606124616E-16,0.));
#4134=DIRECTION('',(-5.06488606124616E-16,1.,0.));
#4135=DIRECTION('',(5.06488606124616E-16,-1.,0.));
#4136=DIRECTION('',(0.,0.,1.));
#4137=DIRECTION('',(0.,0.,1.));
#4138=DIRECTION('',(1.,5.06488606124616E-16,0.));
#4139=DIRECTION('',(-5.06488606124616E-16,1.,0.));
#4140=DIRECTION('',(5.06488606124616E-16,-1.,0.));
#4141=DIRECTION('',(0.,0.,1.));
#4142=DIRECTION('',(0.,0.,1.));
#4143=DIRECTION('',(1.,5.06488606124616E-16,0.));
#4144=DIRECTION('',(-5.06488606124616E-16,1.,0.));
#4145=DIRECTION('',(5.06488606124616E-16,-1.,0.));
#4146=DIRECTION('',(0.,0.,1.));
#4147=DIRECTION('',(0.,0.,1.));
#4148=DIRECTION('',(1.,5.06488606124616E-16,0.));
#4149=DIRECTION('',(-5.06488606124616E-16,1.,0.));
#4150=DIRECTION('',(5.06488606124616E-16,-1.,0.));
#4151=DIRECTION('',(0.,0.,1.));
#4152=DIRECTION('',(0.,0.,1.));
#4153=DIRECTION('',(1.,5.06488606124616E-16,0.));
#4154=DIRECTION('',(-5.06488606124616E-16,1.,0.));
#4155=DIRECTION('',(5.06488606124616E-16,-1.,0.));
#4156=DIRECTION('',(0.,0.,1.));
#4157=DIRECTION('',(0.,0.,1.));
#4158=DIRECTION('',(1.,5.06488606124616E-16,0.));
#4159=DIRECTION('',(-5.06488606124616E-16,1.,0.));
#4160=DIRECTION('',(5.06488606124616E-16,-1.,0.));
#4161=DIRECTION('',(0.,0.,1.));
#4162=DIRECTION('',(0.,0.,1.));
#4163=DIRECTION('',(1.,5.06488606124616E-16,0.));
#4164=DIRECTION('',(-5.06488606124616E-16,1.,0.));
#4165=DIRECTION('',(5.06488606124616E-16,-1.,0.));
#4166=DIRECTION('',(0.,0.,1.));
#4167=DIRECTION('',(0.,0.,1.));
#4168=DIRECTION('',(1.,5.06488606124616E-16,0.));
#4169=DIRECTION('',(-5.06488606124616E-16,1.,0.));
#4170=DIRECTION('',(5.06488606124616E-16,-1.,0.));
#4171=DIRECTION('',(0.,0.,1.));
#4172=DIRECTION('',(0.,0.,-1.));
#4173=DIRECTION('',(1.,4.13029399042097E-16,0.));
#4174=DIRECTION('',(-4.13029399042097E-16,1.,0.));
#4175=DIRECTION('',(4.13029399042097E-16,-1.,0.));
#4176=DIRECTION('',(0.,0.,1.));
#4177=DIRECTION('',(0.,0.,1.));
#4178=DIRECTION('',(1.,4.13029399042097E-16,0.));
#4179=DIRECTION('',(-4.13029399042097E-16,1.,0.));
#4180=DIRECTION('',(4.13029399042097E-16,-1.,0.));
#4181=DIRECTION('',(0.,0.,1.));
#4182=DIRECTION('',(0.,0.,-1.));
#4183=DIRECTION('',(1.41899670836549E-16,-1.,0.));
#4184=DIRECTION('',(1.,1.41899670836549E-16,0.));
#4185=DIRECTION('',(-1.,-1.41899670836549E-16,0.));
#4186=DIRECTION('',(0.,0.,1.));
#4187=DIRECTION('',(0.,0.,-1.));
#4188=DIRECTION('',(1.41899670836549E-16,-1.,0.));
#4189=DIRECTION('',(1.,1.41899670836549E-16,0.));
#4190=DIRECTION('',(0.,0.,1.));
#4191=DIRECTION('',(-1.,-1.41899670836549E-16,0.));
#4192=DIRECTION('',(0.,0.,1.));
#4193=DIRECTION('',(1.41899670836549E-16,-1.,0.));
#4194=DIRECTION('',(1.,1.41899670836549E-16,0.));
#4195=DIRECTION('',(0.,0.,1.));
#4196=DIRECTION('',(-1.,-1.41899670836549E-16,0.));
#4197=DIRECTION('',(0.,0.,1.));
#4198=DIRECTION('',(1.41899670836549E-16,-1.,0.));
#4199=DIRECTION('',(1.,1.41899670836549E-16,0.));
#4200=DIRECTION('',(0.,0.,1.));
#4201=DIRECTION('',(-1.,-1.41899670836549E-16,0.));
#4202=DIRECTION('',(0.,0.,1.));
#4203=DIRECTION('',(1.41899670836549E-16,-1.,0.));
#4204=DIRECTION('',(1.,1.41899670836549E-16,0.));
#4205=DIRECTION('',(0.,0.,1.));
#4206=DIRECTION('',(-1.,-1.41899670836549E-16,0.));
#4207=DIRECTION('',(0.,0.,1.));
#4208=DIRECTION('',(1.41899670836549E-16,-1.,0.));
#4209=DIRECTION('',(1.,1.41899670836549E-16,0.));
#4210=DIRECTION('',(0.,0.,1.));
#4211=DIRECTION('',(-1.,-1.41899670836549E-16,0.));
#4212=DIRECTION('',(0.,0.,1.));
#4213=DIRECTION('',(1.41899670836549E-16,-1.,0.));
#4214=DIRECTION('',(1.,1.41899670836549E-16,0.));
#4215=DIRECTION('',(0.,0.,1.));
#4216=DIRECTION('',(-1.,-1.41899670836549E-16,0.));
#4217=DIRECTION('',(0.,0.,1.));
#4218=DIRECTION('',(1.41899670836549E-16,-1.,0.));
#4219=DIRECTION('',(1.,1.41899670836549E-16,0.));
#4220=DIRECTION('',(0.,0.,1.));
#4221=DIRECTION('',(-1.,-1.41899670836549E-16,0.));
#4222=DIRECTION('',(0.,0.,1.));
#4223=DIRECTION('',(1.41899670836549E-16,-1.,0.));
#4224=DIRECTION('',(1.,1.41899670836549E-16,0.));
#4225=DIRECTION('',(0.,0.,1.));
#4226=DIRECTION('',(-1.,-1.41899670836549E-16,0.));
#4227=DIRECTION('',(0.,0.,1.));
#4228=DIRECTION('',(1.41899670836549E-16,-1.,0.));
#4229=DIRECTION('',(1.,1.41899670836549E-16,0.));
#4230=DIRECTION('',(0.,0.,1.));
#4231=DIRECTION('',(-1.,-1.41899670836549E-16,0.));
#4232=DIRECTION('',(0.,0.,1.));
#4233=DIRECTION('',(1.41899670836549E-16,-1.,0.));
#4234=DIRECTION('',(1.,1.41899670836549E-16,0.));
#4235=DIRECTION('',(0.,0.,1.));
#4236=DIRECTION('',(-1.,-1.41899670836549E-16,0.));
#4237=DIRECTION('',(0.,0.,1.));
#4238=DIRECTION('',(1.41899670836549E-16,-1.,0.));
#4239=DIRECTION('',(1.,1.41899670836549E-16,0.));
#4240=DIRECTION('',(0.,0.,1.));
#4241=DIRECTION('',(-1.,-1.41899670836549E-16,0.));
#4242=DIRECTION('',(0.,0.,1.));
#4243=DIRECTION('',(1.41899670836549E-16,-1.,0.));
#4244=DIRECTION('',(1.,1.41899670836549E-16,0.));
#4245=DIRECTION('',(0.,0.,1.));
#4246=DIRECTION('',(-1.,-1.41899670836549E-16,0.));
#4247=DIRECTION('',(0.,0.,1.));
#4248=DIRECTION('',(1.41899670836549E-16,-1.,0.));
#4249=DIRECTION('',(1.,1.41899670836549E-16,0.));
#4250=DIRECTION('',(0.,0.,1.));
#4251=DIRECTION('',(-1.,-1.41899670836549E-16,0.));
#4252=DIRECTION('',(0.,0.,1.));
#4253=DIRECTION('',(1.41899670836549E-16,-1.,0.));
#4254=DIRECTION('',(1.,1.41899670836549E-16,0.));
#4255=DIRECTION('',(0.,0.,1.));
#4256=DIRECTION('',(-1.,-1.41899670836549E-16,0.));
#4257=DIRECTION('',(0.,0.,1.));
#4258=DIRECTION('',(1.41899670836549E-16,-1.,0.));
#4259=DIRECTION('',(1.,1.41899670836549E-16,0.));
#4260=DIRECTION('',(0.,0.,1.));
#4261=DIRECTION('',(-1.,-1.41899670836549E-16,0.));
#4262=DIRECTION('',(0.,0.,1.));
#4263=DIRECTION('',(1.17608371252665E-16,-1.,0.));
#4264=DIRECTION('',(1.,1.17608371252665E-16,0.));
#4265=DIRECTION('',(-1.,-1.17608371252665E-16,0.));
#4266=DIRECTION('',(0.,0.,1.));
#4267=DIRECTION('',(0.,0.,-1.));
#4268=DIRECTION('',(1.17608371252665E-16,-1.,0.));
#4269=DIRECTION('',(1.,1.17608371252665E-16,0.));
#4270=DIRECTION('',(0.,0.,1.));
#4271=DIRECTION('',(-1.,-1.17608371252665E-16,0.));
#4272=DIRECTION('',(0.,0.,1.));
#4273=DIRECTION('',(1.17608371252665E-16,-1.,0.));
#4274=DIRECTION('',(1.,1.17608371252665E-16,0.));
#4275=DIRECTION('',(0.,0.,1.));
#4276=DIRECTION('',(-1.,-1.17608371252665E-16,0.));
#4277=DIRECTION('',(0.,0.,1.));
#4278=DIRECTION('',(1.17608371252665E-16,-1.,0.));
#4279=DIRECTION('',(1.,1.17608371252665E-16,0.));
#4280=DIRECTION('',(0.,0.,1.));
#4281=DIRECTION('',(-1.,-1.17608371252665E-16,0.));
#4282=DIRECTION('',(0.,0.,1.));
#4283=DIRECTION('',(1.17608371252665E-16,-1.,0.));
#4284=DIRECTION('',(1.,1.17608371252665E-16,0.));
#4285=DIRECTION('',(0.,0.,1.));
#4286=DIRECTION('',(-1.,-1.17608371252665E-16,0.));
#4287=DIRECTION('',(0.,0.,1.));
#4288=DIRECTION('',(1.17608371252665E-16,-1.,0.));
#4289=DIRECTION('',(1.,1.17608371252665E-16,0.));
#4290=DIRECTION('',(0.,0.,1.));
#4291=DIRECTION('',(-1.,-1.17608371252665E-16,0.));
#4292=DIRECTION('',(0.,0.,1.));
#4293=DIRECTION('',(1.17608371252665E-16,-1.,0.));
#4294=DIRECTION('',(1.,1.17608371252665E-16,0.));
#4295=DIRECTION('',(0.,0.,1.));
#4296=DIRECTION('',(-1.,-1.17608371252665E-16,0.));
#4297=DIRECTION('',(0.,0.,1.));
#4298=DIRECTION('',(1.17608371252665E-16,-1.,0.));
#4299=DIRECTION('',(1.,1.17608371252665E-16,0.));
#4300=DIRECTION('',(0.,0.,1.));
#4301=DIRECTION('',(-1.,-1.17608371252665E-16,0.));
#4302=DIRECTION('',(0.,0.,1.));
#4303=DIRECTION('',(1.17608371252665E-16,-1.,0.));
#4304=DIRECTION('',(1.,1.17608371252665E-16,0.));
#4305=DIRECTION('',(0.,0.,1.));
#4306=DIRECTION('',(-1.,-1.17608371252665E-16,0.));
#4307=DIRECTION('',(0.,0.,1.));
#4308=DIRECTION('',(-1.,-3.55840713020884E-16,0.));
#4309=DIRECTION('',(3.55840713020884E-16,-1.,0.));
#4310=DIRECTION('',(-3.55840713020884E-16,1.,0.));
#4311=DIRECTION('',(0.,0.,1.));
#4312=DIRECTION('',(0.,0.,-1.));
#4313=DIRECTION('',(-1.,-3.55840713020884E-16,0.));
#4314=DIRECTION('',(3.55840713020884E-16,-1.,0.));
#4315=DIRECTION('',(0.,0.,1.));
#4316=DIRECTION('',(-3.55840713020884E-16,1.,0.));
#4317=DIRECTION('',(0.,0.,1.));
#4318=DIRECTION('',(-1.,-3.55840713020884E-16,0.));
#4319=DIRECTION('',(3.55840713020884E-16,-1.,0.));
#4320=DIRECTION('',(0.,0.,1.));
#4321=DIRECTION('',(-3.55840713020884E-16,1.,0.));
#4322=DIRECTION('',(0.,0.,1.));
#4323=DIRECTION('',(-1.,-3.55840713020884E-16,0.));
#4324=DIRECTION('',(3.55840713020884E-16,-1.,0.));
#4325=DIRECTION('',(0.,0.,1.));
#4326=DIRECTION('',(-3.55840713020884E-16,1.,0.));
#4327=DIRECTION('',(0.,0.,1.));
#4328=DIRECTION('',(-1.,-3.55840713020884E-16,0.));
#4329=DIRECTION('',(3.55840713020884E-16,-1.,0.));
#4330=DIRECTION('',(0.,0.,1.));
#4331=DIRECTION('',(-3.55840713020884E-16,1.,0.));
#4332=DIRECTION('',(0.,0.,1.));
#4333=DIRECTION('',(-1.,-3.55840713020884E-16,0.));
#4334=DIRECTION('',(3.55840713020884E-16,-1.,0.));
#4335=DIRECTION('',(0.,0.,1.));
#4336=DIRECTION('',(-3.55840713020884E-16,1.,0.));
#4337=DIRECTION('',(0.,0.,1.));
#4338=DIRECTION('',(0.,1.,0.));
#4339=DIRECTION('',(0.,0.,1.));
#4340=DIRECTION('',(1.,0.,0.));
#4341=DIRECTION('',(0.,0.,1.));
#4342=DIRECTION('',(0.,0.,1.));
#4343=DIRECTION('',(0.,1.,0.));
#4344=DIRECTION('',(0.,0.,1.));
#4345=DIRECTION('',(1.,0.,0.));
#4346=DIRECTION('',(0.,0.,1.));
#4347=DIRECTION('',(0.,0.,1.));
#4348=DIRECTION('',(0.,1.,0.));
#4349=DIRECTION('',(0.,0.,1.));
#4350=DIRECTION('',(1.,0.,0.));
#4351=DIRECTION('',(0.,0.,1.));
#4352=DIRECTION('',(0.,0.,1.));
#4353=DIRECTION('',(0.,1.,0.));
#4354=DIRECTION('',(0.,0.,1.));
#4355=DIRECTION('',(1.,0.,0.));
#4356=DIRECTION('',(0.,0.,1.));
#4357=DIRECTION('',(0.,0.,1.));
#4358=DIRECTION('',(0.,1.,0.));
#4359=DIRECTION('',(0.,0.,1.));
#4360=DIRECTION('',(1.,0.,0.));
#4361=DIRECTION('',(0.,0.,1.));
#4362=DIRECTION('',(0.,0.,1.));
#4363=DIRECTION('',(0.,1.,0.));
#4364=DIRECTION('',(0.,0.,1.));
#4365=DIRECTION('',(1.,0.,0.));
#4366=DIRECTION('',(0.,0.,1.));
#4367=DIRECTION('',(0.,0.,1.));
#4368=DIRECTION('',(0.,1.,0.));
#4369=DIRECTION('',(0.,0.,1.));
#4370=DIRECTION('',(1.,0.,0.));
#4371=DIRECTION('',(0.,0.,1.));
#4372=DIRECTION('',(0.,0.,1.));
#4373=DIRECTION('',(0.,1.,0.));
#4374=DIRECTION('',(0.,0.,1.));
#4375=DIRECTION('',(1.,0.,0.));
#4376=DIRECTION('',(0.,0.,1.));
#4377=DIRECTION('',(0.,0.,1.));
#4378=DIRECTION('',(0.,1.,0.));
#4379=DIRECTION('',(0.,0.,1.));
#4380=DIRECTION('',(1.,0.,0.));
#4381=DIRECTION('',(0.,0.,1.));
#4382=DIRECTION('',(0.,0.,1.));
#4383=DIRECTION('',(0.,1.,0.));
#4384=DIRECTION('',(0.,0.,1.));
#4385=DIRECTION('',(1.,0.,0.));
#4386=DIRECTION('',(0.,0.,1.));
#4387=DIRECTION('',(0.,0.,1.));
#4388=DIRECTION('',(0.,1.,0.));
#4389=DIRECTION('',(0.,0.,1.));
#4390=DIRECTION('',(1.,0.,0.));
#4391=DIRECTION('',(0.,0.,1.));
#4392=DIRECTION('',(0.,0.,1.));
#4393=DIRECTION('',(0.,1.,0.));
#4394=DIRECTION('',(0.,0.,1.));
#4395=DIRECTION('',(1.,0.,0.));
#4396=DIRECTION('',(0.,0.,1.));
#4397=DIRECTION('',(0.,0.,1.));
#4398=DIRECTION('',(0.,1.,0.));
#4399=DIRECTION('',(0.,0.,1.));
#4400=DIRECTION('',(1.,0.,0.));
#4401=DIRECTION('',(0.,0.,1.));
#4402=DIRECTION('',(0.,0.,1.));
#4403=DIRECTION('',(0.,1.,0.));
#4404=DIRECTION('',(0.,0.,1.));
#4405=DIRECTION('',(1.,0.,0.));
#4406=DIRECTION('',(0.,0.,1.));
#4407=DIRECTION('',(0.,0.,1.));
#4408=DIRECTION('',(0.,1.,0.));
#4409=DIRECTION('',(0.,0.,1.));
#4410=DIRECTION('',(1.,0.,0.));
#4411=DIRECTION('',(0.,0.,1.));
#4412=DIRECTION('',(0.,0.,1.));
#4413=DIRECTION('',(0.,1.,0.));
#4414=DIRECTION('',(0.,0.,1.));
#4415=DIRECTION('',(1.,0.,0.));
#4416=DIRECTION('',(0.,0.,1.));
#4417=DIRECTION('',(0.,0.,1.));
#4418=DIRECTION('',(0.,1.,0.));
#4419=DIRECTION('',(0.,0.,1.));
#4420=DIRECTION('',(1.,0.,0.));
#4421=DIRECTION('',(0.,0.,1.));
#4422=DIRECTION('',(0.,0.,1.));
#4423=DIRECTION('',(0.,1.,0.));
#4424=DIRECTION('',(0.,0.,1.));
#4425=DIRECTION('',(1.,0.,0.));
#4426=DIRECTION('',(0.,0.,1.));
#4427=DIRECTION('',(0.,0.,1.));
#4428=DIRECTION('',(0.,1.,0.));
#4429=DIRECTION('',(0.,0.,1.));
#4430=DIRECTION('',(1.,0.,0.));
#4431=DIRECTION('',(0.,0.,1.));
#4432=DIRECTION('',(0.,0.,1.));
#4433=DIRECTION('',(0.,1.,0.));
#4434=DIRECTION('',(0.,0.,1.));
#4435=DIRECTION('',(1.,0.,0.));
#4436=DIRECTION('',(0.,0.,1.));
#4437=DIRECTION('',(0.,0.,1.));
#4438=DIRECTION('',(0.,1.,0.));
#4439=DIRECTION('',(0.,0.,1.));
#4440=DIRECTION('',(1.,0.,0.));
#4441=DIRECTION('',(0.,0.,1.));
#4442=DIRECTION('',(0.,0.,1.));
#4443=DIRECTION('',(0.,1.,0.));
#4444=DIRECTION('',(0.,0.,1.));
#4445=DIRECTION('',(1.,0.,0.));
#4446=DIRECTION('',(0.,0.,1.));
#4447=DIRECTION('',(0.,0.,1.));
#4448=DIRECTION('',(0.,1.,0.));
#4449=DIRECTION('',(0.,0.,1.));
#4450=DIRECTION('',(1.,0.,0.));
#4451=DIRECTION('',(0.,0.,1.));
#4452=DIRECTION('',(0.,0.,1.));
#4453=DIRECTION('',(0.,1.,0.));
#4454=DIRECTION('',(0.,0.,1.));
#4455=DIRECTION('',(1.,0.,0.));
#4456=DIRECTION('',(0.,0.,1.));
#4457=DIRECTION('',(0.,0.,1.));
#4458=DIRECTION('',(0.,1.,0.));
#4459=DIRECTION('',(0.,0.,1.));
#4460=DIRECTION('',(1.,0.,0.));
#4461=DIRECTION('',(0.,0.,1.));
#4462=DIRECTION('',(0.,0.,1.));
#4463=DIRECTION('',(0.,1.,0.));
#4464=DIRECTION('',(0.,0.,1.));
#4465=DIRECTION('',(1.,0.,0.));
#4466=DIRECTION('',(0.,0.,1.));
#4467=DIRECTION('',(0.,0.,1.));
#4468=DIRECTION('',(0.,1.,0.));
#4469=DIRECTION('',(0.,0.,1.));
#4470=DIRECTION('',(1.,0.,0.));
#4471=DIRECTION('',(0.,0.,1.));
#4472=DIRECTION('',(0.,0.,1.));
#4473=DIRECTION('',(0.,1.,0.));
#4474=DIRECTION('',(0.,0.,1.));
#4475=DIRECTION('',(1.,0.,0.));
#4476=DIRECTION('',(0.,0.,1.));
#4477=DIRECTION('',(0.,0.,1.));
#4478=DIRECTION('',(0.,1.,0.));
#4479=DIRECTION('',(0.,0.,1.));
#4480=DIRECTION('',(1.,0.,0.));
#4481=DIRECTION('',(0.,0.,1.));
#4482=DIRECTION('',(0.,0.,1.));
#4483=DIRECTION('',(0.,1.,0.));
#4484=DIRECTION('',(0.,0.,1.));
#4485=DIRECTION('',(1.,0.,0.));
#4486=DIRECTION('',(0.,0.,1.));
#4487=DIRECTION('',(0.,0.,1.));
#4488=DIRECTION('',(0.,1.,0.));
#4489=DIRECTION('',(0.,0.,1.));
#4490=DIRECTION('',(1.,0.,0.));
#4491=DIRECTION('',(0.,0.,1.));
#4492=DIRECTION('',(0.,0.,1.));
#4493=DIRECTION('',(0.,1.,0.));
#4494=DIRECTION('',(0.,0.,1.));
#4495=DIRECTION('',(1.,0.,0.));
#4496=DIRECTION('',(0.,0.,1.));
#4497=DIRECTION('',(0.,0.,1.));
#4498=DIRECTION('',(0.,1.,0.));
#4499=DIRECTION('',(0.,0.,1.));
#4500=DIRECTION('',(1.,0.,0.));
#4501=DIRECTION('',(0.,0.,1.));
#4502=DIRECTION('',(0.,0.,1.));
#4503=DIRECTION('',(0.,1.,0.));
#4504=DIRECTION('',(0.,0.,1.));
#4505=DIRECTION('',(1.,0.,0.));
#4506=DIRECTION('',(0.,0.,1.));
#4507=DIRECTION('',(0.,0.,1.));
#4508=DIRECTION('',(0.,1.,0.));
#4509=DIRECTION('',(0.,0.,1.));
#4510=DIRECTION('',(1.,0.,0.));
#4511=DIRECTION('',(0.,0.,1.));
#4512=DIRECTION('',(0.,0.,1.));
#4513=DIRECTION('',(0.,1.,0.));
#4514=DIRECTION('',(0.,0.,1.));
#4515=DIRECTION('',(1.,0.,0.));
#4516=DIRECTION('',(0.,0.,1.));
#4517=DIRECTION('',(0.,0.,1.));
#4518=DIRECTION('',(0.,1.,0.));
#4519=DIRECTION('',(0.,0.,1.));
#4520=DIRECTION('',(1.,0.,0.));
#4521=DIRECTION('',(0.,0.,1.));
#4522=DIRECTION('',(0.,0.,1.));
#4523=DIRECTION('',(0.,1.,0.));
#4524=DIRECTION('',(0.,0.,1.));
#4525=DIRECTION('',(1.,0.,0.));
#4526=DIRECTION('',(0.,0.,1.));
#4527=DIRECTION('',(0.,0.,-1.));
#4528=DIRECTION('',(0.,1.,0.));
#4529=DIRECTION('',(0.,0.,1.));
#4530=DIRECTION('',(0.,0.,1.));
#4531=DIRECTION('',(1.,0.,0.));
#4532=DIRECTION('',(-1.,-3.55840713020884E-16,0.));
#4533=DIRECTION('',(3.55840713020884E-16,-1.,0.));
#4534=DIRECTION('',(0.,0.,1.));
#4535=DIRECTION('',(-3.55840713020884E-16,1.,0.));
#4536=DIRECTION('',(1.17608371252665E-16,-1.,0.));
#4537=DIRECTION('',(1.,1.17608371252665E-16,0.));
#4538=DIRECTION('',(0.,0.,1.));
#4539=DIRECTION('',(-1.,-1.17608371252665E-16,0.));
#4540=DIRECTION('',(0.,0.,-1.));
#4541=DIRECTION('',(-1.,0.,0.));
#4542=DIRECTION('',(0.,0.,1.));
#4543=DIRECTION('',(0.,1.,0.));
#4544=DIRECTION('',(1.41899670836549E-16,-1.,0.));
#4545=DIRECTION('',(1.,1.41899670836549E-16,0.));
#4546=DIRECTION('',(0.,0.,1.));
#4547=DIRECTION('',(-1.,-1.41899670836549E-16,0.));
#4548=DIRECTION('',(1.,4.13029399042097E-16,0.));
#4549=DIRECTION('',(-4.13029399042097E-16,1.,0.));
#4550=DIRECTION('',(0.,0.,1.));
#4551=DIRECTION('',(4.13029399042097E-16,-1.,0.));
#4552=DIRECTION('',(0.,0.,-1.));
#4553=DIRECTION('',(0.310575339699985,-0.950548766960559,0.));
#4554=DIRECTION('',(0.950548766960559,0.310575339699985,0.));
#4555=DIRECTION('',(-0.950548766960559,-0.310575339699985,0.));
#4556=DIRECTION('',(1.,5.06488606124616E-16,0.));
#4557=DIRECTION('',(-5.06488606124616E-16,1.,0.));
#4558=DIRECTION('',(0.,0.,1.));
#4559=DIRECTION('',(5.06488606124616E-16,-1.,0.));
#4560=DIRECTION('',(0.,0.,1.));
#4561=DIRECTION('',(1.,0.,0.));
#4562=DIRECTION('',(0.,0.,1.));
#4563=DIRECTION('',(1.,0.,0.));
#4564=DIRECTION('',(0.,0.,1.));
#4565=DIRECTION('',(1.,0.,0.));
#4566=DIRECTION('',(0.,0.,1.));
#4567=DIRECTION('',(1.,0.,0.));
#4568=DIRECTION('',(0.,0.,1.));
#4569=DIRECTION('',(1.,0.,0.));
#4570=DIRECTION('',(0.,0.,1.));
#4571=DIRECTION('',(1.,0.,0.));
#4572=DIRECTION('',(0.,0.,1.));
#4573=DIRECTION('',(1.,0.,0.));
#4574=DIRECTION('',(0.,0.,1.));
#4575=DIRECTION('',(1.,0.,0.));
#4576=DIRECTION('',(0.,0.,1.));
#4577=DIRECTION('',(1.,0.,0.));
#4578=DIRECTION('',(0.,0.,1.));
#4579=DIRECTION('',(1.,0.,0.));
#4580=DIRECTION('',(0.,0.,1.));
#4581=DIRECTION('',(1.,0.,0.));
#4582=DIRECTION('',(0.,0.,1.));
#4583=DIRECTION('',(1.,0.,0.));
#4584=DIRECTION('',(0.,0.,1.));
#4585=DIRECTION('',(1.,0.,0.));
#4586=DIRECTION('',(0.,0.,1.));
#4587=DIRECTION('',(1.,0.,0.));
#4588=DIRECTION('',(0.,0.,1.));
#4589=DIRECTION('',(1.,0.,0.));
#4590=DIRECTION('',(0.,0.,1.));
#4591=DIRECTION('',(1.,0.,0.));
#4592=DIRECTION('',(0.,0.,1.));
#4593=DIRECTION('',(1.,0.,0.));
#4594=DIRECTION('',(0.,0.,1.));
#4595=DIRECTION('',(1.,0.,0.));
#4596=DIRECTION('',(0.,0.,1.));
#4597=DIRECTION('',(1.,0.,0.));
#4598=DIRECTION('',(0.,0.,1.));
#4599=DIRECTION('',(1.,0.,0.));
#4600=DIRECTION('',(0.,0.,1.));
#4601=DIRECTION('',(1.,0.,0.));
#4602=DIRECTION('',(0.,0.,1.));
#4603=DIRECTION('',(1.,0.,0.));
#4604=DIRECTION('',(0.,0.,1.));
#4605=DIRECTION('',(1.,0.,0.));
#4606=DIRECTION('',(0.,0.,1.));
#4607=DIRECTION('',(1.,0.,0.));
#4608=DIRECTION('',(0.,0.,1.));
#4609=DIRECTION('',(1.,0.,0.));
#4610=DIRECTION('',(0.,0.,1.));
#4611=DIRECTION('',(1.,0.,0.));
#4612=DIRECTION('',(0.,0.,1.));
#4613=DIRECTION('',(1.,0.,0.));
#4614=DIRECTION('',(0.,0.,1.));
#4615=DIRECTION('',(1.,0.,0.));
#4616=DIRECTION('',(0.,0.,1.));
#4617=DIRECTION('',(1.,0.,0.));
#4618=DIRECTION('',(0.,0.,1.));
#4619=DIRECTION('',(1.,0.,0.));
#4620=DIRECTION('',(0.,0.,1.));
#4621=DIRECTION('',(1.,0.,0.));
#4622=DIRECTION('',(0.,0.,1.));
#4623=DIRECTION('',(1.,0.,0.));
#4624=DIRECTION('',(0.,0.,1.));
#4625=DIRECTION('',(1.,0.,0.));
#4626=DIRECTION('',(0.,0.,1.));
#4627=DIRECTION('',(1.,0.,0.));
#4628=DIRECTION('',(0.,0.,1.));
#4629=DIRECTION('',(1.,0.,0.));
#4630=DIRECTION('',(0.,0.,1.));
#4631=DIRECTION('',(1.,0.,0.));
#4632=DIRECTION('',(0.,0.,1.));
#4633=DIRECTION('',(1.,0.,0.));
#4634=DIRECTION('',(0.,0.,1.));
#4635=DIRECTION('',(1.,0.,0.));
#4636=DIRECTION('',(0.,0.,1.));
#4637=DIRECTION('',(1.,0.,0.));
#4638=DIRECTION('',(0.,0.,1.));
#4639=DIRECTION('',(1.,0.,0.));
#4640=DIRECTION('',(0.,0.,1.));
#4641=DIRECTION('',(1.,0.,0.));
#4642=DIRECTION('',(0.,0.,1.));
#4643=DIRECTION('',(1.,0.,0.));
#4644=DIRECTION('',(0.,0.,1.));
#4645=DIRECTION('',(1.,0.,0.));
#4646=DIRECTION('',(0.,0.,1.));
#4647=DIRECTION('',(1.,0.,0.));
#4648=DIRECTION('',(0.,0.,1.));
#4649=DIRECTION('',(1.,0.,0.));
#4650=DIRECTION('',(0.,0.,1.));
#4651=DIRECTION('',(1.,0.,0.));
#4652=DIRECTION('',(0.,0.,1.));
#4653=DIRECTION('',(1.,0.,0.));
#4654=DIRECTION('',(0.,0.,1.));
#4655=DIRECTION('',(1.,0.,0.));
#4656=DIRECTION('',(0.,0.,1.));
#4657=DIRECTION('',(1.,0.,0.));
#4658=DIRECTION('',(0.,0.,1.));
#4659=DIRECTION('',(1.,0.,0.));
#4660=DIRECTION('',(0.,0.,1.));
#4661=DIRECTION('',(1.,0.,0.));
#4662=DIRECTION('',(0.,0.,1.));
#4663=DIRECTION('',(1.,0.,0.));
#4664=DIRECTION('',(0.,0.,1.));
#4665=DIRECTION('',(1.,0.,0.));
#4666=DIRECTION('',(0.,0.,1.));
#4667=DIRECTION('',(1.,0.,0.));
#4668=DIRECTION('',(0.,0.,1.));
#4669=DIRECTION('',(1.,0.,0.));
#4670=DIRECTION('',(0.,0.,1.));
#4671=DIRECTION('',(1.,0.,0.));
#4672=DIRECTION('',(0.,0.,1.));
#4673=DIRECTION('',(1.,0.,0.));
#4674=DIRECTION('',(0.,0.,1.));
#4675=DIRECTION('',(1.,0.,0.));
#4676=DIRECTION('',(0.,0.,1.));
#4677=DIRECTION('',(1.,0.,0.));
#4678=DIRECTION('',(0.,0.,1.));
#4679=DIRECTION('',(1.,0.,0.));
#4680=DIRECTION('',(0.,0.,1.));
#4681=DIRECTION('',(1.,0.,0.));
#4682=DIRECTION('',(0.,0.,1.));
#4683=DIRECTION('',(1.,0.,0.));
#4684=DIRECTION('',(0.,0.,1.));
#4685=DIRECTION('',(1.,0.,0.));
#4686=DIRECTION('',(0.,0.,1.));
#4687=DIRECTION('',(1.,0.,0.));
#4688=DIRECTION('',(0.,0.,1.));
#4689=DIRECTION('',(1.,0.,0.));
#4690=DIRECTION('',(0.,0.,1.));
#4691=DIRECTION('',(1.,0.,0.));
#4692=DIRECTION('',(0.,0.,1.));
#4693=DIRECTION('',(1.,0.,0.));
#4694=DIRECTION('',(0.,0.,1.));
#4695=DIRECTION('',(1.,0.,0.));
#4696=DIRECTION('',(0.,0.,1.));
#4697=DIRECTION('',(1.,0.,0.));
#4698=DIRECTION('',(0.,0.,1.));
#4699=DIRECTION('',(1.,0.,0.));
#4700=DIRECTION('',(0.,0.,1.));
#4701=DIRECTION('',(1.,0.,0.));
#4702=DIRECTION('',(0.,0.,1.));
#4703=DIRECTION('',(1.,0.,0.));
#4704=DIRECTION('',(0.,0.,1.));
#4705=DIRECTION('',(1.,0.,0.));
#4706=DIRECTION('',(0.,0.,1.));
#4707=DIRECTION('',(1.,0.,0.));
#4708=DIRECTION('',(0.,0.,1.));
#4709=DIRECTION('',(1.,0.,0.));
#4710=DIRECTION('',(0.,0.,1.));
#4711=DIRECTION('',(1.,0.,0.));
#4712=DIRECTION('',(0.,0.,1.));
#4713=DIRECTION('',(1.,0.,0.));
#4714=DIRECTION('',(0.,0.,1.));
#4715=DIRECTION('',(1.,0.,0.));
#4716=DIRECTION('',(0.,0.,1.));
#4717=DIRECTION('',(1.,0.,0.));
#4718=DIRECTION('',(0.,0.,1.));
#4719=DIRECTION('',(1.,0.,0.));
#4720=DIRECTION('',(0.,0.,1.));
#4721=DIRECTION('',(1.,0.,0.));
#4722=DIRECTION('',(0.,0.,1.));
#4723=DIRECTION('',(1.,0.,0.));
#4724=DIRECTION('',(0.,0.,1.));
#4725=DIRECTION('',(1.,0.,0.));
#4726=DIRECTION('',(0.,0.,1.));
#4727=DIRECTION('',(1.,0.,0.));
#4728=DIRECTION('',(0.,0.,1.));
#4729=DIRECTION('',(1.,0.,0.));
#4730=DIRECTION('',(0.,0.,1.));
#4731=DIRECTION('',(1.,0.,0.));
#4732=DIRECTION('',(0.,0.,1.));
#4733=DIRECTION('',(1.,0.,0.));
#4734=DIRECTION('',(0.,0.,1.));
#4735=DIRECTION('',(1.,0.,0.));
#4736=DIRECTION('',(0.,0.,1.));
#4737=DIRECTION('',(1.,0.,0.));
#4738=DIRECTION('',(0.,0.,1.));
#4739=DIRECTION('',(1.,0.,0.));
#4740=DIRECTION('',(0.,0.,1.));
#4741=DIRECTION('',(1.,0.,0.));
#4742=DIRECTION('',(0.,0.,1.));
#4743=DIRECTION('',(1.,0.,0.));
#4744=DIRECTION('',(0.,0.,1.));
#4745=DIRECTION('',(1.,0.,0.));
#4746=DIRECTION('',(0.,0.,1.));
#4747=DIRECTION('',(1.,0.,0.));
#4748=DIRECTION('',(0.,0.,1.));
#4749=DIRECTION('',(1.,0.,0.));
#4750=DIRECTION('',(0.,0.,1.));
#4751=DIRECTION('',(1.,0.,0.));
#4752=DIRECTION('',(0.,0.,1.));
#4753=DIRECTION('',(1.,0.,0.));
#4754=DIRECTION('',(0.,0.,1.));
#4755=DIRECTION('',(1.,0.,0.));
#4756=DIRECTION('',(0.,0.,1.));
#4757=DIRECTION('',(1.,0.,0.));
#4758=DIRECTION('',(0.,0.,1.));
#4759=DIRECTION('',(1.,0.,0.));
#4760=DIRECTION('',(0.,0.,1.));
#4761=DIRECTION('',(1.,0.,0.));
#4762=DIRECTION('',(0.,0.,1.));
#4763=DIRECTION('',(1.,0.,0.));
#4764=DIRECTION('',(0.,0.,1.));
#4765=DIRECTION('',(1.,0.,0.));
#4766=DIRECTION('',(0.,0.,1.));
#4767=DIRECTION('',(1.,0.,0.));
#4768=DIRECTION('',(0.,0.,1.));
#4769=DIRECTION('',(1.,0.,0.));
#4770=DIRECTION('',(0.,0.,1.));
#4771=DIRECTION('',(1.,0.,0.));
#4772=DIRECTION('',(0.,0.,1.));
#4773=DIRECTION('',(1.,0.,0.));
#4774=DIRECTION('',(0.,0.,1.));
#4775=DIRECTION('',(1.,0.,0.));
#4776=DIRECTION('',(0.,0.,1.));
#4777=DIRECTION('',(1.,0.,0.));
#4778=DIRECTION('',(0.,0.,1.));
#4779=DIRECTION('',(1.,0.,0.));
#4780=DIRECTION('',(0.,0.,1.));
#4781=DIRECTION('',(1.,0.,0.));
#4782=DIRECTION('',(0.,0.,1.));
#4783=DIRECTION('',(1.,0.,0.));
#4784=DIRECTION('',(0.,0.,1.));
#4785=DIRECTION('',(1.,0.,0.));
#4786=DIRECTION('',(0.,0.,1.));
#4787=DIRECTION('',(1.,0.,0.));
#4788=DIRECTION('',(0.,0.,1.));
#4789=DIRECTION('',(1.,0.,0.));
#4790=DIRECTION('',(0.,0.,1.));
#4791=DIRECTION('',(1.,0.,0.));
#4792=DIRECTION('',(0.,0.,1.));
#4793=DIRECTION('',(1.,0.,0.));
#4794=DIRECTION('',(0.,0.,1.));
#4795=DIRECTION('',(1.,0.,0.));
#4796=DIRECTION('',(0.,0.,1.));
#4797=DIRECTION('',(1.,0.,0.));
#4798=DIRECTION('',(0.,0.,1.));
#4799=DIRECTION('',(1.,0.,0.));
#4800=DIRECTION('',(0.,0.,1.));
#4801=DIRECTION('',(1.,0.,0.));
#4802=DIRECTION('',(0.,0.,1.));
#4803=DIRECTION('',(1.,0.,0.));
#4804=DIRECTION('',(0.,0.,1.));
#4805=DIRECTION('',(1.,0.,0.));
#4806=DIRECTION('',(0.,0.,1.));
#4807=DIRECTION('',(1.,0.,0.));
#4808=DIRECTION('',(0.,0.,1.));
#4809=DIRECTION('',(1.,0.,0.));
#4810=DIRECTION('',(0.,0.,1.));
#4811=DIRECTION('',(1.,0.,0.));
#4812=DIRECTION('',(0.,0.,1.));
#4813=DIRECTION('',(1.,0.,0.));
#4814=DIRECTION('',(0.,0.,1.));
#4815=DIRECTION('',(1.,0.,0.));
#4816=DIRECTION('',(0.,0.,1.));
#4817=DIRECTION('',(1.,0.,0.));
#4818=DIRECTION('',(0.,0.,1.));
#4819=DIRECTION('',(1.,0.,0.));
#4820=DIRECTION('',(0.,0.,1.));
#4821=DIRECTION('',(1.,0.,0.));
#4822=DIRECTION('',(0.,0.,1.));
#4823=DIRECTION('',(1.,0.,0.));
#4824=DIRECTION('',(0.,0.,1.));
#4825=DIRECTION('',(1.,0.,0.));
#4826=DIRECTION('',(0.,0.,1.));
#4827=DIRECTION('',(1.,0.,0.));
#4828=DIRECTION('',(0.,0.,1.));
#4829=DIRECTION('',(1.,0.,0.));
#4830=DIRECTION('',(0.,0.,1.));
#4831=DIRECTION('',(1.,0.,0.));
#4832=DIRECTION('',(0.,0.,1.));
#4833=DIRECTION('',(1.,0.,0.));
#4834=DIRECTION('',(0.,0.,1.));
#4835=DIRECTION('',(1.,0.,0.));
#4836=DIRECTION('',(0.,0.,1.));
#4837=DIRECTION('',(1.,0.,0.));
#4838=DIRECTION('',(0.,0.,1.));
#4839=DIRECTION('',(1.,0.,0.));
#4840=DIRECTION('',(0.,0.,1.));
#4841=DIRECTION('',(1.,0.,0.));
#4842=DIRECTION('',(0.,0.,1.));
#4843=DIRECTION('',(1.,0.,0.));
#4844=DIRECTION('',(0.,0.,1.));
#4845=DIRECTION('',(1.,0.,0.));
#4846=DIRECTION('',(0.,0.,1.));
#4847=DIRECTION('',(1.,0.,0.));
#4848=DIRECTION('',(0.,0.,1.));
#4849=DIRECTION('',(1.,0.,0.));
#4850=DIRECTION('',(0.,0.,1.));
#4851=DIRECTION('',(1.,0.,0.));
#4852=DIRECTION('',(0.,0.,1.));
#4853=DIRECTION('',(1.,0.,0.));
#4854=DIRECTION('',(0.,0.,1.));
#4855=DIRECTION('',(1.,0.,0.));
#4856=DIRECTION('',(0.,0.,1.));
#4857=DIRECTION('',(1.,0.,0.));
#4858=DIRECTION('',(0.,0.,1.));
#4859=DIRECTION('',(1.,0.,0.));
#4860=DIRECTION('',(0.,0.,1.));
#4861=DIRECTION('',(1.,0.,0.));
#4862=DIRECTION('',(0.,0.,1.));
#4863=DIRECTION('',(1.,0.,0.));
#4864=DIRECTION('',(0.,0.,1.));
#4865=DIRECTION('',(1.,0.,0.));
#4866=DIRECTION('',(0.,0.,1.));
#4867=DIRECTION('',(1.,0.,0.));
#4868=DIRECTION('',(0.,0.,1.));
#4869=DIRECTION('',(1.,0.,0.));
#4870=DIRECTION('',(0.,0.,1.));
#4871=DIRECTION('',(1.,0.,0.));
#4872=DIRECTION('',(0.,0.,1.));
#4873=DIRECTION('',(1.,0.,0.));
#4874=DIRECTION('',(0.,0.,1.));
#4875=DIRECTION('',(1.,0.,0.));
#4876=DIRECTION('',(0.,0.,1.));
#4877=DIRECTION('',(1.,0.,0.));
#4878=DIRECTION('',(0.,0.,1.));
#4879=DIRECTION('',(1.,0.,0.));
#4880=DIRECTION('',(0.,0.,1.));
#4881=DIRECTION('',(1.,0.,0.));
#4882=DIRECTION('',(0.,0.,1.));
#4883=DIRECTION('',(1.,0.,0.));
#4884=DIRECTION('',(0.,0.,1.));
#4885=DIRECTION('',(1.,0.,0.));
#4886=DIRECTION('',(-0.6,-0.8,0.));
#4887=DIRECTION('',(0.8,-0.6,0.));
#4888=DIRECTION('',(0.,0.,-1.));
#4889=DIRECTION('',(-0.8,0.6,0.));
#4890=DIRECTION('',(0.,0.,-1.));
#4891=DIRECTION('',(1.,0.,0.));
#4892=DIRECTION('',(0.,0.,-1.));
#4893=DIRECTION('',(0.,0.,-1.));
#4894=DIRECTION('',(0.,-1.,0.));
#4895=DIRECTION('',(-0.6,0.8,0.));
#4896=DIRECTION('',(-0.8,-0.6,0.));
#4897=DIRECTION('',(0.8,0.6,0.));
#4898=DIRECTION('',(0.,0.,1.));
#4899=DIRECTION('',(1.,0.,0.));
#4900=CARTESIAN_POINT('',(0.,0.,0.));
#4901=CARTESIAN_POINT('',(6.93889390390723E-18,-0.0106,0.0016));
#4902=CARTESIAN_POINT('',(-0.00365,-0.0052,0.0016));
#4903=CARTESIAN_POINT('',(-0.00295,-0.0052,0.0016));
#4904=CARTESIAN_POINT('',(0.024777,-0.0027,0.0016));
#4905=CARTESIAN_POINT('',(0.02465,-0.00229441893535324,0.0016));
#4906=CARTESIAN_POINT('',(0.02465,-0.00310558106464676,0.0016));
#4907=CARTESIAN_POINT('',(0.02465,-0.00685,0.0016));
#4908=CARTESIAN_POINT('',(0.02465,-8.67361737988404E-18,0.0016));
#4909=CARTESIAN_POINT('',(0.,0.,0.0016));
#4910=CARTESIAN_POINT('',(0.0234111621292936,0.,0.0016));
#4911=CARTESIAN_POINT('',(0.0230055810646468,0.000126999999999993,0.0016));
#4912=CARTESIAN_POINT('',(0.0226,0.,0.0016));
#4913=CARTESIAN_POINT('',(0.,0.,0.0016));
#4914=CARTESIAN_POINT('',(0.0221611621292935,0.,0.0016));
#4915=CARTESIAN_POINT('',(0.0217555810646467,0.000126999999999993,0.0016));
#4916=CARTESIAN_POINT('',(0.02135,0.,0.0016));
#4917=CARTESIAN_POINT('',(0.,0.,0.0016));
#4918=CARTESIAN_POINT('',(0.0209111621292935,0.,0.0016));
#4919=CARTESIAN_POINT('',(0.0205055810646468,0.000126999999999993,0.0016));
#4920=CARTESIAN_POINT('',(0.0201,0.,0.0016));
#4921=CARTESIAN_POINT('',(0.,0.,0.0016));
#4922=CARTESIAN_POINT('',(0.0196611621292935,0.,0.0016));
#4923=CARTESIAN_POINT('',(0.0192555810646468,0.000126999999999993,0.0016));
#4924=CARTESIAN_POINT('',(0.01885,0.,0.0016));
#4925=CARTESIAN_POINT('',(0.,0.,0.0016));
#4926=CARTESIAN_POINT('',(0.0184111621292935,0.,0.0016));
#4927=CARTESIAN_POINT('',(0.0180055810646468,0.000126999999999993,0.0016));
#4928=CARTESIAN_POINT('',(0.0176,0.,0.0016));
#4929=CARTESIAN_POINT('',(0.,0.,0.0016));
#4930=CARTESIAN_POINT('',(0.0171611621292935,0.,0.0016));
#4931=CARTESIAN_POINT('',(0.0167555810646468,0.000126999999999993,0.0016));
#4932=CARTESIAN_POINT('',(0.01635,0.,0.0016));
#4933=CARTESIAN_POINT('',(0.,0.,0.0016));
#4934=CARTESIAN_POINT('',(0.0159111621292935,0.,0.0016));
#4935=CARTESIAN_POINT('',(0.0155055810646468,0.000126999999999993,0.0016));
#4936=CARTESIAN_POINT('',(0.0151,0.,0.0016));
#4937=CARTESIAN_POINT('',(0.,0.,0.0016));
#4938=CARTESIAN_POINT('',(0.0146611621292935,0.,0.0016));
#4939=CARTESIAN_POINT('',(0.0142555810646468,0.000126999999999993,0.0016));
#4940=CARTESIAN_POINT('',(0.01385,0.,0.0016));
#4941=CARTESIAN_POINT('',(0.,0.,0.0016));
#4942=CARTESIAN_POINT('',(0.0134111621292935,0.,0.0016));
#4943=CARTESIAN_POINT('',(0.0130055810646468,0.000126999999999993,0.0016));
#4944=CARTESIAN_POINT('',(0.0126,0.,0.0016));
#4945=CARTESIAN_POINT('',(0.,0.,0.0016));
#4946=CARTESIAN_POINT('',(0.0121611621292935,0.,0.0016));
#4947=CARTESIAN_POINT('',(0.0117555810646468,0.000126999999999993,0.0016));
#4948=CARTESIAN_POINT('',(0.01135,0.,0.0016));
#4949=CARTESIAN_POINT('',(0.,0.,0.0016));
#4950=CARTESIAN_POINT('',(0.0109111621292935,0.,0.0016));
#4951=CARTESIAN_POINT('',(0.0105055810646468,0.000126999999999993,0.0016));
#4952=CARTESIAN_POINT('',(0.0101,0.,0.0016));
#4953=CARTESIAN_POINT('',(0.,0.,0.0016));
#4954=CARTESIAN_POINT('',(0.00966116212929353,0.,0.0016));
#4955=CARTESIAN_POINT('',(0.00925558106464677,0.000126999999999993,0.0016));
#4956=CARTESIAN_POINT('',(0.00885,0.,0.0016));
#4957=CARTESIAN_POINT('',(0.,0.,0.0016));
#4958=CARTESIAN_POINT('',(0.00841116212929353,0.,0.0016));
#4959=CARTESIAN_POINT('',(0.00800558106464677,0.000126999999999993,0.0016));
#4960=CARTESIAN_POINT('',(0.0076,0.,0.0016));
#4961=CARTESIAN_POINT('',(0.,0.,0.0016));
#4962=CARTESIAN_POINT('',(0.00716116212929353,0.,0.0016));
#4963=CARTESIAN_POINT('',(0.00675558106464677,0.000126999999999993,0.0016));
#4964=CARTESIAN_POINT('',(0.00635,0.,0.0016));
#4965=CARTESIAN_POINT('',(0.,0.,0.0016));
#4966=CARTESIAN_POINT('',(0.00591116212929353,0.,0.0016));
#4967=CARTESIAN_POINT('',(0.00550558106464677,0.000126999999999993,0.0016));
#4968=CARTESIAN_POINT('',(0.0051,0.,0.0016));
#4969=CARTESIAN_POINT('',(0.,0.,0.0016));
#4970=CARTESIAN_POINT('',(0.00466116212929353,0.,0.0016));
#4971=CARTESIAN_POINT('',(0.00425558106464676,0.000126999999999993,0.0016));
#4972=CARTESIAN_POINT('',(0.00385,0.,0.0016));
#4973=CARTESIAN_POINT('',(0.,0.,0.0016));
#4974=CARTESIAN_POINT('',(0.00341116212929353,0.,0.0016));
#4975=CARTESIAN_POINT('',(0.00300558106464677,0.000126999999999993,0.0016));
#4976=CARTESIAN_POINT('',(0.0026,0.,0.0016));
#4977=CARTESIAN_POINT('',(0.,0.,0.0016));
#4978=CARTESIAN_POINT('',(0.00216116212929353,0.,0.0016));
#4979=CARTESIAN_POINT('',(0.00175558106464676,0.000126999999999993,0.0016));
#4980=CARTESIAN_POINT('',(0.00135,0.,0.0016));
#4981=CARTESIAN_POINT('',(0.,0.,0.0016));
#4982=CARTESIAN_POINT('',(0.000911162129293528,0.,0.0016));
#4983=CARTESIAN_POINT('',(0.000505581064646765,0.000126999999999993,0.0016));
#4984=CARTESIAN_POINT('',(0.000100000000000002,0.,0.0016));
#4985=CARTESIAN_POINT('',(0.,0.,0.0016));
#4986=CARTESIAN_POINT('',(-0.000338837870706469,0.,0.0016));
#4987=CARTESIAN_POINT('',(-0.000744418935353233,0.000126999999999993,0.0016));
#4988=CARTESIAN_POINT('',(-0.00115,0.,0.0016));
#4989=CARTESIAN_POINT('',(0.,0.,0.0016));
#4990=CARTESIAN_POINT('',(-0.00158883787070647,0.,0.0016));
#4991=CARTESIAN_POINT('',(-0.00199441893535323,0.000126999999999993,0.0016));
#4992=CARTESIAN_POINT('',(-0.0024,0.,0.0016));
#4993=CARTESIAN_POINT('',(0.,0.,0.0016));
#4994=CARTESIAN_POINT('',(-0.00283883787070647,0.,0.0016));
#4995=CARTESIAN_POINT('',(-0.00324441893535324,0.000126999999999993,0.0016));
#4996=CARTESIAN_POINT('',(-0.00365,0.,0.0016));
#4997=CARTESIAN_POINT('',(0.,0.,0.0016));
#4998=CARTESIAN_POINT('',(-0.00408883787070647,0.,0.0016));
#4999=CARTESIAN_POINT('',(-0.00449441893535323,0.000126999999999993,0.0016));
#5000=CARTESIAN_POINT('',(-0.0049,0.,0.0016));
#5001=CARTESIAN_POINT('',(0.,0.,0.0016));
#5002=CARTESIAN_POINT('',(-0.00533883787070647,0.,0.0016));
#5003=CARTESIAN_POINT('',(-0.00574441893535323,0.000126999999999993,0.0016));
#5004=CARTESIAN_POINT('',(-0.00615,0.,0.0016));
#5005=CARTESIAN_POINT('',(0.,0.,0.0016));
#5006=CARTESIAN_POINT('',(-0.00658883787070647,0.,0.0016));
#5007=CARTESIAN_POINT('',(-0.00699441893535324,0.000126999999999993,0.0016));
#5008=CARTESIAN_POINT('',(-0.0074,0.,0.0016));
#5009=CARTESIAN_POINT('',(0.,0.,0.0016));
#5010=CARTESIAN_POINT('',(-0.00783883787070647,0.,0.0016));
#5011=CARTESIAN_POINT('',(-0.00824441893535323,0.000126999999999993,0.0016));
#5012=CARTESIAN_POINT('',(-0.00865,0.,0.0016));
#5013=CARTESIAN_POINT('',(0.,0.,0.0016));
#5014=CARTESIAN_POINT('',(-0.00908883787070647,0.,0.0016));
#5015=CARTESIAN_POINT('',(-0.00949441893535323,0.000126999999999993,0.0016));
#5016=CARTESIAN_POINT('',(-0.0099,0.,0.0016));
#5017=CARTESIAN_POINT('',(0.,0.,0.0016));
#5018=CARTESIAN_POINT('',(-0.0103388378707065,0.,0.0016));
#5019=CARTESIAN_POINT('',(-0.0107444189353532,0.000126999999999993,0.0016));
#5020=CARTESIAN_POINT('',(-0.01115,0.,0.0016));
#5021=CARTESIAN_POINT('',(0.,0.,0.0016));
#5022=CARTESIAN_POINT('',(-0.0115888378707065,0.,0.0016));
#5023=CARTESIAN_POINT('',(-0.0119944189353532,0.000126999999999993,0.0016));
#5024=CARTESIAN_POINT('',(-0.0124,0.,0.0016));
#5025=CARTESIAN_POINT('',(0.,0.,0.0016));
#5026=CARTESIAN_POINT('',(-0.0128388378707065,0.,0.0016));
#5027=CARTESIAN_POINT('',(-0.0132444189353532,0.000126999999999993,0.0016));
#5028=CARTESIAN_POINT('',(-0.01365,0.,0.0016));
#5029=CARTESIAN_POINT('',(0.,0.,0.0016));
#5030=CARTESIAN_POINT('',(-0.0140888378707065,0.,0.0016));
#5031=CARTESIAN_POINT('',(-0.0144944189353532,0.000126999999999993,0.0016));
#5032=CARTESIAN_POINT('',(-0.0149,0.,0.0016));
#5033=CARTESIAN_POINT('',(0.,0.,0.0016));
#5034=CARTESIAN_POINT('',(-0.0153388378707065,0.,0.0016));
#5035=CARTESIAN_POINT('',(-0.0157444189353532,0.000126999999999993,0.0016));
#5036=CARTESIAN_POINT('',(-0.01615,0.,0.0016));
#5037=CARTESIAN_POINT('',(0.,0.,0.0016));
#5038=CARTESIAN_POINT('',(-0.0165888378707065,0.,0.0016));
#5039=CARTESIAN_POINT('',(-0.0169944189353533,0.000126999999999993,0.0016));
#5040=CARTESIAN_POINT('',(-0.0174,0.,0.0016));
#5041=CARTESIAN_POINT('',(0.,0.,0.0016));
#5042=CARTESIAN_POINT('',(-0.0178388378707064,0.,0.0016));
#5043=CARTESIAN_POINT('',(-0.0182444189353532,0.000126999999999993,0.0016));
#5044=CARTESIAN_POINT('',(-0.01865,0.,0.0016));
#5045=CARTESIAN_POINT('',(0.,0.,0.0016));
#5046=CARTESIAN_POINT('',(-0.0190888378707064,0.,0.0016));
#5047=CARTESIAN_POINT('',(-0.0194944189353532,0.000126999999999993,0.0016));
#5048=CARTESIAN_POINT('',(-0.0199,0.,0.0016));
#5049=CARTESIAN_POINT('',(0.,0.,0.0016));
#5050=CARTESIAN_POINT('',(-0.0203388378707064,0.,0.0016));
#5051=CARTESIAN_POINT('',(-0.0207444189353533,0.000126999999999993,0.0016));
#5052=CARTESIAN_POINT('',(-0.02115,0.,0.0016));
#5053=CARTESIAN_POINT('',(0.,0.,0.0016));
#5054=CARTESIAN_POINT('',(-0.0215888378707065,0.,0.0016));
#5055=CARTESIAN_POINT('',(-0.0219944189353533,0.000126999999999993,0.0016));
#5056=CARTESIAN_POINT('',(-0.0224,0.,0.0016));
#5057=CARTESIAN_POINT('',(0.,0.,0.0016));
#5058=CARTESIAN_POINT('',(-0.0228388378707065,0.,0.0016));
#5059=CARTESIAN_POINT('',(-0.0232444189353533,0.000126999999999992,0.0016));
#5060=CARTESIAN_POINT('',(-0.02365,0.,0.0016));
#5061=CARTESIAN_POINT('',(0.,0.,0.0016));
#5062=CARTESIAN_POINT('',(-0.02465,-8.67361737988404E-18,0.0016));
#5063=CARTESIAN_POINT('',(-0.02465,-0.004875,0.0016));
#5064=CARTESIAN_POINT('',(-0.02465,-0.00213441893535324,0.0016));
#5065=CARTESIAN_POINT('',(-0.024777,-0.00254,0.0016));
#5066=CARTESIAN_POINT('',(-0.02465,-0.00294558106464676,0.0016));
#5067=CARTESIAN_POINT('',(-0.02465,-0.004875,0.0016));
#5068=CARTESIAN_POINT('',(-0.02465,-0.00338441893535324,0.0016));
#5069=CARTESIAN_POINT('',(-0.024777,-0.00379,0.0016));
#5070=CARTESIAN_POINT('',(-0.02465,-0.00419558106464676,0.0016));
#5071=CARTESIAN_POINT('',(-0.02465,-0.004875,0.0016));
#5072=CARTESIAN_POINT('',(-0.02465,-0.00463441893535324,0.0016));
#5073=CARTESIAN_POINT('',(-0.024777,-0.00504,0.0016));
#5074=CARTESIAN_POINT('',(-0.02465,-0.00544558106464676,0.0016));
#5075=CARTESIAN_POINT('',(-0.02465,-0.004875,0.0016));
#5076=CARTESIAN_POINT('',(-0.02465,-0.00588441893535324,0.0016));
#5077=CARTESIAN_POINT('',(-0.024777,-0.00629,0.0016));
#5078=CARTESIAN_POINT('',(-0.02465,-0.00669558106464676,0.0016));
#5079=CARTESIAN_POINT('',(-0.02465,-0.004875,0.0016));
#5080=CARTESIAN_POINT('',(-0.02465,-0.00713441893535324,0.0016));
#5081=CARTESIAN_POINT('',(-0.024777,-0.00754,0.0016));
#5082=CARTESIAN_POINT('',(-0.02465,-0.00794558106464676,0.0016));
#5083=CARTESIAN_POINT('',(-0.02465,-0.004875,0.0016));
#5084=CARTESIAN_POINT('',(-0.02465,-0.00838441893535324,0.0016));
#5085=CARTESIAN_POINT('',(-0.024777,-0.00879,0.0016));
#5086=CARTESIAN_POINT('',(-0.02465,-0.00919558106464676,0.0016));
#5087=CARTESIAN_POINT('',(-0.02465,-0.004875,0.0016));
#5088=CARTESIAN_POINT('',(-0.02465,-0.00975,0.0016));
#5089=CARTESIAN_POINT('',(-0.017275,-0.00975,0.0016));
#5090=CARTESIAN_POINT('',(-0.0220555810646468,-0.00975,0.0016));
#5091=CARTESIAN_POINT('',(-0.02165,-0.009877,0.0016));
#5092=CARTESIAN_POINT('',(-0.0212444189353533,-0.00975,0.0016));
#5093=CARTESIAN_POINT('',(-0.017275,-0.00975,0.0016));
#5094=CARTESIAN_POINT('',(-0.0208055810646468,-0.00975,0.0016));
#5095=CARTESIAN_POINT('',(-0.0204,-0.009877,0.0016));
#5096=CARTESIAN_POINT('',(-0.0199944189353532,-0.00975,0.0016));
#5097=CARTESIAN_POINT('',(-0.017275,-0.00975,0.0016));
#5098=CARTESIAN_POINT('',(-0.0195555810646468,-0.00975,0.0016));
#5099=CARTESIAN_POINT('',(-0.01915,-0.009877,0.0016));
#5100=CARTESIAN_POINT('',(-0.0187444189353532,-0.00975,0.0016));
#5101=CARTESIAN_POINT('',(-0.017275,-0.00975,0.0016));
#5102=CARTESIAN_POINT('',(-0.0183055810646468,-0.00975,0.0016));
#5103=CARTESIAN_POINT('',(-0.0179,-0.009877,0.0016));
#5104=CARTESIAN_POINT('',(-0.0174944189353532,-0.00975,0.0016));
#5105=CARTESIAN_POINT('',(-0.017275,-0.00975,0.0016));
#5106=CARTESIAN_POINT('',(-0.0170555810646468,-0.00975,0.0016));
#5107=CARTESIAN_POINT('',(-0.01665,-0.009877,0.0016));
#5108=CARTESIAN_POINT('',(-0.0162444189353532,-0.00975,0.0016));
#5109=CARTESIAN_POINT('',(-0.017275,-0.00975,0.0016));
#5110=CARTESIAN_POINT('',(-0.0158055810646468,-0.00975,0.0016));
#5111=CARTESIAN_POINT('',(-0.0154,-0.009877,0.0016));
#5112=CARTESIAN_POINT('',(-0.0149944189353532,-0.00975,0.0016));
#5113=CARTESIAN_POINT('',(-0.017275,-0.00975,0.0016));
#5114=CARTESIAN_POINT('',(-0.0145555810646468,-0.00975,0.0016));
#5115=CARTESIAN_POINT('',(-0.01415,-0.009877,0.0016));
#5116=CARTESIAN_POINT('',(-0.0137444189353532,-0.00975,0.0016));
#5117=CARTESIAN_POINT('',(-0.017275,-0.00975,0.0016));
#5118=CARTESIAN_POINT('',(-0.0133055810646467,-0.00975,0.0016));
#5119=CARTESIAN_POINT('',(-0.0129,-0.009877,0.0016));
#5120=CARTESIAN_POINT('',(-0.0124944189353532,-0.00975,0.0016));
#5121=CARTESIAN_POINT('',(-0.017275,-0.00975,0.0016));
#5122=CARTESIAN_POINT('',(-0.0120555810646468,-0.00975,0.0016));
#5123=CARTESIAN_POINT('',(-0.01165,-0.009877,0.0016));
#5124=CARTESIAN_POINT('',(-0.0112444189353532,-0.00975,0.0016));
#5125=CARTESIAN_POINT('',(-0.017275,-0.00975,0.0016));
#5126=CARTESIAN_POINT('',(-0.0099,-0.00975,0.0016));
#5127=CARTESIAN_POINT('',(-0.0099,-0.015475,0.0016));
#5128=CARTESIAN_POINT('',(-0.0099,-0.0212,0.0016));
#5129=CARTESIAN_POINT('',(0.002325,-0.0212,0.0016));
#5130=CARTESIAN_POINT('',(-0.00910558106464675,-0.0212,0.0016));
#5131=CARTESIAN_POINT('',(-0.0087,-0.021327,0.0016));
#5132=CARTESIAN_POINT('',(-0.00829441893535323,-0.0212,0.0016));
#5133=CARTESIAN_POINT('',(0.002325,-0.0212,0.0016));
#5134=CARTESIAN_POINT('',(-0.00785558106464675,-0.0212,0.0016));
#5135=CARTESIAN_POINT('',(-0.00745,-0.021327,0.0016));
#5136=CARTESIAN_POINT('',(-0.00704441893535323,-0.0212,0.0016));
#5137=CARTESIAN_POINT('',(0.002325,-0.0212,0.0016));
#5138=CARTESIAN_POINT('',(-0.00660558106464675,-0.0212,0.0016));
#5139=CARTESIAN_POINT('',(-0.0062,-0.021327,0.0016));
#5140=CARTESIAN_POINT('',(-0.00579441893535323,-0.0212,0.0016));
#5141=CARTESIAN_POINT('',(0.002325,-0.0212,0.0016));
#5142=CARTESIAN_POINT('',(-0.00535558106464675,-0.0212,0.0016));
#5143=CARTESIAN_POINT('',(-0.00495,-0.021327,0.0016));
#5144=CARTESIAN_POINT('',(-0.00454441893535323,-0.0212,0.0016));
#5145=CARTESIAN_POINT('',(0.002325,-0.0212,0.0016));
#5146=CARTESIAN_POINT('',(-0.00410558106464675,-0.0212,0.0016));
#5147=CARTESIAN_POINT('',(-0.0037,-0.021327,0.0016));
#5148=CARTESIAN_POINT('',(-0.00329441893535324,-0.0212,0.0016));
#5149=CARTESIAN_POINT('',(0.002325,-0.0212,0.0016));
#5150=CARTESIAN_POINT('',(-0.00285558106464675,-0.0212,0.0016));
#5151=CARTESIAN_POINT('',(-0.00245,-0.021327,0.0016));
#5152=CARTESIAN_POINT('',(-0.00204441893535323,-0.0212,0.0016));
#5153=CARTESIAN_POINT('',(0.002325,-0.0212,0.0016));
#5154=CARTESIAN_POINT('',(-0.00160558106464675,-0.0212,0.0016));
#5155=CARTESIAN_POINT('',(-0.0012,-0.021327,0.0016));
#5156=CARTESIAN_POINT('',(-0.000794418935353234,-0.0212,0.0016));
#5157=CARTESIAN_POINT('',(0.002325,-0.0212,0.0016));
#5158=CARTESIAN_POINT('',(-0.00035558106464675,-0.0212,0.0016));
#5159=CARTESIAN_POINT('',(5.00000000000084E-5,-0.021327,0.0016));
#5160=CARTESIAN_POINT('',(0.000455581064646767,-0.0212,0.0016));
#5161=CARTESIAN_POINT('',(0.002325,-0.0212,0.0016));
#5162=CARTESIAN_POINT('',(0.00381941893535325,-0.0212,0.0016));
#5163=CARTESIAN_POINT('',(0.004225,-0.021327,0.0016));
#5164=CARTESIAN_POINT('',(0.00463058106464677,-0.0212,0.0016));
#5165=CARTESIAN_POINT('',(0.002325,-0.0212,0.0016));
#5166=CARTESIAN_POINT('',(0.00506941893535325,-0.0212,0.0016));
#5167=CARTESIAN_POINT('',(0.005475,-0.021327,0.0016));
#5168=CARTESIAN_POINT('',(0.00588058106464677,-0.0212,0.0016));
#5169=CARTESIAN_POINT('',(0.002325,-0.0212,0.0016));
#5170=CARTESIAN_POINT('',(0.00631941893535325,-0.0212,0.0016));
#5171=CARTESIAN_POINT('',(0.006725,-0.021327,0.0016));
#5172=CARTESIAN_POINT('',(0.00713058106464677,-0.0212,0.0016));
#5173=CARTESIAN_POINT('',(0.002325,-0.0212,0.0016));
#5174=CARTESIAN_POINT('',(0.00756941893535325,-0.0212,0.0016));
#5175=CARTESIAN_POINT('',(0.007975,-0.021327,0.0016));
#5176=CARTESIAN_POINT('',(0.00838058106464677,-0.0212,0.0016));
#5177=CARTESIAN_POINT('',(0.002325,-0.0212,0.0016));
#5178=CARTESIAN_POINT('',(0.00881941893535325,-0.0212,0.0016));
#5179=CARTESIAN_POINT('',(0.009225,-0.021327,0.0016));
#5180=CARTESIAN_POINT('',(0.00963058106464677,-0.0212,0.0016));
#5181=CARTESIAN_POINT('',(0.002325,-0.0212,0.0016));
#5182=CARTESIAN_POINT('',(0.0100694189353532,-0.0212,0.0016));
#5183=CARTESIAN_POINT('',(0.010475,-0.021327,0.0016));
#5184=CARTESIAN_POINT('',(0.0108805810646468,-0.0212,0.0016));
#5185=CARTESIAN_POINT('',(0.002325,-0.0212,0.0016));
#5186=CARTESIAN_POINT('',(0.0113194189353532,-0.0212,0.0016));
#5187=CARTESIAN_POINT('',(0.011725,-0.021327,0.0016));
#5188=CARTESIAN_POINT('',(0.0121305810646468,-0.0212,0.0016));
#5189=CARTESIAN_POINT('',(0.002325,-0.0212,0.0016));
#5190=CARTESIAN_POINT('',(0.0125694189353532,-0.0212,0.0016));
#5191=CARTESIAN_POINT('',(0.012975,-0.021327,0.0016));
#5192=CARTESIAN_POINT('',(0.0133805810646468,-0.0212,0.0016));
#5193=CARTESIAN_POINT('',(0.002325,-0.0212,0.0016));
#5194=CARTESIAN_POINT('',(0.01455,-0.0212,0.0016));
#5195=CARTESIAN_POINT('',(0.01455,-0.0191,0.0016));
#5196=CARTESIAN_POINT('',(0.01455,-0.0193055810646468,0.0016));
#5197=CARTESIAN_POINT('',(0.014677,-0.0189,0.0016));
#5198=CARTESIAN_POINT('',(0.01455,-0.0184944189353532,0.0016));
#5199=CARTESIAN_POINT('',(0.01455,-0.0191,0.0016));
#5200=CARTESIAN_POINT('',(0.01455,-0.0180555810646468,0.0016));
#5201=CARTESIAN_POINT('',(0.014677,-0.01765,0.0016));
#5202=CARTESIAN_POINT('',(0.01455,-0.0172444189353533,0.0016));
#5203=CARTESIAN_POINT('',(0.01455,-0.0191,0.0016));
#5204=CARTESIAN_POINT('',(0.01455,-0.017,0.0016));
#5205=CARTESIAN_POINT('',(0.0196,-0.01535,0.0016));
#5206=CARTESIAN_POINT('',(0.02465,-0.0137,0.0016));
#5207=CARTESIAN_POINT('',(0.02465,-0.00685,0.0016));
#5208=CARTESIAN_POINT('',(0.02465,-0.0131055810646468,0.0016));
#5209=CARTESIAN_POINT('',(0.024777,-0.0127,0.0016));
#5210=CARTESIAN_POINT('',(0.02465,-0.0122944189353532,0.0016));
#5211=CARTESIAN_POINT('',(0.02465,-0.00685,0.0016));
#5212=CARTESIAN_POINT('',(0.02465,-0.0118555810646468,0.0016));
#5213=CARTESIAN_POINT('',(0.024777,-0.01145,0.0016));
#5214=CARTESIAN_POINT('',(0.02465,-0.0110444189353532,0.0016));
#5215=CARTESIAN_POINT('',(0.02465,-0.00685,0.0016));
#5216=CARTESIAN_POINT('',(0.02465,-0.0106055810646468,0.0016));
#5217=CARTESIAN_POINT('',(0.024777,-0.0102,0.0016));
#5218=CARTESIAN_POINT('',(0.02465,-0.00979441893535324,0.0016));
#5219=CARTESIAN_POINT('',(0.02465,-0.00685,0.0016));
#5220=CARTESIAN_POINT('',(0.02465,-0.00935558106464676,0.0016));
#5221=CARTESIAN_POINT('',(0.024777,-0.00895,0.0016));
#5222=CARTESIAN_POINT('',(0.02465,-0.00854441893535324,0.0016));
#5223=CARTESIAN_POINT('',(0.02465,-0.00685,0.0016));
#5224=CARTESIAN_POINT('',(0.02465,-0.00810558106464676,0.0016));
#5225=CARTESIAN_POINT('',(0.024777,-0.0077,0.0016));
#5226=CARTESIAN_POINT('',(0.02465,-0.00729441893535324,0.0016));
#5227=CARTESIAN_POINT('',(0.02465,-0.00685,0.0016));
#5228=CARTESIAN_POINT('',(0.02465,-0.00685558106464676,0.0016));
#5229=CARTESIAN_POINT('',(0.024777,-0.00645,0.0016));
#5230=CARTESIAN_POINT('',(0.02465,-0.00604441893535324,0.0016));
#5231=CARTESIAN_POINT('',(0.02465,-0.00685,0.0016));
#5232=CARTESIAN_POINT('',(0.02465,-0.00560558106464676,0.0016));
#5233=CARTESIAN_POINT('',(0.024777,-0.0052,0.0016));
#5234=CARTESIAN_POINT('',(0.02465,-0.00479441893535324,0.0016));
#5235=CARTESIAN_POINT('',(0.02465,-0.00685,0.0016));
#5236=CARTESIAN_POINT('',(0.02465,-0.00435558106464676,0.0016));
#5237=CARTESIAN_POINT('',(0.024777,-0.00395,0.0016));
#5238=CARTESIAN_POINT('',(0.02465,-0.00354441893535324,0.0016));
#5239=CARTESIAN_POINT('',(0.02465,-0.00685,0.0016));
#5240=CARTESIAN_POINT('',(-0.023952,-0.00254,0.0016));
#5241=CARTESIAN_POINT('',(-0.023952,-0.002215,0.0016));
#5242=CARTESIAN_POINT('',(-0.023952,-0.002865,0.0016));
#5243=CARTESIAN_POINT('',(-0.0237353333333334,-0.0023775,0.0016));
#5244=CARTESIAN_POINT('',(-0.0235186666666667,-0.00254,0.0016));
#5245=CARTESIAN_POINT('',(-0.0237353333333334,-0.0027025,0.0016));
#5246=CARTESIAN_POINT('',(0.02465,-0.00685,0.0016));
#5247=CARTESIAN_POINT('',(0.02465,-0.00685,0.));
#5248=CARTESIAN_POINT('',(0.02465,-0.00310558106464676,0.));
#5249=CARTESIAN_POINT('',(0.02465,-0.00354441893535324,0.));
#5250=CARTESIAN_POINT('',(0.02465,-0.00310558106464676,-0.0520988256530165));
#5251=CARTESIAN_POINT('',(0.02465,-0.00354441893535324,-0.0520988256530165));
#5252=CARTESIAN_POINT('',(0.02465,-0.00685,0.0016));
#5253=CARTESIAN_POINT('',(0.02465,-0.00685,0.));
#5254=CARTESIAN_POINT('',(0.02465,-0.00435558106464676,0.));
#5255=CARTESIAN_POINT('',(0.02465,-0.00479441893535324,0.));
#5256=CARTESIAN_POINT('',(0.02465,-0.00435558106464676,-0.0520988256530165));
#5257=CARTESIAN_POINT('',(0.02465,-0.00479441893535324,-0.0520988256530165));
#5258=CARTESIAN_POINT('',(0.02465,-0.00685,0.0016));
#5259=CARTESIAN_POINT('',(0.02465,-0.00685,0.));
#5260=CARTESIAN_POINT('',(0.02465,-0.00560558106464676,0.));
#5261=CARTESIAN_POINT('',(0.02465,-0.00604441893535324,0.));
#5262=CARTESIAN_POINT('',(0.02465,-0.00560558106464676,-0.0520988256530165));
#5263=CARTESIAN_POINT('',(0.02465,-0.00604441893535324,-0.0520988256530165));
#5264=CARTESIAN_POINT('',(0.02465,-0.00685,0.0016));
#5265=CARTESIAN_POINT('',(0.02465,-0.00685,0.));
#5266=CARTESIAN_POINT('',(0.02465,-0.00685558106464676,0.));
#5267=CARTESIAN_POINT('',(0.02465,-0.00729441893535324,0.));
#5268=CARTESIAN_POINT('',(0.02465,-0.00685558106464676,-0.0520988256530165));
#5269=CARTESIAN_POINT('',(0.02465,-0.00729441893535324,-0.0520988256530165));
#5270=CARTESIAN_POINT('',(0.02465,-0.00685,0.0016));
#5271=CARTESIAN_POINT('',(0.02465,-0.00685,0.));
#5272=CARTESIAN_POINT('',(0.02465,-0.00810558106464676,0.));
#5273=CARTESIAN_POINT('',(0.02465,-0.00854441893535324,0.));
#5274=CARTESIAN_POINT('',(0.02465,-0.00810558106464676,-0.0520988256530165));
#5275=CARTESIAN_POINT('',(0.02465,-0.00854441893535324,-0.0520988256530165));
#5276=CARTESIAN_POINT('',(0.02465,-0.00685,0.0016));
#5277=CARTESIAN_POINT('',(0.02465,-0.00685,0.));
#5278=CARTESIAN_POINT('',(0.02465,-0.00935558106464676,0.));
#5279=CARTESIAN_POINT('',(0.02465,-0.00979441893535324,0.));
#5280=CARTESIAN_POINT('',(0.02465,-0.00935558106464676,-0.0520988256530165));
#5281=CARTESIAN_POINT('',(0.02465,-0.00979441893535324,-0.0520988256530165));
#5282=CARTESIAN_POINT('',(0.02465,-0.00685,0.0016));
#5283=CARTESIAN_POINT('',(0.02465,-0.00685,0.));
#5284=CARTESIAN_POINT('',(0.02465,-0.0106055810646468,0.));
#5285=CARTESIAN_POINT('',(0.02465,-0.0110444189353532,0.));
#5286=CARTESIAN_POINT('',(0.02465,-0.0106055810646468,-0.0520988256530165));
#5287=CARTESIAN_POINT('',(0.02465,-0.0110444189353532,-0.0520988256530165));
#5288=CARTESIAN_POINT('',(0.02465,-0.00685,0.0016));
#5289=CARTESIAN_POINT('',(0.02465,-0.00685,0.));
#5290=CARTESIAN_POINT('',(0.02465,-0.0118555810646468,0.));
#5291=CARTESIAN_POINT('',(0.02465,-0.0122944189353532,0.));
#5292=CARTESIAN_POINT('',(0.02465,-0.0118555810646468,-0.0520988256530165));
#5293=CARTESIAN_POINT('',(0.02465,-0.0122944189353532,-0.0520988256530165));
#5294=CARTESIAN_POINT('',(0.02465,-0.00685,0.0016));
#5295=CARTESIAN_POINT('',(0.02465,-0.00685,0.));
#5296=CARTESIAN_POINT('',(0.02465,-0.0131055810646468,0.));
#5297=CARTESIAN_POINT('',(0.02465,-0.0137,0.));
#5298=CARTESIAN_POINT('',(0.02465,-0.0131055810646468,-0.0520988256530165));
#5299=CARTESIAN_POINT('',(0.02465,-0.0137,0.0016));
#5300=CARTESIAN_POINT('',(0.01455,-0.0191,0.0016));
#5301=CARTESIAN_POINT('',(0.01455,-0.0191,0.));
#5302=CARTESIAN_POINT('',(0.01455,-0.0180555810646468,0.));
#5303=CARTESIAN_POINT('',(0.01455,-0.0184944189353532,0.));
#5304=CARTESIAN_POINT('',(0.01455,-0.0180555810646468,-0.0520988256530165));
#5305=CARTESIAN_POINT('',(0.01455,-0.0184944189353532,-0.0520988256530165));
#5306=CARTESIAN_POINT('',(0.01455,-0.0191,0.0016));
#5307=CARTESIAN_POINT('',(0.01455,-0.0191,0.));
#5308=CARTESIAN_POINT('',(0.01455,-0.0193055810646468,0.));
#5309=CARTESIAN_POINT('',(0.01455,-0.0212,0.));
#5310=CARTESIAN_POINT('',(0.01455,-0.0193055810646468,-0.0520988256530165));
#5311=CARTESIAN_POINT('',(0.01455,-0.0212,0.0016));
#5312=CARTESIAN_POINT('',(0.002325,-0.0212,0.0016));
#5313=CARTESIAN_POINT('',(0.002325,-0.0212,0.));
#5314=CARTESIAN_POINT('',(-0.00910558106464675,-0.0212,0.));
#5315=CARTESIAN_POINT('',(-0.0099,-0.0212,0.));
#5316=CARTESIAN_POINT('',(-0.00910558106464675,-0.0212,-0.0520988256530165));
#5317=CARTESIAN_POINT('',(-0.0099,-0.0212,0.0016));
#5318=CARTESIAN_POINT('',(0.002325,-0.0212,0.0016));
#5319=CARTESIAN_POINT('',(-0.00829441893535323,-0.0212,-0.0520988256530165));
#5320=CARTESIAN_POINT('',(-0.00829441893535323,-0.0212,0.));
#5321=CARTESIAN_POINT('',(0.002325,-0.0212,0.));
#5322=CARTESIAN_POINT('',(-0.00785558106464675,-0.0212,0.));
#5323=CARTESIAN_POINT('',(-0.00785558106464675,-0.0212,-0.0520988256530165));
#5324=CARTESIAN_POINT('',(0.002325,-0.0212,0.0016));
#5325=CARTESIAN_POINT('',(-0.00704441893535323,-0.0212,-0.0520988256530165));
#5326=CARTESIAN_POINT('',(-0.00704441893535323,-0.0212,0.));
#5327=CARTESIAN_POINT('',(0.002325,-0.0212,0.));
#5328=CARTESIAN_POINT('',(-0.00660558106464675,-0.0212,0.));
#5329=CARTESIAN_POINT('',(-0.00660558106464675,-0.0212,-0.0520988256530165));
#5330=CARTESIAN_POINT('',(0.002325,-0.0212,0.0016));
#5331=CARTESIAN_POINT('',(-0.00579441893535323,-0.0212,-0.0520988256530165));
#5332=CARTESIAN_POINT('',(-0.00579441893535323,-0.0212,0.));
#5333=CARTESIAN_POINT('',(0.002325,-0.0212,0.));
#5334=CARTESIAN_POINT('',(-0.00535558106464675,-0.0212,0.));
#5335=CARTESIAN_POINT('',(-0.00535558106464675,-0.0212,-0.0520988256530165));
#5336=CARTESIAN_POINT('',(0.002325,-0.0212,0.0016));
#5337=CARTESIAN_POINT('',(-0.00454441893535323,-0.0212,-0.0520988256530165));
#5338=CARTESIAN_POINT('',(-0.00454441893535323,-0.0212,0.));
#5339=CARTESIAN_POINT('',(0.002325,-0.0212,0.));
#5340=CARTESIAN_POINT('',(-0.00410558106464675,-0.0212,0.));
#5341=CARTESIAN_POINT('',(-0.00410558106464675,-0.0212,-0.0520988256530165));
#5342=CARTESIAN_POINT('',(0.002325,-0.0212,0.0016));
#5343=CARTESIAN_POINT('',(-0.00329441893535324,-0.0212,-0.0520988256530165));
#5344=CARTESIAN_POINT('',(-0.00329441893535324,-0.0212,0.));
#5345=CARTESIAN_POINT('',(0.002325,-0.0212,0.));
#5346=CARTESIAN_POINT('',(-0.00285558106464675,-0.0212,0.));
#5347=CARTESIAN_POINT('',(-0.00285558106464675,-0.0212,-0.0520988256530165));
#5348=CARTESIAN_POINT('',(0.002325,-0.0212,0.0016));
#5349=CARTESIAN_POINT('',(-0.00204441893535323,-0.0212,-0.0520988256530165));
#5350=CARTESIAN_POINT('',(-0.00204441893535323,-0.0212,0.));
#5351=CARTESIAN_POINT('',(0.002325,-0.0212,0.));
#5352=CARTESIAN_POINT('',(-0.00160558106464675,-0.0212,0.));
#5353=CARTESIAN_POINT('',(-0.00160558106464675,-0.0212,-0.0520988256530165));
#5354=CARTESIAN_POINT('',(0.002325,-0.0212,0.0016));
#5355=CARTESIAN_POINT('',(-0.000794418935353234,-0.0212,-0.0520988256530165));
#5356=CARTESIAN_POINT('',(-0.000794418935353234,-0.0212,0.));
#5357=CARTESIAN_POINT('',(0.002325,-0.0212,0.));
#5358=CARTESIAN_POINT('',(-0.00035558106464675,-0.0212,0.));
#5359=CARTESIAN_POINT('',(-0.00035558106464675,-0.0212,-0.0520988256530165));
#5360=CARTESIAN_POINT('',(0.002325,-0.0212,0.0016));
#5361=CARTESIAN_POINT('',(0.000455581064646767,-0.0212,-0.0520988256530165));
#5362=CARTESIAN_POINT('',(0.000455581064646767,-0.0212,0.));
#5363=CARTESIAN_POINT('',(0.002325,-0.0212,0.));
#5364=CARTESIAN_POINT('',(0.00381941893535325,-0.0212,0.));
#5365=CARTESIAN_POINT('',(0.00381941893535325,-0.0212,-0.0520988256530165));
#5366=CARTESIAN_POINT('',(0.002325,-0.0212,0.0016));
#5367=CARTESIAN_POINT('',(0.00463058106464677,-0.0212,-0.0520988256530165));
#5368=CARTESIAN_POINT('',(0.00463058106464677,-0.0212,0.));
#5369=CARTESIAN_POINT('',(0.002325,-0.0212,0.));
#5370=CARTESIAN_POINT('',(0.00506941893535325,-0.0212,0.));
#5371=CARTESIAN_POINT('',(0.00506941893535325,-0.0212,-0.0520988256530165));
#5372=CARTESIAN_POINT('',(0.002325,-0.0212,0.0016));
#5373=CARTESIAN_POINT('',(0.00588058106464677,-0.0212,-0.0520988256530165));
#5374=CARTESIAN_POINT('',(0.00588058106464677,-0.0212,0.));
#5375=CARTESIAN_POINT('',(0.002325,-0.0212,0.));
#5376=CARTESIAN_POINT('',(0.00631941893535325,-0.0212,0.));
#5377=CARTESIAN_POINT('',(0.00631941893535325,-0.0212,-0.0520988256530165));
#5378=CARTESIAN_POINT('',(0.002325,-0.0212,0.0016));
#5379=CARTESIAN_POINT('',(0.00713058106464677,-0.0212,-0.0520988256530165));
#5380=CARTESIAN_POINT('',(0.00713058106464677,-0.0212,0.));
#5381=CARTESIAN_POINT('',(0.002325,-0.0212,0.));
#5382=CARTESIAN_POINT('',(0.00756941893535325,-0.0212,0.));
#5383=CARTESIAN_POINT('',(0.00756941893535325,-0.0212,-0.0520988256530165));
#5384=CARTESIAN_POINT('',(0.002325,-0.0212,0.0016));
#5385=CARTESIAN_POINT('',(0.00838058106464677,-0.0212,-0.0520988256530165));
#5386=CARTESIAN_POINT('',(0.00838058106464677,-0.0212,0.));
#5387=CARTESIAN_POINT('',(0.002325,-0.0212,0.));
#5388=CARTESIAN_POINT('',(0.00881941893535325,-0.0212,0.));
#5389=CARTESIAN_POINT('',(0.00881941893535325,-0.0212,-0.0520988256530165));
#5390=CARTESIAN_POINT('',(0.002325,-0.0212,0.0016));
#5391=CARTESIAN_POINT('',(0.00963058106464677,-0.0212,-0.0520988256530165));
#5392=CARTESIAN_POINT('',(0.00963058106464677,-0.0212,0.));
#5393=CARTESIAN_POINT('',(0.002325,-0.0212,0.));
#5394=CARTESIAN_POINT('',(0.0100694189353532,-0.0212,0.));
#5395=CARTESIAN_POINT('',(0.0100694189353532,-0.0212,-0.0520988256530165));
#5396=CARTESIAN_POINT('',(0.002325,-0.0212,0.0016));
#5397=CARTESIAN_POINT('',(0.0108805810646468,-0.0212,-0.0520988256530165));
#5398=CARTESIAN_POINT('',(0.0108805810646468,-0.0212,0.));
#5399=CARTESIAN_POINT('',(0.002325,-0.0212,0.));
#5400=CARTESIAN_POINT('',(0.0113194189353532,-0.0212,0.));
#5401=CARTESIAN_POINT('',(0.0113194189353532,-0.0212,-0.0520988256530165));
#5402=CARTESIAN_POINT('',(0.002325,-0.0212,0.0016));
#5403=CARTESIAN_POINT('',(0.0121305810646468,-0.0212,-0.0520988256530165));
#5404=CARTESIAN_POINT('',(0.0121305810646468,-0.0212,0.));
#5405=CARTESIAN_POINT('',(0.002325,-0.0212,0.));
#5406=CARTESIAN_POINT('',(0.0125694189353532,-0.0212,0.));
#5407=CARTESIAN_POINT('',(0.0125694189353532,-0.0212,-0.0520988256530165));
#5408=CARTESIAN_POINT('',(-0.017275,-0.00975,0.0016));
#5409=CARTESIAN_POINT('',(-0.017275,-0.00975,0.));
#5410=CARTESIAN_POINT('',(-0.0220555810646468,-0.00975,0.));
#5411=CARTESIAN_POINT('',(-0.02465,-0.00975,0.));
#5412=CARTESIAN_POINT('',(-0.0220555810646468,-0.00975,-0.0520988256530165));
#5413=CARTESIAN_POINT('',(-0.02465,-0.00975,0.0016));
#5414=CARTESIAN_POINT('',(-0.017275,-0.00975,0.0016));
#5415=CARTESIAN_POINT('',(-0.0212444189353533,-0.00975,-0.0520988256530165));
#5416=CARTESIAN_POINT('',(-0.0212444189353533,-0.00975,0.));
#5417=CARTESIAN_POINT('',(-0.017275,-0.00975,0.));
#5418=CARTESIAN_POINT('',(-0.0208055810646468,-0.00975,0.));
#5419=CARTESIAN_POINT('',(-0.0208055810646468,-0.00975,-0.0520988256530165));
#5420=CARTESIAN_POINT('',(-0.017275,-0.00975,0.0016));
#5421=CARTESIAN_POINT('',(-0.0199944189353532,-0.00975,-0.0520988256530165));
#5422=CARTESIAN_POINT('',(-0.0199944189353532,-0.00975,0.));
#5423=CARTESIAN_POINT('',(-0.017275,-0.00975,0.));
#5424=CARTESIAN_POINT('',(-0.0195555810646468,-0.00975,0.));
#5425=CARTESIAN_POINT('',(-0.0195555810646468,-0.00975,-0.0520988256530165));
#5426=CARTESIAN_POINT('',(-0.017275,-0.00975,0.0016));
#5427=CARTESIAN_POINT('',(-0.0187444189353532,-0.00975,-0.0520988256530165));
#5428=CARTESIAN_POINT('',(-0.0187444189353532,-0.00975,0.));
#5429=CARTESIAN_POINT('',(-0.017275,-0.00975,0.));
#5430=CARTESIAN_POINT('',(-0.0183055810646468,-0.00975,0.));
#5431=CARTESIAN_POINT('',(-0.0183055810646468,-0.00975,-0.0520988256530165));
#5432=CARTESIAN_POINT('',(-0.017275,-0.00975,0.0016));
#5433=CARTESIAN_POINT('',(-0.0174944189353532,-0.00975,-0.0520988256530165));
#5434=CARTESIAN_POINT('',(-0.0174944189353532,-0.00975,0.));
#5435=CARTESIAN_POINT('',(-0.017275,-0.00975,0.));
#5436=CARTESIAN_POINT('',(-0.0170555810646468,-0.00975,0.));
#5437=CARTESIAN_POINT('',(-0.0170555810646468,-0.00975,-0.0520988256530165));
#5438=CARTESIAN_POINT('',(-0.017275,-0.00975,0.0016));
#5439=CARTESIAN_POINT('',(-0.0162444189353532,-0.00975,-0.0520988256530165));
#5440=CARTESIAN_POINT('',(-0.0162444189353532,-0.00975,0.));
#5441=CARTESIAN_POINT('',(-0.017275,-0.00975,0.));
#5442=CARTESIAN_POINT('',(-0.0158055810646468,-0.00975,0.));
#5443=CARTESIAN_POINT('',(-0.0158055810646468,-0.00975,-0.0520988256530165));
#5444=CARTESIAN_POINT('',(-0.017275,-0.00975,0.0016));
#5445=CARTESIAN_POINT('',(-0.0149944189353532,-0.00975,-0.0520988256530165));
#5446=CARTESIAN_POINT('',(-0.0149944189353532,-0.00975,0.));
#5447=CARTESIAN_POINT('',(-0.017275,-0.00975,0.));
#5448=CARTESIAN_POINT('',(-0.0145555810646468,-0.00975,0.));
#5449=CARTESIAN_POINT('',(-0.0145555810646468,-0.00975,-0.0520988256530165));
#5450=CARTESIAN_POINT('',(-0.017275,-0.00975,0.0016));
#5451=CARTESIAN_POINT('',(-0.0137444189353532,-0.00975,-0.0520988256530165));
#5452=CARTESIAN_POINT('',(-0.0137444189353532,-0.00975,0.));
#5453=CARTESIAN_POINT('',(-0.017275,-0.00975,0.));
#5454=CARTESIAN_POINT('',(-0.0133055810646467,-0.00975,0.));
#5455=CARTESIAN_POINT('',(-0.0133055810646467,-0.00975,-0.0520988256530165));
#5456=CARTESIAN_POINT('',(-0.017275,-0.00975,0.0016));
#5457=CARTESIAN_POINT('',(-0.0124944189353532,-0.00975,-0.0520988256530165));
#5458=CARTESIAN_POINT('',(-0.0124944189353532,-0.00975,0.));
#5459=CARTESIAN_POINT('',(-0.017275,-0.00975,0.));
#5460=CARTESIAN_POINT('',(-0.0120555810646468,-0.00975,0.));
#5461=CARTESIAN_POINT('',(-0.0120555810646468,-0.00975,-0.0520988256530165));
#5462=CARTESIAN_POINT('',(-0.02465,-0.004875,0.0016));
#5463=CARTESIAN_POINT('',(-0.02465,-0.004875,0.));
#5464=CARTESIAN_POINT('',(-0.02465,-0.00213441893535324,0.));
#5465=CARTESIAN_POINT('',(-0.02465,-8.67361737988404E-18,0.));
#5466=CARTESIAN_POINT('',(-0.02465,-0.00213441893535324,-0.0520988256530165));
#5467=CARTESIAN_POINT('',(-0.02465,-8.67361737988404E-18,0.0016));
#5468=CARTESIAN_POINT('',(-0.02465,-0.004875,0.0016));
#5469=CARTESIAN_POINT('',(-0.02465,-0.00294558106464676,-0.0520988256530165));
#5470=CARTESIAN_POINT('',(-0.02465,-0.00294558106464676,0.));
#5471=CARTESIAN_POINT('',(-0.02465,-0.004875,0.));
#5472=CARTESIAN_POINT('',(-0.02465,-0.00338441893535324,0.));
#5473=CARTESIAN_POINT('',(-0.02465,-0.00338441893535324,-0.0520988256530165));
#5474=CARTESIAN_POINT('',(-0.02465,-0.004875,0.0016));
#5475=CARTESIAN_POINT('',(-0.02465,-0.00419558106464676,-0.0520988256530165));
#5476=CARTESIAN_POINT('',(-0.02465,-0.00419558106464676,0.));
#5477=CARTESIAN_POINT('',(-0.02465,-0.004875,0.));
#5478=CARTESIAN_POINT('',(-0.02465,-0.00463441893535324,0.));
#5479=CARTESIAN_POINT('',(-0.02465,-0.00463441893535324,-0.0520988256530165));
#5480=CARTESIAN_POINT('',(-0.02465,-0.004875,0.0016));
#5481=CARTESIAN_POINT('',(-0.02465,-0.00544558106464676,-0.0520988256530165));
#5482=CARTESIAN_POINT('',(-0.02465,-0.00544558106464676,0.));
#5483=CARTESIAN_POINT('',(-0.02465,-0.004875,0.));
#5484=CARTESIAN_POINT('',(-0.02465,-0.00588441893535324,0.));
#5485=CARTESIAN_POINT('',(-0.02465,-0.00588441893535324,-0.0520988256530165));
#5486=CARTESIAN_POINT('',(-0.02465,-0.004875,0.0016));
#5487=CARTESIAN_POINT('',(-0.02465,-0.00669558106464676,-0.0520988256530165));
#5488=CARTESIAN_POINT('',(-0.02465,-0.00669558106464676,0.));
#5489=CARTESIAN_POINT('',(-0.02465,-0.004875,0.));
#5490=CARTESIAN_POINT('',(-0.02465,-0.00713441893535324,0.));
#5491=CARTESIAN_POINT('',(-0.02465,-0.00713441893535324,-0.0520988256530165));
#5492=CARTESIAN_POINT('',(-0.02465,-0.004875,0.0016));
#5493=CARTESIAN_POINT('',(-0.02465,-0.00794558106464676,-0.0520988256530165));
#5494=CARTESIAN_POINT('',(-0.02465,-0.00794558106464676,0.));
#5495=CARTESIAN_POINT('',(-0.02465,-0.004875,0.));
#5496=CARTESIAN_POINT('',(-0.02465,-0.00838441893535324,0.));
#5497=CARTESIAN_POINT('',(-0.02465,-0.00838441893535324,-0.0520988256530165));
#5498=CARTESIAN_POINT('',(0.,0.,0.0016));
#5499=CARTESIAN_POINT('',(0.,0.,0.));
#5500=CARTESIAN_POINT('',(-0.0228388378707065,0.,0.));
#5501=CARTESIAN_POINT('',(-0.0224,0.,0.));
#5502=CARTESIAN_POINT('',(-0.0228388378707065,0.,-0.0520988256530165));
#5503=CARTESIAN_POINT('',(-0.0224,0.,-0.0520988256530165));
#5504=CARTESIAN_POINT('',(0.,0.,0.0016));
#5505=CARTESIAN_POINT('',(0.,0.,0.));
#5506=CARTESIAN_POINT('',(-0.0215888378707065,0.,0.));
#5507=CARTESIAN_POINT('',(-0.02115,0.,0.));
#5508=CARTESIAN_POINT('',(-0.0215888378707065,0.,-0.0520988256530165));
#5509=CARTESIAN_POINT('',(-0.02115,0.,-0.0520988256530165));
#5510=CARTESIAN_POINT('',(0.,0.,0.0016));
#5511=CARTESIAN_POINT('',(0.,0.,0.));
#5512=CARTESIAN_POINT('',(-0.0203388378707064,0.,0.));
#5513=CARTESIAN_POINT('',(-0.0199,0.,0.));
#5514=CARTESIAN_POINT('',(-0.0203388378707064,0.,-0.0520988256530165));
#5515=CARTESIAN_POINT('',(-0.0199,0.,-0.0520988256530165));
#5516=CARTESIAN_POINT('',(0.,0.,0.0016));
#5517=CARTESIAN_POINT('',(0.,0.,0.));
#5518=CARTESIAN_POINT('',(-0.0190888378707064,0.,0.));
#5519=CARTESIAN_POINT('',(-0.01865,0.,0.));
#5520=CARTESIAN_POINT('',(-0.0190888378707064,0.,-0.0520988256530165));
#5521=CARTESIAN_POINT('',(-0.01865,0.,-0.0520988256530165));
#5522=CARTESIAN_POINT('',(0.,0.,0.0016));
#5523=CARTESIAN_POINT('',(0.,0.,0.));
#5524=CARTESIAN_POINT('',(-0.0178388378707064,0.,0.));
#5525=CARTESIAN_POINT('',(-0.0174,0.,0.));
#5526=CARTESIAN_POINT('',(-0.0178388378707064,0.,-0.0520988256530165));
#5527=CARTESIAN_POINT('',(-0.0174,0.,-0.0520988256530165));
#5528=CARTESIAN_POINT('',(0.,0.,0.0016));
#5529=CARTESIAN_POINT('',(0.,0.,0.));
#5530=CARTESIAN_POINT('',(-0.0165888378707065,0.,0.));
#5531=CARTESIAN_POINT('',(-0.01615,0.,0.));
#5532=CARTESIAN_POINT('',(-0.0165888378707065,0.,-0.0520988256530165));
#5533=CARTESIAN_POINT('',(-0.01615,0.,-0.0520988256530165));
#5534=CARTESIAN_POINT('',(0.,0.,0.0016));
#5535=CARTESIAN_POINT('',(0.,0.,0.));
#5536=CARTESIAN_POINT('',(-0.0153388378707065,0.,0.));
#5537=CARTESIAN_POINT('',(-0.0149,0.,0.));
#5538=CARTESIAN_POINT('',(-0.0153388378707065,0.,-0.0520988256530165));
#5539=CARTESIAN_POINT('',(-0.0149,0.,-0.0520988256530165));
#5540=CARTESIAN_POINT('',(0.,0.,0.0016));
#5541=CARTESIAN_POINT('',(0.,0.,0.));
#5542=CARTESIAN_POINT('',(-0.0140888378707065,0.,0.));
#5543=CARTESIAN_POINT('',(-0.01365,0.,0.));
#5544=CARTESIAN_POINT('',(-0.0140888378707065,0.,-0.0520988256530165));
#5545=CARTESIAN_POINT('',(-0.01365,0.,-0.0520988256530165));
#5546=CARTESIAN_POINT('',(0.,0.,0.0016));
#5547=CARTESIAN_POINT('',(0.,0.,0.));
#5548=CARTESIAN_POINT('',(-0.0128388378707065,0.,0.));
#5549=CARTESIAN_POINT('',(-0.0124,0.,0.));
#5550=CARTESIAN_POINT('',(-0.0128388378707065,0.,-0.0520988256530165));
#5551=CARTESIAN_POINT('',(-0.0124,0.,-0.0520988256530165));
#5552=CARTESIAN_POINT('',(0.,0.,0.0016));
#5553=CARTESIAN_POINT('',(0.,0.,0.));
#5554=CARTESIAN_POINT('',(-0.0115888378707065,0.,0.));
#5555=CARTESIAN_POINT('',(-0.01115,0.,0.));
#5556=CARTESIAN_POINT('',(-0.0115888378707065,0.,-0.0520988256530165));
#5557=CARTESIAN_POINT('',(-0.01115,0.,-0.0520988256530165));
#5558=CARTESIAN_POINT('',(0.,0.,0.0016));
#5559=CARTESIAN_POINT('',(0.,0.,0.));
#5560=CARTESIAN_POINT('',(-0.0103388378707065,0.,0.));
#5561=CARTESIAN_POINT('',(-0.0099,0.,0.));
#5562=CARTESIAN_POINT('',(-0.0103388378707065,0.,-0.0520988256530165));
#5563=CARTESIAN_POINT('',(-0.0099,0.,-0.0520988256530165));
#5564=CARTESIAN_POINT('',(0.,0.,0.0016));
#5565=CARTESIAN_POINT('',(0.,0.,0.));
#5566=CARTESIAN_POINT('',(-0.00908883787070647,0.,0.));
#5567=CARTESIAN_POINT('',(-0.00865,0.,0.));
#5568=CARTESIAN_POINT('',(-0.00908883787070647,0.,-0.0520988256530165));
#5569=CARTESIAN_POINT('',(-0.00865,0.,-0.0520988256530165));
#5570=CARTESIAN_POINT('',(0.,0.,0.0016));
#5571=CARTESIAN_POINT('',(0.,0.,0.));
#5572=CARTESIAN_POINT('',(-0.00783883787070647,0.,0.));
#5573=CARTESIAN_POINT('',(-0.0074,0.,0.));
#5574=CARTESIAN_POINT('',(-0.00783883787070647,0.,-0.0520988256530165));
#5575=CARTESIAN_POINT('',(-0.0074,0.,-0.0520988256530165));
#5576=CARTESIAN_POINT('',(0.,0.,0.0016));
#5577=CARTESIAN_POINT('',(0.,0.,0.));
#5578=CARTESIAN_POINT('',(-0.00658883787070647,0.,0.));
#5579=CARTESIAN_POINT('',(-0.00615,0.,0.));
#5580=CARTESIAN_POINT('',(-0.00658883787070647,0.,-0.0520988256530165));
#5581=CARTESIAN_POINT('',(-0.00615,0.,-0.0520988256530165));
#5582=CARTESIAN_POINT('',(0.,0.,0.0016));
#5583=CARTESIAN_POINT('',(0.,0.,0.));
#5584=CARTESIAN_POINT('',(-0.00533883787070647,0.,0.));
#5585=CARTESIAN_POINT('',(-0.0049,0.,0.));
#5586=CARTESIAN_POINT('',(-0.00533883787070647,0.,-0.0520988256530165));
#5587=CARTESIAN_POINT('',(-0.0049,0.,-0.0520988256530165));
#5588=CARTESIAN_POINT('',(0.,0.,0.0016));
#5589=CARTESIAN_POINT('',(0.,0.,0.));
#5590=CARTESIAN_POINT('',(-0.00408883787070647,0.,0.));
#5591=CARTESIAN_POINT('',(-0.00365,0.,0.));
#5592=CARTESIAN_POINT('',(-0.00408883787070647,0.,-0.0520988256530165));
#5593=CARTESIAN_POINT('',(-0.00365,0.,-0.0520988256530165));
#5594=CARTESIAN_POINT('',(0.,0.,0.0016));
#5595=CARTESIAN_POINT('',(0.,0.,0.));
#5596=CARTESIAN_POINT('',(-0.00283883787070647,0.,0.));
#5597=CARTESIAN_POINT('',(-0.0024,0.,0.));
#5598=CARTESIAN_POINT('',(-0.00283883787070647,0.,-0.0520988256530165));
#5599=CARTESIAN_POINT('',(-0.0024,0.,-0.0520988256530165));
#5600=CARTESIAN_POINT('',(0.,0.,0.0016));
#5601=CARTESIAN_POINT('',(0.,0.,0.));
#5602=CARTESIAN_POINT('',(-0.00158883787070647,0.,0.));
#5603=CARTESIAN_POINT('',(-0.00115,0.,0.));
#5604=CARTESIAN_POINT('',(-0.00158883787070647,0.,-0.0520988256530165));
#5605=CARTESIAN_POINT('',(-0.00115,0.,-0.0520988256530165));
#5606=CARTESIAN_POINT('',(0.,0.,0.0016));
#5607=CARTESIAN_POINT('',(0.,0.,0.));
#5608=CARTESIAN_POINT('',(-0.000338837870706469,0.,0.));
#5609=CARTESIAN_POINT('',(0.000100000000000002,0.,0.));
#5610=CARTESIAN_POINT('',(-0.000338837870706469,0.,-0.0520988256530165));
#5611=CARTESIAN_POINT('',(0.000100000000000002,0.,-0.0520988256530165));
#5612=CARTESIAN_POINT('',(0.,0.,0.0016));
#5613=CARTESIAN_POINT('',(0.,0.,0.));
#5614=CARTESIAN_POINT('',(0.000911162129293528,0.,0.));
#5615=CARTESIAN_POINT('',(0.00135,0.,0.));
#5616=CARTESIAN_POINT('',(0.000911162129293528,0.,-0.0520988256530165));
#5617=CARTESIAN_POINT('',(0.00135,0.,-0.0520988256530165));
#5618=CARTESIAN_POINT('',(0.,0.,0.0016));
#5619=CARTESIAN_POINT('',(0.,0.,0.));
#5620=CARTESIAN_POINT('',(0.00216116212929353,0.,0.));
#5621=CARTESIAN_POINT('',(0.0026,0.,0.));
#5622=CARTESIAN_POINT('',(0.00216116212929353,0.,-0.0520988256530165));
#5623=CARTESIAN_POINT('',(0.0026,0.,-0.0520988256530165));
#5624=CARTESIAN_POINT('',(0.,0.,0.0016));
#5625=CARTESIAN_POINT('',(0.,0.,0.));
#5626=CARTESIAN_POINT('',(0.00341116212929353,0.,0.));
#5627=CARTESIAN_POINT('',(0.00385,0.,0.));
#5628=CARTESIAN_POINT('',(0.00341116212929353,0.,-0.0520988256530165));
#5629=CARTESIAN_POINT('',(0.00385,0.,-0.0520988256530165));
#5630=CARTESIAN_POINT('',(0.,0.,0.0016));
#5631=CARTESIAN_POINT('',(0.,0.,0.));
#5632=CARTESIAN_POINT('',(0.00466116212929353,0.,0.));
#5633=CARTESIAN_POINT('',(0.0051,0.,0.));
#5634=CARTESIAN_POINT('',(0.00466116212929353,0.,-0.0520988256530165));
#5635=CARTESIAN_POINT('',(0.0051,0.,-0.0520988256530165));
#5636=CARTESIAN_POINT('',(0.,0.,0.0016));
#5637=CARTESIAN_POINT('',(0.,0.,0.));
#5638=CARTESIAN_POINT('',(0.00591116212929353,0.,0.));
#5639=CARTESIAN_POINT('',(0.00635,0.,0.));
#5640=CARTESIAN_POINT('',(0.00591116212929353,0.,-0.0520988256530165));
#5641=CARTESIAN_POINT('',(0.00635,0.,-0.0520988256530165));
#5642=CARTESIAN_POINT('',(0.,0.,0.0016));
#5643=CARTESIAN_POINT('',(0.,0.,0.));
#5644=CARTESIAN_POINT('',(0.00716116212929353,0.,0.));
#5645=CARTESIAN_POINT('',(0.0076,0.,0.));
#5646=CARTESIAN_POINT('',(0.00716116212929353,0.,-0.0520988256530165));
#5647=CARTESIAN_POINT('',(0.0076,0.,-0.0520988256530165));
#5648=CARTESIAN_POINT('',(0.,0.,0.0016));
#5649=CARTESIAN_POINT('',(0.,0.,0.));
#5650=CARTESIAN_POINT('',(0.00841116212929353,0.,0.));
#5651=CARTESIAN_POINT('',(0.00885,0.,0.));
#5652=CARTESIAN_POINT('',(0.00841116212929353,0.,-0.0520988256530165));
#5653=CARTESIAN_POINT('',(0.00885,0.,-0.0520988256530165));
#5654=CARTESIAN_POINT('',(0.,0.,0.0016));
#5655=CARTESIAN_POINT('',(0.,0.,0.));
#5656=CARTESIAN_POINT('',(0.00966116212929353,0.,0.));
#5657=CARTESIAN_POINT('',(0.0101,0.,0.));
#5658=CARTESIAN_POINT('',(0.00966116212929353,0.,-0.0520988256530165));
#5659=CARTESIAN_POINT('',(0.0101,0.,-0.0520988256530165));
#5660=CARTESIAN_POINT('',(0.,0.,0.0016));
#5661=CARTESIAN_POINT('',(0.,0.,0.));
#5662=CARTESIAN_POINT('',(0.0109111621292935,0.,0.));
#5663=CARTESIAN_POINT('',(0.01135,0.,0.));
#5664=CARTESIAN_POINT('',(0.0109111621292935,0.,-0.0520988256530165));
#5665=CARTESIAN_POINT('',(0.01135,0.,-0.0520988256530165));
#5666=CARTESIAN_POINT('',(0.,0.,0.0016));
#5667=CARTESIAN_POINT('',(0.,0.,0.));
#5668=CARTESIAN_POINT('',(0.0121611621292935,0.,0.));
#5669=CARTESIAN_POINT('',(0.0126,0.,0.));
#5670=CARTESIAN_POINT('',(0.0121611621292935,0.,-0.0520988256530165));
#5671=CARTESIAN_POINT('',(0.0126,0.,-0.0520988256530165));
#5672=CARTESIAN_POINT('',(0.,0.,0.0016));
#5673=CARTESIAN_POINT('',(0.,0.,0.));
#5674=CARTESIAN_POINT('',(0.0134111621292935,0.,0.));
#5675=CARTESIAN_POINT('',(0.01385,0.,0.));
#5676=CARTESIAN_POINT('',(0.0134111621292935,0.,-0.0520988256530165));
#5677=CARTESIAN_POINT('',(0.01385,0.,-0.0520988256530165));
#5678=CARTESIAN_POINT('',(0.,0.,0.0016));
#5679=CARTESIAN_POINT('',(0.,0.,0.));
#5680=CARTESIAN_POINT('',(0.0146611621292935,0.,0.));
#5681=CARTESIAN_POINT('',(0.0151,0.,0.));
#5682=CARTESIAN_POINT('',(0.0146611621292935,0.,-0.0520988256530165));
#5683=CARTESIAN_POINT('',(0.0151,0.,-0.0520988256530165));
#5684=CARTESIAN_POINT('',(0.,0.,0.0016));
#5685=CARTESIAN_POINT('',(0.,0.,0.));
#5686=CARTESIAN_POINT('',(0.0159111621292935,0.,0.));
#5687=CARTESIAN_POINT('',(0.01635,0.,0.));
#5688=CARTESIAN_POINT('',(0.0159111621292935,0.,-0.0520988256530165));
#5689=CARTESIAN_POINT('',(0.01635,0.,-0.0520988256530165));
#5690=CARTESIAN_POINT('',(0.,0.,0.0016));
#5691=CARTESIAN_POINT('',(0.,0.,0.));
#5692=CARTESIAN_POINT('',(0.0171611621292935,0.,0.));
#5693=CARTESIAN_POINT('',(0.0176,0.,0.));
#5694=CARTESIAN_POINT('',(0.0171611621292935,0.,-0.0520988256530165));
#5695=CARTESIAN_POINT('',(0.0176,0.,-0.0520988256530165));
#5696=CARTESIAN_POINT('',(0.,0.,0.0016));
#5697=CARTESIAN_POINT('',(0.,0.,0.));
#5698=CARTESIAN_POINT('',(0.0184111621292935,0.,0.));
#5699=CARTESIAN_POINT('',(0.01885,0.,0.));
#5700=CARTESIAN_POINT('',(0.0184111621292935,0.,-0.0520988256530165));
#5701=CARTESIAN_POINT('',(0.01885,0.,-0.0520988256530165));
#5702=CARTESIAN_POINT('',(0.,0.,0.0016));
#5703=CARTESIAN_POINT('',(0.,0.,0.));
#5704=CARTESIAN_POINT('',(0.0196611621292935,0.,0.));
#5705=CARTESIAN_POINT('',(0.0201,0.,0.));
#5706=CARTESIAN_POINT('',(0.0196611621292935,0.,-0.0520988256530165));
#5707=CARTESIAN_POINT('',(0.0201,0.,-0.0520988256530165));
#5708=CARTESIAN_POINT('',(0.,0.,0.0016));
#5709=CARTESIAN_POINT('',(0.,0.,0.));
#5710=CARTESIAN_POINT('',(0.0209111621292935,0.,0.));
#5711=CARTESIAN_POINT('',(0.02135,0.,0.));
#5712=CARTESIAN_POINT('',(0.0209111621292935,0.,-0.0520988256530165));
#5713=CARTESIAN_POINT('',(0.02135,0.,-0.0520988256530165));
#5714=CARTESIAN_POINT('',(0.,0.,0.0016));
#5715=CARTESIAN_POINT('',(0.,0.,0.));
#5716=CARTESIAN_POINT('',(0.0221611621292935,0.,0.));
#5717=CARTESIAN_POINT('',(0.0226,0.,0.));
#5718=CARTESIAN_POINT('',(0.0221611621292935,0.,-0.0520988256530165));
#5719=CARTESIAN_POINT('',(0.0226,0.,-0.0520988256530165));
#5720=CARTESIAN_POINT('',(0.,0.,0.0016));
#5721=CARTESIAN_POINT('',(0.,0.,0.));
#5722=CARTESIAN_POINT('',(0.0234111621292936,0.,0.));
#5723=CARTESIAN_POINT('',(0.02465,-8.67361737988404E-18,0.));
#5724=CARTESIAN_POINT('',(0.0234111621292936,0.,-0.0520988256530165));
#5725=CARTESIAN_POINT('',(0.02465,-8.67361737988404E-18,0.0016));
#5726=CARTESIAN_POINT('',(0.,0.,0.0016));
#5727=CARTESIAN_POINT('',(-0.02365,0.,-0.0520988256530165));
#5728=CARTESIAN_POINT('',(-0.02365,0.,0.));
#5729=CARTESIAN_POINT('',(0.,0.,0.));
#5730=CARTESIAN_POINT('',(-0.02465,-0.004875,0.0016));
#5731=CARTESIAN_POINT('',(-0.02465,-0.00919558106464676,-0.0520988256530165));
#5732=CARTESIAN_POINT('',(-0.02465,-0.00919558106464676,0.));
#5733=CARTESIAN_POINT('',(-0.02465,-0.004875,0.));
#5734=CARTESIAN_POINT('',(-0.017275,-0.00975,0.0016));
#5735=CARTESIAN_POINT('',(-0.0112444189353532,-0.00975,-0.0520988256530165));
#5736=CARTESIAN_POINT('',(-0.0112444189353532,-0.00975,0.));
#5737=CARTESIAN_POINT('',(-0.017275,-0.00975,0.));
#5738=CARTESIAN_POINT('',(-0.0099,-0.00975,0.));
#5739=CARTESIAN_POINT('',(-0.0099,-0.00975,0.0016));
#5740=CARTESIAN_POINT('',(-0.0099,-0.015475,0.0016));
#5741=CARTESIAN_POINT('',(-0.0099,-0.015475,0.));
#5742=CARTESIAN_POINT('',(0.002325,-0.0212,0.0016));
#5743=CARTESIAN_POINT('',(0.0133805810646468,-0.0212,-0.0520988256530165));
#5744=CARTESIAN_POINT('',(0.0133805810646468,-0.0212,0.));
#5745=CARTESIAN_POINT('',(0.002325,-0.0212,0.));
#5746=CARTESIAN_POINT('',(0.01455,-0.0191,0.0016));
#5747=CARTESIAN_POINT('',(0.01455,-0.0172444189353533,-0.0520988256530165));
#5748=CARTESIAN_POINT('',(0.01455,-0.0172444189353533,0.));
#5749=CARTESIAN_POINT('',(0.01455,-0.0191,0.));
#5750=CARTESIAN_POINT('',(0.01455,-0.017,0.));
#5751=CARTESIAN_POINT('',(0.01455,-0.017,0.0016));
#5752=CARTESIAN_POINT('',(0.0196,-0.01535,0.0016));
#5753=CARTESIAN_POINT('',(0.0196,-0.01535,0.));
#5754=CARTESIAN_POINT('',(0.02465,-0.00685,0.0016));
#5755=CARTESIAN_POINT('',(0.02465,-0.00229441893535324,-0.0520988256530165));
#5756=CARTESIAN_POINT('',(0.02465,-0.00229441893535324,0.));
#5757=CARTESIAN_POINT('',(0.02465,-0.00685,0.));
#5758=CARTESIAN_POINT('',(6.93889390390723E-18,-0.0106,0.));
#5759=CARTESIAN_POINT('',(-0.00365,-0.0052,0.));
#5760=CARTESIAN_POINT('',(-0.00295,-0.0052,0.));
#5761=CARTESIAN_POINT('',(0.024777,-0.0027,0.));
#5762=CARTESIAN_POINT('',(0.024777,-0.00395,0.));
#5763=CARTESIAN_POINT('',(0.024777,-0.0052,0.));
#5764=CARTESIAN_POINT('',(0.024777,-0.00645,0.));
#5765=CARTESIAN_POINT('',(0.024777,-0.0077,0.));
#5766=CARTESIAN_POINT('',(0.024777,-0.00895,0.));
#5767=CARTESIAN_POINT('',(0.024777,-0.0102,0.));
#5768=CARTESIAN_POINT('',(0.024777,-0.01145,0.));
#5769=CARTESIAN_POINT('',(0.024777,-0.0127,0.));
#5770=CARTESIAN_POINT('',(0.014677,-0.01765,0.));
#5771=CARTESIAN_POINT('',(0.014677,-0.0189,0.));
#5772=CARTESIAN_POINT('',(0.012975,-0.021327,0.));
#5773=CARTESIAN_POINT('',(0.011725,-0.021327,0.));
#5774=CARTESIAN_POINT('',(0.010475,-0.021327,0.));
#5775=CARTESIAN_POINT('',(0.009225,-0.021327,0.));
#5776=CARTESIAN_POINT('',(0.007975,-0.021327,0.));
#5777=CARTESIAN_POINT('',(0.006725,-0.021327,0.));
#5778=CARTESIAN_POINT('',(0.005475,-0.021327,0.));
#5779=CARTESIAN_POINT('',(0.004225,-0.021327,0.));
#5780=CARTESIAN_POINT('',(5.00000000000084E-5,-0.021327,0.));
#5781=CARTESIAN_POINT('',(-0.0012,-0.021327,0.));
#5782=CARTESIAN_POINT('',(-0.00245,-0.021327,0.));
#5783=CARTESIAN_POINT('',(-0.0037,-0.021327,0.));
#5784=CARTESIAN_POINT('',(-0.00495,-0.021327,0.));
#5785=CARTESIAN_POINT('',(-0.0062,-0.021327,0.));
#5786=CARTESIAN_POINT('',(-0.00745,-0.021327,0.));
#5787=CARTESIAN_POINT('',(-0.0087,-0.021327,0.));
#5788=CARTESIAN_POINT('',(-0.01165,-0.009877,0.));
#5789=CARTESIAN_POINT('',(-0.0129,-0.009877,0.));
#5790=CARTESIAN_POINT('',(-0.01415,-0.009877,0.));
#5791=CARTESIAN_POINT('',(-0.0154,-0.009877,0.));
#5792=CARTESIAN_POINT('',(-0.01665,-0.009877,0.));
#5793=CARTESIAN_POINT('',(-0.0179,-0.009877,0.));
#5794=CARTESIAN_POINT('',(-0.01915,-0.009877,0.));
#5795=CARTESIAN_POINT('',(-0.0204,-0.009877,0.));
#5796=CARTESIAN_POINT('',(-0.02165,-0.009877,0.));
#5797=CARTESIAN_POINT('',(-0.024777,-0.00879,0.));
#5798=CARTESIAN_POINT('',(-0.024777,-0.00754,0.));
#5799=CARTESIAN_POINT('',(-0.024777,-0.00629,0.));
#5800=CARTESIAN_POINT('',(-0.024777,-0.00504,0.));
#5801=CARTESIAN_POINT('',(-0.024777,-0.00379,0.));
#5802=CARTESIAN_POINT('',(-0.024777,-0.00254,0.));
#5803=CARTESIAN_POINT('',(-0.0232444189353533,0.000126999999999992,0.));
#5804=CARTESIAN_POINT('',(-0.0219944189353533,0.000126999999999993,0.));
#5805=CARTESIAN_POINT('',(-0.0207444189353533,0.000126999999999993,0.));
#5806=CARTESIAN_POINT('',(-0.0194944189353532,0.000126999999999993,0.));
#5807=CARTESIAN_POINT('',(-0.0182444189353532,0.000126999999999993,0.));
#5808=CARTESIAN_POINT('',(-0.0169944189353533,0.000126999999999993,0.));
#5809=CARTESIAN_POINT('',(-0.0157444189353532,0.000126999999999993,0.));
#5810=CARTESIAN_POINT('',(-0.0144944189353532,0.000126999999999993,0.));
#5811=CARTESIAN_POINT('',(-0.0132444189353532,0.000126999999999993,0.));
#5812=CARTESIAN_POINT('',(-0.0119944189353532,0.000126999999999993,0.));
#5813=CARTESIAN_POINT('',(-0.0107444189353532,0.000126999999999993,0.));
#5814=CARTESIAN_POINT('',(-0.00949441893535323,0.000126999999999993,0.));
#5815=CARTESIAN_POINT('',(-0.00824441893535323,0.000126999999999993,0.));
#5816=CARTESIAN_POINT('',(-0.00699441893535324,0.000126999999999993,0.));
#5817=CARTESIAN_POINT('',(-0.00574441893535323,0.000126999999999993,0.));
#5818=CARTESIAN_POINT('',(-0.00449441893535323,0.000126999999999993,0.));
#5819=CARTESIAN_POINT('',(-0.00324441893535324,0.000126999999999993,0.));
#5820=CARTESIAN_POINT('',(-0.00199441893535323,0.000126999999999993,0.));
#5821=CARTESIAN_POINT('',(-0.000744418935353233,0.000126999999999993,0.));
#5822=CARTESIAN_POINT('',(0.000505581064646765,0.000126999999999993,0.));
#5823=CARTESIAN_POINT('',(0.00175558106464676,0.000126999999999993,0.));
#5824=CARTESIAN_POINT('',(0.00300558106464677,0.000126999999999993,0.));
#5825=CARTESIAN_POINT('',(0.00425558106464676,0.000126999999999993,0.));
#5826=CARTESIAN_POINT('',(0.00550558106464677,0.000126999999999993,0.));
#5827=CARTESIAN_POINT('',(0.00675558106464677,0.000126999999999993,0.));
#5828=CARTESIAN_POINT('',(0.00800558106464677,0.000126999999999993,0.));
#5829=CARTESIAN_POINT('',(0.00925558106464677,0.000126999999999993,0.));
#5830=CARTESIAN_POINT('',(0.0105055810646468,0.000126999999999993,0.));
#5831=CARTESIAN_POINT('',(0.0117555810646468,0.000126999999999993,0.));
#5832=CARTESIAN_POINT('',(0.0130055810646468,0.000126999999999993,0.));
#5833=CARTESIAN_POINT('',(0.0142555810646468,0.000126999999999993,0.));
#5834=CARTESIAN_POINT('',(0.0155055810646468,0.000126999999999993,0.));
#5835=CARTESIAN_POINT('',(0.0167555810646468,0.000126999999999993,0.));
#5836=CARTESIAN_POINT('',(0.0180055810646468,0.000126999999999993,0.));
#5837=CARTESIAN_POINT('',(0.0192555810646468,0.000126999999999993,0.));
#5838=CARTESIAN_POINT('',(0.0205055810646468,0.000126999999999993,0.));
#5839=CARTESIAN_POINT('',(0.0217555810646467,0.000126999999999993,0.));
#5840=CARTESIAN_POINT('',(0.0230055810646468,0.000126999999999993,0.));
#5841=CARTESIAN_POINT('',(0.0230055810646468,0.000126999999999993,-0.0520988256530165));
#5842=CARTESIAN_POINT('',(0.0217555810646467,0.000126999999999993,-0.0520988256530165));
#5843=CARTESIAN_POINT('',(0.0205055810646468,0.000126999999999993,-0.0520988256530165));
#5844=CARTESIAN_POINT('',(0.0192555810646468,0.000126999999999993,-0.0520988256530165));
#5845=CARTESIAN_POINT('',(0.0180055810646468,0.000126999999999993,-0.0520988256530165));
#5846=CARTESIAN_POINT('',(0.0167555810646468,0.000126999999999993,-0.0520988256530165));
#5847=CARTESIAN_POINT('',(0.0155055810646468,0.000126999999999993,-0.0520988256530165));
#5848=CARTESIAN_POINT('',(0.0142555810646468,0.000126999999999993,-0.0520988256530165));
#5849=CARTESIAN_POINT('',(0.0130055810646468,0.000126999999999993,-0.0520988256530165));
#5850=CARTESIAN_POINT('',(0.0117555810646468,0.000126999999999993,-0.0520988256530165));
#5851=CARTESIAN_POINT('',(0.0105055810646468,0.000126999999999993,-0.0520988256530165));
#5852=CARTESIAN_POINT('',(0.00925558106464677,0.000126999999999993,-0.0520988256530165));
#5853=CARTESIAN_POINT('',(0.00800558106464677,0.000126999999999993,-0.0520988256530165));
#5854=CARTESIAN_POINT('',(0.00675558106464677,0.000126999999999993,-0.0520988256530165));
#5855=CARTESIAN_POINT('',(0.00550558106464677,0.000126999999999993,-0.0520988256530165));
#5856=CARTESIAN_POINT('',(0.00425558106464676,0.000126999999999993,-0.0520988256530165));
#5857=CARTESIAN_POINT('',(0.00300558106464677,0.000126999999999993,-0.0520988256530165));
#5858=CARTESIAN_POINT('',(0.00175558106464676,0.000126999999999993,-0.0520988256530165));
#5859=CARTESIAN_POINT('',(0.000505581064646765,0.000126999999999993,-0.0520988256530165));
#5860=CARTESIAN_POINT('',(-0.000744418935353233,0.000126999999999993,-0.0520988256530165));
#5861=CARTESIAN_POINT('',(-0.00199441893535323,0.000126999999999993,-0.0520988256530165));
#5862=CARTESIAN_POINT('',(-0.00324441893535324,0.000126999999999993,-0.0520988256530165));
#5863=CARTESIAN_POINT('',(-0.00449441893535323,0.000126999999999993,-0.0520988256530165));
#5864=CARTESIAN_POINT('',(-0.00574441893535323,0.000126999999999993,-0.0520988256530165));
#5865=CARTESIAN_POINT('',(-0.00699441893535324,0.000126999999999993,-0.0520988256530165));
#5866=CARTESIAN_POINT('',(-0.00824441893535323,0.000126999999999993,-0.0520988256530165));
#5867=CARTESIAN_POINT('',(-0.00949441893535323,0.000126999999999993,-0.0520988256530165));
#5868=CARTESIAN_POINT('',(-0.0107444189353532,0.000126999999999993,-0.0520988256530165));
#5869=CARTESIAN_POINT('',(-0.0119944189353532,0.000126999999999993,-0.0520988256530165));
#5870=CARTESIAN_POINT('',(-0.0132444189353532,0.000126999999999993,-0.0520988256530165));
#5871=CARTESIAN_POINT('',(-0.0144944189353532,0.000126999999999993,-0.0520988256530165));
#5872=CARTESIAN_POINT('',(-0.0157444189353532,0.000126999999999993,-0.0520988256530165));
#5873=CARTESIAN_POINT('',(-0.0169944189353533,0.000126999999999993,-0.0520988256530165));
#5874=CARTESIAN_POINT('',(-0.0182444189353532,0.000126999999999993,-0.0520988256530165));
#5875=CARTESIAN_POINT('',(-0.0194944189353532,0.000126999999999993,-0.0520988256530165));
#5876=CARTESIAN_POINT('',(-0.0207444189353533,0.000126999999999993,-0.0520988256530165));
#5877=CARTESIAN_POINT('',(-0.0219944189353533,0.000126999999999993,-0.0520988256530165));
#5878=CARTESIAN_POINT('',(-0.0232444189353533,0.000126999999999992,-0.0520988256530165));
#5879=CARTESIAN_POINT('',(-0.024777,-0.00879,-0.0520988256530165));
#5880=CARTESIAN_POINT('',(-0.024777,-0.00754,-0.0520988256530165));
#5881=CARTESIAN_POINT('',(-0.024777,-0.00629,-0.0520988256530165));
#5882=CARTESIAN_POINT('',(-0.024777,-0.00504,-0.0520988256530165));
#5883=CARTESIAN_POINT('',(-0.024777,-0.00379,-0.0520988256530165));
#5884=CARTESIAN_POINT('',(-0.024777,-0.00254,-0.0520988256530165));
#5885=CARTESIAN_POINT('',(-0.01165,-0.009877,-0.0520988256530165));
#5886=CARTESIAN_POINT('',(-0.0129,-0.009877,-0.0520988256530165));
#5887=CARTESIAN_POINT('',(-0.01415,-0.009877,-0.0520988256530165));
#5888=CARTESIAN_POINT('',(-0.0154,-0.009877,-0.0520988256530165));
#5889=CARTESIAN_POINT('',(-0.01665,-0.009877,-0.0520988256530165));
#5890=CARTESIAN_POINT('',(-0.0179,-0.009877,-0.0520988256530165));
#5891=CARTESIAN_POINT('',(-0.01915,-0.009877,-0.0520988256530165));
#5892=CARTESIAN_POINT('',(-0.0204,-0.009877,-0.0520988256530165));
#5893=CARTESIAN_POINT('',(-0.02165,-0.009877,-0.0520988256530165));
#5894=CARTESIAN_POINT('',(0.012975,-0.021327,-0.0520988256530165));
#5895=CARTESIAN_POINT('',(0.011725,-0.021327,-0.0520988256530165));
#5896=CARTESIAN_POINT('',(0.010475,-0.021327,-0.0520988256530165));
#5897=CARTESIAN_POINT('',(0.009225,-0.021327,-0.0520988256530165));
#5898=CARTESIAN_POINT('',(0.007975,-0.021327,-0.0520988256530165));
#5899=CARTESIAN_POINT('',(0.006725,-0.021327,-0.0520988256530165));
#5900=CARTESIAN_POINT('',(0.005475,-0.021327,-0.0520988256530165));
#5901=CARTESIAN_POINT('',(0.004225,-0.021327,-0.0520988256530165));
#5902=CARTESIAN_POINT('',(5.00000000000084E-5,-0.021327,-0.0520988256530165));
#5903=CARTESIAN_POINT('',(-0.0012,-0.021327,-0.0520988256530165));
#5904=CARTESIAN_POINT('',(-0.00245,-0.021327,-0.0520988256530165));
#5905=CARTESIAN_POINT('',(-0.0037,-0.021327,-0.0520988256530165));
#5906=CARTESIAN_POINT('',(-0.00495,-0.021327,-0.0520988256530165));
#5907=CARTESIAN_POINT('',(-0.0062,-0.021327,-0.0520988256530165));
#5908=CARTESIAN_POINT('',(-0.00745,-0.021327,-0.0520988256530165));
#5909=CARTESIAN_POINT('',(-0.0087,-0.021327,-0.0520988256530165));
#5910=CARTESIAN_POINT('',(0.014677,-0.0189,-0.0520988256530165));
#5911=CARTESIAN_POINT('',(0.014677,-0.01765,-0.0520988256530165));
#5912=CARTESIAN_POINT('',(0.024777,-0.0127,-0.0520988256530165));
#5913=CARTESIAN_POINT('',(0.024777,-0.01145,-0.0520988256530165));
#5914=CARTESIAN_POINT('',(0.024777,-0.0102,-0.0520988256530165));
#5915=CARTESIAN_POINT('',(0.024777,-0.00895,-0.0520988256530165));
#5916=CARTESIAN_POINT('',(0.024777,-0.0077,-0.0520988256530165));
#5917=CARTESIAN_POINT('',(0.024777,-0.00645,-0.0520988256530165));
#5918=CARTESIAN_POINT('',(0.024777,-0.0052,-0.0520988256530165));
#5919=CARTESIAN_POINT('',(0.024777,-0.00395,-0.0520988256530165));
#5920=CARTESIAN_POINT('',(0.024777,-0.0027,-0.0520988256530165));
#5921=CARTESIAN_POINT('',(-0.00365,-0.0052,-0.0520988256530165));
#5922=CARTESIAN_POINT('',(-0.0237353333333334,-0.0023775,0.00161));
#5923=CARTESIAN_POINT('',(-0.023952,-0.002215,0.00161));
#5924=CARTESIAN_POINT('',(-0.023952,-0.002215,0.00161));
#5925=CARTESIAN_POINT('',(-0.0237353333333334,-0.0023775,0.00161));
#5926=CARTESIAN_POINT('',(-0.0235186666666667,-0.00254,0.00161));
#5927=CARTESIAN_POINT('',(-0.0235186666666667,-0.00254,0.00161));
#5928=CARTESIAN_POINT('',(-0.023952,-0.00254,0.00161));
#5929=CARTESIAN_POINT('',(-0.023952,-0.002865,0.00161));
#5930=CARTESIAN_POINT('',(-0.023952,-0.002865,0.00161));
#5931=CARTESIAN_POINT('',(-0.023952,-0.00254,0.00161));
#5932=CARTESIAN_POINT('',(-0.0237353333333334,-0.0027025,0.00161));
#5933=CARTESIAN_POINT('',(-0.0237353333333334,-0.0027025,0.00161));
#5934=CARTESIAN_POINT('',(6.93889390390723E-18,-0.0106,0.00161));
#5935=MECHANICAL_DESIGN_GEOMETRIC_PRESENTATION_REPRESENTATION('',(#3484,
#3302,#3303,#3304,#3305,#3306,#3307),#5936);
#5936=(
GEOMETRIC_REPRESENTATION_CONTEXT(3)
GLOBAL_UNCERTAINTY_ASSIGNED_CONTEXT((#5937))
GLOBAL_UNIT_ASSIGNED_CONTEXT((#5940,#5939,#5938))
REPRESENTATION_CONTEXT('XBOX-Ctrlr-MCU-1708','TOP_LEVEL_ASSEMBLY_PART')
);
#5937=UNCERTAINTY_MEASURE_WITH_UNIT(LENGTH_MEASURE(1.E-8),#5940,
'DISTANCE_ACCURACY_VALUE','Maximum Tolerance applied to model');
#5938=(
NAMED_UNIT(*)
SI_UNIT($,.STERADIAN.)
SOLID_ANGLE_UNIT()
);
#5939=(
NAMED_UNIT(*)
PLANE_ANGLE_UNIT()
SI_UNIT($,.RADIAN.)
);
#5940=(
LENGTH_UNIT()
NAMED_UNIT(*)
SI_UNIT($,.METRE.)
);
#5941=PRODUCT_DEFINITION_SHAPE('','',#5942);
#5942=PRODUCT_DEFINITION('','',#5944,#5943);
#5943=PRODUCT_DEFINITION_CONTEXT('',#5950,'design');
#5944=PRODUCT_DEFINITION_FORMATION_WITH_SPECIFIED_SOURCE('','',#5946,
 .NOT_KNOWN.);
#5945=PRODUCT_RELATED_PRODUCT_CATEGORY('','',(#5946));
#5946=PRODUCT('XBOX-Ctrlr-MCU-1708','XBOX-Ctrlr-MCU-1708',
'XBOX-Ctrlr-MCU-1708',(#5948));
#5947=PRODUCT_CATEGORY('','');
#5948=PRODUCT_CONTEXT('',#5950,'mechanical');
#5949=APPLICATION_PROTOCOL_DEFINITION('international standard',
'ap242_managed_model_based_3d_engineering',2011,#5950);
#5950=APPLICATION_CONTEXT('managed model based 3d engineering');
ENDSEC;
END-ISO-10303-21;
